PRAGMA foreign_key = ON;


-- Diseases
INSERT INTO Doenca (DoencaID, Nome, Descricao, Sintomas) VALUES (1, "Abscess", "description", "symptoms");
INSERT INTO Doenca (DoencaID, Nome, Descricao, Sintomas) VALUES (2, "Alzheimer's disease", "description", "symptoms");
INSERT INTO Doenca (DoencaID, Nome, Descricao, Sintomas) VALUES (3, "Anthrax", "description", "symptoms");
INSERT INTO Doenca (DoencaID, Nome, Descricao, Sintomas) VALUES (4, "Appendicitis", "description", "symptoms");
INSERT INTO Doenca (DoencaID, Nome, Descricao, Sintomas) VALUES (5, "Allergy", "description", "symptoms");
INSERT INTO Doenca (DoencaID, Nome, Descricao, Sintomas) VALUES (6, "Arthritis", "description", "symptoms");
INSERT INTO Doenca (DoencaID, Nome, Descricao, Sintomas) VALUES (7, "Aseptic meningitis", "description", "symptoms");
INSERT INTO Doenca (DoencaID, Nome, Descricao, Sintomas) VALUES (8, "Asthma", "description", "symptoms");
INSERT INTO Doenca (DoencaID, Nome, Descricao, Sintomas) VALUES (9, "Astigmatism", "description", "symptoms");
INSERT INTO Doenca (DoencaID, Nome, Descricao, Sintomas) VALUES (10, "Atherosclerosis", "description", "symptoms");
INSERT INTO Doenca (DoencaID, Nome, Descricao, Sintomas) VALUES (11, "Bacterial meningitis", "description", "symptoms");
INSERT INTO Doenca (DoencaID, Nome, Descricao, Sintomas) VALUES (12, "Beriberi", "description", "symptoms");
INSERT INTO Doenca (DoencaID, Nome, Descricao, Sintomas) VALUES (13, "Black Death", "description", "symptoms");
INSERT INTO Doenca (DoencaID, Nome, Descricao, Sintomas) VALUES (14, "Botulism", "description", "symptoms");
INSERT INTO Doenca (DoencaID, Nome, Descricao, Sintomas) VALUES (15, "Breast cancer", "description", "symptoms");
INSERT INTO Doenca (DoencaID, Nome, Descricao, Sintomas) VALUES (16, "Bronchitis", "description", "symptoms");
INSERT INTO Doenca (DoencaID, Nome, Descricao, Sintomas) VALUES (17, "Brucellosis", "description", "symptoms");
INSERT INTO Doenca (DoencaID, Nome, Descricao, Sintomas) VALUES (18, "Bubonic plague", "description", "symptoms");
INSERT INTO Doenca (DoencaID, Nome, Descricao, Sintomas) VALUES (19, "Bunion", "description", "symptoms");
INSERT INTO Doenca (DoencaID, Nome, Descricao, Sintomas) VALUES (20, "Campylobacter infection", "description", "symptoms");
INSERT INTO Doenca (DoencaID, Nome, Descricao, Sintomas) VALUES (21, "Cancer", "description", "symptoms");
INSERT INTO Doenca (DoencaID, Nome, Descricao, Sintomas) VALUES (22, "Candidiasis", "description", "symptoms");
INSERT INTO Doenca (DoencaID, Nome, Descricao, Sintomas) VALUES (23, "Carbon monoxide poisoning", "description", "symptoms");
INSERT INTO Doenca (DoencaID, Nome, Descricao, Sintomas) VALUES (24, "Coeliac disease", "description", "symptoms");
INSERT INTO Doenca (DoencaID, Nome, Descricao, Sintomas) VALUES (25, "Cerebral palsy", "description", "symptoms");
INSERT INTO Doenca (DoencaID, Nome, Descricao, Sintomas) VALUES (26, "Chagas disease", "description", "symptoms");
INSERT INTO Doenca (DoencaID, Nome, Descricao, Sintomas) VALUES (27, "Chickenpox", "description", "symptoms");
INSERT INTO Doenca (DoencaID, Nome, Descricao, Sintomas) VALUES (28, "Chlamydia", "description", "symptoms");
INSERT INTO Doenca (DoencaID, Nome, Descricao, Sintomas) VALUES (29, "Chlamydia trachomatis", "description", "symptoms");
INSERT INTO Doenca (DoencaID, Nome, Descricao, Sintomas) VALUES (30, "Cholera", "description", "symptoms");
INSERT INTO Doenca (DoencaID, Nome, Descricao, Sintomas) VALUES (31, "Chordoma", "description", "symptoms");
INSERT INTO Doenca (DoencaID, Nome, Descricao, Sintomas) VALUES (32, "Chorea", "description", "symptoms");
INSERT INTO Doenca (DoencaID, Nome, Descricao, Sintomas) VALUES (33, "Chronic fatigue syndrome", "description", "symptoms");
INSERT INTO Doenca (DoencaID, Nome, Descricao, Sintomas) VALUES (34, "Circadian rhythm sleep disorder", "description", "symptoms");
INSERT INTO Doenca (DoencaID, Nome, Descricao, Sintomas) VALUES (35, "Colitis", "description", "symptoms");
INSERT INTO Doenca (DoencaID, Nome, Descricao, Sintomas) VALUES (36, "Common cold", "description", "symptoms");
INSERT INTO Doenca (DoencaID, Nome, Descricao, Sintomas) VALUES (37, "Condyloma", "description", "symptoms");
INSERT INTO Doenca (DoencaID, Nome, Descricao, Sintomas) VALUES (38, "Congestive heart disease", "description", "symptoms");
INSERT INTO Doenca (DoencaID, Nome, Descricao, Sintomas) VALUES (39, "Coronary heart disease", "description", "symptoms");
INSERT INTO Doenca (DoencaID, Nome, Descricao, Sintomas) VALUES (40, "COVID-19", "end of humanity", "destroy health care systems");
INSERT INTO Doenca (DoencaID, Nome, Descricao, Sintomas) VALUES (41, "Cowpox", "description", "symptoms");
INSERT INTO Doenca (DoencaID, Nome, Descricao, Sintomas) VALUES (42, "Crohn's Disease", "description", "symptoms");
INSERT INTO Doenca (DoencaID, Nome, Descricao, Sintomas) VALUES (43, "Dengue Fever", "description", "symptoms");
INSERT INTO Doenca (DoencaID, Nome, Descricao, Sintomas) VALUES (44, "Diabetes mellitus", "description", "symptoms");
INSERT INTO Doenca (DoencaID, Nome, Descricao, Sintomas) VALUES (45, "Diphtheria", "description", "symptoms");
INSERT INTO Doenca (DoencaID, Nome, Descricao, Sintomas) VALUES (46, "Dehydration", "description", "symptoms");
INSERT INTO Doenca (DoencaID, Nome, Descricao, Sintomas) VALUES (47, "Dysentery", "description", "symptoms");
INSERT INTO Doenca (DoencaID, Nome, Descricao, Sintomas) VALUES (48, "Ear infection", "description", "symptoms");
INSERT INTO Doenca (DoencaID, Nome, Descricao, Sintomas) VALUES (49, "Ebola", "description", "symptoms");
INSERT INTO Doenca (DoencaID, Nome, Descricao, Sintomas) VALUES (50, "Encephalitis", "description", "symptoms");
INSERT INTO Doenca (DoencaID, Nome, Descricao, Sintomas) VALUES (51, "Emphysema", "description", "symptoms");
INSERT INTO Doenca (DoencaID, Nome, Descricao, Sintomas) VALUES (52, "Epilepsy", "description", "symptoms");
INSERT INTO Doenca (DoencaID, Nome, Descricao, Sintomas) VALUES (53, "Erectile dysfunction", "description", "symptoms");
INSERT INTO Doenca (DoencaID, Nome, Descricao, Sintomas) VALUES (54, "Fibromyalgia", "description", "symptoms");
INSERT INTO Doenca (DoencaID, Nome, Descricao, Sintomas) VALUES (55, "Foodborne illness", "description", "symptoms");
INSERT INTO Doenca (DoencaID, Nome, Descricao, Sintomas) VALUES (56, "Gangrene", "description", "symptoms");
INSERT INTO Doenca (DoencaID, Nome, Descricao, Sintomas) VALUES (57, "Gastroenteritis", "description", "symptoms");
INSERT INTO Doenca (DoencaID, Nome, Descricao, Sintomas) VALUES (58, "Genital herpes", "description", "symptoms");
INSERT INTO Doenca (DoencaID, Nome, Descricao, Sintomas) VALUES (59, "GERD", "description", "symptoms");
INSERT INTO Doenca (DoencaID, Nome, Descricao, Sintomas) VALUES (60, "Goitre", "description", "symptoms");
INSERT INTO Doenca (DoencaID, Nome, Descricao, Sintomas) VALUES (61, "Gonorrhea", "description", "symptoms");
INSERT INTO Doenca (DoencaID, Nome, Descricao, Sintomas) VALUES (62, "Heart disease", "description", "symptoms");
INSERT INTO Doenca (DoencaID, Nome, Descricao, Sintomas) VALUES (63, "Hepatitis A", "description", "symptoms");
INSERT INTO Doenca (DoencaID, Nome, Descricao, Sintomas) VALUES (64, "Hepatitis B", "description", "symptoms");
INSERT INTO Doenca (DoencaID, Nome, Descricao, Sintomas) VALUES (65, "Hepatitis C", "description", "symptoms");
INSERT INTO Doenca (DoencaID, Nome, Descricao, Sintomas) VALUES (66, "Hepatitis D", "description", "symptoms");
INSERT INTO Doenca (DoencaID, Nome, Descricao, Sintomas) VALUES (67, "Hepatitis E", "description", "symptoms");
INSERT INTO Doenca (DoencaID, Nome, Descricao, Sintomas) VALUES (68, "Histiocytosis (childhood cancer)", "description", "symptoms");
INSERT INTO Doenca (DoencaID, Nome, Descricao, Sintomas) VALUES (69, "HIV", "description", "symptoms");
INSERT INTO Doenca (DoencaID, Nome, Descricao, Sintomas) VALUES (70, "Human papillomavirus", "description", "symptoms");
INSERT INTO Doenca (DoencaID, Nome, Descricao, Sintomas) VALUES (71, "Huntington's disease", "description", "symptoms");
INSERT INTO Doenca (DoencaID, Nome, Descricao, Sintomas) VALUES (72, "Hypermetropia", "description", "symptoms");
INSERT INTO Doenca (DoencaID, Nome, Descricao, Sintomas) VALUES (73, "Hyperopia", "description", "symptoms");
INSERT INTO Doenca (DoencaID, Nome, Descricao, Sintomas) VALUES (74, "Hyperthyroidism", "description", "symptoms");
INSERT INTO Doenca (DoencaID, Nome, Descricao, Sintomas) VALUES (75, "Hypothyroid", "description", "symptoms");
INSERT INTO Doenca (DoencaID, Nome, Descricao, Sintomas) VALUES (76, "Hypotonia", "description", "symptoms");
INSERT INTO Doenca (DoencaID, Nome, Descricao, Sintomas) VALUES (77, "Impetigo", "description", "symptoms");
INSERT INTO Doenca (DoencaID, Nome, Descricao, Sintomas) VALUES (78, "Infertility", "description", "symptoms");
INSERT INTO Doenca (DoencaID, Nome, Descricao, Sintomas) VALUES (79, "Influenza", "description", "symptoms");
INSERT INTO Doenca (DoencaID, Nome, Descricao, Sintomas) VALUES (80, "Interstitial cystitis", "description", "symptoms");
INSERT INTO Doenca (DoencaID, Nome, Descricao, Sintomas) VALUES (81, "Iritis", "description", "symptoms");
INSERT INTO Doenca (DoencaID, Nome, Descricao, Sintomas) VALUES (82, "Iron-deficiency anemia", "description", "symptoms");
INSERT INTO Doenca (DoencaID, Nome, Descricao, Sintomas) VALUES (83, "Irritable bowel syndrome", "description", "symptoms");
INSERT INTO Doenca (DoencaID, Nome, Descricao, Sintomas) VALUES (84, "Ignious Syndrome", "description", "symptoms");
INSERT INTO Doenca (DoencaID, Nome, Descricao, Sintomas) VALUES (85, "Jaundice", "description", "symptoms");
INSERT INTO Doenca (DoencaID, Nome, Descricao, Sintomas) VALUES (86, "Keloids", "description", "symptoms");
INSERT INTO Doenca (DoencaID, Nome, Descricao, Sintomas) VALUES (87, "Kuru", "description", "symptoms");
INSERT INTO Doenca (DoencaID, Nome, Descricao, Sintomas) VALUES (88, "Kwashiorkor", "description", "symptoms");
INSERT INTO Doenca (DoencaID, Nome, Descricao, Sintomas) VALUES (89, "Kidney stone disease", "description", "symptoms");
INSERT INTO Doenca (DoencaID, Nome, Descricao, Sintomas) VALUES (90, "Laryngitis", "description", "symptoms");
INSERT INTO Doenca (DoencaID, Nome, Descricao, Sintomas) VALUES (91, "Lead poisoning", "description", "symptoms");
INSERT INTO Doenca (DoencaID, Nome, Descricao, Sintomas) VALUES (92, "Legionellosis", "description", "symptoms");
INSERT INTO Doenca (DoencaID, Nome, Descricao, Sintomas) VALUES (93, "Leishmaniasis", "description", "symptoms");
INSERT INTO Doenca (DoencaID, Nome, Descricao, Sintomas) VALUES (94, "Leprosy", "description", "symptoms");
INSERT INTO Doenca (DoencaID, Nome, Descricao, Sintomas) VALUES (95, "Leptospirosis", "description", "symptoms");
INSERT INTO Doenca (DoencaID, Nome, Descricao, Sintomas) VALUES (96, "Listeriosis", "description", "symptoms");
INSERT INTO Doenca (DoencaID, Nome, Descricao, Sintomas) VALUES (97, "Leukemia", "description", "symptoms");
INSERT INTO Doenca (DoencaID, Nome, Descricao, Sintomas) VALUES (98, "Lice", "description", "symptoms");
INSERT INTO Doenca (DoencaID, Nome, Descricao, Sintomas) VALUES (99, "Loiasis", "description", "symptoms");
INSERT INTO Doenca (DoencaID, Nome, Descricao, Sintomas) VALUES (100, "Lung cancer", "description", "symptoms");
INSERT INTO Doenca (DoencaID, Nome, Descricao, Sintomas) VALUES (101, "Lupus erythematosus", "description", "symptoms");
INSERT INTO Doenca (DoencaID, Nome, Descricao, Sintomas) VALUES (102, "Lyme disease", "description", "symptoms");
INSERT INTO Doenca (DoencaID, Nome, Descricao, Sintomas) VALUES (103, "Lymphogranuloma venereum", "description", "symptoms");
INSERT INTO Doenca (DoencaID, Nome, Descricao, Sintomas) VALUES (104, "Lymphoma", "description", "symptoms");
INSERT INTO Doenca (DoencaID, Nome, Descricao, Sintomas) VALUES (105, "Limbtoosa", "description", "symptoms");
INSERT INTO Doenca (DoencaID, Nome, Descricao, Sintomas) VALUES (106, "Mad cow disease", "description", "symptoms");
INSERT INTO Doenca (DoencaID, Nome, Descricao, Sintomas) VALUES (107, "Malaria", "description", "symptoms");
INSERT INTO Doenca (DoencaID, Nome, Descricao, Sintomas) VALUES (108, "Marburg fever", "description", "symptoms");
INSERT INTO Doenca (DoencaID, Nome, Descricao, Sintomas) VALUES (109, "Measles", "description", "symptoms");
INSERT INTO Doenca (DoencaID, Nome, Descricao, Sintomas) VALUES (110, "Melanoma", "description", "symptoms");
INSERT INTO Doenca (DoencaID, Nome, Descricao, Sintomas) VALUES (111, "Metastatic cancer", "description", "symptoms");
INSERT INTO Doenca (DoencaID, Nome, Descricao, Sintomas) VALUES (112, "Meniere's disease", "description", "symptoms");
INSERT INTO Doenca (DoencaID, Nome, Descricao, Sintomas) VALUES (113, "Meningitis", "description", "symptoms");
INSERT INTO Doenca (DoencaID, Nome, Descricao, Sintomas) VALUES (114, "Migraine", "description", "symptoms");
INSERT INTO Doenca (DoencaID, Nome, Descricao, Sintomas) VALUES (115, "Multiple myeloma", "description", "symptoms");
INSERT INTO Doenca (DoencaID, Nome, Descricao, Sintomas) VALUES (116, "Multiple sclerosis", "description", "symptoms");
INSERT INTO Doenca (DoencaID, Nome, Descricao, Sintomas) VALUES (117, "Mumps", "description", "symptoms");
INSERT INTO Doenca (DoencaID, Nome, Descricao, Sintomas) VALUES (118, "Muscular dystrophy", "description", "symptoms");
INSERT INTO Doenca (DoencaID, Nome, Descricao, Sintomas) VALUES (119, "Myasthenia gravis", "description", "symptoms");
INSERT INTO Doenca (DoencaID, Nome, Descricao, Sintomas) VALUES (120, "Myelitis", "description", "symptoms");
INSERT INTO Doenca (DoencaID, Nome, Descricao, Sintomas) VALUES (121, "Myoclonus", "description", "symptoms");
INSERT INTO Doenca (DoencaID, Nome, Descricao, Sintomas) VALUES (122, "Myopia", "description", "symptoms");
INSERT INTO Doenca (DoencaID, Nome, Descricao, Sintomas) VALUES (123, "Myxedema", "description", "symptoms");
INSERT INTO Doenca (DoencaID, Nome, Descricao, Sintomas) VALUES (124, "Morquio Syndrome", "description", "symptoms");
INSERT INTO Doenca (DoencaID, Nome, Descricao, Sintomas) VALUES (125, "Mattticular syndrome", "description", "symptoms");
INSERT INTO Doenca (DoencaID, Nome, Descricao, Sintomas) VALUES (126, "Mononucleosis", "description", "symptoms");
INSERT INTO Doenca (DoencaID, Nome, Descricao, Sintomas) VALUES (127, "Neoplasm", "description", "symptoms");
INSERT INTO Doenca (DoencaID, Nome, Descricao, Sintomas) VALUES (128, "Non-gonococcal urethritis", "description", "symptoms");
INSERT INTO Doenca (DoencaID, Nome, Descricao, Sintomas) VALUES (129, "Necrotizing Fasciitis", "description", "symptoms");
INSERT INTO Doenca (DoencaID, Nome, Descricao, Sintomas) VALUES (130, "Night blindness", "description", "symptoms");
INSERT INTO Doenca (DoencaID, Nome, Descricao, Sintomas) VALUES (131, "Obesity", "description", "symptoms");
INSERT INTO Doenca (DoencaID, Nome, Descricao, Sintomas) VALUES (132, "Osteoarthritis", "description", "symptoms");
INSERT INTO Doenca (DoencaID, Nome, Descricao, Sintomas) VALUES (133, "Osteoporosis", "description", "symptoms");
INSERT INTO Doenca (DoencaID, Nome, Descricao, Sintomas) VALUES (134, "Otitis", "description", "symptoms");
INSERT INTO Doenca (DoencaID, Nome, Descricao, Sintomas) VALUES (135, "Palindromic rheumatism", "description", "symptoms");
INSERT INTO Doenca (DoencaID, Nome, Descricao, Sintomas) VALUES (136, "Paratyphoid fever", "description", "symptoms");
INSERT INTO Doenca (DoencaID, Nome, Descricao, Sintomas) VALUES (137, "Parkinson's disease", "description", "symptoms");
INSERT INTO Doenca (DoencaID, Nome, Descricao, Sintomas) VALUES (138, "Pelvic inflammatory disease", "description", "symptoms");
INSERT INTO Doenca (DoencaID, Nome, Descricao, Sintomas) VALUES (139, "Peritonitis", "description", "symptoms");
INSERT INTO Doenca (DoencaID, Nome, Descricao, Sintomas) VALUES (140, "Periodontal disease", "description", "symptoms");
INSERT INTO Doenca (DoencaID, Nome, Descricao, Sintomas) VALUES (141, "Pertussis", "description", "symptoms");
INSERT INTO Doenca (DoencaID, Nome, Descricao, Sintomas) VALUES (142, "Phenylketonuria", "description", "symptoms");
INSERT INTO Doenca (DoencaID, Nome, Descricao, Sintomas) VALUES (143, "Plague", "description", "symptoms");
INSERT INTO Doenca (DoencaID, Nome, Descricao, Sintomas) VALUES (144, "Poliomyelitis", "description", "symptoms");
INSERT INTO Doenca (DoencaID, Nome, Descricao, Sintomas) VALUES (145, "Porphyria", "description", "symptoms");
INSERT INTO Doenca (DoencaID, Nome, Descricao, Sintomas) VALUES (146, "Progeria", "description", "symptoms");
INSERT INTO Doenca (DoencaID, Nome, Descricao, Sintomas) VALUES (147, "Prostatitis", "description", "symptoms");
INSERT INTO Doenca (DoencaID, Nome, Descricao, Sintomas) VALUES (148, "Psittacosis", "description", "symptoms");
INSERT INTO Doenca (DoencaID, Nome, Descricao, Sintomas) VALUES (149, "Psoriasis", "description", "symptoms");
INSERT INTO Doenca (DoencaID, Nome, Descricao, Sintomas) VALUES (150, "Pubic lice", "description", "symptoms");
INSERT INTO Doenca (DoencaID, Nome, Descricao, Sintomas) VALUES (151, "Pulmonary embolism", "description", "symptoms");
INSERT INTO Doenca (DoencaID, Nome, Descricao, Sintomas) VALUES (152, "Pilia", "description", "symptoms");
INSERT INTO Doenca (DoencaID, Nome, Descricao, Sintomas) VALUES (153, "pneumonia", "description", "symptoms");
INSERT INTO Doenca (DoencaID, Nome, Descricao, Sintomas) VALUES (154, "Q fever", "description", "symptoms");
INSERT INTO Doenca (DoencaID, Nome, Descricao, Sintomas) VALUES (155, "Ques fever", "description", "symptoms");
INSERT INTO Doenca (DoencaID, Nome, Descricao, Sintomas) VALUES (156, "Rabies", "description", "symptoms");
INSERT INTO Doenca (DoencaID, Nome, Descricao, Sintomas) VALUES (157, "Repetitive strain injury", "description", "symptoms");
INSERT INTO Doenca (DoencaID, Nome, Descricao, Sintomas) VALUES (158, "Rheumatic fever", "description", "symptoms");
INSERT INTO Doenca (DoencaID, Nome, Descricao, Sintomas) VALUES (159, "Rheumatic heart", "description", "symptoms");
INSERT INTO Doenca (DoencaID, Nome, Descricao, Sintomas) VALUES (160, "Rheumatism", "description", "symptoms");
INSERT INTO Doenca (DoencaID, Nome, Descricao, Sintomas) VALUES (161, "Rheumatoid arthritis", "description", "symptoms");
INSERT INTO Doenca (DoencaID, Nome, Descricao, Sintomas) VALUES (162, "Rickets", "description", "symptoms");
INSERT INTO Doenca (DoencaID, Nome, Descricao, Sintomas) VALUES (163, "Rift Valley fever", "description", "symptoms");
INSERT INTO Doenca (DoencaID, Nome, Descricao, Sintomas) VALUES (164, "Rocky Mountain spotted fever", "description", "symptoms");
INSERT INTO Doenca (DoencaID, Nome, Descricao, Sintomas) VALUES (165, "Rubella", "description", "symptoms");
INSERT INTO Doenca (DoencaID, Nome, Descricao, Sintomas) VALUES (166, "Salmonellosis", "description", "symptoms");
INSERT INTO Doenca (DoencaID, Nome, Descricao, Sintomas) VALUES (167, "Scabies", "description", "symptoms");
INSERT INTO Doenca (DoencaID, Nome, Descricao, Sintomas) VALUES (168, "Scarlet fever", "description", "symptoms");
INSERT INTO Doenca (DoencaID, Nome, Descricao, Sintomas) VALUES (169, "Sciatica", "description", "symptoms");
INSERT INTO Doenca (DoencaID, Nome, Descricao, Sintomas) VALUES (170, "Scleroderma", "description", "symptoms");
INSERT INTO Doenca (DoencaID, Nome, Descricao, Sintomas) VALUES (171, "Scrapie", "description", "symptoms");
INSERT INTO Doenca (DoencaID, Nome, Descricao, Sintomas) VALUES (172, "Scurvy", "description", "symptoms");
INSERT INTO Doenca (DoencaID, Nome, Descricao, Sintomas) VALUES (173, "Sepsis", "description", "symptoms");
INSERT INTO Doenca (DoencaID, Nome, Descricao, Sintomas) VALUES (174, "Septicemia", "description", "symptoms");
INSERT INTO Doenca (DoencaID, Nome, Descricao, Sintomas) VALUES (175, "SARS", "description", "symptoms");
INSERT INTO Doenca (DoencaID, Nome, Descricao, Sintomas) VALUES (176, "Shigellosis", "description", "symptoms");
INSERT INTO Doenca (DoencaID, Nome, Descricao, Sintomas) VALUES (177, "Shin splints", "description", "symptoms");
INSERT INTO Doenca (DoencaID, Nome, Descricao, Sintomas) VALUES (178, "Shingles", "description", "symptoms");
INSERT INTO Doenca (DoencaID, Nome, Descricao, Sintomas) VALUES (179, "Sickle-cell anemia", "description", "symptoms");
INSERT INTO Doenca (DoencaID, Nome, Descricao, Sintomas) VALUES (180, "Siderosis", "description", "symptoms");
INSERT INTO Doenca (DoencaID, Nome, Descricao, Sintomas) VALUES (181, "SIDS", "description", "symptoms");
INSERT INTO Doenca (DoencaID, Nome, Descricao, Sintomas) VALUES (182, "Silicosis", "description", "symptoms");
INSERT INTO Doenca (DoencaID, Nome, Descricao, Sintomas) VALUES (183, "Smallpox", "description", "symptoms");
INSERT INTO Doenca (DoencaID, Nome, Descricao, Sintomas) VALUES (184, "Stevens–Johnson syndrome", "description", "symptoms");
INSERT INTO Doenca (DoencaID, Nome, Descricao, Sintomas) VALUES (185, "Stomach flu", "description", "symptoms");
INSERT INTO Doenca (DoencaID, Nome, Descricao, Sintomas) VALUES (186, "Stomach ulcers", "description", "symptoms");
INSERT INTO Doenca (DoencaID, Nome, Descricao, Sintomas) VALUES (187, "Strabismus", "description", "symptoms");
INSERT INTO Doenca (DoencaID, Nome, Descricao, Sintomas) VALUES (188, "Strep throat", "description", "symptoms");
INSERT INTO Doenca (DoencaID, Nome, Descricao, Sintomas) VALUES (189, "Streptococcal infection", "description", "symptoms");
INSERT INTO Doenca (DoencaID, Nome, Descricao, Sintomas) VALUES (190, "Synovitis", "description", "symptoms");
INSERT INTO Doenca (DoencaID, Nome, Descricao, Sintomas) VALUES (191, "Syphilis", "description", "symptoms");
INSERT INTO Doenca (DoencaID, Nome, Descricao, Sintomas) VALUES (192, "Swine influenza", "description", "symptoms");
INSERT INTO Doenca (DoencaID, Nome, Descricao, Sintomas) VALUES (193, "Schizophrenia", "description", "symptoms");
INSERT INTO Doenca (DoencaID, Nome, Descricao, Sintomas) VALUES (194, "Taeniasis", "description", "symptoms");
INSERT INTO Doenca (DoencaID, Nome, Descricao, Sintomas) VALUES (195, "Tay-Sachs disease", "description", "symptoms");
INSERT INTO Doenca (DoencaID, Nome, Descricao, Sintomas) VALUES (196, "Tennis elbow", "description", "symptoms");
INSERT INTO Doenca (DoencaID, Nome, Descricao, Sintomas) VALUES (197, "Teratoma", "description", "symptoms");
INSERT INTO Doenca (DoencaID, Nome, Descricao, Sintomas) VALUES (198, "Tetanus", "description", "symptoms");
INSERT INTO Doenca (DoencaID, Nome, Descricao, Sintomas) VALUES (199, "Thalassaemia", "description", "symptoms");
INSERT INTO Doenca (DoencaID, Nome, Descricao, Sintomas) VALUES (200, "Thrush", "description", "symptoms");
INSERT INTO Doenca (DoencaID, Nome, Descricao, Sintomas) VALUES (201, "Thymoma", "description", "symptoms");
INSERT INTO Doenca (DoencaID, Nome, Descricao, Sintomas) VALUES (202, "Tinnitus", "description", "symptoms");
INSERT INTO Doenca (DoencaID, Nome, Descricao, Sintomas) VALUES (203, "Tonsillitis", "description", "symptoms");
INSERT INTO Doenca (DoencaID, Nome, Descricao, Sintomas) VALUES (204, "Tooth decay", "description", "symptoms");
INSERT INTO Doenca (DoencaID, Nome, Descricao, Sintomas) VALUES (205, "Toxic shock syndrome", "description", "symptoms");
INSERT INTO Doenca (DoencaID, Nome, Descricao, Sintomas) VALUES (206, "Trichinosis", "description", "symptoms");
INSERT INTO Doenca (DoencaID, Nome, Descricao, Sintomas) VALUES (207, "Trichomoniasis", "description", "symptoms");
INSERT INTO Doenca (DoencaID, Nome, Descricao, Sintomas) VALUES (208, "Trisomy", "description", "symptoms");
INSERT INTO Doenca (DoencaID, Nome, Descricao, Sintomas) VALUES (209, "Tuberculosis", "description", "symptoms");
INSERT INTO Doenca (DoencaID, Nome, Descricao, Sintomas) VALUES (210, "Tularemia", "description", "symptoms");
INSERT INTO Doenca (DoencaID, Nome, Descricao, Sintomas) VALUES (211, "Tungiasis", "description", "symptoms");
INSERT INTO Doenca (DoencaID, Nome, Descricao, Sintomas) VALUES (212, "Typhoid fever", "description", "symptoms");
INSERT INTO Doenca (DoencaID, Nome, Descricao, Sintomas) VALUES (213, "Typhus", "description", "symptoms");
INSERT INTO Doenca (DoencaID, Nome, Descricao, Sintomas) VALUES (214, "Tumor", "description", "symptoms");
INSERT INTO Doenca (DoencaID, Nome, Descricao, Sintomas) VALUES (215, "Ulcerative colitis", "description", "symptoms");
INSERT INTO Doenca (DoencaID, Nome, Descricao, Sintomas) VALUES (216, "Ulcers", "description", "symptoms");
INSERT INTO Doenca (DoencaID, Nome, Descricao, Sintomas) VALUES (217, "Uremia", "description", "symptoms");
INSERT INTO Doenca (DoencaID, Nome, Descricao, Sintomas) VALUES (218, "Urticaria", "description", "symptoms");
INSERT INTO Doenca (DoencaID, Nome, Descricao, Sintomas) VALUES (219, "Uveitis", "description", "symptoms");
INSERT INTO Doenca (DoencaID, Nome, Descricao, Sintomas) VALUES (220, "UTI'S", "description", "symptoms");
INSERT INTO Doenca (DoencaID, Nome, Descricao, Sintomas) VALUES (221, "Varicella", "description", "symptoms");
INSERT INTO Doenca (DoencaID, Nome, Descricao, Sintomas) VALUES (222, "Varicose veins", "description", "symptoms");
INSERT INTO Doenca (DoencaID, Nome, Descricao, Sintomas) VALUES (223, "Vasovagal syncope", "description", "symptoms");
INSERT INTO Doenca (DoencaID, Nome, Descricao, Sintomas) VALUES (224, "Vitiligo", "description", "symptoms");
INSERT INTO Doenca (DoencaID, Nome, Descricao, Sintomas) VALUES (225, "Von Hippel-Lindau disease", "description", "symptoms");
INSERT INTO Doenca (DoencaID, Nome, Descricao, Sintomas) VALUES (226, "Viral fever", "description", "symptoms");
INSERT INTO Doenca (DoencaID, Nome, Descricao, Sintomas) VALUES (227, "Viral meningitis", "description", "symptoms");
INSERT INTO Doenca (DoencaID, Nome, Descricao, Sintomas) VALUES (228, "Warkany syndrome", "description", "symptoms");
INSERT INTO Doenca (DoencaID, Nome, Descricao, Sintomas) VALUES (229, "Warts", "description", "symptoms");
INSERT INTO Doenca (DoencaID, Nome, Descricao, Sintomas) VALUES (230, "Watkins", "description", "symptoms");
INSERT INTO Doenca (DoencaID, Nome, Descricao, Sintomas) VALUES (231, "Yellow fever", "description", "symptoms");
INSERT INTO Doenca (DoencaID, Nome, Descricao, Sintomas) VALUES (232, "Yersiniosis", "description", "symptoms");


-- Specialities
INSERT INTO Especializacao (EspecializacaoID, Nome) VALUES (1, "Anatomia Patológica");
INSERT INTO Especializacao (EspecializacaoID, Nome) VALUES (2, "Anestesiologia");
INSERT INTO Especializacao (EspecializacaoID, Nome) VALUES (3, "Angiologia e Cirurgia Vascular");
INSERT INTO Especializacao (EspecializacaoID, Nome) VALUES (4, "Cardiologia");
INSERT INTO Especializacao (EspecializacaoID, Nome) VALUES (5, "Cardiologia Pediátrica");
INSERT INTO Especializacao (EspecializacaoID, Nome) VALUES (6, "Cirurgia Cardíaca");
INSERT INTO Especializacao (EspecializacaoID, Nome) VALUES (7, "Cirurgia Cardiotorácica");
INSERT INTO Especializacao (EspecializacaoID, Nome) VALUES (8, "Cirurgia Geral");
INSERT INTO Especializacao (EspecializacaoID, Nome) VALUES (9, "Cirurgia Maxilofacial");
INSERT INTO Especializacao (EspecializacaoID, Nome) VALUES (10, "Cirurgia Pediátrica");
INSERT INTO Especializacao (EspecializacaoID, Nome) VALUES (11, "Cirurgia Plástica Reconstrutiva e Estética");
INSERT INTO Especializacao (EspecializacaoID, Nome) VALUES (12, "Cirurgia Torácica");
INSERT INTO Especializacao (EspecializacaoID, Nome) VALUES (13, "Dermatovenereologia");
INSERT INTO Especializacao (EspecializacaoID, Nome) VALUES (14, "Doenças Infecciosas");
INSERT INTO Especializacao (EspecializacaoID, Nome) VALUES (15, "Endocrinologia e Nutrição");
INSERT INTO Especializacao (EspecializacaoID, Nome) VALUES (16, "Estomatologia");
INSERT INTO Especializacao (EspecializacaoID, Nome) VALUES (17, "Gastrenterologia");
INSERT INTO Especializacao (EspecializacaoID, Nome) VALUES (18, "Genética Médica");
INSERT INTO Especializacao (EspecializacaoID, Nome) VALUES (19, "Ginecologia/Obstetrícia");
INSERT INTO Especializacao (EspecializacaoID, Nome) VALUES (20, "Imunoalergologia");
INSERT INTO Especializacao (EspecializacaoID, Nome) VALUES (21, "Imuno-hemoterapia");
INSERT INTO Especializacao (EspecializacaoID, Nome) VALUES (22, "Farmacologia Clínica");
INSERT INTO Especializacao (EspecializacaoID, Nome) VALUES (23, "Hematologia Clínica");
INSERT INTO Especializacao (EspecializacaoID, Nome) VALUES (24, "Medicina Desportiva");
INSERT INTO Especializacao (EspecializacaoID, Nome) VALUES (25, "Medicina do Trabalho");
INSERT INTO Especializacao (EspecializacaoID, Nome) VALUES (26, "Medicina Física e Reabilitação");
INSERT INTO Especializacao (EspecializacaoID, Nome) VALUES (27, "Medicina Geral e Familiar");
INSERT INTO Especializacao (EspecializacaoID, Nome) VALUES (28, "Medicina Intensiva");
INSERT INTO Especializacao (EspecializacaoID, Nome) VALUES (29, "Medicina Interna");
INSERT INTO Especializacao (EspecializacaoID, Nome) VALUES (30, "Medicina Legal");
INSERT INTO Especializacao (EspecializacaoID, Nome) VALUES (31, "Medicina Nuclear");
INSERT INTO Especializacao (EspecializacaoID, Nome) VALUES (32, "Medicina Tropical");
INSERT INTO Especializacao (EspecializacaoID, Nome) VALUES (33, "Nefrologia");
INSERT INTO Especializacao (EspecializacaoID, Nome) VALUES (34, "Neurocirurgia");
INSERT INTO Especializacao (EspecializacaoID, Nome) VALUES (35, "Neurologia");
INSERT INTO Especializacao (EspecializacaoID, Nome) VALUES (36, "Neurorradiologia");
INSERT INTO Especializacao (EspecializacaoID, Nome) VALUES (37, "Oftalmologia");
INSERT INTO Especializacao (EspecializacaoID, Nome) VALUES (38, "Oncologia Médica");
INSERT INTO Especializacao (EspecializacaoID, Nome) VALUES (39, "Ortopedia");
INSERT INTO Especializacao (EspecializacaoID, Nome) VALUES (40, "Otorrinolaringologia");
INSERT INTO Especializacao (EspecializacaoID, Nome) VALUES (41, "Patologia Clínica");
INSERT INTO Especializacao (EspecializacaoID, Nome) VALUES (42, "Pediatria");
INSERT INTO Especializacao (EspecializacaoID, Nome) VALUES (43, "Pneumologia");
INSERT INTO Especializacao (EspecializacaoID, Nome) VALUES (44, "Psiquiatria");
INSERT INTO Especializacao (EspecializacaoID, Nome) VALUES (45, "Psiquiatria da Infância e da Adolescência");
INSERT INTO Especializacao (EspecializacaoID, Nome) VALUES (46, "Radiologia");
INSERT INTO Especializacao (EspecializacaoID, Nome) VALUES (47, "Radioncologia");
INSERT INTO Especializacao (EspecializacaoID, Nome) VALUES (48, "Reumatologia");
INSERT INTO Especializacao (EspecializacaoID, Nome) VALUES (49, "Saúde Pública");
INSERT INTO Especializacao (EspecializacaoID, Nome) VALUES (50, "Urologia");


-- Rooms
INSERT INTO Quarto (Numero) VALUES (100);
INSERT INTO Quarto (Numero) VALUES (101);
INSERT INTO Quarto (Numero) VALUES (102);
INSERT INTO Quarto (Numero) VALUES (103);
INSERT INTO Quarto (Numero) VALUES (104);
INSERT INTO Quarto (Numero) VALUES (105);
INSERT INTO Quarto (Numero) VALUES (106);
INSERT INTO Quarto (Numero) VALUES (107);
INSERT INTO Quarto (Numero) VALUES (108);
INSERT INTO Quarto (Numero) VALUES (109);
INSERT INTO Quarto (Numero) VALUES (110);
INSERT INTO Quarto (Numero) VALUES (111);
INSERT INTO Quarto (Numero) VALUES (112);
INSERT INTO Quarto (Numero) VALUES (113);
INSERT INTO Quarto (Numero) VALUES (114);
INSERT INTO Quarto (Numero) VALUES (115);
INSERT INTO Quarto (Numero) VALUES (116);
INSERT INTO Quarto (Numero) VALUES (117);
INSERT INTO Quarto (Numero) VALUES (118);
INSERT INTO Quarto (Numero) VALUES (119);
INSERT INTO Quarto (Numero) VALUES (120);
INSERT INTO Quarto (Numero) VALUES (121);
INSERT INTO Quarto (Numero) VALUES (122);
INSERT INTO Quarto (Numero) VALUES (123);
INSERT INTO Quarto (Numero) VALUES (124);
INSERT INTO Quarto (Numero) VALUES (125);
INSERT INTO Quarto (Numero) VALUES (126);
INSERT INTO Quarto (Numero) VALUES (127);
INSERT INTO Quarto (Numero) VALUES (128);
INSERT INTO Quarto (Numero) VALUES (129);
INSERT INTO Quarto (Numero) VALUES (130);
INSERT INTO Quarto (Numero) VALUES (131);
INSERT INTO Quarto (Numero) VALUES (132);
INSERT INTO Quarto (Numero) VALUES (133);
INSERT INTO Quarto (Numero) VALUES (134);
INSERT INTO Quarto (Numero) VALUES (135);
INSERT INTO Quarto (Numero) VALUES (136);
INSERT INTO Quarto (Numero) VALUES (137);
INSERT INTO Quarto (Numero) VALUES (138);
INSERT INTO Quarto (Numero) VALUES (139);
INSERT INTO Quarto (Numero) VALUES (140);
INSERT INTO Quarto (Numero) VALUES (141);
INSERT INTO Quarto (Numero) VALUES (142);
INSERT INTO Quarto (Numero) VALUES (143);
INSERT INTO Quarto (Numero) VALUES (144);
INSERT INTO Quarto (Numero) VALUES (145);
INSERT INTO Quarto (Numero) VALUES (146);
INSERT INTO Quarto (Numero) VALUES (147);
INSERT INTO Quarto (Numero) VALUES (148);
INSERT INTO Quarto (Numero) VALUES (149);
INSERT INTO Quarto (Numero) VALUES (150);
INSERT INTO Quarto (Numero) VALUES (151);
INSERT INTO Quarto (Numero) VALUES (152);
INSERT INTO Quarto (Numero) VALUES (153);
INSERT INTO Quarto (Numero) VALUES (154);
INSERT INTO Quarto (Numero) VALUES (155);
INSERT INTO Quarto (Numero) VALUES (156);
INSERT INTO Quarto (Numero) VALUES (157);
INSERT INTO Quarto (Numero) VALUES (158);
INSERT INTO Quarto (Numero) VALUES (159);
INSERT INTO Quarto (Numero) VALUES (160);
INSERT INTO Quarto (Numero) VALUES (161);
INSERT INTO Quarto (Numero) VALUES (162);
INSERT INTO Quarto (Numero) VALUES (163);
INSERT INTO Quarto (Numero) VALUES (164);
INSERT INTO Quarto (Numero) VALUES (165);
INSERT INTO Quarto (Numero) VALUES (166);
INSERT INTO Quarto (Numero) VALUES (167);
INSERT INTO Quarto (Numero) VALUES (168);
INSERT INTO Quarto (Numero) VALUES (169);
INSERT INTO Quarto (Numero) VALUES (170);
INSERT INTO Quarto (Numero) VALUES (171);
INSERT INTO Quarto (Numero) VALUES (172);
INSERT INTO Quarto (Numero) VALUES (173);
INSERT INTO Quarto (Numero) VALUES (174);
INSERT INTO Quarto (Numero) VALUES (175);
INSERT INTO Quarto (Numero) VALUES (176);
INSERT INTO Quarto (Numero) VALUES (177);
INSERT INTO Quarto (Numero) VALUES (178);
INSERT INTO Quarto (Numero) VALUES (179);
INSERT INTO Quarto (Numero) VALUES (180);
INSERT INTO Quarto (Numero) VALUES (181);
INSERT INTO Quarto (Numero) VALUES (182);
INSERT INTO Quarto (Numero) VALUES (183);
INSERT INTO Quarto (Numero) VALUES (184);
INSERT INTO Quarto (Numero) VALUES (185);
INSERT INTO Quarto (Numero) VALUES (186);
INSERT INTO Quarto (Numero) VALUES (187);
INSERT INTO Quarto (Numero) VALUES (188);
INSERT INTO Quarto (Numero) VALUES (189);
INSERT INTO Quarto (Numero) VALUES (190);
INSERT INTO Quarto (Numero) VALUES (191);
INSERT INTO Quarto (Numero) VALUES (192);
INSERT INTO Quarto (Numero) VALUES (193);
INSERT INTO Quarto (Numero) VALUES (194);
INSERT INTO Quarto (Numero) VALUES (195);
INSERT INTO Quarto (Numero) VALUES (196);
INSERT INTO Quarto (Numero) VALUES (197);
INSERT INTO Quarto (Numero) VALUES (198);
INSERT INTO Quarto (Numero) VALUES (199);
INSERT INTO Quarto (Numero) VALUES (200);
INSERT INTO Quarto (Numero) VALUES (201);
INSERT INTO Quarto (Numero) VALUES (202);
INSERT INTO Quarto (Numero) VALUES (203);
INSERT INTO Quarto (Numero) VALUES (204);
INSERT INTO Quarto (Numero) VALUES (205);
INSERT INTO Quarto (Numero) VALUES (206);
INSERT INTO Quarto (Numero) VALUES (207);
INSERT INTO Quarto (Numero) VALUES (208);
INSERT INTO Quarto (Numero) VALUES (209);
INSERT INTO Quarto (Numero) VALUES (210);
INSERT INTO Quarto (Numero) VALUES (211);
INSERT INTO Quarto (Numero) VALUES (212);
INSERT INTO Quarto (Numero) VALUES (213);
INSERT INTO Quarto (Numero) VALUES (214);
INSERT INTO Quarto (Numero) VALUES (215);
INSERT INTO Quarto (Numero) VALUES (216);
INSERT INTO Quarto (Numero) VALUES (217);
INSERT INTO Quarto (Numero) VALUES (218);
INSERT INTO Quarto (Numero) VALUES (219);
INSERT INTO Quarto (Numero) VALUES (220);
INSERT INTO Quarto (Numero) VALUES (221);
INSERT INTO Quarto (Numero) VALUES (222);
INSERT INTO Quarto (Numero) VALUES (223);
INSERT INTO Quarto (Numero) VALUES (224);
INSERT INTO Quarto (Numero) VALUES (225);
INSERT INTO Quarto (Numero) VALUES (226);
INSERT INTO Quarto (Numero) VALUES (227);
INSERT INTO Quarto (Numero) VALUES (228);
INSERT INTO Quarto (Numero) VALUES (229);
INSERT INTO Quarto (Numero) VALUES (230);
INSERT INTO Quarto (Numero) VALUES (231);
INSERT INTO Quarto (Numero) VALUES (232);
INSERT INTO Quarto (Numero) VALUES (233);
INSERT INTO Quarto (Numero) VALUES (234);
INSERT INTO Quarto (Numero) VALUES (235);
INSERT INTO Quarto (Numero) VALUES (236);
INSERT INTO Quarto (Numero) VALUES (237);
INSERT INTO Quarto (Numero) VALUES (238);
INSERT INTO Quarto (Numero) VALUES (239);
INSERT INTO Quarto (Numero) VALUES (240);
INSERT INTO Quarto (Numero) VALUES (241);
INSERT INTO Quarto (Numero) VALUES (242);
INSERT INTO Quarto (Numero) VALUES (243);
INSERT INTO Quarto (Numero) VALUES (244);
INSERT INTO Quarto (Numero) VALUES (245);
INSERT INTO Quarto (Numero) VALUES (246);
INSERT INTO Quarto (Numero) VALUES (247);
INSERT INTO Quarto (Numero) VALUES (248);
INSERT INTO Quarto (Numero) VALUES (249);


-- Health Subsystems
INSERT INTO SubsistemaSaude (SubsistemaSaudeID, Nome) VALUES (1, "ADSE");
INSERT INTO SubsistemaSaude (SubsistemaSaudeID, Nome) VALUES (2, "PSP");
INSERT INTO SubsistemaSaude (SubsistemaSaudeID, Nome) VALUES (3, "GNR");
INSERT INTO SubsistemaSaude (SubsistemaSaudeID, Nome) VALUES (4, "SSMJ");


-- Schedule
INSERT INTO Horario (HorarioID, DiaSemana, HoraInicio, HoraFim) VALUES (1, "Segunda", "00:00", "04:00");
INSERT INTO Horario (HorarioID, DiaSemana, HoraInicio, HoraFim) VALUES (2, "Segunda", "04:00", "10:15");
INSERT INTO Horario (HorarioID, DiaSemana, HoraInicio, HoraFim) VALUES (3, "Segunda", "10:15", "20:30");
INSERT INTO Horario (HorarioID, DiaSemana, HoraInicio, HoraFim) VALUES (4, "Segunda", "20:30", "23:59");
INSERT INTO Horario (HorarioID, DiaSemana, HoraInicio, HoraFim) VALUES (5, "Terca", "00:00", "04:15");
INSERT INTO Horario (HorarioID, DiaSemana, HoraInicio, HoraFim) VALUES (6, "Terca", "04:15", "10:30");
INSERT INTO Horario (HorarioID, DiaSemana, HoraInicio, HoraFim) VALUES (7, "Terca", "10:30", "14:15");
INSERT INTO Horario (HorarioID, DiaSemana, HoraInicio, HoraFim) VALUES (8, "Terca", "14:15", "20:45");
INSERT INTO Horario (HorarioID, DiaSemana, HoraInicio, HoraFim) VALUES (9, "Terca", "20:45", "23:59");
INSERT INTO Horario (HorarioID, DiaSemana, HoraInicio, HoraFim) VALUES (10, "Quarta", "00:00", "12:15");
INSERT INTO Horario (HorarioID, DiaSemana, HoraInicio, HoraFim) VALUES (11, "Quarta", "12:15", "16:00");
INSERT INTO Horario (HorarioID, DiaSemana, HoraInicio, HoraFim) VALUES (12, "Quarta", "16:00", "23:45");
INSERT INTO Horario (HorarioID, DiaSemana, HoraInicio, HoraFim) VALUES (13, "Quarta", "23:45", "23:59");
INSERT INTO Horario (HorarioID, DiaSemana, HoraInicio, HoraFim) VALUES (14, "Quinta", "00:00", "04:15");
INSERT INTO Horario (HorarioID, DiaSemana, HoraInicio, HoraFim) VALUES (15, "Quinta", "04:15", "12:15");
INSERT INTO Horario (HorarioID, DiaSemana, HoraInicio, HoraFim) VALUES (16, "Quinta", "12:15", "20:00");
INSERT INTO Horario (HorarioID, DiaSemana, HoraInicio, HoraFim) VALUES (17, "Quinta", "20:00", "23:59");
INSERT INTO Horario (HorarioID, DiaSemana, HoraInicio, HoraFim) VALUES (18, "Sexta", "00:00", "10:30");
INSERT INTO Horario (HorarioID, DiaSemana, HoraInicio, HoraFim) VALUES (19, "Sexta", "10:30", "14:45");
INSERT INTO Horario (HorarioID, DiaSemana, HoraInicio, HoraFim) VALUES (20, "Sexta", "14:45", "20:00");
INSERT INTO Horario (HorarioID, DiaSemana, HoraInicio, HoraFim) VALUES (21, "Sexta", "20:00", "23:59");
INSERT INTO Horario (HorarioID, DiaSemana, HoraInicio, HoraFim) VALUES (22, "Sabado", "00:00", "06:45");
INSERT INTO Horario (HorarioID, DiaSemana, HoraInicio, HoraFim) VALUES (23, "Sabado", "06:45", "16:30");
INSERT INTO Horario (HorarioID, DiaSemana, HoraInicio, HoraFim) VALUES (24, "Sabado", "16:30", "22:00");
INSERT INTO Horario (HorarioID, DiaSemana, HoraInicio, HoraFim) VALUES (25, "Sabado", "22:00", "23:59");
INSERT INTO Horario (HorarioID, DiaSemana, HoraInicio, HoraFim) VALUES (26, "Domingo", "00:00", "06:15");
INSERT INTO Horario (HorarioID, DiaSemana, HoraInicio, HoraFim) VALUES (27, "Domingo", "06:15", "10:30");
INSERT INTO Horario (HorarioID, DiaSemana, HoraInicio, HoraFim) VALUES (28, "Domingo", "10:30", "16:15");
INSERT INTO Horario (HorarioID, DiaSemana, HoraInicio, HoraFim) VALUES (29, "Domingo", "16:15", "23:15");
INSERT INTO Horario (HorarioID, DiaSemana, HoraInicio, HoraFim) VALUES (30, "Domingo", "23:15", "23:59");


-- Patients
INSERT INTO Pessoa (PessoaID, NumIdentificacao, Nome, Morada, Telefone, NumeroBeneficiario, Sexo, DataNascimento) VALUES (1, 52455593, "Clarence Bickerstaff", "morada", 962175813, 945101984, "M", "17/04/1997 18:20:27");
INSERT INTO Paciente (PessoaID, GrupoSanguineo, SubsistemaSaude) VALUES (1, "A-", 1);
INSERT INTO Pessoa (PessoaID, NumIdentificacao, Nome, Morada, Telefone, NumeroBeneficiario, Sexo, DataNascimento) VALUES (2, 14613077, "Peter Mitchell", "morada", 952605577, 600239534, "M", "22/06/2017 20:59:39");
INSERT INTO Paciente (PessoaID, GrupoSanguineo) VALUES (2, "O-");
INSERT INTO Pessoa (PessoaID, NumIdentificacao, Nome, Morada, Telefone, NumeroBeneficiario, Sexo, DataNascimento) VALUES (3, 84034409, "Bryan Hughes", "morada", 933289013, 610072908, "M", "10/06/1978 08:08:03");
INSERT INTO Paciente (PessoaID, GrupoSanguineo, SubsistemaSaude) VALUES (3, "B+", 1);
INSERT INTO Pessoa (PessoaID, NumIdentificacao, Nome, Morada, Telefone, NumeroBeneficiario, Sexo, DataNascimento) VALUES (4, 53643419, "Victor Tavolario", "morada", 957472813, 646736205, "M", "10/10/1996 12:53:56");
INSERT INTO Paciente (PessoaID, GrupoSanguineo) VALUES (4, "B+");
INSERT INTO Pessoa (PessoaID, NumIdentificacao, Nome, Morada, Telefone, NumeroBeneficiario, Sexo, DataNascimento) VALUES (5, 80833077, "Abel Tomlinson", "morada", 981669259, 130364792, "M", "04/07/1982 13:36:55");
INSERT INTO Paciente (PessoaID, GrupoSanguineo, SubsistemaSaude) VALUES (5, "A-", 2);
INSERT INTO Pessoa (PessoaID, NumIdentificacao, Nome, Morada, Telefone, NumeroBeneficiario, Sexo, DataNascimento) VALUES (6, 28487663, "Alice Bush", "morada", 965954898, 881381108, "F", "19/02/2012 12:28:12");
INSERT INTO Paciente (PessoaID, GrupoSanguineo, SubsistemaSaude) VALUES (6, "AB+", 1);
INSERT INTO Pessoa (PessoaID, NumIdentificacao, Nome, Morada, Telefone, NumeroBeneficiario, Sexo, DataNascimento) VALUES (7, 55183775, "Marc Hollomon", "morada", 976223203, 160940596, "M", "27/06/2013 00:32:00");
INSERT INTO Paciente (PessoaID, GrupoSanguineo, SubsistemaSaude) VALUES (7, "A+", 1);
INSERT INTO Pessoa (PessoaID, NumIdentificacao, Nome, Morada, Telefone, NumeroBeneficiario, Sexo, DataNascimento) VALUES (8, 53290255, "Susanne Gill", "morada", 982441541, 295352195, "F", "31/07/1977 04:47:51");
INSERT INTO Paciente (PessoaID, GrupoSanguineo) VALUES (8, "O-");
INSERT INTO Pessoa (PessoaID, NumIdentificacao, Nome, Morada, Telefone, NumeroBeneficiario, Sexo, DataNascimento) VALUES (9, 51044488, "Norman Gamez", "morada", 995468232, 470944276, "M", "18/09/1987 09:47:23");
INSERT INTO Paciente (PessoaID, GrupoSanguineo, SubsistemaSaude) VALUES (9, "O+", 2);
INSERT INTO Pessoa (PessoaID, NumIdentificacao, Nome, Morada, Telefone, NumeroBeneficiario, Sexo, DataNascimento) VALUES (10, 83472044, "William Jehlicka", "morada", 964976221, 310309089, "M", "23/06/2010 15:16:53");
INSERT INTO Paciente (PessoaID, GrupoSanguineo, SubsistemaSaude) VALUES (10, "A-", 1);
INSERT INTO Pessoa (PessoaID, NumIdentificacao, Nome, Morada, Telefone, NumeroBeneficiario, Sexo, DataNascimento) VALUES (11, 84703618, "Phillip Mcgrath", "morada", 969695422, 532055840, "M", "18/04/2016 17:31:40");
INSERT INTO Paciente (PessoaID, GrupoSanguineo) VALUES (11, "O-");
INSERT INTO Pessoa (PessoaID, NumIdentificacao, Nome, Morada, Telefone, NumeroBeneficiario, Sexo, DataNascimento) VALUES (12, 66357536, "Candice Guzman", "morada", 991983465, 708786831, "F", "11/05/2019 15:57:34");
INSERT INTO Paciente (PessoaID, GrupoSanguineo, SubsistemaSaude) VALUES (12, "O-", 3);
INSERT INTO Pessoa (PessoaID, NumIdentificacao, Nome, Morada, Telefone, NumeroBeneficiario, Sexo, DataNascimento) VALUES (13, 84313361, "Linda Monson", "morada", 937980387, 444465317, "F", "28/02/1999 13:04:31");
INSERT INTO Paciente (PessoaID, GrupoSanguineo, SubsistemaSaude) VALUES (13, "O-", 1);
INSERT INTO Pessoa (PessoaID, NumIdentificacao, Nome, Morada, Telefone, NumeroBeneficiario, Sexo, DataNascimento) VALUES (14, 62482891, "Miriam Harrington", "morada", 997789656, 295767035, "F", "26/08/1999 16:23:54");
INSERT INTO Paciente (PessoaID, GrupoSanguineo) VALUES (14, "A+");
INSERT INTO Pessoa (PessoaID, NumIdentificacao, Nome, Morada, Telefone, NumeroBeneficiario, Sexo, DataNascimento) VALUES (15, 17201009, "Linda Brantley", "morada", 956032388, 668594560, "F", "10/09/1983 05:22:34");
INSERT INTO Paciente (PessoaID, GrupoSanguineo) VALUES (15, "O+");
INSERT INTO Pessoa (PessoaID, NumIdentificacao, Nome, Morada, Telefone, NumeroBeneficiario, Sexo, DataNascimento) VALUES (16, 72770050, "Scott Newell", "morada", 984999637, 629174778, "M", "06/01/1989 04:07:24");
INSERT INTO Paciente (PessoaID, GrupoSanguineo) VALUES (16, "O+");
INSERT INTO Pessoa (PessoaID, NumIdentificacao, Nome, Morada, Telefone, NumeroBeneficiario, Sexo, DataNascimento) VALUES (17, 29721959, "Walter Drinkard", "morada", 940153260, 895126899, "M", "11/04/2013 16:20:48");
INSERT INTO Paciente (PessoaID, GrupoSanguineo) VALUES (17, "AB+");
INSERT INTO Pessoa (PessoaID, NumIdentificacao, Nome, Morada, Telefone, NumeroBeneficiario, Sexo, DataNascimento) VALUES (18, 73200433, "Angela Duncan", "morada", 980208356, 531877075, "F", "26/03/1983 02:06:24");
INSERT INTO Paciente (PessoaID, GrupoSanguineo, SubsistemaSaude) VALUES (18, "B+", 1);
INSERT INTO Pessoa (PessoaID, NumIdentificacao, Nome, Morada, Telefone, NumeroBeneficiario, Sexo, DataNascimento) VALUES (19, 48649364, "Eileen Wehn", "morada", 991239370, 342078352, "F", "28/11/1980 15:05:25");
INSERT INTO Paciente (PessoaID, GrupoSanguineo, SubsistemaSaude) VALUES (19, "A+", 1);
INSERT INTO Pessoa (PessoaID, NumIdentificacao, Nome, Morada, Telefone, NumeroBeneficiario, Sexo, DataNascimento) VALUES (20, 36963107, "Sharon Mitchell", "morada", 912157953, 316619380, "F", "14/03/2001 10:19:58");
INSERT INTO Paciente (PessoaID, GrupoSanguineo) VALUES (20, "B-");
INSERT INTO Pessoa (PessoaID, NumIdentificacao, Nome, Morada, Telefone, NumeroBeneficiario, Sexo, DataNascimento) VALUES (21, 39489480, "Gerardo Williams", "morada", 984673976, 235129382, "M", "26/12/1985 07:52:46");
INSERT INTO Paciente (PessoaID, GrupoSanguineo, SubsistemaSaude) VALUES (21, "AB-", 2);
INSERT INTO Pessoa (PessoaID, NumIdentificacao, Nome, Morada, Telefone, NumeroBeneficiario, Sexo, DataNascimento) VALUES (22, 45343808, "Annie Hoose", "morada", 945445218, 108303221, "F", "04/12/1972 07:14:28");
INSERT INTO Paciente (PessoaID, GrupoSanguineo) VALUES (22, "A+");
INSERT INTO Pessoa (PessoaID, NumIdentificacao, Nome, Morada, Telefone, NumeroBeneficiario, Sexo, DataNascimento) VALUES (23, 45845740, "Elaine Polin", "morada", 930196636, 724638566, "F", "01/11/2011 05:01:50");
INSERT INTO Paciente (PessoaID, GrupoSanguineo, SubsistemaSaude) VALUES (23, "A-", 1);
INSERT INTO Pessoa (PessoaID, NumIdentificacao, Nome, Morada, Telefone, NumeroBeneficiario, Sexo, DataNascimento) VALUES (24, 41751642, "Danny Shea", "morada", 996383122, 708505633, "M", "14/09/2019 17:52:01");
INSERT INTO Paciente (PessoaID, GrupoSanguineo) VALUES (24, "B-");
INSERT INTO Pessoa (PessoaID, NumIdentificacao, Nome, Morada, Telefone, NumeroBeneficiario, Sexo, DataNascimento) VALUES (25, 11319891, "Jaime Buckland", "morada", 941045886, 398936638, "F", "14/04/1991 09:56:14");
INSERT INTO Paciente (PessoaID, GrupoSanguineo) VALUES (25, "AB-");
INSERT INTO Pessoa (PessoaID, NumIdentificacao, Nome, Morada, Telefone, NumeroBeneficiario, Sexo, DataNascimento) VALUES (26, 56555563, "Francis Carter", "morada", 932356375, 533549765, "F", "14/12/2014 04:53:37");
INSERT INTO Paciente (PessoaID, GrupoSanguineo) VALUES (26, "O-");
INSERT INTO Pessoa (PessoaID, NumIdentificacao, Nome, Morada, Telefone, NumeroBeneficiario, Sexo, DataNascimento) VALUES (27, 21145705, "Katherine Burgess", "morada", 925432711, 344574464, "F", "15/09/1987 15:47:12");
INSERT INTO Paciente (PessoaID, GrupoSanguineo) VALUES (27, "A-");
INSERT INTO Pessoa (PessoaID, NumIdentificacao, Nome, Morada, Telefone, NumeroBeneficiario, Sexo, DataNascimento) VALUES (28, 56349049, "Evelyn Selover", "morada", 989879761, 448843521, "F", "25/01/1971 18:59:33");
INSERT INTO Paciente (PessoaID, GrupoSanguineo) VALUES (28, "O-");
INSERT INTO Pessoa (PessoaID, NumIdentificacao, Nome, Morada, Telefone, NumeroBeneficiario, Sexo, DataNascimento) VALUES (29, 53790136, "Ryan Feldkamp", "morada", 949195018, 622257835, "M", "10/10/1982 20:07:29");
INSERT INTO Paciente (PessoaID, GrupoSanguineo) VALUES (29, "AB-");
INSERT INTO Pessoa (PessoaID, NumIdentificacao, Nome, Morada, Telefone, NumeroBeneficiario, Sexo, DataNascimento) VALUES (30, 53620511, "Lori Baker", "morada", 920853549, 719763726, "F", "07/10/1981 19:23:37");
INSERT INTO Paciente (PessoaID, GrupoSanguineo, SubsistemaSaude) VALUES (30, "A+", 2);
INSERT INTO Pessoa (PessoaID, NumIdentificacao, Nome, Morada, Telefone, NumeroBeneficiario, Sexo, DataNascimento) VALUES (31, 78352994, "Tyler Alnutt", "morada", 926007975, 232544698, "M", "25/08/2005 19:34:34");
INSERT INTO Paciente (PessoaID, GrupoSanguineo) VALUES (31, "B-");
INSERT INTO Pessoa (PessoaID, NumIdentificacao, Nome, Morada, Telefone, NumeroBeneficiario, Sexo, DataNascimento) VALUES (32, 62971150, "Gloria Weyrick", "morada", 983372976, 246095034, "F", "11/03/1974 15:21:04");
INSERT INTO Paciente (PessoaID, GrupoSanguineo, SubsistemaSaude) VALUES (32, "A-", 2);
INSERT INTO Pessoa (PessoaID, NumIdentificacao, Nome, Morada, Telefone, NumeroBeneficiario, Sexo, DataNascimento) VALUES (33, 26887349, "Rosalyn Dubois", "morada", 912829451, 838183119, "F", "05/07/1996 06:53:29");
INSERT INTO Paciente (PessoaID, GrupoSanguineo) VALUES (33, "A-");
INSERT INTO Pessoa (PessoaID, NumIdentificacao, Nome, Morada, Telefone, NumeroBeneficiario, Sexo, DataNascimento) VALUES (34, 39366624, "Martha Handy", "morada", 932217745, 588963416, "F", "24/10/1975 17:40:37");
INSERT INTO Paciente (PessoaID, GrupoSanguineo) VALUES (34, "B+");
INSERT INTO Pessoa (PessoaID, NumIdentificacao, Nome, Morada, Telefone, NumeroBeneficiario, Sexo, DataNascimento) VALUES (35, 61361370, "Dorothy Simpson", "morada", 958038369, 662072261, "F", "05/12/2011 18:55:35");
INSERT INTO Paciente (PessoaID, GrupoSanguineo) VALUES (35, "B+");
INSERT INTO Pessoa (PessoaID, NumIdentificacao, Nome, Morada, Telefone, NumeroBeneficiario, Sexo, DataNascimento) VALUES (36, 59244206, "Alvin Young", "morada", 960086477, 313355023, "M", "13/03/2016 15:02:51");
INSERT INTO Paciente (PessoaID, GrupoSanguineo, SubsistemaSaude) VALUES (36, "O-", 1);
INSERT INTO Pessoa (PessoaID, NumIdentificacao, Nome, Morada, Telefone, NumeroBeneficiario, Sexo, DataNascimento) VALUES (37, 90179537, "Donald Ward", "morada", 955202554, 734190881, "M", "20/10/2011 09:48:27");
INSERT INTO Paciente (PessoaID, GrupoSanguineo, SubsistemaSaude) VALUES (37, "O+", 4);
INSERT INTO Pessoa (PessoaID, NumIdentificacao, Nome, Morada, Telefone, NumeroBeneficiario, Sexo, DataNascimento) VALUES (38, 50356414, "Patricia Taylor", "morada", 926860976, 606277998, "F", "02/08/1998 06:20:40");
INSERT INTO Paciente (PessoaID, GrupoSanguineo) VALUES (38, "B-");
INSERT INTO Pessoa (PessoaID, NumIdentificacao, Nome, Morada, Telefone, NumeroBeneficiario, Sexo, DataNascimento) VALUES (39, 17489501, "Agnes Conorich", "morada", 960681353, 368662882, "F", "31/12/1974 13:11:41");
INSERT INTO Paciente (PessoaID, GrupoSanguineo, SubsistemaSaude) VALUES (39, "AB+", 4);
INSERT INTO Pessoa (PessoaID, NumIdentificacao, Nome, Morada, Telefone, NumeroBeneficiario, Sexo, DataNascimento) VALUES (40, 12294408, "Rhonda Adams", "morada", 996506685, 834528585, "F", "20/12/1980 00:29:29");
INSERT INTO Paciente (PessoaID, GrupoSanguineo, SubsistemaSaude) VALUES (40, "AB-", 1);
INSERT INTO Pessoa (PessoaID, NumIdentificacao, Nome, Morada, Telefone, NumeroBeneficiario, Sexo, DataNascimento) VALUES (41, 93337264, "Tommie Desouza", "morada", 976737865, 368131967, "M", "24/11/1993 09:19:25");
INSERT INTO Paciente (PessoaID, GrupoSanguineo) VALUES (41, "B-");
INSERT INTO Pessoa (PessoaID, NumIdentificacao, Nome, Morada, Telefone, NumeroBeneficiario, Sexo, DataNascimento) VALUES (42, 40955317, "Clarice Cohen", "morada", 918766663, 657507145, "F", "20/04/1992 21:56:37");
INSERT INTO Paciente (PessoaID, GrupoSanguineo, SubsistemaSaude) VALUES (42, "AB-", 3);
INSERT INTO Pessoa (PessoaID, NumIdentificacao, Nome, Morada, Telefone, NumeroBeneficiario, Sexo, DataNascimento) VALUES (43, 52906873, "Sarah Southard", "morada", 947779874, 659619924, "F", "20/07/2018 23:01:07");
INSERT INTO Paciente (PessoaID, GrupoSanguineo) VALUES (43, "A+");
INSERT INTO Pessoa (PessoaID, NumIdentificacao, Nome, Morada, Telefone, NumeroBeneficiario, Sexo, DataNascimento) VALUES (44, 25786988, "Maria Babcock", "morada", 911694229, 708931592, "F", "27/08/2003 12:58:44");
INSERT INTO Paciente (PessoaID, GrupoSanguineo) VALUES (44, "A-");
INSERT INTO Pessoa (PessoaID, NumIdentificacao, Nome, Morada, Telefone, NumeroBeneficiario, Sexo, DataNascimento) VALUES (45, 40242475, "Ida Thomas", "morada", 993674027, 557662454, "F", "18/12/2005 13:19:35");
INSERT INTO Paciente (PessoaID, GrupoSanguineo, SubsistemaSaude) VALUES (45, "AB-", 2);
INSERT INTO Pessoa (PessoaID, NumIdentificacao, Nome, Morada, Telefone, NumeroBeneficiario, Sexo, DataNascimento) VALUES (46, 28018745, "Douglas Stewart", "morada", 977273130, 348300283, "M", "28/11/1992 18:03:12");
INSERT INTO Paciente (PessoaID, GrupoSanguineo) VALUES (46, "B+");
INSERT INTO Pessoa (PessoaID, NumIdentificacao, Nome, Morada, Telefone, NumeroBeneficiario, Sexo, DataNascimento) VALUES (47, 29063232, "Keith Bland", "morada", 963757326, 679669224, "M", "22/02/1977 20:40:31");
INSERT INTO Paciente (PessoaID, GrupoSanguineo) VALUES (47, "AB+");
INSERT INTO Pessoa (PessoaID, NumIdentificacao, Nome, Morada, Telefone, NumeroBeneficiario, Sexo, DataNascimento) VALUES (48, 45395104, "Linda Yuengling", "morada", 972094097, 150453358, "F", "12/02/2010 17:03:31");
INSERT INTO Paciente (PessoaID, GrupoSanguineo) VALUES (48, "O-");
INSERT INTO Pessoa (PessoaID, NumIdentificacao, Nome, Morada, Telefone, NumeroBeneficiario, Sexo, DataNascimento) VALUES (49, 34516413, "Kenneth Cobb", "morada", 930527327, 687541052, "M", "12/03/1997 06:02:17");
INSERT INTO Paciente (PessoaID, GrupoSanguineo) VALUES (49, "O-");
INSERT INTO Pessoa (PessoaID, NumIdentificacao, Nome, Morada, Telefone, NumeroBeneficiario, Sexo, DataNascimento) VALUES (50, 47681381, "Melissa Larsen", "morada", 973013574, 183359484, "F", "11/01/1986 16:36:48");
INSERT INTO Paciente (PessoaID, GrupoSanguineo) VALUES (50, "A+");
INSERT INTO Pessoa (PessoaID, NumIdentificacao, Nome, Morada, Telefone, NumeroBeneficiario, Sexo, DataNascimento) VALUES (51, 13031656, "Jeff Nighman", "morada", 917879770, 877706377, "M", "15/08/1986 06:59:44");
INSERT INTO Paciente (PessoaID, GrupoSanguineo) VALUES (51, "O+");
INSERT INTO Pessoa (PessoaID, NumIdentificacao, Nome, Morada, Telefone, NumeroBeneficiario, Sexo, DataNascimento) VALUES (52, 31717531, "Kevin Bruch", "morada", 963775770, 173843287, "M", "01/10/1987 14:00:36");
INSERT INTO Paciente (PessoaID, GrupoSanguineo) VALUES (52, "A-");
INSERT INTO Pessoa (PessoaID, NumIdentificacao, Nome, Morada, Telefone, NumeroBeneficiario, Sexo, DataNascimento) VALUES (53, 57558106, "Adam Anding", "morada", 954281654, 677832893, "M", "09/07/2000 06:58:31");
INSERT INTO Paciente (PessoaID, GrupoSanguineo) VALUES (53, "A-");
INSERT INTO Pessoa (PessoaID, NumIdentificacao, Nome, Morada, Telefone, NumeroBeneficiario, Sexo, DataNascimento) VALUES (54, 72698426, "Roselyn Hill", "morada", 987935992, 813627875, "F", "20/08/2016 05:56:16");
INSERT INTO Paciente (PessoaID, GrupoSanguineo) VALUES (54, "B+");
INSERT INTO Pessoa (PessoaID, NumIdentificacao, Nome, Morada, Telefone, NumeroBeneficiario, Sexo, DataNascimento) VALUES (55, 47828237, "Greg Lee", "morada", 924586852, 857272206, "M", "10/05/1998 01:46:16");
INSERT INTO Paciente (PessoaID, GrupoSanguineo) VALUES (55, "A-");
INSERT INTO Pessoa (PessoaID, NumIdentificacao, Nome, Morada, Telefone, NumeroBeneficiario, Sexo, DataNascimento) VALUES (56, 43793693, "Sheryl English", "morada", 945128255, 904696698, "F", "22/08/2013 23:37:28");
INSERT INTO Paciente (PessoaID, GrupoSanguineo) VALUES (56, "B+");
INSERT INTO Pessoa (PessoaID, NumIdentificacao, Nome, Morada, Telefone, NumeroBeneficiario, Sexo, DataNascimento) VALUES (57, 80139096, "Jeffrey Campbell", "morada", 980665448, 253572160, "M", "11/06/1998 00:23:54");
INSERT INTO Paciente (PessoaID, GrupoSanguineo) VALUES (57, "O-");
INSERT INTO Pessoa (PessoaID, NumIdentificacao, Nome, Morada, Telefone, NumeroBeneficiario, Sexo, DataNascimento) VALUES (58, 66226090, "Clarence Pimental", "morada", 976282971, 413271814, "M", "19/04/2004 16:42:55");
INSERT INTO Paciente (PessoaID, GrupoSanguineo, SubsistemaSaude) VALUES (58, "A-", 1);
INSERT INTO Pessoa (PessoaID, NumIdentificacao, Nome, Morada, Telefone, NumeroBeneficiario, Sexo, DataNascimento) VALUES (59, 33554450, "Billy Slaughter", "morada", 960179910, 796653503, "M", "28/02/1990 17:21:34");
INSERT INTO Paciente (PessoaID, GrupoSanguineo) VALUES (59, "AB+");
INSERT INTO Pessoa (PessoaID, NumIdentificacao, Nome, Morada, Telefone, NumeroBeneficiario, Sexo, DataNascimento) VALUES (60, 84055834, "Matthew Kerney", "morada", 924882607, 720722929, "M", "12/02/2006 13:07:26");
INSERT INTO Paciente (PessoaID, GrupoSanguineo) VALUES (60, "O-");
INSERT INTO Pessoa (PessoaID, NumIdentificacao, Nome, Morada, Telefone, NumeroBeneficiario, Sexo, DataNascimento) VALUES (61, 38473559, "Scott Gleason", "morada", 958888924, 407515802, "M", "08/06/1993 21:45:39");
INSERT INTO Paciente (PessoaID, GrupoSanguineo) VALUES (61, "A+");
INSERT INTO Pessoa (PessoaID, NumIdentificacao, Nome, Morada, Telefone, NumeroBeneficiario, Sexo, DataNascimento) VALUES (62, 19569119, "Ron Martin", "morada", 994297163, 911966605, "M", "03/03/1988 06:41:04");
INSERT INTO Paciente (PessoaID, GrupoSanguineo) VALUES (62, "A+");
INSERT INTO Pessoa (PessoaID, NumIdentificacao, Nome, Morada, Telefone, NumeroBeneficiario, Sexo, DataNascimento) VALUES (63, 55201823, "Anthony Nailer", "morada", 973864779, 738890547, "M", "06/02/2005 07:52:04");
INSERT INTO Paciente (PessoaID, GrupoSanguineo, SubsistemaSaude) VALUES (63, "O-", 3);
INSERT INTO Pessoa (PessoaID, NumIdentificacao, Nome, Morada, Telefone, NumeroBeneficiario, Sexo, DataNascimento) VALUES (64, 10072557, "Richard Dean", "morada", 962608064, 982051653, "M", "18/09/1999 02:54:34");
INSERT INTO Paciente (PessoaID, GrupoSanguineo, SubsistemaSaude) VALUES (64, "B+", 1);
INSERT INTO Pessoa (PessoaID, NumIdentificacao, Nome, Morada, Telefone, NumeroBeneficiario, Sexo, DataNascimento) VALUES (65, 57227578, "Anjanette Vance", "morada", 990548879, 295738647, "F", "13/05/2001 07:03:34");
INSERT INTO Paciente (PessoaID, GrupoSanguineo) VALUES (65, "AB+");
INSERT INTO Pessoa (PessoaID, NumIdentificacao, Nome, Morada, Telefone, NumeroBeneficiario, Sexo, DataNascimento) VALUES (66, 59603234, "Stephanie Beach", "morada", 981394910, 296731236, "F", "17/10/2005 07:34:47");
INSERT INTO Paciente (PessoaID, GrupoSanguineo, SubsistemaSaude) VALUES (66, "O+", 1);
INSERT INTO Pessoa (PessoaID, NumIdentificacao, Nome, Morada, Telefone, NumeroBeneficiario, Sexo, DataNascimento) VALUES (67, 36256390, "Kathleen Smith", "morada", 920708817, 660536064, "F", "20/04/1992 17:37:24");
INSERT INTO Paciente (PessoaID, GrupoSanguineo, SubsistemaSaude) VALUES (67, "AB+", 3);
INSERT INTO Pessoa (PessoaID, NumIdentificacao, Nome, Morada, Telefone, NumeroBeneficiario, Sexo, DataNascimento) VALUES (68, 66959142, "Pedro Bayles", "morada", 996183403, 104898854, "M", "12/03/1990 06:03:41");
INSERT INTO Paciente (PessoaID, GrupoSanguineo, SubsistemaSaude) VALUES (68, "O+", 1);
INSERT INTO Pessoa (PessoaID, NumIdentificacao, Nome, Morada, Telefone, NumeroBeneficiario, Sexo, DataNascimento) VALUES (69, 21612845, "Patrick Ryan", "morada", 959842080, 677499280, "M", "18/04/2008 04:25:22");
INSERT INTO Paciente (PessoaID, GrupoSanguineo) VALUES (69, "B-");
INSERT INTO Pessoa (PessoaID, NumIdentificacao, Nome, Morada, Telefone, NumeroBeneficiario, Sexo, DataNascimento) VALUES (70, 77252983, "Trevor Sitzes", "morada", 933860442, 303874718, "M", "12/09/2017 12:42:28");
INSERT INTO Paciente (PessoaID, GrupoSanguineo, SubsistemaSaude) VALUES (70, "A-", 1);
INSERT INTO Pessoa (PessoaID, NumIdentificacao, Nome, Morada, Telefone, NumeroBeneficiario, Sexo, DataNascimento) VALUES (71, 80519241, "Timothy Gates", "morada", 913541259, 601564944, "M", "12/11/1980 03:25:34");
INSERT INTO Paciente (PessoaID, GrupoSanguineo) VALUES (71, "AB+");
INSERT INTO Pessoa (PessoaID, NumIdentificacao, Nome, Morada, Telefone, NumeroBeneficiario, Sexo, DataNascimento) VALUES (72, 33655592, "Joe Villegas", "morada", 958035080, 819824894, "M", "06/04/1971 22:30:02");
INSERT INTO Paciente (PessoaID, GrupoSanguineo, SubsistemaSaude) VALUES (72, "O+", 1);
INSERT INTO Pessoa (PessoaID, NumIdentificacao, Nome, Morada, Telefone, NumeroBeneficiario, Sexo, DataNascimento) VALUES (73, 26087706, "Antionette Wiggins", "morada", 949034648, 934685674, "F", "12/04/1999 18:05:17");
INSERT INTO Paciente (PessoaID, GrupoSanguineo) VALUES (73, "O-");
INSERT INTO Pessoa (PessoaID, NumIdentificacao, Nome, Morada, Telefone, NumeroBeneficiario, Sexo, DataNascimento) VALUES (74, 49673217, "Mark Bland", "morada", 926099820, 339861058, "M", "01/11/1975 12:23:51");
INSERT INTO Paciente (PessoaID, GrupoSanguineo, SubsistemaSaude) VALUES (74, "B-", 1);
INSERT INTO Pessoa (PessoaID, NumIdentificacao, Nome, Morada, Telefone, NumeroBeneficiario, Sexo, DataNascimento) VALUES (75, 89085651, "Leigha Stover", "morada", 933348022, 677766089, "F", "06/01/2018 17:56:46");
INSERT INTO Paciente (PessoaID, GrupoSanguineo, SubsistemaSaude) VALUES (75, "A+", 1);
INSERT INTO Pessoa (PessoaID, NumIdentificacao, Nome, Morada, Telefone, NumeroBeneficiario, Sexo, DataNascimento) VALUES (76, 10362739, "Philip Clark", "morada", 962365312, 625791823, "M", "21/09/2004 07:22:00");
INSERT INTO Paciente (PessoaID, GrupoSanguineo, SubsistemaSaude) VALUES (76, "O+", 1);
INSERT INTO Pessoa (PessoaID, NumIdentificacao, Nome, Morada, Telefone, NumeroBeneficiario, Sexo, DataNascimento) VALUES (77, 57259888, "Andrew Martinez", "morada", 954412447, 895508542, "M", "24/09/2016 08:12:24");
INSERT INTO Paciente (PessoaID, GrupoSanguineo) VALUES (77, "O+");
INSERT INTO Pessoa (PessoaID, NumIdentificacao, Nome, Morada, Telefone, NumeroBeneficiario, Sexo, DataNascimento) VALUES (78, 92409362, "Raymond White", "morada", 990757671, 210336879, "M", "14/01/1977 16:54:48");
INSERT INTO Paciente (PessoaID, GrupoSanguineo, SubsistemaSaude) VALUES (78, "B+", 1);
INSERT INTO Pessoa (PessoaID, NumIdentificacao, Nome, Morada, Telefone, NumeroBeneficiario, Sexo, DataNascimento) VALUES (79, 16642487, "Maria Henry", "morada", 995593879, 507896874, "F", "09/02/1972 01:33:55");
INSERT INTO Paciente (PessoaID, GrupoSanguineo, SubsistemaSaude) VALUES (79, "B+", 1);
INSERT INTO Pessoa (PessoaID, NumIdentificacao, Nome, Morada, Telefone, NumeroBeneficiario, Sexo, DataNascimento) VALUES (80, 38807294, "John Lumpkin", "morada", 942978050, 223635801, "M", "30/05/2003 15:21:57");
INSERT INTO Paciente (PessoaID, GrupoSanguineo) VALUES (80, "AB+");
INSERT INTO Pessoa (PessoaID, NumIdentificacao, Nome, Morada, Telefone, NumeroBeneficiario, Sexo, DataNascimento) VALUES (81, 36908549, "Tracy Sales", "morada", 929155422, 358197315, "F", "02/06/2018 01:02:24");
INSERT INTO Paciente (PessoaID, GrupoSanguineo) VALUES (81, "B+");
INSERT INTO Pessoa (PessoaID, NumIdentificacao, Nome, Morada, Telefone, NumeroBeneficiario, Sexo, DataNascimento) VALUES (82, 85738461, "Terry Peterson", "morada", 915366290, 909914417, "M", "02/09/1996 14:10:38");
INSERT INTO Paciente (PessoaID, GrupoSanguineo) VALUES (82, "A+");
INSERT INTO Pessoa (PessoaID, NumIdentificacao, Nome, Morada, Telefone, NumeroBeneficiario, Sexo, DataNascimento) VALUES (83, 76708873, "Arthur Lynch", "morada", 920033778, 449967903, "M", "05/07/1985 07:10:40");
INSERT INTO Paciente (PessoaID, GrupoSanguineo, SubsistemaSaude) VALUES (83, "B-", 3);
INSERT INTO Pessoa (PessoaID, NumIdentificacao, Nome, Morada, Telefone, NumeroBeneficiario, Sexo, DataNascimento) VALUES (84, 10723352, "Elnora Jones", "morada", 911016015, 637322814, "F", "20/02/1975 05:07:09");
INSERT INTO Paciente (PessoaID, GrupoSanguineo, SubsistemaSaude) VALUES (84, "B-", 1);
INSERT INTO Pessoa (PessoaID, NumIdentificacao, Nome, Morada, Telefone, NumeroBeneficiario, Sexo, DataNascimento) VALUES (85, 10489558, "John Reid", "morada", 927172837, 991208385, "M", "15/07/2002 14:24:52");
INSERT INTO Paciente (PessoaID, GrupoSanguineo) VALUES (85, "A-");
INSERT INTO Pessoa (PessoaID, NumIdentificacao, Nome, Morada, Telefone, NumeroBeneficiario, Sexo, DataNascimento) VALUES (86, 12169740, "Leslie Cook", "morada", 948853679, 190471875, "F", "04/01/2007 10:31:32");
INSERT INTO Paciente (PessoaID, GrupoSanguineo, SubsistemaSaude) VALUES (86, "O+", 1);
INSERT INTO Pessoa (PessoaID, NumIdentificacao, Nome, Morada, Telefone, NumeroBeneficiario, Sexo, DataNascimento) VALUES (87, 94397380, "Felicia Pena", "morada", 915632826, 196938086, "F", "09/10/2009 21:21:23");
INSERT INTO Paciente (PessoaID, GrupoSanguineo) VALUES (87, "AB-");
INSERT INTO Pessoa (PessoaID, NumIdentificacao, Nome, Morada, Telefone, NumeroBeneficiario, Sexo, DataNascimento) VALUES (88, 16232534, "Kevin Culver", "morada", 934558171, 168671959, "M", "18/08/1994 13:23:23");
INSERT INTO Paciente (PessoaID, GrupoSanguineo, SubsistemaSaude) VALUES (88, "A+", 2);
INSERT INTO Pessoa (PessoaID, NumIdentificacao, Nome, Morada, Telefone, NumeroBeneficiario, Sexo, DataNascimento) VALUES (89, 16248281, "Christa Whatley", "morada", 934819999, 759550488, "F", "18/01/1995 15:28:02");
INSERT INTO Paciente (PessoaID, GrupoSanguineo, SubsistemaSaude) VALUES (89, "O+", 1);
INSERT INTO Pessoa (PessoaID, NumIdentificacao, Nome, Morada, Telefone, NumeroBeneficiario, Sexo, DataNascimento) VALUES (90, 58178046, "Robert Elder", "morada", 969878874, 796525169, "M", "30/11/1987 08:13:26");
INSERT INTO Paciente (PessoaID, GrupoSanguineo) VALUES (90, "A+");
INSERT INTO Pessoa (PessoaID, NumIdentificacao, Nome, Morada, Telefone, NumeroBeneficiario, Sexo, DataNascimento) VALUES (91, 50057089, "John Gonzales", "morada", 917791466, 141983909, "M", "15/09/1979 23:03:28");
INSERT INTO Paciente (PessoaID, GrupoSanguineo, SubsistemaSaude) VALUES (91, "B+", 1);
INSERT INTO Pessoa (PessoaID, NumIdentificacao, Nome, Morada, Telefone, NumeroBeneficiario, Sexo, DataNascimento) VALUES (92, 24267583, "Robert Goslee", "morada", 940242904, 999406309, "M", "07/11/1995 02:35:50");
INSERT INTO Paciente (PessoaID, GrupoSanguineo) VALUES (92, "O-");
INSERT INTO Pessoa (PessoaID, NumIdentificacao, Nome, Morada, Telefone, NumeroBeneficiario, Sexo, DataNascimento) VALUES (93, 48763337, "Angela Dejesus", "morada", 981179367, 858479709, "F", "25/07/1992 12:17:40");
INSERT INTO Paciente (PessoaID, GrupoSanguineo) VALUES (93, "O-");
INSERT INTO Pessoa (PessoaID, NumIdentificacao, Nome, Morada, Telefone, NumeroBeneficiario, Sexo, DataNascimento) VALUES (94, 94009593, "Elaine Hall", "morada", 923243648, 687324251, "F", "02/02/1994 19:08:54");
INSERT INTO Paciente (PessoaID, GrupoSanguineo, SubsistemaSaude) VALUES (94, "O-", 1);
INSERT INTO Pessoa (PessoaID, NumIdentificacao, Nome, Morada, Telefone, NumeroBeneficiario, Sexo, DataNascimento) VALUES (95, 19654083, "Stephanie Huffman", "morada", 946157768, 843181118, "F", "05/04/2006 05:43:21");
INSERT INTO Paciente (PessoaID, GrupoSanguineo) VALUES (95, "O-");
INSERT INTO Pessoa (PessoaID, NumIdentificacao, Nome, Morada, Telefone, NumeroBeneficiario, Sexo, DataNascimento) VALUES (96, 98085374, "Lisa Kass", "morada", 993508931, 637928229, "F", "10/03/1972 13:17:31");
INSERT INTO Paciente (PessoaID, GrupoSanguineo, SubsistemaSaude) VALUES (96, "AB-", 1);
INSERT INTO Pessoa (PessoaID, NumIdentificacao, Nome, Morada, Telefone, NumeroBeneficiario, Sexo, DataNascimento) VALUES (97, 35615367, "Nancy Thomas", "morada", 982879150, 172582639, "F", "18/03/2001 12:59:29");
INSERT INTO Paciente (PessoaID, GrupoSanguineo, SubsistemaSaude) VALUES (97, "O-", 3);
INSERT INTO Pessoa (PessoaID, NumIdentificacao, Nome, Morada, Telefone, NumeroBeneficiario, Sexo, DataNascimento) VALUES (98, 96191735, "Merle Rose", "morada", 910478764, 671200445, "M", "03/06/2010 09:35:28");
INSERT INTO Paciente (PessoaID, GrupoSanguineo) VALUES (98, "B-");
INSERT INTO Pessoa (PessoaID, NumIdentificacao, Nome, Morada, Telefone, NumeroBeneficiario, Sexo, DataNascimento) VALUES (99, 70040564, "Carolyn Martin", "morada", 955854437, 217655378, "F", "09/10/1971 14:42:15");
INSERT INTO Paciente (PessoaID, GrupoSanguineo) VALUES (99, "O+");
INSERT INTO Pessoa (PessoaID, NumIdentificacao, Nome, Morada, Telefone, NumeroBeneficiario, Sexo, DataNascimento) VALUES (100, 40848001, "Robert Knight", "morada", 929603565, 491441540, "M", "16/07/1974 13:30:41");
INSERT INTO Paciente (PessoaID, GrupoSanguineo) VALUES (100, "A+");
INSERT INTO Pessoa (PessoaID, NumIdentificacao, Nome, Morada, Telefone, NumeroBeneficiario, Sexo, DataNascimento) VALUES (101, 64072880, "Gordon Garcia", "morada", 942738436, 299102977, "M", "08/08/1998 18:16:46");
INSERT INTO Paciente (PessoaID, GrupoSanguineo) VALUES (101, "AB-");
INSERT INTO Pessoa (PessoaID, NumIdentificacao, Nome, Morada, Telefone, NumeroBeneficiario, Sexo, DataNascimento) VALUES (102, 36328408, "Gabriel Wollenberg", "morada", 933459464, 347937877, "M", "14/05/1976 10:34:19");
INSERT INTO Paciente (PessoaID, GrupoSanguineo) VALUES (102, "O+");
INSERT INTO Pessoa (PessoaID, NumIdentificacao, Nome, Morada, Telefone, NumeroBeneficiario, Sexo, DataNascimento) VALUES (103, 70233032, "Zachary Forrest", "morada", 925167226, 364107065, "M", "08/09/2010 17:13:04");
INSERT INTO Paciente (PessoaID, GrupoSanguineo, SubsistemaSaude) VALUES (103, "O-", 1);
INSERT INTO Pessoa (PessoaID, NumIdentificacao, Nome, Morada, Telefone, NumeroBeneficiario, Sexo, DataNascimento) VALUES (104, 40068498, "Dennis Sanders", "morada", 915140166, 255056698, "M", "15/06/1972 14:45:39");
INSERT INTO Paciente (PessoaID, GrupoSanguineo) VALUES (104, "B+");
INSERT INTO Pessoa (PessoaID, NumIdentificacao, Nome, Morada, Telefone, NumeroBeneficiario, Sexo, DataNascimento) VALUES (105, 61373401, "William Melton", "morada", 942334164, 240767091, "M", "27/07/2013 17:44:26");
INSERT INTO Paciente (PessoaID, GrupoSanguineo, SubsistemaSaude) VALUES (105, "B+", 1);
INSERT INTO Pessoa (PessoaID, NumIdentificacao, Nome, Morada, Telefone, NumeroBeneficiario, Sexo, DataNascimento) VALUES (106, 48447147, "Diana Voeks", "morada", 998489509, 857468483, "F", "23/08/1983 00:52:38");
INSERT INTO Paciente (PessoaID, GrupoSanguineo) VALUES (106, "A+");
INSERT INTO Pessoa (PessoaID, NumIdentificacao, Nome, Morada, Telefone, NumeroBeneficiario, Sexo, DataNascimento) VALUES (107, 49829023, "Anthony Leboeuf", "morada", 925637248, 545557230, "M", "27/10/1984 17:26:08");
INSERT INTO Paciente (PessoaID, GrupoSanguineo) VALUES (107, "AB-");
INSERT INTO Pessoa (PessoaID, NumIdentificacao, Nome, Morada, Telefone, NumeroBeneficiario, Sexo, DataNascimento) VALUES (108, 72606054, "Byron Orr", "morada", 917322000, 585472702, "M", "13/07/1985 07:44:08");
INSERT INTO Paciente (PessoaID, GrupoSanguineo, SubsistemaSaude) VALUES (108, "AB-", 1);
INSERT INTO Pessoa (PessoaID, NumIdentificacao, Nome, Morada, Telefone, NumeroBeneficiario, Sexo, DataNascimento) VALUES (109, 72057660, "William Williams", "morada", 969105803, 578282354, "M", "15/01/1992 07:08:25");
INSERT INTO Paciente (PessoaID, GrupoSanguineo, SubsistemaSaude) VALUES (109, "A-", 1);
INSERT INTO Pessoa (PessoaID, NumIdentificacao, Nome, Morada, Telefone, NumeroBeneficiario, Sexo, DataNascimento) VALUES (110, 35242790, "Lillian Green", "morada", 987490506, 351235924, "F", "08/11/1972 01:35:21");
INSERT INTO Paciente (PessoaID, GrupoSanguineo) VALUES (110, "AB-");
INSERT INTO Pessoa (PessoaID, NumIdentificacao, Nome, Morada, Telefone, NumeroBeneficiario, Sexo, DataNascimento) VALUES (111, 86470540, "Kurt Quintana", "morada", 979002726, 976350118, "M", "11/12/1999 18:27:27");
INSERT INTO Paciente (PessoaID, GrupoSanguineo, SubsistemaSaude) VALUES (111, "A+", 1);
INSERT INTO Pessoa (PessoaID, NumIdentificacao, Nome, Morada, Telefone, NumeroBeneficiario, Sexo, DataNascimento) VALUES (112, 24341554, "Ronald Burgener", "morada", 973963768, 164863002, "M", "18/04/1984 13:38:49");
INSERT INTO Paciente (PessoaID, GrupoSanguineo) VALUES (112, "A-");
INSERT INTO Pessoa (PessoaID, NumIdentificacao, Nome, Morada, Telefone, NumeroBeneficiario, Sexo, DataNascimento) VALUES (113, 69025259, "Dorothy Kubica", "morada", 977990085, 576936318, "F", "02/08/1994 11:28:29");
INSERT INTO Paciente (PessoaID, GrupoSanguineo) VALUES (113, "AB+");
INSERT INTO Pessoa (PessoaID, NumIdentificacao, Nome, Morada, Telefone, NumeroBeneficiario, Sexo, DataNascimento) VALUES (114, 59826838, "Brian Murch", "morada", 966587479, 406306103, "M", "29/07/2012 16:45:14");
INSERT INTO Paciente (PessoaID, GrupoSanguineo, SubsistemaSaude) VALUES (114, "A+", 1);
INSERT INTO Pessoa (PessoaID, NumIdentificacao, Nome, Morada, Telefone, NumeroBeneficiario, Sexo, DataNascimento) VALUES (115, 74957103, "Seth Liaw", "morada", 985011390, 666032435, "M", "08/06/1985 21:05:25");
INSERT INTO Paciente (PessoaID, GrupoSanguineo, SubsistemaSaude) VALUES (115, "B+", 2);
INSERT INTO Pessoa (PessoaID, NumIdentificacao, Nome, Morada, Telefone, NumeroBeneficiario, Sexo, DataNascimento) VALUES (116, 60763131, "James Annas", "morada", 987105604, 266907783, "M", "04/02/1994 21:36:59");
INSERT INTO Paciente (PessoaID, GrupoSanguineo) VALUES (116, "AB-");
INSERT INTO Pessoa (PessoaID, NumIdentificacao, Nome, Morada, Telefone, NumeroBeneficiario, Sexo, DataNascimento) VALUES (117, 90094162, "Molly Reynalds", "morada", 924024902, 785748093, "F", "27/08/1972 04:24:57");
INSERT INTO Paciente (PessoaID, GrupoSanguineo, SubsistemaSaude) VALUES (117, "AB-", 4);
INSERT INTO Pessoa (PessoaID, NumIdentificacao, Nome, Morada, Telefone, NumeroBeneficiario, Sexo, DataNascimento) VALUES (118, 27119172, "Bridget Williams", "morada", 931961650, 348921460, "F", "07/08/1992 02:01:12");
INSERT INTO Paciente (PessoaID, GrupoSanguineo) VALUES (118, "B-");
INSERT INTO Pessoa (PessoaID, NumIdentificacao, Nome, Morada, Telefone, NumeroBeneficiario, Sexo, DataNascimento) VALUES (119, 70179887, "Jonathan Fisher", "morada", 956803379, 531778507, "M", "17/11/1986 09:58:49");
INSERT INTO Paciente (PessoaID, GrupoSanguineo) VALUES (119, "B-");
INSERT INTO Pessoa (PessoaID, NumIdentificacao, Nome, Morada, Telefone, NumeroBeneficiario, Sexo, DataNascimento) VALUES (120, 97584174, "Daniel Rimple", "morada", 969137618, 348163955, "M", "17/03/2014 00:17:18");
INSERT INTO Paciente (PessoaID, GrupoSanguineo) VALUES (120, "O-");
INSERT INTO Pessoa (PessoaID, NumIdentificacao, Nome, Morada, Telefone, NumeroBeneficiario, Sexo, DataNascimento) VALUES (121, 67944766, "Rosetta Mendez", "morada", 969010230, 754569095, "F", "31/07/1976 01:20:33");
INSERT INTO Paciente (PessoaID, GrupoSanguineo) VALUES (121, "B+");
INSERT INTO Pessoa (PessoaID, NumIdentificacao, Nome, Morada, Telefone, NumeroBeneficiario, Sexo, DataNascimento) VALUES (122, 56316786, "Leroy Piirto", "morada", 917577414, 988533700, "M", "20/11/1998 07:41:49");
INSERT INTO Paciente (PessoaID, GrupoSanguineo) VALUES (122, "O-");
INSERT INTO Pessoa (PessoaID, NumIdentificacao, Nome, Morada, Telefone, NumeroBeneficiario, Sexo, DataNascimento) VALUES (123, 48574988, "Gregory Rich", "morada", 941654686, 528589345, "M", "13/10/2005 23:49:24");
INSERT INTO Paciente (PessoaID, GrupoSanguineo) VALUES (123, "A+");
INSERT INTO Pessoa (PessoaID, NumIdentificacao, Nome, Morada, Telefone, NumeroBeneficiario, Sexo, DataNascimento) VALUES (124, 51648634, "Joseph Radford", "morada", 916937306, 384845927, "M", "14/06/1992 09:04:21");
INSERT INTO Paciente (PessoaID, GrupoSanguineo, SubsistemaSaude) VALUES (124, "AB-", 3);
INSERT INTO Pessoa (PessoaID, NumIdentificacao, Nome, Morada, Telefone, NumeroBeneficiario, Sexo, DataNascimento) VALUES (125, 16078960, "Gary Thomas", "morada", 919222870, 676731304, "M", "10/12/1973 12:18:32");
INSERT INTO Paciente (PessoaID, GrupoSanguineo) VALUES (125, "AB+");
INSERT INTO Pessoa (PessoaID, NumIdentificacao, Nome, Morada, Telefone, NumeroBeneficiario, Sexo, DataNascimento) VALUES (126, 42236505, "Maria Mesa", "morada", 998031491, 517416159, "F", "18/04/2009 04:04:50");
INSERT INTO Paciente (PessoaID, GrupoSanguineo) VALUES (126, "B-");
INSERT INTO Pessoa (PessoaID, NumIdentificacao, Nome, Morada, Telefone, NumeroBeneficiario, Sexo, DataNascimento) VALUES (127, 61082202, "Roger Gaudio", "morada", 997327797, 610885351, "M", "16/01/1997 04:20:19");
INSERT INTO Paciente (PessoaID, GrupoSanguineo) VALUES (127, "B+");
INSERT INTO Pessoa (PessoaID, NumIdentificacao, Nome, Morada, Telefone, NumeroBeneficiario, Sexo, DataNascimento) VALUES (128, 71631478, "Chelsea Stetler", "morada", 974865074, 696673479, "F", "18/07/1970 01:56:27");
INSERT INTO Paciente (PessoaID, GrupoSanguineo, SubsistemaSaude) VALUES (128, "B-", 1);
INSERT INTO Pessoa (PessoaID, NumIdentificacao, Nome, Morada, Telefone, NumeroBeneficiario, Sexo, DataNascimento) VALUES (129, 49664080, "Elaine Eckert", "morada", 955376966, 346411521, "F", "26/05/1984 02:04:59");
INSERT INTO Paciente (PessoaID, GrupoSanguineo) VALUES (129, "A-");
INSERT INTO Pessoa (PessoaID, NumIdentificacao, Nome, Morada, Telefone, NumeroBeneficiario, Sexo, DataNascimento) VALUES (130, 58397777, "Kelsey Bullard", "morada", 934751924, 315250205, "F", "04/11/2019 12:24:24");
INSERT INTO Paciente (PessoaID, GrupoSanguineo) VALUES (130, "A+");
INSERT INTO Pessoa (PessoaID, NumIdentificacao, Nome, Morada, Telefone, NumeroBeneficiario, Sexo, DataNascimento) VALUES (131, 28832137, "Floyd Swinehart", "morada", 960239801, 405590712, "M", "06/07/1983 03:42:07");
INSERT INTO Paciente (PessoaID, GrupoSanguineo) VALUES (131, "AB-");
INSERT INTO Pessoa (PessoaID, NumIdentificacao, Nome, Morada, Telefone, NumeroBeneficiario, Sexo, DataNascimento) VALUES (132, 30931228, "Pat Kondracki", "morada", 918249723, 720875065, "M", "21/11/2006 18:40:19");
INSERT INTO Paciente (PessoaID, GrupoSanguineo, SubsistemaSaude) VALUES (132, "A+", 1);
INSERT INTO Pessoa (PessoaID, NumIdentificacao, Nome, Morada, Telefone, NumeroBeneficiario, Sexo, DataNascimento) VALUES (133, 98265339, "Mary Sturman", "morada", 921299494, 888057624, "F", "03/08/1991 22:31:54");
INSERT INTO Paciente (PessoaID, GrupoSanguineo, SubsistemaSaude) VALUES (133, "A+", 4);
INSERT INTO Pessoa (PessoaID, NumIdentificacao, Nome, Morada, Telefone, NumeroBeneficiario, Sexo, DataNascimento) VALUES (134, 48934532, "Jason Catalano", "morada", 957179734, 326502755, "M", "24/03/1997 13:44:14");
INSERT INTO Paciente (PessoaID, GrupoSanguineo) VALUES (134, "AB-");
INSERT INTO Pessoa (PessoaID, NumIdentificacao, Nome, Morada, Telefone, NumeroBeneficiario, Sexo, DataNascimento) VALUES (135, 76018006, "Sarah Sanders", "morada", 920547919, 518047533, "F", "15/11/1993 03:07:36");
INSERT INTO Paciente (PessoaID, GrupoSanguineo, SubsistemaSaude) VALUES (135, "A-", 1);
INSERT INTO Pessoa (PessoaID, NumIdentificacao, Nome, Morada, Telefone, NumeroBeneficiario, Sexo, DataNascimento) VALUES (136, 18044261, "Helen Gatling", "morada", 917658325, 204480056, "F", "24/05/2018 11:09:55");
INSERT INTO Paciente (PessoaID, GrupoSanguineo) VALUES (136, "A-");
INSERT INTO Pessoa (PessoaID, NumIdentificacao, Nome, Morada, Telefone, NumeroBeneficiario, Sexo, DataNascimento) VALUES (137, 41063460, "Franklin Sylvester", "morada", 913860026, 426909746, "M", "26/01/1981 10:53:23");
INSERT INTO Paciente (PessoaID, GrupoSanguineo) VALUES (137, "A+");
INSERT INTO Pessoa (PessoaID, NumIdentificacao, Nome, Morada, Telefone, NumeroBeneficiario, Sexo, DataNascimento) VALUES (138, 11512211, "Gary Waldrup", "morada", 924373337, 821160096, "M", "05/04/1988 04:59:45");
INSERT INTO Paciente (PessoaID, GrupoSanguineo, SubsistemaSaude) VALUES (138, "O-", 3);
INSERT INTO Pessoa (PessoaID, NumIdentificacao, Nome, Morada, Telefone, NumeroBeneficiario, Sexo, DataNascimento) VALUES (139, 92901185, "Leroy Vincent", "morada", 972308867, 906989922, "M", "17/12/1991 05:24:45");
INSERT INTO Paciente (PessoaID, GrupoSanguineo, SubsistemaSaude) VALUES (139, "AB+", 1);
INSERT INTO Pessoa (PessoaID, NumIdentificacao, Nome, Morada, Telefone, NumeroBeneficiario, Sexo, DataNascimento) VALUES (140, 66913480, "Anna Shoemaker", "morada", 937555143, 985668564, "F", "14/12/1994 03:18:46");
INSERT INTO Paciente (PessoaID, GrupoSanguineo, SubsistemaSaude) VALUES (140, "AB-", 1);
INSERT INTO Pessoa (PessoaID, NumIdentificacao, Nome, Morada, Telefone, NumeroBeneficiario, Sexo, DataNascimento) VALUES (141, 61470007, "Tamara Walker", "morada", 977914316, 164838341, "F", "22/11/1982 01:50:07");
INSERT INTO Paciente (PessoaID, GrupoSanguineo) VALUES (141, "A+");
INSERT INTO Pessoa (PessoaID, NumIdentificacao, Nome, Morada, Telefone, NumeroBeneficiario, Sexo, DataNascimento) VALUES (142, 79793280, "Autumn Boardman", "morada", 974004270, 616861958, "F", "21/07/1999 21:12:45");
INSERT INTO Paciente (PessoaID, GrupoSanguineo) VALUES (142, "B-");
INSERT INTO Pessoa (PessoaID, NumIdentificacao, Nome, Morada, Telefone, NumeroBeneficiario, Sexo, DataNascimento) VALUES (143, 56093677, "Helen Zimmerman", "morada", 995167458, 298927790, "F", "04/09/1984 06:39:13");
INSERT INTO Paciente (PessoaID, GrupoSanguineo) VALUES (143, "AB-");
INSERT INTO Pessoa (PessoaID, NumIdentificacao, Nome, Morada, Telefone, NumeroBeneficiario, Sexo, DataNascimento) VALUES (144, 14282503, "Patty Sorkin", "morada", 987895830, 302783810, "F", "16/08/2015 21:33:51");
INSERT INTO Paciente (PessoaID, GrupoSanguineo) VALUES (144, "AB-");
INSERT INTO Pessoa (PessoaID, NumIdentificacao, Nome, Morada, Telefone, NumeroBeneficiario, Sexo, DataNascimento) VALUES (145, 74443935, "Richard Loaiza", "morada", 953602054, 242950919, "M", "09/11/1991 03:08:45");
INSERT INTO Paciente (PessoaID, GrupoSanguineo) VALUES (145, "B+");
INSERT INTO Pessoa (PessoaID, NumIdentificacao, Nome, Morada, Telefone, NumeroBeneficiario, Sexo, DataNascimento) VALUES (146, 88466132, "Michael Goldbach", "morada", 977942625, 813306242, "M", "19/08/1981 07:44:46");
INSERT INTO Paciente (PessoaID, GrupoSanguineo) VALUES (146, "O-");
INSERT INTO Pessoa (PessoaID, NumIdentificacao, Nome, Morada, Telefone, NumeroBeneficiario, Sexo, DataNascimento) VALUES (147, 87810355, "Thad Totten", "morada", 944589881, 341859053, "M", "04/01/1997 15:45:31");
INSERT INTO Paciente (PessoaID, GrupoSanguineo) VALUES (147, "AB-");
INSERT INTO Pessoa (PessoaID, NumIdentificacao, Nome, Morada, Telefone, NumeroBeneficiario, Sexo, DataNascimento) VALUES (148, 79651605, "Teddy Boniello", "morada", 932127754, 273886846, "M", "02/02/2015 17:08:06");
INSERT INTO Paciente (PessoaID, GrupoSanguineo) VALUES (148, "AB+");
INSERT INTO Pessoa (PessoaID, NumIdentificacao, Nome, Morada, Telefone, NumeroBeneficiario, Sexo, DataNascimento) VALUES (149, 16941307, "Joni Jean", "morada", 984196574, 384675830, "F", "04/02/1990 13:04:12");
INSERT INTO Paciente (PessoaID, GrupoSanguineo) VALUES (149, "O-");
INSERT INTO Pessoa (PessoaID, NumIdentificacao, Nome, Morada, Telefone, NumeroBeneficiario, Sexo, DataNascimento) VALUES (150, 26597448, "David Beaulieu", "morada", 988949181, 965850005, "M", "17/02/1992 14:05:04");
INSERT INTO Paciente (PessoaID, GrupoSanguineo) VALUES (150, "A+");
INSERT INTO Pessoa (PessoaID, NumIdentificacao, Nome, Morada, Telefone, NumeroBeneficiario, Sexo, DataNascimento) VALUES (151, 96954506, "Elizabeth Reed", "morada", 923996428, 894469307, "F", "08/04/1971 08:12:57");
INSERT INTO Paciente (PessoaID, GrupoSanguineo) VALUES (151, "AB-");
INSERT INTO Pessoa (PessoaID, NumIdentificacao, Nome, Morada, Telefone, NumeroBeneficiario, Sexo, DataNascimento) VALUES (152, 67513241, "Hilda Salazar", "morada", 930953264, 719220848, "F", "27/11/1994 15:09:47");
INSERT INTO Paciente (PessoaID, GrupoSanguineo, SubsistemaSaude) VALUES (152, "AB-", 2);
INSERT INTO Pessoa (PessoaID, NumIdentificacao, Nome, Morada, Telefone, NumeroBeneficiario, Sexo, DataNascimento) VALUES (153, 33570561, "Ruby Elkins", "morada", 937415875, 406406587, "F", "21/11/1977 06:03:20");
INSERT INTO Paciente (PessoaID, GrupoSanguineo) VALUES (153, "B+");
INSERT INTO Pessoa (PessoaID, NumIdentificacao, Nome, Morada, Telefone, NumeroBeneficiario, Sexo, DataNascimento) VALUES (154, 71543260, "Marjorie Truocchio", "morada", 979763296, 311852097, "F", "21/08/2017 23:06:24");
INSERT INTO Paciente (PessoaID, GrupoSanguineo) VALUES (154, "O-");
INSERT INTO Pessoa (PessoaID, NumIdentificacao, Nome, Morada, Telefone, NumeroBeneficiario, Sexo, DataNascimento) VALUES (155, 40777408, "Robert Mannino", "morada", 927090268, 665094327, "M", "25/04/1986 15:04:49");
INSERT INTO Paciente (PessoaID, GrupoSanguineo) VALUES (155, "B-");
INSERT INTO Pessoa (PessoaID, NumIdentificacao, Nome, Morada, Telefone, NumeroBeneficiario, Sexo, DataNascimento) VALUES (156, 72799502, "Horace Kraus", "morada", 996571262, 985871480, "M", "08/07/2018 09:34:04");
INSERT INTO Paciente (PessoaID, GrupoSanguineo) VALUES (156, "B+");
INSERT INTO Pessoa (PessoaID, NumIdentificacao, Nome, Morada, Telefone, NumeroBeneficiario, Sexo, DataNascimento) VALUES (157, 97798055, "Lawrence Buri", "morada", 986534475, 461400705, "M", "21/08/1997 17:31:00");
INSERT INTO Paciente (PessoaID, GrupoSanguineo) VALUES (157, "A+");
INSERT INTO Pessoa (PessoaID, NumIdentificacao, Nome, Morada, Telefone, NumeroBeneficiario, Sexo, DataNascimento) VALUES (158, 47208009, "James Stinson", "morada", 940939021, 218781973, "M", "25/01/1994 20:26:04");
INSERT INTO Paciente (PessoaID, GrupoSanguineo) VALUES (158, "AB-");
INSERT INTO Pessoa (PessoaID, NumIdentificacao, Nome, Morada, Telefone, NumeroBeneficiario, Sexo, DataNascimento) VALUES (159, 12432777, "Martha Poirier", "morada", 965516854, 987425944, "F", "17/07/1974 03:59:58");
INSERT INTO Paciente (PessoaID, GrupoSanguineo) VALUES (159, "O-");
INSERT INTO Pessoa (PessoaID, NumIdentificacao, Nome, Morada, Telefone, NumeroBeneficiario, Sexo, DataNascimento) VALUES (160, 15815388, "Kathleen Lopes", "morada", 957330729, 469703669, "F", "15/07/2005 22:02:16");
INSERT INTO Paciente (PessoaID, GrupoSanguineo) VALUES (160, "A+");
INSERT INTO Pessoa (PessoaID, NumIdentificacao, Nome, Morada, Telefone, NumeroBeneficiario, Sexo, DataNascimento) VALUES (161, 96190529, "Gerald Castillo", "morada", 933620049, 455450773, "M", "21/03/1977 23:43:02");
INSERT INTO Paciente (PessoaID, GrupoSanguineo) VALUES (161, "B-");
INSERT INTO Pessoa (PessoaID, NumIdentificacao, Nome, Morada, Telefone, NumeroBeneficiario, Sexo, DataNascimento) VALUES (162, 98401095, "Aubrey Brown", "morada", 955179628, 959106414, "M", "28/05/2003 11:28:01");
INSERT INTO Paciente (PessoaID, GrupoSanguineo, SubsistemaSaude) VALUES (162, "A-", 3);
INSERT INTO Pessoa (PessoaID, NumIdentificacao, Nome, Morada, Telefone, NumeroBeneficiario, Sexo, DataNascimento) VALUES (163, 57381589, "Anna Dominquez", "morada", 981735248, 527032531, "F", "19/12/1986 14:51:47");
INSERT INTO Paciente (PessoaID, GrupoSanguineo) VALUES (163, "B-");
INSERT INTO Pessoa (PessoaID, NumIdentificacao, Nome, Morada, Telefone, NumeroBeneficiario, Sexo, DataNascimento) VALUES (164, 55113276, "William Mueller", "morada", 960710838, 861527342, "F", "17/05/1983 06:18:20");
INSERT INTO Paciente (PessoaID, GrupoSanguineo) VALUES (164, "AB+");
INSERT INTO Pessoa (PessoaID, NumIdentificacao, Nome, Morada, Telefone, NumeroBeneficiario, Sexo, DataNascimento) VALUES (165, 91269314, "Fredia Lambert", "morada", 944898319, 444444257, "F", "10/03/1989 21:07:14");
INSERT INTO Paciente (PessoaID, GrupoSanguineo) VALUES (165, "A+");
INSERT INTO Pessoa (PessoaID, NumIdentificacao, Nome, Morada, Telefone, NumeroBeneficiario, Sexo, DataNascimento) VALUES (166, 18685013, "Kasey Pando", "morada", 998745665, 134723953, "F", "20/07/2008 00:30:43");
INSERT INTO Paciente (PessoaID, GrupoSanguineo, SubsistemaSaude) VALUES (166, "A+", 1);
INSERT INTO Pessoa (PessoaID, NumIdentificacao, Nome, Morada, Telefone, NumeroBeneficiario, Sexo, DataNascimento) VALUES (167, 98642229, "Joyce Bowser", "morada", 938246401, 750341746, "F", "27/03/1990 01:19:19");
INSERT INTO Paciente (PessoaID, GrupoSanguineo, SubsistemaSaude) VALUES (167, "AB-", 1);
INSERT INTO Pessoa (PessoaID, NumIdentificacao, Nome, Morada, Telefone, NumeroBeneficiario, Sexo, DataNascimento) VALUES (168, 29220156, "Dan Spencer", "morada", 998261846, 192859705, "M", "15/08/1973 20:31:55");
INSERT INTO Paciente (PessoaID, GrupoSanguineo) VALUES (168, "B-");
INSERT INTO Pessoa (PessoaID, NumIdentificacao, Nome, Morada, Telefone, NumeroBeneficiario, Sexo, DataNascimento) VALUES (169, 56559624, "Louis Hunt", "morada", 962103835, 481404801, "M", "02/07/1970 03:42:11");
INSERT INTO Paciente (PessoaID, GrupoSanguineo) VALUES (169, "O+");
INSERT INTO Pessoa (PessoaID, NumIdentificacao, Nome, Morada, Telefone, NumeroBeneficiario, Sexo, DataNascimento) VALUES (170, 73371376, "Phyllis Morris", "morada", 986790809, 629810370, "F", "23/04/2016 19:36:44");
INSERT INTO Paciente (PessoaID, GrupoSanguineo) VALUES (170, "B-");
INSERT INTO Pessoa (PessoaID, NumIdentificacao, Nome, Morada, Telefone, NumeroBeneficiario, Sexo, DataNascimento) VALUES (171, 69081584, "Patricia Spicer", "morada", 995324544, 510020522, "F", "01/06/2005 07:00:53");
INSERT INTO Paciente (PessoaID, GrupoSanguineo) VALUES (171, "A+");
INSERT INTO Pessoa (PessoaID, NumIdentificacao, Nome, Morada, Telefone, NumeroBeneficiario, Sexo, DataNascimento) VALUES (172, 92716000, "Gena Mendoza", "morada", 913481892, 846669483, "F", "07/06/2010 06:15:22");
INSERT INTO Paciente (PessoaID, GrupoSanguineo, SubsistemaSaude) VALUES (172, "O+", 1);
INSERT INTO Pessoa (PessoaID, NumIdentificacao, Nome, Morada, Telefone, NumeroBeneficiario, Sexo, DataNascimento) VALUES (173, 34261507, "Michelle Boyd", "morada", 993040902, 721855532, "F", "10/11/2016 23:03:31");
INSERT INTO Paciente (PessoaID, GrupoSanguineo) VALUES (173, "AB-");
INSERT INTO Pessoa (PessoaID, NumIdentificacao, Nome, Morada, Telefone, NumeroBeneficiario, Sexo, DataNascimento) VALUES (174, 11770208, "Desmond Rhodes", "morada", 932486190, 975642142, "M", "28/08/1980 22:27:41");
INSERT INTO Paciente (PessoaID, GrupoSanguineo) VALUES (174, "B+");
INSERT INTO Pessoa (PessoaID, NumIdentificacao, Nome, Morada, Telefone, NumeroBeneficiario, Sexo, DataNascimento) VALUES (175, 27050036, "Jeremy Petch", "morada", 985701085, 822576289, "M", "03/04/1981 02:42:08");
INSERT INTO Paciente (PessoaID, GrupoSanguineo, SubsistemaSaude) VALUES (175, "B+", 1);
INSERT INTO Pessoa (PessoaID, NumIdentificacao, Nome, Morada, Telefone, NumeroBeneficiario, Sexo, DataNascimento) VALUES (176, 92868806, "Elsie Holmes", "morada", 924491930, 153374786, "F", "18/01/2012 04:48:45");
INSERT INTO Paciente (PessoaID, GrupoSanguineo) VALUES (176, "AB-");
INSERT INTO Pessoa (PessoaID, NumIdentificacao, Nome, Morada, Telefone, NumeroBeneficiario, Sexo, DataNascimento) VALUES (177, 31797658, "Reginald Chung", "morada", 977434087, 315766718, "M", "23/03/1995 12:21:07");
INSERT INTO Paciente (PessoaID, GrupoSanguineo, SubsistemaSaude) VALUES (177, "B+", 1);
INSERT INTO Pessoa (PessoaID, NumIdentificacao, Nome, Morada, Telefone, NumeroBeneficiario, Sexo, DataNascimento) VALUES (178, 69863600, "Marsha Finley", "morada", 913185908, 634279791, "F", "14/01/2015 18:45:02");
INSERT INTO Paciente (PessoaID, GrupoSanguineo) VALUES (178, "AB+");
INSERT INTO Pessoa (PessoaID, NumIdentificacao, Nome, Morada, Telefone, NumeroBeneficiario, Sexo, DataNascimento) VALUES (179, 66657162, "Gloria Phillips", "morada", 968664004, 270275617, "F", "24/08/2013 17:07:42");
INSERT INTO Paciente (PessoaID, GrupoSanguineo, SubsistemaSaude) VALUES (179, "AB-", 1);
INSERT INTO Pessoa (PessoaID, NumIdentificacao, Nome, Morada, Telefone, NumeroBeneficiario, Sexo, DataNascimento) VALUES (180, 41400843, "Beverly Duarte", "morada", 916230671, 984997427, "F", "03/11/2005 09:26:32");
INSERT INTO Paciente (PessoaID, GrupoSanguineo) VALUES (180, "A-");
INSERT INTO Pessoa (PessoaID, NumIdentificacao, Nome, Morada, Telefone, NumeroBeneficiario, Sexo, DataNascimento) VALUES (181, 74634322, "Ronnie Crandall", "morada", 992448825, 383436999, "M", "18/11/2012 21:08:51");
INSERT INTO Paciente (PessoaID, GrupoSanguineo, SubsistemaSaude) VALUES (181, "O+", 1);
INSERT INTO Pessoa (PessoaID, NumIdentificacao, Nome, Morada, Telefone, NumeroBeneficiario, Sexo, DataNascimento) VALUES (182, 13684062, "Winston Bernstein", "morada", 954747409, 855824409, "M", "11/01/1999 17:55:23");
INSERT INTO Paciente (PessoaID, GrupoSanguineo) VALUES (182, "B+");
INSERT INTO Pessoa (PessoaID, NumIdentificacao, Nome, Morada, Telefone, NumeroBeneficiario, Sexo, DataNascimento) VALUES (183, 18505854, "Kirk King", "morada", 925246068, 377252267, "M", "09/04/1973 10:01:21");
INSERT INTO Paciente (PessoaID, GrupoSanguineo) VALUES (183, "O+");
INSERT INTO Pessoa (PessoaID, NumIdentificacao, Nome, Morada, Telefone, NumeroBeneficiario, Sexo, DataNascimento) VALUES (184, 40866096, "Ruby Goodman", "morada", 928177526, 461758095, "F", "29/08/1978 12:57:33");
INSERT INTO Paciente (PessoaID, GrupoSanguineo) VALUES (184, "AB+");
INSERT INTO Pessoa (PessoaID, NumIdentificacao, Nome, Morada, Telefone, NumeroBeneficiario, Sexo, DataNascimento) VALUES (185, 98593857, "Esmeralda Gunter", "morada", 959401508, 831073899, "F", "27/02/1981 12:31:01");
INSERT INTO Paciente (PessoaID, GrupoSanguineo, SubsistemaSaude) VALUES (185, "A-", 1);
INSERT INTO Pessoa (PessoaID, NumIdentificacao, Nome, Morada, Telefone, NumeroBeneficiario, Sexo, DataNascimento) VALUES (186, 87650210, "Henry Donaldson", "morada", 925243461, 517233149, "M", "27/01/1996 16:43:26");
INSERT INTO Paciente (PessoaID, GrupoSanguineo, SubsistemaSaude) VALUES (186, "O-", 1);
INSERT INTO Pessoa (PessoaID, NumIdentificacao, Nome, Morada, Telefone, NumeroBeneficiario, Sexo, DataNascimento) VALUES (187, 99240680, "John Hulbert", "morada", 984673238, 469664865, "M", "04/04/2002 23:12:02");
INSERT INTO Paciente (PessoaID, GrupoSanguineo) VALUES (187, "B+");
INSERT INTO Pessoa (PessoaID, NumIdentificacao, Nome, Morada, Telefone, NumeroBeneficiario, Sexo, DataNascimento) VALUES (188, 60920631, "Adam Barnett", "morada", 999584900, 238270211, "M", "08/10/2016 15:16:26");
INSERT INTO Paciente (PessoaID, GrupoSanguineo) VALUES (188, "B+");
INSERT INTO Pessoa (PessoaID, NumIdentificacao, Nome, Morada, Telefone, NumeroBeneficiario, Sexo, DataNascimento) VALUES (189, 92843534, "Lisa Moyer", "morada", 995259086, 559869304, "F", "12/02/2005 03:48:06");
INSERT INTO Paciente (PessoaID, GrupoSanguineo) VALUES (189, "B-");
INSERT INTO Pessoa (PessoaID, NumIdentificacao, Nome, Morada, Telefone, NumeroBeneficiario, Sexo, DataNascimento) VALUES (190, 86550585, "Young Bass", "morada", 997320709, 411421925, "M", "25/03/2014 03:58:45");
INSERT INTO Paciente (PessoaID, GrupoSanguineo) VALUES (190, "B+");
INSERT INTO Pessoa (PessoaID, NumIdentificacao, Nome, Morada, Telefone, NumeroBeneficiario, Sexo, DataNascimento) VALUES (191, 79650202, "Richard Jones", "morada", 968185948, 225238945, "M", "14/10/1981 06:37:42");
INSERT INTO Paciente (PessoaID, GrupoSanguineo, SubsistemaSaude) VALUES (191, "O-", 1);
INSERT INTO Pessoa (PessoaID, NumIdentificacao, Nome, Morada, Telefone, NumeroBeneficiario, Sexo, DataNascimento) VALUES (192, 95483049, "Jennifer Miranda", "morada", 958090605, 208679212, "F", "07/10/1987 18:13:50");
INSERT INTO Paciente (PessoaID, GrupoSanguineo) VALUES (192, "O-");
INSERT INTO Pessoa (PessoaID, NumIdentificacao, Nome, Morada, Telefone, NumeroBeneficiario, Sexo, DataNascimento) VALUES (193, 83517882, "Ralph Bostic", "morada", 941811619, 346659008, "M", "06/03/2006 19:48:21");
INSERT INTO Paciente (PessoaID, GrupoSanguineo, SubsistemaSaude) VALUES (193, "O+", 1);
INSERT INTO Pessoa (PessoaID, NumIdentificacao, Nome, Morada, Telefone, NumeroBeneficiario, Sexo, DataNascimento) VALUES (194, 56385472, "Shannon Cox", "morada", 989666389, 908882200, "F", "31/03/1990 14:11:11");
INSERT INTO Paciente (PessoaID, GrupoSanguineo, SubsistemaSaude) VALUES (194, "AB+", 4);
INSERT INTO Pessoa (PessoaID, NumIdentificacao, Nome, Morada, Telefone, NumeroBeneficiario, Sexo, DataNascimento) VALUES (195, 38051915, "Mary Debernardi", "morada", 966806894, 246878425, "F", "04/05/2017 06:16:39");
INSERT INTO Paciente (PessoaID, GrupoSanguineo) VALUES (195, "B-");
INSERT INTO Pessoa (PessoaID, NumIdentificacao, Nome, Morada, Telefone, NumeroBeneficiario, Sexo, DataNascimento) VALUES (196, 33070131, "Leticia Perkins", "morada", 926091496, 179308223, "F", "14/02/1974 10:08:07");
INSERT INTO Paciente (PessoaID, GrupoSanguineo, SubsistemaSaude) VALUES (196, "B+", 1);
INSERT INTO Pessoa (PessoaID, NumIdentificacao, Nome, Morada, Telefone, NumeroBeneficiario, Sexo, DataNascimento) VALUES (197, 70324990, "Dorothy Bebee", "morada", 968826609, 356459245, "F", "31/01/1973 01:21:14");
INSERT INTO Paciente (PessoaID, GrupoSanguineo) VALUES (197, "A-");
INSERT INTO Pessoa (PessoaID, NumIdentificacao, Nome, Morada, Telefone, NumeroBeneficiario, Sexo, DataNascimento) VALUES (198, 42881509, "Nicholas Watson", "morada", 953271229, 134352224, "M", "18/05/1990 07:00:42");
INSERT INTO Paciente (PessoaID, GrupoSanguineo) VALUES (198, "B+");
INSERT INTO Pessoa (PessoaID, NumIdentificacao, Nome, Morada, Telefone, NumeroBeneficiario, Sexo, DataNascimento) VALUES (199, 89276884, "Brenda Campbell", "morada", 947520216, 759196989, "F", "08/10/1981 05:50:19");
INSERT INTO Paciente (PessoaID, GrupoSanguineo, SubsistemaSaude) VALUES (199, "A+", 1);
INSERT INTO Pessoa (PessoaID, NumIdentificacao, Nome, Morada, Telefone, NumeroBeneficiario, Sexo, DataNascimento) VALUES (200, 15865288, "Sherry Edwards", "morada", 973076335, 455891801, "F", "24/01/2014 20:41:25");
INSERT INTO Paciente (PessoaID, GrupoSanguineo) VALUES (200, "AB+");
INSERT INTO Pessoa (PessoaID, NumIdentificacao, Nome, Morada, Telefone, NumeroBeneficiario, Sexo, DataNascimento) VALUES (201, 10533624, "Bruce Otto", "morada", 984565936, 327147690, "M", "30/10/1976 03:37:20");
INSERT INTO Paciente (PessoaID, GrupoSanguineo) VALUES (201, "A+");
INSERT INTO Pessoa (PessoaID, NumIdentificacao, Nome, Morada, Telefone, NumeroBeneficiario, Sexo, DataNascimento) VALUES (202, 67349163, "Jessica Gonzales", "morada", 939314713, 946737485, "F", "09/09/2010 10:59:47");
INSERT INTO Paciente (PessoaID, GrupoSanguineo, SubsistemaSaude) VALUES (202, "B+", 1);
INSERT INTO Pessoa (PessoaID, NumIdentificacao, Nome, Morada, Telefone, NumeroBeneficiario, Sexo, DataNascimento) VALUES (203, 44021322, "Maria Williams", "morada", 948090723, 756915516, "F", "24/11/1996 00:47:43");
INSERT INTO Paciente (PessoaID, GrupoSanguineo) VALUES (203, "AB-");
INSERT INTO Pessoa (PessoaID, NumIdentificacao, Nome, Morada, Telefone, NumeroBeneficiario, Sexo, DataNascimento) VALUES (204, 25896756, "Lindsay Barren", "morada", 993245973, 664902633, "F", "31/01/1973 16:07:59");
INSERT INTO Paciente (PessoaID, GrupoSanguineo, SubsistemaSaude) VALUES (204, "AB+", 1);
INSERT INTO Pessoa (PessoaID, NumIdentificacao, Nome, Morada, Telefone, NumeroBeneficiario, Sexo, DataNascimento) VALUES (205, 97003697, "Brittany Nelson", "morada", 930283852, 434480667, "F", "13/08/1981 20:56:58");
INSERT INTO Paciente (PessoaID, GrupoSanguineo, SubsistemaSaude) VALUES (205, "AB-", 1);
INSERT INTO Pessoa (PessoaID, NumIdentificacao, Nome, Morada, Telefone, NumeroBeneficiario, Sexo, DataNascimento) VALUES (206, 50186907, "John Bee", "morada", 974988125, 950807227, "M", "15/05/2017 00:47:16");
INSERT INTO Paciente (PessoaID, GrupoSanguineo) VALUES (206, "B-");
INSERT INTO Pessoa (PessoaID, NumIdentificacao, Nome, Morada, Telefone, NumeroBeneficiario, Sexo, DataNascimento) VALUES (207, 16569791, "Linda Moats", "morada", 967509230, 444990992, "F", "20/04/1986 14:43:28");
INSERT INTO Paciente (PessoaID, GrupoSanguineo, SubsistemaSaude) VALUES (207, "A+", 2);
INSERT INTO Pessoa (PessoaID, NumIdentificacao, Nome, Morada, Telefone, NumeroBeneficiario, Sexo, DataNascimento) VALUES (208, 36409258, "Marianna Kay", "morada", 972511452, 299478218, "F", "30/12/2014 22:40:54");
INSERT INTO Paciente (PessoaID, GrupoSanguineo, SubsistemaSaude) VALUES (208, "B-", 1);
INSERT INTO Pessoa (PessoaID, NumIdentificacao, Nome, Morada, Telefone, NumeroBeneficiario, Sexo, DataNascimento) VALUES (209, 97288701, "Angie Demski", "morada", 994952174, 560662495, "F", "25/12/1980 22:37:50");
INSERT INTO Paciente (PessoaID, GrupoSanguineo, SubsistemaSaude) VALUES (209, "O+", 4);
INSERT INTO Pessoa (PessoaID, NumIdentificacao, Nome, Morada, Telefone, NumeroBeneficiario, Sexo, DataNascimento) VALUES (210, 45818045, "Jeana Christopher", "morada", 956410257, 975827500, "F", "23/05/1994 13:30:26");
INSERT INTO Paciente (PessoaID, GrupoSanguineo) VALUES (210, "O-");
INSERT INTO Pessoa (PessoaID, NumIdentificacao, Nome, Morada, Telefone, NumeroBeneficiario, Sexo, DataNascimento) VALUES (211, 93081273, "Arthur Chen", "morada", 946577234, 262683727, "M", "10/07/2009 18:16:07");
INSERT INTO Paciente (PessoaID, GrupoSanguineo) VALUES (211, "B+");
INSERT INTO Pessoa (PessoaID, NumIdentificacao, Nome, Morada, Telefone, NumeroBeneficiario, Sexo, DataNascimento) VALUES (212, 55901005, "Dion Sica", "morada", 919091881, 926804095, "F", "02/09/2016 12:26:26");
INSERT INTO Paciente (PessoaID, GrupoSanguineo, SubsistemaSaude) VALUES (212, "B+", 1);
INSERT INTO Pessoa (PessoaID, NumIdentificacao, Nome, Morada, Telefone, NumeroBeneficiario, Sexo, DataNascimento) VALUES (213, 17451751, "Amy Newsom", "morada", 999426919, 201549502, "F", "17/07/2017 07:56:15");
INSERT INTO Paciente (PessoaID, GrupoSanguineo, SubsistemaSaude) VALUES (213, "A+", 1);
INSERT INTO Pessoa (PessoaID, NumIdentificacao, Nome, Morada, Telefone, NumeroBeneficiario, Sexo, DataNascimento) VALUES (214, 74583081, "Karen Shannon", "morada", 950633557, 757030554, "F", "13/11/1993 20:18:00");
INSERT INTO Paciente (PessoaID, GrupoSanguineo) VALUES (214, "B+");
INSERT INTO Pessoa (PessoaID, NumIdentificacao, Nome, Morada, Telefone, NumeroBeneficiario, Sexo, DataNascimento) VALUES (215, 84922011, "Frederick Johns", "morada", 961564408, 993480104, "M", "04/10/1984 04:27:45");
INSERT INTO Paciente (PessoaID, GrupoSanguineo, SubsistemaSaude) VALUES (215, "AB+", 1);
INSERT INTO Pessoa (PessoaID, NumIdentificacao, Nome, Morada, Telefone, NumeroBeneficiario, Sexo, DataNascimento) VALUES (216, 88797268, "Rochelle House", "morada", 954599184, 504013970, "F", "18/10/2013 17:32:41");
INSERT INTO Paciente (PessoaID, GrupoSanguineo) VALUES (216, "A-");
INSERT INTO Pessoa (PessoaID, NumIdentificacao, Nome, Morada, Telefone, NumeroBeneficiario, Sexo, DataNascimento) VALUES (217, 99433034, "Amy Olson", "morada", 956784994, 399666316, "F", "03/12/1994 06:15:49");
INSERT INTO Paciente (PessoaID, GrupoSanguineo, SubsistemaSaude) VALUES (217, "AB+", 1);
INSERT INTO Pessoa (PessoaID, NumIdentificacao, Nome, Morada, Telefone, NumeroBeneficiario, Sexo, DataNascimento) VALUES (218, 23080031, "Susan Ficklin", "morada", 981379561, 358241269, "F", "26/09/1984 13:42:16");
INSERT INTO Paciente (PessoaID, GrupoSanguineo) VALUES (218, "O+");
INSERT INTO Pessoa (PessoaID, NumIdentificacao, Nome, Morada, Telefone, NumeroBeneficiario, Sexo, DataNascimento) VALUES (219, 82146035, "Brian Howard", "morada", 944247242, 214239389, "M", "25/10/2001 10:26:25");
INSERT INTO Paciente (PessoaID, GrupoSanguineo, SubsistemaSaude) VALUES (219, "AB+", 1);
INSERT INTO Pessoa (PessoaID, NumIdentificacao, Nome, Morada, Telefone, NumeroBeneficiario, Sexo, DataNascimento) VALUES (220, 32256427, "David Deleon", "morada", 942553231, 633127967, "M", "14/01/1985 22:56:42");
INSERT INTO Paciente (PessoaID, GrupoSanguineo) VALUES (220, "AB+");
INSERT INTO Pessoa (PessoaID, NumIdentificacao, Nome, Morada, Telefone, NumeroBeneficiario, Sexo, DataNascimento) VALUES (221, 15620703, "Louise Jarmon", "morada", 930011083, 127500123, "F", "23/04/1981 04:48:12");
INSERT INTO Paciente (PessoaID, GrupoSanguineo) VALUES (221, "AB+");
INSERT INTO Pessoa (PessoaID, NumIdentificacao, Nome, Morada, Telefone, NumeroBeneficiario, Sexo, DataNascimento) VALUES (222, 95766010, "Richard Kennedy", "morada", 991712363, 729543147, "M", "30/12/1974 17:49:47");
INSERT INTO Paciente (PessoaID, GrupoSanguineo) VALUES (222, "B-");
INSERT INTO Pessoa (PessoaID, NumIdentificacao, Nome, Morada, Telefone, NumeroBeneficiario, Sexo, DataNascimento) VALUES (223, 72769601, "Michael Echols", "morada", 990050893, 264843719, "M", "23/03/1979 08:13:28");
INSERT INTO Paciente (PessoaID, GrupoSanguineo) VALUES (223, "B+");
INSERT INTO Pessoa (PessoaID, NumIdentificacao, Nome, Morada, Telefone, NumeroBeneficiario, Sexo, DataNascimento) VALUES (224, 38176435, "John Branchaud", "morada", 912132742, 815004608, "M", "04/03/1982 14:45:38");
INSERT INTO Paciente (PessoaID, GrupoSanguineo) VALUES (224, "AB-");
INSERT INTO Pessoa (PessoaID, NumIdentificacao, Nome, Morada, Telefone, NumeroBeneficiario, Sexo, DataNascimento) VALUES (225, 28340315, "Robert Guerrero", "morada", 988680353, 166914625, "M", "30/05/2015 17:18:19");
INSERT INTO Paciente (PessoaID, GrupoSanguineo, SubsistemaSaude) VALUES (225, "AB-", 4);
INSERT INTO Pessoa (PessoaID, NumIdentificacao, Nome, Morada, Telefone, NumeroBeneficiario, Sexo, DataNascimento) VALUES (226, 14443895, "Rusty Charlot", "morada", 932732052, 139439870, "M", "03/02/2006 23:29:14");
INSERT INTO Paciente (PessoaID, GrupoSanguineo) VALUES (226, "B-");
INSERT INTO Pessoa (PessoaID, NumIdentificacao, Nome, Morada, Telefone, NumeroBeneficiario, Sexo, DataNascimento) VALUES (227, 24575750, "Michael Wills", "morada", 984256929, 787791956, "M", "06/10/2008 08:57:50");
INSERT INTO Paciente (PessoaID, GrupoSanguineo) VALUES (227, "O+");
INSERT INTO Pessoa (PessoaID, NumIdentificacao, Nome, Morada, Telefone, NumeroBeneficiario, Sexo, DataNascimento) VALUES (228, 49264139, "Martha Hedges", "morada", 982130609, 959711847, "F", "25/10/2014 01:24:09");
INSERT INTO Paciente (PessoaID, GrupoSanguineo) VALUES (228, "A-");
INSERT INTO Pessoa (PessoaID, NumIdentificacao, Nome, Morada, Telefone, NumeroBeneficiario, Sexo, DataNascimento) VALUES (229, 11411242, "Dave Kazunas", "morada", 973044747, 740820273, "M", "01/02/1983 00:00:55");
INSERT INTO Paciente (PessoaID, GrupoSanguineo, SubsistemaSaude) VALUES (229, "B+", 2);
INSERT INTO Pessoa (PessoaID, NumIdentificacao, Nome, Morada, Telefone, NumeroBeneficiario, Sexo, DataNascimento) VALUES (230, 76164270, "Nell Carner", "morada", 971964404, 597238474, "F", "16/05/1991 08:51:11");
INSERT INTO Paciente (PessoaID, GrupoSanguineo, SubsistemaSaude) VALUES (230, "A-", 1);
INSERT INTO Pessoa (PessoaID, NumIdentificacao, Nome, Morada, Telefone, NumeroBeneficiario, Sexo, DataNascimento) VALUES (231, 82760661, "Ronald Pacitto", "morada", 975296917, 808972963, "M", "01/05/2016 18:10:16");
INSERT INTO Paciente (PessoaID, GrupoSanguineo, SubsistemaSaude) VALUES (231, "O+", 1);
INSERT INTO Pessoa (PessoaID, NumIdentificacao, Nome, Morada, Telefone, NumeroBeneficiario, Sexo, DataNascimento) VALUES (232, 10907404, "Kathleen Vargas", "morada", 967101740, 284924436, "F", "06/05/1975 22:59:39");
INSERT INTO Paciente (PessoaID, GrupoSanguineo) VALUES (232, "A+");
INSERT INTO Pessoa (PessoaID, NumIdentificacao, Nome, Morada, Telefone, NumeroBeneficiario, Sexo, DataNascimento) VALUES (233, 74105829, "Billy Adams", "morada", 923844167, 486635463, "M", "06/12/2018 13:52:54");
INSERT INTO Paciente (PessoaID, GrupoSanguineo) VALUES (233, "O+");
INSERT INTO Pessoa (PessoaID, NumIdentificacao, Nome, Morada, Telefone, NumeroBeneficiario, Sexo, DataNascimento) VALUES (234, 27702008, "David Wood", "morada", 966275934, 325545890, "M", "11/09/1993 11:23:43");
INSERT INTO Paciente (PessoaID, GrupoSanguineo) VALUES (234, "A-");
INSERT INTO Pessoa (PessoaID, NumIdentificacao, Nome, Morada, Telefone, NumeroBeneficiario, Sexo, DataNascimento) VALUES (235, 48712260, "Laurence Storm", "morada", 918273878, 678919210, "M", "04/04/1996 10:29:28");
INSERT INTO Paciente (PessoaID, GrupoSanguineo) VALUES (235, "AB+");
INSERT INTO Pessoa (PessoaID, NumIdentificacao, Nome, Morada, Telefone, NumeroBeneficiario, Sexo, DataNascimento) VALUES (236, 96494497, "Leona Gurley", "morada", 962730660, 467136679, "F", "10/12/2013 20:54:36");
INSERT INTO Paciente (PessoaID, GrupoSanguineo) VALUES (236, "AB+");
INSERT INTO Pessoa (PessoaID, NumIdentificacao, Nome, Morada, Telefone, NumeroBeneficiario, Sexo, DataNascimento) VALUES (237, 81493477, "Roger Irwin", "morada", 997086058, 793184085, "M", "07/11/2014 06:29:31");
INSERT INTO Paciente (PessoaID, GrupoSanguineo, SubsistemaSaude) VALUES (237, "B+", 1);
INSERT INTO Pessoa (PessoaID, NumIdentificacao, Nome, Morada, Telefone, NumeroBeneficiario, Sexo, DataNascimento) VALUES (238, 58155283, "Robert Stepnowski", "morada", 960563890, 783809465, "M", "04/01/2007 15:27:30");
INSERT INTO Paciente (PessoaID, GrupoSanguineo) VALUES (238, "B-");
INSERT INTO Pessoa (PessoaID, NumIdentificacao, Nome, Morada, Telefone, NumeroBeneficiario, Sexo, DataNascimento) VALUES (239, 84715277, "Wendy Mars", "morada", 956562442, 796078778, "F", "06/12/1997 05:39:38");
INSERT INTO Paciente (PessoaID, GrupoSanguineo) VALUES (239, "AB-");
INSERT INTO Pessoa (PessoaID, NumIdentificacao, Nome, Morada, Telefone, NumeroBeneficiario, Sexo, DataNascimento) VALUES (240, 86262444, "Catherine Rivera", "morada", 968628535, 525582431, "F", "01/02/1972 07:50:08");
INSERT INTO Paciente (PessoaID, GrupoSanguineo, SubsistemaSaude) VALUES (240, "B-", 4);
INSERT INTO Pessoa (PessoaID, NumIdentificacao, Nome, Morada, Telefone, NumeroBeneficiario, Sexo, DataNascimento) VALUES (241, 24894204, "Joanne Warner", "morada", 973090697, 748190489, "F", "03/02/1991 13:28:17");
INSERT INTO Paciente (PessoaID, GrupoSanguineo) VALUES (241, "A-");
INSERT INTO Pessoa (PessoaID, NumIdentificacao, Nome, Morada, Telefone, NumeroBeneficiario, Sexo, DataNascimento) VALUES (242, 60285285, "Van Howell", "morada", 930293353, 262456889, "M", "21/04/1994 22:51:05");
INSERT INTO Paciente (PessoaID, GrupoSanguineo) VALUES (242, "O+");
INSERT INTO Pessoa (PessoaID, NumIdentificacao, Nome, Morada, Telefone, NumeroBeneficiario, Sexo, DataNascimento) VALUES (243, 68343965, "William Peoples", "morada", 949220376, 925167794, "M", "05/05/1970 22:22:26");
INSERT INTO Paciente (PessoaID, GrupoSanguineo) VALUES (243, "A+");
INSERT INTO Pessoa (PessoaID, NumIdentificacao, Nome, Morada, Telefone, NumeroBeneficiario, Sexo, DataNascimento) VALUES (244, 54041317, "Miranda Cooke", "morada", 916718159, 148904679, "F", "30/05/1986 00:06:36");
INSERT INTO Paciente (PessoaID, GrupoSanguineo, SubsistemaSaude) VALUES (244, "B-", 1);
INSERT INTO Pessoa (PessoaID, NumIdentificacao, Nome, Morada, Telefone, NumeroBeneficiario, Sexo, DataNascimento) VALUES (245, 32092467, "Brian Bellinghausen", "morada", 947878436, 126083160, "M", "20/09/1982 15:12:41");
INSERT INTO Paciente (PessoaID, GrupoSanguineo) VALUES (245, "O-");
INSERT INTO Pessoa (PessoaID, NumIdentificacao, Nome, Morada, Telefone, NumeroBeneficiario, Sexo, DataNascimento) VALUES (246, 53237698, "Norma Akerley", "morada", 926300784, 341162368, "F", "29/09/1996 12:59:34");
INSERT INTO Paciente (PessoaID, GrupoSanguineo, SubsistemaSaude) VALUES (246, "A-", 4);
INSERT INTO Pessoa (PessoaID, NumIdentificacao, Nome, Morada, Telefone, NumeroBeneficiario, Sexo, DataNascimento) VALUES (247, 73267711, "Gerda Johnson", "morada", 957565693, 517122203, "F", "17/11/1976 21:30:27");
INSERT INTO Paciente (PessoaID, GrupoSanguineo, SubsistemaSaude) VALUES (247, "B+", 1);
INSERT INTO Pessoa (PessoaID, NumIdentificacao, Nome, Morada, Telefone, NumeroBeneficiario, Sexo, DataNascimento) VALUES (248, 83521099, "Matthew Johnson", "morada", 962518397, 471958353, "M", "13/12/2010 14:25:42");
INSERT INTO Paciente (PessoaID, GrupoSanguineo, SubsistemaSaude) VALUES (248, "A-", 1);
INSERT INTO Pessoa (PessoaID, NumIdentificacao, Nome, Morada, Telefone, NumeroBeneficiario, Sexo, DataNascimento) VALUES (249, 84956655, "Norman Russell", "morada", 968257138, 204484034, "M", "27/04/1973 08:26:05");
INSERT INTO Paciente (PessoaID, GrupoSanguineo) VALUES (249, "B-");
INSERT INTO Pessoa (PessoaID, NumIdentificacao, Nome, Morada, Telefone, NumeroBeneficiario, Sexo, DataNascimento) VALUES (250, 95716991, "Kim Vazquez", "morada", 944508147, 269673977, "F", "13/02/1981 15:14:29");
INSERT INTO Paciente (PessoaID, GrupoSanguineo, SubsistemaSaude) VALUES (250, "O+", 4);
INSERT INTO Pessoa (PessoaID, NumIdentificacao, Nome, Morada, Telefone, NumeroBeneficiario, Sexo, DataNascimento) VALUES (251, 19920421, "Brendan Crisafi", "morada", 966160789, 605957940, "M", "15/07/2017 09:55:24");
INSERT INTO Paciente (PessoaID, GrupoSanguineo) VALUES (251, "B+");
INSERT INTO Pessoa (PessoaID, NumIdentificacao, Nome, Morada, Telefone, NumeroBeneficiario, Sexo, DataNascimento) VALUES (252, 92379038, "Richard Carr", "morada", 923515448, 895834132, "M", "06/09/1991 04:42:04");
INSERT INTO Paciente (PessoaID, GrupoSanguineo, SubsistemaSaude) VALUES (252, "O+", 1);
INSERT INTO Pessoa (PessoaID, NumIdentificacao, Nome, Morada, Telefone, NumeroBeneficiario, Sexo, DataNascimento) VALUES (253, 33863921, "Michael Messenger", "morada", 962551504, 615122170, "M", "23/05/2019 12:42:31");
INSERT INTO Paciente (PessoaID, GrupoSanguineo) VALUES (253, "O-");
INSERT INTO Pessoa (PessoaID, NumIdentificacao, Nome, Morada, Telefone, NumeroBeneficiario, Sexo, DataNascimento) VALUES (254, 38718417, "Kristin Garber", "morada", 987566303, 109424949, "F", "01/03/2014 05:39:24");
INSERT INTO Paciente (PessoaID, GrupoSanguineo) VALUES (254, "A-");
INSERT INTO Pessoa (PessoaID, NumIdentificacao, Nome, Morada, Telefone, NumeroBeneficiario, Sexo, DataNascimento) VALUES (255, 50836413, "Blanch Frith", "morada", 949142328, 320917307, "F", "02/10/2004 15:07:28");
INSERT INTO Paciente (PessoaID, GrupoSanguineo, SubsistemaSaude) VALUES (255, "AB+", 4);
INSERT INTO Pessoa (PessoaID, NumIdentificacao, Nome, Morada, Telefone, NumeroBeneficiario, Sexo, DataNascimento) VALUES (256, 50796536, "Susan Chandler", "morada", 912708752, 700643973, "F", "24/01/2017 02:46:49");
INSERT INTO Paciente (PessoaID, GrupoSanguineo, SubsistemaSaude) VALUES (256, "O-", 3);
INSERT INTO Pessoa (PessoaID, NumIdentificacao, Nome, Morada, Telefone, NumeroBeneficiario, Sexo, DataNascimento) VALUES (257, 59777143, "Ines Bingaman", "morada", 932104547, 315687795, "F", "13/07/1970 16:31:54");
INSERT INTO Paciente (PessoaID, GrupoSanguineo) VALUES (257, "A+");
INSERT INTO Pessoa (PessoaID, NumIdentificacao, Nome, Morada, Telefone, NumeroBeneficiario, Sexo, DataNascimento) VALUES (258, 62972660, "Tina Allen", "morada", 915025340, 637487053, "F", "29/01/2014 03:52:31");
INSERT INTO Paciente (PessoaID, GrupoSanguineo, SubsistemaSaude) VALUES (258, "A-", 2);
INSERT INTO Pessoa (PessoaID, NumIdentificacao, Nome, Morada, Telefone, NumeroBeneficiario, Sexo, DataNascimento) VALUES (259, 30333782, "Christine Dixon", "morada", 956381648, 308618608, "F", "28/02/1980 20:12:19");
INSERT INTO Paciente (PessoaID, GrupoSanguineo, SubsistemaSaude) VALUES (259, "B-", 4);
INSERT INTO Pessoa (PessoaID, NumIdentificacao, Nome, Morada, Telefone, NumeroBeneficiario, Sexo, DataNascimento) VALUES (260, 96472589, "Margaret Covington", "morada", 916196441, 367645601, "F", "06/06/1996 15:19:50");
INSERT INTO Paciente (PessoaID, GrupoSanguineo, SubsistemaSaude) VALUES (260, "B+", 1);
INSERT INTO Pessoa (PessoaID, NumIdentificacao, Nome, Morada, Telefone, NumeroBeneficiario, Sexo, DataNascimento) VALUES (261, 45191207, "Diane Frank", "morada", 993888726, 632367947, "F", "05/07/1996 12:37:16");
INSERT INTO Paciente (PessoaID, GrupoSanguineo) VALUES (261, "O+");
INSERT INTO Pessoa (PessoaID, NumIdentificacao, Nome, Morada, Telefone, NumeroBeneficiario, Sexo, DataNascimento) VALUES (262, 32095800, "Rex Fisher", "morada", 934745432, 446179760, "M", "21/08/2003 18:24:07");
INSERT INTO Paciente (PessoaID, GrupoSanguineo) VALUES (262, "A-");
INSERT INTO Pessoa (PessoaID, NumIdentificacao, Nome, Morada, Telefone, NumeroBeneficiario, Sexo, DataNascimento) VALUES (263, 15366999, "Evelyn Butcher", "morada", 934275525, 428213285, "F", "28/06/2019 21:46:25");
INSERT INTO Paciente (PessoaID, GrupoSanguineo, SubsistemaSaude) VALUES (263, "A-", 4);
INSERT INTO Pessoa (PessoaID, NumIdentificacao, Nome, Morada, Telefone, NumeroBeneficiario, Sexo, DataNascimento) VALUES (264, 47821416, "Allen Devereux", "morada", 912767510, 501668848, "M", "06/01/1988 00:25:13");
INSERT INTO Paciente (PessoaID, GrupoSanguineo) VALUES (264, "AB-");
INSERT INTO Pessoa (PessoaID, NumIdentificacao, Nome, Morada, Telefone, NumeroBeneficiario, Sexo, DataNascimento) VALUES (265, 38287530, "Robin Searcy", "morada", 970447224, 826547309, "F", "23/08/2010 19:16:41");
INSERT INTO Paciente (PessoaID, GrupoSanguineo) VALUES (265, "AB-");
INSERT INTO Pessoa (PessoaID, NumIdentificacao, Nome, Morada, Telefone, NumeroBeneficiario, Sexo, DataNascimento) VALUES (266, 59122398, "Michelle Bliss", "morada", 934058686, 571526143, "F", "02/04/2010 12:38:38");
INSERT INTO Paciente (PessoaID, GrupoSanguineo) VALUES (266, "B+");
INSERT INTO Pessoa (PessoaID, NumIdentificacao, Nome, Morada, Telefone, NumeroBeneficiario, Sexo, DataNascimento) VALUES (267, 68830301, "Dennis Nicholson", "morada", 998327776, 854628769, "M", "22/03/1972 02:30:00");
INSERT INTO Paciente (PessoaID, GrupoSanguineo, SubsistemaSaude) VALUES (267, "AB+", 2);
INSERT INTO Pessoa (PessoaID, NumIdentificacao, Nome, Morada, Telefone, NumeroBeneficiario, Sexo, DataNascimento) VALUES (268, 28015883, "Debra Fernandez", "morada", 993843528, 368985124, "F", "14/01/2002 19:51:55");
INSERT INTO Paciente (PessoaID, GrupoSanguineo, SubsistemaSaude) VALUES (268, "A-", 1);
INSERT INTO Pessoa (PessoaID, NumIdentificacao, Nome, Morada, Telefone, NumeroBeneficiario, Sexo, DataNascimento) VALUES (269, 98085495, "William Perez", "morada", 983518690, 751388557, "M", "04/09/2016 21:41:38");
INSERT INTO Paciente (PessoaID, GrupoSanguineo) VALUES (269, "A+");
INSERT INTO Pessoa (PessoaID, NumIdentificacao, Nome, Morada, Telefone, NumeroBeneficiario, Sexo, DataNascimento) VALUES (270, 23705506, "Thomas Watkins", "morada", 959688357, 496596393, "M", "22/02/1991 06:23:00");
INSERT INTO Paciente (PessoaID, GrupoSanguineo, SubsistemaSaude) VALUES (270, "B-", 1);
INSERT INTO Pessoa (PessoaID, NumIdentificacao, Nome, Morada, Telefone, NumeroBeneficiario, Sexo, DataNascimento) VALUES (271, 59132445, "Barbara Thome", "morada", 960612940, 299628344, "F", "13/04/1980 04:11:23");
INSERT INTO Paciente (PessoaID, GrupoSanguineo, SubsistemaSaude) VALUES (271, "A+", 1);
INSERT INTO Pessoa (PessoaID, NumIdentificacao, Nome, Morada, Telefone, NumeroBeneficiario, Sexo, DataNascimento) VALUES (272, 52161603, "Robert Griffin", "morada", 935367247, 434859683, "M", "11/12/2002 02:09:08");
INSERT INTO Paciente (PessoaID, GrupoSanguineo, SubsistemaSaude) VALUES (272, "B+", 1);
INSERT INTO Pessoa (PessoaID, NumIdentificacao, Nome, Morada, Telefone, NumeroBeneficiario, Sexo, DataNascimento) VALUES (273, 85124536, "Erica Kolodziej", "morada", 913175723, 811881118, "F", "04/12/2009 11:06:42");
INSERT INTO Paciente (PessoaID, GrupoSanguineo) VALUES (273, "B-");
INSERT INTO Pessoa (PessoaID, NumIdentificacao, Nome, Morada, Telefone, NumeroBeneficiario, Sexo, DataNascimento) VALUES (274, 32665082, "Margaret Nelson", "morada", 947659054, 326323728, "F", "29/09/1971 13:12:59");
INSERT INTO Paciente (PessoaID, GrupoSanguineo, SubsistemaSaude) VALUES (274, "O-", 1);
INSERT INTO Pessoa (PessoaID, NumIdentificacao, Nome, Morada, Telefone, NumeroBeneficiario, Sexo, DataNascimento) VALUES (275, 56858796, "Louis Stanfield", "morada", 982014375, 913309290, "M", "12/03/1993 02:44:11");
INSERT INTO Paciente (PessoaID, GrupoSanguineo) VALUES (275, "O-");
INSERT INTO Pessoa (PessoaID, NumIdentificacao, Nome, Morada, Telefone, NumeroBeneficiario, Sexo, DataNascimento) VALUES (276, 91683359, "Crystal Tousom", "morada", 911663669, 210412957, "F", "07/04/1985 13:47:19");
INSERT INTO Paciente (PessoaID, GrupoSanguineo) VALUES (276, "B-");
INSERT INTO Pessoa (PessoaID, NumIdentificacao, Nome, Morada, Telefone, NumeroBeneficiario, Sexo, DataNascimento) VALUES (277, 57422976, "John Thompson", "morada", 976392842, 676326587, "M", "06/12/2009 14:00:04");
INSERT INTO Paciente (PessoaID, GrupoSanguineo, SubsistemaSaude) VALUES (277, "B+", 1);
INSERT INTO Pessoa (PessoaID, NumIdentificacao, Nome, Morada, Telefone, NumeroBeneficiario, Sexo, DataNascimento) VALUES (278, 21497180, "Cynthia Young", "morada", 989264770, 335345490, "F", "23/08/1991 13:57:49");
INSERT INTO Paciente (PessoaID, GrupoSanguineo) VALUES (278, "A+");
INSERT INTO Pessoa (PessoaID, NumIdentificacao, Nome, Morada, Telefone, NumeroBeneficiario, Sexo, DataNascimento) VALUES (279, 58219047, "Patsy Bilger", "morada", 936940498, 140765387, "F", "18/01/2008 18:21:28");
INSERT INTO Paciente (PessoaID, GrupoSanguineo) VALUES (279, "O+");
INSERT INTO Pessoa (PessoaID, NumIdentificacao, Nome, Morada, Telefone, NumeroBeneficiario, Sexo, DataNascimento) VALUES (280, 35755260, "Tara Adell", "morada", 919236491, 753424923, "F", "16/06/2009 22:41:33");
INSERT INTO Paciente (PessoaID, GrupoSanguineo, SubsistemaSaude) VALUES (280, "AB+", 1);
INSERT INTO Pessoa (PessoaID, NumIdentificacao, Nome, Morada, Telefone, NumeroBeneficiario, Sexo, DataNascimento) VALUES (281, 43061952, "Johnny Devos", "morada", 940666787, 494077745, "M", "14/05/2000 05:40:53");
INSERT INTO Paciente (PessoaID, GrupoSanguineo) VALUES (281, "A+");
INSERT INTO Pessoa (PessoaID, NumIdentificacao, Nome, Morada, Telefone, NumeroBeneficiario, Sexo, DataNascimento) VALUES (282, 56419623, "George Shea", "morada", 967886320, 174502284, "M", "21/09/1970 08:34:03");
INSERT INTO Paciente (PessoaID, GrupoSanguineo) VALUES (282, "O+");
INSERT INTO Pessoa (PessoaID, NumIdentificacao, Nome, Morada, Telefone, NumeroBeneficiario, Sexo, DataNascimento) VALUES (283, 31691712, "Rodney Williams", "morada", 971698177, 526537477, "M", "01/04/1970 16:19:56");
INSERT INTO Paciente (PessoaID, GrupoSanguineo) VALUES (283, "A+");
INSERT INTO Pessoa (PessoaID, NumIdentificacao, Nome, Morada, Telefone, NumeroBeneficiario, Sexo, DataNascimento) VALUES (284, 56186107, "Robert Gomez", "morada", 927147750, 626490995, "M", "05/02/2001 09:29:52");
INSERT INTO Paciente (PessoaID, GrupoSanguineo) VALUES (284, "A+");
INSERT INTO Pessoa (PessoaID, NumIdentificacao, Nome, Morada, Telefone, NumeroBeneficiario, Sexo, DataNascimento) VALUES (285, 23221386, "Ruth Mason", "morada", 910853720, 882303512, "F", "30/08/1980 23:33:09");
INSERT INTO Paciente (PessoaID, GrupoSanguineo) VALUES (285, "AB+");
INSERT INTO Pessoa (PessoaID, NumIdentificacao, Nome, Morada, Telefone, NumeroBeneficiario, Sexo, DataNascimento) VALUES (286, 84623161, "Ana Rodgers", "morada", 937414104, 211329809, "F", "10/03/1973 03:32:47");
INSERT INTO Paciente (PessoaID, GrupoSanguineo) VALUES (286, "AB-");
INSERT INTO Pessoa (PessoaID, NumIdentificacao, Nome, Morada, Telefone, NumeroBeneficiario, Sexo, DataNascimento) VALUES (287, 29123442, "Robert Stout", "morada", 948160179, 495479936, "M", "28/04/1991 17:19:53");
INSERT INTO Paciente (PessoaID, GrupoSanguineo, SubsistemaSaude) VALUES (287, "B+", 1);
INSERT INTO Pessoa (PessoaID, NumIdentificacao, Nome, Morada, Telefone, NumeroBeneficiario, Sexo, DataNascimento) VALUES (288, 16351477, "Christopher Parks", "morada", 995533244, 292833901, "M", "16/09/1979 23:01:55");
INSERT INTO Paciente (PessoaID, GrupoSanguineo, SubsistemaSaude) VALUES (288, "A-", 1);
INSERT INTO Pessoa (PessoaID, NumIdentificacao, Nome, Morada, Telefone, NumeroBeneficiario, Sexo, DataNascimento) VALUES (289, 86889631, "Patricia Childress", "morada", 998042120, 555365590, "F", "07/04/2003 17:36:38");
INSERT INTO Paciente (PessoaID, GrupoSanguineo) VALUES (289, "O+");
INSERT INTO Pessoa (PessoaID, NumIdentificacao, Nome, Morada, Telefone, NumeroBeneficiario, Sexo, DataNascimento) VALUES (290, 79118043, "Carrie Tuite", "morada", 922423498, 417268059, "F", "15/02/1993 09:51:36");
INSERT INTO Paciente (PessoaID, GrupoSanguineo) VALUES (290, "A+");
INSERT INTO Pessoa (PessoaID, NumIdentificacao, Nome, Morada, Telefone, NumeroBeneficiario, Sexo, DataNascimento) VALUES (291, 58196259, "James Austin", "morada", 968556654, 364233165, "M", "28/05/2007 06:48:50");
INSERT INTO Paciente (PessoaID, GrupoSanguineo) VALUES (291, "O+");
INSERT INTO Pessoa (PessoaID, NumIdentificacao, Nome, Morada, Telefone, NumeroBeneficiario, Sexo, DataNascimento) VALUES (292, 37958891, "Dolores Brown", "morada", 989303244, 631610512, "F", "21/09/2014 04:32:13");
INSERT INTO Paciente (PessoaID, GrupoSanguineo) VALUES (292, "A-");
INSERT INTO Pessoa (PessoaID, NumIdentificacao, Nome, Morada, Telefone, NumeroBeneficiario, Sexo, DataNascimento) VALUES (293, 84316536, "William Melton", "morada", 915532655, 131742619, "M", "18/10/1978 20:53:39");
INSERT INTO Paciente (PessoaID, GrupoSanguineo, SubsistemaSaude) VALUES (293, "O+", 1);
INSERT INTO Pessoa (PessoaID, NumIdentificacao, Nome, Morada, Telefone, NumeroBeneficiario, Sexo, DataNascimento) VALUES (294, 76172775, "Alfonso Harrison", "morada", 969705684, 540588112, "M", "26/11/1993 10:04:27");
INSERT INTO Paciente (PessoaID, GrupoSanguineo) VALUES (294, "O+");
INSERT INTO Pessoa (PessoaID, NumIdentificacao, Nome, Morada, Telefone, NumeroBeneficiario, Sexo, DataNascimento) VALUES (295, 68595448, "Robert Embrey", "morada", 944840471, 654872728, "M", "12/10/1970 11:39:38");
INSERT INTO Paciente (PessoaID, GrupoSanguineo, SubsistemaSaude) VALUES (295, "A+", 1);
INSERT INTO Pessoa (PessoaID, NumIdentificacao, Nome, Morada, Telefone, NumeroBeneficiario, Sexo, DataNascimento) VALUES (296, 80658641, "Pamela Cooper", "morada", 985967895, 275692481, "F", "08/07/1982 06:11:52");
INSERT INTO Paciente (PessoaID, GrupoSanguineo) VALUES (296, "AB-");
INSERT INTO Pessoa (PessoaID, NumIdentificacao, Nome, Morada, Telefone, NumeroBeneficiario, Sexo, DataNascimento) VALUES (297, 71190698, "Lesley Agee", "morada", 936579991, 541579761, "F", "08/02/1984 15:36:19");
INSERT INTO Paciente (PessoaID, GrupoSanguineo, SubsistemaSaude) VALUES (297, "B+", 1);
INSERT INTO Pessoa (PessoaID, NumIdentificacao, Nome, Morada, Telefone, NumeroBeneficiario, Sexo, DataNascimento) VALUES (298, 93095550, "Michael Havercroft", "morada", 913693570, 403817842, "M", "13/12/1983 15:19:39");
INSERT INTO Paciente (PessoaID, GrupoSanguineo) VALUES (298, "AB+");
INSERT INTO Pessoa (PessoaID, NumIdentificacao, Nome, Morada, Telefone, NumeroBeneficiario, Sexo, DataNascimento) VALUES (299, 46348876, "Lola Gilbert", "morada", 912365410, 276025532, "F", "05/05/1988 05:34:09");
INSERT INTO Paciente (PessoaID, GrupoSanguineo, SubsistemaSaude) VALUES (299, "AB-", 1);
INSERT INTO Pessoa (PessoaID, NumIdentificacao, Nome, Morada, Telefone, NumeroBeneficiario, Sexo, DataNascimento) VALUES (300, 20742489, "Lawrence Noble", "morada", 994430338, 316447406, "M", "01/03/2013 08:47:12");
INSERT INTO Paciente (PessoaID, GrupoSanguineo) VALUES (300, "A-");


-- Nurses
INSERT INTO Pessoa (PessoaID, NumIdentificacao, Nome, Morada, Telefone, NumeroBeneficiario, Sexo, DataNascimento) VALUES (301, 39013953, "Araceli Mchugh", "morada", 941995811, 273458114, "F", "26/02/1984 00:39:44");
INSERT INTO Staff (PessoaID, CodigoIdentificacao, Especializacao) VALUES (301, 4415, 8);
INSERT INTO Enfermeiro (StaffID) VALUES (4415);
INSERT INTO HorarioTrabalho (StaffID, HorarioID) VALUES (4415, 2);
INSERT INTO HorarioTrabalho (StaffID, HorarioID) VALUES (4415, 27);
INSERT INTO Pessoa (PessoaID, NumIdentificacao, Nome, Morada, Telefone, NumeroBeneficiario, Sexo, DataNascimento) VALUES (302, 30536748, "Otha Burke", "morada", 928079784, 638245102, "M", "13/07/2014 12:42:36");
INSERT INTO Staff (PessoaID, CodigoIdentificacao, Especializacao) VALUES (302, 9714, 15);
INSERT INTO Enfermeiro (StaffID) VALUES (9714);
INSERT INTO HorarioTrabalho (StaffID, HorarioID) VALUES (9714, 1);
INSERT INTO HorarioTrabalho (StaffID, HorarioID) VALUES (9714, 11);
INSERT INTO HorarioTrabalho (StaffID, HorarioID) VALUES (9714, 22);
INSERT INTO Pessoa (PessoaID, NumIdentificacao, Nome, Morada, Telefone, NumeroBeneficiario, Sexo, DataNascimento) VALUES (303, 18403197, "John Wong", "morada", 959235168, 598577797, "M", "13/05/1999 14:31:35");
INSERT INTO Staff (PessoaID, CodigoIdentificacao, Especializacao) VALUES (303, 8750, 6);
INSERT INTO Enfermeiro (StaffID) VALUES (8750);
INSERT INTO HorarioTrabalho (StaffID, HorarioID) VALUES (8750, 6);
INSERT INTO HorarioTrabalho (StaffID, HorarioID) VALUES (8750, 11);
INSERT INTO HorarioTrabalho (StaffID, HorarioID) VALUES (8750, 24);
INSERT INTO Pessoa (PessoaID, NumIdentificacao, Nome, Morada, Telefone, NumeroBeneficiario, Sexo, DataNascimento) VALUES (304, 61820835, "Lakeshia Hart", "morada", 929556194, 203825624, "F", "26/05/1975 12:22:26");
INSERT INTO Staff (PessoaID, CodigoIdentificacao, Especializacao) VALUES (304, 5876, 36);
INSERT INTO Enfermeiro (StaffID) VALUES (5876);
INSERT INTO HorarioTrabalho (StaffID, HorarioID) VALUES (5876, 3);
INSERT INTO HorarioTrabalho (StaffID, HorarioID) VALUES (5876, 7);
INSERT INTO HorarioTrabalho (StaffID, HorarioID) VALUES (5876, 12);
INSERT INTO HorarioTrabalho (StaffID, HorarioID) VALUES (5876, 16);
INSERT INTO HorarioTrabalho (StaffID, HorarioID) VALUES (5876, 24);
INSERT INTO HorarioTrabalho (StaffID, HorarioID) VALUES (5876, 28);
INSERT INTO Pessoa (PessoaID, NumIdentificacao, Nome, Morada, Telefone, NumeroBeneficiario, Sexo, DataNascimento) VALUES (305, 42003738, "Laura Remick", "morada", 974020982, 836145768, "F", "23/05/1975 01:50:00");
INSERT INTO Staff (PessoaID, CodigoIdentificacao, Especializacao) VALUES (305, 1305, 33);
INSERT INTO Enfermeiro (StaffID) VALUES (1305);
INSERT INTO HorarioTrabalho (StaffID, HorarioID) VALUES (1305, 5);
INSERT INTO HorarioTrabalho (StaffID, HorarioID) VALUES (1305, 13);
INSERT INTO HorarioTrabalho (StaffID, HorarioID) VALUES (1305, 18);
INSERT INTO HorarioTrabalho (StaffID, HorarioID) VALUES (1305, 23);
INSERT INTO HorarioTrabalho (StaffID, HorarioID) VALUES (1305, 26);
INSERT INTO Pessoa (PessoaID, NumIdentificacao, Nome, Morada, Telefone, NumeroBeneficiario, Sexo, DataNascimento) VALUES (306, 47231158, "Ali Williams", "morada", 938399557, 138135000, "M", "08/11/1984 12:00:36");
INSERT INTO Staff (PessoaID, CodigoIdentificacao, Especializacao) VALUES (306, 2902, 12);
INSERT INTO Enfermeiro (StaffID) VALUES (2902);
INSERT INTO HorarioTrabalho (StaffID, HorarioID) VALUES (2902, 8);
INSERT INTO HorarioTrabalho (StaffID, HorarioID) VALUES (2902, 15);
INSERT INTO HorarioTrabalho (StaffID, HorarioID) VALUES (2902, 20);
INSERT INTO Pessoa (PessoaID, NumIdentificacao, Nome, Morada, Telefone, NumeroBeneficiario, Sexo, DataNascimento) VALUES (307, 11628735, "John Weaver", "morada", 952466685, 678316644, "M", "02/04/1986 09:13:21");
INSERT INTO Staff (PessoaID, CodigoIdentificacao, Especializacao) VALUES (307, 4001, 36);
INSERT INTO Enfermeiro (StaffID) VALUES (4001);
INSERT INTO HorarioTrabalho (StaffID, HorarioID) VALUES (4001, 25);
INSERT INTO Pessoa (PessoaID, NumIdentificacao, Nome, Morada, Telefone, NumeroBeneficiario, Sexo, DataNascimento) VALUES (308, 78021370, "Michelle Fey", "morada", 958772176, 760342204, "F", "16/11/2003 09:36:10");
INSERT INTO Staff (PessoaID, CodigoIdentificacao, Especializacao) VALUES (308, 2281, 21);
INSERT INTO Enfermeiro (StaffID) VALUES (2281);
INSERT INTO HorarioTrabalho (StaffID, HorarioID) VALUES (2281, 20);
INSERT INTO HorarioTrabalho (StaffID, HorarioID) VALUES (2281, 23);
INSERT INTO HorarioTrabalho (StaffID, HorarioID) VALUES (2281, 26);
INSERT INTO Pessoa (PessoaID, NumIdentificacao, Nome, Morada, Telefone, NumeroBeneficiario, Sexo, DataNascimento) VALUES (309, 21788633, "Melina Bell", "morada", 963092270, 597427786, "F", "23/06/2010 13:23:02");
INSERT INTO Staff (PessoaID, CodigoIdentificacao, Especializacao) VALUES (309, 8158, 35);
INSERT INTO Enfermeiro (StaffID) VALUES (8158);
INSERT INTO HorarioTrabalho (StaffID, HorarioID) VALUES (8158, 10);
INSERT INTO HorarioTrabalho (StaffID, HorarioID) VALUES (8158, 20);
INSERT INTO HorarioTrabalho (StaffID, HorarioID) VALUES (8158, 30);
INSERT INTO Pessoa (PessoaID, NumIdentificacao, Nome, Morada, Telefone, NumeroBeneficiario, Sexo, DataNascimento) VALUES (310, 46185701, "Robert Moore", "morada", 956817853, 672585227, "M", "30/12/2002 01:56:17");
INSERT INTO Staff (PessoaID, CodigoIdentificacao, Especializacao) VALUES (310, 9744, 12);
INSERT INTO Enfermeiro (StaffID) VALUES (9744);
INSERT INTO HorarioTrabalho (StaffID, HorarioID) VALUES (9744, 3);
INSERT INTO HorarioTrabalho (StaffID, HorarioID) VALUES (9744, 8);
INSERT INTO HorarioTrabalho (StaffID, HorarioID) VALUES (9744, 16);
INSERT INTO Pessoa (PessoaID, NumIdentificacao, Nome, Morada, Telefone, NumeroBeneficiario, Sexo, DataNascimento) VALUES (311, 57344837, "Wai Schneck", "morada", 913089071, 820434166, "F", "31/01/2019 11:51:28");
INSERT INTO Staff (PessoaID, CodigoIdentificacao, Especializacao) VALUES (311, 3006, 4);
INSERT INTO Enfermeiro (StaffID) VALUES (3006);
INSERT INTO HorarioTrabalho (StaffID, HorarioID) VALUES (3006, 4);
INSERT INTO HorarioTrabalho (StaffID, HorarioID) VALUES (3006, 6);
INSERT INTO HorarioTrabalho (StaffID, HorarioID) VALUES (3006, 15);
INSERT INTO HorarioTrabalho (StaffID, HorarioID) VALUES (3006, 22);
INSERT INTO Pessoa (PessoaID, NumIdentificacao, Nome, Morada, Telefone, NumeroBeneficiario, Sexo, DataNascimento) VALUES (312, 57743359, "Martin Mcpartland", "morada", 996059581, 869407849, "M", "07/06/2006 04:51:48");
INSERT INTO Staff (PessoaID, CodigoIdentificacao, Especializacao) VALUES (312, 2754, 18);
INSERT INTO Enfermeiro (StaffID) VALUES (2754);
INSERT INTO HorarioTrabalho (StaffID, HorarioID) VALUES (2754, 9);
INSERT INTO HorarioTrabalho (StaffID, HorarioID) VALUES (2754, 13);
INSERT INTO HorarioTrabalho (StaffID, HorarioID) VALUES (2754, 14);
INSERT INTO HorarioTrabalho (StaffID, HorarioID) VALUES (2754, 24);
INSERT INTO Pessoa (PessoaID, NumIdentificacao, Nome, Morada, Telefone, NumeroBeneficiario, Sexo, DataNascimento) VALUES (313, 27880376, "Linda Wilkey", "morada", 947929228, 611534131, "F", "25/02/1973 10:19:26");
INSERT INTO Staff (PessoaID, CodigoIdentificacao, Especializacao) VALUES (313, 9267, 21);
INSERT INTO Enfermeiro (StaffID) VALUES (9267);
INSERT INTO HorarioTrabalho (StaffID, HorarioID) VALUES (9267, 4);
INSERT INTO HorarioTrabalho (StaffID, HorarioID) VALUES (9267, 9);
INSERT INTO HorarioTrabalho (StaffID, HorarioID) VALUES (9267, 12);
INSERT INTO HorarioTrabalho (StaffID, HorarioID) VALUES (9267, 20);
INSERT INTO HorarioTrabalho (StaffID, HorarioID) VALUES (9267, 22);
INSERT INTO HorarioTrabalho (StaffID, HorarioID) VALUES (9267, 27);
INSERT INTO Pessoa (PessoaID, NumIdentificacao, Nome, Morada, Telefone, NumeroBeneficiario, Sexo, DataNascimento) VALUES (314, 84604388, "Jenny Cox", "morada", 979016314, 383576367, "F", "22/05/1998 01:02:13");
INSERT INTO Staff (PessoaID, CodigoIdentificacao, Especializacao) VALUES (314, 8214, 22);
INSERT INTO Enfermeiro (StaffID) VALUES (8214);
INSERT INTO HorarioTrabalho (StaffID, HorarioID) VALUES (8214, 7);
INSERT INTO HorarioTrabalho (StaffID, HorarioID) VALUES (8214, 11);
INSERT INTO HorarioTrabalho (StaffID, HorarioID) VALUES (8214, 15);
INSERT INTO HorarioTrabalho (StaffID, HorarioID) VALUES (8214, 19);
INSERT INTO HorarioTrabalho (StaffID, HorarioID) VALUES (8214, 24);
INSERT INTO Pessoa (PessoaID, NumIdentificacao, Nome, Morada, Telefone, NumeroBeneficiario, Sexo, DataNascimento) VALUES (315, 45183843, "Jason Brown", "morada", 930661834, 894850612, "M", "05/08/1973 18:09:36");
INSERT INTO Staff (PessoaID, CodigoIdentificacao, Especializacao) VALUES (315, 8349, 15);
INSERT INTO Enfermeiro (StaffID) VALUES (8349);
INSERT INTO HorarioTrabalho (StaffID, HorarioID) VALUES (8349, 5);
INSERT INTO HorarioTrabalho (StaffID, HorarioID) VALUES (8349, 10);
INSERT INTO HorarioTrabalho (StaffID, HorarioID) VALUES (8349, 14);
INSERT INTO HorarioTrabalho (StaffID, HorarioID) VALUES (8349, 20);
INSERT INTO HorarioTrabalho (StaffID, HorarioID) VALUES (8349, 22);
INSERT INTO Pessoa (PessoaID, NumIdentificacao, Nome, Morada, Telefone, NumeroBeneficiario, Sexo, DataNascimento) VALUES (316, 33471726, "Betty Madden", "morada", 974010313, 302964067, "F", "10/07/2012 08:48:02");
INSERT INTO Staff (PessoaID, CodigoIdentificacao, Especializacao) VALUES (316, 4623, 47);
INSERT INTO Enfermeiro (StaffID) VALUES (4623);
INSERT INTO HorarioTrabalho (StaffID, HorarioID) VALUES (4623, 3);
INSERT INTO HorarioTrabalho (StaffID, HorarioID) VALUES (4623, 13);
INSERT INTO HorarioTrabalho (StaffID, HorarioID) VALUES (4623, 15);
INSERT INTO HorarioTrabalho (StaffID, HorarioID) VALUES (4623, 19);
INSERT INTO HorarioTrabalho (StaffID, HorarioID) VALUES (4623, 26);
INSERT INTO Pessoa (PessoaID, NumIdentificacao, Nome, Morada, Telefone, NumeroBeneficiario, Sexo, DataNascimento) VALUES (317, 90996522, "Michael Neill", "morada", 964978039, 386436494, "M", "15/10/1981 07:04:22");
INSERT INTO Staff (PessoaID, CodigoIdentificacao, Especializacao) VALUES (317, 7667, 1);
INSERT INTO Enfermeiro (StaffID) VALUES (7667);
INSERT INTO HorarioTrabalho (StaffID, HorarioID) VALUES (7667, 3);
INSERT INTO HorarioTrabalho (StaffID, HorarioID) VALUES (7667, 11);
INSERT INTO HorarioTrabalho (StaffID, HorarioID) VALUES (7667, 23);
INSERT INTO Pessoa (PessoaID, NumIdentificacao, Nome, Morada, Telefone, NumeroBeneficiario, Sexo, DataNascimento) VALUES (318, 76556677, "Cassie Valencia", "morada", 941223936, 506503252, "F", "27/01/1999 08:07:13");
INSERT INTO Staff (PessoaID, CodigoIdentificacao, Especializacao) VALUES (318, 8335, 26);
INSERT INTO Enfermeiro (StaffID) VALUES (8335);
INSERT INTO HorarioTrabalho (StaffID, HorarioID) VALUES (8335, 16);
INSERT INTO HorarioTrabalho (StaffID, HorarioID) VALUES (8335, 19);
INSERT INTO HorarioTrabalho (StaffID, HorarioID) VALUES (8335, 29);
INSERT INTO Pessoa (PessoaID, NumIdentificacao, Nome, Morada, Telefone, NumeroBeneficiario, Sexo, DataNascimento) VALUES (319, 65693302, "Leigh Tudor", "morada", 988712046, 857600957, "F", "16/01/1983 12:44:30");
INSERT INTO Staff (PessoaID, CodigoIdentificacao, Especializacao) VALUES (319, 2879, 3);
INSERT INTO Enfermeiro (StaffID) VALUES (2879);
INSERT INTO HorarioTrabalho (StaffID, HorarioID) VALUES (2879, 4);
INSERT INTO HorarioTrabalho (StaffID, HorarioID) VALUES (2879, 5);
INSERT INTO HorarioTrabalho (StaffID, HorarioID) VALUES (2879, 25);
INSERT INTO Pessoa (PessoaID, NumIdentificacao, Nome, Morada, Telefone, NumeroBeneficiario, Sexo, DataNascimento) VALUES (320, 41058294, "Carla Wells", "morada", 952129329, 164767461, "F", "09/09/1997 15:13:20");
INSERT INTO Staff (PessoaID, CodigoIdentificacao, Especializacao) VALUES (320, 2735, 13);
INSERT INTO Enfermeiro (StaffID) VALUES (2735);
INSERT INTO HorarioTrabalho (StaffID, HorarioID) VALUES (2735, 12);
INSERT INTO HorarioTrabalho (StaffID, HorarioID) VALUES (2735, 14);
INSERT INTO HorarioTrabalho (StaffID, HorarioID) VALUES (2735, 20);
INSERT INTO HorarioTrabalho (StaffID, HorarioID) VALUES (2735, 25);
INSERT INTO HorarioTrabalho (StaffID, HorarioID) VALUES (2735, 29);
INSERT INTO Pessoa (PessoaID, NumIdentificacao, Nome, Morada, Telefone, NumeroBeneficiario, Sexo, DataNascimento) VALUES (321, 88376891, "Kimberly Morrison", "morada", 985365229, 121713623, "F", "21/09/2012 22:53:39");
INSERT INTO Staff (PessoaID, CodigoIdentificacao, Especializacao) VALUES (321, 2392, 6);
INSERT INTO Enfermeiro (StaffID) VALUES (2392);
INSERT INTO HorarioTrabalho (StaffID, HorarioID) VALUES (2392, 4);
INSERT INTO HorarioTrabalho (StaffID, HorarioID) VALUES (2392, 9);
INSERT INTO HorarioTrabalho (StaffID, HorarioID) VALUES (2392, 13);
INSERT INTO HorarioTrabalho (StaffID, HorarioID) VALUES (2392, 17);
INSERT INTO HorarioTrabalho (StaffID, HorarioID) VALUES (2392, 19);
INSERT INTO Pessoa (PessoaID, NumIdentificacao, Nome, Morada, Telefone, NumeroBeneficiario, Sexo, DataNascimento) VALUES (322, 33849260, "Jessica Walters", "morada", 964238933, 630004132, "F", "07/06/2011 03:09:28");
INSERT INTO Staff (PessoaID, CodigoIdentificacao, Especializacao) VALUES (322, 5961, 2);
INSERT INTO Enfermeiro (StaffID) VALUES (5961);
INSERT INTO HorarioTrabalho (StaffID, HorarioID) VALUES (5961, 4);
INSERT INTO HorarioTrabalho (StaffID, HorarioID) VALUES (5961, 11);
INSERT INTO HorarioTrabalho (StaffID, HorarioID) VALUES (5961, 14);
INSERT INTO HorarioTrabalho (StaffID, HorarioID) VALUES (5961, 24);
INSERT INTO Pessoa (PessoaID, NumIdentificacao, Nome, Morada, Telefone, NumeroBeneficiario, Sexo, DataNascimento) VALUES (323, 92911647, "Nannette Dingell", "morada", 982241507, 980475291, "F", "04/01/2016 12:41:32");
INSERT INTO Staff (PessoaID, CodigoIdentificacao, Especializacao) VALUES (323, 3364, 49);
INSERT INTO Enfermeiro (StaffID) VALUES (3364);
INSERT INTO HorarioTrabalho (StaffID, HorarioID) VALUES (3364, 4);
INSERT INTO HorarioTrabalho (StaffID, HorarioID) VALUES (3364, 14);
INSERT INTO HorarioTrabalho (StaffID, HorarioID) VALUES (3364, 24);
INSERT INTO HorarioTrabalho (StaffID, HorarioID) VALUES (3364, 29);
INSERT INTO Pessoa (PessoaID, NumIdentificacao, Nome, Morada, Telefone, NumeroBeneficiario, Sexo, DataNascimento) VALUES (324, 39175585, "Mabel Lyons", "morada", 998447974, 796173735, "F", "16/09/2011 17:49:42");
INSERT INTO Staff (PessoaID, CodigoIdentificacao, Especializacao) VALUES (324, 3279, 47);
INSERT INTO Enfermeiro (StaffID) VALUES (3279);
INSERT INTO HorarioTrabalho (StaffID, HorarioID) VALUES (3279, 4);
INSERT INTO HorarioTrabalho (StaffID, HorarioID) VALUES (3279, 10);
INSERT INTO HorarioTrabalho (StaffID, HorarioID) VALUES (3279, 15);
INSERT INTO Pessoa (PessoaID, NumIdentificacao, Nome, Morada, Telefone, NumeroBeneficiario, Sexo, DataNascimento) VALUES (325, 46635915, "Catherine Gleason", "morada", 985982348, 627545330, "F", "18/02/1994 10:14:16");
INSERT INTO Staff (PessoaID, CodigoIdentificacao, Especializacao) VALUES (325, 8702, 33);
INSERT INTO Enfermeiro (StaffID) VALUES (8702);
INSERT INTO HorarioTrabalho (StaffID, HorarioID) VALUES (8702, 4);
INSERT INTO HorarioTrabalho (StaffID, HorarioID) VALUES (8702, 13);
INSERT INTO HorarioTrabalho (StaffID, HorarioID) VALUES (8702, 14);
INSERT INTO HorarioTrabalho (StaffID, HorarioID) VALUES (8702, 22);
INSERT INTO HorarioTrabalho (StaffID, HorarioID) VALUES (8702, 27);
INSERT INTO Pessoa (PessoaID, NumIdentificacao, Nome, Morada, Telefone, NumeroBeneficiario, Sexo, DataNascimento) VALUES (326, 14227199, "Pearl Wilder", "morada", 990318201, 276247904, "F", "27/10/1984 11:56:13");
INSERT INTO Staff (PessoaID, CodigoIdentificacao, Especializacao) VALUES (326, 5286, 11);
INSERT INTO Enfermeiro (StaffID) VALUES (5286);
INSERT INTO HorarioTrabalho (StaffID, HorarioID) VALUES (5286, 2);
INSERT INTO HorarioTrabalho (StaffID, HorarioID) VALUES (5286, 21);
INSERT INTO HorarioTrabalho (StaffID, HorarioID) VALUES (5286, 28);
INSERT INTO Pessoa (PessoaID, NumIdentificacao, Nome, Morada, Telefone, NumeroBeneficiario, Sexo, DataNascimento) VALUES (327, 24877863, "Sherry Taque", "morada", 948208678, 801047345, "F", "09/01/2002 03:19:51");
INSERT INTO Staff (PessoaID, CodigoIdentificacao, Especializacao) VALUES (327, 3424, 25);
INSERT INTO Enfermeiro (StaffID) VALUES (3424);
INSERT INTO HorarioTrabalho (StaffID, HorarioID) VALUES (3424, 6);
INSERT INTO HorarioTrabalho (StaffID, HorarioID) VALUES (3424, 10);
INSERT INTO HorarioTrabalho (StaffID, HorarioID) VALUES (3424, 30);
INSERT INTO Pessoa (PessoaID, NumIdentificacao, Nome, Morada, Telefone, NumeroBeneficiario, Sexo, DataNascimento) VALUES (328, 92455299, "Elizabeth Young", "morada", 928837853, 622205400, "F", "05/02/1997 08:33:00");
INSERT INTO Staff (PessoaID, CodigoIdentificacao, Especializacao) VALUES (328, 7475, 43);
INSERT INTO Enfermeiro (StaffID) VALUES (7475);
INSERT INTO HorarioTrabalho (StaffID, HorarioID) VALUES (7475, 9);
INSERT INTO HorarioTrabalho (StaffID, HorarioID) VALUES (7475, 22);
INSERT INTO HorarioTrabalho (StaffID, HorarioID) VALUES (7475, 27);
INSERT INTO Pessoa (PessoaID, NumIdentificacao, Nome, Morada, Telefone, NumeroBeneficiario, Sexo, DataNascimento) VALUES (329, 46881252, "Mario Horsley", "morada", 929871281, 918385822, "M", "17/03/2014 05:18:22");
INSERT INTO Staff (PessoaID, CodigoIdentificacao, Especializacao) VALUES (329, 6604, 5);
INSERT INTO Enfermeiro (StaffID) VALUES (6604);
INSERT INTO HorarioTrabalho (StaffID, HorarioID) VALUES (6604, 4);
INSERT INTO HorarioTrabalho (StaffID, HorarioID) VALUES (6604, 5);
INSERT INTO HorarioTrabalho (StaffID, HorarioID) VALUES (6604, 20);
INSERT INTO Pessoa (PessoaID, NumIdentificacao, Nome, Morada, Telefone, NumeroBeneficiario, Sexo, DataNascimento) VALUES (330, 10558189, "April Adams", "morada", 972680443, 382556033, "F", "26/06/1986 20:18:35");
INSERT INTO Staff (PessoaID, CodigoIdentificacao, Especializacao) VALUES (330, 1106, 13);
INSERT INTO Enfermeiro (StaffID) VALUES (1106);
INSERT INTO HorarioTrabalho (StaffID, HorarioID) VALUES (1106, 13);
INSERT INTO HorarioTrabalho (StaffID, HorarioID) VALUES (1106, 16);
INSERT INTO HorarioTrabalho (StaffID, HorarioID) VALUES (1106, 19);
INSERT INTO Pessoa (PessoaID, NumIdentificacao, Nome, Morada, Telefone, NumeroBeneficiario, Sexo, DataNascimento) VALUES (331, 61082848, "Roberta Webb", "morada", 940782555, 491000177, "F", "12/10/1993 01:31:09");
INSERT INTO Staff (PessoaID, CodigoIdentificacao, Especializacao) VALUES (331, 8255, 11);
INSERT INTO Enfermeiro (StaffID) VALUES (8255);
INSERT INTO HorarioTrabalho (StaffID, HorarioID) VALUES (8255, 3);
INSERT INTO HorarioTrabalho (StaffID, HorarioID) VALUES (8255, 10);
INSERT INTO HorarioTrabalho (StaffID, HorarioID) VALUES (8255, 15);
INSERT INTO HorarioTrabalho (StaffID, HorarioID) VALUES (8255, 19);
INSERT INTO HorarioTrabalho (StaffID, HorarioID) VALUES (8255, 24);
INSERT INTO Pessoa (PessoaID, NumIdentificacao, Nome, Morada, Telefone, NumeroBeneficiario, Sexo, DataNascimento) VALUES (332, 13084171, "Margaret Horton", "morada", 999885960, 155938914, "F", "12/04/1999 14:45:58");
INSERT INTO Staff (PessoaID, CodigoIdentificacao, Especializacao) VALUES (332, 1178, 16);
INSERT INTO Enfermeiro (StaffID) VALUES (1178);
INSERT INTO HorarioTrabalho (StaffID, HorarioID) VALUES (1178, 3);
INSERT INTO HorarioTrabalho (StaffID, HorarioID) VALUES (1178, 13);
INSERT INTO Pessoa (PessoaID, NumIdentificacao, Nome, Morada, Telefone, NumeroBeneficiario, Sexo, DataNascimento) VALUES (333, 28707716, "Thomas Leggett", "morada", 971048473, 872324856, "M", "07/12/2004 14:50:38");
INSERT INTO Staff (PessoaID, CodigoIdentificacao, Especializacao) VALUES (333, 7062, 33);
INSERT INTO Enfermeiro (StaffID) VALUES (7062);
INSERT INTO HorarioTrabalho (StaffID, HorarioID) VALUES (7062, 8);
INSERT INTO HorarioTrabalho (StaffID, HorarioID) VALUES (7062, 18);
INSERT INTO HorarioTrabalho (StaffID, HorarioID) VALUES (7062, 24);
INSERT INTO Pessoa (PessoaID, NumIdentificacao, Nome, Morada, Telefone, NumeroBeneficiario, Sexo, DataNascimento) VALUES (334, 84672363, "Angela Buckles", "morada", 975758249, 947277218, "F", "25/02/1974 13:11:46");
INSERT INTO Staff (PessoaID, CodigoIdentificacao, Especializacao) VALUES (334, 3691, 1);
INSERT INTO Enfermeiro (StaffID) VALUES (3691);
INSERT INTO HorarioTrabalho (StaffID, HorarioID) VALUES (3691, 21);
INSERT INTO HorarioTrabalho (StaffID, HorarioID) VALUES (3691, 29);
INSERT INTO Pessoa (PessoaID, NumIdentificacao, Nome, Morada, Telefone, NumeroBeneficiario, Sexo, DataNascimento) VALUES (335, 78170987, "Richard Chittenden", "morada", 994824560, 506856747, "M", "27/03/2003 21:18:13");
INSERT INTO Staff (PessoaID, CodigoIdentificacao, Especializacao) VALUES (335, 6968, 45);
INSERT INTO Enfermeiro (StaffID) VALUES (6968);
INSERT INTO HorarioTrabalho (StaffID, HorarioID) VALUES (6968, 1);
INSERT INTO HorarioTrabalho (StaffID, HorarioID) VALUES (6968, 6);
INSERT INTO HorarioTrabalho (StaffID, HorarioID) VALUES (6968, 19);
INSERT INTO HorarioTrabalho (StaffID, HorarioID) VALUES (6968, 29);
INSERT INTO Pessoa (PessoaID, NumIdentificacao, Nome, Morada, Telefone, NumeroBeneficiario, Sexo, DataNascimento) VALUES (336, 30752524, "David Kahn", "morada", 948707308, 720945027, "M", "22/05/1971 16:27:17");
INSERT INTO Staff (PessoaID, CodigoIdentificacao, Especializacao) VALUES (336, 7958, 15);
INSERT INTO Enfermeiro (StaffID) VALUES (7958);
INSERT INTO HorarioTrabalho (StaffID, HorarioID) VALUES (7958, 7);
INSERT INTO HorarioTrabalho (StaffID, HorarioID) VALUES (7958, 28);
INSERT INTO Pessoa (PessoaID, NumIdentificacao, Nome, Morada, Telefone, NumeroBeneficiario, Sexo, DataNascimento) VALUES (337, 73735704, "Joseph Strecker", "morada", 983311574, 552180370, "M", "30/09/1985 04:16:25");
INSERT INTO Staff (PessoaID, CodigoIdentificacao, Especializacao) VALUES (337, 9145, 31);
INSERT INTO Enfermeiro (StaffID) VALUES (9145);
INSERT INTO HorarioTrabalho (StaffID, HorarioID) VALUES (9145, 23);
INSERT INTO Pessoa (PessoaID, NumIdentificacao, Nome, Morada, Telefone, NumeroBeneficiario, Sexo, DataNascimento) VALUES (338, 20128524, "Amy Pharmer", "morada", 962758205, 811990436, "F", "06/10/1989 18:46:05");
INSERT INTO Staff (PessoaID, CodigoIdentificacao, Especializacao) VALUES (338, 6134, 35);
INSERT INTO Enfermeiro (StaffID) VALUES (6134);
INSERT INTO HorarioTrabalho (StaffID, HorarioID) VALUES (6134, 12);
INSERT INTO HorarioTrabalho (StaffID, HorarioID) VALUES (6134, 15);
INSERT INTO Pessoa (PessoaID, NumIdentificacao, Nome, Morada, Telefone, NumeroBeneficiario, Sexo, DataNascimento) VALUES (339, 97612940, "Eric Fries", "morada", 935574910, 830010792, "M", "08/01/2002 01:55:53");
INSERT INTO Staff (PessoaID, CodigoIdentificacao, Especializacao) VALUES (339, 6004, 21);
INSERT INTO Enfermeiro (StaffID) VALUES (6004);
INSERT INTO HorarioTrabalho (StaffID, HorarioID) VALUES (6004, 18);
INSERT INTO HorarioTrabalho (StaffID, HorarioID) VALUES (6004, 27);
INSERT INTO Pessoa (PessoaID, NumIdentificacao, Nome, Morada, Telefone, NumeroBeneficiario, Sexo, DataNascimento) VALUES (340, 28552550, "Armando Gosnell", "morada", 974803181, 978045789, "M", "01/12/1991 12:30:44");
INSERT INTO Staff (PessoaID, CodigoIdentificacao, Especializacao) VALUES (340, 1850, 34);
INSERT INTO Enfermeiro (StaffID) VALUES (1850);
INSERT INTO HorarioTrabalho (StaffID, HorarioID) VALUES (1850, 2);
INSERT INTO HorarioTrabalho (StaffID, HorarioID) VALUES (1850, 7);
INSERT INTO HorarioTrabalho (StaffID, HorarioID) VALUES (1850, 18);
INSERT INTO HorarioTrabalho (StaffID, HorarioID) VALUES (1850, 25);
INSERT INTO Pessoa (PessoaID, NumIdentificacao, Nome, Morada, Telefone, NumeroBeneficiario, Sexo, DataNascimento) VALUES (341, 51308372, "Philip Crouse", "morada", 929507826, 936487334, "M", "05/09/1995 06:36:01");
INSERT INTO Staff (PessoaID, CodigoIdentificacao, Especializacao) VALUES (341, 9031, 16);
INSERT INTO Enfermeiro (StaffID) VALUES (9031);
INSERT INTO HorarioTrabalho (StaffID, HorarioID) VALUES (9031, 1);
INSERT INTO HorarioTrabalho (StaffID, HorarioID) VALUES (9031, 9);
INSERT INTO HorarioTrabalho (StaffID, HorarioID) VALUES (9031, 16);
INSERT INTO HorarioTrabalho (StaffID, HorarioID) VALUES (9031, 20);
INSERT INTO Pessoa (PessoaID, NumIdentificacao, Nome, Morada, Telefone, NumeroBeneficiario, Sexo, DataNascimento) VALUES (342, 58785727, "Freddie Black", "morada", 913053313, 135874550, "M", "01/12/1982 17:26:46");
INSERT INTO Staff (PessoaID, CodigoIdentificacao, Especializacao) VALUES (342, 2385, 2);
INSERT INTO Enfermeiro (StaffID) VALUES (2385);
INSERT INTO HorarioTrabalho (StaffID, HorarioID) VALUES (2385, 11);
INSERT INTO HorarioTrabalho (StaffID, HorarioID) VALUES (2385, 25);
INSERT INTO HorarioTrabalho (StaffID, HorarioID) VALUES (2385, 27);
INSERT INTO Pessoa (PessoaID, NumIdentificacao, Nome, Morada, Telefone, NumeroBeneficiario, Sexo, DataNascimento) VALUES (343, 96066290, "Amber Joiner", "morada", 939879155, 488647265, "F", "07/06/1999 13:12:01");
INSERT INTO Staff (PessoaID, CodigoIdentificacao, Especializacao) VALUES (343, 4683, 30);
INSERT INTO Enfermeiro (StaffID) VALUES (4683);
INSERT INTO HorarioTrabalho (StaffID, HorarioID) VALUES (4683, 4);
INSERT INTO HorarioTrabalho (StaffID, HorarioID) VALUES (4683, 10);
INSERT INTO Pessoa (PessoaID, NumIdentificacao, Nome, Morada, Telefone, NumeroBeneficiario, Sexo, DataNascimento) VALUES (344, 72968682, "Amanda Butler", "morada", 975465410, 525861283, "F", "13/07/1990 12:50:14");
INSERT INTO Staff (PessoaID, CodigoIdentificacao, Especializacao) VALUES (344, 3126, 13);
INSERT INTO Enfermeiro (StaffID) VALUES (3126);
INSERT INTO HorarioTrabalho (StaffID, HorarioID) VALUES (3126, 12);
INSERT INTO HorarioTrabalho (StaffID, HorarioID) VALUES (3126, 16);
INSERT INTO Pessoa (PessoaID, NumIdentificacao, Nome, Morada, Telefone, NumeroBeneficiario, Sexo, DataNascimento) VALUES (345, 87446600, "Bettie Voelkel", "morada", 945247844, 866335191, "F", "05/07/1990 00:46:31");
INSERT INTO Staff (PessoaID, CodigoIdentificacao, Especializacao) VALUES (345, 5722, 33);
INSERT INTO Enfermeiro (StaffID) VALUES (5722);
INSERT INTO HorarioTrabalho (StaffID, HorarioID) VALUES (5722, 4);
INSERT INTO HorarioTrabalho (StaffID, HorarioID) VALUES (5722, 5);
INSERT INTO HorarioTrabalho (StaffID, HorarioID) VALUES (5722, 13);
INSERT INTO HorarioTrabalho (StaffID, HorarioID) VALUES (5722, 15);
INSERT INTO HorarioTrabalho (StaffID, HorarioID) VALUES (5722, 25);
INSERT INTO HorarioTrabalho (StaffID, HorarioID) VALUES (5722, 28);
INSERT INTO Pessoa (PessoaID, NumIdentificacao, Nome, Morada, Telefone, NumeroBeneficiario, Sexo, DataNascimento) VALUES (346, 53694037, "Beverly Komp", "morada", 940729674, 142288730, "F", "19/08/1976 13:53:44");
INSERT INTO Staff (PessoaID, CodigoIdentificacao, Especializacao) VALUES (346, 7508, 13);
INSERT INTO Enfermeiro (StaffID) VALUES (7508);
INSERT INTO HorarioTrabalho (StaffID, HorarioID) VALUES (7508, 4);
INSERT INTO HorarioTrabalho (StaffID, HorarioID) VALUES (7508, 12);
INSERT INTO HorarioTrabalho (StaffID, HorarioID) VALUES (7508, 17);
INSERT INTO HorarioTrabalho (StaffID, HorarioID) VALUES (7508, 26);
INSERT INTO Pessoa (PessoaID, NumIdentificacao, Nome, Morada, Telefone, NumeroBeneficiario, Sexo, DataNascimento) VALUES (347, 64465315, "James Dodson", "morada", 994472179, 774455367, "M", "04/07/2012 19:50:12");
INSERT INTO Staff (PessoaID, CodigoIdentificacao, Especializacao) VALUES (347, 6171, 33);
INSERT INTO Enfermeiro (StaffID) VALUES (6171);
INSERT INTO HorarioTrabalho (StaffID, HorarioID) VALUES (6171, 10);
INSERT INTO HorarioTrabalho (StaffID, HorarioID) VALUES (6171, 14);
INSERT INTO HorarioTrabalho (StaffID, HorarioID) VALUES (6171, 22);
INSERT INTO HorarioTrabalho (StaffID, HorarioID) VALUES (6171, 26);
INSERT INTO Pessoa (PessoaID, NumIdentificacao, Nome, Morada, Telefone, NumeroBeneficiario, Sexo, DataNascimento) VALUES (348, 71388415, "Bryce Welby", "morada", 986977362, 948704926, "M", "10/05/2012 07:02:10");
INSERT INTO Staff (PessoaID, CodigoIdentificacao, Especializacao) VALUES (348, 9909, 39);
INSERT INTO Enfermeiro (StaffID) VALUES (9909);
INSERT INTO HorarioTrabalho (StaffID, HorarioID) VALUES (9909, 3);
INSERT INTO HorarioTrabalho (StaffID, HorarioID) VALUES (9909, 6);
INSERT INTO HorarioTrabalho (StaffID, HorarioID) VALUES (9909, 13);
INSERT INTO HorarioTrabalho (StaffID, HorarioID) VALUES (9909, 19);
INSERT INTO HorarioTrabalho (StaffID, HorarioID) VALUES (9909, 29);
INSERT INTO Pessoa (PessoaID, NumIdentificacao, Nome, Morada, Telefone, NumeroBeneficiario, Sexo, DataNascimento) VALUES (349, 17754099, "Maria Barr", "morada", 963667496, 776930455, "F", "25/12/2007 15:57:57");
INSERT INTO Staff (PessoaID, CodigoIdentificacao, Especializacao) VALUES (349, 4731, 20);
INSERT INTO Enfermeiro (StaffID) VALUES (4731);
INSERT INTO HorarioTrabalho (StaffID, HorarioID) VALUES (4731, 4);
INSERT INTO HorarioTrabalho (StaffID, HorarioID) VALUES (4731, 19);
INSERT INTO HorarioTrabalho (StaffID, HorarioID) VALUES (4731, 25);
INSERT INTO Pessoa (PessoaID, NumIdentificacao, Nome, Morada, Telefone, NumeroBeneficiario, Sexo, DataNascimento) VALUES (350, 96559478, "Francis Lackey", "morada", 979669865, 378428592, "M", "13/10/1985 14:21:34");
INSERT INTO Staff (PessoaID, CodigoIdentificacao, Especializacao) VALUES (350, 6633, 18);
INSERT INTO Enfermeiro (StaffID) VALUES (6633);
INSERT INTO HorarioTrabalho (StaffID, HorarioID) VALUES (6633, 6);
INSERT INTO HorarioTrabalho (StaffID, HorarioID) VALUES (6633, 10);
INSERT INTO Pessoa (PessoaID, NumIdentificacao, Nome, Morada, Telefone, NumeroBeneficiario, Sexo, DataNascimento) VALUES (351, 38101710, "Ben Pena", "morada", 957204397, 211232037, "M", "16/01/1979 13:01:41");
INSERT INTO Staff (PessoaID, CodigoIdentificacao, Especializacao) VALUES (351, 9327, 49);
INSERT INTO Enfermeiro (StaffID) VALUES (9327);
INSERT INTO HorarioTrabalho (StaffID, HorarioID) VALUES (9327, 2);
INSERT INTO HorarioTrabalho (StaffID, HorarioID) VALUES (9327, 9);
INSERT INTO HorarioTrabalho (StaffID, HorarioID) VALUES (9327, 11);
INSERT INTO HorarioTrabalho (StaffID, HorarioID) VALUES (9327, 15);
INSERT INTO HorarioTrabalho (StaffID, HorarioID) VALUES (9327, 23);
INSERT INTO Pessoa (PessoaID, NumIdentificacao, Nome, Morada, Telefone, NumeroBeneficiario, Sexo, DataNascimento) VALUES (352, 65886086, "Sandra Feliciano", "morada", 936698035, 674371484, "F", "28/01/1986 08:49:11");
INSERT INTO Staff (PessoaID, CodigoIdentificacao, Especializacao) VALUES (352, 3297, 46);
INSERT INTO Enfermeiro (StaffID) VALUES (3297);
INSERT INTO HorarioTrabalho (StaffID, HorarioID) VALUES (3297, 4);
INSERT INTO HorarioTrabalho (StaffID, HorarioID) VALUES (3297, 5);
INSERT INTO HorarioTrabalho (StaffID, HorarioID) VALUES (3297, 15);
INSERT INTO HorarioTrabalho (StaffID, HorarioID) VALUES (3297, 22);
INSERT INTO Pessoa (PessoaID, NumIdentificacao, Nome, Morada, Telefone, NumeroBeneficiario, Sexo, DataNascimento) VALUES (353, 47164765, "Jason Maks", "morada", 989041894, 260878615, "M", "04/01/1986 12:09:27");
INSERT INTO Staff (PessoaID, CodigoIdentificacao, Especializacao) VALUES (353, 6590, 5);
INSERT INTO Enfermeiro (StaffID) VALUES (6590);
INSERT INTO HorarioTrabalho (StaffID, HorarioID) VALUES (6590, 21);
INSERT INTO HorarioTrabalho (StaffID, HorarioID) VALUES (6590, 24);
INSERT INTO HorarioTrabalho (StaffID, HorarioID) VALUES (6590, 29);
INSERT INTO Pessoa (PessoaID, NumIdentificacao, Nome, Morada, Telefone, NumeroBeneficiario, Sexo, DataNascimento) VALUES (354, 26661542, "Doris Wawrzyniak", "morada", 994607117, 520353227, "F", "09/05/1975 18:14:59");
INSERT INTO Staff (PessoaID, CodigoIdentificacao, Especializacao) VALUES (354, 3740, 44);
INSERT INTO Enfermeiro (StaffID) VALUES (3740);
INSERT INTO HorarioTrabalho (StaffID, HorarioID) VALUES (3740, 3);
INSERT INTO HorarioTrabalho (StaffID, HorarioID) VALUES (3740, 14);
INSERT INTO HorarioTrabalho (StaffID, HorarioID) VALUES (3740, 18);
INSERT INTO HorarioTrabalho (StaffID, HorarioID) VALUES (3740, 22);
INSERT INTO Pessoa (PessoaID, NumIdentificacao, Nome, Morada, Telefone, NumeroBeneficiario, Sexo, DataNascimento) VALUES (355, 26620642, "Louis Manahan", "morada", 958861299, 986650504, "M", "14/05/1974 07:22:44");
INSERT INTO Staff (PessoaID, CodigoIdentificacao, Especializacao) VALUES (355, 7959, 25);
INSERT INTO Enfermeiro (StaffID) VALUES (7959);
INSERT INTO HorarioTrabalho (StaffID, HorarioID) VALUES (7959, 6);
INSERT INTO HorarioTrabalho (StaffID, HorarioID) VALUES (7959, 13);
INSERT INTO HorarioTrabalho (StaffID, HorarioID) VALUES (7959, 16);
INSERT INTO HorarioTrabalho (StaffID, HorarioID) VALUES (7959, 30);
INSERT INTO Pessoa (PessoaID, NumIdentificacao, Nome, Morada, Telefone, NumeroBeneficiario, Sexo, DataNascimento) VALUES (356, 97671577, "Raymond Brady", "morada", 963359398, 554140505, "M", "18/01/1973 06:48:06");
INSERT INTO Staff (PessoaID, CodigoIdentificacao, Especializacao) VALUES (356, 1100, 14);
INSERT INTO Enfermeiro (StaffID) VALUES (1100);
INSERT INTO HorarioTrabalho (StaffID, HorarioID) VALUES (1100, 4);
INSERT INTO HorarioTrabalho (StaffID, HorarioID) VALUES (1100, 5);
INSERT INTO HorarioTrabalho (StaffID, HorarioID) VALUES (1100, 13);
INSERT INTO HorarioTrabalho (StaffID, HorarioID) VALUES (1100, 20);
INSERT INTO HorarioTrabalho (StaffID, HorarioID) VALUES (1100, 27);
INSERT INTO Pessoa (PessoaID, NumIdentificacao, Nome, Morada, Telefone, NumeroBeneficiario, Sexo, DataNascimento) VALUES (357, 44364492, "Ramona King", "morada", 951918579, 666633733, "F", "13/12/1974 09:03:55");
INSERT INTO Staff (PessoaID, CodigoIdentificacao, Especializacao) VALUES (357, 8207, 21);
INSERT INTO Enfermeiro (StaffID) VALUES (8207);
INSERT INTO HorarioTrabalho (StaffID, HorarioID) VALUES (8207, 7);
INSERT INTO HorarioTrabalho (StaffID, HorarioID) VALUES (8207, 30);
INSERT INTO Pessoa (PessoaID, NumIdentificacao, Nome, Morada, Telefone, NumeroBeneficiario, Sexo, DataNascimento) VALUES (358, 44617402, "Curtis Frandsen", "morada", 976703024, 202217513, "M", "10/07/1995 19:47:06");
INSERT INTO Staff (PessoaID, CodigoIdentificacao, Especializacao) VALUES (358, 4352, 13);
INSERT INTO Enfermeiro (StaffID) VALUES (4352);
INSERT INTO HorarioTrabalho (StaffID, HorarioID) VALUES (4352, 2);
INSERT INTO HorarioTrabalho (StaffID, HorarioID) VALUES (4352, 9);
INSERT INTO HorarioTrabalho (StaffID, HorarioID) VALUES (4352, 10);
INSERT INTO HorarioTrabalho (StaffID, HorarioID) VALUES (4352, 17);
INSERT INTO HorarioTrabalho (StaffID, HorarioID) VALUES (4352, 29);
INSERT INTO Pessoa (PessoaID, NumIdentificacao, Nome, Morada, Telefone, NumeroBeneficiario, Sexo, DataNascimento) VALUES (359, 39687006, "Micheline Matthews", "morada", 944772955, 288090852, "F", "26/03/2018 21:06:54");
INSERT INTO Staff (PessoaID, CodigoIdentificacao, Especializacao) VALUES (359, 7462, 16);
INSERT INTO Enfermeiro (StaffID) VALUES (7462);
INSERT INTO HorarioTrabalho (StaffID, HorarioID) VALUES (7462, 12);
INSERT INTO HorarioTrabalho (StaffID, HorarioID) VALUES (7462, 20);
INSERT INTO HorarioTrabalho (StaffID, HorarioID) VALUES (7462, 24);
INSERT INTO HorarioTrabalho (StaffID, HorarioID) VALUES (7462, 30);
INSERT INTO Pessoa (PessoaID, NumIdentificacao, Nome, Morada, Telefone, NumeroBeneficiario, Sexo, DataNascimento) VALUES (360, 72267135, "Scott Johnson", "morada", 937062653, 551738310, "M", "29/05/1970 17:20:46");
INSERT INTO Staff (PessoaID, CodigoIdentificacao, Especializacao) VALUES (360, 9911, 40);
INSERT INTO Enfermeiro (StaffID) VALUES (9911);
INSERT INTO HorarioTrabalho (StaffID, HorarioID) VALUES (9911, 14);
INSERT INTO HorarioTrabalho (StaffID, HorarioID) VALUES (9911, 20);
INSERT INTO HorarioTrabalho (StaffID, HorarioID) VALUES (9911, 24);
INSERT INTO HorarioTrabalho (StaffID, HorarioID) VALUES (9911, 29);
INSERT INTO Pessoa (PessoaID, NumIdentificacao, Nome, Morada, Telefone, NumeroBeneficiario, Sexo, DataNascimento) VALUES (361, 71852375, "Nancy Parker", "morada", 964286888, 336112364, "F", "21/12/1972 12:46:04");
INSERT INTO Staff (PessoaID, CodigoIdentificacao, Especializacao) VALUES (361, 4511, 34);
INSERT INTO Enfermeiro (StaffID) VALUES (4511);
INSERT INTO HorarioTrabalho (StaffID, HorarioID) VALUES (4511, 13);
INSERT INTO HorarioTrabalho (StaffID, HorarioID) VALUES (4511, 18);
INSERT INTO Pessoa (PessoaID, NumIdentificacao, Nome, Morada, Telefone, NumeroBeneficiario, Sexo, DataNascimento) VALUES (362, 92625113, "James Goncalves", "morada", 937611933, 468892857, "M", "08/01/2013 04:10:25");
INSERT INTO Staff (PessoaID, CodigoIdentificacao, Especializacao) VALUES (362, 5930, 25);
INSERT INTO Enfermeiro (StaffID) VALUES (5930);
INSERT INTO HorarioTrabalho (StaffID, HorarioID) VALUES (5930, 1);
INSERT INTO HorarioTrabalho (StaffID, HorarioID) VALUES (5930, 7);
INSERT INTO HorarioTrabalho (StaffID, HorarioID) VALUES (5930, 20);
INSERT INTO HorarioTrabalho (StaffID, HorarioID) VALUES (5930, 22);
INSERT INTO HorarioTrabalho (StaffID, HorarioID) VALUES (5930, 29);
INSERT INTO Pessoa (PessoaID, NumIdentificacao, Nome, Morada, Telefone, NumeroBeneficiario, Sexo, DataNascimento) VALUES (363, 62347988, "Sean Carriaga", "morada", 981982714, 417367777, "M", "23/11/1984 08:50:42");
INSERT INTO Staff (PessoaID, CodigoIdentificacao, Especializacao) VALUES (363, 4408, 36);
INSERT INTO Enfermeiro (StaffID) VALUES (4408);
INSERT INTO HorarioTrabalho (StaffID, HorarioID) VALUES (4408, 9);
INSERT INTO HorarioTrabalho (StaffID, HorarioID) VALUES (4408, 11);
INSERT INTO HorarioTrabalho (StaffID, HorarioID) VALUES (4408, 15);
INSERT INTO Pessoa (PessoaID, NumIdentificacao, Nome, Morada, Telefone, NumeroBeneficiario, Sexo, DataNascimento) VALUES (364, 44654621, "Ruth Blue", "morada", 988310585, 607538230, "F", "08/02/2006 00:20:15");
INSERT INTO Staff (PessoaID, CodigoIdentificacao, Especializacao) VALUES (364, 5585, 37);
INSERT INTO Enfermeiro (StaffID) VALUES (5585);
INSERT INTO HorarioTrabalho (StaffID, HorarioID) VALUES (5585, 8);
INSERT INTO HorarioTrabalho (StaffID, HorarioID) VALUES (5585, 20);
INSERT INTO HorarioTrabalho (StaffID, HorarioID) VALUES (5585, 22);
INSERT INTO Pessoa (PessoaID, NumIdentificacao, Nome, Morada, Telefone, NumeroBeneficiario, Sexo, DataNascimento) VALUES (365, 60183756, "Claire Cuomo", "morada", 944135451, 330803108, "F", "07/08/2004 08:59:57");
INSERT INTO Staff (PessoaID, CodigoIdentificacao, Especializacao) VALUES (365, 5193, 42);
INSERT INTO Enfermeiro (StaffID) VALUES (5193);
INSERT INTO HorarioTrabalho (StaffID, HorarioID) VALUES (5193, 3);
INSERT INTO HorarioTrabalho (StaffID, HorarioID) VALUES (5193, 10);
INSERT INTO HorarioTrabalho (StaffID, HorarioID) VALUES (5193, 25);
INSERT INTO HorarioTrabalho (StaffID, HorarioID) VALUES (5193, 26);
INSERT INTO Pessoa (PessoaID, NumIdentificacao, Nome, Morada, Telefone, NumeroBeneficiario, Sexo, DataNascimento) VALUES (366, 46219623, "Victoria Begay", "morada", 919062508, 393304398, "F", "14/07/2010 02:45:54");
INSERT INTO Staff (PessoaID, CodigoIdentificacao, Especializacao) VALUES (366, 8385, 41);
INSERT INTO Enfermeiro (StaffID) VALUES (8385);
INSERT INTO HorarioTrabalho (StaffID, HorarioID) VALUES (8385, 4);
INSERT INTO HorarioTrabalho (StaffID, HorarioID) VALUES (8385, 22);


-- Technicians
INSERT INTO Pessoa (PessoaID, NumIdentificacao, Nome, Morada, Telefone, NumeroBeneficiario, Sexo, DataNascimento) VALUES (367, 54882340, "Margaret Christy", "morada", 939260261, 193474362, "F", "13/10/2010 09:46:00");
INSERT INTO Staff (PessoaID, CodigoIdentificacao, Especializacao) VALUES (367, 4810, 19);
INSERT INTO Tecnico (StaffID) VALUES (4810);
INSERT INTO HorarioTrabalho (StaffID, HorarioID) VALUES (4810, 10);
INSERT INTO HorarioTrabalho (StaffID, HorarioID) VALUES (4810, 29);
INSERT INTO Pessoa (PessoaID, NumIdentificacao, Nome, Morada, Telefone, NumeroBeneficiario, Sexo, DataNascimento) VALUES (368, 18638038, "Irene Cunningham", "morada", 926008299, 577160035, "F", "20/02/2017 15:01:55");
INSERT INTO Staff (PessoaID, CodigoIdentificacao, Especializacao) VALUES (368, 4116, 7);
INSERT INTO Tecnico (StaffID) VALUES (4116);
INSERT INTO HorarioTrabalho (StaffID, HorarioID) VALUES (4116, 12);
INSERT INTO HorarioTrabalho (StaffID, HorarioID) VALUES (4116, 25);
INSERT INTO Pessoa (PessoaID, NumIdentificacao, Nome, Morada, Telefone, NumeroBeneficiario, Sexo, DataNascimento) VALUES (369, 49872111, "Emanuel Arnold", "morada", 945122643, 803014042, "M", "21/06/2011 04:37:11");
INSERT INTO Staff (PessoaID, CodigoIdentificacao, Especializacao) VALUES (369, 9500, 39);
INSERT INTO Tecnico (StaffID) VALUES (9500);
INSERT INTO HorarioTrabalho (StaffID, HorarioID) VALUES (9500, 10);
INSERT INTO HorarioTrabalho (StaffID, HorarioID) VALUES (9500, 16);
INSERT INTO HorarioTrabalho (StaffID, HorarioID) VALUES (9500, 28);
INSERT INTO Pessoa (PessoaID, NumIdentificacao, Nome, Morada, Telefone, NumeroBeneficiario, Sexo, DataNascimento) VALUES (370, 92683850, "William Miller", "morada", 959019036, 967869665, "M", "14/08/1982 12:17:13");
INSERT INTO Staff (PessoaID, CodigoIdentificacao, Especializacao) VALUES (370, 5706, 8);
INSERT INTO Tecnico (StaffID) VALUES (5706);
INSERT INTO HorarioTrabalho (StaffID, HorarioID) VALUES (5706, 3);
INSERT INTO HorarioTrabalho (StaffID, HorarioID) VALUES (5706, 14);
INSERT INTO HorarioTrabalho (StaffID, HorarioID) VALUES (5706, 19);
INSERT INTO HorarioTrabalho (StaffID, HorarioID) VALUES (5706, 29);
INSERT INTO Pessoa (PessoaID, NumIdentificacao, Nome, Morada, Telefone, NumeroBeneficiario, Sexo, DataNascimento) VALUES (371, 74828285, "Rebekah Gulley", "morada", 912981972, 423521687, "F", "07/06/1981 22:37:07");
INSERT INTO Staff (PessoaID, CodigoIdentificacao, Especializacao) VALUES (371, 9976, 48);
INSERT INTO Tecnico (StaffID) VALUES (9976);
INSERT INTO HorarioTrabalho (StaffID, HorarioID) VALUES (9976, 3);
INSERT INTO HorarioTrabalho (StaffID, HorarioID) VALUES (9976, 8);
INSERT INTO HorarioTrabalho (StaffID, HorarioID) VALUES (9976, 19);
INSERT INTO Pessoa (PessoaID, NumIdentificacao, Nome, Morada, Telefone, NumeroBeneficiario, Sexo, DataNascimento) VALUES (372, 47887043, "Whitney Guzman", "morada", 975709870, 552272583, "M", "18/03/2007 20:20:03");
INSERT INTO Staff (PessoaID, CodigoIdentificacao, Especializacao) VALUES (372, 2362, 49);
INSERT INTO Tecnico (StaffID) VALUES (2362);
INSERT INTO HorarioTrabalho (StaffID, HorarioID) VALUES (2362, 13);
INSERT INTO HorarioTrabalho (StaffID, HorarioID) VALUES (2362, 22);
INSERT INTO Pessoa (PessoaID, NumIdentificacao, Nome, Morada, Telefone, NumeroBeneficiario, Sexo, DataNascimento) VALUES (373, 99669793, "Minh Jackson", "morada", 973397178, 400647605, "M", "22/08/2001 17:09:04");
INSERT INTO Staff (PessoaID, CodigoIdentificacao, Especializacao) VALUES (373, 5568, 2);
INSERT INTO Tecnico (StaffID) VALUES (5568);
INSERT INTO HorarioTrabalho (StaffID, HorarioID) VALUES (5568, 2);
INSERT INTO HorarioTrabalho (StaffID, HorarioID) VALUES (5568, 17);
INSERT INTO HorarioTrabalho (StaffID, HorarioID) VALUES (5568, 22);
INSERT INTO HorarioTrabalho (StaffID, HorarioID) VALUES (5568, 30);
INSERT INTO Pessoa (PessoaID, NumIdentificacao, Nome, Morada, Telefone, NumeroBeneficiario, Sexo, DataNascimento) VALUES (374, 21380119, "David Barber", "morada", 951310610, 229234835, "M", "22/11/1994 14:56:18");
INSERT INTO Staff (PessoaID, CodigoIdentificacao, Especializacao) VALUES (374, 9943, 34);
INSERT INTO Tecnico (StaffID) VALUES (9943);
INSERT INTO Pessoa (PessoaID, NumIdentificacao, Nome, Morada, Telefone, NumeroBeneficiario, Sexo, DataNascimento) VALUES (375, 43256889, "Laura Zamora", "morada", 981674466, 878694677, "F", "21/07/1976 23:18:48");
INSERT INTO Staff (PessoaID, CodigoIdentificacao, Especializacao) VALUES (375, 6628, 18);
INSERT INTO Tecnico (StaffID) VALUES (6628);
INSERT INTO HorarioTrabalho (StaffID, HorarioID) VALUES (6628, 11);
INSERT INTO HorarioTrabalho (StaffID, HorarioID) VALUES (6628, 16);
INSERT INTO HorarioTrabalho (StaffID, HorarioID) VALUES (6628, 20);
INSERT INTO HorarioTrabalho (StaffID, HorarioID) VALUES (6628, 24);
INSERT INTO HorarioTrabalho (StaffID, HorarioID) VALUES (6628, 27);
INSERT INTO Pessoa (PessoaID, NumIdentificacao, Nome, Morada, Telefone, NumeroBeneficiario, Sexo, DataNascimento) VALUES (376, 83185862, "Raymond Tabor", "morada", 990573490, 365638426, "M", "23/10/1995 12:06:53");
INSERT INTO Staff (PessoaID, CodigoIdentificacao, Especializacao) VALUES (376, 3754, 5);
INSERT INTO Tecnico (StaffID) VALUES (3754);
INSERT INTO HorarioTrabalho (StaffID, HorarioID) VALUES (3754, 1);
INSERT INTO HorarioTrabalho (StaffID, HorarioID) VALUES (3754, 19);
INSERT INTO HorarioTrabalho (StaffID, HorarioID) VALUES (3754, 25);
INSERT INTO HorarioTrabalho (StaffID, HorarioID) VALUES (3754, 29);
INSERT INTO Pessoa (PessoaID, NumIdentificacao, Nome, Morada, Telefone, NumeroBeneficiario, Sexo, DataNascimento) VALUES (377, 45046739, "Ryan Monteith", "morada", 980100872, 613820287, "M", "25/03/2012 16:21:19");
INSERT INTO Staff (PessoaID, CodigoIdentificacao, Especializacao) VALUES (377, 9837, 50);
INSERT INTO Tecnico (StaffID) VALUES (9837);
INSERT INTO HorarioTrabalho (StaffID, HorarioID) VALUES (9837, 4);
INSERT INTO HorarioTrabalho (StaffID, HorarioID) VALUES (9837, 8);
INSERT INTO HorarioTrabalho (StaffID, HorarioID) VALUES (9837, 14);
INSERT INTO HorarioTrabalho (StaffID, HorarioID) VALUES (9837, 28);
INSERT INTO Pessoa (PessoaID, NumIdentificacao, Nome, Morada, Telefone, NumeroBeneficiario, Sexo, DataNascimento) VALUES (378, 43967125, "Deborah Shearon", "morada", 964356021, 290907046, "F", "04/05/1970 08:59:34");
INSERT INTO Staff (PessoaID, CodigoIdentificacao, Especializacao) VALUES (378, 9160, 22);
INSERT INTO Tecnico (StaffID) VALUES (9160);
INSERT INTO HorarioTrabalho (StaffID, HorarioID) VALUES (9160, 9);
INSERT INTO HorarioTrabalho (StaffID, HorarioID) VALUES (9160, 11);
INSERT INTO HorarioTrabalho (StaffID, HorarioID) VALUES (9160, 14);
INSERT INTO HorarioTrabalho (StaffID, HorarioID) VALUES (9160, 23);
INSERT INTO Pessoa (PessoaID, NumIdentificacao, Nome, Morada, Telefone, NumeroBeneficiario, Sexo, DataNascimento) VALUES (379, 32075827, "Leslie Richardson", "morada", 925186769, 685330840, "F", "22/11/2012 21:53:39");
INSERT INTO Staff (PessoaID, CodigoIdentificacao, Especializacao) VALUES (379, 7646, 42);
INSERT INTO Tecnico (StaffID) VALUES (7646);
INSERT INTO HorarioTrabalho (StaffID, HorarioID) VALUES (7646, 7);
INSERT INTO HorarioTrabalho (StaffID, HorarioID) VALUES (7646, 13);
INSERT INTO HorarioTrabalho (StaffID, HorarioID) VALUES (7646, 25);
INSERT INTO Pessoa (PessoaID, NumIdentificacao, Nome, Morada, Telefone, NumeroBeneficiario, Sexo, DataNascimento) VALUES (380, 79081156, "Lauren Love", "morada", 948238486, 384616889, "F", "11/09/2004 08:52:55");
INSERT INTO Staff (PessoaID, CodigoIdentificacao, Especializacao) VALUES (380, 5068, 14);
INSERT INTO Tecnico (StaffID) VALUES (5068);
INSERT INTO HorarioTrabalho (StaffID, HorarioID) VALUES (5068, 7);
INSERT INTO HorarioTrabalho (StaffID, HorarioID) VALUES (5068, 25);
INSERT INTO HorarioTrabalho (StaffID, HorarioID) VALUES (5068, 30);
INSERT INTO Pessoa (PessoaID, NumIdentificacao, Nome, Morada, Telefone, NumeroBeneficiario, Sexo, DataNascimento) VALUES (381, 13600290, "Frederick Williams", "morada", 942927403, 646183433, "M", "06/10/1980 21:52:54");
INSERT INTO Staff (PessoaID, CodigoIdentificacao, Especializacao) VALUES (381, 1392, 39);
INSERT INTO Tecnico (StaffID) VALUES (1392);
INSERT INTO HorarioTrabalho (StaffID, HorarioID) VALUES (1392, 10);
INSERT INTO HorarioTrabalho (StaffID, HorarioID) VALUES (1392, 18);
INSERT INTO HorarioTrabalho (StaffID, HorarioID) VALUES (1392, 23);
INSERT INTO Pessoa (PessoaID, NumIdentificacao, Nome, Morada, Telefone, NumeroBeneficiario, Sexo, DataNascimento) VALUES (382, 32234550, "Marci Vance", "morada", 937578008, 407335321, "F", "21/08/1978 22:28:45");
INSERT INTO Staff (PessoaID, CodigoIdentificacao, Especializacao) VALUES (382, 1271, 6);
INSERT INTO Tecnico (StaffID) VALUES (1271);
INSERT INTO HorarioTrabalho (StaffID, HorarioID) VALUES (1271, 2);
INSERT INTO HorarioTrabalho (StaffID, HorarioID) VALUES (1271, 7);
INSERT INTO HorarioTrabalho (StaffID, HorarioID) VALUES (1271, 15);
INSERT INTO HorarioTrabalho (StaffID, HorarioID) VALUES (1271, 28);


-- Doctors
INSERT INTO Pessoa (PessoaID, NumIdentificacao, Nome, Morada, Telefone, NumeroBeneficiario, Sexo, DataNascimento) VALUES (383, 33056592, "Robert Carvajal", "morada", 967026375, 968458553, "M", "31/08/1975 17:40:38");
INSERT INTO Staff (PessoaID, CodigoIdentificacao, Especializacao) VALUES (383, 3687, 17);
INSERT INTO Medico (StaffID, Consultorio) VALUES (3687, 237);
INSERT INTO HorarioTrabalho (StaffID, HorarioID) VALUES (3687, 17);
INSERT INTO Pessoa (PessoaID, NumIdentificacao, Nome, Morada, Telefone, NumeroBeneficiario, Sexo, DataNascimento) VALUES (384, 98110852, "Steven Alexander", "morada", 952046122, 436677420, "M", "14/07/2012 12:39:22");
INSERT INTO Staff (PessoaID, CodigoIdentificacao, Especializacao) VALUES (384, 9075, 5);
INSERT INTO Medico (StaffID, Consultorio) VALUES (9075, 244);
INSERT INTO HorarioTrabalho (StaffID, HorarioID) VALUES (9075, 13);
INSERT INTO HorarioTrabalho (StaffID, HorarioID) VALUES (9075, 16);
INSERT INTO Pessoa (PessoaID, NumIdentificacao, Nome, Morada, Telefone, NumeroBeneficiario, Sexo, DataNascimento) VALUES (385, 62802718, "Alan Vallejos", "morada", 937805822, 210971986, "M", "08/11/1999 19:43:12");
INSERT INTO Staff (PessoaID, CodigoIdentificacao, Especializacao) VALUES (385, 6342, 25);
INSERT INTO Medico (StaffID, Consultorio) VALUES (6342, 166);
INSERT INTO HorarioTrabalho (StaffID, HorarioID) VALUES (6342, 2);
INSERT INTO HorarioTrabalho (StaffID, HorarioID) VALUES (6342, 9);
INSERT INTO HorarioTrabalho (StaffID, HorarioID) VALUES (6342, 13);
INSERT INTO Pessoa (PessoaID, NumIdentificacao, Nome, Morada, Telefone, NumeroBeneficiario, Sexo, DataNascimento) VALUES (386, 95404935, "Maria Ouzts", "morada", 939993586, 462707015, "F", "15/03/2006 12:22:58");
INSERT INTO Staff (PessoaID, CodigoIdentificacao, Especializacao) VALUES (386, 8226, 30);
INSERT INTO Medico (StaffID, Consultorio) VALUES (8226, 211);
INSERT INTO HorarioTrabalho (StaffID, HorarioID) VALUES (8226, 2);
INSERT INTO HorarioTrabalho (StaffID, HorarioID) VALUES (8226, 7);
INSERT INTO HorarioTrabalho (StaffID, HorarioID) VALUES (8226, 10);
INSERT INTO HorarioTrabalho (StaffID, HorarioID) VALUES (8226, 15);
INSERT INTO HorarioTrabalho (StaffID, HorarioID) VALUES (8226, 30);
INSERT INTO Pessoa (PessoaID, NumIdentificacao, Nome, Morada, Telefone, NumeroBeneficiario, Sexo, DataNascimento) VALUES (387, 11759526, "Leland Hudgins", "morada", 993358130, 619749356, "M", "07/01/1991 11:47:28");
INSERT INTO Staff (PessoaID, CodigoIdentificacao, Especializacao) VALUES (387, 4832, 19);
INSERT INTO Medico (StaffID, Consultorio) VALUES (4832, 109);
INSERT INTO HorarioTrabalho (StaffID, HorarioID) VALUES (4832, 14);
INSERT INTO HorarioTrabalho (StaffID, HorarioID) VALUES (4832, 25);
INSERT INTO HorarioTrabalho (StaffID, HorarioID) VALUES (4832, 26);
INSERT INTO Pessoa (PessoaID, NumIdentificacao, Nome, Morada, Telefone, NumeroBeneficiario, Sexo, DataNascimento) VALUES (388, 82415558, "Marilyn Pardue", "morada", 910900495, 545135907, "F", "25/11/2003 22:10:11");
INSERT INTO Staff (PessoaID, CodigoIdentificacao, Especializacao) VALUES (388, 5894, 38);
INSERT INTO Medico (StaffID, Consultorio) VALUES (5894, 164);
INSERT INTO HorarioTrabalho (StaffID, HorarioID) VALUES (5894, 2);
INSERT INTO HorarioTrabalho (StaffID, HorarioID) VALUES (5894, 15);
INSERT INTO HorarioTrabalho (StaffID, HorarioID) VALUES (5894, 20);
INSERT INTO HorarioTrabalho (StaffID, HorarioID) VALUES (5894, 26);
INSERT INTO Pessoa (PessoaID, NumIdentificacao, Nome, Morada, Telefone, NumeroBeneficiario, Sexo, DataNascimento) VALUES (389, 17199464, "Mike Morse", "morada", 916540835, 354026504, "M", "19/03/1988 09:09:41");
INSERT INTO Staff (PessoaID, CodigoIdentificacao, Especializacao) VALUES (389, 1877, 46);
INSERT INTO Medico (StaffID, Consultorio) VALUES (1877, 222);
INSERT INTO HorarioTrabalho (StaffID, HorarioID) VALUES (1877, 1);
INSERT INTO HorarioTrabalho (StaffID, HorarioID) VALUES (1877, 11);
INSERT INTO HorarioTrabalho (StaffID, HorarioID) VALUES (1877, 21);
INSERT INTO HorarioTrabalho (StaffID, HorarioID) VALUES (1877, 25);
INSERT INTO Pessoa (PessoaID, NumIdentificacao, Nome, Morada, Telefone, NumeroBeneficiario, Sexo, DataNascimento) VALUES (390, 21949650, "Jerry Scott", "morada", 919457791, 513454760, "M", "01/05/1987 06:05:46");
INSERT INTO Staff (PessoaID, CodigoIdentificacao, Especializacao) VALUES (390, 2255, 46);
INSERT INTO Medico (StaffID, Consultorio) VALUES (2255, 245);
INSERT INTO HorarioTrabalho (StaffID, HorarioID) VALUES (2255, 1);
INSERT INTO HorarioTrabalho (StaffID, HorarioID) VALUES (2255, 7);
INSERT INTO HorarioTrabalho (StaffID, HorarioID) VALUES (2255, 18);
INSERT INTO Pessoa (PessoaID, NumIdentificacao, Nome, Morada, Telefone, NumeroBeneficiario, Sexo, DataNascimento) VALUES (391, 71981122, "Melba Norgard", "morada", 983935198, 665189244, "F", "19/05/1994 15:01:49");
INSERT INTO Staff (PessoaID, CodigoIdentificacao, Especializacao) VALUES (391, 2923, 38);
INSERT INTO Medico (StaffID, Consultorio) VALUES (2923, 103);
INSERT INTO HorarioTrabalho (StaffID, HorarioID) VALUES (2923, 6);
INSERT INTO HorarioTrabalho (StaffID, HorarioID) VALUES (2923, 12);
INSERT INTO HorarioTrabalho (StaffID, HorarioID) VALUES (2923, 15);
INSERT INTO Pessoa (PessoaID, NumIdentificacao, Nome, Morada, Telefone, NumeroBeneficiario, Sexo, DataNascimento) VALUES (392, 35016155, "Michael Pruitt", "morada", 946216743, 940925869, "M", "13/01/1998 18:39:29");
INSERT INTO Staff (PessoaID, CodigoIdentificacao, Especializacao) VALUES (392, 6281, 47);
INSERT INTO Medico (StaffID, Consultorio) VALUES (6281, 165);
INSERT INTO HorarioTrabalho (StaffID, HorarioID) VALUES (6281, 5);
INSERT INTO HorarioTrabalho (StaffID, HorarioID) VALUES (6281, 10);
INSERT INTO HorarioTrabalho (StaffID, HorarioID) VALUES (6281, 20);
INSERT INTO HorarioTrabalho (StaffID, HorarioID) VALUES (6281, 23);
INSERT INTO Pessoa (PessoaID, NumIdentificacao, Nome, Morada, Telefone, NumeroBeneficiario, Sexo, DataNascimento) VALUES (393, 63879914, "Earl Morton", "morada", 954724024, 661424940, "M", "27/02/1980 17:58:32");
INSERT INTO Staff (PessoaID, CodigoIdentificacao, Especializacao) VALUES (393, 7280, 8);
INSERT INTO Medico (StaffID, Consultorio) VALUES (7280, 161);
INSERT INTO HorarioTrabalho (StaffID, HorarioID) VALUES (7280, 11);
INSERT INTO HorarioTrabalho (StaffID, HorarioID) VALUES (7280, 16);
INSERT INTO HorarioTrabalho (StaffID, HorarioID) VALUES (7280, 18);
INSERT INTO HorarioTrabalho (StaffID, HorarioID) VALUES (7280, 25);
INSERT INTO HorarioTrabalho (StaffID, HorarioID) VALUES (7280, 30);
INSERT INTO Pessoa (PessoaID, NumIdentificacao, Nome, Morada, Telefone, NumeroBeneficiario, Sexo, DataNascimento) VALUES (394, 94066153, "Edward Daquilante", "morada", 952991834, 320405877, "M", "15/05/2006 04:00:40");
INSERT INTO Staff (PessoaID, CodigoIdentificacao, Especializacao) VALUES (394, 6675, 29);
INSERT INTO Medico (StaffID, Consultorio) VALUES (6675, 201);
INSERT INTO HorarioTrabalho (StaffID, HorarioID) VALUES (6675, 8);
INSERT INTO HorarioTrabalho (StaffID, HorarioID) VALUES (6675, 14);
INSERT INTO HorarioTrabalho (StaffID, HorarioID) VALUES (6675, 27);
INSERT INTO Pessoa (PessoaID, NumIdentificacao, Nome, Morada, Telefone, NumeroBeneficiario, Sexo, DataNascimento) VALUES (395, 23632109, "Thomas Watkins", "morada", 932541960, 613555387, "M", "27/03/1982 09:11:54");
INSERT INTO Staff (PessoaID, CodigoIdentificacao, Especializacao) VALUES (395, 8157, 25);
INSERT INTO Medico (StaffID, Consultorio) VALUES (8157, 199);
INSERT INTO HorarioTrabalho (StaffID, HorarioID) VALUES (8157, 18);
INSERT INTO HorarioTrabalho (StaffID, HorarioID) VALUES (8157, 22);
INSERT INTO HorarioTrabalho (StaffID, HorarioID) VALUES (8157, 28);
INSERT INTO Pessoa (PessoaID, NumIdentificacao, Nome, Morada, Telefone, NumeroBeneficiario, Sexo, DataNascimento) VALUES (396, 40525211, "Crystal Marschke", "morada", 965630863, 316536131, "F", "04/02/2011 01:32:14");
INSERT INTO Staff (PessoaID, CodigoIdentificacao, Especializacao) VALUES (396, 9132, 12);
INSERT INTO Medico (StaffID, Consultorio) VALUES (9132, 153);
INSERT INTO HorarioTrabalho (StaffID, HorarioID) VALUES (9132, 1);
INSERT INTO HorarioTrabalho (StaffID, HorarioID) VALUES (9132, 6);
INSERT INTO HorarioTrabalho (StaffID, HorarioID) VALUES (9132, 19);
INSERT INTO Pessoa (PessoaID, NumIdentificacao, Nome, Morada, Telefone, NumeroBeneficiario, Sexo, DataNascimento) VALUES (397, 42900922, "Elizabeth Downs", "morada", 914240649, 891791080, "F", "11/10/1978 02:31:23");
INSERT INTO Staff (PessoaID, CodigoIdentificacao, Especializacao) VALUES (397, 8015, 12);
INSERT INTO Medico (StaffID, Consultorio) VALUES (8015, 188);
INSERT INTO HorarioTrabalho (StaffID, HorarioID) VALUES (8015, 4);
INSERT INTO HorarioTrabalho (StaffID, HorarioID) VALUES (8015, 8);
INSERT INTO HorarioTrabalho (StaffID, HorarioID) VALUES (8015, 22);
INSERT INTO Pessoa (PessoaID, NumIdentificacao, Nome, Morada, Telefone, NumeroBeneficiario, Sexo, DataNascimento) VALUES (398, 15425352, "Tana Jones", "morada", 959311460, 611361428, "F", "24/12/2014 03:12:11");
INSERT INTO Staff (PessoaID, CodigoIdentificacao, Especializacao) VALUES (398, 6041, 42);
INSERT INTO Medico (StaffID, Consultorio) VALUES (6041, 102);
INSERT INTO HorarioTrabalho (StaffID, HorarioID) VALUES (6041, 5);
INSERT INTO HorarioTrabalho (StaffID, HorarioID) VALUES (6041, 14);
INSERT INTO HorarioTrabalho (StaffID, HorarioID) VALUES (6041, 18);
INSERT INTO HorarioTrabalho (StaffID, HorarioID) VALUES (6041, 29);
INSERT INTO Pessoa (PessoaID, NumIdentificacao, Nome, Morada, Telefone, NumeroBeneficiario, Sexo, DataNascimento) VALUES (399, 53214969, "Connie Smiler", "morada", 985108524, 982121147, "F", "10/01/1999 22:22:07");
INSERT INTO Staff (PessoaID, CodigoIdentificacao, Especializacao) VALUES (399, 2966, 15);
INSERT INTO Medico (StaffID, Consultorio) VALUES (2966, 217);
INSERT INTO HorarioTrabalho (StaffID, HorarioID) VALUES (2966, 7);
INSERT INTO HorarioTrabalho (StaffID, HorarioID) VALUES (2966, 13);
INSERT INTO HorarioTrabalho (StaffID, HorarioID) VALUES (2966, 16);
INSERT INTO HorarioTrabalho (StaffID, HorarioID) VALUES (2966, 18);
INSERT INTO HorarioTrabalho (StaffID, HorarioID) VALUES (2966, 24);
INSERT INTO HorarioTrabalho (StaffID, HorarioID) VALUES (2966, 28);
INSERT INTO Pessoa (PessoaID, NumIdentificacao, Nome, Morada, Telefone, NumeroBeneficiario, Sexo, DataNascimento) VALUES (400, 83292407, "Bonnie Schwenk", "morada", 995549367, 128319744, "F", "08/09/1979 04:13:48");
INSERT INTO Staff (PessoaID, CodigoIdentificacao, Especializacao) VALUES (400, 4369, 21);
INSERT INTO Medico (StaffID, Consultorio) VALUES (4369, 213);
INSERT INTO HorarioTrabalho (StaffID, HorarioID) VALUES (4369, 4);
INSERT INTO HorarioTrabalho (StaffID, HorarioID) VALUES (4369, 8);
INSERT INTO HorarioTrabalho (StaffID, HorarioID) VALUES (4369, 18);
INSERT INTO HorarioTrabalho (StaffID, HorarioID) VALUES (4369, 23);
INSERT INTO HorarioTrabalho (StaffID, HorarioID) VALUES (4369, 28);
INSERT INTO Pessoa (PessoaID, NumIdentificacao, Nome, Morada, Telefone, NumeroBeneficiario, Sexo, DataNascimento) VALUES (401, 37457068, "Colleen Little", "morada", 954381411, 797507514, "F", "05/05/2001 22:32:23");
INSERT INTO Staff (PessoaID, CodigoIdentificacao, Especializacao) VALUES (401, 8950, 9);
INSERT INTO Medico (StaffID, Consultorio) VALUES (8950, 132);
INSERT INTO HorarioTrabalho (StaffID, HorarioID) VALUES (8950, 22);
INSERT INTO HorarioTrabalho (StaffID, HorarioID) VALUES (8950, 28);
INSERT INTO Pessoa (PessoaID, NumIdentificacao, Nome, Morada, Telefone, NumeroBeneficiario, Sexo, DataNascimento) VALUES (402, 73152244, "Harriet Carls", "morada", 993854908, 902651880, "F", "14/07/1971 02:58:34");
INSERT INTO Staff (PessoaID, CodigoIdentificacao, Especializacao) VALUES (402, 7701, 12);
INSERT INTO Medico (StaffID, Consultorio) VALUES (7701, 167);
INSERT INTO HorarioTrabalho (StaffID, HorarioID) VALUES (7701, 25);
INSERT INTO Pessoa (PessoaID, NumIdentificacao, Nome, Morada, Telefone, NumeroBeneficiario, Sexo, DataNascimento) VALUES (403, 84035409, "Vicki Walsh", "morada", 990756051, 408514090, "F", "10/11/1974 06:30:02");
INSERT INTO Staff (PessoaID, CodigoIdentificacao, Especializacao) VALUES (403, 8767, 13);
INSERT INTO Medico (StaffID, Consultorio) VALUES (8767, 122);
INSERT INTO HorarioTrabalho (StaffID, HorarioID) VALUES (8767, 3);
INSERT INTO HorarioTrabalho (StaffID, HorarioID) VALUES (8767, 5);
INSERT INTO HorarioTrabalho (StaffID, HorarioID) VALUES (8767, 11);
INSERT INTO HorarioTrabalho (StaffID, HorarioID) VALUES (8767, 19);
INSERT INTO HorarioTrabalho (StaffID, HorarioID) VALUES (8767, 25);
INSERT INTO HorarioTrabalho (StaffID, HorarioID) VALUES (8767, 28);
INSERT INTO Pessoa (PessoaID, NumIdentificacao, Nome, Morada, Telefone, NumeroBeneficiario, Sexo, DataNascimento) VALUES (404, 46353708, "Johnnie Ogrodowicz", "morada", 931174357, 300910939, "M", "21/07/2004 13:34:23");
INSERT INTO Staff (PessoaID, CodigoIdentificacao, Especializacao) VALUES (404, 5324, 22);
INSERT INTO Medico (StaffID, Consultorio) VALUES (5324, 187);
INSERT INTO HorarioTrabalho (StaffID, HorarioID) VALUES (5324, 3);
INSERT INTO HorarioTrabalho (StaffID, HorarioID) VALUES (5324, 9);
INSERT INTO HorarioTrabalho (StaffID, HorarioID) VALUES (5324, 16);
INSERT INTO Pessoa (PessoaID, NumIdentificacao, Nome, Morada, Telefone, NumeroBeneficiario, Sexo, DataNascimento) VALUES (405, 25913900, "Ken Robles", "morada", 959938339, 471376256, "M", "06/09/2011 08:37:48");
INSERT INTO Staff (PessoaID, CodigoIdentificacao, Especializacao) VALUES (405, 4811, 39);
INSERT INTO Medico (StaffID, Consultorio) VALUES (4811, 135);
INSERT INTO HorarioTrabalho (StaffID, HorarioID) VALUES (4811, 1);
INSERT INTO HorarioTrabalho (StaffID, HorarioID) VALUES (4811, 9);
INSERT INTO HorarioTrabalho (StaffID, HorarioID) VALUES (4811, 10);
INSERT INTO HorarioTrabalho (StaffID, HorarioID) VALUES (4811, 14);
INSERT INTO HorarioTrabalho (StaffID, HorarioID) VALUES (4811, 27);
INSERT INTO Pessoa (PessoaID, NumIdentificacao, Nome, Morada, Telefone, NumeroBeneficiario, Sexo, DataNascimento) VALUES (406, 49048676, "Angela Das", "morada", 980934552, 915804831, "F", "27/04/1978 18:10:07");
INSERT INTO Staff (PessoaID, CodigoIdentificacao, Especializacao) VALUES (406, 4930, 27);
INSERT INTO Medico (StaffID, Consultorio) VALUES (4930, 241);
INSERT INTO HorarioTrabalho (StaffID, HorarioID) VALUES (4930, 7);
INSERT INTO HorarioTrabalho (StaffID, HorarioID) VALUES (4930, 11);
INSERT INTO HorarioTrabalho (StaffID, HorarioID) VALUES (4930, 15);
INSERT INTO Pessoa (PessoaID, NumIdentificacao, Nome, Morada, Telefone, NumeroBeneficiario, Sexo, DataNascimento) VALUES (407, 43263239, "Kathy Massey", "morada", 945196011, 357641544, "F", "23/08/1991 18:01:22");
INSERT INTO Staff (PessoaID, CodigoIdentificacao, Especializacao) VALUES (407, 2336, 45);
INSERT INTO Medico (StaffID, Consultorio) VALUES (2336, 111);
INSERT INTO HorarioTrabalho (StaffID, HorarioID) VALUES (2336, 4);
INSERT INTO HorarioTrabalho (StaffID, HorarioID) VALUES (2336, 8);
INSERT INTO HorarioTrabalho (StaffID, HorarioID) VALUES (2336, 15);
INSERT INTO HorarioTrabalho (StaffID, HorarioID) VALUES (2336, 21);
INSERT INTO HorarioTrabalho (StaffID, HorarioID) VALUES (2336, 23);
INSERT INTO Pessoa (PessoaID, NumIdentificacao, Nome, Morada, Telefone, NumeroBeneficiario, Sexo, DataNascimento) VALUES (408, 73579153, "Robert Cannata", "morada", 986238969, 468862702, "M", "03/11/1999 00:37:20");
INSERT INTO Staff (PessoaID, CodigoIdentificacao, Especializacao) VALUES (408, 5024, 24);
INSERT INTO Medico (StaffID, Consultorio) VALUES (5024, 216);
INSERT INTO HorarioTrabalho (StaffID, HorarioID) VALUES (5024, 5);
INSERT INTO HorarioTrabalho (StaffID, HorarioID) VALUES (5024, 30);
INSERT INTO Pessoa (PessoaID, NumIdentificacao, Nome, Morada, Telefone, NumeroBeneficiario, Sexo, DataNascimento) VALUES (409, 40421287, "Stephen Kerner", "morada", 933450071, 149509359, "M", "07/02/1998 21:07:43");
INSERT INTO Staff (PessoaID, CodigoIdentificacao, Especializacao) VALUES (409, 9289, 9);
INSERT INTO Medico (StaffID, Consultorio) VALUES (9289, 225);
INSERT INTO HorarioTrabalho (StaffID, HorarioID) VALUES (9289, 11);
INSERT INTO HorarioTrabalho (StaffID, HorarioID) VALUES (9289, 23);
INSERT INTO HorarioTrabalho (StaffID, HorarioID) VALUES (9289, 26);
INSERT INTO Pessoa (PessoaID, NumIdentificacao, Nome, Morada, Telefone, NumeroBeneficiario, Sexo, DataNascimento) VALUES (410, 43803234, "Shirley Walters", "morada", 957993910, 434149128, "F", "25/01/1986 20:51:46");
INSERT INTO Staff (PessoaID, CodigoIdentificacao, Especializacao) VALUES (410, 1166, 32);
INSERT INTO Medico (StaffID, Consultorio) VALUES (1166, 221);
INSERT INTO HorarioTrabalho (StaffID, HorarioID) VALUES (1166, 1);
INSERT INTO HorarioTrabalho (StaffID, HorarioID) VALUES (1166, 5);
INSERT INTO HorarioTrabalho (StaffID, HorarioID) VALUES (1166, 12);
INSERT INTO Pessoa (PessoaID, NumIdentificacao, Nome, Morada, Telefone, NumeroBeneficiario, Sexo, DataNascimento) VALUES (411, 56183094, "Lisa Pink", "morada", 989798612, 988011400, "F", "04/09/2015 08:15:13");
INSERT INTO Staff (PessoaID, CodigoIdentificacao, Especializacao) VALUES (411, 9570, 38);
INSERT INTO Medico (StaffID, Consultorio) VALUES (9570, 193);
INSERT INTO HorarioTrabalho (StaffID, HorarioID) VALUES (9570, 11);
INSERT INTO HorarioTrabalho (StaffID, HorarioID) VALUES (9570, 18);
INSERT INTO HorarioTrabalho (StaffID, HorarioID) VALUES (9570, 22);
INSERT INTO Pessoa (PessoaID, NumIdentificacao, Nome, Morada, Telefone, NumeroBeneficiario, Sexo, DataNascimento) VALUES (412, 31385850, "Edward Cline", "morada", 990445453, 193454116, "M", "23/03/1996 13:26:01");
INSERT INTO Staff (PessoaID, CodigoIdentificacao, Especializacao) VALUES (412, 6467, 44);
INSERT INTO Medico (StaffID, Consultorio) VALUES (6467, 123);
INSERT INTO HorarioTrabalho (StaffID, HorarioID) VALUES (6467, 2);
INSERT INTO HorarioTrabalho (StaffID, HorarioID) VALUES (6467, 14);
INSERT INTO HorarioTrabalho (StaffID, HorarioID) VALUES (6467, 27);
INSERT INTO Pessoa (PessoaID, NumIdentificacao, Nome, Morada, Telefone, NumeroBeneficiario, Sexo, DataNascimento) VALUES (413, 13170241, "Shirley Montero", "morada", 990077738, 690366813, "F", "26/05/1982 02:11:39");
INSERT INTO Staff (PessoaID, CodigoIdentificacao, Especializacao) VALUES (413, 1298, 22);
INSERT INTO Medico (StaffID, Consultorio) VALUES (1298, 227);
INSERT INTO HorarioTrabalho (StaffID, HorarioID) VALUES (1298, 3);
INSERT INTO HorarioTrabalho (StaffID, HorarioID) VALUES (1298, 14);
INSERT INTO HorarioTrabalho (StaffID, HorarioID) VALUES (1298, 20);
INSERT INTO Pessoa (PessoaID, NumIdentificacao, Nome, Morada, Telefone, NumeroBeneficiario, Sexo, DataNascimento) VALUES (414, 26535826, "Diane Pollard", "morada", 984303047, 988353168, "F", "31/07/1982 05:13:13");
INSERT INTO Staff (PessoaID, CodigoIdentificacao, Especializacao) VALUES (414, 2769, 40);
INSERT INTO Medico (StaffID, Consultorio) VALUES (2769, 104);
INSERT INTO HorarioTrabalho (StaffID, HorarioID) VALUES (2769, 4);
INSERT INTO HorarioTrabalho (StaffID, HorarioID) VALUES (2769, 12);
INSERT INTO HorarioTrabalho (StaffID, HorarioID) VALUES (2769, 16);
INSERT INTO HorarioTrabalho (StaffID, HorarioID) VALUES (2769, 23);
INSERT INTO HorarioTrabalho (StaffID, HorarioID) VALUES (2769, 27);
INSERT INTO Pessoa (PessoaID, NumIdentificacao, Nome, Morada, Telefone, NumeroBeneficiario, Sexo, DataNascimento) VALUES (415, 68386603, "Marian Ramos", "morada", 936816739, 401123335, "F", "10/01/1996 13:52:28");
INSERT INTO Staff (PessoaID, CodigoIdentificacao, Especializacao) VALUES (415, 3833, 9);
INSERT INTO Medico (StaffID, Consultorio) VALUES (3833, 124);
INSERT INTO HorarioTrabalho (StaffID, HorarioID) VALUES (3833, 1);
INSERT INTO HorarioTrabalho (StaffID, HorarioID) VALUES (3833, 11);
INSERT INTO HorarioTrabalho (StaffID, HorarioID) VALUES (3833, 17);
INSERT INTO HorarioTrabalho (StaffID, HorarioID) VALUES (3833, 23);
INSERT INTO Pessoa (PessoaID, NumIdentificacao, Nome, Morada, Telefone, NumeroBeneficiario, Sexo, DataNascimento) VALUES (416, 82026038, "Serita Maslow", "morada", 943389694, 663950206, "F", "26/10/1974 20:16:07");
INSERT INTO Staff (PessoaID, CodigoIdentificacao, Especializacao) VALUES (416, 4282, 30);
INSERT INTO Medico (StaffID, Consultorio) VALUES (4282, 198);
INSERT INTO HorarioTrabalho (StaffID, HorarioID) VALUES (4282, 4);
INSERT INTO HorarioTrabalho (StaffID, HorarioID) VALUES (4282, 7);
INSERT INTO HorarioTrabalho (StaffID, HorarioID) VALUES (4282, 12);
INSERT INTO HorarioTrabalho (StaffID, HorarioID) VALUES (4282, 16);
INSERT INTO HorarioTrabalho (StaffID, HorarioID) VALUES (4282, 24);
INSERT INTO Pessoa (PessoaID, NumIdentificacao, Nome, Morada, Telefone, NumeroBeneficiario, Sexo, DataNascimento) VALUES (417, 53384428, "James Taylor", "morada", 972387236, 895251262, "M", "21/02/2018 01:35:17");
INSERT INTO Staff (PessoaID, CodigoIdentificacao, Especializacao) VALUES (417, 9079, 37);
INSERT INTO Medico (StaffID, Consultorio) VALUES (9079, 105);
INSERT INTO HorarioTrabalho (StaffID, HorarioID) VALUES (9079, 4);
INSERT INTO HorarioTrabalho (StaffID, HorarioID) VALUES (9079, 15);
INSERT INTO HorarioTrabalho (StaffID, HorarioID) VALUES (9079, 18);
INSERT INTO HorarioTrabalho (StaffID, HorarioID) VALUES (9079, 23);
INSERT INTO HorarioTrabalho (StaffID, HorarioID) VALUES (9079, 28);
INSERT INTO Pessoa (PessoaID, NumIdentificacao, Nome, Morada, Telefone, NumeroBeneficiario, Sexo, DataNascimento) VALUES (418, 95625104, "Rosie Kelley", "morada", 987608956, 364298636, "F", "01/01/2004 12:49:27");
INSERT INTO Staff (PessoaID, CodigoIdentificacao, Especializacao) VALUES (418, 2198, 14);
INSERT INTO Medico (StaffID, Consultorio) VALUES (2198, 179);
INSERT INTO HorarioTrabalho (StaffID, HorarioID) VALUES (2198, 1);
INSERT INTO HorarioTrabalho (StaffID, HorarioID) VALUES (2198, 5);
INSERT INTO HorarioTrabalho (StaffID, HorarioID) VALUES (2198, 25);
INSERT INTO Pessoa (PessoaID, NumIdentificacao, Nome, Morada, Telefone, NumeroBeneficiario, Sexo, DataNascimento) VALUES (419, 43127428, "Denise Huver", "morada", 923322151, 449898178, "F", "10/08/1972 06:05:58");
INSERT INTO Staff (PessoaID, CodigoIdentificacao, Especializacao) VALUES (419, 2607, 1);
INSERT INTO Medico (StaffID, Consultorio) VALUES (2607, 207);
INSERT INTO HorarioTrabalho (StaffID, HorarioID) VALUES (2607, 4);
INSERT INTO HorarioTrabalho (StaffID, HorarioID) VALUES (2607, 16);
INSERT INTO Pessoa (PessoaID, NumIdentificacao, Nome, Morada, Telefone, NumeroBeneficiario, Sexo, DataNascimento) VALUES (420, 83567667, "Monica Hornick", "morada", 916536879, 368571319, "F", "11/08/1985 03:59:03");
INSERT INTO Staff (PessoaID, CodigoIdentificacao, Especializacao) VALUES (420, 1315, 36);
INSERT INTO Medico (StaffID, Consultorio) VALUES (1315, 194);
INSERT INTO HorarioTrabalho (StaffID, HorarioID) VALUES (1315, 1);
INSERT INTO HorarioTrabalho (StaffID, HorarioID) VALUES (1315, 11);
INSERT INTO HorarioTrabalho (StaffID, HorarioID) VALUES (1315, 24);
INSERT INTO HorarioTrabalho (StaffID, HorarioID) VALUES (1315, 30);
INSERT INTO Pessoa (PessoaID, NumIdentificacao, Nome, Morada, Telefone, NumeroBeneficiario, Sexo, DataNascimento) VALUES (421, 54673134, "Barbara Sowder", "morada", 922996789, 538840497, "F", "18/11/2012 05:54:28");
INSERT INTO Staff (PessoaID, CodigoIdentificacao, Especializacao) VALUES (421, 2970, 23);
INSERT INTO Medico (StaffID, Consultorio) VALUES (2970, 144);
INSERT INTO HorarioTrabalho (StaffID, HorarioID) VALUES (2970, 2);
INSERT INTO HorarioTrabalho (StaffID, HorarioID) VALUES (2970, 8);
INSERT INTO HorarioTrabalho (StaffID, HorarioID) VALUES (2970, 10);
INSERT INTO HorarioTrabalho (StaffID, HorarioID) VALUES (2970, 14);
INSERT INTO HorarioTrabalho (StaffID, HorarioID) VALUES (2970, 18);
INSERT INTO Pessoa (PessoaID, NumIdentificacao, Nome, Morada, Telefone, NumeroBeneficiario, Sexo, DataNascimento) VALUES (422, 53902768, "Michael Green", "morada", 951787295, 412846431, "M", "05/01/1973 08:47:23");
INSERT INTO Staff (PessoaID, CodigoIdentificacao, Especializacao) VALUES (422, 4917, 36);
INSERT INTO Medico (StaffID, Consultorio) VALUES (4917, 118);
INSERT INTO HorarioTrabalho (StaffID, HorarioID) VALUES (4917, 4);
INSERT INTO HorarioTrabalho (StaffID, HorarioID) VALUES (4917, 7);
INSERT INTO HorarioTrabalho (StaffID, HorarioID) VALUES (4917, 15);
INSERT INTO HorarioTrabalho (StaffID, HorarioID) VALUES (4917, 18);
INSERT INTO HorarioTrabalho (StaffID, HorarioID) VALUES (4917, 24);
INSERT INTO Pessoa (PessoaID, NumIdentificacao, Nome, Morada, Telefone, NumeroBeneficiario, Sexo, DataNascimento) VALUES (423, 68807095, "Javier Bodreau", "morada", 975279819, 300347641, "M", "21/08/1987 14:39:51");
INSERT INTO Staff (PessoaID, CodigoIdentificacao, Especializacao) VALUES (423, 1819, 35);
INSERT INTO Medico (StaffID, Consultorio) VALUES (1819, 143);
INSERT INTO HorarioTrabalho (StaffID, HorarioID) VALUES (1819, 1);
INSERT INTO HorarioTrabalho (StaffID, HorarioID) VALUES (1819, 6);
INSERT INTO HorarioTrabalho (StaffID, HorarioID) VALUES (1819, 19);
INSERT INTO Pessoa (PessoaID, NumIdentificacao, Nome, Morada, Telefone, NumeroBeneficiario, Sexo, DataNascimento) VALUES (424, 82260014, "Walter Coleman", "morada", 992889392, 978809358, "M", "04/10/2018 11:20:04");
INSERT INTO Staff (PessoaID, CodigoIdentificacao, Especializacao) VALUES (424, 8183, 18);
INSERT INTO Medico (StaffID, Consultorio) VALUES (8183, 183);
INSERT INTO HorarioTrabalho (StaffID, HorarioID) VALUES (8183, 4);
INSERT INTO HorarioTrabalho (StaffID, HorarioID) VALUES (8183, 6);
INSERT INTO HorarioTrabalho (StaffID, HorarioID) VALUES (8183, 30);
INSERT INTO Pessoa (PessoaID, NumIdentificacao, Nome, Morada, Telefone, NumeroBeneficiario, Sexo, DataNascimento) VALUES (425, 44014195, "Christopher Davidson", "morada", 961139782, 343723192, "M", "11/09/2002 03:18:30");
INSERT INTO Staff (PessoaID, CodigoIdentificacao, Especializacao) VALUES (425, 6757, 5);
INSERT INTO Medico (StaffID, Consultorio) VALUES (6757, 127);
INSERT INTO HorarioTrabalho (StaffID, HorarioID) VALUES (6757, 1);
INSERT INTO HorarioTrabalho (StaffID, HorarioID) VALUES (6757, 9);
INSERT INTO HorarioTrabalho (StaffID, HorarioID) VALUES (6757, 13);
INSERT INTO HorarioTrabalho (StaffID, HorarioID) VALUES (6757, 16);
INSERT INTO HorarioTrabalho (StaffID, HorarioID) VALUES (6757, 24);
INSERT INTO Pessoa (PessoaID, NumIdentificacao, Nome, Morada, Telefone, NumeroBeneficiario, Sexo, DataNascimento) VALUES (426, 75416255, "Karl Moore", "morada", 953236061, 879169778, "M", "14/07/1994 23:38:13");
INSERT INTO Staff (PessoaID, CodigoIdentificacao, Especializacao) VALUES (426, 8577, 41);
INSERT INTO Medico (StaffID, Consultorio) VALUES (8577, 215);
INSERT INTO HorarioTrabalho (StaffID, HorarioID) VALUES (8577, 4);
INSERT INTO HorarioTrabalho (StaffID, HorarioID) VALUES (8577, 6);
INSERT INTO HorarioTrabalho (StaffID, HorarioID) VALUES (8577, 23);


-- Distribution of doctors to patients
INSERT INTO MedicoAtribuido (PacienteID, MedicoID) VALUES (3, 426);
INSERT INTO MedicoAtribuido (PacienteID, MedicoID) VALUES (5, 387);
INSERT INTO MedicoAtribuido (PacienteID, MedicoID) VALUES (6, 385);
INSERT INTO MedicoAtribuido (PacienteID, MedicoID) VALUES (7, 425);
INSERT INTO MedicoAtribuido (PacienteID, MedicoID) VALUES (11, 400);
INSERT INTO MedicoAtribuido (PacienteID, MedicoID) VALUES (13, 400);
INSERT INTO MedicoAtribuido (PacienteID, MedicoID) VALUES (14, 400);
INSERT INTO MedicoAtribuido (PacienteID, MedicoID) VALUES (16, 403);
INSERT INTO MedicoAtribuido (PacienteID, MedicoID) VALUES (17, 388);
INSERT INTO MedicoAtribuido (PacienteID, MedicoID) VALUES (20, 409);
INSERT INTO MedicoAtribuido (PacienteID, MedicoID) VALUES (23, 399);
INSERT INTO MedicoAtribuido (PacienteID, MedicoID) VALUES (24, 414);
INSERT INTO MedicoAtribuido (PacienteID, MedicoID) VALUES (25, 407);
INSERT INTO MedicoAtribuido (PacienteID, MedicoID) VALUES (27, 386);
INSERT INTO MedicoAtribuido (PacienteID, MedicoID) VALUES (29, 418);
INSERT INTO MedicoAtribuido (PacienteID, MedicoID) VALUES (30, 405);
INSERT INTO MedicoAtribuido (PacienteID, MedicoID) VALUES (31, 391);
INSERT INTO MedicoAtribuido (PacienteID, MedicoID) VALUES (33, 388);
INSERT INTO MedicoAtribuido (PacienteID, MedicoID) VALUES (36, 395);
INSERT INTO MedicoAtribuido (PacienteID, MedicoID) VALUES (41, 405);
INSERT INTO MedicoAtribuido (PacienteID, MedicoID) VALUES (44, 385);
INSERT INTO MedicoAtribuido (PacienteID, MedicoID) VALUES (46, 421);
INSERT INTO MedicoAtribuido (PacienteID, MedicoID) VALUES (47, 414);
INSERT INTO MedicoAtribuido (PacienteID, MedicoID) VALUES (49, 423);
INSERT INTO MedicoAtribuido (PacienteID, MedicoID) VALUES (50, 401);
INSERT INTO MedicoAtribuido (PacienteID, MedicoID) VALUES (51, 398);
INSERT INTO MedicoAtribuido (PacienteID, MedicoID) VALUES (56, 400);
INSERT INTO MedicoAtribuido (PacienteID, MedicoID) VALUES (57, 404);
INSERT INTO MedicoAtribuido (PacienteID, MedicoID) VALUES (58, 392);
INSERT INTO MedicoAtribuido (PacienteID, MedicoID) VALUES (60, 397);
INSERT INTO MedicoAtribuido (PacienteID, MedicoID) VALUES (62, 398);
INSERT INTO MedicoAtribuido (PacienteID, MedicoID) VALUES (65, 419);
INSERT INTO MedicoAtribuido (PacienteID, MedicoID) VALUES (66, 423);
INSERT INTO MedicoAtribuido (PacienteID, MedicoID) VALUES (67, 404);
INSERT INTO MedicoAtribuido (PacienteID, MedicoID) VALUES (68, 385);
INSERT INTO MedicoAtribuido (PacienteID, MedicoID) VALUES (70, 408);
INSERT INTO MedicoAtribuido (PacienteID, MedicoID) VALUES (73, 387);
INSERT INTO MedicoAtribuido (PacienteID, MedicoID) VALUES (77, 386);
INSERT INTO MedicoAtribuido (PacienteID, MedicoID) VALUES (83, 411);
INSERT INTO MedicoAtribuido (PacienteID, MedicoID) VALUES (84, 395);
INSERT INTO MedicoAtribuido (PacienteID, MedicoID) VALUES (85, 391);
INSERT INTO MedicoAtribuido (PacienteID, MedicoID) VALUES (86, 404);
INSERT INTO MedicoAtribuido (PacienteID, MedicoID) VALUES (88, 413);
INSERT INTO MedicoAtribuido (PacienteID, MedicoID) VALUES (89, 399);
INSERT INTO MedicoAtribuido (PacienteID, MedicoID) VALUES (91, 422);
INSERT INTO MedicoAtribuido (PacienteID, MedicoID) VALUES (93, 390);
INSERT INTO MedicoAtribuido (PacienteID, MedicoID) VALUES (94, 406);
INSERT INTO MedicoAtribuido (PacienteID, MedicoID) VALUES (96, 413);
INSERT INTO MedicoAtribuido (PacienteID, MedicoID) VALUES (99, 409);
INSERT INTO MedicoAtribuido (PacienteID, MedicoID) VALUES (100, 383);
INSERT INTO MedicoAtribuido (PacienteID, MedicoID) VALUES (101, 410);
INSERT INTO MedicoAtribuido (PacienteID, MedicoID) VALUES (102, 424);
INSERT INTO MedicoAtribuido (PacienteID, MedicoID) VALUES (104, 411);
INSERT INTO MedicoAtribuido (PacienteID, MedicoID) VALUES (106, 406);
INSERT INTO MedicoAtribuido (PacienteID, MedicoID) VALUES (108, 413);
INSERT INTO MedicoAtribuido (PacienteID, MedicoID) VALUES (109, 394);
INSERT INTO MedicoAtribuido (PacienteID, MedicoID) VALUES (110, 419);
INSERT INTO MedicoAtribuido (PacienteID, MedicoID) VALUES (114, 420);
INSERT INTO MedicoAtribuido (PacienteID, MedicoID) VALUES (116, 388);
INSERT INTO MedicoAtribuido (PacienteID, MedicoID) VALUES (118, 393);
INSERT INTO MedicoAtribuido (PacienteID, MedicoID) VALUES (119, 410);
INSERT INTO MedicoAtribuido (PacienteID, MedicoID) VALUES (120, 415);
INSERT INTO MedicoAtribuido (PacienteID, MedicoID) VALUES (124, 393);
INSERT INTO MedicoAtribuido (PacienteID, MedicoID) VALUES (125, 393);
INSERT INTO MedicoAtribuido (PacienteID, MedicoID) VALUES (127, 398);
INSERT INTO MedicoAtribuido (PacienteID, MedicoID) VALUES (130, 402);
INSERT INTO MedicoAtribuido (PacienteID, MedicoID) VALUES (132, 384);
INSERT INTO MedicoAtribuido (PacienteID, MedicoID) VALUES (133, 403);
INSERT INTO MedicoAtribuido (PacienteID, MedicoID) VALUES (134, 420);
INSERT INTO MedicoAtribuido (PacienteID, MedicoID) VALUES (138, 424);
INSERT INTO MedicoAtribuido (PacienteID, MedicoID) VALUES (140, 392);
INSERT INTO MedicoAtribuido (PacienteID, MedicoID) VALUES (143, 383);
INSERT INTO MedicoAtribuido (PacienteID, MedicoID) VALUES (144, 393);
INSERT INTO MedicoAtribuido (PacienteID, MedicoID) VALUES (146, 395);
INSERT INTO MedicoAtribuido (PacienteID, MedicoID) VALUES (147, 405);
INSERT INTO MedicoAtribuido (PacienteID, MedicoID) VALUES (148, 393);
INSERT INTO MedicoAtribuido (PacienteID, MedicoID) VALUES (149, 387);
INSERT INTO MedicoAtribuido (PacienteID, MedicoID) VALUES (150, 424);
INSERT INTO MedicoAtribuido (PacienteID, MedicoID) VALUES (155, 421);
INSERT INTO MedicoAtribuido (PacienteID, MedicoID) VALUES (157, 403);
INSERT INTO MedicoAtribuido (PacienteID, MedicoID) VALUES (158, 420);
INSERT INTO MedicoAtribuido (PacienteID, MedicoID) VALUES (160, 420);
INSERT INTO MedicoAtribuido (PacienteID, MedicoID) VALUES (164, 385);
INSERT INTO MedicoAtribuido (PacienteID, MedicoID) VALUES (165, 419);
INSERT INTO MedicoAtribuido (PacienteID, MedicoID) VALUES (167, 391);
INSERT INTO MedicoAtribuido (PacienteID, MedicoID) VALUES (168, 406);
INSERT INTO MedicoAtribuido (PacienteID, MedicoID) VALUES (169, 407);
INSERT INTO MedicoAtribuido (PacienteID, MedicoID) VALUES (170, 423);
INSERT INTO MedicoAtribuido (PacienteID, MedicoID) VALUES (171, 390);
INSERT INTO MedicoAtribuido (PacienteID, MedicoID) VALUES (176, 423);
INSERT INTO MedicoAtribuido (PacienteID, MedicoID) VALUES (177, 419);
INSERT INTO MedicoAtribuido (PacienteID, MedicoID) VALUES (178, 386);
INSERT INTO MedicoAtribuido (PacienteID, MedicoID) VALUES (179, 387);
INSERT INTO MedicoAtribuido (PacienteID, MedicoID) VALUES (180, 408);
INSERT INTO MedicoAtribuido (PacienteID, MedicoID) VALUES (181, 417);
INSERT INTO MedicoAtribuido (PacienteID, MedicoID) VALUES (182, 419);
INSERT INTO MedicoAtribuido (PacienteID, MedicoID) VALUES (185, 421);
INSERT INTO MedicoAtribuido (PacienteID, MedicoID) VALUES (186, 405);
INSERT INTO MedicoAtribuido (PacienteID, MedicoID) VALUES (188, 410);
INSERT INTO MedicoAtribuido (PacienteID, MedicoID) VALUES (189, 416);
INSERT INTO MedicoAtribuido (PacienteID, MedicoID) VALUES (191, 402);
INSERT INTO MedicoAtribuido (PacienteID, MedicoID) VALUES (193, 424);
INSERT INTO MedicoAtribuido (PacienteID, MedicoID) VALUES (194, 385);
INSERT INTO MedicoAtribuido (PacienteID, MedicoID) VALUES (195, 415);
INSERT INTO MedicoAtribuido (PacienteID, MedicoID) VALUES (199, 403);
INSERT INTO MedicoAtribuido (PacienteID, MedicoID) VALUES (200, 400);
INSERT INTO MedicoAtribuido (PacienteID, MedicoID) VALUES (203, 389);
INSERT INTO MedicoAtribuido (PacienteID, MedicoID) VALUES (204, 416);
INSERT INTO MedicoAtribuido (PacienteID, MedicoID) VALUES (205, 425);
INSERT INTO MedicoAtribuido (PacienteID, MedicoID) VALUES (207, 400);
INSERT INTO MedicoAtribuido (PacienteID, MedicoID) VALUES (208, 385);
INSERT INTO MedicoAtribuido (PacienteID, MedicoID) VALUES (209, 405);
INSERT INTO MedicoAtribuido (PacienteID, MedicoID) VALUES (210, 415);
INSERT INTO MedicoAtribuido (PacienteID, MedicoID) VALUES (211, 411);
INSERT INTO MedicoAtribuido (PacienteID, MedicoID) VALUES (215, 424);
INSERT INTO MedicoAtribuido (PacienteID, MedicoID) VALUES (216, 410);
INSERT INTO MedicoAtribuido (PacienteID, MedicoID) VALUES (218, 404);
INSERT INTO MedicoAtribuido (PacienteID, MedicoID) VALUES (219, 384);
INSERT INTO MedicoAtribuido (PacienteID, MedicoID) VALUES (222, 388);
INSERT INTO MedicoAtribuido (PacienteID, MedicoID) VALUES (225, 420);
INSERT INTO MedicoAtribuido (PacienteID, MedicoID) VALUES (226, 413);
INSERT INTO MedicoAtribuido (PacienteID, MedicoID) VALUES (227, 392);
INSERT INTO MedicoAtribuido (PacienteID, MedicoID) VALUES (230, 417);
INSERT INTO MedicoAtribuido (PacienteID, MedicoID) VALUES (231, 422);
INSERT INTO MedicoAtribuido (PacienteID, MedicoID) VALUES (232, 389);
INSERT INTO MedicoAtribuido (PacienteID, MedicoID) VALUES (233, 421);
INSERT INTO MedicoAtribuido (PacienteID, MedicoID) VALUES (236, 420);
INSERT INTO MedicoAtribuido (PacienteID, MedicoID) VALUES (238, 421);
INSERT INTO MedicoAtribuido (PacienteID, MedicoID) VALUES (239, 408);
INSERT INTO MedicoAtribuido (PacienteID, MedicoID) VALUES (240, 391);
INSERT INTO MedicoAtribuido (PacienteID, MedicoID) VALUES (242, 419);
INSERT INTO MedicoAtribuido (PacienteID, MedicoID) VALUES (243, 390);
INSERT INTO MedicoAtribuido (PacienteID, MedicoID) VALUES (245, 393);
INSERT INTO MedicoAtribuido (PacienteID, MedicoID) VALUES (246, 395);
INSERT INTO MedicoAtribuido (PacienteID, MedicoID) VALUES (247, 390);
INSERT INTO MedicoAtribuido (PacienteID, MedicoID) VALUES (249, 410);
INSERT INTO MedicoAtribuido (PacienteID, MedicoID) VALUES (250, 406);
INSERT INTO MedicoAtribuido (PacienteID, MedicoID) VALUES (255, 383);
INSERT INTO MedicoAtribuido (PacienteID, MedicoID) VALUES (256, 423);
INSERT INTO MedicoAtribuido (PacienteID, MedicoID) VALUES (257, 383);
INSERT INTO MedicoAtribuido (PacienteID, MedicoID) VALUES (258, 389);
INSERT INTO MedicoAtribuido (PacienteID, MedicoID) VALUES (259, 423);
INSERT INTO MedicoAtribuido (PacienteID, MedicoID) VALUES (262, 402);
INSERT INTO MedicoAtribuido (PacienteID, MedicoID) VALUES (265, 396);
INSERT INTO MedicoAtribuido (PacienteID, MedicoID) VALUES (266, 404);
INSERT INTO MedicoAtribuido (PacienteID, MedicoID) VALUES (267, 388);
INSERT INTO MedicoAtribuido (PacienteID, MedicoID) VALUES (268, 409);
INSERT INTO MedicoAtribuido (PacienteID, MedicoID) VALUES (269, 412);
INSERT INTO MedicoAtribuido (PacienteID, MedicoID) VALUES (270, 401);
INSERT INTO MedicoAtribuido (PacienteID, MedicoID) VALUES (274, 426);
INSERT INTO MedicoAtribuido (PacienteID, MedicoID) VALUES (275, 411);
INSERT INTO MedicoAtribuido (PacienteID, MedicoID) VALUES (276, 403);
INSERT INTO MedicoAtribuido (PacienteID, MedicoID) VALUES (278, 418);
INSERT INTO MedicoAtribuido (PacienteID, MedicoID) VALUES (279, 422);
INSERT INTO MedicoAtribuido (PacienteID, MedicoID) VALUES (280, 414);
INSERT INTO MedicoAtribuido (PacienteID, MedicoID) VALUES (281, 426);
INSERT INTO MedicoAtribuido (PacienteID, MedicoID) VALUES (282, 401);
INSERT INTO MedicoAtribuido (PacienteID, MedicoID) VALUES (283, 421);
INSERT INTO MedicoAtribuido (PacienteID, MedicoID) VALUES (284, 411);
INSERT INTO MedicoAtribuido (PacienteID, MedicoID) VALUES (285, 386);
INSERT INTO MedicoAtribuido (PacienteID, MedicoID) VALUES (287, 424);
INSERT INTO MedicoAtribuido (PacienteID, MedicoID) VALUES (289, 384);
INSERT INTO MedicoAtribuido (PacienteID, MedicoID) VALUES (295, 417);
INSERT INTO MedicoAtribuido (PacienteID, MedicoID) VALUES (300, 421);

-- Departments
INSERT INTO Departamento (NumIdentificador,Nome,Responsavel) VALUES (1,"Cardiologia",311);
INSERT INTO Departamento (NumIdentificador,Nome,Responsavel) VALUES (2,"Triagem de mama",352);
INSERT INTO Departamento (NumIdentificador,Nome,Responsavel) VALUES (3,"Diagnóstico por imagem",389);
INSERT INTO Departamento (NumIdentificador,Nome,Responsavel) VALUES (4,"Otorrinolaringologia",360);
INSERT INTO Departamento (NumIdentificador,Nome,Responsavel) VALUES (5,"Geriatria",406);
INSERT INTO Departamento (NumIdentificador,Nome,Responsavel) VALUES (6,"Gastroenterologia",383);
INSERT INTO Departamento (NumIdentificador,Nome,Responsavel) VALUES (7,"Cirurgia geral",301);
INSERT INTO Departamento (NumIdentificador,Nome,Responsavel) VALUES (8,"Ginecologia",367);
INSERT INTO Departamento (NumIdentificador,Nome,Responsavel) VALUES (9,"Maternidade",323);
INSERT INTO Departamento (NumIdentificador,Nome,Responsavel) VALUES (10,"Microbiologia",314);
INSERT INTO Departamento (NumIdentificador,Nome,Responsavel) VALUES (11,"Neurologia",309);
INSERT INTO Departamento (NumIdentificador,Nome,Responsavel) VALUES (12,"Nutrição",302);
INSERT INTO Departamento (NumIdentificador,Nome,Responsavel) VALUES (13,"Obstetrícia",367);
INSERT INTO Departamento (NumIdentificador,Nome,Responsavel) VALUES (14,"Terapia Ocupacional",323);
INSERT INTO Departamento (NumIdentificador,Nome,Responsavel) VALUES (15,"Oncologia",387);
INSERT INTO Departamento (NumIdentificador,Nome,Responsavel) VALUES (16,"Oftalmologia",364);
INSERT INTO Departamento (NumIdentificador,Nome,Responsavel) VALUES (17,"Ortopedia",348);
INSERT INTO Departamento (NumIdentificador,Nome,Responsavel) VALUES (18,"Farmacologia",314);
INSERT INTO Departamento (NumIdentificador,Nome,Responsavel) VALUES (19,"Fisioterapia",318);
INSERT INTO Departamento (NumIdentificador,Nome,Responsavel) VALUES (20,"Radioterapia",390);
INSERT INTO Departamento (NumIdentificador,Nome,Responsavel) VALUES (21,"Unidade Renal",370);
INSERT INTO Departamento (NumIdentificador,Nome,Responsavel) VALUES (22,"Reumatologia",371);
INSERT INTO Departamento (NumIdentificador,Nome,Responsavel) VALUES (23,"Saude Sexual",372);
INSERT INTO Departamento (NumIdentificador,Nome,Responsavel) VALUES (24,"Urologia",377);

-- Admission
INSERT INTO Admissao (AdmissaoID, Data, Urgencia, Prioridade, Paciente) VALUES (1, "10/11/1986 20:46:41", 3, 3, 121);
INSERT INTO Admissao (AdmissaoID, Data, Urgencia, Prioridade, Paciente) VALUES (2, "21/7/1998 7:14:17", 2, 0, 198);
INSERT INTO Admissao (AdmissaoID, Data, Urgencia, Prioridade, Paciente) VALUES (3, "19/2/1973 16:22:28", 3, 3, 279);
INSERT INTO Admissao (AdmissaoID, Data, Urgencia, Prioridade, Paciente) VALUES (4, "19/2/2007 19:35:21", 1, 1, 133);
INSERT INTO Admissao (AdmissaoID, Data, Urgencia, Prioridade, Paciente) VALUES (5, "27/8/2005 12:52:49", 3, 1, 25);
INSERT INTO Admissao (AdmissaoID, Data, Urgencia, Prioridade, Paciente) VALUES (6, "13/9/1987 11:52:47", 1, 2, 77);
INSERT INTO Admissao (AdmissaoID, Data, Urgencia, Prioridade, Paciente) VALUES (7, "14/8/2014 19:54:31", 1, 3, 290);
INSERT INTO Admissao (AdmissaoID, Data, Urgencia, Prioridade, Paciente) VALUES (8, "13/4/1965 14:43:38", 3, 2, 189);
INSERT INTO Admissao (AdmissaoID, Data, Urgencia, Prioridade, Paciente) VALUES (9, "7/1/2002 4:3:14", 0, 3, 107);
INSERT INTO Admissao (AdmissaoID, Data, Urgencia, Prioridade, Paciente) VALUES (10, "27/3/1967 6:14:50", 1, 1, 100);
INSERT INTO Admissao (AdmissaoID, Data, Urgencia, Prioridade, Paciente) VALUES (11, "7/8/1999 15:16:39", 1, 3, 134);
INSERT INTO Admissao (AdmissaoID, Data, Urgencia, Prioridade, Paciente) VALUES (12, "11/1/1962 14:21:35", 3, 0, 74);
INSERT INTO Admissao (AdmissaoID, Data, Urgencia, Prioridade, Paciente) VALUES (13, "28/5/1991 9:43:29", 1, 2, 70);
INSERT INTO Admissao (AdmissaoID, Data, Urgencia, Prioridade, Paciente) VALUES (14, "7/2/1995 5:55:50", 1, 0, 87);
INSERT INTO Admissao (AdmissaoID, Data, Urgencia, Prioridade, Paciente) VALUES (15, "11/12/1969 20:35:58", 3, 1, 239);
INSERT INTO Admissao (AdmissaoID, Data, Urgencia, Prioridade, Paciente) VALUES (16, "17/4/2011 10:9:20", 3, 2, 297);
INSERT INTO Admissao (AdmissaoID, Data, Urgencia, Prioridade, Paciente) VALUES (17, "21/3/2012 7:31:34", 1, 3, 17);
INSERT INTO Admissao (AdmissaoID, Data, Urgencia, Prioridade, Paciente) VALUES (18, "5/3/1967 2:23:57", 3, 3, 116);
INSERT INTO Admissao (AdmissaoID, Data, Urgencia, Prioridade, Paciente) VALUES (19, "1/1/1987 21:48:27", 1, 2, 116);
INSERT INTO Admissao (AdmissaoID, Data, Urgencia, Prioridade, Paciente) VALUES (20, "14/12/1995 9:54:19", 1, 1, 12);
INSERT INTO Admissao (AdmissaoID, Data, Urgencia, Prioridade, Paciente) VALUES (21, "20/9/1979 23:19:15", 1, 1, 250);
INSERT INTO Admissao (AdmissaoID, Data, Urgencia, Prioridade, Paciente) VALUES (22, "5/12/1999 0:9:23", 0, 2, 211);
INSERT INTO Admissao (AdmissaoID, Data, Urgencia, Prioridade, Paciente) VALUES (23, "2/7/2014 11:10:59", 0, 1, 273);
INSERT INTO Admissao (AdmissaoID, Data, Urgencia, Prioridade, Paciente) VALUES (24, "21/4/2004 11:16:32", 2, 2, 6);
INSERT INTO Admissao (AdmissaoID, Data, Urgencia, Prioridade, Paciente) VALUES (25, "11/9/2001 4:8:30", 0, 1, 89);
INSERT INTO Admissao (AdmissaoID, Data, Urgencia, Prioridade, Paciente) VALUES (26, "4/7/2015 12:47:0", 3, 1, 65);
INSERT INTO Admissao (AdmissaoID, Data, Urgencia, Prioridade, Paciente) VALUES (27, "28/8/2003 14:15:8", 2, 1, 2);
INSERT INTO Admissao (AdmissaoID, Data, Urgencia, Prioridade, Paciente) VALUES (28, "6/8/1993 3:10:7", 3, 3, 2);
INSERT INTO Admissao (AdmissaoID, Data, Urgencia, Prioridade, Paciente) VALUES (29, "25/3/2012 22:7:21", 3, 2, 282);
INSERT INTO Admissao (AdmissaoID, Data, Urgencia, Prioridade, Paciente) VALUES (30, "25/2/2009 6:38:50", 1, 3, 141);
INSERT INTO Admissao (AdmissaoID, Data, Urgencia, Prioridade, Paciente) VALUES (31, "13/8/2000 21:52:38", 0, 1, 153);
INSERT INTO Admissao (AdmissaoID, Data, Urgencia, Prioridade, Paciente) VALUES (32, "19/7/1985 9:17:21", 3, 2, 180);
INSERT INTO Admissao (AdmissaoID, Data, Urgencia, Prioridade, Paciente) VALUES (33, "25/7/1963 10:42:59", 0, 2, 288);
INSERT INTO Admissao (AdmissaoID, Data, Urgencia, Prioridade, Paciente) VALUES (34, "14/8/1962 10:55:15", 0, 2, 172);
INSERT INTO Admissao (AdmissaoID, Data, Urgencia, Prioridade, Paciente) VALUES (35, "18/9/2003 5:51:30", 0, 2, 175);
INSERT INTO Admissao (AdmissaoID, Data, Urgencia, Prioridade, Paciente) VALUES (36, "23/8/2016 1:39:32", 3, 0, 250);
INSERT INTO Admissao (AdmissaoID, Data, Urgencia, Prioridade, Paciente) VALUES (37, "23/11/2014 3:50:31", 2, 1, 239);
INSERT INTO Admissao (AdmissaoID, Data, Urgencia, Prioridade, Paciente) VALUES (38, "3/9/1972 0:41:19", 3, 1, 135);
INSERT INTO Admissao (AdmissaoID, Data, Urgencia, Prioridade, Paciente) VALUES (39, "5/1/1962 17:14:19", 3, 3, 114);
INSERT INTO Admissao (AdmissaoID, Data, Urgencia, Prioridade, Paciente) VALUES (40, "20/6/2012 13:35:19", 1, 1, 217);
INSERT INTO Admissao (AdmissaoID, Data, Urgencia, Prioridade, Paciente) VALUES (41, "14/8/1988 11:13:56", 3, 0, 70);
INSERT INTO Admissao (AdmissaoID, Data, Urgencia, Prioridade, Paciente) VALUES (42, "3/9/1987 4:53:49", 2, 0, 169);
INSERT INTO Admissao (AdmissaoID, Data, Urgencia, Prioridade, Paciente) VALUES (43, "22/7/1978 7:23:46", 1, 3, 17);
INSERT INTO Admissao (AdmissaoID, Data, Urgencia, Prioridade, Paciente) VALUES (44, "11/8/2003 7:6:6", 2, 3, 47);
INSERT INTO Admissao (AdmissaoID, Data, Urgencia, Prioridade, Paciente) VALUES (45, "13/4/1994 5:50:29", 2, 0, 30);
INSERT INTO Admissao (AdmissaoID, Data, Urgencia, Prioridade, Paciente) VALUES (46, "16/12/1983 16:8:38", 0, 3, 200);
INSERT INTO Admissao (AdmissaoID, Data, Urgencia, Prioridade, Paciente) VALUES (47, "23/11/2006 20:24:56", 0, 0, 67);
INSERT INTO Admissao (AdmissaoID, Data, Urgencia, Prioridade, Paciente) VALUES (48, "18/3/2009 12:32:2", 2, 3, 71);
INSERT INTO Admissao (AdmissaoID, Data, Urgencia, Prioridade, Paciente) VALUES (49, "5/10/1983 18:12:23", 1, 2, 141);
INSERT INTO Admissao (AdmissaoID, Data, Urgencia, Prioridade, Paciente) VALUES (50, "6/9/1983 13:53:50", 1, 0, 270);
INSERT INTO Admissao (AdmissaoID, Data, Urgencia, Prioridade, Paciente) VALUES (51, "3/1/1987 7:42:58", 2, 2, 72);
INSERT INTO Admissao (AdmissaoID, Data, Urgencia, Prioridade, Paciente) VALUES (52, "11/2/1969 6:32:33", 0, 2, 154);
INSERT INTO Admissao (AdmissaoID, Data, Urgencia, Prioridade, Paciente) VALUES (53, "28/6/2014 14:20:22", 3, 3, 7);
INSERT INTO Admissao (AdmissaoID, Data, Urgencia, Prioridade, Paciente) VALUES (54, "12/6/1998 15:43:19", 1, 0, 175);
INSERT INTO Admissao (AdmissaoID, Data, Urgencia, Prioridade, Paciente) VALUES (55, "13/7/1976 12:12:5", 2, 1, 208);
INSERT INTO Admissao (AdmissaoID, Data, Urgencia, Prioridade, Paciente) VALUES (56, "13/2/1995 7:34:24", 3, 0, 123);
INSERT INTO Admissao (AdmissaoID, Data, Urgencia, Prioridade, Paciente) VALUES (57, "17/3/1985 21:18:8", 1, 1, 84);
INSERT INTO Admissao (AdmissaoID, Data, Urgencia, Prioridade, Paciente) VALUES (58, "25/10/1992 17:39:39", 3, 0, 245);
INSERT INTO Admissao (AdmissaoID, Data, Urgencia, Prioridade, Paciente) VALUES (59, "20/7/1968 1:53:45", 3, 0, 260);
INSERT INTO Admissao (AdmissaoID, Data, Urgencia, Prioridade, Paciente) VALUES (60, "18/3/1971 19:8:16", 0, 1, 89);
INSERT INTO Admissao (AdmissaoID, Data, Urgencia, Prioridade, Paciente) VALUES (61, "9/9/1972 2:55:18", 1, 2, 206);
INSERT INTO Admissao (AdmissaoID, Data, Urgencia, Prioridade, Paciente) VALUES (62, "1/8/2014 20:55:6", 1, 0, 21);
INSERT INTO Admissao (AdmissaoID, Data, Urgencia, Prioridade, Paciente) VALUES (63, "23/12/1971 15:11:37", 0, 3, 272);
INSERT INTO Admissao (AdmissaoID, Data, Urgencia, Prioridade, Paciente) VALUES (64, "2/6/2004 18:6:26", 3, 0, 34);
INSERT INTO Admissao (AdmissaoID, Data, Urgencia, Prioridade, Paciente) VALUES (65, "15/11/1973 18:9:51", 3, 3, 226);
INSERT INTO Admissao (AdmissaoID, Data, Urgencia, Prioridade, Paciente) VALUES (66, "27/5/1985 7:11:17", 2, 1, 167);
INSERT INTO Admissao (AdmissaoID, Data, Urgencia, Prioridade, Paciente) VALUES (67, "7/3/1991 21:8:15", 1, 2, 165);
INSERT INTO Admissao (AdmissaoID, Data, Urgencia, Prioridade, Paciente) VALUES (68, "19/11/1967 20:26:44", 3, 1, 197);
INSERT INTO Admissao (AdmissaoID, Data, Urgencia, Prioridade, Paciente) VALUES (69, "10/5/1978 5:2:43", 0, 0, 198);
INSERT INTO Admissao (AdmissaoID, Data, Urgencia, Prioridade, Paciente) VALUES (70, "25/2/1974 11:51:12", 1, 2, 154);
INSERT INTO Admissao (AdmissaoID, Data, Urgencia, Prioridade, Paciente) VALUES (71, "8/1/1972 5:37:25", 3, 1, 76);
INSERT INTO Admissao (AdmissaoID, Data, Urgencia, Prioridade, Paciente) VALUES (72, "23/3/1979 7:39:29", 1, 0, 144);
INSERT INTO Admissao (AdmissaoID, Data, Urgencia, Prioridade, Paciente) VALUES (73, "6/5/1973 23:29:21", 3, 0, 32);
INSERT INTO Admissao (AdmissaoID, Data, Urgencia, Prioridade, Paciente) VALUES (74, "27/10/1960 22:38:3", 2, 2, 11);
INSERT INTO Admissao (AdmissaoID, Data, Urgencia, Prioridade, Paciente) VALUES (75, "6/6/2004 22:46:25", 1, 2, 50);
INSERT INTO Admissao (AdmissaoID, Data, Urgencia, Prioridade, Paciente) VALUES (76, "20/5/1979 1:28:34", 0, 0, 20);
INSERT INTO Admissao (AdmissaoID, Data, Urgencia, Prioridade, Paciente) VALUES (77, "23/6/1978 20:1:3", 1, 3, 7);
INSERT INTO Admissao (AdmissaoID, Data, Urgencia, Prioridade, Paciente) VALUES (78, "27/12/1991 14:8:42", 1, 0, 146);
INSERT INTO Admissao (AdmissaoID, Data, Urgencia, Prioridade, Paciente) VALUES (79, "10/2/1975 22:40:20", 2, 1, 82);
INSERT INTO Admissao (AdmissaoID, Data, Urgencia, Prioridade, Paciente) VALUES (80, "18/2/1995 11:27:45", 1, 3, 1);
INSERT INTO Admissao (AdmissaoID, Data, Urgencia, Prioridade, Paciente) VALUES (81, "7/5/1994 5:20:49", 1, 3, 111);
INSERT INTO Admissao (AdmissaoID, Data, Urgencia, Prioridade, Paciente) VALUES (82, "14/8/1965 6:28:43", 1, 3, 278);
INSERT INTO Admissao (AdmissaoID, Data, Urgencia, Prioridade, Paciente) VALUES (83, "20/8/1992 14:49:57", 2, 0, 36);
INSERT INTO Admissao (AdmissaoID, Data, Urgencia, Prioridade, Paciente) VALUES (84, "5/2/2014 5:22:46", 2, 0, 230);
INSERT INTO Admissao (AdmissaoID, Data, Urgencia, Prioridade, Paciente) VALUES (85, "26/8/2006 22:25:38", 2, 1, 148);
INSERT INTO Admissao (AdmissaoID, Data, Urgencia, Prioridade, Paciente) VALUES (86, "14/3/1981 19:45:1", 2, 3, 192);
INSERT INTO Admissao (AdmissaoID, Data, Urgencia, Prioridade, Paciente) VALUES (87, "13/10/1998 15:37:21", 0, 3, 1);
INSERT INTO Admissao (AdmissaoID, Data, Urgencia, Prioridade, Paciente) VALUES (88, "2/5/1963 14:10:30", 3, 3, 28);
INSERT INTO Admissao (AdmissaoID, Data, Urgencia, Prioridade, Paciente) VALUES (89, "28/2/2006 19:15:56", 3, 0, 137);
INSERT INTO Admissao (AdmissaoID, Data, Urgencia, Prioridade, Paciente) VALUES (90, "24/6/1988 23:33:44", 3, 2, 124);
INSERT INTO Admissao (AdmissaoID, Data, Urgencia, Prioridade, Paciente) VALUES (91, "5/7/1995 15:17:8", 0, 1, 162);
INSERT INTO Admissao (AdmissaoID, Data, Urgencia, Prioridade, Paciente) VALUES (92, "13/1/1970 13:8:9", 2, 1, 250);
INSERT INTO Admissao (AdmissaoID, Data, Urgencia, Prioridade, Paciente) VALUES (93, "26/7/1984 16:35:46", 2, 0, 262);
INSERT INTO Admissao (AdmissaoID, Data, Urgencia, Prioridade, Paciente) VALUES (94, "24/5/1993 22:53:39", 0, 3, 292);
INSERT INTO Admissao (AdmissaoID, Data, Urgencia, Prioridade, Paciente) VALUES (95, "12/6/1994 1:52:22", 0, 3, 222);
INSERT INTO Admissao (AdmissaoID, Data, Urgencia, Prioridade, Paciente) VALUES (96, "17/4/1992 22:33:10", 1, 3, 137);
INSERT INTO Admissao (AdmissaoID, Data, Urgencia, Prioridade, Paciente) VALUES (97, "10/7/2016 18:34:10", 2, 3, 40);
INSERT INTO Admissao (AdmissaoID, Data, Urgencia, Prioridade, Paciente) VALUES (98, "20/10/2009 15:2:57", 1, 0, 160);
INSERT INTO Admissao (AdmissaoID, Data, Urgencia, Prioridade, Paciente) VALUES (99, "12/12/1990 15:59:8", 1, 0, 73);
INSERT INTO Admissao (AdmissaoID, Data, Urgencia, Prioridade, Paciente) VALUES (100, "22/9/1986 12:25:22", 0, 1, 240);
INSERT INTO Admissao (AdmissaoID, Data, Urgencia, Prioridade, Paciente) VALUES (101, "11/2/1962 19:37:33", 3, 0, 184);
INSERT INTO Admissao (AdmissaoID, Data, Urgencia, Prioridade, Paciente) VALUES (102, "15/2/2002 16:34:52", 0, 1, 225);
INSERT INTO Admissao (AdmissaoID, Data, Urgencia, Prioridade, Paciente) VALUES (103, "5/5/2015 20:48:12", 2, 0, 130);
INSERT INTO Admissao (AdmissaoID, Data, Urgencia, Prioridade, Paciente) VALUES (104, "14/5/2001 15:57:44", 2, 0, 106);
INSERT INTO Admissao (AdmissaoID, Data, Urgencia, Prioridade, Paciente) VALUES (105, "28/6/2008 21:3:15", 0, 1, 178);
INSERT INTO Admissao (AdmissaoID, Data, Urgencia, Prioridade, Paciente) VALUES (106, "4/5/1984 15:45:14", 3, 2, 282);
INSERT INTO Admissao (AdmissaoID, Data, Urgencia, Prioridade, Paciente) VALUES (107, "6/5/1965 4:15:25", 3, 3, 50);
INSERT INTO Admissao (AdmissaoID, Data, Urgencia, Prioridade, Paciente) VALUES (108, "7/9/2001 4:16:53", 3, 2, 113);
INSERT INTO Admissao (AdmissaoID, Data, Urgencia, Prioridade, Paciente) VALUES (109, "7/2/2015 15:37:28", 0, 0, 116);
INSERT INTO Admissao (AdmissaoID, Data, Urgencia, Prioridade, Paciente) VALUES (110, "21/10/2007 23:47:55", 3, 0, 249);
INSERT INTO Admissao (AdmissaoID, Data, Urgencia, Prioridade, Paciente) VALUES (111, "18/5/1969 20:56:13", 0, 3, 23);
INSERT INTO Admissao (AdmissaoID, Data, Urgencia, Prioridade, Paciente) VALUES (112, "28/12/2016 20:56:58", 1, 2, 141);
INSERT INTO Admissao (AdmissaoID, Data, Urgencia, Prioridade, Paciente) VALUES (113, "23/3/1973 15:9:44", 0, 1, 72);
INSERT INTO Admissao (AdmissaoID, Data, Urgencia, Prioridade, Paciente) VALUES (114, "20/5/1965 17:51:27", 3, 1, 183);
INSERT INTO Admissao (AdmissaoID, Data, Urgencia, Prioridade, Paciente) VALUES (115, "21/12/1968 15:20:50", 0, 1, 36);
INSERT INTO Admissao (AdmissaoID, Data, Urgencia, Prioridade, Paciente) VALUES (116, "20/6/1976 16:41:54", 3, 0, 136);
INSERT INTO Admissao (AdmissaoID, Data, Urgencia, Prioridade, Paciente) VALUES (117, "13/11/1994 17:37:21", 0, 0, 45);
INSERT INTO Admissao (AdmissaoID, Data, Urgencia, Prioridade, Paciente) VALUES (118, "7/3/2014 8:56:8", 3, 0, 295);
INSERT INTO Admissao (AdmissaoID, Data, Urgencia, Prioridade, Paciente) VALUES (119, "16/5/2016 15:27:30", 3, 2, 287);
INSERT INTO Admissao (AdmissaoID, Data, Urgencia, Prioridade, Paciente) VALUES (120, "22/4/2006 13:4:51", 3, 1, 249);
INSERT INTO Admissao (AdmissaoID, Data, Urgencia, Prioridade, Paciente) VALUES (121, "16/12/2007 5:53:42", 3, 2, 169);
INSERT INTO Admissao (AdmissaoID, Data, Urgencia, Prioridade, Paciente) VALUES (122, "14/9/1981 15:28:24", 1, 1, 192);
INSERT INTO Admissao (AdmissaoID, Data, Urgencia, Prioridade, Paciente) VALUES (123, "21/11/1991 14:42:6", 1, 1, 63);
INSERT INTO Admissao (AdmissaoID, Data, Urgencia, Prioridade, Paciente) VALUES (124, "7/3/1993 6:52:38", 2, 3, 240);
INSERT INTO Admissao (AdmissaoID, Data, Urgencia, Prioridade, Paciente) VALUES (125, "17/4/2008 9:51:50", 2, 3, 266);
INSERT INTO Admissao (AdmissaoID, Data, Urgencia, Prioridade, Paciente) VALUES (126, "11/2/1980 5:22:4", 2, 2, 113);
INSERT INTO Admissao (AdmissaoID, Data, Urgencia, Prioridade, Paciente) VALUES (127, "19/7/2007 7:10:6", 0, 2, 95);
INSERT INTO Admissao (AdmissaoID, Data, Urgencia, Prioridade, Paciente) VALUES (128, "6/12/2008 12:8:41", 2, 2, 111);
INSERT INTO Admissao (AdmissaoID, Data, Urgencia, Prioridade, Paciente) VALUES (129, "26/3/1980 10:1:15", 3, 1, 229);
INSERT INTO Admissao (AdmissaoID, Data, Urgencia, Prioridade, Paciente) VALUES (130, "6/1/2019 22:43:16", 3, 1, 231);
INSERT INTO Admissao (AdmissaoID, Data, Urgencia, Prioridade, Paciente) VALUES (131, "21/11/2013 19:18:35", 1, 0, 213);
INSERT INTO Admissao (AdmissaoID, Data, Urgencia, Prioridade, Paciente) VALUES (132, "4/4/1964 1:23:25", 3, 2, 169);
INSERT INTO Admissao (AdmissaoID, Data, Urgencia, Prioridade, Paciente) VALUES (133, "8/1/1995 12:15:4", 0, 3, 275);
INSERT INTO Admissao (AdmissaoID, Data, Urgencia, Prioridade, Paciente) VALUES (134, "27/1/1968 9:28:49", 0, 1, 206);
INSERT INTO Admissao (AdmissaoID, Data, Urgencia, Prioridade, Paciente) VALUES (135, "18/11/1992 0:44:49", 2, 2, 67);
INSERT INTO Admissao (AdmissaoID, Data, Urgencia, Prioridade, Paciente) VALUES (136, "14/5/1991 11:21:56", 0, 1, 203);
INSERT INTO Admissao (AdmissaoID, Data, Urgencia, Prioridade, Paciente) VALUES (137, "9/10/1963 16:55:38", 0, 1, 59);
INSERT INTO Admissao (AdmissaoID, Data, Urgencia, Prioridade, Paciente) VALUES (138, "7/12/1992 6:51:38", 2, 3, 266);
INSERT INTO Admissao (AdmissaoID, Data, Urgencia, Prioridade, Paciente) VALUES (139, "17/12/1992 8:53:45", 0, 3, 220);
INSERT INTO Admissao (AdmissaoID, Data, Urgencia, Prioridade, Paciente) VALUES (140, "18/10/2005 10:27:59", 1, 0, 73);
INSERT INTO Admissao (AdmissaoID, Data, Urgencia, Prioridade, Paciente) VALUES (141, "10/10/2018 1:10:54", 0, 0, 222);
INSERT INTO Admissao (AdmissaoID, Data, Urgencia, Prioridade, Paciente) VALUES (142, "4/2/1968 2:49:23", 3, 3, 32);
INSERT INTO Admissao (AdmissaoID, Data, Urgencia, Prioridade, Paciente) VALUES (143, "21/8/1988 0:37:37", 1, 1, 248);
INSERT INTO Admissao (AdmissaoID, Data, Urgencia, Prioridade, Paciente) VALUES (144, "26/4/1967 18:20:44", 2, 0, 269);
INSERT INTO Admissao (AdmissaoID, Data, Urgencia, Prioridade, Paciente) VALUES (145, "22/10/1978 8:12:3", 3, 3, 268);
INSERT INTO Admissao (AdmissaoID, Data, Urgencia, Prioridade, Paciente) VALUES (146, "7/7/1995 0:9:27", 3, 1, 101);
INSERT INTO Admissao (AdmissaoID, Data, Urgencia, Prioridade, Paciente) VALUES (147, "21/9/1994 10:18:15", 3, 3, 282);
INSERT INTO Admissao (AdmissaoID, Data, Urgencia, Prioridade, Paciente) VALUES (148, "11/4/2013 2:42:16", 3, 3, 2);
INSERT INTO Admissao (AdmissaoID, Data, Urgencia, Prioridade, Paciente) VALUES (149, "4/5/1960 9:44:9", 2, 3, 167);
INSERT INTO Admissao (AdmissaoID, Data, Urgencia, Prioridade, Paciente) VALUES (150, "4/7/1965 8:53:33", 1, 0, 17);
INSERT INTO Admissao (AdmissaoID, Data, Urgencia, Prioridade, Paciente) VALUES (151, "21/6/2001 4:0:40", 3, 1, 240);
INSERT INTO Admissao (AdmissaoID, Data, Urgencia, Prioridade, Paciente) VALUES (152, "27/5/2007 20:46:55", 0, 3, 286);
INSERT INTO Admissao (AdmissaoID, Data, Urgencia, Prioridade, Paciente) VALUES (153, "15/9/1963 5:18:36", 2, 0, 292);
INSERT INTO Admissao (AdmissaoID, Data, Urgencia, Prioridade, Paciente) VALUES (154, "10/4/1969 18:54:8", 2, 1, 74);
INSERT INTO Admissao (AdmissaoID, Data, Urgencia, Prioridade, Paciente) VALUES (155, "15/2/1969 6:53:37", 2, 2, 89);
INSERT INTO Admissao (AdmissaoID, Data, Urgencia, Prioridade, Paciente) VALUES (156, "4/9/2009 15:18:45", 3, 1, 211);
INSERT INTO Admissao (AdmissaoID, Data, Urgencia, Prioridade, Paciente) VALUES (157, "11/9/1982 12:41:4", 0, 0, 9);
INSERT INTO Admissao (AdmissaoID, Data, Urgencia, Prioridade, Paciente) VALUES (158, "28/9/1979 12:59:11", 1, 0, 261);
INSERT INTO Admissao (AdmissaoID, Data, Urgencia, Prioridade, Paciente) VALUES (159, "22/6/1978 22:15:54", 0, 2, 169);
INSERT INTO Admissao (AdmissaoID, Data, Urgencia, Prioridade, Paciente) VALUES (160, "2/7/1971 5:51:20", 0, 2, 106);
INSERT INTO Admissao (AdmissaoID, Data, Urgencia, Prioridade, Paciente) VALUES (161, "8/5/1990 0:31:49", 0, 3, 87);
INSERT INTO Admissao (AdmissaoID, Data, Urgencia, Prioridade, Paciente) VALUES (162, "10/8/2016 9:16:13", 0, 2, 41);
INSERT INTO Admissao (AdmissaoID, Data, Urgencia, Prioridade, Paciente) VALUES (163, "14/12/2018 23:18:28", 1, 3, 2);
INSERT INTO Admissao (AdmissaoID, Data, Urgencia, Prioridade, Paciente) VALUES (164, "6/9/2018 9:42:26", 1, 1, 200);
INSERT INTO Admissao (AdmissaoID, Data, Urgencia, Prioridade, Paciente) VALUES (165, "5/9/2014 18:11:49", 0, 0, 59);
INSERT INTO Admissao (AdmissaoID, Data, Urgencia, Prioridade, Paciente) VALUES (166, "12/3/2016 9:59:38", 3, 2, 146);
INSERT INTO Admissao (AdmissaoID, Data, Urgencia, Prioridade, Paciente) VALUES (167, "16/5/2016 2:6:31", 2, 0, 138);
INSERT INTO Admissao (AdmissaoID, Data, Urgencia, Prioridade, Paciente) VALUES (168, "25/9/2005 2:23:58", 3, 1, 37);
INSERT INTO Admissao (AdmissaoID, Data, Urgencia, Prioridade, Paciente) VALUES (169, "1/5/1963 9:0:29", 2, 1, 216);
INSERT INTO Admissao (AdmissaoID, Data, Urgencia, Prioridade, Paciente) VALUES (170, "17/12/1985 12:54:47", 2, 3, 52);
INSERT INTO Admissao (AdmissaoID, Data, Urgencia, Prioridade, Paciente) VALUES (171, "21/5/1969 6:11:24", 2, 1, 51);
INSERT INTO Admissao (AdmissaoID, Data, Urgencia, Prioridade, Paciente) VALUES (172, "20/9/1971 1:39:51", 2, 1, 54);
INSERT INTO Admissao (AdmissaoID, Data, Urgencia, Prioridade, Paciente) VALUES (173, "17/8/2012 23:47:44", 0, 3, 98);
INSERT INTO Admissao (AdmissaoID, Data, Urgencia, Prioridade, Paciente) VALUES (174, "4/2/1993 15:17:42", 0, 1, 186);
INSERT INTO Admissao (AdmissaoID, Data, Urgencia, Prioridade, Paciente) VALUES (175, "13/1/1980 14:38:50", 3, 2, 239);
INSERT INTO Admissao (AdmissaoID, Data, Urgencia, Prioridade, Paciente) VALUES (176, "28/3/2010 18:42:35", 2, 3, 109);
INSERT INTO Admissao (AdmissaoID, Data, Urgencia, Prioridade, Paciente) VALUES (177, "12/8/2017 5:31:37", 0, 0, 59);
INSERT INTO Admissao (AdmissaoID, Data, Urgencia, Prioridade, Paciente) VALUES (178, "10/1/2015 13:7:55", 1, 3, 141);
INSERT INTO Admissao (AdmissaoID, Data, Urgencia, Prioridade, Paciente) VALUES (179, "21/9/2016 19:21:52", 0, 0, 225);
INSERT INTO Admissao (AdmissaoID, Data, Urgencia, Prioridade, Paciente) VALUES (180, "24/1/1965 8:6:14", 3, 0, 188);
INSERT INTO Admissao (AdmissaoID, Data, Urgencia, Prioridade, Paciente) VALUES (181, "21/9/2011 15:34:2", 3, 1, 120);
INSERT INTO Admissao (AdmissaoID, Data, Urgencia, Prioridade, Paciente) VALUES (182, "13/8/1980 6:44:52", 1, 3, 94);
INSERT INTO Admissao (AdmissaoID, Data, Urgencia, Prioridade, Paciente) VALUES (183, "24/3/1968 5:44:45", 1, 0, 187);
INSERT INTO Admissao (AdmissaoID, Data, Urgencia, Prioridade, Paciente) VALUES (184, "12/3/1987 14:1:34", 1, 2, 45);
INSERT INTO Admissao (AdmissaoID, Data, Urgencia, Prioridade, Paciente) VALUES (185, "4/10/1980 6:58:50", 0, 3, 111);
INSERT INTO Admissao (AdmissaoID, Data, Urgencia, Prioridade, Paciente) VALUES (186, "27/12/1970 0:8:9", 0, 2, 293);
INSERT INTO Admissao (AdmissaoID, Data, Urgencia, Prioridade, Paciente) VALUES (187, "15/8/2002 1:43:1", 1, 2, 40);
INSERT INTO Admissao (AdmissaoID, Data, Urgencia, Prioridade, Paciente) VALUES (188, "23/4/1972 4:45:40", 0, 0, 163);
INSERT INTO Admissao (AdmissaoID, Data, Urgencia, Prioridade, Paciente) VALUES (189, "14/3/1989 15:15:8", 1, 2, 225);
INSERT INTO Admissao (AdmissaoID, Data, Urgencia, Prioridade, Paciente) VALUES (190, "2/1/1966 17:19:47", 0, 0, 86);
INSERT INTO Admissao (AdmissaoID, Data, Urgencia, Prioridade, Paciente) VALUES (191, "5/8/1969 8:16:34", 1, 0, 203);
INSERT INTO Admissao (AdmissaoID, Data, Urgencia, Prioridade, Paciente) VALUES (192, "8/11/1989 11:15:22", 2, 1, 293);
INSERT INTO Admissao (AdmissaoID, Data, Urgencia, Prioridade, Paciente) VALUES (193, "24/1/1987 7:16:25", 2, 1, 82);
INSERT INTO Admissao (AdmissaoID, Data, Urgencia, Prioridade, Paciente) VALUES (194, "3/5/1977 2:51:15", 0, 3, 95);
INSERT INTO Admissao (AdmissaoID, Data, Urgencia, Prioridade, Paciente) VALUES (195, "28/12/1976 0:58:24", 2, 1, 28);
INSERT INTO Admissao (AdmissaoID, Data, Urgencia, Prioridade, Paciente) VALUES (196, "17/11/1970 20:30:58", 3, 2, 90);
INSERT INTO Admissao (AdmissaoID, Data, Urgencia, Prioridade, Paciente) VALUES (197, "11/4/1986 23:8:12", 2, 0, 198);
INSERT INTO Admissao (AdmissaoID, Data, Urgencia, Prioridade, Paciente) VALUES (198, "23/5/1972 2:21:8", 0, 3, 141);
INSERT INTO Admissao (AdmissaoID, Data, Urgencia, Prioridade, Paciente) VALUES (199, "15/3/1985 15:41:19", 0, 2, 183);
INSERT INTO Admissao (AdmissaoID, Data, Urgencia, Prioridade, Paciente) VALUES (200, "10/8/1962 9:2:44", 0, 0, 135);
INSERT INTO Admissao (AdmissaoID, Data, Urgencia, Prioridade, Paciente) VALUES (201, "12/6/1979 22:17:26", 1, 3, 226);
INSERT INTO Admissao (AdmissaoID, Data, Urgencia, Prioridade, Paciente) VALUES (202, "1/2/2004 1:28:22", 3, 3, 112);
INSERT INTO Admissao (AdmissaoID, Data, Urgencia, Prioridade, Paciente) VALUES (203, "28/10/2008 3:54:19", 2, 3, 123);
INSERT INTO Admissao (AdmissaoID, Data, Urgencia, Prioridade, Paciente) VALUES (204, "4/3/1976 6:26:10", 1, 0, 42);
INSERT INTO Admissao (AdmissaoID, Data, Urgencia, Prioridade, Paciente) VALUES (205, "27/4/2012 12:4:49", 0, 0, 90);
INSERT INTO Admissao (AdmissaoID, Data, Urgencia, Prioridade, Paciente) VALUES (206, "23/10/1969 18:1:9", 2, 1, 107);
INSERT INTO Admissao (AdmissaoID, Data, Urgencia, Prioridade, Paciente) VALUES (207, "22/5/1962 2:16:43", 1, 1, 165);
INSERT INTO Admissao (AdmissaoID, Data, Urgencia, Prioridade, Paciente) VALUES (208, "6/12/1972 1:37:2", 1, 0, 163);
INSERT INTO Admissao (AdmissaoID, Data, Urgencia, Prioridade, Paciente) VALUES (209, "19/12/1972 13:51:2", 0, 2, 300);
INSERT INTO Admissao (AdmissaoID, Data, Urgencia, Prioridade, Paciente) VALUES (210, "28/8/1972 23:23:52", 2, 0, 127);
INSERT INTO Admissao (AdmissaoID, Data, Urgencia, Prioridade, Paciente) VALUES (211, "5/8/1965 20:56:21", 2, 0, 113);
INSERT INTO Admissao (AdmissaoID, Data, Urgencia, Prioridade, Paciente) VALUES (212, "18/9/2010 1:41:9", 3, 2, 253);
INSERT INTO Admissao (AdmissaoID, Data, Urgencia, Prioridade, Paciente) VALUES (213, "2/7/1967 16:28:39", 2, 1, 141);
INSERT INTO Admissao (AdmissaoID, Data, Urgencia, Prioridade, Paciente) VALUES (214, "15/8/1968 15:21:19", 2, 2, 68);
INSERT INTO Admissao (AdmissaoID, Data, Urgencia, Prioridade, Paciente) VALUES (215, "23/5/1998 7:39:55", 2, 3, 123);
INSERT INTO Admissao (AdmissaoID, Data, Urgencia, Prioridade, Paciente) VALUES (216, "1/1/1979 9:36:0", 1, 2, 260);
INSERT INTO Admissao (AdmissaoID, Data, Urgencia, Prioridade, Paciente) VALUES (217, "19/6/2009 8:34:21", 1, 1, 100);
INSERT INTO Admissao (AdmissaoID, Data, Urgencia, Prioridade, Paciente) VALUES (218, "17/2/1983 21:27:41", 3, 0, 78);
INSERT INTO Admissao (AdmissaoID, Data, Urgencia, Prioridade, Paciente) VALUES (219, "7/8/1963 10:55:53", 1, 2, 25);
INSERT INTO Admissao (AdmissaoID, Data, Urgencia, Prioridade, Paciente) VALUES (220, "13/9/1970 11:4:17", 1, 2, 48);
INSERT INTO Admissao (AdmissaoID, Data, Urgencia, Prioridade, Paciente) VALUES (221, "10/9/1993 0:41:29", 1, 1, 167);
INSERT INTO Admissao (AdmissaoID, Data, Urgencia, Prioridade, Paciente) VALUES (222, "7/12/1994 13:48:22", 1, 3, 294);
INSERT INTO Admissao (AdmissaoID, Data, Urgencia, Prioridade, Paciente) VALUES (223, "5/3/1963 19:3:22", 3, 0, 68);
INSERT INTO Admissao (AdmissaoID, Data, Urgencia, Prioridade, Paciente) VALUES (224, "5/1/2015 17:9:37", 1, 0, 243);
INSERT INTO Admissao (AdmissaoID, Data, Urgencia, Prioridade, Paciente) VALUES (225, "25/5/1987 13:11:12", 1, 0, 210);
INSERT INTO Admissao (AdmissaoID, Data, Urgencia, Prioridade, Paciente) VALUES (226, "14/8/2004 0:9:10", 1, 1, 58);
INSERT INTO Admissao (AdmissaoID, Data, Urgencia, Prioridade, Paciente) VALUES (227, "5/8/1977 3:1:16", 0, 2, 11);
INSERT INTO Admissao (AdmissaoID, Data, Urgencia, Prioridade, Paciente) VALUES (228, "20/10/2001 1:6:51", 3, 1, 275);
INSERT INTO Admissao (AdmissaoID, Data, Urgencia, Prioridade, Paciente) VALUES (229, "22/8/1994 9:45:55", 2, 2, 36);
INSERT INTO Admissao (AdmissaoID, Data, Urgencia, Prioridade, Paciente) VALUES (230, "17/11/2001 3:33:55", 1, 2, 89);
INSERT INTO Admissao (AdmissaoID, Data, Urgencia, Prioridade, Paciente) VALUES (231, "10/5/1997 9:48:48", 0, 1, 120);
INSERT INTO Admissao (AdmissaoID, Data, Urgencia, Prioridade, Paciente) VALUES (232, "7/10/1975 5:37:32", 1, 3, 211);
INSERT INTO Admissao (AdmissaoID, Data, Urgencia, Prioridade, Paciente) VALUES (233, "1/10/2005 9:45:32", 3, 1, 79);
INSERT INTO Admissao (AdmissaoID, Data, Urgencia, Prioridade, Paciente) VALUES (234, "22/3/1960 14:46:26", 1, 3, 19);
INSERT INTO Admissao (AdmissaoID, Data, Urgencia, Prioridade, Paciente) VALUES (235, "13/12/1978 23:33:25", 2, 1, 195);
INSERT INTO Admissao (AdmissaoID, Data, Urgencia, Prioridade, Paciente) VALUES (236, "27/4/1980 5:2:23", 0, 3, 115);
INSERT INTO Admissao (AdmissaoID, Data, Urgencia, Prioridade, Paciente) VALUES (237, "10/6/1962 14:25:17", 3, 3, 172);
INSERT INTO Admissao (AdmissaoID, Data, Urgencia, Prioridade, Paciente) VALUES (238, "24/10/1992 10:25:34", 0, 2, 20);
INSERT INTO Admissao (AdmissaoID, Data, Urgencia, Prioridade, Paciente) VALUES (239, "19/5/2005 14:6:30", 1, 2, 52);
INSERT INTO Admissao (AdmissaoID, Data, Urgencia, Prioridade, Paciente) VALUES (240, "23/8/2005 1:32:42", 0, 3, 214);
INSERT INTO Admissao (AdmissaoID, Data, Urgencia, Prioridade, Paciente) VALUES (241, "12/2/2003 15:27:48", 0, 0, 174);
INSERT INTO Admissao (AdmissaoID, Data, Urgencia, Prioridade, Paciente) VALUES (242, "18/11/1968 10:20:9", 0, 3, 246);
INSERT INTO Admissao (AdmissaoID, Data, Urgencia, Prioridade, Paciente) VALUES (243, "20/12/1966 9:6:52", 3, 0, 207);
INSERT INTO Admissao (AdmissaoID, Data, Urgencia, Prioridade, Paciente) VALUES (244, "21/10/1976 13:26:18", 1, 3, 153);
INSERT INTO Admissao (AdmissaoID, Data, Urgencia, Prioridade, Paciente) VALUES (245, "5/1/2006 9:24:11", 0, 2, 95);
INSERT INTO Admissao (AdmissaoID, Data, Urgencia, Prioridade, Paciente) VALUES (246, "19/7/1965 3:6:14", 0, 0, 103);
INSERT INTO Admissao (AdmissaoID, Data, Urgencia, Prioridade, Paciente) VALUES (247, "27/4/2011 0:4:17", 2, 0, 18);
INSERT INTO Admissao (AdmissaoID, Data, Urgencia, Prioridade, Paciente) VALUES (248, "23/10/1986 20:21:56", 3, 2, 42);
INSERT INTO Admissao (AdmissaoID, Data, Urgencia, Prioridade, Paciente) VALUES (249, "23/4/2009 10:32:15", 3, 0, 127);
INSERT INTO Admissao (AdmissaoID, Data, Urgencia, Prioridade, Paciente) VALUES (250, "12/11/1972 19:36:26", 0, 2, 283);
INSERT INTO Admissao (AdmissaoID, Data, Urgencia, Prioridade, Paciente) VALUES (251, "1/10/2018 23:53:23", 1, 2, 164);
INSERT INTO Admissao (AdmissaoID, Data, Urgencia, Prioridade, Paciente) VALUES (252, "9/12/1963 7:18:34", 2, 3, 200);
INSERT INTO Admissao (AdmissaoID, Data, Urgencia, Prioridade, Paciente) VALUES (253, "21/11/1984 9:24:29", 3, 0, 86);
INSERT INTO Admissao (AdmissaoID, Data, Urgencia, Prioridade, Paciente) VALUES (254, "12/10/1995 18:48:49", 2, 0, 186);
INSERT INTO Admissao (AdmissaoID, Data, Urgencia, Prioridade, Paciente) VALUES (255, "24/11/1966 6:57:9", 3, 1, 170);
INSERT INTO Admissao (AdmissaoID, Data, Urgencia, Prioridade, Paciente) VALUES (256, "28/11/1989 3:44:12", 3, 2, 144);
INSERT INTO Admissao (AdmissaoID, Data, Urgencia, Prioridade, Paciente) VALUES (257, "3/12/1986 12:30:58", 0, 1, 196);
INSERT INTO Admissao (AdmissaoID, Data, Urgencia, Prioridade, Paciente) VALUES (258, "7/2/1987 3:36:44", 1, 1, 274);
INSERT INTO Admissao (AdmissaoID, Data, Urgencia, Prioridade, Paciente) VALUES (259, "13/2/2003 9:49:59", 1, 2, 137);
INSERT INTO Admissao (AdmissaoID, Data, Urgencia, Prioridade, Paciente) VALUES (260, "14/10/1985 6:15:37", 3, 2, 177);
INSERT INTO Admissao (AdmissaoID, Data, Urgencia, Prioridade, Paciente) VALUES (261, "12/5/1995 7:15:10", 3, 2, 137);
INSERT INTO Admissao (AdmissaoID, Data, Urgencia, Prioridade, Paciente) VALUES (262, "8/2/1970 8:22:40", 1, 1, 142);
INSERT INTO Admissao (AdmissaoID, Data, Urgencia, Prioridade, Paciente) VALUES (263, "19/2/2012 17:14:30", 0, 2, 129);
INSERT INTO Admissao (AdmissaoID, Data, Urgencia, Prioridade, Paciente) VALUES (264, "27/8/2008 0:4:25", 2, 3, 7);
INSERT INTO Admissao (AdmissaoID, Data, Urgencia, Prioridade, Paciente) VALUES (265, "7/5/1973 21:47:47", 1, 3, 273);
INSERT INTO Admissao (AdmissaoID, Data, Urgencia, Prioridade, Paciente) VALUES (266, "7/2/2000 22:32:52", 2, 3, 256);
INSERT INTO Admissao (AdmissaoID, Data, Urgencia, Prioridade, Paciente) VALUES (267, "26/3/1989 2:8:13", 3, 1, 246);
INSERT INTO Admissao (AdmissaoID, Data, Urgencia, Prioridade, Paciente) VALUES (268, "26/7/1963 21:25:5", 3, 2, 267);
INSERT INTO Admissao (AdmissaoID, Data, Urgencia, Prioridade, Paciente) VALUES (269, "9/10/1985 19:27:54", 3, 0, 243);
INSERT INTO Admissao (AdmissaoID, Data, Urgencia, Prioridade, Paciente) VALUES (270, "12/8/1989 9:9:6", 0, 3, 124);
INSERT INTO Admissao (AdmissaoID, Data, Urgencia, Prioridade, Paciente) VALUES (271, "20/5/1996 4:46:47", 0, 2, 170);
INSERT INTO Admissao (AdmissaoID, Data, Urgencia, Prioridade, Paciente) VALUES (272, "22/10/2016 6:56:25", 0, 3, 117);
INSERT INTO Admissao (AdmissaoID, Data, Urgencia, Prioridade, Paciente) VALUES (273, "21/9/1982 9:9:10", 0, 3, 122);
INSERT INTO Admissao (AdmissaoID, Data, Urgencia, Prioridade, Paciente) VALUES (274, "27/9/2008 15:7:40", 1, 3, 270);
INSERT INTO Admissao (AdmissaoID, Data, Urgencia, Prioridade, Paciente) VALUES (275, "5/2/2016 6:26:10", 2, 2, 12);
INSERT INTO Admissao (AdmissaoID, Data, Urgencia, Prioridade, Paciente) VALUES (276, "21/5/1969 2:5:9", 2, 3, 251);
INSERT INTO Admissao (AdmissaoID, Data, Urgencia, Prioridade, Paciente) VALUES (277, "16/11/1988 14:11:44", 1, 1, 222);
INSERT INTO Admissao (AdmissaoID, Data, Urgencia, Prioridade, Paciente) VALUES (278, "13/4/2007 16:52:56", 1, 0, 178);
INSERT INTO Admissao (AdmissaoID, Data, Urgencia, Prioridade, Paciente) VALUES (279, "15/1/1986 21:33:47", 2, 0, 61);
INSERT INTO Admissao (AdmissaoID, Data, Urgencia, Prioridade, Paciente) VALUES (280, "5/10/1992 21:15:45", 3, 3, 220);
INSERT INTO Admissao (AdmissaoID, Data, Urgencia, Prioridade, Paciente) VALUES (281, "9/4/2016 13:48:33", 2, 0, 102);
INSERT INTO Admissao (AdmissaoID, Data, Urgencia, Prioridade, Paciente) VALUES (282, "28/7/1999 10:13:25", 1, 1, 191);
INSERT INTO Admissao (AdmissaoID, Data, Urgencia, Prioridade, Paciente) VALUES (283, "3/6/1990 22:16:50", 2, 2, 217);
INSERT INTO Admissao (AdmissaoID, Data, Urgencia, Prioridade, Paciente) VALUES (284, "18/1/2015 23:0:32", 3, 1, 300);
INSERT INTO Admissao (AdmissaoID, Data, Urgencia, Prioridade, Paciente) VALUES (285, "2/11/1961 9:17:43", 0, 0, 135);
INSERT INTO Admissao (AdmissaoID, Data, Urgencia, Prioridade, Paciente) VALUES (286, "5/11/1969 15:27:20", 0, 0, 192);
INSERT INTO Admissao (AdmissaoID, Data, Urgencia, Prioridade, Paciente) VALUES (287, "25/3/1986 14:0:34", 3, 3, 173);
INSERT INTO Admissao (AdmissaoID, Data, Urgencia, Prioridade, Paciente) VALUES (288, "27/5/1972 2:20:56", 2, 1, 158);
INSERT INTO Admissao (AdmissaoID, Data, Urgencia, Prioridade, Paciente) VALUES (289, "22/11/1965 9:31:29", 1, 2, 121);
INSERT INTO Admissao (AdmissaoID, Data, Urgencia, Prioridade, Paciente) VALUES (290, "15/3/1994 20:49:42", 0, 2, 81);
INSERT INTO Admissao (AdmissaoID, Data, Urgencia, Prioridade, Paciente) VALUES (291, "27/7/1986 0:34:3", 0, 3, 248);
INSERT INTO Admissao (AdmissaoID, Data, Urgencia, Prioridade, Paciente) VALUES (292, "28/5/1977 13:25:21", 2, 2, 264);
INSERT INTO Admissao (AdmissaoID, Data, Urgencia, Prioridade, Paciente) VALUES (293, "27/8/1964 6:45:10", 0, 3, 295);
INSERT INTO Admissao (AdmissaoID, Data, Urgencia, Prioridade, Paciente) VALUES (294, "21/2/2010 7:3:4", 0, 0, 60);
INSERT INTO Admissao (AdmissaoID, Data, Urgencia, Prioridade, Paciente) VALUES (295, "4/4/2012 13:24:35", 0, 0, 131);
INSERT INTO Admissao (AdmissaoID, Data, Urgencia, Prioridade, Paciente) VALUES (296, "11/7/1967 21:39:16", 1, 3, 38);
INSERT INTO Admissao (AdmissaoID, Data, Urgencia, Prioridade, Paciente) VALUES (297, "26/4/1997 1:35:13", 0, 3, 212);
INSERT INTO Admissao (AdmissaoID, Data, Urgencia, Prioridade, Paciente) VALUES (298, "11/2/1966 15:28:40", 2, 0, 166);
INSERT INTO Admissao (AdmissaoID, Data, Urgencia, Prioridade, Paciente) VALUES (299, "13/2/1978 11:59:5", 2, 1, 300);
INSERT INTO Admissao (AdmissaoID, Data, Urgencia, Prioridade, Paciente) VALUES (300, "17/10/1970 17:27:43", 0, 3, 283);
INSERT INTO Admissao (AdmissaoID, Data, Urgencia, Prioridade, Paciente) VALUES (301, "10/7/1991 2:19:31", 3, 3, 148);
INSERT INTO Admissao (AdmissaoID, Data, Urgencia, Prioridade, Paciente) VALUES (302, "1/1/1997 16:28:50", 2, 2, 298);
INSERT INTO Admissao (AdmissaoID, Data, Urgencia, Prioridade, Paciente) VALUES (303, "27/3/2014 7:7:22", 3, 1, 9);
INSERT INTO Admissao (AdmissaoID, Data, Urgencia, Prioridade, Paciente) VALUES (304, "18/5/2003 20:17:32", 1, 1, 290);
INSERT INTO Admissao (AdmissaoID, Data, Urgencia, Prioridade, Paciente) VALUES (305, "15/8/1980 17:24:26", 2, 3, 166);
INSERT INTO Admissao (AdmissaoID, Data, Urgencia, Prioridade, Paciente) VALUES (306, "17/8/1986 6:58:55", 1, 3, 64);
INSERT INTO Admissao (AdmissaoID, Data, Urgencia, Prioridade, Paciente) VALUES (307, "20/7/2010 17:20:27", 3, 2, 55);
INSERT INTO Admissao (AdmissaoID, Data, Urgencia, Prioridade, Paciente) VALUES (308, "2/12/1981 19:22:7", 0, 0, 108);
INSERT INTO Admissao (AdmissaoID, Data, Urgencia, Prioridade, Paciente) VALUES (309, "26/3/2019 3:39:39", 2, 0, 38);
INSERT INTO Admissao (AdmissaoID, Data, Urgencia, Prioridade, Paciente) VALUES (310, "19/6/1997 5:52:59", 2, 2, 256);
INSERT INTO Admissao (AdmissaoID, Data, Urgencia, Prioridade, Paciente) VALUES (311, "1/10/1982 23:29:59", 3, 2, 210);
INSERT INTO Admissao (AdmissaoID, Data, Urgencia, Prioridade, Paciente) VALUES (312, "6/12/1999 18:7:26", 1, 2, 218);
INSERT INTO Admissao (AdmissaoID, Data, Urgencia, Prioridade, Paciente) VALUES (313, "22/1/1967 22:34:1", 1, 2, 228);
INSERT INTO Admissao (AdmissaoID, Data, Urgencia, Prioridade, Paciente) VALUES (314, "8/5/1967 11:25:3", 0, 3, 276);
INSERT INTO Admissao (AdmissaoID, Data, Urgencia, Prioridade, Paciente) VALUES (315, "1/9/1998 12:33:12", 2, 2, 15);
INSERT INTO Admissao (AdmissaoID, Data, Urgencia, Prioridade, Paciente) VALUES (316, "5/4/1972 7:52:40", 3, 3, 55);
INSERT INTO Admissao (AdmissaoID, Data, Urgencia, Prioridade, Paciente) VALUES (317, "5/12/1979 9:22:23", 2, 1, 213);
INSERT INTO Admissao (AdmissaoID, Data, Urgencia, Prioridade, Paciente) VALUES (318, "27/1/1981 3:28:5", 3, 2, 46);
INSERT INTO Admissao (AdmissaoID, Data, Urgencia, Prioridade, Paciente) VALUES (319, "22/12/2017 18:37:16", 0, 2, 52);
INSERT INTO Admissao (AdmissaoID, Data, Urgencia, Prioridade, Paciente) VALUES (320, "24/5/1968 11:9:9", 1, 1, 230);
INSERT INTO Admissao (AdmissaoID, Data, Urgencia, Prioridade, Paciente) VALUES (321, "28/3/1969 1:46:12", 0, 1, 84);
INSERT INTO Admissao (AdmissaoID, Data, Urgencia, Prioridade, Paciente) VALUES (322, "28/8/1997 11:51:41", 1, 1, 14);
INSERT INTO Admissao (AdmissaoID, Data, Urgencia, Prioridade, Paciente) VALUES (323, "2/11/1963 21:2:40", 0, 2, 45);
INSERT INTO Admissao (AdmissaoID, Data, Urgencia, Prioridade, Paciente) VALUES (324, "7/3/1975 23:37:7", 3, 3, 203);
INSERT INTO Admissao (AdmissaoID, Data, Urgencia, Prioridade, Paciente) VALUES (325, "9/6/2016 1:2:35", 2, 1, 143);
INSERT INTO Admissao (AdmissaoID, Data, Urgencia, Prioridade, Paciente) VALUES (326, "6/7/1971 11:21:47", 3, 3, 238);
INSERT INTO Admissao (AdmissaoID, Data, Urgencia, Prioridade, Paciente) VALUES (327, "22/9/1967 10:33:27", 1, 0, 192);
INSERT INTO Admissao (AdmissaoID, Data, Urgencia, Prioridade, Paciente) VALUES (328, "15/5/1979 10:3:2", 2, 0, 138);
INSERT INTO Admissao (AdmissaoID, Data, Urgencia, Prioridade, Paciente) VALUES (329, "17/3/1987 2:56:55", 0, 3, 7);
INSERT INTO Admissao (AdmissaoID, Data, Urgencia, Prioridade, Paciente) VALUES (330, "7/6/1989 23:51:28", 0, 0, 179);
INSERT INTO Admissao (AdmissaoID, Data, Urgencia, Prioridade, Paciente) VALUES (331, "23/10/1988 22:34:40", 2, 2, 14);
INSERT INTO Admissao (AdmissaoID, Data, Urgencia, Prioridade, Paciente) VALUES (332, "8/3/1993 6:53:16", 0, 2, 21);
INSERT INTO Admissao (AdmissaoID, Data, Urgencia, Prioridade, Paciente) VALUES (333, "19/10/1975 19:47:39", 3, 3, 9);
INSERT INTO Admissao (AdmissaoID, Data, Urgencia, Prioridade, Paciente) VALUES (334, "3/10/1966 6:34:59", 3, 2, 257);
INSERT INTO Admissao (AdmissaoID, Data, Urgencia, Prioridade, Paciente) VALUES (335, "12/2/1990 23:48:45", 3, 3, 193);
INSERT INTO Admissao (AdmissaoID, Data, Urgencia, Prioridade, Paciente) VALUES (336, "10/9/1999 12:53:4", 1, 0, 240);
INSERT INTO Admissao (AdmissaoID, Data, Urgencia, Prioridade, Paciente) VALUES (337, "12/2/2010 14:26:6", 2, 3, 193);
INSERT INTO Admissao (AdmissaoID, Data, Urgencia, Prioridade, Paciente) VALUES (338, "11/12/1973 0:14:14", 0, 0, 50);
INSERT INTO Admissao (AdmissaoID, Data, Urgencia, Prioridade, Paciente) VALUES (339, "26/5/2015 3:32:40", 1, 1, 259);
INSERT INTO Admissao (AdmissaoID, Data, Urgencia, Prioridade, Paciente) VALUES (340, "19/4/1988 7:40:26", 3, 1, 225);
INSERT INTO Admissao (AdmissaoID, Data, Urgencia, Prioridade, Paciente) VALUES (341, "26/1/2000 5:35:20", 3, 2, 55);
INSERT INTO Admissao (AdmissaoID, Data, Urgencia, Prioridade, Paciente) VALUES (342, "7/4/2013 4:7:46", 1, 3, 120);
INSERT INTO Admissao (AdmissaoID, Data, Urgencia, Prioridade, Paciente) VALUES (343, "24/3/1981 10:40:10", 0, 2, 179);
INSERT INTO Admissao (AdmissaoID, Data, Urgencia, Prioridade, Paciente) VALUES (344, "26/10/1987 9:28:54", 0, 1, 100);
INSERT INTO Admissao (AdmissaoID, Data, Urgencia, Prioridade, Paciente) VALUES (345, "21/10/2000 23:54:7", 3, 3, 147);
INSERT INTO Admissao (AdmissaoID, Data, Urgencia, Prioridade, Paciente) VALUES (346, "17/6/2019 15:56:14", 1, 3, 231);
INSERT INTO Admissao (AdmissaoID, Data, Urgencia, Prioridade, Paciente) VALUES (347, "24/6/2009 19:32:28", 3, 1, 218);
INSERT INTO Admissao (AdmissaoID, Data, Urgencia, Prioridade, Paciente) VALUES (348, "22/9/2003 7:54:11", 3, 1, 208);
INSERT INTO Admissao (AdmissaoID, Data, Urgencia, Prioridade, Paciente) VALUES (349, "5/7/1982 13:1:28", 3, 0, 96);
INSERT INTO Admissao (AdmissaoID, Data, Urgencia, Prioridade, Paciente) VALUES (350, "17/6/2008 18:49:54", 3, 1, 28);
INSERT INTO Admissao (AdmissaoID, Data, Urgencia, Prioridade, Paciente) VALUES (351, "8/8/2004 8:18:25", 0, 1, 34);
INSERT INTO Admissao (AdmissaoID, Data, Urgencia, Prioridade, Paciente) VALUES (352, "3/2/1980 7:46:2", 2, 0, 145);
INSERT INTO Admissao (AdmissaoID, Data, Urgencia, Prioridade, Paciente) VALUES (353, "22/4/1968 6:8:25", 1, 2, 46);
INSERT INTO Admissao (AdmissaoID, Data, Urgencia, Prioridade, Paciente) VALUES (354, "11/3/1961 14:6:14", 3, 1, 15);
INSERT INTO Admissao (AdmissaoID, Data, Urgencia, Prioridade, Paciente) VALUES (355, "24/6/1967 18:18:31", 0, 2, 132);
INSERT INTO Admissao (AdmissaoID, Data, Urgencia, Prioridade, Paciente) VALUES (356, "16/5/1962 9:49:53", 1, 2, 81);
INSERT INTO Admissao (AdmissaoID, Data, Urgencia, Prioridade, Paciente) VALUES (357, "11/12/1998 5:45:36", 1, 3, 39);
INSERT INTO Admissao (AdmissaoID, Data, Urgencia, Prioridade, Paciente) VALUES (358, "3/5/1978 3:32:50", 2, 2, 231);
INSERT INTO Admissao (AdmissaoID, Data, Urgencia, Prioridade, Paciente) VALUES (359, "15/11/1994 8:49:35", 2, 2, 192);
INSERT INTO Admissao (AdmissaoID, Data, Urgencia, Prioridade, Paciente) VALUES (360, "27/11/1963 18:17:0", 2, 3, 117);
INSERT INTO Admissao (AdmissaoID, Data, Urgencia, Prioridade, Paciente) VALUES (361, "7/9/1961 13:40:30", 1, 1, 29);
INSERT INTO Admissao (AdmissaoID, Data, Urgencia, Prioridade, Paciente) VALUES (362, "10/10/1966 22:42:15", 0, 3, 40);
INSERT INTO Admissao (AdmissaoID, Data, Urgencia, Prioridade, Paciente) VALUES (363, "9/5/1961 20:8:36", 3, 1, 181);
INSERT INTO Admissao (AdmissaoID, Data, Urgencia, Prioridade, Paciente) VALUES (364, "4/7/1965 4:18:56", 0, 3, 215);
INSERT INTO Admissao (AdmissaoID, Data, Urgencia, Prioridade, Paciente) VALUES (365, "13/6/2004 8:53:12", 1, 2, 120);
INSERT INTO Admissao (AdmissaoID, Data, Urgencia, Prioridade, Paciente) VALUES (366, "26/6/1966 4:18:53", 2, 1, 231);
INSERT INTO Admissao (AdmissaoID, Data, Urgencia, Prioridade, Paciente) VALUES (367, "12/6/2016 22:21:7", 1, 1, 24);
INSERT INTO Admissao (AdmissaoID, Data, Urgencia, Prioridade, Paciente) VALUES (368, "9/4/2015 22:37:4", 1, 0, 193);
INSERT INTO Admissao (AdmissaoID, Data, Urgencia, Prioridade, Paciente) VALUES (369, "3/5/1971 2:27:28", 2, 1, 126);
INSERT INTO Admissao (AdmissaoID, Data, Urgencia, Prioridade, Paciente) VALUES (370, "7/6/2012 23:57:46", 2, 3, 247);
INSERT INTO Admissao (AdmissaoID, Data, Urgencia, Prioridade, Paciente) VALUES (371, "7/11/1962 23:37:30", 3, 2, 36);
INSERT INTO Admissao (AdmissaoID, Data, Urgencia, Prioridade, Paciente) VALUES (372, "15/10/2010 5:3:9", 2, 1, 137);
INSERT INTO Admissao (AdmissaoID, Data, Urgencia, Prioridade, Paciente) VALUES (373, "1/4/1970 11:39:12", 0, 0, 19);
INSERT INTO Admissao (AdmissaoID, Data, Urgencia, Prioridade, Paciente) VALUES (374, "4/9/2005 12:40:36", 2, 3, 250);
INSERT INTO Admissao (AdmissaoID, Data, Urgencia, Prioridade, Paciente) VALUES (375, "22/6/1968 19:55:5", 3, 2, 211);
INSERT INTO Admissao (AdmissaoID, Data, Urgencia, Prioridade, Paciente) VALUES (376, "9/12/1965 1:15:31", 0, 0, 219);
INSERT INTO Admissao (AdmissaoID, Data, Urgencia, Prioridade, Paciente) VALUES (377, "28/4/1998 11:14:9", 3, 3, 190);
INSERT INTO Admissao (AdmissaoID, Data, Urgencia, Prioridade, Paciente) VALUES (378, "26/7/1996 6:11:25", 0, 3, 120);
INSERT INTO Admissao (AdmissaoID, Data, Urgencia, Prioridade, Paciente) VALUES (379, "19/10/1979 11:35:18", 0, 2, 141);
INSERT INTO Admissao (AdmissaoID, Data, Urgencia, Prioridade, Paciente) VALUES (380, "19/5/2013 16:4:4", 2, 2, 100);
INSERT INTO Admissao (AdmissaoID, Data, Urgencia, Prioridade, Paciente) VALUES (381, "5/10/1998 15:56:23", 3, 0, 29);
INSERT INTO Admissao (AdmissaoID, Data, Urgencia, Prioridade, Paciente) VALUES (382, "22/7/1968 10:21:46", 3, 3, 136);
INSERT INTO Admissao (AdmissaoID, Data, Urgencia, Prioridade, Paciente) VALUES (383, "12/1/1964 7:39:32", 3, 3, 254);
INSERT INTO Admissao (AdmissaoID, Data, Urgencia, Prioridade, Paciente) VALUES (384, "8/12/2010 19:13:41", 0, 0, 67);
INSERT INTO Admissao (AdmissaoID, Data, Urgencia, Prioridade, Paciente) VALUES (385, "10/12/2007 2:23:51", 0, 3, 73);
INSERT INTO Admissao (AdmissaoID, Data, Urgencia, Prioridade, Paciente) VALUES (386, "12/8/1983 0:45:32", 0, 2, 60);
INSERT INTO Admissao (AdmissaoID, Data, Urgencia, Prioridade, Paciente) VALUES (387, "14/10/2019 22:15:52", 2, 0, 196);
INSERT INTO Admissao (AdmissaoID, Data, Urgencia, Prioridade, Paciente) VALUES (388, "16/3/2015 23:35:45", 3, 1, 174);
INSERT INTO Admissao (AdmissaoID, Data, Urgencia, Prioridade, Paciente) VALUES (389, "19/1/2019 3:52:18", 0, 2, 21);
INSERT INTO Admissao (AdmissaoID, Data, Urgencia, Prioridade, Paciente) VALUES (390, "12/9/2011 22:38:42", 1, 0, 229);
INSERT INTO Admissao (AdmissaoID, Data, Urgencia, Prioridade, Paciente) VALUES (391, "4/9/1976 19:52:33", 1, 2, 296);
INSERT INTO Admissao (AdmissaoID, Data, Urgencia, Prioridade, Paciente) VALUES (392, "19/8/1993 19:31:14", 1, 0, 252);
INSERT INTO Admissao (AdmissaoID, Data, Urgencia, Prioridade, Paciente) VALUES (393, "2/9/1969 14:49:0", 3, 3, 209);
INSERT INTO Admissao (AdmissaoID, Data, Urgencia, Prioridade, Paciente) VALUES (394, "5/6/2011 2:59:1", 2, 3, 42);
INSERT INTO Admissao (AdmissaoID, Data, Urgencia, Prioridade, Paciente) VALUES (395, "5/3/1971 19:57:46", 0, 3, 167);
INSERT INTO Admissao (AdmissaoID, Data, Urgencia, Prioridade, Paciente) VALUES (396, "24/11/2012 14:24:36", 2, 3, 187);
INSERT INTO Admissao (AdmissaoID, Data, Urgencia, Prioridade, Paciente) VALUES (397, "11/3/1970 17:20:21", 0, 1, 66);
INSERT INTO Admissao (AdmissaoID, Data, Urgencia, Prioridade, Paciente) VALUES (398, "26/12/1972 19:14:55", 3, 1, 200);
INSERT INTO Admissao (AdmissaoID, Data, Urgencia, Prioridade, Paciente) VALUES (399, "3/7/2015 23:37:46", 3, 0, 293);
INSERT INTO Admissao (AdmissaoID, Data, Urgencia, Prioridade, Paciente) VALUES (400, "22/7/1978 13:44:59", 3, 1, 107);
INSERT INTO Admissao (AdmissaoID, Data, Urgencia, Prioridade, Paciente) VALUES (401, "22/3/1967 3:3:13", 3, 3, 162);
INSERT INTO Admissao (AdmissaoID, Data, Urgencia, Prioridade, Paciente) VALUES (402, "19/5/1992 10:40:53", 0, 2, 146);
INSERT INTO Admissao (AdmissaoID, Data, Urgencia, Prioridade, Paciente) VALUES (403, "2/10/2001 11:34:0", 1, 1, 163);
INSERT INTO Admissao (AdmissaoID, Data, Urgencia, Prioridade, Paciente) VALUES (404, "25/7/1988 3:8:46", 3, 1, 102);
INSERT INTO Admissao (AdmissaoID, Data, Urgencia, Prioridade, Paciente) VALUES (405, "17/7/1983 8:48:51", 3, 1, 248);
INSERT INTO Admissao (AdmissaoID, Data, Urgencia, Prioridade, Paciente) VALUES (406, "12/12/1968 20:51:19", 1, 2, 143);
INSERT INTO Admissao (AdmissaoID, Data, Urgencia, Prioridade, Paciente) VALUES (407, "6/4/1995 14:45:6", 2, 3, 48);
INSERT INTO Admissao (AdmissaoID, Data, Urgencia, Prioridade, Paciente) VALUES (408, "28/9/1969 22:22:8", 3, 1, 107);
INSERT INTO Admissao (AdmissaoID, Data, Urgencia, Prioridade, Paciente) VALUES (409, "26/6/2016 10:36:38", 2, 3, 256);
INSERT INTO Admissao (AdmissaoID, Data, Urgencia, Prioridade, Paciente) VALUES (410, "23/10/1993 20:18:31", 3, 3, 142);
INSERT INTO Admissao (AdmissaoID, Data, Urgencia, Prioridade, Paciente) VALUES (411, "14/6/1993 20:19:23", 0, 1, 54);
INSERT INTO Admissao (AdmissaoID, Data, Urgencia, Prioridade, Paciente) VALUES (412, "21/6/2009 17:20:59", 2, 3, 175);
INSERT INTO Admissao (AdmissaoID, Data, Urgencia, Prioridade, Paciente) VALUES (413, "18/11/1984 14:23:38", 1, 3, 109);
INSERT INTO Admissao (AdmissaoID, Data, Urgencia, Prioridade, Paciente) VALUES (414, "26/5/1995 13:42:57", 2, 3, 275);
INSERT INTO Admissao (AdmissaoID, Data, Urgencia, Prioridade, Paciente) VALUES (415, "20/4/2010 20:5:23", 3, 2, 216);
INSERT INTO Admissao (AdmissaoID, Data, Urgencia, Prioridade, Paciente) VALUES (416, "14/7/1960 7:33:39", 1, 1, 70);
INSERT INTO Admissao (AdmissaoID, Data, Urgencia, Prioridade, Paciente) VALUES (417, "24/8/2014 16:20:1", 3, 1, 89);
INSERT INTO Admissao (AdmissaoID, Data, Urgencia, Prioridade, Paciente) VALUES (418, "11/8/1961 12:12:56", 2, 1, 7);
INSERT INTO Admissao (AdmissaoID, Data, Urgencia, Prioridade, Paciente) VALUES (419, "20/1/1995 4:37:33", 1, 0, 96);
INSERT INTO Admissao (AdmissaoID, Data, Urgencia, Prioridade, Paciente) VALUES (420, "2/9/2005 1:9:43", 2, 3, 122);
INSERT INTO Admissao (AdmissaoID, Data, Urgencia, Prioridade, Paciente) VALUES (421, "12/2/1977 19:18:42", 3, 0, 203);
INSERT INTO Admissao (AdmissaoID, Data, Urgencia, Prioridade, Paciente) VALUES (422, "7/6/1989 6:39:37", 1, 2, 281);
INSERT INTO Admissao (AdmissaoID, Data, Urgencia, Prioridade, Paciente) VALUES (423, "8/11/1988 2:31:37", 0, 1, 46);
INSERT INTO Admissao (AdmissaoID, Data, Urgencia, Prioridade, Paciente) VALUES (424, "15/2/2012 3:19:37", 2, 2, 19);
INSERT INTO Admissao (AdmissaoID, Data, Urgencia, Prioridade, Paciente) VALUES (425, "4/10/1989 22:20:34", 3, 1, 203);
INSERT INTO Admissao (AdmissaoID, Data, Urgencia, Prioridade, Paciente) VALUES (426, "20/1/1983 4:39:41", 0, 1, 65);
INSERT INTO Admissao (AdmissaoID, Data, Urgencia, Prioridade, Paciente) VALUES (427, "15/7/1973 6:7:28", 2, 3, 205);
INSERT INTO Admissao (AdmissaoID, Data, Urgencia, Prioridade, Paciente) VALUES (428, "23/2/1974 18:0:18", 0, 3, 32);
INSERT INTO Admissao (AdmissaoID, Data, Urgencia, Prioridade, Paciente) VALUES (429, "20/12/1992 10:30:11", 1, 1, 68);
INSERT INTO Admissao (AdmissaoID, Data, Urgencia, Prioridade, Paciente) VALUES (430, "12/9/1971 8:22:40", 0, 3, 224);
INSERT INTO Admissao (AdmissaoID, Data, Urgencia, Prioridade, Paciente) VALUES (431, "1/10/1965 6:4:37", 1, 0, 36);
INSERT INTO Admissao (AdmissaoID, Data, Urgencia, Prioridade, Paciente) VALUES (432, "28/3/2016 16:25:21", 2, 0, 69);
INSERT INTO Admissao (AdmissaoID, Data, Urgencia, Prioridade, Paciente) VALUES (433, "14/3/2001 8:24:25", 3, 2, 33);
INSERT INTO Admissao (AdmissaoID, Data, Urgencia, Prioridade, Paciente) VALUES (434, "4/6/1983 7:47:50", 2, 3, 101);
INSERT INTO Admissao (AdmissaoID, Data, Urgencia, Prioridade, Paciente) VALUES (435, "20/5/1975 14:57:41", 2, 3, 287);
INSERT INTO Admissao (AdmissaoID, Data, Urgencia, Prioridade, Paciente) VALUES (436, "12/10/2016 14:7:36", 2, 2, 66);
INSERT INTO Admissao (AdmissaoID, Data, Urgencia, Prioridade, Paciente) VALUES (437, "5/9/1984 9:17:41", 2, 2, 27);
INSERT INTO Admissao (AdmissaoID, Data, Urgencia, Prioridade, Paciente) VALUES (438, "25/12/1979 23:18:32", 1, 0, 23);
INSERT INTO Admissao (AdmissaoID, Data, Urgencia, Prioridade, Paciente) VALUES (439, "11/12/1978 12:43:30", 3, 3, 148);
INSERT INTO Admissao (AdmissaoID, Data, Urgencia, Prioridade, Paciente) VALUES (440, "22/5/1983 20:47:35", 1, 1, 248);
INSERT INTO Admissao (AdmissaoID, Data, Urgencia, Prioridade, Paciente) VALUES (441, "20/3/2009 13:48:32", 0, 3, 132);
INSERT INTO Admissao (AdmissaoID, Data, Urgencia, Prioridade, Paciente) VALUES (442, "13/6/1991 13:14:51", 0, 0, 247);
INSERT INTO Admissao (AdmissaoID, Data, Urgencia, Prioridade, Paciente) VALUES (443, "11/8/2012 19:38:32", 0, 1, 55);
INSERT INTO Admissao (AdmissaoID, Data, Urgencia, Prioridade, Paciente) VALUES (444, "6/7/2019 7:28:40", 3, 2, 121);
INSERT INTO Admissao (AdmissaoID, Data, Urgencia, Prioridade, Paciente) VALUES (445, "15/11/1998 11:7:3", 3, 0, 169);
INSERT INTO Admissao (AdmissaoID, Data, Urgencia, Prioridade, Paciente) VALUES (446, "21/2/1967 22:22:44", 3, 0, 177);
INSERT INTO Admissao (AdmissaoID, Data, Urgencia, Prioridade, Paciente) VALUES (447, "7/5/1988 4:22:40", 3, 1, 265);
INSERT INTO Admissao (AdmissaoID, Data, Urgencia, Prioridade, Paciente) VALUES (448, "21/3/1980 14:19:30", 0, 3, 293);
INSERT INTO Admissao (AdmissaoID, Data, Urgencia, Prioridade, Paciente) VALUES (449, "4/6/2005 18:20:27", 0, 0, 173);
INSERT INTO Admissao (AdmissaoID, Data, Urgencia, Prioridade, Paciente) VALUES (450, "10/6/2018 23:3:52", 3, 1, 86);
INSERT INTO Admissao (AdmissaoID, Data, Urgencia, Prioridade, Paciente) VALUES (451, "5/4/1989 19:55:19", 0, 3, 22);
INSERT INTO Admissao (AdmissaoID, Data, Urgencia, Prioridade, Paciente) VALUES (452, "25/11/1980 17:10:23", 2, 1, 7);
INSERT INTO Admissao (AdmissaoID, Data, Urgencia, Prioridade, Paciente) VALUES (453, "7/1/2006 17:45:1", 1, 0, 216);
INSERT INTO Admissao (AdmissaoID, Data, Urgencia, Prioridade, Paciente) VALUES (454, "21/10/2015 13:1:28", 1, 1, 51);
INSERT INTO Admissao (AdmissaoID, Data, Urgencia, Prioridade, Paciente) VALUES (455, "21/8/2013 13:24:28", 2, 3, 131);
INSERT INTO Admissao (AdmissaoID, Data, Urgencia, Prioridade, Paciente) VALUES (456, "14/5/2000 5:52:19", 1, 2, 192);
INSERT INTO Admissao (AdmissaoID, Data, Urgencia, Prioridade, Paciente) VALUES (457, "25/4/1964 23:51:59", 1, 3, 278);
INSERT INTO Admissao (AdmissaoID, Data, Urgencia, Prioridade, Paciente) VALUES (458, "20/2/2019 18:4:15", 0, 3, 210);
INSERT INTO Admissao (AdmissaoID, Data, Urgencia, Prioridade, Paciente) VALUES (459, "27/1/1997 2:23:10", 0, 1, 33);
INSERT INTO Admissao (AdmissaoID, Data, Urgencia, Prioridade, Paciente) VALUES (460, "9/2/1994 11:0:50", 3, 1, 146);
INSERT INTO Admissao (AdmissaoID, Data, Urgencia, Prioridade, Paciente) VALUES (461, "1/6/1999 21:44:34", 2, 0, 241);
INSERT INTO Admissao (AdmissaoID, Data, Urgencia, Prioridade, Paciente) VALUES (462, "3/9/1989 10:33:52", 0, 3, 197);
INSERT INTO Admissao (AdmissaoID, Data, Urgencia, Prioridade, Paciente) VALUES (463, "2/6/1987 17:14:52", 1, 2, 37);
INSERT INTO Admissao (AdmissaoID, Data, Urgencia, Prioridade, Paciente) VALUES (464, "16/7/1970 12:9:59", 0, 1, 280);
INSERT INTO Admissao (AdmissaoID, Data, Urgencia, Prioridade, Paciente) VALUES (465, "20/12/2009 22:6:46", 0, 1, 258);
INSERT INTO Admissao (AdmissaoID, Data, Urgencia, Prioridade, Paciente) VALUES (466, "18/5/1971 14:29:18", 1, 0, 38);
INSERT INTO Admissao (AdmissaoID, Data, Urgencia, Prioridade, Paciente) VALUES (467, "11/4/2002 1:32:59", 0, 3, 300);
INSERT INTO Admissao (AdmissaoID, Data, Urgencia, Prioridade, Paciente) VALUES (468, "15/4/2011 10:52:51", 2, 1, 54);
INSERT INTO Admissao (AdmissaoID, Data, Urgencia, Prioridade, Paciente) VALUES (469, "16/1/1968 19:38:54", 1, 1, 105);
INSERT INTO Admissao (AdmissaoID, Data, Urgencia, Prioridade, Paciente) VALUES (470, "26/8/1968 21:54:21", 0, 0, 18);
INSERT INTO Admissao (AdmissaoID, Data, Urgencia, Prioridade, Paciente) VALUES (471, "17/6/1976 12:57:17", 1, 2, 1);
INSERT INTO Admissao (AdmissaoID, Data, Urgencia, Prioridade, Paciente) VALUES (472, "28/12/1967 9:25:58", 0, 2, 43);
INSERT INTO Admissao (AdmissaoID, Data, Urgencia, Prioridade, Paciente) VALUES (473, "24/6/1984 21:6:52", 0, 0, 103);
INSERT INTO Admissao (AdmissaoID, Data, Urgencia, Prioridade, Paciente) VALUES (474, "11/10/2003 19:15:39", 2, 0, 171);
INSERT INTO Admissao (AdmissaoID, Data, Urgencia, Prioridade, Paciente) VALUES (475, "20/11/1974 8:27:27", 1, 1, 222);
INSERT INTO Admissao (AdmissaoID, Data, Urgencia, Prioridade, Paciente) VALUES (476, "25/7/1965 3:28:9", 0, 3, 98);
INSERT INTO Admissao (AdmissaoID, Data, Urgencia, Prioridade, Paciente) VALUES (477, "9/11/2000 8:16:34", 1, 1, 62);
INSERT INTO Admissao (AdmissaoID, Data, Urgencia, Prioridade, Paciente) VALUES (478, "5/4/1973 13:53:16", 2, 3, 49);
INSERT INTO Admissao (AdmissaoID, Data, Urgencia, Prioridade, Paciente) VALUES (479, "11/8/1965 21:27:17", 0, 0, 273);
INSERT INTO Admissao (AdmissaoID, Data, Urgencia, Prioridade, Paciente) VALUES (480, "8/2/2001 11:21:55", 1, 2, 260);
INSERT INTO Admissao (AdmissaoID, Data, Urgencia, Prioridade, Paciente) VALUES (481, "20/9/1977 22:31:10", 2, 2, 99);
INSERT INTO Admissao (AdmissaoID, Data, Urgencia, Prioridade, Paciente) VALUES (482, "26/5/1977 5:3:54", 3, 0, 266);
INSERT INTO Admissao (AdmissaoID, Data, Urgencia, Prioridade, Paciente) VALUES (483, "10/6/2009 7:26:11", 1, 1, 203);
INSERT INTO Admissao (AdmissaoID, Data, Urgencia, Prioridade, Paciente) VALUES (484, "11/1/1962 6:36:27", 3, 0, 72);
INSERT INTO Admissao (AdmissaoID, Data, Urgencia, Prioridade, Paciente) VALUES (485, "7/5/1995 0:33:49", 0, 1, 139);
INSERT INTO Admissao (AdmissaoID, Data, Urgencia, Prioridade, Paciente) VALUES (486, "19/9/1968 7:44:25", 2, 1, 24);
INSERT INTO Admissao (AdmissaoID, Data, Urgencia, Prioridade, Paciente) VALUES (487, "17/6/1976 18:31:2", 1, 1, 133);
INSERT INTO Admissao (AdmissaoID, Data, Urgencia, Prioridade, Paciente) VALUES (488, "9/10/2001 23:23:2", 3, 1, 143);
INSERT INTO Admissao (AdmissaoID, Data, Urgencia, Prioridade, Paciente) VALUES (489, "15/2/2011 21:19:24", 3, 2, 142);
INSERT INTO Admissao (AdmissaoID, Data, Urgencia, Prioridade, Paciente) VALUES (490, "12/3/1985 2:36:15", 2, 3, 40);
INSERT INTO Admissao (AdmissaoID, Data, Urgencia, Prioridade, Paciente) VALUES (491, "9/3/1990 0:53:48", 2, 1, 196);
INSERT INTO Admissao (AdmissaoID, Data, Urgencia, Prioridade, Paciente) VALUES (492, "27/9/2017 17:49:32", 1, 2, 206);
INSERT INTO Admissao (AdmissaoID, Data, Urgencia, Prioridade, Paciente) VALUES (493, "15/1/1961 6:56:33", 2, 1, 140);
INSERT INTO Admissao (AdmissaoID, Data, Urgencia, Prioridade, Paciente) VALUES (494, "11/6/1989 0:14:47", 1, 1, 123);
INSERT INTO Admissao (AdmissaoID, Data, Urgencia, Prioridade, Paciente) VALUES (495, "4/3/1986 18:6:40", 3, 3, 37);
INSERT INTO Admissao (AdmissaoID, Data, Urgencia, Prioridade, Paciente) VALUES (496, "25/11/1963 18:8:1", 1, 3, 212);
INSERT INTO Admissao (AdmissaoID, Data, Urgencia, Prioridade, Paciente) VALUES (497, "3/7/1967 3:0:31", 1, 1, 61);
INSERT INTO Admissao (AdmissaoID, Data, Urgencia, Prioridade, Paciente) VALUES (498, "24/11/2015 8:6:50", 3, 1, 116);
INSERT INTO Admissao (AdmissaoID, Data, Urgencia, Prioridade, Paciente) VALUES (499, "14/5/2008 2:37:57", 3, 1, 102);
INSERT INTO Admissao (AdmissaoID, Data, Urgencia, Prioridade, Paciente) VALUES (500, "10/12/1973 14:33:49", 3, 0, 124);

-- Occurrence
INSERT INTO Ocorrencia(OcorrenciaID, DataInicio, DataFim, Paciente, Doenca) VALUES (1, "3/7/1967 11:2:20", "6/9/1970 13:5:42", 56, 147);
INSERT INTO Ocorrencia(OcorrenciaID, DataInicio, DataFim, Paciente, Doenca) VALUES (2, "18/9/1993 3:29:8", "19/9/1993 4:47:16", 280, 125);
INSERT INTO Ocorrencia(OcorrenciaID, DataInicio, DataFim, Paciente, Doenca) VALUES (3, "6/5/1983 13:7:23", "9/5/1984 14:23:42", 289, 136);
INSERT INTO Ocorrencia(OcorrenciaID, DataInicio, DataFim, Paciente, Doenca) VALUES (4, "23/9/1998 7:14:6", "26/10/2001 9:30:18", 283, 23);
INSERT INTO Ocorrencia(OcorrenciaID, DataInicio, DataFim, Paciente, Doenca) VALUES (5, "24/9/1979 9:18:20", "24/10/1981 10:19:45", 185, 164);
INSERT INTO Ocorrencia(OcorrenciaID, DataInicio, DataFim, Paciente, Doenca) VALUES (6, "25/3/2003 13:17:15", "28/3/2004 15:23:18", 81, 28);
INSERT INTO Ocorrencia(OcorrenciaID, DataInicio, DataFim, Paciente, Doenca) VALUES (7, "22/9/1970 5:26:13", "22/10/1972 7:36:26", 44, 131);
INSERT INTO Ocorrencia(OcorrenciaID, DataInicio, DataFim, Paciente, Doenca) VALUES (8, "17/8/1995 21:2:16", "17/9/1997 22:13:16", 226, 43);
INSERT INTO Ocorrencia(OcorrenciaID, DataInicio, DataFim, Paciente, Doenca) VALUES (9, "13/4/2013 6:3:22", "14/4/2016 7:28:24", 145, 67);
INSERT INTO Ocorrencia(OcorrenciaID, DataInicio, DataFim, Paciente, Doenca) VALUES (10, "25/3/1962 15:23:22", "25/3/1965 17:53:39", 282, 226);
INSERT INTO Ocorrencia(OcorrenciaID, DataInicio, DataFim, Paciente, Doenca) VALUES (11, "23/5/1986 18:1:12", "25/5/1989 19:1:22", 64, 68);
INSERT INTO Ocorrencia(OcorrenciaID, DataInicio, DataFim, Paciente, Doenca) VALUES (12, "4/8/1968 16:12:0", "5/9/1968 18:19:7", 273, 182);
INSERT INTO Ocorrencia(OcorrenciaID, DataInicio, DataFim, Paciente, Doenca) VALUES (13, "19/5/2011 21:7:23", "22/6/2012 22:21:32", 195, 128);
INSERT INTO Ocorrencia(OcorrenciaID, DataInicio, DataFim, Paciente, Doenca) VALUES (14, "10/3/1998 20:24:24", "11/5/1998 22:37:34", 84, 103);
INSERT INTO Ocorrencia(OcorrenciaID, DataInicio, DataFim, Paciente, Doenca) VALUES (15, "20/4/1997 1:7:0", "20/4/1998 3:36:21", 205, 160);
INSERT INTO Ocorrencia(OcorrenciaID, DataInicio, DataFim, Paciente, Doenca) VALUES (16, "5/6/1971 4:10:25", "7/7/1973 5:26:39", 107, 6);
INSERT INTO Ocorrencia(OcorrenciaID, DataInicio, DataFim, Paciente, Doenca) VALUES (17, "5/2/1980 18:26:29", "8/2/1983 19:40:44", 16, 36);
INSERT INTO Ocorrencia(OcorrenciaID, DataInicio, DataFim, Paciente, Doenca) VALUES (18, "21/3/1982 6:9:29", "21/3/1982 7:27:43", 139, 10);
INSERT INTO Ocorrencia(OcorrenciaID, DataInicio, DataFim, Paciente, Doenca) VALUES (19, "1/5/1996 1:0:26", "3/7/1996 3:16:39", 152, 202);
INSERT INTO Ocorrencia(OcorrenciaID, DataInicio, DataFim, Paciente, Doenca) VALUES (20, "13/5/1997 0:0:20", "13/6/2000 1:16:22", 161, 100);
INSERT INTO Ocorrencia(OcorrenciaID, DataInicio, DataFim, Paciente, Doenca) VALUES (21, "21/1/2009 3:7:7", "22/1/2012 5:29:19", 28, 108);
INSERT INTO Ocorrencia(OcorrenciaID, DataInicio, DataFim, Paciente, Doenca) VALUES (22, "18/9/2005 15:2:2", "20/9/2006 17:18:22", 22, 151);
INSERT INTO Ocorrencia(OcorrenciaID, DataInicio, DataFim, Paciente, Doenca) VALUES (23, "9/6/2004 2:13:13", "11/7/2004 4:41:31", 288, 11);
INSERT INTO Ocorrencia(OcorrenciaID, DataInicio, DataFim, Paciente, Doenca) VALUES (24, "3/1/1970 17:16:3", "5/3/1970 18:27:33", 272, 209);
INSERT INTO Ocorrencia(OcorrenciaID, DataInicio, DataFim, Paciente, Doenca) VALUES (25, "15/7/1993 13:29:27", "17/7/1996 15:43:48", 252, 12);
INSERT INTO Ocorrencia(OcorrenciaID, DataInicio, DataFim, Paciente, Doenca) VALUES (26, "14/10/1976 8:12:3", "14/10/1977 10:33:16", 135, 121);
INSERT INTO Ocorrencia(OcorrenciaID, DataInicio, DataFim, Paciente, Doenca) VALUES (27, "4/4/1964 13:17:2", "4/5/1967 15:43:10", 203, 158);
INSERT INTO Ocorrencia(OcorrenciaID, DataInicio, DataFim, Paciente, Doenca) VALUES (28, "5/4/1978 1:18:1", "7/6/1981 2:35:2", 246, 34);
INSERT INTO Ocorrencia(OcorrenciaID, DataInicio, DataFim, Paciente, Doenca) VALUES (29, "15/4/1982 3:19:3", "16/6/1985 5:22:6", 46, 166);
INSERT INTO Ocorrencia(OcorrenciaID, DataInicio, DataFim, Paciente, Doenca) VALUES (30, "1/7/1998 14:14:25", "2/7/1998 15:44:30", 224, 123);
INSERT INTO Ocorrencia(OcorrenciaID, DataInicio, DataFim, Paciente, Doenca) VALUES (31, "18/6/1988 10:27:12", "19/8/1990 12:41:41", 290, 18);
INSERT INTO Ocorrencia(OcorrenciaID, DataInicio, DataFim, Paciente, Doenca) VALUES (32, "6/1/1994 12:16:12", "8/1/1997 13:29:42", 15, 228);
INSERT INTO Ocorrencia(OcorrenciaID, DataInicio, DataFim, Paciente, Doenca) VALUES (33, "16/1/1980 16:29:5", "19/3/1982 18:35:12", 152, 224);
INSERT INTO Ocorrencia(OcorrenciaID, DataInicio, DataFim, Paciente, Doenca) VALUES (34, "1/1/1966 11:4:3", "3/1/1968 12:23:28", 166, 112);
INSERT INTO Ocorrencia(OcorrenciaID, DataInicio, DataFim, Paciente, Doenca) VALUES (35, "8/7/2015 9:1:22", "9/7/2015 10:6:27", 161, 53);
INSERT INTO Ocorrencia(OcorrenciaID, DataInicio, DataFim, Paciente, Doenca) VALUES (36, "15/1/1984 9:2:24", "18/2/1984 10:10:34", 174, 45);
INSERT INTO Ocorrencia(OcorrenciaID, DataInicio, DataFim, Paciente, Doenca) VALUES (37, "21/3/2003 12:18:21", "24/5/2004 13:42:33", 119, 70);
INSERT INTO Ocorrencia(OcorrenciaID, DataInicio, DataFim, Paciente, Doenca) VALUES (38, "11/9/1981 7:23:7", "13/11/1982 9:37:25", 6, 100);
INSERT INTO Ocorrencia(OcorrenciaID, DataInicio, DataFim, Paciente, Doenca) VALUES (39, "19/6/1993 4:6:14", "21/7/1995 6:14:15", 72, 177);
INSERT INTO Ocorrencia(OcorrenciaID, DataInicio, DataFim, Paciente, Doenca) VALUES (40, "5/5/1968 1:6:5", "8/6/1969 2:30:34", 259, 126);
INSERT INTO Ocorrencia(OcorrenciaID, DataInicio, DataFim, Paciente, Doenca) VALUES (41, "13/10/1987 1:5:27", "15/10/1988 3:7:41", 11, 150);
INSERT INTO Ocorrencia(OcorrenciaID, DataInicio, DataFim, Paciente, Doenca) VALUES (42, "21/1/1995 14:21:23", "23/3/1996 16:24:27", 69, 210);
INSERT INTO Ocorrencia(OcorrenciaID, DataInicio, DataFim, Paciente, Doenca) VALUES (43, "9/3/1985 16:0:13", "10/5/1986 17:19:35", 134, 218);
INSERT INTO Ocorrencia(OcorrenciaID, DataInicio, DataFim, Paciente, Doenca) VALUES (44, "17/3/1979 18:29:24", "19/5/1982 19:56:45", 232, 20);
INSERT INTO Ocorrencia(OcorrenciaID, DataInicio, DataFim, Paciente, Doenca) VALUES (45, "1/3/1980 11:0:7", "4/4/1983 13:4:15", 278, 88);
INSERT INTO Ocorrencia(OcorrenciaID, DataInicio, DataFim, Paciente, Doenca) VALUES (46, "3/1/1974 8:10:3", "4/2/1976 10:40:27", 105, 29);
INSERT INTO Ocorrencia(OcorrenciaID, DataInicio, DataFim, Paciente, Doenca) VALUES (47, "3/1/1967 6:5:25", "5/1/1970 8:10:38", 220, 108);
INSERT INTO Ocorrencia(OcorrenciaID, DataInicio, DataFim, Paciente, Doenca) VALUES (48, "3/5/1998 10:6:26", "6/6/2000 12:26:45", 108, 7);
INSERT INTO Ocorrencia(OcorrenciaID, DataInicio, DataFim, Paciente, Doenca) VALUES (49, "20/9/1993 15:2:24", "23/11/1993 16:30:34", 101, 7);
INSERT INTO Ocorrencia(OcorrenciaID, DataInicio, DataFim, Paciente, Doenca) VALUES (50, "12/7/1996 19:17:0", "14/9/1997 20:46:7", 46, 6);
INSERT INTO Ocorrencia(OcorrenciaID, DataInicio, DataFim, Paciente, Doenca) VALUES (51, "13/1/1970 4:20:13", "16/2/1971 6:31:29", 284, 54);
INSERT INTO Ocorrencia(OcorrenciaID, DataInicio, DataFim, Paciente, Doenca) VALUES (52, "6/4/1974 12:7:10", "8/5/1976 14:36:37", 89, 173);
INSERT INTO Ocorrencia(OcorrenciaID, DataInicio, DataFim, Paciente, Doenca) VALUES (53, "1/8/1977 12:29:20", "3/10/1977 14:30:34", 53, 5);
INSERT INTO Ocorrencia(OcorrenciaID, DataInicio, DataFim, Paciente, Doenca) VALUES (54, "10/4/1988 18:24:15", "10/5/1988 19:37:33", 297, 100);
INSERT INTO Ocorrencia(OcorrenciaID, DataInicio, DataFim, Paciente, Doenca) VALUES (55, "16/5/1980 17:28:21", "17/6/1980 18:37:43", 68, 167);
INSERT INTO Ocorrencia(OcorrenciaID, DataInicio, DataFim, Paciente, Doenca) VALUES (56, "3/4/1974 21:7:28", "3/6/1976 22:24:33", 198, 19);
INSERT INTO Ocorrencia(OcorrenciaID, DataInicio, DataFim, Paciente, Doenca) VALUES (57, "22/6/1976 9:15:29", "23/8/1977 10:34:49", 54, 137);
INSERT INTO Ocorrencia(OcorrenciaID, DataInicio, DataFim, Paciente, Doenca) VALUES (58, "7/8/1973 15:5:14", "7/10/1973 17:18:36", 40, 150);
INSERT INTO Ocorrencia(OcorrenciaID, DataInicio, DataFim, Paciente, Doenca) VALUES (59, "25/9/1981 5:11:24", "28/11/1983 7:40:47", 256, 40);
INSERT INTO Ocorrencia(OcorrenciaID, DataInicio, DataFim, Paciente, Doenca) VALUES (60, "3/1/2009 2:8:10", "4/3/2011 4:11:38", 112, 160);
INSERT INTO Ocorrencia(OcorrenciaID, DataInicio, DataFim, Paciente, Doenca) VALUES (61, "22/2/1971 21:6:1", "23/3/1971 22:16:28", 272, 191);
INSERT INTO Ocorrencia(OcorrenciaID, DataInicio, DataFim, Paciente, Doenca) VALUES (62, "16/7/1987 4:10:19", "19/9/1989 6:23:42", 61, 124);
INSERT INTO Ocorrencia(OcorrenciaID, DataInicio, DataFim, Paciente, Doenca) VALUES (63, "17/4/1975 16:13:6", "19/4/1977 18:31:23", 180, 212);
INSERT INTO Ocorrencia(OcorrenciaID, DataInicio, DataFim, Paciente, Doenca) VALUES (64, "11/2/1960 10:23:23", "13/4/1961 11:47:36", 113, 147);
INSERT INTO Ocorrencia(OcorrenciaID, DataInicio, DataFim, Paciente, Doenca) VALUES (65, "20/5/1994 14:6:26", "21/5/1995 16:6:41", 244, 182);
INSERT INTO Ocorrencia(OcorrenciaID, DataInicio, DataFim, Paciente, Doenca) VALUES (66, "12/10/2006 17:8:27", "14/11/2006 19:30:55", 190, 201);
INSERT INTO Ocorrencia(OcorrenciaID, DataInicio, DataFim, Paciente, Doenca) VALUES (67, "4/6/1979 11:7:26", "7/8/1979 12:32:48", 38, 199);
INSERT INTO Ocorrencia(OcorrenciaID, DataInicio, DataFim, Paciente, Doenca) VALUES (68, "7/10/2006 21:18:26", "8/12/2007 22:39:54", 265, 79);
INSERT INTO Ocorrencia(OcorrenciaID, DataInicio, DataFim, Paciente, Doenca) VALUES (69, "7/5/1975 18:15:2", "9/7/1978 20:42:19", 246, 8);
INSERT INTO Ocorrencia(OcorrenciaID, DataInicio, DataFim, Paciente, Doenca) VALUES (70, "20/6/1970 17:26:25", "23/6/1971 18:37:47", 178, 180);
INSERT INTO Ocorrencia(OcorrenciaID, DataInicio, DataFim, Paciente, Doenca) VALUES (71, "17/8/1960 17:17:0", "19/8/1963 19:23:18", 113, 20);
INSERT INTO Ocorrencia(OcorrenciaID, DataInicio, DataFim, Paciente, Doenca) VALUES (72, "9/2/1990 15:14:18", "12/4/1992 17:20:26", 84, 230);
INSERT INTO Ocorrencia(OcorrenciaID, DataInicio, DataFim, Paciente, Doenca) VALUES (73, "21/7/2008 9:12:26", "21/9/2008 11:20:28", 99, 204);
INSERT INTO Ocorrencia(OcorrenciaID, DataInicio, DataFim, Paciente, Doenca) VALUES (74, "12/3/2018 10:11:4", "14/5/2020 12:31:33", 18, 222);
INSERT INTO Ocorrencia(OcorrenciaID, DataInicio, DataFim, Paciente, Doenca) VALUES (75, "19/1/2003 17:3:2", "19/2/2005 18:23:10", 140, 5);
INSERT INTO Ocorrencia(OcorrenciaID, DataInicio, DataFim, Paciente, Doenca) VALUES (76, "15/9/1964 2:8:23", "15/9/1964 4:28:35", 281, 136);
INSERT INTO Ocorrencia(OcorrenciaID, DataInicio, DataFim, Paciente, Doenca) VALUES (77, "24/2/1964 5:29:15", "24/2/1966 7:37:18", 142, 153);
INSERT INTO Ocorrencia(OcorrenciaID, DataInicio, DataFim, Paciente, Doenca) VALUES (78, "20/2/1985 18:23:0", "23/2/1986 20:45:19", 85, 189);
INSERT INTO Ocorrencia(OcorrenciaID, DataInicio, DataFim, Paciente, Doenca) VALUES (79, "4/8/1968 2:20:4", "5/8/1969 3:40:23", 184, 125);
INSERT INTO Ocorrencia(OcorrenciaID, DataInicio, DataFim, Paciente, Doenca) VALUES (80, "13/3/1960 13:0:4", "14/5/1960 15:12:27", 89, 215);
INSERT INTO Ocorrencia(OcorrenciaID, DataInicio, DataFim, Paciente, Doenca) VALUES (81, "22/4/2002 14:17:19", "22/6/2004 16:18:22", 185, 184);
INSERT INTO Ocorrencia(OcorrenciaID, DataInicio, DataFim, Paciente, Doenca) VALUES (82, "2/5/2008 19:8:10", "5/6/2009 20:32:13", 276, 21);
INSERT INTO Ocorrencia(OcorrenciaID, DataInicio, DataFim, Paciente, Doenca) VALUES (83, "11/7/2007 4:8:9", "13/9/2007 6:35:36", 55, 100);
INSERT INTO Ocorrencia(OcorrenciaID, DataInicio, DataFim, Paciente, Doenca) VALUES (84, "13/10/1977 21:12:4", "15/10/1978 23:38:15", 263, 74);
INSERT INTO Ocorrencia(OcorrenciaID, DataInicio, DataFim, Paciente, Doenca) VALUES (85, "13/9/2016 6:22:3", "13/10/2018 8:40:33", 112, 33);
INSERT INTO Ocorrencia(OcorrenciaID, DataInicio, DataFim, Paciente, Doenca) VALUES (86, "4/2/2014 14:20:13", "6/2/2017 16:21:24", 237, 161);
INSERT INTO Ocorrencia(OcorrenciaID, DataInicio, DataFim, Paciente, Doenca) VALUES (87, "25/10/1978 15:6:4", "25/10/1980 17:26:25", 130, 53);
INSERT INTO Ocorrencia(OcorrenciaID, DataInicio, DataFim, Paciente, Doenca) VALUES (88, "15/9/1982 16:17:18", "16/9/1983 17:32:29", 213, 24);
INSERT INTO Ocorrencia(OcorrenciaID, DataInicio, DataFim, Paciente, Doenca) VALUES (89, "19/6/1998 10:3:20", "20/7/1998 12:16:33", 85, 132);
INSERT INTO Ocorrencia(OcorrenciaID, DataInicio, DataFim, Paciente, Doenca) VALUES (90, "24/9/1972 5:25:22", "24/11/1975 7:46:24", 268, 22);
INSERT INTO Ocorrencia(OcorrenciaID, DataInicio, DataFim, Paciente, Doenca) VALUES (91, "11/4/1973 1:0:23", "12/6/1975 2:15:41", 80, 144);
INSERT INTO Ocorrencia(OcorrenciaID, DataInicio, DataFim, Paciente, Doenca) VALUES (92, "12/10/2015 17:26:2", "14/10/2016 18:37:3", 46, 202);
INSERT INTO Ocorrencia(OcorrenciaID, DataInicio, DataFim, Paciente, Doenca) VALUES (93, "12/10/1969 4:0:26", "12/10/1972 5:10:56", 299, 13);
INSERT INTO Ocorrencia(OcorrenciaID, DataInicio, DataFim, Paciente, Doenca) VALUES (94, "21/8/1965 5:7:14", "22/9/1965 6:35:14", 18, 85);
INSERT INTO Ocorrencia(OcorrenciaID, DataInicio, DataFim, Paciente, Doenca) VALUES (95, "12/3/1961 17:25:24", "15/3/1962 18:45:25", 37, 228);
INSERT INTO Ocorrencia(OcorrenciaID, DataInicio, DataFim, Paciente, Doenca) VALUES (96, "14/9/1971 9:3:23", "15/10/1974 11:11:45", 142, 185);
INSERT INTO Ocorrencia(OcorrenciaID, DataInicio, DataFim, Paciente, Doenca) VALUES (97, "1/10/2013 0:29:22", "1/12/2013 2:51:26", 150, 9);
INSERT INTO Ocorrencia(OcorrenciaID, DataInicio, DataFim, Paciente, Doenca) VALUES (98, "1/1/1976 8:23:11", "4/1/1979 10:45:34", 36, 96);
INSERT INTO Ocorrencia(OcorrenciaID, DataInicio, DataFim, Paciente, Doenca) VALUES (99, "11/10/1976 20:12:14", "13/10/1979 21:28:25", 93, 63);
INSERT INTO Ocorrencia(OcorrenciaID, DataInicio, DataFim, Paciente, Doenca) VALUES (100, "19/1/2010 19:18:25", "19/1/2010 21:34:33", 139, 15);
INSERT INTO Ocorrencia(OcorrenciaID, DataInicio, DataFim, Paciente, Doenca) VALUES (101, "12/8/2003 16:2:12", "14/8/2006 17:30:36", 31, 16);
INSERT INTO Ocorrencia(OcorrenciaID, DataInicio, DataFim, Paciente, Doenca) VALUES (102, "1/4/2000 19:27:7", "2/4/2001 21:54:36", 108, 86);
INSERT INTO Ocorrencia(OcorrenciaID, DataInicio, DataFim, Paciente, Doenca) VALUES (103, "4/10/2015 13:4:11", "7/11/2016 15:12:35", 29, 58);
INSERT INTO Ocorrencia(OcorrenciaID, DataInicio, DataFim, Paciente, Doenca) VALUES (104, "12/7/2011 9:23:23", "12/7/2012 11:27:39", 73, 80);
INSERT INTO Ocorrencia(OcorrenciaID, DataInicio, DataFim, Paciente, Doenca) VALUES (105, "11/6/1960 10:5:11", "12/7/1962 12:34:24", 16, 183);
INSERT INTO Ocorrencia(OcorrenciaID, DataInicio, DataFim, Paciente, Doenca) VALUES (106, "5/6/1976 6:28:22", "6/7/1977 8:28:25", 125, 185);
INSERT INTO Ocorrencia(OcorrenciaID, DataInicio, DataFim, Paciente, Doenca) VALUES (107, "8/10/1983 9:7:11", "9/12/1985 10:28:26", 2, 195);
INSERT INTO Ocorrencia(OcorrenciaID, DataInicio, DataFim, Paciente, Doenca) VALUES (108, "21/9/2007 15:4:0", "21/11/2007 16:32:21", 264, 223);
INSERT INTO Ocorrencia(OcorrenciaID, DataInicio, DataFim, Paciente, Doenca) VALUES (109, "22/8/1997 12:10:27", "22/9/2000 13:28:48", 28, 22);
INSERT INTO Ocorrencia(OcorrenciaID, DataInicio, DataFim, Paciente, Doenca) VALUES (110, "4/7/1995 16:28:11", "6/9/1996 18:48:11", 57, 148);
INSERT INTO Ocorrencia(OcorrenciaID, DataInicio, DataFim, Paciente, Doenca) VALUES (111, "21/10/1987 19:29:16", "21/12/1988 21:52:29", 181, 83);
INSERT INTO Ocorrencia(OcorrenciaID, DataInicio, DataFim, Paciente, Doenca) VALUES (112, "18/5/1961 18:22:23", "18/6/1962 19:27:29", 2, 50);
INSERT INTO Ocorrencia(OcorrenciaID, DataInicio, DataFim, Paciente, Doenca) VALUES (113, "23/5/1982 16:7:12", "24/6/1982 18:32:13", 280, 227);
INSERT INTO Ocorrencia(OcorrenciaID, DataInicio, DataFim, Paciente, Doenca) VALUES (114, "24/3/1978 1:18:29", "27/4/1979 3:26:59", 279, 188);
INSERT INTO Ocorrencia(OcorrenciaID, DataInicio, DataFim, Paciente, Doenca) VALUES (115, "17/8/1994 14:15:4", "20/9/1996 15:26:20", 218, 21);
INSERT INTO Ocorrencia(OcorrenciaID, DataInicio, DataFim, Paciente, Doenca) VALUES (116, "1/3/2008 20:0:11", "4/3/2010 21:28:30", 153, 179);
INSERT INTO Ocorrencia(OcorrenciaID, DataInicio, DataFim, Paciente, Doenca) VALUES (117, "14/6/2010 16:2:19", "15/6/2011 17:22:26", 226, 14);
INSERT INTO Ocorrencia(OcorrenciaID, DataInicio, DataFim, Paciente, Doenca) VALUES (118, "25/9/1985 17:4:15", "26/10/1985 18:29:33", 4, 164);
INSERT INTO Ocorrencia(OcorrenciaID, DataInicio, DataFim, Paciente, Doenca) VALUES (119, "14/5/2001 14:15:22", "17/7/2001 15:34:47", 277, 124);
INSERT INTO Ocorrencia(OcorrenciaID, DataInicio, DataFim, Paciente, Doenca) VALUES (120, "11/6/2014 1:22:14", "13/7/2015 3:35:16", 285, 56);
INSERT INTO Ocorrencia(OcorrenciaID, DataInicio, DataFim, Paciente, Doenca) VALUES (121, "3/2/1971 17:29:1", "3/4/1971 19:42:12", 75, 189);
INSERT INTO Ocorrencia(OcorrenciaID, DataInicio, DataFim, Paciente, Doenca) VALUES (122, "11/10/1992 1:10:22", "11/10/1994 2:11:30", 50, 207);
INSERT INTO Ocorrencia(OcorrenciaID, DataInicio, DataFim, Paciente, Doenca) VALUES (123, "8/9/1981 21:9:8", "10/10/1981 23:33:31", 10, 126);
INSERT INTO Ocorrencia(OcorrenciaID, DataInicio, DataFim, Paciente, Doenca) VALUES (124, "17/6/1988 19:19:0", "20/7/1990 21:34:28", 289, 2);
INSERT INTO Ocorrencia(OcorrenciaID, DataInicio, DataFim, Paciente, Doenca) VALUES (125, "3/7/1972 15:4:4", "4/8/1975 17:10:23", 122, 195);
INSERT INTO Ocorrencia(OcorrenciaID, DataInicio, DataFim, Paciente, Doenca) VALUES (126, "14/5/1963 16:7:14", "16/6/1965 18:21:22", 222, 30);
INSERT INTO Ocorrencia(OcorrenciaID, DataInicio, DataFim, Paciente, Doenca) VALUES (127, "6/8/1997 7:12:10", "9/10/1997 9:28:18", 291, 127);
INSERT INTO Ocorrencia(OcorrenciaID, DataInicio, DataFim, Paciente, Doenca) VALUES (128, "23/7/2013 15:4:25", "26/9/2015 17:26:54", 276, 161);
INSERT INTO Ocorrencia(OcorrenciaID, DataInicio, DataFim, Paciente, Doenca) VALUES (129, "14/3/1983 5:1:8", "17/5/1984 7:5:17", 151, 220);
INSERT INTO Ocorrencia(OcorrenciaID, DataInicio, DataFim, Paciente, Doenca) VALUES (130, "7/2/1988 5:22:15", "10/2/1988 6:47:34", 263, 178);
INSERT INTO Ocorrencia(OcorrenciaID, DataInicio, DataFim, Paciente, Doenca) VALUES (131, "9/8/1991 5:29:4", "10/9/1993 7:49:13", 299, 34);
INSERT INTO Ocorrencia(OcorrenciaID, DataInicio, DataFim, Paciente, Doenca) VALUES (132, "16/5/2010 18:11:20", "16/7/2010 19:28:49", 133, 130);
INSERT INTO Ocorrencia(OcorrenciaID, DataInicio, DataFim, Paciente, Doenca) VALUES (133, "1/7/2010 17:13:12", "1/7/2011 19:25:35", 118, 68);
INSERT INTO Ocorrencia(OcorrenciaID, DataInicio, DataFim, Paciente, Doenca) VALUES (134, "4/10/1977 20:0:8", "4/11/1980 21:12:32", 6, 159);
INSERT INTO Ocorrencia(OcorrenciaID, DataInicio, DataFim, Paciente, Doenca) VALUES (135, "17/8/2001 11:2:19", "19/9/2003 13:25:38", 88, 172);
INSERT INTO Ocorrencia(OcorrenciaID, DataInicio, DataFim, Paciente, Doenca) VALUES (136, "20/10/1990 20:28:13", "20/12/1990 22:57:29", 243, 123);
INSERT INTO Ocorrencia(OcorrenciaID, DataInicio, DataFim, Paciente, Doenca) VALUES (137, "17/9/1968 3:0:17", "20/9/1970 4:24:31", 241, 17);
INSERT INTO Ocorrencia(OcorrenciaID, DataInicio, DataFim, Paciente, Doenca) VALUES (138, "13/3/2012 10:20:27", "14/3/2014 12:42:34", 95, 131);
INSERT INTO Ocorrencia(OcorrenciaID, DataInicio, DataFim, Paciente, Doenca) VALUES (139, "6/7/1978 15:11:9", "9/8/1978 16:21:17", 196, 19);
INSERT INTO Ocorrencia(OcorrenciaID, DataInicio, DataFim, Paciente, Doenca) VALUES (140, "10/6/1977 4:22:23", "11/6/1977 6:30:33", 171, 16);
INSERT INTO Ocorrencia(OcorrenciaID, DataInicio, DataFim, Paciente, Doenca) VALUES (141, "13/6/1991 4:12:23", "13/7/1992 6:39:40", 120, 60);
INSERT INTO Ocorrencia(OcorrenciaID, DataInicio, DataFim, Paciente, Doenca) VALUES (142, "12/6/2015 13:11:23", "15/8/2017 14:11:43", 269, 221);
INSERT INTO Ocorrencia(OcorrenciaID, DataInicio, DataFim, Paciente, Doenca) VALUES (143, "6/4/2009 9:16:18", "8/5/2011 10:22:22", 174, 4);
INSERT INTO Ocorrencia(OcorrenciaID, DataInicio, DataFim, Paciente, Doenca) VALUES (144, "7/1/2006 19:14:27", "9/2/2007 20:32:35", 259, 5);
INSERT INTO Ocorrencia(OcorrenciaID, DataInicio, DataFim, Paciente, Doenca) VALUES (145, "12/5/2000 7:3:19", "15/5/2001 8:20:24", 109, 45);
INSERT INTO Ocorrencia(OcorrenciaID, DataInicio, DataFim, Paciente, Doenca) VALUES (146, "17/7/2006 0:27:16", "20/8/2007 2:49:21", 281, 29);
INSERT INTO Ocorrencia(OcorrenciaID, DataInicio, DataFim, Paciente, Doenca) VALUES (147, "9/8/1996 21:24:10", "11/9/1997 23:36:24", 148, 230);
INSERT INTO Ocorrencia(OcorrenciaID, DataInicio, DataFim, Paciente, Doenca) VALUES (148, "14/6/1974 5:3:7", "14/8/1975 7:16:12", 174, 177);
INSERT INTO Ocorrencia(OcorrenciaID, DataInicio, DataFim, Paciente, Doenca) VALUES (149, "1/5/2012 17:21:17", "2/6/2015 18:32:42", 232, 173);
INSERT INTO Ocorrencia(OcorrenciaID, DataInicio, DataFim, Paciente, Doenca) VALUES (150, "13/9/1963 14:20:27", "16/10/1963 15:38:34", 287, 138);
INSERT INTO Ocorrencia(OcorrenciaID, DataInicio, DataFim, Paciente, Doenca) VALUES (151, "11/6/1986 19:4:9", "13/6/1986 20:23:32", 198, 31);
INSERT INTO Ocorrencia(OcorrenciaID, DataInicio, DataFim, Paciente, Doenca) VALUES (152, "17/4/1971 20:16:20", "18/6/1974 21:41:47", 242, 195);
INSERT INTO Ocorrencia(OcorrenciaID, DataInicio, DataFim, Paciente, Doenca) VALUES (153, "18/6/2002 17:22:7", "18/8/2003 18:45:22", 264, 177);
INSERT INTO Ocorrencia(OcorrenciaID, DataInicio, DataFim, Paciente, Doenca) VALUES (154, "16/1/1993 5:19:24", "17/3/1993 7:21:34", 202, 177);
INSERT INTO Ocorrencia(OcorrenciaID, DataInicio, DataFim, Paciente, Doenca) VALUES (155, "1/2/2009 5:22:22", "3/2/2012 6:48:27", 22, 71);
INSERT INTO Ocorrencia(OcorrenciaID, DataInicio, DataFim, Paciente, Doenca) VALUES (156, "22/1/1993 12:4:6", "22/3/1996 14:21:6", 49, 135);
INSERT INTO Ocorrencia(OcorrenciaID, DataInicio, DataFim, Paciente, Doenca) VALUES (157, "2/7/2004 13:7:6", "2/8/2007 14:27:24", 183, 5);
INSERT INTO Ocorrencia(OcorrenciaID, DataInicio, DataFim, Paciente, Doenca) VALUES (158, "18/2/2002 5:25:3", "18/2/2005 6:36:16", 66, 198);
INSERT INTO Ocorrencia(OcorrenciaID, DataInicio, DataFim, Paciente, Doenca) VALUES (159, "8/2/1974 8:9:25", "11/2/1975 9:12:28", 211, 86);
INSERT INTO Ocorrencia(OcorrenciaID, DataInicio, DataFim, Paciente, Doenca) VALUES (160, "6/6/2016 1:5:24", "8/7/2016 3:10:40", 177, 3);
INSERT INTO Ocorrencia(OcorrenciaID, DataInicio, DataFim, Paciente, Doenca) VALUES (161, "11/4/1969 6:5:14", "12/6/1972 8:30:18", 108, 211);
INSERT INTO Ocorrencia(OcorrenciaID, DataInicio, DataFim, Paciente, Doenca) VALUES (162, "6/5/2010 0:16:2", "6/5/2011 1:34:14", 195, 12);
INSERT INTO Ocorrencia(OcorrenciaID, DataInicio, DataFim, Paciente, Doenca) VALUES (163, "16/4/1965 8:25:5", "16/4/1967 9:40:10", 28, 103);
INSERT INTO Ocorrencia(OcorrenciaID, DataInicio, DataFim, Paciente, Doenca) VALUES (164, "23/3/1971 21:26:17", "23/4/1974 22:32:33", 148, 72);
INSERT INTO Ocorrencia(OcorrenciaID, DataInicio, DataFim, Paciente, Doenca) VALUES (165, "24/5/1993 12:22:16", "27/6/1996 14:24:38", 69, 71);
INSERT INTO Ocorrencia(OcorrenciaID, DataInicio, DataFim, Paciente, Doenca) VALUES (166, "1/10/1978 14:6:18", "3/11/1979 15:10:38", 118, 198);
INSERT INTO Ocorrencia(OcorrenciaID, DataInicio, DataFim, Paciente, Doenca) VALUES (167, "1/6/1974 19:22:12", "1/8/1976 21:48:32", 26, 200);
INSERT INTO Ocorrencia(OcorrenciaID, DataInicio, DataFim, Paciente, Doenca) VALUES (168, "9/9/2007 14:12:14", "9/11/2009 15:20:44", 196, 1);
INSERT INTO Ocorrencia(OcorrenciaID, DataInicio, DataFim, Paciente, Doenca) VALUES (169, "23/7/1984 0:23:25", "25/9/1987 2:39:26", 159, 118);
INSERT INTO Ocorrencia(OcorrenciaID, DataInicio, DataFim, Paciente, Doenca) VALUES (170, "24/9/2006 0:9:0", "27/9/2006 1:39:0", 71, 121);
INSERT INTO Ocorrencia(OcorrenciaID, DataInicio, DataFim, Paciente, Doenca) VALUES (171, "8/1/1977 19:29:17", "10/1/1977 20:40:19", 201, 159);
INSERT INTO Ocorrencia(OcorrenciaID, DataInicio, DataFim, Paciente, Doenca) VALUES (172, "5/1/1995 2:8:3", "5/2/1995 3:15:24", 204, 78);
INSERT INTO Ocorrencia(OcorrenciaID, DataInicio, DataFim, Paciente, Doenca) VALUES (173, "20/4/1961 2:4:17", "20/4/1962 3:16:42", 137, 181);
INSERT INTO Ocorrencia(OcorrenciaID, DataInicio, DataFim, Paciente, Doenca) VALUES (174, "22/4/1989 5:19:21", "23/6/1990 7:37:32", 76, 14);
INSERT INTO Ocorrencia(OcorrenciaID, DataInicio, DataFim, Paciente, Doenca) VALUES (175, "19/8/2007 2:9:17", "20/8/2008 3:11:43", 186, 196);
INSERT INTO Ocorrencia(OcorrenciaID, DataInicio, DataFim, Paciente, Doenca) VALUES (176, "23/10/2009 10:9:8", "25/12/2011 12:31:38", 251, 25);
INSERT INTO Ocorrencia(OcorrenciaID, DataInicio, DataFim, Paciente, Doenca) VALUES (177, "3/5/1983 12:26:20", "4/5/1984 14:27:26", 2, 31);
INSERT INTO Ocorrencia(OcorrenciaID, DataInicio, DataFim, Paciente, Doenca) VALUES (178, "16/10/1972 9:13:6", "16/11/1972 10:16:7", 224, 177);
INSERT INTO Ocorrencia(OcorrenciaID, DataInicio, DataFim, Paciente, Doenca) VALUES (179, "12/4/1985 2:24:8", "14/5/1987 3:52:29", 155, 137);
INSERT INTO Ocorrencia(OcorrenciaID, DataInicio, DataFim, Paciente, Doenca) VALUES (180, "10/1/2009 5:5:28", "11/1/2010 6:6:39", 155, 19);
INSERT INTO Ocorrencia(OcorrenciaID, DataInicio, DataFim, Paciente, Doenca) VALUES (181, "20/5/2018 18:8:28", "22/6/2019 20:29:42", 216, 210);
INSERT INTO Ocorrencia(OcorrenciaID, DataInicio, DataFim, Paciente, Doenca) VALUES (182, "11/1/1983 16:12:24", "11/1/1984 18:39:34", 71, 178);
INSERT INTO Ocorrencia(OcorrenciaID, DataInicio, DataFim, Paciente, Doenca) VALUES (183, "19/1/1974 6:23:8", "21/3/1975 7:30:11", 130, 95);
INSERT INTO Ocorrencia(OcorrenciaID, DataInicio, DataFim, Paciente, Doenca) VALUES (184, "20/10/1978 20:20:24", "23/12/1981 21:30:48", 161, 216);
INSERT INTO Ocorrencia(OcorrenciaID, DataInicio, DataFim, Paciente, Doenca) VALUES (185, "17/9/1975 0:23:23", "17/9/1976 1:23:43", 121, 220);
INSERT INTO Ocorrencia(OcorrenciaID, DataInicio, DataFim, Paciente, Doenca) VALUES (186, "3/5/1966 13:20:24", "5/6/1967 14:20:28", 271, 36);
INSERT INTO Ocorrencia(OcorrenciaID, DataInicio, DataFim, Paciente, Doenca) VALUES (187, "23/4/1975 10:14:19", "25/4/1978 12:38:24", 294, 62);
INSERT INTO Ocorrencia(OcorrenciaID, DataInicio, DataFim, Paciente, Doenca) VALUES (188, "8/3/2007 15:27:10", "9/3/2008 17:56:14", 22, 166);
INSERT INTO Ocorrencia(OcorrenciaID, DataInicio, DataFim, Paciente, Doenca) VALUES (189, "25/6/1962 11:9:0", "26/7/1964 13:17:6", 290, 47);
INSERT INTO Ocorrencia(OcorrenciaID, DataInicio, DataFim, Paciente, Doenca) VALUES (190, "3/8/1986 17:2:20", "3/10/1986 19:22:42", 253, 95);
INSERT INTO Ocorrencia(OcorrenciaID, DataInicio, DataFim, Paciente, Doenca) VALUES (191, "21/6/2005 10:1:28", "22/6/2006 11:22:33", 247, 208);
INSERT INTO Ocorrencia(OcorrenciaID, DataInicio, DataFim, Paciente, Doenca) VALUES (192, "6/6/1970 7:0:23", "7/8/1970 9:26:25", 93, 4);
INSERT INTO Ocorrencia(OcorrenciaID, DataInicio, DataFim, Paciente, Doenca) VALUES (193, "16/3/1974 3:18:25", "18/3/1974 5:38:49", 267, 75);
INSERT INTO Ocorrencia(OcorrenciaID, DataInicio, DataFim, Paciente, Doenca) VALUES (194, "12/6/2004 6:11:23", "15/8/2006 7:35:36", 232, 7);
INSERT INTO Ocorrencia(OcorrenciaID, DataInicio, DataFim, Paciente, Doenca) VALUES (195, "7/7/1994 5:13:28", "8/8/1997 7:33:55", 124, 67);
INSERT INTO Ocorrencia(OcorrenciaID, DataInicio, DataFim, Paciente, Doenca) VALUES (196, "11/8/1992 19:10:3", "11/10/1994 20:19:32", 7, 93);
INSERT INTO Ocorrencia(OcorrenciaID, DataInicio, DataFim, Paciente, Doenca) VALUES (197, "22/4/2016 2:9:4", "23/4/2017 3:25:11", 249, 65);
INSERT INTO Ocorrencia(OcorrenciaID, DataInicio, DataFim, Paciente, Doenca) VALUES (198, "17/2/1977 12:15:7", "19/2/1978 13:28:24", 171, 89);
INSERT INTO Ocorrencia(OcorrenciaID, DataInicio, DataFim, Paciente, Doenca) VALUES (199, "4/8/1992 10:0:24", "5/8/1992 12:23:44", 140, 49);
INSERT INTO Ocorrencia(OcorrenciaID, DataInicio, DataFim, Paciente, Doenca) VALUES (200, "5/2/2014 14:0:5", "5/4/2017 16:21:26", 284, 67);
INSERT INTO Ocorrencia(OcorrenciaID, DataInicio, DataFim, Paciente, Doenca) VALUES (201, "1/1/1986 18:10:10", "3/2/1989 19:16:27", 278, 204);
INSERT INTO Ocorrencia(OcorrenciaID, DataInicio, DataFim, Paciente, Doenca) VALUES (202, "16/2/1994 21:25:14", "18/4/1996 22:52:39", 202, 149);
INSERT INTO Ocorrencia(OcorrenciaID, DataInicio, DataFim, Paciente, Doenca) VALUES (203, "7/10/1978 1:4:17", "7/11/1978 2:6:29", 23, 50);
INSERT INTO Ocorrencia(OcorrenciaID, DataInicio, DataFim, Paciente, Doenca) VALUES (204, "21/5/1984 3:12:8", "23/5/1986 4:14:36", 87, 24);
INSERT INTO Ocorrencia(OcorrenciaID, DataInicio, DataFim, Paciente, Doenca) VALUES (205, "3/5/2004 16:28:10", "6/7/2005 18:40:14", 91, 57);
INSERT INTO Ocorrencia(OcorrenciaID, DataInicio, DataFim, Paciente, Doenca) VALUES (206, "9/1/1971 17:20:15", "10/1/1971 18:36:29", 7, 64);
INSERT INTO Ocorrencia(OcorrenciaID, DataInicio, DataFim, Paciente, Doenca) VALUES (207, "21/2/2003 13:9:22", "21/4/2006 15:26:29", 232, 79);
INSERT INTO Ocorrencia(OcorrenciaID, DataInicio, DataFim, Paciente, Doenca) VALUES (208, "23/8/1971 12:3:3", "23/10/1974 14:9:3", 96, 105);
INSERT INTO Ocorrencia(OcorrenciaID, DataInicio, DataFim, Paciente, Doenca) VALUES (209, "4/3/2004 21:24:4", "5/4/2006 23:33:29", 13, 130);
INSERT INTO Ocorrencia(OcorrenciaID, DataInicio, DataFim, Paciente, Doenca) VALUES (210, "16/2/2012 3:4:12", "17/3/2013 5:5:31", 108, 225);
INSERT INTO Ocorrencia(OcorrenciaID, DataInicio, DataFim, Paciente, Doenca) VALUES (211, "17/9/1986 5:19:9", "20/11/1987 6:24:29", 87, 148);
INSERT INTO Ocorrencia(OcorrenciaID, DataInicio, DataFim, Paciente, Doenca) VALUES (212, "22/6/2007 11:19:24", "23/8/2007 13:28:43", 246, 7);
INSERT INTO Ocorrencia(OcorrenciaID, DataInicio, DataFim, Paciente, Doenca) VALUES (213, "4/7/2016 20:13:9", "6/7/2019 22:25:9", 17, 194);
INSERT INTO Ocorrencia(OcorrenciaID, DataInicio, DataFim, Paciente, Doenca) VALUES (214, "15/3/1970 19:6:16", "16/5/1972 21:7:24", 171, 43);
INSERT INTO Ocorrencia(OcorrenciaID, DataInicio, DataFim, Paciente, Doenca) VALUES (215, "15/3/1969 0:2:22", "15/4/1972 1:16:33", 255, 131);
INSERT INTO Ocorrencia(OcorrenciaID, DataInicio, DataFim, Paciente, Doenca) VALUES (216, "9/5/1964 5:15:28", "10/5/1964 7:45:55", 184, 92);
INSERT INTO Ocorrencia(OcorrenciaID, DataInicio, DataFim, Paciente, Doenca) VALUES (217, "5/7/1968 11:24:19", "5/8/1969 12:42:47", 242, 207);
INSERT INTO Ocorrencia(OcorrenciaID, DataInicio, DataFim, Paciente, Doenca) VALUES (218, "21/7/2018 13:14:5", "23/9/2018 15:23:32", 59, 3);
INSERT INTO Ocorrencia(OcorrenciaID, DataInicio, DataFim, Paciente, Doenca) VALUES (219, "5/2/2011 4:14:26", "6/3/2014 5:21:35", 182, 136);
INSERT INTO Ocorrencia(OcorrenciaID, DataInicio, DataFim, Paciente, Doenca) VALUES (220, "8/8/2018 14:22:14", "8/10/2020 15:52:25", 74, 141);
INSERT INTO Ocorrencia(OcorrenciaID, DataInicio, DataFim, Paciente, Doenca) VALUES (221, "21/8/1993 16:4:28", "22/10/1996 18:25:54", 33, 89);
INSERT INTO Ocorrencia(OcorrenciaID, DataInicio, DataFim, Paciente, Doenca) VALUES (222, "14/1/1997 8:15:23", "14/1/1998 10:18:44", 146, 151);
INSERT INTO Ocorrencia(OcorrenciaID, DataInicio, DataFim, Paciente, Doenca) VALUES (223, "14/9/1985 6:8:3", "14/11/1986 8:25:18", 279, 213);
INSERT INTO Ocorrencia(OcorrenciaID, DataInicio, DataFim, Paciente, Doenca) VALUES (224, "24/5/1987 11:10:0", "24/5/1987 12:30:5", 131, 152);
INSERT INTO Ocorrencia(OcorrenciaID, DataInicio, DataFim, Paciente, Doenca) VALUES (225, "20/8/1978 21:25:8", "22/10/1980 22:37:13", 140, 219);
INSERT INTO Ocorrencia(OcorrenciaID, DataInicio, DataFim, Paciente, Doenca) VALUES (226, "25/9/1961 19:3:15", "25/9/1961 20:21:26", 139, 128);
INSERT INTO Ocorrencia(OcorrenciaID, DataInicio, DataFim, Paciente, Doenca) VALUES (227, "16/9/2007 18:1:15", "16/10/2008 20:26:42", 185, 63);
INSERT INTO Ocorrencia(OcorrenciaID, DataInicio, DataFim, Paciente, Doenca) VALUES (228, "24/5/1999 8:23:9", "27/7/2001 9:31:28", 56, 161);
INSERT INTO Ocorrencia(OcorrenciaID, DataInicio, DataFim, Paciente, Doenca) VALUES (229, "13/8/1962 3:8:22", "15/8/1962 5:35:51", 156, 86);
INSERT INTO Ocorrencia(OcorrenciaID, DataInicio, DataFim, Paciente, Doenca) VALUES (230, "15/5/1976 9:9:25", "18/7/1978 10:34:51", 230, 195);
INSERT INTO Ocorrencia(OcorrenciaID, DataInicio, DataFim, Paciente, Doenca) VALUES (231, "10/6/1999 6:10:1", "10/6/2002 8:28:7", 102, 125);
INSERT INTO Ocorrencia(OcorrenciaID, DataInicio, DataFim, Paciente, Doenca) VALUES (232, "4/10/1981 5:4:5", "4/11/1981 6:24:35", 125, 84);
INSERT INTO Ocorrencia(OcorrenciaID, DataInicio, DataFim, Paciente, Doenca) VALUES (233, "1/6/1961 21:8:7", "3/6/1964 22:21:32", 154, 163);
INSERT INTO Ocorrencia(OcorrenciaID, DataInicio, DataFim, Paciente, Doenca) VALUES (234, "16/10/1998 20:17:12", "17/12/1998 22:42:18", 245, 110);
INSERT INTO Ocorrencia(OcorrenciaID, DataInicio, DataFim, Paciente, Doenca) VALUES (235, "21/9/2012 1:2:12", "22/11/2012 2:22:21", 299, 27);
INSERT INTO Ocorrencia(OcorrenciaID, DataInicio, DataFim, Paciente, Doenca) VALUES (236, "13/8/2006 21:25:12", "15/10/2008 22:46:21", 231, 120);
INSERT INTO Ocorrencia(OcorrenciaID, DataInicio, DataFim, Paciente, Doenca) VALUES (237, "25/5/1984 11:22:25", "28/7/1987 12:28:38", 87, 138);
INSERT INTO Ocorrencia(OcorrenciaID, DataInicio, DataFim, Paciente, Doenca) VALUES (238, "11/4/2000 8:9:11", "14/5/2003 9:20:35", 119, 22);
INSERT INTO Ocorrencia(OcorrenciaID, DataInicio, DataFim, Paciente, Doenca) VALUES (239, "7/3/1998 21:17:29", "7/3/1999 22:35:45", 288, 29);
INSERT INTO Ocorrencia(OcorrenciaID, DataInicio, DataFim, Paciente, Doenca) VALUES (240, "14/8/1993 13:4:17", "17/8/1993 14:13:39", 258, 20);
INSERT INTO Ocorrencia(OcorrenciaID, DataInicio, DataFim, Paciente, Doenca) VALUES (241, "8/10/1996 11:2:2", "11/10/1997 13:6:28", 136, 108);
INSERT INTO Ocorrencia(OcorrenciaID, DataInicio, DataFim, Paciente, Doenca) VALUES (242, "15/1/2006 7:22:3", "15/2/2007 8:34:17", 245, 81);
INSERT INTO Ocorrencia(OcorrenciaID, DataInicio, DataFim, Paciente, Doenca) VALUES (243, "8/6/1975 8:7:21", "10/7/1976 9:27:23", 21, 32);
INSERT INTO Ocorrencia(OcorrenciaID, DataInicio, DataFim, Paciente, Doenca) VALUES (244, "4/5/1984 2:27:18", "7/5/1984 3:27:18", 261, 106);
INSERT INTO Ocorrencia(OcorrenciaID, DataInicio, DataFim, Paciente, Doenca) VALUES (245, "1/1/2017 13:13:29", "2/2/2018 15:38:58", 195, 7);
INSERT INTO Ocorrencia(OcorrenciaID, DataInicio, DataFim, Paciente, Doenca) VALUES (246, "8/10/2010 19:6:24", "8/11/2012 20:25:26", 64, 187);
INSERT INTO Ocorrencia(OcorrenciaID, DataInicio, DataFim, Paciente, Doenca) VALUES (247, "24/1/1960 2:0:15", "24/2/1961 3:5:31", 139, 152);
INSERT INTO Ocorrencia(OcorrenciaID, DataInicio, DataFim, Paciente, Doenca) VALUES (248, "6/8/2001 14:11:14", "8/9/2003 16:18:24", 26, 93);
INSERT INTO Ocorrencia(OcorrenciaID, DataInicio, DataFim, Paciente, Doenca) VALUES (249, "16/4/1975 19:28:0", "16/5/1976 20:31:8", 16, 6);
INSERT INTO Ocorrencia(OcorrenciaID, DataInicio, DataFim, Paciente, Doenca) VALUES (250, "2/8/2000 19:21:4", "5/10/2003 21:38:32", 259, 38);
INSERT INTO Ocorrencia(OcorrenciaID, DataInicio, DataFim, Paciente, Doenca) VALUES (251, "22/8/1963 5:16:25", "22/8/1966 6:40:42", 127, 192);
INSERT INTO Ocorrencia(OcorrenciaID, DataInicio, DataFim, Paciente, Doenca) VALUES (252, "14/8/1980 8:20:9", "16/10/1982 10:50:36", 106, 183);
INSERT INTO Ocorrencia(OcorrenciaID, DataInicio, DataFim, Paciente, Doenca) VALUES (253, "7/8/1963 19:11:29", "9/9/1963 21:39:29", 194, 2);
INSERT INTO Ocorrencia(OcorrenciaID, DataInicio, DataFim, Paciente, Doenca) VALUES (254, "14/4/1989 9:2:22", "15/6/1991 11:6:34", 147, 84);
INSERT INTO Ocorrencia(OcorrenciaID, DataInicio, DataFim, Paciente, Doenca) VALUES (255, "12/3/2016 8:24:22", "13/4/2016 10:35:25", 198, 63);
INSERT INTO Ocorrencia(OcorrenciaID, DataInicio, DataFim, Paciente, Doenca) VALUES (256, "15/9/1985 10:3:20", "16/9/1987 11:9:41", 22, 196);
INSERT INTO Ocorrencia(OcorrenciaID, DataInicio, DataFim, Paciente, Doenca) VALUES (257, "10/5/1993 4:24:21", "10/6/1996 5:40:25", 281, 79);
INSERT INTO Ocorrencia(OcorrenciaID, DataInicio, DataFim, Paciente, Doenca) VALUES (258, "7/6/1981 11:9:20", "8/6/1982 13:35:36", 281, 220);
INSERT INTO Ocorrencia(OcorrenciaID, DataInicio, DataFim, Paciente, Doenca) VALUES (259, "5/5/1999 16:21:26", "6/7/2000 18:31:39", 178, 164);
INSERT INTO Ocorrencia(OcorrenciaID, DataInicio, DataFim, Paciente, Doenca) VALUES (260, "4/10/2007 12:11:28", "5/11/2010 13:31:45", 17, 210);
INSERT INTO Ocorrencia(OcorrenciaID, DataInicio, DataFim, Paciente, Doenca) VALUES (261, "8/4/1987 1:28:1", "8/4/1989 3:50:3", 114, 42);
INSERT INTO Ocorrencia(OcorrenciaID, DataInicio, DataFim, Paciente, Doenca) VALUES (262, "18/9/2009 19:28:28", "18/9/2010 21:33:54", 98, 211);
INSERT INTO Ocorrencia(OcorrenciaID, DataInicio, DataFim, Paciente, Doenca) VALUES (263, "23/2/1979 8:14:1", "25/4/1981 10:30:20", 71, 122);
INSERT INTO Ocorrencia(OcorrenciaID, DataInicio, DataFim, Paciente, Doenca) VALUES (264, "13/1/1971 15:22:19", "16/2/1973 16:36:21", 89, 71);
INSERT INTO Ocorrencia(OcorrenciaID, DataInicio, DataFim, Paciente, Doenca) VALUES (265, "21/8/2017 19:17:3", "22/9/2018 20:23:9", 136, 101);
INSERT INTO Ocorrencia(OcorrenciaID, DataInicio, DataFim, Paciente, Doenca) VALUES (266, "8/5/1982 9:10:5", "9/6/1984 10:30:23", 5, 121);
INSERT INTO Ocorrencia(OcorrenciaID, DataInicio, DataFim, Paciente, Doenca) VALUES (267, "21/5/1993 10:26:3", "22/6/1993 11:49:3", 137, 45);
INSERT INTO Ocorrencia(OcorrenciaID, DataInicio, DataFim, Paciente, Doenca) VALUES (268, "7/9/2004 8:1:29", "7/11/2005 9:26:50", 152, 59);
INSERT INTO Ocorrencia(OcorrenciaID, DataInicio, DataFim, Paciente, Doenca) VALUES (269, "19/1/1980 6:24:23", "22/1/1982 7:43:40", 207, 154);
INSERT INTO Ocorrencia(OcorrenciaID, DataInicio, DataFim, Paciente, Doenca) VALUES (270, "8/3/2003 7:14:2", "9/4/2004 8:39:16", 240, 227);
INSERT INTO Ocorrencia(OcorrenciaID, DataInicio, DataFim, Paciente, Doenca) VALUES (271, "9/2/2017 0:20:28", "12/3/2019 1:49:57", 297, 222);
INSERT INTO Ocorrencia(OcorrenciaID, DataInicio, DataFim, Paciente, Doenca) VALUES (272, "12/7/1994 20:20:19", "12/7/1994 22:34:20", 32, 201);
INSERT INTO Ocorrencia(OcorrenciaID, DataInicio, DataFim, Paciente, Doenca) VALUES (273, "7/10/2018 10:16:18", "7/11/2021 11:45:33", 29, 70);
INSERT INTO Ocorrencia(OcorrenciaID, DataInicio, DataFim, Paciente, Doenca) VALUES (274, "22/2/1978 16:24:11", "22/2/1981 18:54:41", 33, 57);
INSERT INTO Ocorrencia(OcorrenciaID, DataInicio, DataFim, Paciente, Doenca) VALUES (275, "3/8/1991 17:21:1", "4/8/1991 19:21:16", 90, 69);
INSERT INTO Ocorrencia(OcorrenciaID, DataInicio, DataFim, Paciente, Doenca) VALUES (276, "16/4/1975 11:19:3", "18/5/1978 12:40:24", 119, 177);
INSERT INTO Ocorrencia(OcorrenciaID, DataInicio, DataFim, Paciente, Doenca) VALUES (277, "5/6/1997 14:8:15", "6/6/1998 15:8:20", 218, 46);
INSERT INTO Ocorrencia(OcorrenciaID, DataInicio, DataFim, Paciente, Doenca) VALUES (278, "2/2/2007 21:18:4", "4/3/2009 22:19:33", 264, 158);
INSERT INTO Ocorrencia(OcorrenciaID, DataInicio, DataFim, Paciente, Doenca) VALUES (279, "16/7/1999 16:28:20", "17/9/2001 17:54:45", 114, 221);
INSERT INTO Ocorrencia(OcorrenciaID, DataInicio, DataFim, Paciente, Doenca) VALUES (280, "2/3/2008 14:23:14", "3/3/2009 16:26:29", 133, 188);
INSERT INTO Ocorrencia(OcorrenciaID, DataInicio, DataFim, Paciente, Doenca) VALUES (281, "11/7/1991 8:8:25", "12/9/1994 10:32:42", 293, 17);
INSERT INTO Ocorrencia(OcorrenciaID, DataInicio, DataFim, Paciente, Doenca) VALUES (282, "21/1/1968 12:27:13", "22/3/1969 14:39:34", 85, 161);
INSERT INTO Ocorrencia(OcorrenciaID, DataInicio, DataFim, Paciente, Doenca) VALUES (283, "22/3/1986 19:4:18", "24/5/1986 21:19:35", 77, 85);
INSERT INTO Ocorrencia(OcorrenciaID, DataInicio, DataFim, Paciente, Doenca) VALUES (284, "22/7/1999 7:28:14", "23/7/2000 8:56:20", 219, 170);
INSERT INTO Ocorrencia(OcorrenciaID, DataInicio, DataFim, Paciente, Doenca) VALUES (285, "12/1/1987 4:7:24", "12/3/1989 5:16:31", 127, 189);
INSERT INTO Ocorrencia(OcorrenciaID, DataInicio, DataFim, Paciente, Doenca) VALUES (286, "4/9/1986 1:22:19", "7/9/1986 2:36:24", 90, 88);
INSERT INTO Ocorrencia(OcorrenciaID, DataInicio, DataFim, Paciente, Doenca) VALUES (287, "25/3/1990 4:25:12", "26/3/1991 6:31:21", 42, 55);
INSERT INTO Ocorrencia(OcorrenciaID, DataInicio, DataFim, Paciente, Doenca) VALUES (288, "25/6/1981 18:20:21", "26/7/1982 19:32:24", 192, 19);
INSERT INTO Ocorrencia(OcorrenciaID, DataInicio, DataFim, Paciente, Doenca) VALUES (289, "2/4/1996 14:20:26", "3/4/1998 15:25:26", 75, 119);
INSERT INTO Ocorrencia(OcorrenciaID, DataInicio, DataFim, Paciente, Doenca) VALUES (290, "21/9/1996 11:27:17", "23/9/1999 12:46:34", 118, 96);
INSERT INTO Ocorrencia(OcorrenciaID, DataInicio, DataFim, Paciente, Doenca) VALUES (291, "10/6/2003 16:17:10", "11/7/2006 17:47:33", 135, 120);
INSERT INTO Ocorrencia(OcorrenciaID, DataInicio, DataFim, Paciente, Doenca) VALUES (292, "20/10/2003 8:25:4", "22/11/2004 9:29:16", 223, 18);
INSERT INTO Ocorrencia(OcorrenciaID, DataInicio, DataFim, Paciente, Doenca) VALUES (293, "7/3/1965 11:0:10", "7/4/1965 13:16:32", 147, 204);
INSERT INTO Ocorrencia(OcorrenciaID, DataInicio, DataFim, Paciente, Doenca) VALUES (294, "6/7/2012 5:15:3", "9/9/2014 7:23:29", 19, 111);
INSERT INTO Ocorrencia(OcorrenciaID, DataInicio, DataFim, Paciente, Doenca) VALUES (295, "21/8/1993 19:24:6", "22/9/1995 21:53:25", 159, 89);
INSERT INTO Ocorrencia(OcorrenciaID, DataInicio, DataFim, Paciente, Doenca) VALUES (296, "23/6/1983 10:0:9", "24/7/1984 12:1:37", 104, 31);
INSERT INTO Ocorrencia(OcorrenciaID, DataInicio, DataFim, Paciente, Doenca) VALUES (297, "11/2/1976 1:10:22", "14/2/1979 2:31:40", 144, 5);
INSERT INTO Ocorrencia(OcorrenciaID, DataInicio, DataFim, Paciente, Doenca) VALUES (298, "7/7/1970 12:21:26", "7/7/1971 13:22:40", 286, 57);
INSERT INTO Ocorrencia(OcorrenciaID, DataInicio, DataFim, Paciente, Doenca) VALUES (299, "10/4/1968 5:1:22", "11/6/1968 6:17:51", 262, 183);
INSERT INTO Ocorrencia(OcorrenciaID, DataInicio, DataFim, Paciente, Doenca) VALUES (300, "4/7/1969 11:3:8", "4/7/1969 13:4:22", 265, 190);
INSERT INTO Ocorrencia(OcorrenciaID, DataInicio, DataFim, Paciente, Doenca) VALUES (301, "16/5/1989 14:25:21", "18/5/1989 15:51:30", 258, 128);
INSERT INTO Ocorrencia(OcorrenciaID, DataInicio, DataFim, Paciente, Doenca) VALUES (302, "22/2/1973 18:16:24", "25/3/1976 20:28:51", 153, 30);
INSERT INTO Ocorrencia(OcorrenciaID, DataInicio, DataFim, Paciente, Doenca) VALUES (303, "8/1/1985 2:1:6", "9/1/1988 3:9:24", 256, 186);
INSERT INTO Ocorrencia(OcorrenciaID, DataInicio, DataFim, Paciente, Doenca) VALUES (304, "6/8/1960 9:22:4", "9/10/1960 10:43:30", 151, 41);
INSERT INTO Ocorrencia(OcorrenciaID, DataInicio, DataFim, Paciente, Doenca) VALUES (305, "18/7/1981 20:9:0", "21/7/1981 22:11:16", 188, 26);
INSERT INTO Ocorrencia(OcorrenciaID, DataInicio, DataFim, Paciente, Doenca) VALUES (306, "25/9/1976 21:18:8", "25/11/1977 22:27:25", 34, 53);
INSERT INTO Ocorrencia(OcorrenciaID, DataInicio, DataFim, Paciente, Doenca) VALUES (307, "8/2/1981 7:20:8", "10/3/1981 8:23:22", 66, 226);
INSERT INTO Ocorrencia(OcorrenciaID, DataInicio, DataFim, Paciente, Doenca) VALUES (308, "8/6/1974 19:16:18", "8/8/1974 21:45:24", 45, 22);
INSERT INTO Ocorrencia(OcorrenciaID, DataInicio, DataFim, Paciente, Doenca) VALUES (309, "4/6/1986 11:0:17", "6/7/1988 12:0:28", 145, 186);
INSERT INTO Ocorrencia(OcorrenciaID, DataInicio, DataFim, Paciente, Doenca) VALUES (310, "19/9/2016 17:22:14", "22/10/2016 19:48:36", 173, 176);
INSERT INTO Ocorrencia(OcorrenciaID, DataInicio, DataFim, Paciente, Doenca) VALUES (311, "14/8/1984 0:24:16", "17/9/1986 1:34:38", 244, 168);
INSERT INTO Ocorrencia(OcorrenciaID, DataInicio, DataFim, Paciente, Doenca) VALUES (312, "7/7/1994 20:11:6", "10/9/1995 21:40:12", 37, 198);
INSERT INTO Ocorrencia(OcorrenciaID, DataInicio, DataFim, Paciente, Doenca) VALUES (313, "22/6/1971 20:11:18", "25/6/1972 21:25:22", 294, 81);
INSERT INTO Ocorrencia(OcorrenciaID, DataInicio, DataFim, Paciente, Doenca) VALUES (314, "17/5/1962 5:18:13", "20/5/1964 7:25:14", 174, 169);
INSERT INTO Ocorrencia(OcorrenciaID, DataInicio, DataFim, Paciente, Doenca) VALUES (315, "16/4/1993 8:26:10", "17/6/1993 9:49:19", 193, 145);
INSERT INTO Ocorrencia(OcorrenciaID, DataInicio, DataFim, Paciente, Doenca) VALUES (316, "17/5/1984 19:16:12", "18/5/1986 20:32:27", 111, 161);
INSERT INTO Ocorrencia(OcorrenciaID, DataInicio, DataFim, Paciente, Doenca) VALUES (317, "2/3/2003 20:28:14", "5/3/2006 22:49:44", 178, 169);
INSERT INTO Ocorrencia(OcorrenciaID, DataInicio, DataFim, Paciente, Doenca) VALUES (318, "13/5/1962 0:28:12", "15/6/1962 2:44:35", 112, 223);
INSERT INTO Ocorrencia(OcorrenciaID, DataInicio, DataFim, Paciente, Doenca) VALUES (319, "3/1/1969 12:4:2", "4/3/1969 13:7:12", 48, 207);
INSERT INTO Ocorrencia(OcorrenciaID, DataInicio, DataFim, Paciente, Doenca) VALUES (320, "14/4/1975 7:28:7", "16/6/1976 9:32:11", 40, 55);
INSERT INTO Ocorrencia(OcorrenciaID, DataInicio, DataFim, Paciente, Doenca) VALUES (321, "9/2/2008 8:20:8", "10/4/2011 10:28:28", 178, 50);
INSERT INTO Ocorrencia(OcorrenciaID, DataInicio, DataFim, Paciente, Doenca) VALUES (322, "6/10/1974 15:11:5", "9/11/1976 17:29:5", 53, 81);
INSERT INTO Ocorrencia(OcorrenciaID, DataInicio, DataFim, Paciente, Doenca) VALUES (323, "13/6/1981 6:26:4", "15/8/1983 8:54:4", 278, 179);
INSERT INTO Ocorrencia(OcorrenciaID, DataInicio, DataFim, Paciente, Doenca) VALUES (324, "24/4/1977 18:9:4", "25/5/1980 20:26:19", 21, 92);
INSERT INTO Ocorrencia(OcorrenciaID, DataInicio, DataFim, Paciente, Doenca) VALUES (325, "12/4/2000 8:26:8", "13/5/2000 10:45:20", 170, 13);
INSERT INTO Ocorrencia(OcorrenciaID, DataInicio, DataFim, Paciente, Doenca) VALUES (326, "8/5/1988 16:4:0", "11/6/1991 18:4:17", 167, 108);
INSERT INTO Ocorrencia(OcorrenciaID, DataInicio, DataFim, Paciente, Doenca) VALUES (327, "20/7/1991 4:23:24", "23/7/1992 6:33:31", 296, 178);
INSERT INTO Ocorrencia(OcorrenciaID, DataInicio, DataFim, Paciente, Doenca) VALUES (328, "5/10/1967 5:9:15", "8/12/1970 6:28:33", 109, 213);
INSERT INTO Ocorrencia(OcorrenciaID, DataInicio, DataFim, Paciente, Doenca) VALUES (329, "17/9/1980 16:9:16", "19/10/1980 17:13:34", 45, 68);
INSERT INTO Ocorrencia(OcorrenciaID, DataInicio, DataFim, Paciente, Doenca) VALUES (330, "7/6/1991 1:17:23", "8/6/1993 3:28:46", 8, 39);
INSERT INTO Ocorrencia(OcorrenciaID, DataInicio, DataFim, Paciente, Doenca) VALUES (331, "3/5/1997 21:4:23", "6/5/1999 23:17:40", 184, 155);
INSERT INTO Ocorrencia(OcorrenciaID, DataInicio, DataFim, Paciente, Doenca) VALUES (332, "6/3/1976 13:14:28", "8/3/1978 14:42:42", 96, 38);
INSERT INTO Ocorrencia(OcorrenciaID, DataInicio, DataFim, Paciente, Doenca) VALUES (333, "17/6/1990 2:28:10", "18/8/1992 4:41:37", 148, 137);
INSERT INTO Ocorrencia(OcorrenciaID, DataInicio, DataFim, Paciente, Doenca) VALUES (334, "2/10/1999 3:19:8", "3/12/2001 5:28:16", 191, 169);
INSERT INTO Ocorrencia(OcorrenciaID, DataInicio, DataFim, Paciente, Doenca) VALUES (335, "22/2/1973 5:14:3", "22/2/1974 6:44:18", 244, 225);
INSERT INTO Ocorrencia(OcorrenciaID, DataInicio, DataFim, Paciente, Doenca) VALUES (336, "5/2/1976 6:9:20", "8/4/1978 7:16:50", 76, 182);
INSERT INTO Ocorrencia(OcorrenciaID, DataInicio, DataFim, Paciente, Doenca) VALUES (337, "14/1/2002 8:1:26", "14/2/2004 10:23:29", 87, 59);
INSERT INTO Ocorrencia(OcorrenciaID, DataInicio, DataFim, Paciente, Doenca) VALUES (338, "9/5/1985 17:9:8", "11/5/1988 18:32:17", 113, 122);
INSERT INTO Ocorrencia(OcorrenciaID, DataInicio, DataFim, Paciente, Doenca) VALUES (339, "23/1/1993 6:29:24", "23/1/1994 8:43:52", 34, 12);
INSERT INTO Ocorrencia(OcorrenciaID, DataInicio, DataFim, Paciente, Doenca) VALUES (340, "18/4/1970 6:11:18", "20/4/1972 7:25:36", 206, 31);
INSERT INTO Ocorrencia(OcorrenciaID, DataInicio, DataFim, Paciente, Doenca) VALUES (341, "2/1/1978 9:27:2", "2/2/1980 10:29:29", 224, 88);
INSERT INTO Ocorrencia(OcorrenciaID, DataInicio, DataFim, Paciente, Doenca) VALUES (342, "17/9/1986 15:21:9", "18/9/1987 17:29:11", 244, 200);
INSERT INTO Ocorrencia(OcorrenciaID, DataInicio, DataFim, Paciente, Doenca) VALUES (343, "9/2/1962 16:2:28", "12/4/1964 17:24:57", 215, 71);
INSERT INTO Ocorrencia(OcorrenciaID, DataInicio, DataFim, Paciente, Doenca) VALUES (344, "13/7/1995 6:3:6", "15/7/1996 8:23:29", 163, 75);
INSERT INTO Ocorrencia(OcorrenciaID, DataInicio, DataFim, Paciente, Doenca) VALUES (345, "11/1/1998 5:29:11", "12/2/2000 6:57:26", 9, 217);
INSERT INTO Ocorrencia(OcorrenciaID, DataInicio, DataFim, Paciente, Doenca) VALUES (346, "24/5/2006 1:2:25", "25/5/2006 2:26:34", 237, 128);
INSERT INTO Ocorrencia(OcorrenciaID, DataInicio, DataFim, Paciente, Doenca) VALUES (347, "6/10/1986 16:20:5", "6/10/1989 18:36:34", 42, 138);
INSERT INTO Ocorrencia(OcorrenciaID, DataInicio, DataFim, Paciente, Doenca) VALUES (348, "22/1/2000 18:2:10", "24/3/2003 19:20:10", 181, 59);
INSERT INTO Ocorrencia(OcorrenciaID, DataInicio, DataFim, Paciente, Doenca) VALUES (349, "4/3/1970 16:0:28", "6/5/1970 18:5:43", 88, 81);
INSERT INTO Ocorrencia(OcorrenciaID, DataInicio, DataFim, Paciente, Doenca) VALUES (350, "20/9/2017 3:25:20", "21/9/2018 4:44:32", 47, 60);
INSERT INTO Ocorrencia(OcorrenciaID, DataInicio, DataFim, Paciente, Doenca) VALUES (351, "7/6/1990 0:3:19", "10/8/1993 1:16:23", 197, 13);
INSERT INTO Ocorrencia(OcorrenciaID, DataInicio, DataFim, Paciente, Doenca) VALUES (352, "12/9/2007 17:9:14", "13/10/2010 19:29:44", 121, 77);
INSERT INTO Ocorrencia(OcorrenciaID, DataInicio, DataFim, Paciente, Doenca) VALUES (353, "4/3/2003 1:6:18", "6/5/2003 2:21:27", 267, 126);
INSERT INTO Ocorrencia(OcorrenciaID, DataInicio, DataFim, Paciente, Doenca) VALUES (354, "1/8/1962 3:22:5", "4/9/1963 5:45:31", 164, 154);
INSERT INTO Ocorrencia(OcorrenciaID, DataInicio, DataFim, Paciente, Doenca) VALUES (355, "25/5/1970 19:10:5", "25/7/1972 20:21:6", 14, 190);
INSERT INTO Ocorrencia(OcorrenciaID, DataInicio, DataFim, Paciente, Doenca) VALUES (356, "5/9/1991 15:15:5", "7/11/1993 17:37:28", 167, 19);
INSERT INTO Ocorrencia(OcorrenciaID, DataInicio, DataFim, Paciente, Doenca) VALUES (357, "6/6/2004 18:20:20", "8/7/2005 19:48:47", 53, 26);
INSERT INTO Ocorrencia(OcorrenciaID, DataInicio, DataFim, Paciente, Doenca) VALUES (358, "7/9/1984 8:3:6", "10/9/1987 9:31:28", 17, 165);
INSERT INTO Ocorrencia(OcorrenciaID, DataInicio, DataFim, Paciente, Doenca) VALUES (359, "24/4/2011 14:27:24", "25/6/2014 15:50:34", 139, 157);
INSERT INTO Ocorrencia(OcorrenciaID, DataInicio, DataFim, Paciente, Doenca) VALUES (360, "17/7/2008 8:22:19", "18/7/2011 9:27:38", 284, 74);
INSERT INTO Ocorrencia(OcorrenciaID, DataInicio, DataFim, Paciente, Doenca) VALUES (361, "12/4/1970 9:13:15", "14/4/1970 11:36:19", 167, 141);
INSERT INTO Ocorrencia(OcorrenciaID, DataInicio, DataFim, Paciente, Doenca) VALUES (362, "20/8/1964 15:4:18", "21/9/1964 17:18:28", 78, 155);
INSERT INTO Ocorrencia(OcorrenciaID, DataInicio, DataFim, Paciente, Doenca) VALUES (363, "7/2/1990 1:19:22", "7/2/1993 3:26:36", 1, 98);
INSERT INTO Ocorrencia(OcorrenciaID, DataInicio, DataFim, Paciente, Doenca) VALUES (364, "17/4/1971 14:16:29", "18/4/1973 15:43:40", 251, 147);
INSERT INTO Ocorrencia(OcorrenciaID, DataInicio, DataFim, Paciente, Doenca) VALUES (365, "3/4/2014 18:19:28", "6/4/2017 20:42:51", 7, 187);
INSERT INTO Ocorrencia(OcorrenciaID, DataInicio, DataFim, Paciente, Doenca) VALUES (366, "13/9/1983 9:18:15", "16/9/1986 10:33:32", 116, 97);
INSERT INTO Ocorrencia(OcorrenciaID, DataInicio, DataFim, Paciente, Doenca) VALUES (367, "18/4/2002 9:17:16", "20/5/2002 11:46:38", 22, 29);
INSERT INTO Ocorrencia(OcorrenciaID, DataInicio, DataFim, Paciente, Doenca) VALUES (368, "18/3/1967 7:27:10", "21/4/1968 9:45:12", 275, 138);
INSERT INTO Ocorrencia(OcorrenciaID, DataInicio, DataFim, Paciente, Doenca) VALUES (369, "22/8/1976 11:9:13", "22/9/1978 13:22:20", 34, 153);
INSERT INTO Ocorrencia(OcorrenciaID, DataInicio, DataFim, Paciente, Doenca) VALUES (370, "14/2/1988 5:18:19", "14/4/1990 7:19:27", 220, 36);
INSERT INTO Ocorrencia(OcorrenciaID, DataInicio, DataFim, Paciente, Doenca) VALUES (371, "22/6/2008 4:0:8", "22/8/2009 5:9:18", 152, 106);
INSERT INTO Ocorrencia(OcorrenciaID, DataInicio, DataFim, Paciente, Doenca) VALUES (372, "24/1/1977 7:0:23", "26/2/1979 9:22:35", 51, 144);
INSERT INTO Ocorrencia(OcorrenciaID, DataInicio, DataFim, Paciente, Doenca) VALUES (373, "24/2/2014 17:23:15", "25/2/2016 18:25:26", 94, 61);
INSERT INTO Ocorrencia(OcorrenciaID, DataInicio, DataFim, Paciente, Doenca) VALUES (374, "18/3/1984 4:14:24", "21/4/1985 6:40:41", 40, 97);
INSERT INTO Ocorrencia(OcorrenciaID, DataInicio, DataFim, Paciente, Doenca) VALUES (375, "19/2/1964 19:22:9", "20/3/1964 20:37:28", 257, 213);
INSERT INTO Ocorrencia(OcorrenciaID, DataInicio, DataFim, Paciente, Doenca) VALUES (376, "1/5/2003 3:28:8", "3/5/2006 4:44:29", 109, 187);
INSERT INTO Ocorrencia(OcorrenciaID, DataInicio, DataFim, Paciente, Doenca) VALUES (377, "9/9/2006 4:2:21", "12/10/2006 6:7:41", 90, 37);
INSERT INTO Ocorrencia(OcorrenciaID, DataInicio, DataFim, Paciente, Doenca) VALUES (378, "13/9/1993 14:4:9", "16/11/1996 15:16:30", 259, 186);
INSERT INTO Ocorrencia(OcorrenciaID, DataInicio, DataFim, Paciente, Doenca) VALUES (379, "3/2/1960 21:6:29", "4/4/1963 22:30:49", 152, 67);
INSERT INTO Ocorrencia(OcorrenciaID, DataInicio, DataFim, Paciente, Doenca) VALUES (380, "15/5/1987 20:10:5", "15/5/1988 22:23:26", 269, 128);
INSERT INTO Ocorrencia(OcorrenciaID, DataInicio, DataFim, Paciente, Doenca) VALUES (381, "15/10/1965 17:7:6", "16/10/1968 18:34:35", 274, 154);
INSERT INTO Ocorrencia(OcorrenciaID, DataInicio, DataFim, Paciente, Doenca) VALUES (382, "2/3/1965 21:28:4", "4/5/1967 22:39:21", 255, 143);
INSERT INTO Ocorrencia(OcorrenciaID, DataInicio, DataFim, Paciente, Doenca) VALUES (383, "7/3/1974 16:17:6", "10/4/1976 17:17:31", 184, 47);
INSERT INTO Ocorrencia(OcorrenciaID, DataInicio, DataFim, Paciente, Doenca) VALUES (384, "15/9/1972 19:17:18", "17/9/1973 20:24:46", 284, 58);
INSERT INTO Ocorrencia(OcorrenciaID, DataInicio, DataFim, Paciente, Doenca) VALUES (385, "19/10/2001 20:9:10", "20/10/2001 22:38:36", 51, 10);
INSERT INTO Ocorrencia(OcorrenciaID, DataInicio, DataFim, Paciente, Doenca) VALUES (386, "17/10/1993 20:6:9", "17/11/1996 21:9:12", 208, 20);
INSERT INTO Ocorrencia(OcorrenciaID, DataInicio, DataFim, Paciente, Doenca) VALUES (387, "21/9/1961 5:27:10", "23/9/1962 6:44:22", 217, 159);
INSERT INTO Ocorrencia(OcorrenciaID, DataInicio, DataFim, Paciente, Doenca) VALUES (388, "9/6/1980 2:8:20", "12/7/1982 4:34:34", 198, 80);
INSERT INTO Ocorrencia(OcorrenciaID, DataInicio, DataFim, Paciente, Doenca) VALUES (389, "16/1/1972 12:15:5", "18/1/1975 13:35:9", 124, 22);
INSERT INTO Ocorrencia(OcorrenciaID, DataInicio, DataFim, Paciente, Doenca) VALUES (390, "24/8/1973 18:8:19", "26/10/1976 20:19:19", 62, 157);
INSERT INTO Ocorrencia(OcorrenciaID, DataInicio, DataFim, Paciente, Doenca) VALUES (391, "1/7/1987 1:29:22", "4/7/1987 3:48:33", 4, 151);
INSERT INTO Ocorrencia(OcorrenciaID, DataInicio, DataFim, Paciente, Doenca) VALUES (392, "10/5/1981 10:9:20", "11/6/1983 11:18:24", 12, 107);
INSERT INTO Ocorrencia(OcorrenciaID, DataInicio, DataFim, Paciente, Doenca) VALUES (393, "14/5/1964 5:20:3", "16/5/1967 6:31:11", 153, 22);
INSERT INTO Ocorrencia(OcorrenciaID, DataInicio, DataFim, Paciente, Doenca) VALUES (394, "22/1/1971 12:9:26", "24/3/1972 13:24:32", 265, 193);
INSERT INTO Ocorrencia(OcorrenciaID, DataInicio, DataFim, Paciente, Doenca) VALUES (395, "8/8/1968 9:3:19", "9/9/1970 11:7:29", 134, 185);
INSERT INTO Ocorrencia(OcorrenciaID, DataInicio, DataFim, Paciente, Doenca) VALUES (396, "23/2/1960 10:15:5", "26/3/1960 12:15:10", 251, 204);
INSERT INTO Ocorrencia(OcorrenciaID, DataInicio, DataFim, Paciente, Doenca) VALUES (397, "3/2/1973 17:14:11", "3/4/1976 18:43:34", 110, 82);
INSERT INTO Ocorrencia(OcorrenciaID, DataInicio, DataFim, Paciente, Doenca) VALUES (398, "11/5/2013 20:1:3", "13/6/2013 21:9:7", 205, 118);
INSERT INTO Ocorrencia(OcorrenciaID, DataInicio, DataFim, Paciente, Doenca) VALUES (399, "1/8/2003 1:12:4", "4/10/2004 3:24:4", 35, 177);
INSERT INTO Ocorrencia(OcorrenciaID, DataInicio, DataFim, Paciente, Doenca) VALUES (400, "4/10/1988 2:27:14", "4/10/1989 3:30:36", 251, 165);
INSERT INTO Ocorrencia(OcorrenciaID, DataInicio, DataFim, Paciente, Doenca) VALUES (401, "15/10/2000 0:21:22", "16/10/2001 2:29:52", 263, 167);
INSERT INTO Ocorrencia(OcorrenciaID, DataInicio, DataFim, Paciente, Doenca) VALUES (402, "10/8/1966 16:29:19", "11/9/1967 17:58:30", 295, 58);
INSERT INTO Ocorrencia(OcorrenciaID, DataInicio, DataFim, Paciente, Doenca) VALUES (403, "22/7/2009 12:24:15", "23/7/2009 13:47:15", 27, 7);
INSERT INTO Ocorrencia(OcorrenciaID, DataInicio, DataFim, Paciente, Doenca) VALUES (404, "21/5/2004 8:29:23", "22/7/2007 10:44:37", 294, 199);
INSERT INTO Ocorrencia(OcorrenciaID, DataInicio, DataFim, Paciente, Doenca) VALUES (405, "5/6/1989 21:25:27", "7/6/1991 22:38:35", 44, 121);
INSERT INTO Ocorrencia(OcorrenciaID, DataInicio, DataFim, Paciente, Doenca) VALUES (406, "14/2/1991 19:26:16", "16/2/1992 20:54:37", 142, 13);
INSERT INTO Ocorrencia(OcorrenciaID, DataInicio, DataFim, Paciente, Doenca) VALUES (407, "24/9/1988 13:3:27", "24/11/1989 15:9:48", 97, 38);
INSERT INTO Ocorrencia(OcorrenciaID, DataInicio, DataFim, Paciente, Doenca) VALUES (408, "25/10/2016 10:22:17", "28/10/2018 12:22:26", 241, 41);
INSERT INTO Ocorrencia(OcorrenciaID, DataInicio, DataFim, Paciente, Doenca) VALUES (409, "3/4/1972 4:17:5", "4/5/1972 5:46:11", 123, 117);
INSERT INTO Ocorrencia(OcorrenciaID, DataInicio, DataFim, Paciente, Doenca) VALUES (410, "14/10/1974 14:8:0", "15/10/1975 15:35:26", 299, 109);
INSERT INTO Ocorrencia(OcorrenciaID, DataInicio, DataFim, Paciente, Doenca) VALUES (411, "15/2/1966 0:19:23", "17/4/1968 2:46:25", 52, 26);
INSERT INTO Ocorrencia(OcorrenciaID, DataInicio, DataFim, Paciente, Doenca) VALUES (412, "6/5/1995 21:13:23", "9/7/1995 23:39:49", 297, 17);
INSERT INTO Ocorrencia(OcorrenciaID, DataInicio, DataFim, Paciente, Doenca) VALUES (413, "14/4/1963 8:6:9", "14/6/1965 10:35:36", 255, 84);
INSERT INTO Ocorrencia(OcorrenciaID, DataInicio, DataFim, Paciente, Doenca) VALUES (414, "6/3/2012 20:7:8", "6/3/2014 22:30:16", 72, 158);
INSERT INTO Ocorrencia(OcorrenciaID, DataInicio, DataFim, Paciente, Doenca) VALUES (415, "25/9/2018 6:13:2", "26/11/2019 7:37:6", 78, 37);
INSERT INTO Ocorrencia(OcorrenciaID, DataInicio, DataFim, Paciente, Doenca) VALUES (416, "13/4/1967 16:18:19", "15/5/1968 18:30:46", 35, 186);
INSERT INTO Ocorrencia(OcorrenciaID, DataInicio, DataFim, Paciente, Doenca) VALUES (417, "3/7/1969 6:16:24", "3/9/1970 8:20:30", 225, 27);
INSERT INTO Ocorrencia(OcorrenciaID, DataInicio, DataFim, Paciente, Doenca) VALUES (418, "24/3/2008 5:8:8", "25/4/2009 6:11:23", 16, 104);
INSERT INTO Ocorrencia(OcorrenciaID, DataInicio, DataFim, Paciente, Doenca) VALUES (419, "23/8/1983 8:28:24", "24/8/1986 9:28:51", 8, 92);
INSERT INTO Ocorrencia(OcorrenciaID, DataInicio, DataFim, Paciente, Doenca) VALUES (420, "5/1/2015 1:23:5", "5/2/2017 2:46:24", 6, 185);
INSERT INTO Ocorrencia(OcorrenciaID, DataInicio, DataFim, Paciente, Doenca) VALUES (421, "21/5/2015 2:10:8", "21/6/2018 4:27:27", 142, 177);
INSERT INTO Ocorrencia(OcorrenciaID, DataInicio, DataFim, Paciente, Doenca) VALUES (422, "9/2/1978 12:0:18", "12/3/1978 13:9:19", 18, 11);
INSERT INTO Ocorrencia(OcorrenciaID, DataInicio, DataFim, Paciente, Doenca) VALUES (423, "21/8/2000 14:3:22", "21/9/2003 15:24:41", 67, 90);
INSERT INTO Ocorrencia(OcorrenciaID, DataInicio, DataFim, Paciente, Doenca) VALUES (424, "22/10/1974 4:12:28", "25/12/1974 6:42:46", 245, 132);
INSERT INTO Ocorrencia(OcorrenciaID, DataInicio, DataFim, Paciente, Doenca) VALUES (425, "25/10/1983 10:18:2", "27/11/1986 12:26:18", 213, 223);
INSERT INTO Ocorrencia(OcorrenciaID, DataInicio, DataFim, Paciente, Doenca) VALUES (426, "15/1/1979 14:5:14", "16/2/1979 16:11:31", 200, 10);
INSERT INTO Ocorrencia(OcorrenciaID, DataInicio, DataFim, Paciente, Doenca) VALUES (427, "24/1/1970 3:10:20", "27/2/1973 5:20:22", 186, 230);
INSERT INTO Ocorrencia(OcorrenciaID, DataInicio, DataFim, Paciente, Doenca) VALUES (428, "1/10/1980 19:0:4", "3/10/1981 20:29:15", 228, 191);
INSERT INTO Ocorrencia(OcorrenciaID, DataInicio, DataFim, Paciente, Doenca) VALUES (429, "14/5/1991 8:18:2", "14/5/1994 9:19:14", 157, 19);
INSERT INTO Ocorrencia(OcorrenciaID, DataInicio, DataFim, Paciente, Doenca) VALUES (430, "6/6/1977 16:5:17", "8/7/1979 18:11:39", 246, 190);
INSERT INTO Ocorrencia(OcorrenciaID, DataInicio, DataFim, Paciente, Doenca) VALUES (431, "2/1/1985 9:7:25", "3/1/1987 11:35:38", 125, 2);
INSERT INTO Ocorrencia(OcorrenciaID, DataInicio, DataFim, Paciente, Doenca) VALUES (432, "8/7/2014 4:12:18", "11/9/2017 5:32:47", 264, 51);
INSERT INTO Ocorrencia(OcorrenciaID, DataInicio, DataFim, Paciente, Doenca) VALUES (433, "4/1/1964 19:11:11", "6/1/1966 20:25:37", 293, 132);
INSERT INTO Ocorrencia(OcorrenciaID, DataInicio, DataFim, Paciente, Doenca) VALUES (434, "11/5/1972 5:6:1", "14/6/1975 7:34:2", 171, 208);
INSERT INTO Ocorrencia(OcorrenciaID, DataInicio, DataFim, Paciente, Doenca) VALUES (435, "7/7/1968 2:3:21", "8/9/1968 4:4:35", 116, 176);
INSERT INTO Ocorrencia(OcorrenciaID, DataInicio, DataFim, Paciente, Doenca) VALUES (436, "21/5/2001 7:26:22", "22/6/2001 8:53:29", 105, 117);
INSERT INTO Ocorrencia(OcorrenciaID, DataInicio, DataFim, Paciente, Doenca) VALUES (437, "11/5/1978 2:25:7", "14/6/1979 4:31:12", 103, 85);
INSERT INTO Ocorrencia(OcorrenciaID, DataInicio, DataFim, Paciente, Doenca) VALUES (438, "15/3/1984 1:8:18", "18/3/1986 2:17:30", 195, 105);
INSERT INTO Ocorrencia(OcorrenciaID, DataInicio, DataFim, Paciente, Doenca) VALUES (439, "11/9/2015 3:3:28", "14/10/2016 5:21:53", 126, 188);
INSERT INTO Ocorrencia(OcorrenciaID, DataInicio, DataFim, Paciente, Doenca) VALUES (440, "2/8/1997 1:16:19", "2/10/1999 2:34:23", 132, 18);
INSERT INTO Ocorrencia(OcorrenciaID, DataInicio, DataFim, Paciente, Doenca) VALUES (441, "13/10/1963 10:6:8", "13/11/1963 12:19:18", 196, 10);
INSERT INTO Ocorrencia(OcorrenciaID, DataInicio, DataFim, Paciente, Doenca) VALUES (442, "17/5/2013 20:12:11", "17/6/2015 21:36:20", 48, 180);
INSERT INTO Ocorrencia(OcorrenciaID, DataInicio, DataFim, Paciente, Doenca) VALUES (443, "9/6/1968 2:16:20", "12/8/1968 3:20:21", 292, 182);
INSERT INTO Ocorrencia(OcorrenciaID, DataInicio, DataFim, Paciente, Doenca) VALUES (444, "22/8/1967 10:9:15", "25/8/1968 12:24:37", 59, 36);
INSERT INTO Ocorrencia(OcorrenciaID, DataInicio, DataFim, Paciente, Doenca) VALUES (445, "19/8/2012 17:21:21", "20/8/2015 18:31:45", 298, 105);
INSERT INTO Ocorrencia(OcorrenciaID, DataInicio, DataFim, Paciente, Doenca) VALUES (446, "6/7/1991 13:11:7", "8/8/1993 15:13:12", 39, 7);
INSERT INTO Ocorrencia(OcorrenciaID, DataInicio, DataFim, Paciente, Doenca) VALUES (447, "8/6/2006 1:11:18", "8/7/2009 3:18:33", 51, 175);
INSERT INTO Ocorrencia(OcorrenciaID, DataInicio, DataFim, Paciente, Doenca) VALUES (448, "6/5/2014 20:27:12", "9/5/2014 22:56:22", 2, 213);
INSERT INTO Ocorrencia(OcorrenciaID, DataInicio, DataFim, Paciente, Doenca) VALUES (449, "7/3/1962 6:26:24", "8/5/1964 8:33:45", 107, 107);
INSERT INTO Ocorrencia(OcorrenciaID, DataInicio, DataFim, Paciente, Doenca) VALUES (450, "9/3/2007 6:29:12", "11/5/2009 8:37:37", 243, 232);
INSERT INTO Ocorrencia(OcorrenciaID, DataInicio, DataFim, Paciente, Doenca) VALUES (451, "20/10/1963 19:3:14", "21/12/1963 20:4:39", 216, 33);
INSERT INTO Ocorrencia(OcorrenciaID, DataInicio, DataFim, Paciente, Doenca) VALUES (452, "8/10/1994 3:20:7", "11/11/1994 4:26:36", 140, 112);
INSERT INTO Ocorrencia(OcorrenciaID, DataInicio, DataFim, Paciente, Doenca) VALUES (453, "16/4/2015 7:19:7", "18/5/2018 9:34:35", 198, 210);
INSERT INTO Ocorrencia(OcorrenciaID, DataInicio, DataFim, Paciente, Doenca) VALUES (454, "17/9/1981 17:28:22", "20/11/1983 18:34:30", 291, 142);
INSERT INTO Ocorrencia(OcorrenciaID, DataInicio, DataFim, Paciente, Doenca) VALUES (455, "13/5/2013 10:26:0", "16/5/2013 12:33:12", 55, 151);
INSERT INTO Ocorrencia(OcorrenciaID, DataInicio, DataFim, Paciente, Doenca) VALUES (456, "9/3/2015 7:28:19", "10/3/2017 8:42:33", 28, 34);
INSERT INTO Ocorrencia(OcorrenciaID, DataInicio, DataFim, Paciente, Doenca) VALUES (457, "13/4/1975 19:2:2", "14/4/1978 21:18:23", 3, 156);
INSERT INTO Ocorrencia(OcorrenciaID, DataInicio, DataFim, Paciente, Doenca) VALUES (458, "7/4/2017 15:5:27", "7/4/2020 17:9:48", 289, 54);
INSERT INTO Ocorrencia(OcorrenciaID, DataInicio, DataFim, Paciente, Doenca) VALUES (459, "9/4/1990 1:8:9", "10/5/1992 3:27:35", 171, 42);
INSERT INTO Ocorrencia(OcorrenciaID, DataInicio, DataFim, Paciente, Doenca) VALUES (460, "15/10/1984 11:15:19", "17/10/1987 13:44:32", 3, 209);
INSERT INTO Ocorrencia(OcorrenciaID, DataInicio, DataFim, Paciente, Doenca) VALUES (461, "15/6/2002 12:24:26", "18/7/2003 14:41:31", 86, 59);
INSERT INTO Ocorrencia(OcorrenciaID, DataInicio, DataFim, Paciente, Doenca) VALUES (462, "19/10/2001 17:17:19", "19/12/2003 19:39:36", 127, 112);
INSERT INTO Ocorrencia(OcorrenciaID, DataInicio, DataFim, Paciente, Doenca) VALUES (463, "22/3/1964 0:3:26", "23/3/1965 1:26:34", 134, 86);
INSERT INTO Ocorrencia(OcorrenciaID, DataInicio, DataFim, Paciente, Doenca) VALUES (464, "16/2/1989 8:23:9", "16/4/1991 9:36:28", 231, 47);
INSERT INTO Ocorrencia(OcorrenciaID, DataInicio, DataFim, Paciente, Doenca) VALUES (465, "2/7/2013 2:24:22", "5/9/2014 3:40:27", 200, 222);
INSERT INTO Ocorrencia(OcorrenciaID, DataInicio, DataFim, Paciente, Doenca) VALUES (466, "2/3/1993 3:11:19", "4/4/1995 5:25:41", 180, 89);
INSERT INTO Ocorrencia(OcorrenciaID, DataInicio, DataFim, Paciente, Doenca) VALUES (467, "3/7/2018 6:20:20", "4/8/2020 7:42:26", 110, 35);
INSERT INTO Ocorrencia(OcorrenciaID, DataInicio, DataFim, Paciente, Doenca) VALUES (468, "25/7/2006 20:9:13", "27/8/2006 21:11:29", 67, 13);
INSERT INTO Ocorrencia(OcorrenciaID, DataInicio, DataFim, Paciente, Doenca) VALUES (469, "16/6/1995 7:16:15", "17/7/1997 8:18:18", 122, 198);
INSERT INTO Ocorrencia(OcorrenciaID, DataInicio, DataFim, Paciente, Doenca) VALUES (470, "23/10/1994 16:2:29", "23/10/1995 18:31:34", 232, 227);
INSERT INTO Ocorrencia(OcorrenciaID, DataInicio, DataFim, Paciente, Doenca) VALUES (471, "15/9/1988 17:16:11", "15/10/1988 19:24:23", 49, 49);
INSERT INTO Ocorrencia(OcorrenciaID, DataInicio, DataFim, Paciente, Doenca) VALUES (472, "18/3/2004 12:1:0", "21/5/2005 14:24:12", 276, 58);
INSERT INTO Ocorrencia(OcorrenciaID, DataInicio, DataFim, Paciente, Doenca) VALUES (473, "10/8/1971 0:13:25", "10/10/1971 1:41:39", 192, 24);
INSERT INTO Ocorrencia(OcorrenciaID, DataInicio, DataFim, Paciente, Doenca) VALUES (474, "19/8/2001 4:3:9", "22/9/2003 5:23:38", 232, 125);
INSERT INTO Ocorrencia(OcorrenciaID, DataInicio, DataFim, Paciente, Doenca) VALUES (475, "15/8/2013 12:21:25", "16/8/2013 14:34:54", 268, 184);
INSERT INTO Ocorrencia(OcorrenciaID, DataInicio, DataFim, Paciente, Doenca) VALUES (476, "5/6/1981 12:16:12", "6/7/1982 14:40:14", 188, 25);
INSERT INTO Ocorrencia(OcorrenciaID, DataInicio, DataFim, Paciente, Doenca) VALUES (477, "15/6/1962 8:23:23", "17/6/1964 9:32:52", 297, 188);
INSERT INTO Ocorrencia(OcorrenciaID, DataInicio, DataFim, Paciente, Doenca) VALUES (478, "5/4/1999 18:12:8", "8/4/1999 20:12:28", 211, 162);
INSERT INTO Ocorrencia(OcorrenciaID, DataInicio, DataFim, Paciente, Doenca) VALUES (479, "5/2/1984 18:9:25", "7/2/1985 19:21:32", 157, 57);
INSERT INTO Ocorrencia(OcorrenciaID, DataInicio, DataFim, Paciente, Doenca) VALUES (480, "8/5/1961 11:17:0", "8/7/1964 13:38:24", 132, 35);
INSERT INTO Ocorrencia(OcorrenciaID, DataInicio, DataFim, Paciente, Doenca) VALUES (481, "12/7/1961 1:26:1", "12/9/1964 3:38:8", 35, 47);
INSERT INTO Ocorrencia(OcorrenciaID, DataInicio, DataFim, Paciente, Doenca) VALUES (482, "20/2/1960 16:25:15", "20/2/1963 18:34:43", 229, 57);
INSERT INTO Ocorrencia(OcorrenciaID, DataInicio, DataFim, Paciente, Doenca) VALUES (483, "20/1/1992 13:10:15", "20/3/1993 15:39:18", 94, 151);
INSERT INTO Ocorrencia(OcorrenciaID, DataInicio, DataFim, Paciente, Doenca) VALUES (484, "15/3/1986 21:1:29", "16/4/1987 22:3:39", 129, 178);
INSERT INTO Ocorrencia(OcorrenciaID, DataInicio, DataFim, Paciente, Doenca) VALUES (485, "24/9/1999 11:11:18", "27/11/1999 13:18:47", 129, 186);
INSERT INTO Ocorrencia(OcorrenciaID, DataInicio, DataFim, Paciente, Doenca) VALUES (486, "15/4/2008 19:7:22", "15/4/2011 20:15:26", 31, 69);
INSERT INTO Ocorrencia(OcorrenciaID, DataInicio, DataFim, Paciente, Doenca) VALUES (487, "2/10/1982 19:21:14", "4/12/1985 21:44:17", 124, 226);
INSERT INTO Ocorrencia(OcorrenciaID, DataInicio, DataFim, Paciente, Doenca) VALUES (488, "12/9/1985 11:0:19", "14/10/1988 12:20:22", 167, 142);
INSERT INTO Ocorrencia(OcorrenciaID, DataInicio, DataFim, Paciente, Doenca) VALUES (489, "18/3/1997 8:25:7", "19/5/1998 9:32:36", 229, 175);
INSERT INTO Ocorrencia(OcorrenciaID, DataInicio, DataFim, Paciente, Doenca) VALUES (490, "1/3/2018 10:28:24", "3/3/2018 12:40:26", 287, 100);
INSERT INTO Ocorrencia(OcorrenciaID, DataInicio, DataFim, Paciente, Doenca) VALUES (491, "23/8/2014 5:29:20", "24/8/2014 7:49:20", 86, 220);
INSERT INTO Ocorrencia(OcorrenciaID, DataInicio, DataFim, Paciente, Doenca) VALUES (492, "24/4/1972 1:9:11", "26/4/1973 3:29:24", 161, 2);
INSERT INTO Ocorrencia(OcorrenciaID, DataInicio, DataFim, Paciente, Doenca) VALUES (493, "15/7/1993 3:11:19", "15/7/1994 5:25:48", 126, 139);
INSERT INTO Ocorrencia(OcorrenciaID, DataInicio, DataFim, Paciente, Doenca) VALUES (494, "15/7/2018 20:9:12", "18/8/2021 22:17:31", 109, 71);
INSERT INTO Ocorrencia(OcorrenciaID, DataInicio, DataFim, Paciente, Doenca) VALUES (495, "15/7/1975 9:18:5", "16/7/1978 11:30:15", 104, 3);
INSERT INTO Ocorrencia(OcorrenciaID, DataInicio, DataFim, Paciente, Doenca) VALUES (496, "12/10/2006 20:3:23", "12/10/2006 21:19:36", 116, 169);
INSERT INTO Ocorrencia(OcorrenciaID, DataInicio, DataFim, Paciente, Doenca) VALUES (497, "12/7/1976 15:21:1", "14/7/1977 17:47:23", 34, 220);
INSERT INTO Ocorrencia(OcorrenciaID, DataInicio, DataFim, Paciente, Doenca) VALUES (498, "19/9/1976 5:1:3", "22/9/1976 6:10:32", 5, 181);
INSERT INTO Ocorrencia(OcorrenciaID, DataInicio, DataFim, Paciente, Doenca) VALUES (499, "7/6/1963 11:14:26", "7/7/1965 13:36:44", 267, 77);
INSERT INTO Ocorrencia(OcorrenciaID, DataInicio, DataFim, Paciente, Doenca) VALUES (500, "23/5/1999 12:24:0", "23/7/1999 13:41:19", 125, 138);

-- Nurse Intervention
INSERT INTO Evento(EventoID,Descricao, Data, Admissao, Quarto) VALUES (1, "descricao","20/6/1995 2:43:9" ,351, 199);
INSERT INTO Intervencao( EventoID, Descricao) VALUES (1,"descricao");
INSERT INTO EnfermeiroInterv( EnfermeiroID, IntervID) VALUES (8214,1);
INSERT INTO Evento(EventoID,Descricao, Data, Admissao, Quarto) VALUES (2, "descricao","7/1/1970 3:47:6" ,54, 238);
INSERT INTO Intervencao( EventoID, Descricao) VALUES (2,"descricao");
INSERT INTO EnfermeiroInterv( EnfermeiroID, IntervID) VALUES (6590,2);
INSERT INTO Evento(EventoID,Descricao, Data, Admissao, Quarto) VALUES (3, "descricao","24/5/2018 17:6:31" ,376, 140);
INSERT INTO Intervencao( EventoID, Descricao) VALUES (3,"descricao");
INSERT INTO EnfermeiroInterv( EnfermeiroID, IntervID) VALUES (8349,3);
INSERT INTO Evento(EventoID,Descricao, Data, Admissao, Quarto) VALUES (4, "descricao","5/2/2017 9:4:42" ,243, 123);
INSERT INTO Intervencao( EventoID, Descricao) VALUES (4,"descricao");
INSERT INTO EnfermeiroInterv( EnfermeiroID, IntervID) VALUES (4731,4);
INSERT INTO Evento(EventoID,Descricao, Data, Admissao, Quarto) VALUES (5, "descricao","7/7/2015 10:42:22" ,184, 199);
INSERT INTO Intervencao( EventoID, Descricao) VALUES (5,"descricao");
INSERT INTO EnfermeiroInterv( EnfermeiroID, IntervID) VALUES (8207,5);
INSERT INTO Evento(EventoID,Descricao, Data, Admissao, Quarto) VALUES (6, "descricao","21/2/1970 12:14:12" ,40, 214);
INSERT INTO Intervencao( EventoID, Descricao) VALUES (6,"descricao");
INSERT INTO EnfermeiroInterv( EnfermeiroID, IntervID) VALUES (8214,6);
INSERT INTO Evento(EventoID,Descricao, Data, Admissao, Quarto) VALUES (7, "descricao","20/6/2004 5:3:53" ,449, 119);
INSERT INTO Intervencao( EventoID, Descricao) VALUES (7,"descricao");
INSERT INTO EnfermeiroInterv( EnfermeiroID, IntervID) VALUES (2385,7);
INSERT INTO Evento(EventoID,Descricao, Data, Admissao, Quarto) VALUES (8, "descricao","7/2/1976 19:10:0" ,390, 192);
INSERT INTO Intervencao( EventoID, Descricao) VALUES (8,"descricao");
INSERT INTO EnfermeiroInterv( EnfermeiroID, IntervID) VALUES (5193,8);
INSERT INTO Evento(EventoID,Descricao, Data, Admissao, Quarto) VALUES (9, "descricao","7/12/2007 16:9:58" ,145, 129);
INSERT INTO Intervencao( EventoID, Descricao) VALUES (9,"descricao");
INSERT INTO EnfermeiroInterv( EnfermeiroID, IntervID) VALUES (8349,9);
INSERT INTO Evento(EventoID,Descricao, Data, Admissao, Quarto) VALUES (10, "descricao","10/10/1971 11:27:34" ,473, 109);
INSERT INTO Intervencao( EventoID, Descricao) VALUES (10,"descricao");
INSERT INTO EnfermeiroInterv( EnfermeiroID, IntervID) VALUES (3279,10);
INSERT INTO Evento(EventoID,Descricao, Data, Admissao, Quarto) VALUES (11, "descricao","18/1/2002 16:32:49" ,268, 130);
INSERT INTO Intervencao( EventoID, Descricao) VALUES (11,"descricao");
INSERT INTO EnfermeiroInterv( EnfermeiroID, IntervID) VALUES (2385,11);
INSERT INTO Evento(EventoID,Descricao, Data, Admissao, Quarto) VALUES (12, "descricao","20/8/1988 17:34:40" ,475, 134);
INSERT INTO Intervencao( EventoID, Descricao) VALUES (12,"descricao");
INSERT INTO EnfermeiroInterv( EnfermeiroID, IntervID) VALUES (3126,12);
INSERT INTO Evento(EventoID,Descricao, Data, Admissao, Quarto) VALUES (13, "descricao","7/8/1981 14:10:40" ,418, 197);
INSERT INTO Intervencao( EventoID, Descricao) VALUES (13,"descricao");
INSERT INTO EnfermeiroInterv( EnfermeiroID, IntervID) VALUES (4001,13);
INSERT INTO Evento(EventoID,Descricao, Data, Admissao, Quarto) VALUES (14, "descricao","16/9/1980 13:51:30" ,110, 248);
INSERT INTO Intervencao( EventoID, Descricao) VALUES (14,"descricao");
INSERT INTO EnfermeiroInterv( EnfermeiroID, IntervID) VALUES (6171,14);
INSERT INTO Evento(EventoID,Descricao, Data, Admissao, Quarto) VALUES (15, "descricao","14/3/1998 0:19:40" ,301, 110);
INSERT INTO Intervencao( EventoID, Descricao) VALUES (15,"descricao");
INSERT INTO EnfermeiroInterv( EnfermeiroID, IntervID) VALUES (5930,15);
INSERT INTO Evento(EventoID,Descricao, Data, Admissao, Quarto) VALUES (16, "descricao","9/8/1976 22:22:58" ,379, 109);
INSERT INTO Intervencao( EventoID, Descricao) VALUES (16,"descricao");
INSERT INTO EnfermeiroInterv( EnfermeiroID, IntervID) VALUES (5286,16);
INSERT INTO Evento(EventoID,Descricao, Data, Admissao, Quarto) VALUES (17, "descricao","8/4/2003 15:26:28" ,97, 193);
INSERT INTO Intervencao( EventoID, Descricao) VALUES (17,"descricao");
INSERT INTO EnfermeiroInterv( EnfermeiroID, IntervID) VALUES (1178,17);
INSERT INTO Evento(EventoID,Descricao, Data, Admissao, Quarto) VALUES (18, "descricao","20/12/2002 13:24:23" ,5, 243);
INSERT INTO Intervencao( EventoID, Descricao) VALUES (18,"descricao");
INSERT INTO EnfermeiroInterv( EnfermeiroID, IntervID) VALUES (5286,18);
INSERT INTO Evento(EventoID,Descricao, Data, Admissao, Quarto) VALUES (19, "descricao","3/4/1990 11:9:17" ,300, 226);
INSERT INTO Intervencao( EventoID, Descricao) VALUES (19,"descricao");
INSERT INTO EnfermeiroInterv( EnfermeiroID, IntervID) VALUES (9267,19);
INSERT INTO Evento(EventoID,Descricao, Data, Admissao, Quarto) VALUES (20, "descricao","1/11/2009 22:41:55" ,20, 116);
INSERT INTO Intervencao( EventoID, Descricao) VALUES (20,"descricao");
INSERT INTO EnfermeiroInterv( EnfermeiroID, IntervID) VALUES (7462,20);
INSERT INTO Evento(EventoID,Descricao, Data, Admissao, Quarto) VALUES (21, "descricao","7/6/1965 9:17:1" ,382, 142);
INSERT INTO Intervencao( EventoID, Descricao) VALUES (21,"descricao");
INSERT INTO EnfermeiroInterv( EnfermeiroID, IntervID) VALUES (9267,21);
INSERT INTO Evento(EventoID,Descricao, Data, Admissao, Quarto) VALUES (22, "descricao","7/12/1994 1:6:39" ,409, 104);
INSERT INTO Intervencao( EventoID, Descricao) VALUES (22,"descricao");
INSERT INTO EnfermeiroInterv( EnfermeiroID, IntervID) VALUES (8158,22);
INSERT INTO Evento(EventoID,Descricao, Data, Admissao, Quarto) VALUES (23, "descricao","10/4/2011 7:16:22" ,29, 114);
INSERT INTO Intervencao( EventoID, Descricao) VALUES (23,"descricao");
INSERT INTO EnfermeiroInterv( EnfermeiroID, IntervID) VALUES (8214,23);
INSERT INTO Evento(EventoID,Descricao, Data, Admissao, Quarto) VALUES (24, "descricao","15/6/2006 23:43:49" ,431, 144);
INSERT INTO Intervencao( EventoID, Descricao) VALUES (24,"descricao");
INSERT INTO EnfermeiroInterv( EnfermeiroID, IntervID) VALUES (8385,24);
INSERT INTO Evento(EventoID,Descricao, Data, Admissao, Quarto) VALUES (25, "descricao","9/2/2000 21:17:38" ,227, 158);
INSERT INTO Intervencao( EventoID, Descricao) VALUES (25,"descricao");
INSERT INTO EnfermeiroInterv( EnfermeiroID, IntervID) VALUES (4408,25);
INSERT INTO Evento(EventoID,Descricao, Data, Admissao, Quarto) VALUES (26, "descricao","3/12/1967 16:38:5" ,338, 192);
INSERT INTO Intervencao( EventoID, Descricao) VALUES (26,"descricao");
INSERT INTO EnfermeiroInterv( EnfermeiroID, IntervID) VALUES (4511,26);
INSERT INTO Evento(EventoID,Descricao, Data, Admissao, Quarto) VALUES (27, "descricao","4/2/1962 0:32:2" ,463, 166);
INSERT INTO Intervencao( EventoID, Descricao) VALUES (27,"descricao");
INSERT INTO EnfermeiroInterv( EnfermeiroID, IntervID) VALUES (3126,27);
INSERT INTO Evento(EventoID,Descricao, Data, Admissao, Quarto) VALUES (28, "descricao","28/1/1970 22:24:17" ,251, 107);
INSERT INTO Intervencao( EventoID, Descricao) VALUES (28,"descricao");
INSERT INTO EnfermeiroInterv( EnfermeiroID, IntervID) VALUES (3006,28);
INSERT INTO Evento(EventoID,Descricao, Data, Admissao, Quarto) VALUES (29, "descricao","9/6/2002 19:56:49" ,209, 131);
INSERT INTO Intervencao( EventoID, Descricao) VALUES (29,"descricao");
INSERT INTO EnfermeiroInterv( EnfermeiroID, IntervID) VALUES (8750,29);
INSERT INTO Evento(EventoID,Descricao, Data, Admissao, Quarto) VALUES (30, "descricao","9/8/1981 13:17:46" ,25, 123);
INSERT INTO Intervencao( EventoID, Descricao) VALUES (30,"descricao");
INSERT INTO EnfermeiroInterv( EnfermeiroID, IntervID) VALUES (4623,30);
INSERT INTO Evento(EventoID,Descricao, Data, Admissao, Quarto) VALUES (31, "descricao","22/4/2019 15:53:10" ,484, 107);
INSERT INTO Intervencao( EventoID, Descricao) VALUES (31,"descricao");
INSERT INTO EnfermeiroInterv( EnfermeiroID, IntervID) VALUES (9911,31);
INSERT INTO Evento(EventoID,Descricao, Data, Admissao, Quarto) VALUES (32, "descricao","5/4/1980 16:27:11" ,159, 150);
INSERT INTO Intervencao( EventoID, Descricao) VALUES (32,"descricao");
INSERT INTO EnfermeiroInterv( EnfermeiroID, IntervID) VALUES (3364,32);
INSERT INTO Evento(EventoID,Descricao, Data, Admissao, Quarto) VALUES (33, "descricao","28/10/1965 16:54:51" ,164, 117);
INSERT INTO Intervencao( EventoID, Descricao) VALUES (33,"descricao");
INSERT INTO EnfermeiroInterv( EnfermeiroID, IntervID) VALUES (4001,33);
INSERT INTO Evento(EventoID,Descricao, Data, Admissao, Quarto) VALUES (34, "descricao","18/9/1972 18:51:33" ,60, 141);
INSERT INTO Intervencao( EventoID, Descricao) VALUES (34,"descricao");
INSERT INTO EnfermeiroInterv( EnfermeiroID, IntervID) VALUES (6604,34);
INSERT INTO Evento(EventoID,Descricao, Data, Admissao, Quarto) VALUES (35, "descricao","18/11/2005 2:24:37" ,469, 143);
INSERT INTO Intervencao( EventoID, Descricao) VALUES (35,"descricao");
INSERT INTO EnfermeiroInterv( EnfermeiroID, IntervID) VALUES (4623,35);
INSERT INTO Evento(EventoID,Descricao, Data, Admissao, Quarto) VALUES (36, "descricao","26/7/1996 21:47:14" ,245, 230);
INSERT INTO Intervencao( EventoID, Descricao) VALUES (36,"descricao");
INSERT INTO EnfermeiroInterv( EnfermeiroID, IntervID) VALUES (3279,36);
INSERT INTO Evento(EventoID,Descricao, Data, Admissao, Quarto) VALUES (37, "descricao","5/11/1990 16:36:50" ,454, 125);
INSERT INTO Intervencao( EventoID, Descricao) VALUES (37,"descricao");
INSERT INTO EnfermeiroInterv( EnfermeiroID, IntervID) VALUES (4623,37);
INSERT INTO Evento(EventoID,Descricao, Data, Admissao, Quarto) VALUES (38, "descricao","20/2/2009 3:38:43" ,88, 112);
INSERT INTO Intervencao( EventoID, Descricao) VALUES (38,"descricao");
INSERT INTO EnfermeiroInterv( EnfermeiroID, IntervID) VALUES (9714,38);
INSERT INTO Evento(EventoID,Descricao, Data, Admissao, Quarto) VALUES (39, "descricao","16/6/2000 2:1:57" ,414, 147);
INSERT INTO Intervencao( EventoID, Descricao) VALUES (39,"descricao");
INSERT INTO EnfermeiroInterv( EnfermeiroID, IntervID) VALUES (4415,39);
INSERT INTO Evento(EventoID,Descricao, Data, Admissao, Quarto) VALUES (40, "descricao","26/4/1973 8:23:2" ,353, 110);
INSERT INTO Intervencao( EventoID, Descricao) VALUES (40,"descricao");
INSERT INTO EnfermeiroInterv( EnfermeiroID, IntervID) VALUES (8207,40);
INSERT INTO Evento(EventoID,Descricao, Data, Admissao, Quarto) VALUES (41, "descricao","5/6/1961 20:58:39" ,238, 100);
INSERT INTO Intervencao( EventoID, Descricao) VALUES (41,"descricao");
INSERT INTO EnfermeiroInterv( EnfermeiroID, IntervID) VALUES (8255,41);
INSERT INTO Evento(EventoID,Descricao, Data, Admissao, Quarto) VALUES (42, "descricao","25/8/2013 7:43:39" ,330, 163);
INSERT INTO Intervencao( EventoID, Descricao) VALUES (42,"descricao");
INSERT INTO EnfermeiroInterv( EnfermeiroID, IntervID) VALUES (5722,42);
INSERT INTO Evento(EventoID,Descricao, Data, Admissao, Quarto) VALUES (43, "descricao","13/7/2017 18:45:26" ,79, 249);
INSERT INTO Intervencao( EventoID, Descricao) VALUES (43,"descricao");
INSERT INTO EnfermeiroInterv( EnfermeiroID, IntervID) VALUES (9911,43);
INSERT INTO Evento(EventoID,Descricao, Data, Admissao, Quarto) VALUES (44, "descricao","6/3/2005 7:22:53" ,41, 155);
INSERT INTO Intervencao( EventoID, Descricao) VALUES (44,"descricao");
INSERT INTO EnfermeiroInterv( EnfermeiroID, IntervID) VALUES (8750,44);
INSERT INTO Evento(EventoID,Descricao, Data, Admissao, Quarto) VALUES (45, "descricao","10/1/1975 0:24:44" ,392, 163);
INSERT INTO Intervencao( EventoID, Descricao) VALUES (45,"descricao");
INSERT INTO EnfermeiroInterv( EnfermeiroID, IntervID) VALUES (7959,45);
INSERT INTO Evento(EventoID,Descricao, Data, Admissao, Quarto) VALUES (46, "descricao","16/4/2002 23:7:36" ,226, 160);
INSERT INTO Intervencao( EventoID, Descricao) VALUES (46,"descricao");
INSERT INTO EnfermeiroInterv( EnfermeiroID, IntervID) VALUES (9031,46);
INSERT INTO Evento(EventoID,Descricao, Data, Admissao, Quarto) VALUES (47, "descricao","25/9/1967 22:27:51" ,409, 102);
INSERT INTO Intervencao( EventoID, Descricao) VALUES (47,"descricao");
INSERT INTO EnfermeiroInterv( EnfermeiroID, IntervID) VALUES (3740,47);
INSERT INTO Evento(EventoID,Descricao, Data, Admissao, Quarto) VALUES (48, "descricao","18/5/2000 0:28:50" ,73, 139);
INSERT INTO Intervencao( EventoID, Descricao) VALUES (48,"descricao");
INSERT INTO EnfermeiroInterv( EnfermeiroID, IntervID) VALUES (5585,48);
INSERT INTO Evento(EventoID,Descricao, Data, Admissao, Quarto) VALUES (49, "descricao","25/9/1986 18:55:39" ,370, 214);
INSERT INTO Intervencao( EventoID, Descricao) VALUES (49,"descricao");
INSERT INTO EnfermeiroInterv( EnfermeiroID, IntervID) VALUES (9145,49);
INSERT INTO Evento(EventoID,Descricao, Data, Admissao, Quarto) VALUES (50, "descricao","4/2/1963 11:47:22" ,465, 103);
INSERT INTO Intervencao( EventoID, Descricao) VALUES (50,"descricao");
INSERT INTO EnfermeiroInterv( EnfermeiroID, IntervID) VALUES (3297,50);
INSERT INTO Evento(EventoID,Descricao, Data, Admissao, Quarto) VALUES (51, "descricao","24/10/1996 19:13:20" ,305, 143);
INSERT INTO Intervencao( EventoID, Descricao) VALUES (51,"descricao");
INSERT INTO EnfermeiroInterv( EnfermeiroID, IntervID) VALUES (8385,51);
INSERT INTO Evento(EventoID,Descricao, Data, Admissao, Quarto) VALUES (52, "descricao","2/10/1983 2:10:3" ,268, 177);
INSERT INTO Intervencao( EventoID, Descricao) VALUES (52,"descricao");
INSERT INTO EnfermeiroInterv( EnfermeiroID, IntervID) VALUES (9744,52);
INSERT INTO Evento(EventoID,Descricao, Data, Admissao, Quarto) VALUES (53, "descricao","23/1/2001 5:49:37" ,311, 129);
INSERT INTO Intervencao( EventoID, Descricao) VALUES (53,"descricao");
INSERT INTO EnfermeiroInterv( EnfermeiroID, IntervID) VALUES (2879,53);
INSERT INTO Evento(EventoID,Descricao, Data, Admissao, Quarto) VALUES (54, "descricao","3/7/2005 20:55:2" ,147, 246);
INSERT INTO Intervencao( EventoID, Descricao) VALUES (54,"descricao");
INSERT INTO EnfermeiroInterv( EnfermeiroID, IntervID) VALUES (9909,54);
INSERT INTO Evento(EventoID,Descricao, Data, Admissao, Quarto) VALUES (55, "descricao","28/10/2011 11:28:53" ,245, 243);
INSERT INTO Intervencao( EventoID, Descricao) VALUES (55,"descricao");
INSERT INTO EnfermeiroInterv( EnfermeiroID, IntervID) VALUES (9267,55);
INSERT INTO Evento(EventoID,Descricao, Data, Admissao, Quarto) VALUES (56, "descricao","21/9/2005 18:40:3" ,272, 180);
INSERT INTO Intervencao( EventoID, Descricao) VALUES (56,"descricao");
INSERT INTO EnfermeiroInterv( EnfermeiroID, IntervID) VALUES (8385,56);
INSERT INTO Evento(EventoID,Descricao, Data, Admissao, Quarto) VALUES (57, "descricao","14/11/1977 8:54:28" ,227, 118);
INSERT INTO Intervencao( EventoID, Descricao) VALUES (57,"descricao");
INSERT INTO EnfermeiroInterv( EnfermeiroID, IntervID) VALUES (5961,57);
INSERT INTO Evento(EventoID,Descricao, Data, Admissao, Quarto) VALUES (58, "descricao","28/9/1984 21:20:41" ,344, 234);
INSERT INTO Intervencao( EventoID, Descricao) VALUES (58,"descricao");
INSERT INTO EnfermeiroInterv( EnfermeiroID, IntervID) VALUES (8214,58);
INSERT INTO Evento(EventoID,Descricao, Data, Admissao, Quarto) VALUES (59, "descricao","21/4/1997 2:3:1" ,413, 212);
INSERT INTO Intervencao( EventoID, Descricao) VALUES (59,"descricao");
INSERT INTO EnfermeiroInterv( EnfermeiroID, IntervID) VALUES (9031,59);
INSERT INTO Evento(EventoID,Descricao, Data, Admissao, Quarto) VALUES (60, "descricao","26/8/1983 16:12:35" ,69, 185);
INSERT INTO Intervencao( EventoID, Descricao) VALUES (60,"descricao");
INSERT INTO EnfermeiroInterv( EnfermeiroID, IntervID) VALUES (6968,60);
INSERT INTO Evento(EventoID,Descricao, Data, Admissao, Quarto) VALUES (61, "descricao","22/4/1983 0:27:51" ,479, 115);
INSERT INTO Intervencao( EventoID, Descricao) VALUES (61,"descricao");
INSERT INTO EnfermeiroInterv( EnfermeiroID, IntervID) VALUES (9911,61);
INSERT INTO Evento(EventoID,Descricao, Data, Admissao, Quarto) VALUES (62, "descricao","28/9/1990 20:8:9" ,158, 237);
INSERT INTO Intervencao( EventoID, Descricao) VALUES (62,"descricao");
INSERT INTO EnfermeiroInterv( EnfermeiroID, IntervID) VALUES (9714,62);
INSERT INTO Evento(EventoID,Descricao, Data, Admissao, Quarto) VALUES (63, "descricao","18/1/1979 21:37:49" ,208, 151);
INSERT INTO Intervencao( EventoID, Descricao) VALUES (63,"descricao");
INSERT INTO EnfermeiroInterv( EnfermeiroID, IntervID) VALUES (7062,63);
INSERT INTO Evento(EventoID,Descricao, Data, Admissao, Quarto) VALUES (64, "descricao","6/1/2013 10:54:5" ,471, 198);
INSERT INTO Intervencao( EventoID, Descricao) VALUES (64,"descricao");
INSERT INTO EnfermeiroInterv( EnfermeiroID, IntervID) VALUES (6134,64);
INSERT INTO Evento(EventoID,Descricao, Data, Admissao, Quarto) VALUES (65, "descricao","22/1/1979 0:37:3" ,329, 225);
INSERT INTO Intervencao( EventoID, Descricao) VALUES (65,"descricao");
INSERT INTO EnfermeiroInterv( EnfermeiroID, IntervID) VALUES (8385,65);
INSERT INTO Evento(EventoID,Descricao, Data, Admissao, Quarto) VALUES (66, "descricao","18/2/1975 18:11:59" ,240, 133);
INSERT INTO Intervencao( EventoID, Descricao) VALUES (66,"descricao");
INSERT INTO EnfermeiroInterv( EnfermeiroID, IntervID) VALUES (2902,66);
INSERT INTO Evento(EventoID,Descricao, Data, Admissao, Quarto) VALUES (67, "descricao","14/7/1969 6:19:7" ,64, 177);
INSERT INTO Intervencao( EventoID, Descricao) VALUES (67,"descricao");
INSERT INTO EnfermeiroInterv( EnfermeiroID, IntervID) VALUES (8750,67);
INSERT INTO Evento(EventoID,Descricao, Data, Admissao, Quarto) VALUES (68, "descricao","25/9/1998 23:53:40" ,321, 216);
INSERT INTO Intervencao( EventoID, Descricao) VALUES (68,"descricao");
INSERT INTO EnfermeiroInterv( EnfermeiroID, IntervID) VALUES (3740,68);
INSERT INTO Evento(EventoID,Descricao, Data, Admissao, Quarto) VALUES (69, "descricao","11/12/2017 12:56:19" ,100, 241);
INSERT INTO Intervencao( EventoID, Descricao) VALUES (69,"descricao");
INSERT INTO EnfermeiroInterv( EnfermeiroID, IntervID) VALUES (5286,69);
INSERT INTO Evento(EventoID,Descricao, Data, Admissao, Quarto) VALUES (70, "descricao","12/3/1972 9:42:12" ,101, 185);
INSERT INTO Intervencao( EventoID, Descricao) VALUES (70,"descricao");
INSERT INTO EnfermeiroInterv( EnfermeiroID, IntervID) VALUES (3297,70);
INSERT INTO Evento(EventoID,Descricao, Data, Admissao, Quarto) VALUES (71, "descricao","8/9/2001 0:18:24" ,91, 125);
INSERT INTO Intervencao( EventoID, Descricao) VALUES (71,"descricao");
INSERT INTO EnfermeiroInterv( EnfermeiroID, IntervID) VALUES (8255,71);
INSERT INTO Evento(EventoID,Descricao, Data, Admissao, Quarto) VALUES (72, "descricao","8/5/2005 5:39:18" ,429, 183);
INSERT INTO Intervencao( EventoID, Descricao) VALUES (72,"descricao");
INSERT INTO EnfermeiroInterv( EnfermeiroID, IntervID) VALUES (3691,72);
INSERT INTO Evento(EventoID,Descricao, Data, Admissao, Quarto) VALUES (73, "descricao","21/8/1980 10:44:48" ,176, 232);
INSERT INTO Intervencao( EventoID, Descricao) VALUES (73,"descricao");
INSERT INTO EnfermeiroInterv( EnfermeiroID, IntervID) VALUES (3691,73);
INSERT INTO Evento(EventoID,Descricao, Data, Admissao, Quarto) VALUES (74, "descricao","19/9/2010 3:0:4" ,23, 158);
INSERT INTO Intervencao( EventoID, Descricao) VALUES (74,"descricao");
INSERT INTO EnfermeiroInterv( EnfermeiroID, IntervID) VALUES (8385,74);
INSERT INTO Evento(EventoID,Descricao, Data, Admissao, Quarto) VALUES (75, "descricao","21/7/1974 16:14:5" ,82, 232);
INSERT INTO Intervencao( EventoID, Descricao) VALUES (75,"descricao");
INSERT INTO EnfermeiroInterv( EnfermeiroID, IntervID) VALUES (3691,75);
INSERT INTO Evento(EventoID,Descricao, Data, Admissao, Quarto) VALUES (76, "descricao","23/10/1964 11:45:53" ,385, 114);
INSERT INTO Intervencao( EventoID, Descricao) VALUES (76,"descricao");
INSERT INTO EnfermeiroInterv( EnfermeiroID, IntervID) VALUES (7462,76);
INSERT INTO Evento(EventoID,Descricao, Data, Admissao, Quarto) VALUES (77, "descricao","24/8/2019 17:37:29" ,390, 156);
INSERT INTO Intervencao( EventoID, Descricao) VALUES (77,"descricao");
INSERT INTO EnfermeiroInterv( EnfermeiroID, IntervID) VALUES (2392,77);
INSERT INTO Evento(EventoID,Descricao, Data, Admissao, Quarto) VALUES (78, "descricao","23/3/1972 0:0:35" ,376, 241);
INSERT INTO Intervencao( EventoID, Descricao) VALUES (78,"descricao");
INSERT INTO EnfermeiroInterv( EnfermeiroID, IntervID) VALUES (1305,78);
INSERT INTO Evento(EventoID,Descricao, Data, Admissao, Quarto) VALUES (79, "descricao","15/7/1974 5:55:4" ,90, 244);
INSERT INTO Intervencao( EventoID, Descricao) VALUES (79,"descricao");
INSERT INTO EnfermeiroInterv( EnfermeiroID, IntervID) VALUES (8349,79);
INSERT INTO Evento(EventoID,Descricao, Data, Admissao, Quarto) VALUES (80, "descricao","2/9/1975 18:17:28" ,263, 174);
INSERT INTO Intervencao( EventoID, Descricao) VALUES (80,"descricao");
INSERT INTO EnfermeiroInterv( EnfermeiroID, IntervID) VALUES (8750,80);
INSERT INTO Evento(EventoID,Descricao, Data, Admissao, Quarto) VALUES (81, "descricao","1/5/1982 6:39:21" ,192, 222);
INSERT INTO Intervencao( EventoID, Descricao) VALUES (81,"descricao");
INSERT INTO EnfermeiroInterv( EnfermeiroID, IntervID) VALUES (7959,81);
INSERT INTO Evento(EventoID,Descricao, Data, Admissao, Quarto) VALUES (82, "descricao","9/9/2011 1:39:47" ,395, 178);
INSERT INTO Intervencao( EventoID, Descricao) VALUES (82,"descricao");
INSERT INTO EnfermeiroInterv( EnfermeiroID, IntervID) VALUES (2385,82);
INSERT INTO Evento(EventoID,Descricao, Data, Admissao, Quarto) VALUES (83, "descricao","13/12/2000 22:2:57" ,117, 162);
INSERT INTO Intervencao( EventoID, Descricao) VALUES (83,"descricao");
INSERT INTO EnfermeiroInterv( EnfermeiroID, IntervID) VALUES (8702,83);
INSERT INTO Evento(EventoID,Descricao, Data, Admissao, Quarto) VALUES (84, "descricao","23/3/1973 21:17:34" ,454, 234);
INSERT INTO Intervencao( EventoID, Descricao) VALUES (84,"descricao");
INSERT INTO EnfermeiroInterv( EnfermeiroID, IntervID) VALUES (9145,84);
INSERT INTO Evento(EventoID,Descricao, Data, Admissao, Quarto) VALUES (85, "descricao","3/8/2015 19:34:39" ,74, 189);
INSERT INTO Intervencao( EventoID, Descricao) VALUES (85,"descricao");
INSERT INTO EnfermeiroInterv( EnfermeiroID, IntervID) VALUES (1100,85);
INSERT INTO Evento(EventoID,Descricao, Data, Admissao, Quarto) VALUES (86, "descricao","9/9/2005 23:0:50" ,211, 149);
INSERT INTO Intervencao( EventoID, Descricao) VALUES (86,"descricao");
INSERT INTO EnfermeiroInterv( EnfermeiroID, IntervID) VALUES (3740,86);
INSERT INTO Evento(EventoID,Descricao, Data, Admissao, Quarto) VALUES (87, "descricao","27/4/2013 16:9:8" ,348, 212);
INSERT INTO Intervencao( EventoID, Descricao) VALUES (87,"descricao");
INSERT INTO EnfermeiroInterv( EnfermeiroID, IntervID) VALUES (2879,87);
INSERT INTO Evento(EventoID,Descricao, Data, Admissao, Quarto) VALUES (88, "descricao","26/10/1973 9:57:49" ,116, 216);
INSERT INTO Intervencao( EventoID, Descricao) VALUES (88,"descricao");
INSERT INTO EnfermeiroInterv( EnfermeiroID, IntervID) VALUES (5722,88);
INSERT INTO Evento(EventoID,Descricao, Data, Admissao, Quarto) VALUES (89, "descricao","7/10/1961 4:58:8" ,268, 117);
INSERT INTO Intervencao( EventoID, Descricao) VALUES (89,"descricao");
INSERT INTO EnfermeiroInterv( EnfermeiroID, IntervID) VALUES (4511,89);
INSERT INTO Evento(EventoID,Descricao, Data, Admissao, Quarto) VALUES (90, "descricao","2/7/1993 5:44:43" ,359, 159);
INSERT INTO Intervencao( EventoID, Descricao) VALUES (90,"descricao");
INSERT INTO EnfermeiroInterv( EnfermeiroID, IntervID) VALUES (4511,90);
INSERT INTO Evento(EventoID,Descricao, Data, Admissao, Quarto) VALUES (91, "descricao","18/11/2001 1:35:28" ,77, 230);
INSERT INTO Intervencao( EventoID, Descricao) VALUES (91,"descricao");
INSERT INTO EnfermeiroInterv( EnfermeiroID, IntervID) VALUES (6968,91);
INSERT INTO Evento(EventoID,Descricao, Data, Admissao, Quarto) VALUES (92, "descricao","14/3/1992 16:31:10" ,257, 199);
INSERT INTO Intervencao( EventoID, Descricao) VALUES (92,"descricao");
INSERT INTO EnfermeiroInterv( EnfermeiroID, IntervID) VALUES (5876,92);
INSERT INTO Evento(EventoID,Descricao, Data, Admissao, Quarto) VALUES (93, "descricao","20/5/1986 13:51:38" ,234, 107);
INSERT INTO Intervencao( EventoID, Descricao) VALUES (93,"descricao");
INSERT INTO EnfermeiroInterv( EnfermeiroID, IntervID) VALUES (7462,93);
INSERT INTO Evento(EventoID,Descricao, Data, Admissao, Quarto) VALUES (94, "descricao","9/4/1997 6:42:37" ,135, 115);
INSERT INTO Intervencao( EventoID, Descricao) VALUES (94,"descricao");
INSERT INTO EnfermeiroInterv( EnfermeiroID, IntervID) VALUES (1850,94);
INSERT INTO Evento(EventoID,Descricao, Data, Admissao, Quarto) VALUES (95, "descricao","23/10/2016 2:35:48" ,291, 184);
INSERT INTO Intervencao( EventoID, Descricao) VALUES (95,"descricao");
INSERT INTO EnfermeiroInterv( EnfermeiroID, IntervID) VALUES (5876,95);
INSERT INTO Evento(EventoID,Descricao, Data, Admissao, Quarto) VALUES (96, "descricao","6/6/1977 22:59:17" ,172, 101);
INSERT INTO Intervencao( EventoID, Descricao) VALUES (96,"descricao");
INSERT INTO EnfermeiroInterv( EnfermeiroID, IntervID) VALUES (1100,96);
INSERT INTO Evento(EventoID,Descricao, Data, Admissao, Quarto) VALUES (97, "descricao","13/5/1987 0:48:48" ,141, 144);
INSERT INTO Intervencao( EventoID, Descricao) VALUES (97,"descricao");
INSERT INTO EnfermeiroInterv( EnfermeiroID, IntervID) VALUES (2902,97);
INSERT INTO Evento(EventoID,Descricao, Data, Admissao, Quarto) VALUES (98, "descricao","22/8/1980 19:53:20" ,433, 164);
INSERT INTO Intervencao( EventoID, Descricao) VALUES (98,"descricao");
INSERT INTO EnfermeiroInterv( EnfermeiroID, IntervID) VALUES (3424,98);
INSERT INTO Evento(EventoID,Descricao, Data, Admissao, Quarto) VALUES (99, "descricao","2/10/2013 7:20:32" ,147, 188);
INSERT INTO Intervencao( EventoID, Descricao) VALUES (99,"descricao");
INSERT INTO EnfermeiroInterv( EnfermeiroID, IntervID) VALUES (6134,99);
INSERT INTO Evento(EventoID,Descricao, Data, Admissao, Quarto) VALUES (100, "descricao","21/3/1988 12:3:48" ,44, 196);
INSERT INTO Intervencao( EventoID, Descricao) VALUES (100,"descricao");
INSERT INTO EnfermeiroInterv( EnfermeiroID, IntervID) VALUES (8702,100);
INSERT INTO Evento(EventoID,Descricao, Data, Admissao, Quarto) VALUES (101, "descricao","25/6/1976 1:24:55" ,182, 162);
INSERT INTO Intervencao( EventoID, Descricao) VALUES (101,"descricao");
INSERT INTO EnfermeiroInterv( EnfermeiroID, IntervID) VALUES (1305,101);
INSERT INTO Evento(EventoID,Descricao, Data, Admissao, Quarto) VALUES (102, "descricao","18/6/1980 9:29:20" ,221, 145);
INSERT INTO Intervencao( EventoID, Descricao) VALUES (102,"descricao");
INSERT INTO EnfermeiroInterv( EnfermeiroID, IntervID) VALUES (9031,102);
INSERT INTO Evento(EventoID,Descricao, Data, Admissao, Quarto) VALUES (103, "descricao","14/7/1998 1:53:23" ,361, 142);
INSERT INTO Intervencao( EventoID, Descricao) VALUES (103,"descricao");
INSERT INTO EnfermeiroInterv( EnfermeiroID, IntervID) VALUES (5930,103);
INSERT INTO Evento(EventoID,Descricao, Data, Admissao, Quarto) VALUES (104, "descricao","3/3/1972 19:1:42" ,2, 179);
INSERT INTO Intervencao( EventoID, Descricao) VALUES (104,"descricao");
INSERT INTO EnfermeiroInterv( EnfermeiroID, IntervID) VALUES (1305,104);
INSERT INTO Evento(EventoID,Descricao, Data, Admissao, Quarto) VALUES (105, "descricao","12/1/1999 4:26:55" ,242, 122);
INSERT INTO Intervencao( EventoID, Descricao) VALUES (105,"descricao");
INSERT INTO EnfermeiroInterv( EnfermeiroID, IntervID) VALUES (5961,105);
INSERT INTO Evento(EventoID,Descricao, Data, Admissao, Quarto) VALUES (106, "descricao","10/5/1998 12:52:10" ,267, 179);
INSERT INTO Intervencao( EventoID, Descricao) VALUES (106,"descricao");
INSERT INTO EnfermeiroInterv( EnfermeiroID, IntervID) VALUES (6004,106);
INSERT INTO Evento(EventoID,Descricao, Data, Admissao, Quarto) VALUES (107, "descricao","4/2/2019 18:7:24" ,432, 141);
INSERT INTO Intervencao( EventoID, Descricao) VALUES (107,"descricao");
INSERT INTO EnfermeiroInterv( EnfermeiroID, IntervID) VALUES (9744,107);
INSERT INTO Evento(EventoID,Descricao, Data, Admissao, Quarto) VALUES (108, "descricao","10/12/1983 9:39:48" ,419, 165);
INSERT INTO Intervencao( EventoID, Descricao) VALUES (108,"descricao");
INSERT INTO EnfermeiroInterv( EnfermeiroID, IntervID) VALUES (1100,108);
INSERT INTO Evento(EventoID,Descricao, Data, Admissao, Quarto) VALUES (109, "descricao","15/5/1968 12:17:55" ,301, 136);
INSERT INTO Intervencao( EventoID, Descricao) VALUES (109,"descricao");
INSERT INTO EnfermeiroInterv( EnfermeiroID, IntervID) VALUES (5722,109);
INSERT INTO Evento(EventoID,Descricao, Data, Admissao, Quarto) VALUES (110, "descricao","14/3/1996 2:35:49" ,103, 201);
INSERT INTO Intervencao( EventoID, Descricao) VALUES (110,"descricao");
INSERT INTO EnfermeiroInterv( EnfermeiroID, IntervID) VALUES (7462,110);
INSERT INTO Evento(EventoID,Descricao, Data, Admissao, Quarto) VALUES (111, "descricao","27/5/2009 21:53:1" ,348, 105);
INSERT INTO Intervencao( EventoID, Descricao) VALUES (111,"descricao");
INSERT INTO EnfermeiroInterv( EnfermeiroID, IntervID) VALUES (3740,111);
INSERT INTO Evento(EventoID,Descricao, Data, Admissao, Quarto) VALUES (112, "descricao","4/11/1993 0:8:38" ,310, 241);
INSERT INTO Intervencao( EventoID, Descricao) VALUES (112,"descricao");
INSERT INTO EnfermeiroInterv( EnfermeiroID, IntervID) VALUES (4731,112);
INSERT INTO Evento(EventoID,Descricao, Data, Admissao, Quarto) VALUES (113, "descricao","17/1/1963 23:45:57" ,114, 131);
INSERT INTO Intervencao( EventoID, Descricao) VALUES (113,"descricao");
INSERT INTO EnfermeiroInterv( EnfermeiroID, IntervID) VALUES (8750,113);
INSERT INTO Evento(EventoID,Descricao, Data, Admissao, Quarto) VALUES (114, "descricao","1/7/1966 22:53:1" ,399, 141);
INSERT INTO Intervencao( EventoID, Descricao) VALUES (114,"descricao");
INSERT INTO EnfermeiroInterv( EnfermeiroID, IntervID) VALUES (8335,114);
INSERT INTO Evento(EventoID,Descricao, Data, Admissao, Quarto) VALUES (115, "descricao","4/6/1974 12:17:3" ,293, 246);
INSERT INTO Intervencao( EventoID, Descricao) VALUES (115,"descricao");
INSERT INTO EnfermeiroInterv( EnfermeiroID, IntervID) VALUES (5722,115);
INSERT INTO Evento(EventoID,Descricao, Data, Admissao, Quarto) VALUES (116, "descricao","22/5/2014 16:32:14" ,229, 211);
INSERT INTO Intervencao( EventoID, Descricao) VALUES (116,"descricao");
INSERT INTO EnfermeiroInterv( EnfermeiroID, IntervID) VALUES (8158,116);
INSERT INTO Evento(EventoID,Descricao, Data, Admissao, Quarto) VALUES (117, "descricao","5/7/2016 15:31:52" ,401, 249);
INSERT INTO Intervencao( EventoID, Descricao) VALUES (117,"descricao");
INSERT INTO EnfermeiroInterv( EnfermeiroID, IntervID) VALUES (4731,117);
INSERT INTO Evento(EventoID,Descricao, Data, Admissao, Quarto) VALUES (118, "descricao","9/6/1990 17:20:22" ,124, 226);
INSERT INTO Intervencao( EventoID, Descricao) VALUES (118,"descricao");
INSERT INTO EnfermeiroInterv( EnfermeiroID, IntervID) VALUES (8207,118);
INSERT INTO Evento(EventoID,Descricao, Data, Admissao, Quarto) VALUES (119, "descricao","13/3/1976 12:18:47" ,476, 164);
INSERT INTO Intervencao( EventoID, Descricao) VALUES (119,"descricao");
INSERT INTO EnfermeiroInterv( EnfermeiroID, IntervID) VALUES (2385,119);
INSERT INTO Evento(EventoID,Descricao, Data, Admissao, Quarto) VALUES (120, "descricao","12/5/1992 20:35:2" ,214, 137);
INSERT INTO Intervencao( EventoID, Descricao) VALUES (120,"descricao");
INSERT INTO EnfermeiroInterv( EnfermeiroID, IntervID) VALUES (8335,120);
INSERT INTO Evento(EventoID,Descricao, Data, Admissao, Quarto) VALUES (121, "descricao","12/4/2006 21:26:16" ,403, 236);
INSERT INTO Intervencao( EventoID, Descricao) VALUES (121,"descricao");
INSERT INTO EnfermeiroInterv( EnfermeiroID, IntervID) VALUES (4001,121);
INSERT INTO Evento(EventoID,Descricao, Data, Admissao, Quarto) VALUES (122, "descricao","2/9/1978 1:43:46" ,156, 223);
INSERT INTO Intervencao( EventoID, Descricao) VALUES (122,"descricao");
INSERT INTO EnfermeiroInterv( EnfermeiroID, IntervID) VALUES (6968,122);
INSERT INTO Evento(EventoID,Descricao, Data, Admissao, Quarto) VALUES (123, "descricao","27/8/1994 19:8:16" ,463, 238);
INSERT INTO Intervencao( EventoID, Descricao) VALUES (123,"descricao");
INSERT INTO EnfermeiroInterv( EnfermeiroID, IntervID) VALUES (8349,123);
INSERT INTO Evento(EventoID,Descricao, Data, Admissao, Quarto) VALUES (124, "descricao","3/3/1973 21:10:6" ,304, 238);
INSERT INTO Intervencao( EventoID, Descricao) VALUES (124,"descricao");
INSERT INTO EnfermeiroInterv( EnfermeiroID, IntervID) VALUES (2902,124);
INSERT INTO Evento(EventoID,Descricao, Data, Admissao, Quarto) VALUES (125, "descricao","20/6/1997 5:59:31" ,297, 144);
INSERT INTO Intervencao( EventoID, Descricao) VALUES (125,"descricao");
INSERT INTO EnfermeiroInterv( EnfermeiroID, IntervID) VALUES (6633,125);
INSERT INTO Evento(EventoID,Descricao, Data, Admissao, Quarto) VALUES (126, "descricao","9/9/1960 6:46:16" ,158, 176);
INSERT INTO Intervencao( EventoID, Descricao) VALUES (126,"descricao");
INSERT INTO EnfermeiroInterv( EnfermeiroID, IntervID) VALUES (9031,126);
INSERT INTO Evento(EventoID,Descricao, Data, Admissao, Quarto) VALUES (127, "descricao","8/9/1989 2:8:48" ,356, 157);
INSERT INTO Intervencao( EventoID, Descricao) VALUES (127,"descricao");
INSERT INTO EnfermeiroInterv( EnfermeiroID, IntervID) VALUES (9145,127);
INSERT INTO Evento(EventoID,Descricao, Data, Admissao, Quarto) VALUES (128, "descricao","19/4/2018 15:51:43" ,405, 117);
INSERT INTO Intervencao( EventoID, Descricao) VALUES (128,"descricao");
INSERT INTO EnfermeiroInterv( EnfermeiroID, IntervID) VALUES (9911,128);
INSERT INTO Evento(EventoID,Descricao, Data, Admissao, Quarto) VALUES (129, "descricao","24/6/2004 23:1:16" ,184, 218);
INSERT INTO Intervencao( EventoID, Descricao) VALUES (129,"descricao");
INSERT INTO EnfermeiroInterv( EnfermeiroID, IntervID) VALUES (9327,129);
INSERT INTO Evento(EventoID,Descricao, Data, Admissao, Quarto) VALUES (130, "descricao","28/11/1961 19:16:25" ,443, 178);
INSERT INTO Intervencao( EventoID, Descricao) VALUES (130,"descricao");
INSERT INTO EnfermeiroInterv( EnfermeiroID, IntervID) VALUES (9031,130);
INSERT INTO Evento(EventoID,Descricao, Data, Admissao, Quarto) VALUES (131, "descricao","15/4/1990 5:23:32" ,338, 245);
INSERT INTO Intervencao( EventoID, Descricao) VALUES (131,"descricao");
INSERT INTO EnfermeiroInterv( EnfermeiroID, IntervID) VALUES (6590,131);
INSERT INTO Evento(EventoID,Descricao, Data, Admissao, Quarto) VALUES (132, "descricao","17/1/1970 9:18:3" ,100, 166);
INSERT INTO Intervencao( EventoID, Descricao) VALUES (132,"descricao");
INSERT INTO EnfermeiroInterv( EnfermeiroID, IntervID) VALUES (1100,132);
INSERT INTO Evento(EventoID,Descricao, Data, Admissao, Quarto) VALUES (133, "descricao","9/9/2002 3:7:28" ,298, 101);
INSERT INTO Intervencao( EventoID, Descricao) VALUES (133,"descricao");
INSERT INTO EnfermeiroInterv( EnfermeiroID, IntervID) VALUES (1850,133);
INSERT INTO Evento(EventoID,Descricao, Data, Admissao, Quarto) VALUES (134, "descricao","28/2/1983 3:40:56" ,195, 226);
INSERT INTO Intervencao( EventoID, Descricao) VALUES (134,"descricao");
INSERT INTO EnfermeiroInterv( EnfermeiroID, IntervID) VALUES (8385,134);
INSERT INTO Evento(EventoID,Descricao, Data, Admissao, Quarto) VALUES (135, "descricao","26/7/2002 13:3:27" ,459, 189);
INSERT INTO Intervencao( EventoID, Descricao) VALUES (135,"descricao");
INSERT INTO EnfermeiroInterv( EnfermeiroID, IntervID) VALUES (4408,135);
INSERT INTO Evento(EventoID,Descricao, Data, Admissao, Quarto) VALUES (136, "descricao","13/11/1970 19:29:55" ,88, 158);
INSERT INTO Intervencao( EventoID, Descricao) VALUES (136,"descricao");
INSERT INTO EnfermeiroInterv( EnfermeiroID, IntervID) VALUES (2902,136);
INSERT INTO Evento(EventoID,Descricao, Data, Admissao, Quarto) VALUES (137, "descricao","8/4/2016 14:38:19" ,234, 197);
INSERT INTO Intervencao( EventoID, Descricao) VALUES (137,"descricao");
INSERT INTO EnfermeiroInterv( EnfermeiroID, IntervID) VALUES (3126,137);
INSERT INTO Evento(EventoID,Descricao, Data, Admissao, Quarto) VALUES (138, "descricao","6/9/2019 4:21:28" ,336, 152);
INSERT INTO Intervencao( EventoID, Descricao) VALUES (138,"descricao");
INSERT INTO EnfermeiroInterv( EnfermeiroID, IntervID) VALUES (3691,138);
INSERT INTO Evento(EventoID,Descricao, Data, Admissao, Quarto) VALUES (139, "descricao","25/4/1999 7:6:40" ,430, 196);
INSERT INTO Intervencao( EventoID, Descricao) VALUES (139,"descricao");
INSERT INTO EnfermeiroInterv( EnfermeiroID, IntervID) VALUES (6590,139);
INSERT INTO Evento(EventoID,Descricao, Data, Admissao, Quarto) VALUES (140, "descricao","7/7/1967 15:9:38" ,186, 119);
INSERT INTO Intervencao( EventoID, Descricao) VALUES (140,"descricao");
INSERT INTO EnfermeiroInterv( EnfermeiroID, IntervID) VALUES (8214,140);
INSERT INTO Evento(EventoID,Descricao, Data, Admissao, Quarto) VALUES (141, "descricao","21/6/1966 23:59:53" ,236, 229);
INSERT INTO Intervencao( EventoID, Descricao) VALUES (141,"descricao");
INSERT INTO EnfermeiroInterv( EnfermeiroID, IntervID) VALUES (4415,141);
INSERT INTO Evento(EventoID,Descricao, Data, Admissao, Quarto) VALUES (142, "descricao","17/12/1982 0:51:9" ,497, 113);
INSERT INTO Intervencao( EventoID, Descricao) VALUES (142,"descricao");
INSERT INTO EnfermeiroInterv( EnfermeiroID, IntervID) VALUES (9327,142);
INSERT INTO Evento(EventoID,Descricao, Data, Admissao, Quarto) VALUES (143, "descricao","8/3/2005 16:46:44" ,436, 157);
INSERT INTO Intervencao( EventoID, Descricao) VALUES (143,"descricao");
INSERT INTO EnfermeiroInterv( EnfermeiroID, IntervID) VALUES (4511,143);
INSERT INTO Evento(EventoID,Descricao, Data, Admissao, Quarto) VALUES (144, "descricao","13/12/1992 0:43:10" ,13, 179);
INSERT INTO Intervencao( EventoID, Descricao) VALUES (144,"descricao");
INSERT INTO EnfermeiroInterv( EnfermeiroID, IntervID) VALUES (1178,144);
INSERT INTO Evento(EventoID,Descricao, Data, Admissao, Quarto) VALUES (145, "descricao","18/2/1998 8:22:19" ,8, 140);
INSERT INTO Intervencao( EventoID, Descricao) VALUES (145,"descricao");
INSERT INTO EnfermeiroInterv( EnfermeiroID, IntervID) VALUES (5930,145);
INSERT INTO Evento(EventoID,Descricao, Data, Admissao, Quarto) VALUES (146, "descricao","27/11/2019 9:48:22" ,450, 118);
INSERT INTO Intervencao( EventoID, Descricao) VALUES (146,"descricao");
INSERT INTO EnfermeiroInterv( EnfermeiroID, IntervID) VALUES (2879,146);
INSERT INTO Evento(EventoID,Descricao, Data, Admissao, Quarto) VALUES (147, "descricao","26/6/2019 11:50:16" ,133, 151);
INSERT INTO Intervencao( EventoID, Descricao) VALUES (147,"descricao");
INSERT INTO EnfermeiroInterv( EnfermeiroID, IntervID) VALUES (4623,147);
INSERT INTO Evento(EventoID,Descricao, Data, Admissao, Quarto) VALUES (148, "descricao","27/10/1966 18:56:32" ,113, 223);
INSERT INTO Intervencao( EventoID, Descricao) VALUES (148,"descricao");
INSERT INTO EnfermeiroInterv( EnfermeiroID, IntervID) VALUES (8750,148);
INSERT INTO Evento(EventoID,Descricao, Data, Admissao, Quarto) VALUES (149, "descricao","20/1/1984 21:29:36" ,43, 213);
INSERT INTO Intervencao( EventoID, Descricao) VALUES (149,"descricao");
INSERT INTO EnfermeiroInterv( EnfermeiroID, IntervID) VALUES (5722,149);
INSERT INTO Evento(EventoID,Descricao, Data, Admissao, Quarto) VALUES (150, "descricao","3/7/2013 15:8:17" ,105, 223);
INSERT INTO Intervencao( EventoID, Descricao) VALUES (150,"descricao");
INSERT INTO EnfermeiroInterv( EnfermeiroID, IntervID) VALUES (9327,150);
INSERT INTO Evento(EventoID,Descricao, Data, Admissao, Quarto) VALUES (151, "descricao","12/12/1979 4:38:57" ,314, 177);
INSERT INTO Intervencao( EventoID, Descricao) VALUES (151,"descricao");
INSERT INTO EnfermeiroInterv( EnfermeiroID, IntervID) VALUES (4683,151);
INSERT INTO Evento(EventoID,Descricao, Data, Admissao, Quarto) VALUES (152, "descricao","28/7/2012 9:53:27" ,29, 180);
INSERT INTO Intervencao( EventoID, Descricao) VALUES (152,"descricao");
INSERT INTO EnfermeiroInterv( EnfermeiroID, IntervID) VALUES (6004,152);
INSERT INTO Evento(EventoID,Descricao, Data, Admissao, Quarto) VALUES (153, "descricao","9/2/1979 20:17:19" ,340, 242);
INSERT INTO Intervencao( EventoID, Descricao) VALUES (153,"descricao");
INSERT INTO EnfermeiroInterv( EnfermeiroID, IntervID) VALUES (1100,153);
INSERT INTO Evento(EventoID,Descricao, Data, Admissao, Quarto) VALUES (154, "descricao","6/7/2010 8:48:58" ,60, 232);
INSERT INTO Intervencao( EventoID, Descricao) VALUES (154,"descricao");
INSERT INTO EnfermeiroInterv( EnfermeiroID, IntervID) VALUES (7062,154);
INSERT INTO Evento(EventoID,Descricao, Data, Admissao, Quarto) VALUES (155, "descricao","15/5/1967 2:1:9" ,404, 194);
INSERT INTO Intervencao( EventoID, Descricao) VALUES (155,"descricao");
INSERT INTO EnfermeiroInterv( EnfermeiroID, IntervID) VALUES (5193,155);
INSERT INTO Evento(EventoID,Descricao, Data, Admissao, Quarto) VALUES (156, "descricao","1/5/1979 11:32:45" ,480, 143);
INSERT INTO Intervencao( EventoID, Descricao) VALUES (156,"descricao");
INSERT INTO EnfermeiroInterv( EnfermeiroID, IntervID) VALUES (6171,156);
INSERT INTO Evento(EventoID,Descricao, Data, Admissao, Quarto) VALUES (157, "descricao","16/4/1969 2:48:45" ,426, 130);
INSERT INTO Intervencao( EventoID, Descricao) VALUES (157,"descricao");
INSERT INTO EnfermeiroInterv( EnfermeiroID, IntervID) VALUES (3006,157);
INSERT INTO Evento(EventoID,Descricao, Data, Admissao, Quarto) VALUES (158, "descricao","13/11/1968 21:50:29" ,61, 209);
INSERT INTO Intervencao( EventoID, Descricao) VALUES (158,"descricao");
INSERT INTO EnfermeiroInterv( EnfermeiroID, IntervID) VALUES (7062,158);
INSERT INTO Evento(EventoID,Descricao, Data, Admissao, Quarto) VALUES (159, "descricao","15/6/1992 13:13:36" ,342, 173);
INSERT INTO Intervencao( EventoID, Descricao) VALUES (159,"descricao");
INSERT INTO EnfermeiroInterv( EnfermeiroID, IntervID) VALUES (2879,159);
INSERT INTO Evento(EventoID,Descricao, Data, Admissao, Quarto) VALUES (160, "descricao","2/2/2019 9:30:24" ,293, 183);
INSERT INTO Intervencao( EventoID, Descricao) VALUES (160,"descricao");
INSERT INTO EnfermeiroInterv( EnfermeiroID, IntervID) VALUES (3424,160);
INSERT INTO Evento(EventoID,Descricao, Data, Admissao, Quarto) VALUES (161, "descricao","21/5/1988 3:3:5" ,87, 206);
INSERT INTO Intervencao( EventoID, Descricao) VALUES (161,"descricao");
INSERT INTO EnfermeiroInterv( EnfermeiroID, IntervID) VALUES (9145,161);
INSERT INTO Evento(EventoID,Descricao, Data, Admissao, Quarto) VALUES (162, "descricao","7/11/1976 15:24:43" ,457, 181);
INSERT INTO Intervencao( EventoID, Descricao) VALUES (162,"descricao");
INSERT INTO EnfermeiroInterv( EnfermeiroID, IntervID) VALUES (6968,162);
INSERT INTO Evento(EventoID,Descricao, Data, Admissao, Quarto) VALUES (163, "descricao","10/9/1984 21:29:31" ,86, 187);
INSERT INTO Intervencao( EventoID, Descricao) VALUES (163,"descricao");
INSERT INTO EnfermeiroInterv( EnfermeiroID, IntervID) VALUES (3279,163);
INSERT INTO Evento(EventoID,Descricao, Data, Admissao, Quarto) VALUES (164, "descricao","2/4/1984 3:1:49" ,289, 143);
INSERT INTO Intervencao( EventoID, Descricao) VALUES (164,"descricao");
INSERT INTO EnfermeiroInterv( EnfermeiroID, IntervID) VALUES (5876,164);
INSERT INTO Evento(EventoID,Descricao, Data, Admissao, Quarto) VALUES (165, "descricao","20/12/1992 23:53:3" ,141, 162);
INSERT INTO Intervencao( EventoID, Descricao) VALUES (165,"descricao");
INSERT INTO EnfermeiroInterv( EnfermeiroID, IntervID) VALUES (8214,165);
INSERT INTO Evento(EventoID,Descricao, Data, Admissao, Quarto) VALUES (166, "descricao","12/11/2010 15:45:51" ,475, 191);
INSERT INTO Intervencao( EventoID, Descricao) VALUES (166,"descricao");
INSERT INTO EnfermeiroInterv( EnfermeiroID, IntervID) VALUES (4408,166);
INSERT INTO Evento(EventoID,Descricao, Data, Admissao, Quarto) VALUES (167, "descricao","1/3/1962 7:52:52" ,31, 115);
INSERT INTO Intervencao( EventoID, Descricao) VALUES (167,"descricao");
INSERT INTO EnfermeiroInterv( EnfermeiroID, IntervID) VALUES (8255,167);
INSERT INTO Evento(EventoID,Descricao, Data, Admissao, Quarto) VALUES (168, "descricao","2/4/1969 8:36:42" ,355, 224);
INSERT INTO Intervencao( EventoID, Descricao) VALUES (168,"descricao");
INSERT INTO EnfermeiroInterv( EnfermeiroID, IntervID) VALUES (2879,168);
INSERT INTO Evento(EventoID,Descricao, Data, Admissao, Quarto) VALUES (169, "descricao","25/1/1975 5:17:47" ,410, 158);
INSERT INTO Intervencao( EventoID, Descricao) VALUES (169,"descricao");
INSERT INTO EnfermeiroInterv( EnfermeiroID, IntervID) VALUES (7667,169);
INSERT INTO Evento(EventoID,Descricao, Data, Admissao, Quarto) VALUES (170, "descricao","26/9/2008 13:48:40" ,310, 123);
INSERT INTO Intervencao( EventoID, Descricao) VALUES (170,"descricao");
INSERT INTO EnfermeiroInterv( EnfermeiroID, IntervID) VALUES (4001,170);
INSERT INTO Evento(EventoID,Descricao, Data, Admissao, Quarto) VALUES (171, "descricao","23/9/1991 11:52:37" ,84, 208);
INSERT INTO Intervencao( EventoID, Descricao) VALUES (171,"descricao");
INSERT INTO EnfermeiroInterv( EnfermeiroID, IntervID) VALUES (2392,171);
INSERT INTO Evento(EventoID,Descricao, Data, Admissao, Quarto) VALUES (172, "descricao","3/12/2019 19:11:5" ,47, 201);
INSERT INTO Intervencao( EventoID, Descricao) VALUES (172,"descricao");
INSERT INTO EnfermeiroInterv( EnfermeiroID, IntervID) VALUES (8385,172);
INSERT INTO Evento(EventoID,Descricao, Data, Admissao, Quarto) VALUES (173, "descricao","24/4/1978 23:53:0" ,175, 235);
INSERT INTO Intervencao( EventoID, Descricao) VALUES (173,"descricao");
INSERT INTO EnfermeiroInterv( EnfermeiroID, IntervID) VALUES (1305,173);
INSERT INTO Evento(EventoID,Descricao, Data, Admissao, Quarto) VALUES (174, "descricao","2/1/1999 5:10:46" ,358, 132);
INSERT INTO Intervencao( EventoID, Descricao) VALUES (174,"descricao");
INSERT INTO EnfermeiroInterv( EnfermeiroID, IntervID) VALUES (7667,174);
INSERT INTO Evento(EventoID,Descricao, Data, Admissao, Quarto) VALUES (175, "descricao","1/3/1966 17:56:28" ,29, 141);
INSERT INTO Intervencao( EventoID, Descricao) VALUES (175,"descricao");
INSERT INTO EnfermeiroInterv( EnfermeiroID, IntervID) VALUES (4731,175);
INSERT INTO Evento(EventoID,Descricao, Data, Admissao, Quarto) VALUES (176, "descricao","28/10/2011 23:49:45" ,93, 178);
INSERT INTO Intervencao( EventoID, Descricao) VALUES (176,"descricao");
INSERT INTO EnfermeiroInterv( EnfermeiroID, IntervID) VALUES (3691,176);
INSERT INTO Evento(EventoID,Descricao, Data, Admissao, Quarto) VALUES (177, "descricao","19/1/2007 6:59:30" ,410, 163);
INSERT INTO Intervencao( EventoID, Descricao) VALUES (177,"descricao");
INSERT INTO EnfermeiroInterv( EnfermeiroID, IntervID) VALUES (2281,177);
INSERT INTO Evento(EventoID,Descricao, Data, Admissao, Quarto) VALUES (178, "descricao","25/3/1997 19:23:23" ,22, 112);
INSERT INTO Intervencao( EventoID, Descricao) VALUES (178,"descricao");
INSERT INTO EnfermeiroInterv( EnfermeiroID, IntervID) VALUES (9145,178);
INSERT INTO Evento(EventoID,Descricao, Data, Admissao, Quarto) VALUES (179, "descricao","27/6/2019 5:19:18" ,313, 111);
INSERT INTO Intervencao( EventoID, Descricao) VALUES (179,"descricao");
INSERT INTO EnfermeiroInterv( EnfermeiroID, IntervID) VALUES (5961,179);
INSERT INTO Evento(EventoID,Descricao, Data, Admissao, Quarto) VALUES (180, "descricao","10/1/1966 14:54:2" ,271, 113);
INSERT INTO Intervencao( EventoID, Descricao) VALUES (180,"descricao");
INSERT INTO EnfermeiroInterv( EnfermeiroID, IntervID) VALUES (9327,180);
INSERT INTO Evento(EventoID,Descricao, Data, Admissao, Quarto) VALUES (181, "descricao","24/5/1984 22:55:21" ,313, 236);
INSERT INTO Intervencao( EventoID, Descricao) VALUES (181,"descricao");
INSERT INTO EnfermeiroInterv( EnfermeiroID, IntervID) VALUES (3424,181);
INSERT INTO Evento(EventoID,Descricao, Data, Admissao, Quarto) VALUES (182, "descricao","23/8/1979 8:11:6" ,452, 126);
INSERT INTO Intervencao( EventoID, Descricao) VALUES (182,"descricao");
INSERT INTO EnfermeiroInterv( EnfermeiroID, IntervID) VALUES (2281,182);
INSERT INTO Evento(EventoID,Descricao, Data, Admissao, Quarto) VALUES (183, "descricao","1/6/1986 20:50:10" ,376, 123);
INSERT INTO Intervencao( EventoID, Descricao) VALUES (183,"descricao");
INSERT INTO EnfermeiroInterv( EnfermeiroID, IntervID) VALUES (4408,183);
INSERT INTO Evento(EventoID,Descricao, Data, Admissao, Quarto) VALUES (184, "descricao","27/2/1976 16:3:1" ,304, 136);
INSERT INTO Intervencao( EventoID, Descricao) VALUES (184,"descricao");
INSERT INTO EnfermeiroInterv( EnfermeiroID, IntervID) VALUES (9145,184);
INSERT INTO Evento(EventoID,Descricao, Data, Admissao, Quarto) VALUES (185, "descricao","1/10/1983 23:36:25" ,134, 153);
INSERT INTO Intervencao( EventoID, Descricao) VALUES (185,"descricao");
INSERT INTO EnfermeiroInterv( EnfermeiroID, IntervID) VALUES (5961,185);
INSERT INTO Evento(EventoID,Descricao, Data, Admissao, Quarto) VALUES (186, "descricao","2/4/1989 4:1:26" ,127, 195);
INSERT INTO Intervencao( EventoID, Descricao) VALUES (186,"descricao");
INSERT INTO EnfermeiroInterv( EnfermeiroID, IntervID) VALUES (3691,186);
INSERT INTO Evento(EventoID,Descricao, Data, Admissao, Quarto) VALUES (187, "descricao","4/11/1990 5:32:4" ,230, 238);
INSERT INTO Intervencao( EventoID, Descricao) VALUES (187,"descricao");
INSERT INTO EnfermeiroInterv( EnfermeiroID, IntervID) VALUES (2385,187);
INSERT INTO Evento(EventoID,Descricao, Data, Admissao, Quarto) VALUES (188, "descricao","21/2/1987 20:12:3" ,107, 238);
INSERT INTO Intervencao( EventoID, Descricao) VALUES (188,"descricao");
INSERT INTO EnfermeiroInterv( EnfermeiroID, IntervID) VALUES (8335,188);
INSERT INTO Evento(EventoID,Descricao, Data, Admissao, Quarto) VALUES (189, "descricao","14/3/2001 10:27:25" ,220, 101);
INSERT INTO Intervencao( EventoID, Descricao) VALUES (189,"descricao");
INSERT INTO EnfermeiroInterv( EnfermeiroID, IntervID) VALUES (4683,189);
INSERT INTO Evento(EventoID,Descricao, Data, Admissao, Quarto) VALUES (190, "descricao","9/10/1993 15:32:56" ,406, 122);
INSERT INTO Intervencao( EventoID, Descricao) VALUES (190,"descricao");
INSERT INTO EnfermeiroInterv( EnfermeiroID, IntervID) VALUES (5585,190);
INSERT INTO Evento(EventoID,Descricao, Data, Admissao, Quarto) VALUES (191, "descricao","26/5/1963 6:8:27" ,9, 223);
INSERT INTO Intervencao( EventoID, Descricao) VALUES (191,"descricao");
INSERT INTO EnfermeiroInterv( EnfermeiroID, IntervID) VALUES (6134,191);
INSERT INTO Evento(EventoID,Descricao, Data, Admissao, Quarto) VALUES (192, "descricao","5/3/2013 1:4:51" ,445, 140);
INSERT INTO Intervencao( EventoID, Descricao) VALUES (192,"descricao");
INSERT INTO EnfermeiroInterv( EnfermeiroID, IntervID) VALUES (7462,192);
INSERT INTO Evento(EventoID,Descricao, Data, Admissao, Quarto) VALUES (193, "descricao","24/6/1987 9:33:2" ,361, 106);
INSERT INTO Intervencao( EventoID, Descricao) VALUES (193,"descricao");
INSERT INTO EnfermeiroInterv( EnfermeiroID, IntervID) VALUES (4683,193);
INSERT INTO Evento(EventoID,Descricao, Data, Admissao, Quarto) VALUES (194, "descricao","13/2/1963 8:52:21" ,487, 104);
INSERT INTO Intervencao( EventoID, Descricao) VALUES (194,"descricao");
INSERT INTO EnfermeiroInterv( EnfermeiroID, IntervID) VALUES (8385,194);
INSERT INTO Evento(EventoID,Descricao, Data, Admissao, Quarto) VALUES (195, "descricao","25/3/1963 18:29:11" ,313, 202);
INSERT INTO Intervencao( EventoID, Descricao) VALUES (195,"descricao");
INSERT INTO EnfermeiroInterv( EnfermeiroID, IntervID) VALUES (6134,195);
INSERT INTO Evento(EventoID,Descricao, Data, Admissao, Quarto) VALUES (196, "descricao","15/6/1973 14:13:56" ,182, 175);
INSERT INTO Intervencao( EventoID, Descricao) VALUES (196,"descricao");
INSERT INTO EnfermeiroInterv( EnfermeiroID, IntervID) VALUES (3006,196);
INSERT INTO Evento(EventoID,Descricao, Data, Admissao, Quarto) VALUES (197, "descricao","21/11/1990 23:46:28" ,225, 149);
INSERT INTO Intervencao( EventoID, Descricao) VALUES (197,"descricao");
INSERT INTO EnfermeiroInterv( EnfermeiroID, IntervID) VALUES (4683,197);
INSERT INTO Evento(EventoID,Descricao, Data, Admissao, Quarto) VALUES (198, "descricao","17/3/1972 17:52:1" ,392, 236);
INSERT INTO Intervencao( EventoID, Descricao) VALUES (198,"descricao");
INSERT INTO EnfermeiroInterv( EnfermeiroID, IntervID) VALUES (3740,198);
INSERT INTO Evento(EventoID,Descricao, Data, Admissao, Quarto) VALUES (199, "descricao","24/12/1969 5:13:57" ,467, 146);
INSERT INTO Intervencao( EventoID, Descricao) VALUES (199,"descricao");
INSERT INTO EnfermeiroInterv( EnfermeiroID, IntervID) VALUES (4001,199);

-- Tecnician Intervention
INSERT INTO Evento(EventoID,Descricao, Data, Admissao, Quarto) VALUES (200, "descricao","19/9/1975 5:16:41" ,110, 220);
INSERT INTO Intervencao( EventoID, Descricao) VALUES (200,"descricao");
INSERT INTO TecnicoInterv( TecnicoID, IntervID) VALUES (9500,200);
INSERT INTO Evento(EventoID,Descricao, Data, Admissao, Quarto) VALUES (201, "descricao","22/9/2001 2:35:47" ,492, 114);
INSERT INTO Intervencao( EventoID, Descricao) VALUES (201,"descricao");
INSERT INTO TecnicoInterv( TecnicoID, IntervID) VALUES (9500,201);
INSERT INTO Evento(EventoID,Descricao, Data, Admissao, Quarto) VALUES (202, "descricao","7/12/1960 20:49:57" ,207, 152);
INSERT INTO Intervencao( EventoID, Descricao) VALUES (202,"descricao");
INSERT INTO TecnicoInterv( TecnicoID, IntervID) VALUES (4116,202);
INSERT INTO Evento(EventoID,Descricao, Data, Admissao, Quarto) VALUES (203, "descricao","1/5/2005 6:3:11" ,370, 153);
INSERT INTO Intervencao( EventoID, Descricao) VALUES (203,"descricao");
INSERT INTO TecnicoInterv( TecnicoID, IntervID) VALUES (1271,203);
INSERT INTO Evento(EventoID,Descricao, Data, Admissao, Quarto) VALUES (204, "descricao","19/12/1983 21:35:10" ,399, 240);
INSERT INTO Intervencao( EventoID, Descricao) VALUES (204,"descricao");
INSERT INTO TecnicoInterv( TecnicoID, IntervID) VALUES (4116,204);
INSERT INTO Evento(EventoID,Descricao, Data, Admissao, Quarto) VALUES (205, "descricao","7/5/2016 3:50:23" ,424, 178);
INSERT INTO Intervencao( EventoID, Descricao) VALUES (205,"descricao");
INSERT INTO TecnicoInterv( TecnicoID, IntervID) VALUES (7646,205);
INSERT INTO Evento(EventoID,Descricao, Data, Admissao, Quarto) VALUES (206, "descricao","11/9/2002 11:52:46" ,315, 218);
INSERT INTO Intervencao( EventoID, Descricao) VALUES (206,"descricao");
INSERT INTO TecnicoInterv( TecnicoID, IntervID) VALUES (1392,206);
INSERT INTO Evento(EventoID,Descricao, Data, Admissao, Quarto) VALUES (207, "descricao","19/11/1991 13:1:48" ,142, 175);
INSERT INTO Intervencao( EventoID, Descricao) VALUES (207,"descricao");
INSERT INTO TecnicoInterv( TecnicoID, IntervID) VALUES (9943,207);
INSERT INTO Evento(EventoID,Descricao, Data, Admissao, Quarto) VALUES (208, "descricao","10/5/1961 21:57:2" ,384, 115);
INSERT INTO Intervencao( EventoID, Descricao) VALUES (208,"descricao");
INSERT INTO TecnicoInterv( TecnicoID, IntervID) VALUES (9837,208);
INSERT INTO Evento(EventoID,Descricao, Data, Admissao, Quarto) VALUES (209, "descricao","14/1/1979 22:27:2" ,425, 229);
INSERT INTO Intervencao( EventoID, Descricao) VALUES (209,"descricao");
INSERT INTO TecnicoInterv( TecnicoID, IntervID) VALUES (9976,209);
INSERT INTO Evento(EventoID,Descricao, Data, Admissao, Quarto) VALUES (210, "descricao","7/6/1998 16:2:9" ,118, 237);
INSERT INTO Intervencao( EventoID, Descricao) VALUES (210,"descricao");
INSERT INTO TecnicoInterv( TecnicoID, IntervID) VALUES (5706,210);
INSERT INTO Evento(EventoID,Descricao, Data, Admissao, Quarto) VALUES (211, "descricao","27/1/1964 7:20:24" ,94, 128);
INSERT INTO Intervencao( EventoID, Descricao) VALUES (211,"descricao");
INSERT INTO TecnicoInterv( TecnicoID, IntervID) VALUES (3754,211);
INSERT INTO Evento(EventoID,Descricao, Data, Admissao, Quarto) VALUES (212, "descricao","24/5/1988 22:56:3" ,457, 104);
INSERT INTO Intervencao( EventoID, Descricao) VALUES (212,"descricao");
INSERT INTO TecnicoInterv( TecnicoID, IntervID) VALUES (4116,212);
INSERT INTO Evento(EventoID,Descricao, Data, Admissao, Quarto) VALUES (213, "descricao","13/12/1981 12:42:21" ,315, 125);
INSERT INTO Intervencao( EventoID, Descricao) VALUES (213,"descricao");
INSERT INTO TecnicoInterv( TecnicoID, IntervID) VALUES (9976,213);
INSERT INTO Evento(EventoID,Descricao, Data, Admissao, Quarto) VALUES (214, "descricao","21/9/1971 11:46:24" ,318, 240);
INSERT INTO Intervencao( EventoID, Descricao) VALUES (214,"descricao");
INSERT INTO TecnicoInterv( TecnicoID, IntervID) VALUES (9500,214);
INSERT INTO Evento(EventoID,Descricao, Data, Admissao, Quarto) VALUES (215, "descricao","6/1/2006 1:48:48" ,66, 167);
INSERT INTO Intervencao( EventoID, Descricao) VALUES (215,"descricao");
INSERT INTO TecnicoInterv( TecnicoID, IntervID) VALUES (3754,215);
INSERT INTO Evento(EventoID,Descricao, Data, Admissao, Quarto) VALUES (216, "descricao","15/5/2017 2:59:1" ,23, 243);
INSERT INTO Intervencao( EventoID, Descricao) VALUES (216,"descricao");
INSERT INTO TecnicoInterv( TecnicoID, IntervID) VALUES (6628,216);
INSERT INTO Evento(EventoID,Descricao, Data, Admissao, Quarto) VALUES (217, "descricao","15/8/2008 15:52:9" ,73, 169);
INSERT INTO Intervencao( EventoID, Descricao) VALUES (217,"descricao");
INSERT INTO TecnicoInterv( TecnicoID, IntervID) VALUES (5706,217);
INSERT INTO Evento(EventoID,Descricao, Data, Admissao, Quarto) VALUES (218, "descricao","17/1/1969 0:34:11" ,247, 173);
INSERT INTO Intervencao( EventoID, Descricao) VALUES (218,"descricao");
INSERT INTO TecnicoInterv( TecnicoID, IntervID) VALUES (5068,218);
INSERT INTO Evento(EventoID,Descricao, Data, Admissao, Quarto) VALUES (219, "descricao","1/3/1971 5:21:43" ,423, 196);
INSERT INTO Intervencao( EventoID, Descricao) VALUES (219,"descricao");
INSERT INTO TecnicoInterv( TecnicoID, IntervID) VALUES (4116,219);
INSERT INTO Evento(EventoID,Descricao, Data, Admissao, Quarto) VALUES (220, "descricao","11/6/1990 4:46:55" ,122, 182);
INSERT INTO Intervencao( EventoID, Descricao) VALUES (220,"descricao");
INSERT INTO TecnicoInterv( TecnicoID, IntervID) VALUES (5068,220);
INSERT INTO Evento(EventoID,Descricao, Data, Admissao, Quarto) VALUES (221, "descricao","19/4/1997 22:49:20" ,3, 156);
INSERT INTO Intervencao( EventoID, Descricao) VALUES (221,"descricao");
INSERT INTO TecnicoInterv( TecnicoID, IntervID) VALUES (9500,221);
INSERT INTO Evento(EventoID,Descricao, Data, Admissao, Quarto) VALUES (222, "descricao","28/1/2009 1:3:43" ,470, 211);
INSERT INTO Intervencao( EventoID, Descricao) VALUES (222,"descricao");
INSERT INTO TecnicoInterv( TecnicoID, IntervID) VALUES (1392,222);
INSERT INTO Evento(EventoID,Descricao, Data, Admissao, Quarto) VALUES (223, "descricao","14/7/2002 21:40:9" ,413, 149);
INSERT INTO Intervencao( EventoID, Descricao) VALUES (223,"descricao");
INSERT INTO TecnicoInterv( TecnicoID, IntervID) VALUES (7646,223);
INSERT INTO Evento(EventoID,Descricao, Data, Admissao, Quarto) VALUES (224, "descricao","22/12/1965 19:6:7" ,488, 200);
INSERT INTO Intervencao( EventoID, Descricao) VALUES (224,"descricao");
INSERT INTO TecnicoInterv( TecnicoID, IntervID) VALUES (5706,224);
INSERT INTO Evento(EventoID,Descricao, Data, Admissao, Quarto) VALUES (225, "descricao","11/9/1981 12:45:38" ,271, 101);
INSERT INTO Intervencao( EventoID, Descricao) VALUES (225,"descricao");
INSERT INTO TecnicoInterv( TecnicoID, IntervID) VALUES (4116,225);
INSERT INTO Evento(EventoID,Descricao, Data, Admissao, Quarto) VALUES (226, "descricao","3/4/1990 15:22:0" ,340, 104);
INSERT INTO Intervencao( EventoID, Descricao) VALUES (226,"descricao");
INSERT INTO TecnicoInterv( TecnicoID, IntervID) VALUES (9837,226);
INSERT INTO Evento(EventoID,Descricao, Data, Admissao, Quarto) VALUES (227, "descricao","17/12/2013 22:35:55" ,321, 118);
INSERT INTO Intervencao( EventoID, Descricao) VALUES (227,"descricao");
INSERT INTO TecnicoInterv( TecnicoID, IntervID) VALUES (6628,227);
INSERT INTO Evento(EventoID,Descricao, Data, Admissao, Quarto) VALUES (228, "descricao","20/6/1987 18:2:28" ,256, 126);
INSERT INTO Intervencao( EventoID, Descricao) VALUES (228,"descricao");
INSERT INTO TecnicoInterv( TecnicoID, IntervID) VALUES (6628,228);
INSERT INTO Evento(EventoID,Descricao, Data, Admissao, Quarto) VALUES (229, "descricao","6/4/1963 8:24:47" ,137, 189);
INSERT INTO Intervencao( EventoID, Descricao) VALUES (229,"descricao");
INSERT INTO TecnicoInterv( TecnicoID, IntervID) VALUES (9943,229);
INSERT INTO Evento(EventoID,Descricao, Data, Admissao, Quarto) VALUES (230, "descricao","27/8/2019 20:31:50" ,12, 179);
INSERT INTO Intervencao( EventoID, Descricao) VALUES (230,"descricao");
INSERT INTO TecnicoInterv( TecnicoID, IntervID) VALUES (4116,230);
INSERT INTO Evento(EventoID,Descricao, Data, Admissao, Quarto) VALUES (231, "descricao","19/11/1979 2:48:31" ,463, 162);
INSERT INTO Intervencao( EventoID, Descricao) VALUES (231,"descricao");
INSERT INTO TecnicoInterv( TecnicoID, IntervID) VALUES (4116,231);
INSERT INTO Evento(EventoID,Descricao, Data, Admissao, Quarto) VALUES (232, "descricao","18/5/1968 5:50:57" ,113, 110);
INSERT INTO Intervencao( EventoID, Descricao) VALUES (232,"descricao");
INSERT INTO TecnicoInterv( TecnicoID, IntervID) VALUES (4810,232);
INSERT INTO Evento(EventoID,Descricao, Data, Admissao, Quarto) VALUES (233, "descricao","14/4/1975 16:4:32" ,57, 181);
INSERT INTO Intervencao( EventoID, Descricao) VALUES (233,"descricao");
INSERT INTO TecnicoInterv( TecnicoID, IntervID) VALUES (2362,233);
INSERT INTO Evento(EventoID,Descricao, Data, Admissao, Quarto) VALUES (234, "descricao","5/1/1984 11:30:38" ,39, 105);
INSERT INTO Intervencao( EventoID, Descricao) VALUES (234,"descricao");
INSERT INTO TecnicoInterv( TecnicoID, IntervID) VALUES (3754,234);
INSERT INTO Evento(EventoID,Descricao, Data, Admissao, Quarto) VALUES (235, "descricao","1/8/1980 17:15:39" ,107, 114);
INSERT INTO Intervencao( EventoID, Descricao) VALUES (235,"descricao");
INSERT INTO TecnicoInterv( TecnicoID, IntervID) VALUES (4116,235);
INSERT INTO Evento(EventoID,Descricao, Data, Admissao, Quarto) VALUES (236, "descricao","7/9/1998 0:5:23" ,435, 164);
INSERT INTO Intervencao( EventoID, Descricao) VALUES (236,"descricao");
INSERT INTO TecnicoInterv( TecnicoID, IntervID) VALUES (9943,236);
INSERT INTO Evento(EventoID,Descricao, Data, Admissao, Quarto) VALUES (237, "descricao","9/4/2001 8:7:23" ,163, 192);
INSERT INTO Intervencao( EventoID, Descricao) VALUES (237,"descricao");
INSERT INTO TecnicoInterv( TecnicoID, IntervID) VALUES (4116,237);
INSERT INTO Evento(EventoID,Descricao, Data, Admissao, Quarto) VALUES (238, "descricao","10/6/1968 1:39:44" ,88, 236);
INSERT INTO Intervencao( EventoID, Descricao) VALUES (238,"descricao");
INSERT INTO TecnicoInterv( TecnicoID, IntervID) VALUES (9160,238);
INSERT INTO Evento(EventoID,Descricao, Data, Admissao, Quarto) VALUES (239, "descricao","20/8/1983 13:0:10" ,136, 132);
INSERT INTO Intervencao( EventoID, Descricao) VALUES (239,"descricao");
INSERT INTO TecnicoInterv( TecnicoID, IntervID) VALUES (9160,239);
INSERT INTO Evento(EventoID,Descricao, Data, Admissao, Quarto) VALUES (240, "descricao","24/5/1991 19:0:51" ,82, 183);
INSERT INTO Intervencao( EventoID, Descricao) VALUES (240,"descricao");
INSERT INTO TecnicoInterv( TecnicoID, IntervID) VALUES (5706,240);
INSERT INTO Evento(EventoID,Descricao, Data, Admissao, Quarto) VALUES (241, "descricao","25/5/1960 11:43:9" ,71, 120);
INSERT INTO Intervencao( EventoID, Descricao) VALUES (241,"descricao");
INSERT INTO TecnicoInterv( TecnicoID, IntervID) VALUES (9500,241);
INSERT INTO Evento(EventoID,Descricao, Data, Admissao, Quarto) VALUES (242, "descricao","13/2/1995 5:58:28" ,150, 181);
INSERT INTO Intervencao( EventoID, Descricao) VALUES (242,"descricao");
INSERT INTO TecnicoInterv( TecnicoID, IntervID) VALUES (3754,242);
INSERT INTO Evento(EventoID,Descricao, Data, Admissao, Quarto) VALUES (243, "descricao","22/11/2017 1:59:13" ,64, 215);
INSERT INTO Intervencao( EventoID, Descricao) VALUES (243,"descricao");
INSERT INTO TecnicoInterv( TecnicoID, IntervID) VALUES (9976,243);
INSERT INTO Evento(EventoID,Descricao, Data, Admissao, Quarto) VALUES (244, "descricao","8/10/1989 3:13:5" ,71, 131);
INSERT INTO Intervencao( EventoID, Descricao) VALUES (244,"descricao");
INSERT INTO TecnicoInterv( TecnicoID, IntervID) VALUES (2362,244);
INSERT INTO Evento(EventoID,Descricao, Data, Admissao, Quarto) VALUES (245, "descricao","2/5/1989 19:5:51" ,75, 158);
INSERT INTO Intervencao( EventoID, Descricao) VALUES (245,"descricao");
INSERT INTO TecnicoInterv( TecnicoID, IntervID) VALUES (5068,245);
INSERT INTO Evento(EventoID,Descricao, Data, Admissao, Quarto) VALUES (246, "descricao","17/9/1963 5:27:10" ,54, 178);
INSERT INTO Intervencao( EventoID, Descricao) VALUES (246,"descricao");
INSERT INTO TecnicoInterv( TecnicoID, IntervID) VALUES (9837,246);
INSERT INTO Evento(EventoID,Descricao, Data, Admissao, Quarto) VALUES (247, "descricao","18/4/1962 7:24:7" ,287, 209);
INSERT INTO Intervencao( EventoID, Descricao) VALUES (247,"descricao");
INSERT INTO TecnicoInterv( TecnicoID, IntervID) VALUES (5568,247);
INSERT INTO Evento(EventoID,Descricao, Data, Admissao, Quarto) VALUES (248, "descricao","12/5/1986 13:19:46" ,470, 218);
INSERT INTO Intervencao( EventoID, Descricao) VALUES (248,"descricao");
INSERT INTO TecnicoInterv( TecnicoID, IntervID) VALUES (5706,248);
INSERT INTO Evento(EventoID,Descricao, Data, Admissao, Quarto) VALUES (249, "descricao","15/3/1997 22:12:49" ,253, 149);
INSERT INTO Intervencao( EventoID, Descricao) VALUES (249,"descricao");
INSERT INTO TecnicoInterv( TecnicoID, IntervID) VALUES (9160,249);
INSERT INTO Evento(EventoID,Descricao, Data, Admissao, Quarto) VALUES (250, "descricao","26/5/1978 1:53:56" ,445, 157);
INSERT INTO Intervencao( EventoID, Descricao) VALUES (250,"descricao");
INSERT INTO TecnicoInterv( TecnicoID, IntervID) VALUES (4810,250);
INSERT INTO Evento(EventoID,Descricao, Data, Admissao, Quarto) VALUES (251, "descricao","28/7/1997 1:48:14" ,34, 202);
INSERT INTO Intervencao( EventoID, Descricao) VALUES (251,"descricao");
INSERT INTO TecnicoInterv( TecnicoID, IntervID) VALUES (1392,251);
INSERT INTO Evento(EventoID,Descricao, Data, Admissao, Quarto) VALUES (252, "descricao","23/4/1962 8:42:15" ,25, 127);
INSERT INTO Intervencao( EventoID, Descricao) VALUES (252,"descricao");
INSERT INTO TecnicoInterv( TecnicoID, IntervID) VALUES (1392,252);
INSERT INTO Evento(EventoID,Descricao, Data, Admissao, Quarto) VALUES (253, "descricao","20/7/2013 10:11:17" ,328, 127);
INSERT INTO Intervencao( EventoID, Descricao) VALUES (253,"descricao");
INSERT INTO TecnicoInterv( TecnicoID, IntervID) VALUES (6628,253);
INSERT INTO Evento(EventoID,Descricao, Data, Admissao, Quarto) VALUES (254, "descricao","26/8/1988 19:51:14" ,136, 204);
INSERT INTO Intervencao( EventoID, Descricao) VALUES (254,"descricao");
INSERT INTO TecnicoInterv( TecnicoID, IntervID) VALUES (5706,254);
INSERT INTO Evento(EventoID,Descricao, Data, Admissao, Quarto) VALUES (255, "descricao","5/1/2001 21:36:2" ,10, 138);
INSERT INTO Intervencao( EventoID, Descricao) VALUES (255,"descricao");
INSERT INTO TecnicoInterv( TecnicoID, IntervID) VALUES (4810,255);
INSERT INTO Evento(EventoID,Descricao, Data, Admissao, Quarto) VALUES (256, "descricao","26/3/2007 4:2:4" ,114, 192);
INSERT INTO Intervencao( EventoID, Descricao) VALUES (256,"descricao");
INSERT INTO TecnicoInterv( TecnicoID, IntervID) VALUES (5568,256);
INSERT INTO Evento(EventoID,Descricao, Data, Admissao, Quarto) VALUES (257, "descricao","1/12/1982 3:53:30" ,10, 117);
INSERT INTO Intervencao( EventoID, Descricao) VALUES (257,"descricao");
INSERT INTO TecnicoInterv( TecnicoID, IntervID) VALUES (9943,257);
INSERT INTO Evento(EventoID,Descricao, Data, Admissao, Quarto) VALUES (258, "descricao","8/11/1985 9:55:0" ,115, 129);
INSERT INTO Intervencao( EventoID, Descricao) VALUES (258,"descricao");
INSERT INTO TecnicoInterv( TecnicoID, IntervID) VALUES (3754,258);
INSERT INTO Evento(EventoID,Descricao, Data, Admissao, Quarto) VALUES (259, "descricao","26/7/1994 9:38:59" ,176, 175);
INSERT INTO Intervencao( EventoID, Descricao) VALUES (259,"descricao");
INSERT INTO TecnicoInterv( TecnicoID, IntervID) VALUES (4810,259);
INSERT INTO Evento(EventoID,Descricao, Data, Admissao, Quarto) VALUES (260, "descricao","3/11/1983 0:30:2" ,13, 220);
INSERT INTO Intervencao( EventoID, Descricao) VALUES (260,"descricao");
INSERT INTO TecnicoInterv( TecnicoID, IntervID) VALUES (5068,260);
INSERT INTO Evento(EventoID,Descricao, Data, Admissao, Quarto) VALUES (261, "descricao","1/4/2013 5:49:22" ,60, 209);
INSERT INTO Intervencao( EventoID, Descricao) VALUES (261,"descricao");
INSERT INTO TecnicoInterv( TecnicoID, IntervID) VALUES (9943,261);
INSERT INTO Evento(EventoID,Descricao, Data, Admissao, Quarto) VALUES (262, "descricao","9/10/2009 14:53:17" ,176, 173);
INSERT INTO Intervencao( EventoID, Descricao) VALUES (262,"descricao");
INSERT INTO TecnicoInterv( TecnicoID, IntervID) VALUES (7646,262);
INSERT INTO Evento(EventoID,Descricao, Data, Admissao, Quarto) VALUES (263, "descricao","6/12/1983 4:15:10" ,280, 120);
INSERT INTO Intervencao( EventoID, Descricao) VALUES (263,"descricao");
INSERT INTO TecnicoInterv( TecnicoID, IntervID) VALUES (5568,263);
INSERT INTO Evento(EventoID,Descricao, Data, Admissao, Quarto) VALUES (264, "descricao","10/5/1994 14:58:8" ,169, 155);
INSERT INTO Intervencao( EventoID, Descricao) VALUES (264,"descricao");
INSERT INTO TecnicoInterv( TecnicoID, IntervID) VALUES (9943,264);
INSERT INTO Evento(EventoID,Descricao, Data, Admissao, Quarto) VALUES (265, "descricao","4/3/1972 7:58:10" ,100, 225);
INSERT INTO Intervencao( EventoID, Descricao) VALUES (265,"descricao");
INSERT INTO TecnicoInterv( TecnicoID, IntervID) VALUES (4116,265);
INSERT INTO Evento(EventoID,Descricao, Data, Admissao, Quarto) VALUES (266, "descricao","9/3/1994 15:13:48" ,13, 217);
INSERT INTO Intervencao( EventoID, Descricao) VALUES (266,"descricao");
INSERT INTO TecnicoInterv( TecnicoID, IntervID) VALUES (2362,266);
INSERT INTO Evento(EventoID,Descricao, Data, Admissao, Quarto) VALUES (267, "descricao","14/6/1994 8:42:6" ,406, 165);
INSERT INTO Intervencao( EventoID, Descricao) VALUES (267,"descricao");
INSERT INTO TecnicoInterv( TecnicoID, IntervID) VALUES (5706,267);
INSERT INTO Evento(EventoID,Descricao, Data, Admissao, Quarto) VALUES (268, "descricao","10/10/2000 3:57:55" ,294, 192);
INSERT INTO Intervencao( EventoID, Descricao) VALUES (268,"descricao");
INSERT INTO TecnicoInterv( TecnicoID, IntervID) VALUES (9837,268);
INSERT INTO Evento(EventoID,Descricao, Data, Admissao, Quarto) VALUES (269, "descricao","5/6/1965 1:32:9" ,464, 149);
INSERT INTO Intervencao( EventoID, Descricao) VALUES (269,"descricao");
INSERT INTO TecnicoInterv( TecnicoID, IntervID) VALUES (5068,269);
INSERT INTO Evento(EventoID,Descricao, Data, Admissao, Quarto) VALUES (270, "descricao","17/1/2003 7:53:7" ,179, 215);
INSERT INTO Intervencao( EventoID, Descricao) VALUES (270,"descricao");
INSERT INTO TecnicoInterv( TecnicoID, IntervID) VALUES (9943,270);
INSERT INTO Evento(EventoID,Descricao, Data, Admissao, Quarto) VALUES (271, "descricao","11/7/2017 11:35:27" ,441, 215);
INSERT INTO Intervencao( EventoID, Descricao) VALUES (271,"descricao");
INSERT INTO TecnicoInterv( TecnicoID, IntervID) VALUES (5706,271);
INSERT INTO Evento(EventoID,Descricao, Data, Admissao, Quarto) VALUES (272, "descricao","21/9/1996 1:24:10" ,34, 234);
INSERT INTO Intervencao( EventoID, Descricao) VALUES (272,"descricao");
INSERT INTO TecnicoInterv( TecnicoID, IntervID) VALUES (6628,272);
INSERT INTO Evento(EventoID,Descricao, Data, Admissao, Quarto) VALUES (273, "descricao","28/1/1995 13:34:55" ,235, 146);
INSERT INTO Intervencao( EventoID, Descricao) VALUES (273,"descricao");
INSERT INTO TecnicoInterv( TecnicoID, IntervID) VALUES (6628,273);
INSERT INTO Evento(EventoID,Descricao, Data, Admissao, Quarto) VALUES (274, "descricao","3/4/1977 20:48:28" ,426, 214);
INSERT INTO Intervencao( EventoID, Descricao) VALUES (274,"descricao");
INSERT INTO TecnicoInterv( TecnicoID, IntervID) VALUES (6628,274);
INSERT INTO Evento(EventoID,Descricao, Data, Admissao, Quarto) VALUES (275, "descricao","24/6/1978 8:9:44" ,475, 164);
INSERT INTO Intervencao( EventoID, Descricao) VALUES (275,"descricao");
INSERT INTO TecnicoInterv( TecnicoID, IntervID) VALUES (1392,275);
INSERT INTO Evento(EventoID,Descricao, Data, Admissao, Quarto) VALUES (276, "descricao","27/7/2002 1:34:25" ,432, 123);
INSERT INTO Intervencao( EventoID, Descricao) VALUES (276,"descricao");
INSERT INTO TecnicoInterv( TecnicoID, IntervID) VALUES (5568,276);
INSERT INTO Evento(EventoID,Descricao, Data, Admissao, Quarto) VALUES (277, "descricao","8/2/1986 2:19:27" ,234, 208);
INSERT INTO Intervencao( EventoID, Descricao) VALUES (277,"descricao");
INSERT INTO TecnicoInterv( TecnicoID, IntervID) VALUES (3754,277);
INSERT INTO Evento(EventoID,Descricao, Data, Admissao, Quarto) VALUES (278, "descricao","20/5/1961 13:57:59" ,19, 233);
INSERT INTO Intervencao( EventoID, Descricao) VALUES (278,"descricao");
INSERT INTO TecnicoInterv( TecnicoID, IntervID) VALUES (9160,278);
INSERT INTO Evento(EventoID,Descricao, Data, Admissao, Quarto) VALUES (279, "descricao","17/12/1976 13:30:33" ,172, 124);
INSERT INTO Intervencao( EventoID, Descricao) VALUES (279,"descricao");
INSERT INTO TecnicoInterv( TecnicoID, IntervID) VALUES (4116,279);
INSERT INTO Evento(EventoID,Descricao, Data, Admissao, Quarto) VALUES (280, "descricao","11/12/1998 1:16:48" ,300, 234);
INSERT INTO Intervencao( EventoID, Descricao) VALUES (280,"descricao");
INSERT INTO TecnicoInterv( TecnicoID, IntervID) VALUES (1392,280);
INSERT INTO Evento(EventoID,Descricao, Data, Admissao, Quarto) VALUES (281, "descricao","22/5/1972 10:14:27" ,445, 168);
INSERT INTO Intervencao( EventoID, Descricao) VALUES (281,"descricao");
INSERT INTO TecnicoInterv( TecnicoID, IntervID) VALUES (4810,281);
INSERT INTO Evento(EventoID,Descricao, Data, Admissao, Quarto) VALUES (282, "descricao","20/11/1982 16:10:39" ,207, 179);
INSERT INTO Intervencao( EventoID, Descricao) VALUES (282,"descricao");
INSERT INTO TecnicoInterv( TecnicoID, IntervID) VALUES (2362,282);
INSERT INTO Evento(EventoID,Descricao, Data, Admissao, Quarto) VALUES (283, "descricao","26/2/1989 16:33:11" ,174, 202);
INSERT INTO Intervencao( EventoID, Descricao) VALUES (283,"descricao");
INSERT INTO TecnicoInterv( TecnicoID, IntervID) VALUES (5568,283);
INSERT INTO Evento(EventoID,Descricao, Data, Admissao, Quarto) VALUES (284, "descricao","19/3/2003 13:1:13" ,379, 108);
INSERT INTO Intervencao( EventoID, Descricao) VALUES (284,"descricao");
INSERT INTO TecnicoInterv( TecnicoID, IntervID) VALUES (6628,284);
INSERT INTO Evento(EventoID,Descricao, Data, Admissao, Quarto) VALUES (285, "descricao","17/2/2013 23:45:57" ,2, 222);
INSERT INTO Intervencao( EventoID, Descricao) VALUES (285,"descricao");
INSERT INTO TecnicoInterv( TecnicoID, IntervID) VALUES (4116,285);
INSERT INTO Evento(EventoID,Descricao, Data, Admissao, Quarto) VALUES (286, "descricao","10/11/2017 21:37:42" ,374, 248);
INSERT INTO Intervencao( EventoID, Descricao) VALUES (286,"descricao");
INSERT INTO TecnicoInterv( TecnicoID, IntervID) VALUES (9837,286);
INSERT INTO Evento(EventoID,Descricao, Data, Admissao, Quarto) VALUES (287, "descricao","9/4/2003 5:16:1" ,290, 189);
INSERT INTO Intervencao( EventoID, Descricao) VALUES (287,"descricao");
INSERT INTO TecnicoInterv( TecnicoID, IntervID) VALUES (2362,287);
INSERT INTO Evento(EventoID,Descricao, Data, Admissao, Quarto) VALUES (288, "descricao","12/4/1966 19:4:14" ,123, 247);
INSERT INTO Intervencao( EventoID, Descricao) VALUES (288,"descricao");
INSERT INTO TecnicoInterv( TecnicoID, IntervID) VALUES (5706,288);
INSERT INTO Evento(EventoID,Descricao, Data, Admissao, Quarto) VALUES (289, "descricao","13/11/2000 23:36:36" ,436, 247);
INSERT INTO Intervencao( EventoID, Descricao) VALUES (289,"descricao");
INSERT INTO TecnicoInterv( TecnicoID, IntervID) VALUES (4116,289);
INSERT INTO Evento(EventoID,Descricao, Data, Admissao, Quarto) VALUES (290, "descricao","18/6/1989 13:55:10" ,228, 213);
INSERT INTO Intervencao( EventoID, Descricao) VALUES (290,"descricao");
INSERT INTO TecnicoInterv( TecnicoID, IntervID) VALUES (1392,290);
INSERT INTO Evento(EventoID,Descricao, Data, Admissao, Quarto) VALUES (291, "descricao","8/5/2012 23:27:26" ,367, 174);
INSERT INTO Intervencao( EventoID, Descricao) VALUES (291,"descricao");
INSERT INTO TecnicoInterv( TecnicoID, IntervID) VALUES (9500,291);
INSERT INTO Evento(EventoID,Descricao, Data, Admissao, Quarto) VALUES (292, "descricao","16/4/2014 12:56:12" ,179, 166);
INSERT INTO Intervencao( EventoID, Descricao) VALUES (292,"descricao");
INSERT INTO TecnicoInterv( TecnicoID, IntervID) VALUES (4810,292);
INSERT INTO Evento(EventoID,Descricao, Data, Admissao, Quarto) VALUES (293, "descricao","27/1/2004 5:58:7" ,65, 156);
INSERT INTO Intervencao( EventoID, Descricao) VALUES (293,"descricao");
INSERT INTO TecnicoInterv( TecnicoID, IntervID) VALUES (9160,293);
INSERT INTO Evento(EventoID,Descricao, Data, Admissao, Quarto) VALUES (294, "descricao","27/2/2018 14:54:58" ,304, 143);
INSERT INTO Intervencao( EventoID, Descricao) VALUES (294,"descricao");
INSERT INTO TecnicoInterv( TecnicoID, IntervID) VALUES (4810,294);
INSERT INTO Evento(EventoID,Descricao, Data, Admissao, Quarto) VALUES (295, "descricao","7/12/2016 4:7:49" ,337, 229);
INSERT INTO Intervencao( EventoID, Descricao) VALUES (295,"descricao");
INSERT INTO TecnicoInterv( TecnicoID, IntervID) VALUES (1392,295);
INSERT INTO Evento(EventoID,Descricao, Data, Admissao, Quarto) VALUES (296, "descricao","21/1/1971 20:19:7" ,305, 211);
INSERT INTO Intervencao( EventoID, Descricao) VALUES (296,"descricao");
INSERT INTO TecnicoInterv( TecnicoID, IntervID) VALUES (5068,296);
INSERT INTO Evento(EventoID,Descricao, Data, Admissao, Quarto) VALUES (297, "descricao","12/12/1998 16:33:3" ,352, 116);
INSERT INTO Intervencao( EventoID, Descricao) VALUES (297,"descricao");
INSERT INTO TecnicoInterv( TecnicoID, IntervID) VALUES (1271,297);
INSERT INTO Evento(EventoID,Descricao, Data, Admissao, Quarto) VALUES (298, "descricao","13/5/1969 21:45:33" ,478, 237);
INSERT INTO Intervencao( EventoID, Descricao) VALUES (298,"descricao");
INSERT INTO TecnicoInterv( TecnicoID, IntervID) VALUES (7646,298);
INSERT INTO Evento(EventoID,Descricao, Data, Admissao, Quarto) VALUES (299, "descricao","26/11/2000 10:18:45" ,499, 136);
INSERT INTO Intervencao( EventoID, Descricao) VALUES (299,"descricao");
INSERT INTO TecnicoInterv( TecnicoID, IntervID) VALUES (1392,299);
INSERT INTO Evento(EventoID,Descricao, Data, Admissao, Quarto) VALUES (300, "descricao","6/1/1980 5:12:33" ,100, 110);
INSERT INTO Intervencao( EventoID, Descricao) VALUES (300,"descricao");
INSERT INTO TecnicoInterv( TecnicoID, IntervID) VALUES (4116,300);
INSERT INTO Evento(EventoID,Descricao, Data, Admissao, Quarto) VALUES (301, "descricao","16/7/1972 3:52:16" ,65, 136);
INSERT INTO Intervencao( EventoID, Descricao) VALUES (301,"descricao");
INSERT INTO TecnicoInterv( TecnicoID, IntervID) VALUES (5568,301);
INSERT INTO Evento(EventoID,Descricao, Data, Admissao, Quarto) VALUES (302, "descricao","6/10/2011 4:38:55" ,449, 219);
INSERT INTO Intervencao( EventoID, Descricao) VALUES (302,"descricao");
INSERT INTO TecnicoInterv( TecnicoID, IntervID) VALUES (5568,302);
INSERT INTO Evento(EventoID,Descricao, Data, Admissao, Quarto) VALUES (303, "descricao","9/9/2018 7:36:13" ,306, 164);
INSERT INTO Intervencao( EventoID, Descricao) VALUES (303,"descricao");
INSERT INTO TecnicoInterv( TecnicoID, IntervID) VALUES (1271,303);
INSERT INTO Evento(EventoID,Descricao, Data, Admissao, Quarto) VALUES (304, "descricao","28/8/2004 8:0:51" ,158, 120);
INSERT INTO Intervencao( EventoID, Descricao) VALUES (304,"descricao");
INSERT INTO TecnicoInterv( TecnicoID, IntervID) VALUES (1271,304);
INSERT INTO Evento(EventoID,Descricao, Data, Admissao, Quarto) VALUES (305, "descricao","16/9/1992 16:39:12" ,390, 149);
INSERT INTO Intervencao( EventoID, Descricao) VALUES (305,"descricao");
INSERT INTO TecnicoInterv( TecnicoID, IntervID) VALUES (5706,305);
INSERT INTO Evento(EventoID,Descricao, Data, Admissao, Quarto) VALUES (306, "descricao","11/8/1972 21:56:1" ,21, 205);
INSERT INTO Intervencao( EventoID, Descricao) VALUES (306,"descricao");
INSERT INTO TecnicoInterv( TecnicoID, IntervID) VALUES (7646,306);
INSERT INTO Evento(EventoID,Descricao, Data, Admissao, Quarto) VALUES (307, "descricao","14/9/1982 2:45:48" ,71, 183);
INSERT INTO Intervencao( EventoID, Descricao) VALUES (307,"descricao");
INSERT INTO TecnicoInterv( TecnicoID, IntervID) VALUES (9943,307);
INSERT INTO Evento(EventoID,Descricao, Data, Admissao, Quarto) VALUES (308, "descricao","25/4/1989 13:22:52" ,291, 147);
INSERT INTO Intervencao( EventoID, Descricao) VALUES (308,"descricao");
INSERT INTO TecnicoInterv( TecnicoID, IntervID) VALUES (7646,308);
INSERT INTO Evento(EventoID,Descricao, Data, Admissao, Quarto) VALUES (309, "descricao","15/9/2003 0:17:17" ,208, 198);
INSERT INTO Intervencao( EventoID, Descricao) VALUES (309,"descricao");
INSERT INTO TecnicoInterv( TecnicoID, IntervID) VALUES (2362,309);
INSERT INTO Evento(EventoID,Descricao, Data, Admissao, Quarto) VALUES (310, "descricao","14/2/1991 6:10:54" ,170, 240);
INSERT INTO Intervencao( EventoID, Descricao) VALUES (310,"descricao");
INSERT INTO TecnicoInterv( TecnicoID, IntervID) VALUES (2362,310);
INSERT INTO Evento(EventoID,Descricao, Data, Admissao, Quarto) VALUES (311, "descricao","19/2/2008 2:55:45" ,3, 174);
INSERT INTO Intervencao( EventoID, Descricao) VALUES (311,"descricao");
INSERT INTO TecnicoInterv( TecnicoID, IntervID) VALUES (7646,311);
INSERT INTO Evento(EventoID,Descricao, Data, Admissao, Quarto) VALUES (312, "descricao","16/3/2008 15:17:35" ,155, 141);
INSERT INTO Intervencao( EventoID, Descricao) VALUES (312,"descricao");
INSERT INTO TecnicoInterv( TecnicoID, IntervID) VALUES (4810,312);
INSERT INTO Evento(EventoID,Descricao, Data, Admissao, Quarto) VALUES (313, "descricao","6/9/1983 23:17:8" ,84, 120);
INSERT INTO Intervencao( EventoID, Descricao) VALUES (313,"descricao");
INSERT INTO TecnicoInterv( TecnicoID, IntervID) VALUES (6628,313);
INSERT INTO Evento(EventoID,Descricao, Data, Admissao, Quarto) VALUES (314, "descricao","27/6/1983 18:33:5" ,18, 200);
INSERT INTO Intervencao( EventoID, Descricao) VALUES (314,"descricao");
INSERT INTO TecnicoInterv( TecnicoID, IntervID) VALUES (9976,314);
INSERT INTO Evento(EventoID,Descricao, Data, Admissao, Quarto) VALUES (315, "descricao","8/2/1966 4:44:10" ,364, 118);
INSERT INTO Intervencao( EventoID, Descricao) VALUES (315,"descricao");
INSERT INTO TecnicoInterv( TecnicoID, IntervID) VALUES (1271,315);
INSERT INTO Evento(EventoID,Descricao, Data, Admissao, Quarto) VALUES (316, "descricao","2/10/1963 7:10:53" ,500, 116);
INSERT INTO Intervencao( EventoID, Descricao) VALUES (316,"descricao");
INSERT INTO TecnicoInterv( TecnicoID, IntervID) VALUES (1392,316);
INSERT INTO Evento(EventoID,Descricao, Data, Admissao, Quarto) VALUES (317, "descricao","27/5/1992 15:59:47" ,152, 229);
INSERT INTO Intervencao( EventoID, Descricao) VALUES (317,"descricao");
INSERT INTO TecnicoInterv( TecnicoID, IntervID) VALUES (3754,317);
INSERT INTO Evento(EventoID,Descricao, Data, Admissao, Quarto) VALUES (318, "descricao","19/5/1969 15:28:50" ,320, 182);
INSERT INTO Intervencao( EventoID, Descricao) VALUES (318,"descricao");
INSERT INTO TecnicoInterv( TecnicoID, IntervID) VALUES (4116,318);
INSERT INTO Evento(EventoID,Descricao, Data, Admissao, Quarto) VALUES (319, "descricao","15/12/1990 11:52:19" ,369, 123);
INSERT INTO Intervencao( EventoID, Descricao) VALUES (319,"descricao");
INSERT INTO TecnicoInterv( TecnicoID, IntervID) VALUES (5706,319);
INSERT INTO Evento(EventoID,Descricao, Data, Admissao, Quarto) VALUES (320, "descricao","20/1/1999 21:22:53" ,74, 164);
INSERT INTO Intervencao( EventoID, Descricao) VALUES (320,"descricao");
INSERT INTO TecnicoInterv( TecnicoID, IntervID) VALUES (9500,320);
INSERT INTO Evento(EventoID,Descricao, Data, Admissao, Quarto) VALUES (321, "descricao","5/4/1967 12:26:35" ,38, 164);
INSERT INTO Intervencao( EventoID, Descricao) VALUES (321,"descricao");
INSERT INTO TecnicoInterv( TecnicoID, IntervID) VALUES (9837,321);
INSERT INTO Evento(EventoID,Descricao, Data, Admissao, Quarto) VALUES (322, "descricao","4/6/1986 5:36:5" ,393, 160);
INSERT INTO Intervencao( EventoID, Descricao) VALUES (322,"descricao");
INSERT INTO TecnicoInterv( TecnicoID, IntervID) VALUES (1392,322);
INSERT INTO Evento(EventoID,Descricao, Data, Admissao, Quarto) VALUES (323, "descricao","24/7/2015 2:49:11" ,307, 130);
INSERT INTO Intervencao( EventoID, Descricao) VALUES (323,"descricao");
INSERT INTO TecnicoInterv( TecnicoID, IntervID) VALUES (9976,323);
INSERT INTO Evento(EventoID,Descricao, Data, Admissao, Quarto) VALUES (324, "descricao","3/5/2007 20:18:47" ,71, 220);
INSERT INTO Intervencao( EventoID, Descricao) VALUES (324,"descricao");
INSERT INTO TecnicoInterv( TecnicoID, IntervID) VALUES (4116,324);
INSERT INTO Evento(EventoID,Descricao, Data, Admissao, Quarto) VALUES (325, "descricao","14/8/2013 1:13:51" ,469, 200);
INSERT INTO Intervencao( EventoID, Descricao) VALUES (325,"descricao");
INSERT INTO TecnicoInterv( TecnicoID, IntervID) VALUES (4810,325);
INSERT INTO Evento(EventoID,Descricao, Data, Admissao, Quarto) VALUES (326, "descricao","22/7/1984 15:34:6" ,247, 124);
INSERT INTO Intervencao( EventoID, Descricao) VALUES (326,"descricao");
INSERT INTO TecnicoInterv( TecnicoID, IntervID) VALUES (9976,326);
INSERT INTO Evento(EventoID,Descricao, Data, Admissao, Quarto) VALUES (327, "descricao","9/9/1962 23:20:48" ,165, 114);
INSERT INTO Intervencao( EventoID, Descricao) VALUES (327,"descricao");
INSERT INTO TecnicoInterv( TecnicoID, IntervID) VALUES (9500,327);
INSERT INTO Evento(EventoID,Descricao, Data, Admissao, Quarto) VALUES (328, "descricao","20/5/1973 16:16:32" ,181, 229);
INSERT INTO Intervencao( EventoID, Descricao) VALUES (328,"descricao");
INSERT INTO TecnicoInterv( TecnicoID, IntervID) VALUES (5568,328);
INSERT INTO Evento(EventoID,Descricao, Data, Admissao, Quarto) VALUES (329, "descricao","15/8/1962 18:19:15" ,238, 219);
INSERT INTO Intervencao( EventoID, Descricao) VALUES (329,"descricao");
INSERT INTO TecnicoInterv( TecnicoID, IntervID) VALUES (5068,329);
INSERT INTO Evento(EventoID,Descricao, Data, Admissao, Quarto) VALUES (330, "descricao","12/11/1970 23:18:10" ,473, 125);
INSERT INTO Intervencao( EventoID, Descricao) VALUES (330,"descricao");
INSERT INTO TecnicoInterv( TecnicoID, IntervID) VALUES (4810,330);
INSERT INTO Evento(EventoID,Descricao, Data, Admissao, Quarto) VALUES (331, "descricao","16/12/1977 2:23:14" ,399, 202);
INSERT INTO Intervencao( EventoID, Descricao) VALUES (331,"descricao");
INSERT INTO TecnicoInterv( TecnicoID, IntervID) VALUES (5706,331);
INSERT INTO Evento(EventoID,Descricao, Data, Admissao, Quarto) VALUES (332, "descricao","2/12/1961 10:37:27" ,181, 249);
INSERT INTO Intervencao( EventoID, Descricao) VALUES (332,"descricao");
INSERT INTO TecnicoInterv( TecnicoID, IntervID) VALUES (7646,332);
INSERT INTO Evento(EventoID,Descricao, Data, Admissao, Quarto) VALUES (333, "descricao","19/9/2011 0:15:13" ,246, 129);
INSERT INTO Intervencao( EventoID, Descricao) VALUES (333,"descricao");
INSERT INTO TecnicoInterv( TecnicoID, IntervID) VALUES (5068,333);
INSERT INTO Evento(EventoID,Descricao, Data, Admissao, Quarto) VALUES (334, "descricao","13/10/2000 23:38:12" ,88, 243);
INSERT INTO Intervencao( EventoID, Descricao) VALUES (334,"descricao");
INSERT INTO TecnicoInterv( TecnicoID, IntervID) VALUES (9943,334);
INSERT INTO Evento(EventoID,Descricao, Data, Admissao, Quarto) VALUES (335, "descricao","13/6/1971 17:28:1" ,155, 122);
INSERT INTO Intervencao( EventoID, Descricao) VALUES (335,"descricao");
INSERT INTO TecnicoInterv( TecnicoID, IntervID) VALUES (5568,335);
INSERT INTO Evento(EventoID,Descricao, Data, Admissao, Quarto) VALUES (336, "descricao","14/6/2005 15:47:3" ,335, 194);
INSERT INTO Intervencao( EventoID, Descricao) VALUES (336,"descricao");
INSERT INTO TecnicoInterv( TecnicoID, IntervID) VALUES (5568,336);
INSERT INTO Evento(EventoID,Descricao, Data, Admissao, Quarto) VALUES (337, "descricao","8/5/2014 22:4:36" ,464, 174);
INSERT INTO Intervencao( EventoID, Descricao) VALUES (337,"descricao");
INSERT INTO TecnicoInterv( TecnicoID, IntervID) VALUES (1271,337);
INSERT INTO Evento(EventoID,Descricao, Data, Admissao, Quarto) VALUES (338, "descricao","23/8/1976 6:1:29" ,230, 165);
INSERT INTO Intervencao( EventoID, Descricao) VALUES (338,"descricao");
INSERT INTO TecnicoInterv( TecnicoID, IntervID) VALUES (1392,338);
INSERT INTO Evento(EventoID,Descricao, Data, Admissao, Quarto) VALUES (339, "descricao","7/2/1968 18:0:11" ,218, 197);
INSERT INTO Intervencao( EventoID, Descricao) VALUES (339,"descricao");
INSERT INTO TecnicoInterv( TecnicoID, IntervID) VALUES (2362,339);
INSERT INTO Evento(EventoID,Descricao, Data, Admissao, Quarto) VALUES (340, "descricao","7/9/2014 11:40:28" ,41, 235);
INSERT INTO Intervencao( EventoID, Descricao) VALUES (340,"descricao");
INSERT INTO TecnicoInterv( TecnicoID, IntervID) VALUES (9976,340);
INSERT INTO Evento(EventoID,Descricao, Data, Admissao, Quarto) VALUES (341, "descricao","6/4/1999 3:51:31" ,199, 114);
INSERT INTO Intervencao( EventoID, Descricao) VALUES (341,"descricao");
INSERT INTO TecnicoInterv( TecnicoID, IntervID) VALUES (2362,341);
INSERT INTO Evento(EventoID,Descricao, Data, Admissao, Quarto) VALUES (342, "descricao","14/2/1998 14:44:19" ,14, 230);
INSERT INTO Intervencao( EventoID, Descricao) VALUES (342,"descricao");
INSERT INTO TecnicoInterv( TecnicoID, IntervID) VALUES (5568,342);
INSERT INTO Evento(EventoID,Descricao, Data, Admissao, Quarto) VALUES (343, "descricao","3/7/1974 23:27:48" ,267, 187);
INSERT INTO Intervencao( EventoID, Descricao) VALUES (343,"descricao");
INSERT INTO TecnicoInterv( TecnicoID, IntervID) VALUES (9160,343);
INSERT INTO Evento(EventoID,Descricao, Data, Admissao, Quarto) VALUES (344, "descricao","22/3/2019 11:47:21" ,225, 109);
INSERT INTO Intervencao( EventoID, Descricao) VALUES (344,"descricao");
INSERT INTO TecnicoInterv( TecnicoID, IntervID) VALUES (9500,344);
INSERT INTO Evento(EventoID,Descricao, Data, Admissao, Quarto) VALUES (345, "descricao","16/3/2009 4:33:38" ,218, 175);
INSERT INTO Intervencao( EventoID, Descricao) VALUES (345,"descricao");
INSERT INTO TecnicoInterv( TecnicoID, IntervID) VALUES (2362,345);
INSERT INTO Evento(EventoID,Descricao, Data, Admissao, Quarto) VALUES (346, "descricao","5/5/2004 8:32:31" ,415, 131);
INSERT INTO Intervencao( EventoID, Descricao) VALUES (346,"descricao");
INSERT INTO TecnicoInterv( TecnicoID, IntervID) VALUES (4116,346);
INSERT INTO Evento(EventoID,Descricao, Data, Admissao, Quarto) VALUES (347, "descricao","11/12/1960 23:0:12" ,488, 106);
INSERT INTO Intervencao( EventoID, Descricao) VALUES (347,"descricao");
INSERT INTO TecnicoInterv( TecnicoID, IntervID) VALUES (5068,347);
INSERT INTO Evento(EventoID,Descricao, Data, Admissao, Quarto) VALUES (348, "descricao","10/10/1977 22:40:14" ,128, 214);
INSERT INTO Intervencao( EventoID, Descricao) VALUES (348,"descricao");
INSERT INTO TecnicoInterv( TecnicoID, IntervID) VALUES (3754,348);
INSERT INTO Evento(EventoID,Descricao, Data, Admissao, Quarto) VALUES (349, "descricao","16/10/2018 0:41:45" ,279, 187);
INSERT INTO Intervencao( EventoID, Descricao) VALUES (349,"descricao");
INSERT INTO TecnicoInterv( TecnicoID, IntervID) VALUES (5568,349);
INSERT INTO Evento(EventoID,Descricao, Data, Admissao, Quarto) VALUES (350, "descricao","28/4/1975 19:24:22" ,35, 191);
INSERT INTO Intervencao( EventoID, Descricao) VALUES (350,"descricao");
INSERT INTO TecnicoInterv( TecnicoID, IntervID) VALUES (5706,350);
INSERT INTO Evento(EventoID,Descricao, Data, Admissao, Quarto) VALUES (351, "descricao","7/8/1998 15:48:1" ,284, 163);
INSERT INTO Intervencao( EventoID, Descricao) VALUES (351,"descricao");
INSERT INTO TecnicoInterv( TecnicoID, IntervID) VALUES (6628,351);
INSERT INTO Evento(EventoID,Descricao, Data, Admissao, Quarto) VALUES (352, "descricao","17/5/1978 2:55:16" ,293, 173);
INSERT INTO Intervencao( EventoID, Descricao) VALUES (352,"descricao");
INSERT INTO TecnicoInterv( TecnicoID, IntervID) VALUES (3754,352);
INSERT INTO Evento(EventoID,Descricao, Data, Admissao, Quarto) VALUES (353, "descricao","12/11/1980 12:48:24" ,318, 163);
INSERT INTO Intervencao( EventoID, Descricao) VALUES (353,"descricao");
INSERT INTO TecnicoInterv( TecnicoID, IntervID) VALUES (6628,353);
INSERT INTO Evento(EventoID,Descricao, Data, Admissao, Quarto) VALUES (354, "descricao","8/2/1981 16:39:46" ,483, 207);
INSERT INTO Intervencao( EventoID, Descricao) VALUES (354,"descricao");
INSERT INTO TecnicoInterv( TecnicoID, IntervID) VALUES (5068,354);
INSERT INTO Evento(EventoID,Descricao, Data, Admissao, Quarto) VALUES (355, "descricao","26/12/1979 15:40:6" ,397, 199);
INSERT INTO Intervencao( EventoID, Descricao) VALUES (355,"descricao");
INSERT INTO TecnicoInterv( TecnicoID, IntervID) VALUES (5568,355);
INSERT INTO Evento(EventoID,Descricao, Data, Admissao, Quarto) VALUES (356, "descricao","17/2/1994 12:52:0" ,118, 178);
INSERT INTO Intervencao( EventoID, Descricao) VALUES (356,"descricao");
INSERT INTO TecnicoInterv( TecnicoID, IntervID) VALUES (2362,356);
INSERT INTO Evento(EventoID,Descricao, Data, Admissao, Quarto) VALUES (357, "descricao","11/1/1962 21:36:59" ,309, 223);
INSERT INTO Intervencao( EventoID, Descricao) VALUES (357,"descricao");
INSERT INTO TecnicoInterv( TecnicoID, IntervID) VALUES (5568,357);
INSERT INTO Evento(EventoID,Descricao, Data, Admissao, Quarto) VALUES (358, "descricao","19/7/2006 16:29:50" ,336, 105);
INSERT INTO Intervencao( EventoID, Descricao) VALUES (358,"descricao");
INSERT INTO TecnicoInterv( TecnicoID, IntervID) VALUES (5068,358);
INSERT INTO Evento(EventoID,Descricao, Data, Admissao, Quarto) VALUES (359, "descricao","17/11/1993 4:39:43" ,220, 129);
INSERT INTO Intervencao( EventoID, Descricao) VALUES (359,"descricao");
INSERT INTO TecnicoInterv( TecnicoID, IntervID) VALUES (9943,359);
INSERT INTO Evento(EventoID,Descricao, Data, Admissao, Quarto) VALUES (360, "descricao","5/5/2000 8:54:17" ,321, 209);
INSERT INTO Intervencao( EventoID, Descricao) VALUES (360,"descricao");
INSERT INTO TecnicoInterv( TecnicoID, IntervID) VALUES (4810,360);
INSERT INTO Evento(EventoID,Descricao, Data, Admissao, Quarto) VALUES (361, "descricao","2/11/1975 4:30:10" ,133, 201);
INSERT INTO Intervencao( EventoID, Descricao) VALUES (361,"descricao");
INSERT INTO TecnicoInterv( TecnicoID, IntervID) VALUES (4116,361);
INSERT INTO Evento(EventoID,Descricao, Data, Admissao, Quarto) VALUES (362, "descricao","21/12/1987 4:59:28" ,256, 213);
INSERT INTO Intervencao( EventoID, Descricao) VALUES (362,"descricao");
INSERT INTO TecnicoInterv( TecnicoID, IntervID) VALUES (5068,362);
INSERT INTO Evento(EventoID,Descricao, Data, Admissao, Quarto) VALUES (363, "descricao","2/1/1991 7:24:27" ,141, 158);
INSERT INTO Intervencao( EventoID, Descricao) VALUES (363,"descricao");
INSERT INTO TecnicoInterv( TecnicoID, IntervID) VALUES (7646,363);
INSERT INTO Evento(EventoID,Descricao, Data, Admissao, Quarto) VALUES (364, "descricao","7/8/1980 16:29:51" ,381, 116);
INSERT INTO Intervencao( EventoID, Descricao) VALUES (364,"descricao");
INSERT INTO TecnicoInterv( TecnicoID, IntervID) VALUES (9500,364);
INSERT INTO Evento(EventoID,Descricao, Data, Admissao, Quarto) VALUES (365, "descricao","18/12/1976 7:1:4" ,80, 128);
INSERT INTO Intervencao( EventoID, Descricao) VALUES (365,"descricao");
INSERT INTO TecnicoInterv( TecnicoID, IntervID) VALUES (6628,365);
INSERT INTO Evento(EventoID,Descricao, Data, Admissao, Quarto) VALUES (366, "descricao","21/9/1967 7:24:43" ,323, 152);
INSERT INTO Intervencao( EventoID, Descricao) VALUES (366,"descricao");
INSERT INTO TecnicoInterv( TecnicoID, IntervID) VALUES (9943,366);
INSERT INTO Evento(EventoID,Descricao, Data, Admissao, Quarto) VALUES (367, "descricao","13/11/1977 15:52:20" ,437, 119);
INSERT INTO Intervencao( EventoID, Descricao) VALUES (367,"descricao");
INSERT INTO TecnicoInterv( TecnicoID, IntervID) VALUES (4810,367);
INSERT INTO Evento(EventoID,Descricao, Data, Admissao, Quarto) VALUES (368, "descricao","8/9/1993 20:53:54" ,482, 148);
INSERT INTO Intervencao( EventoID, Descricao) VALUES (368,"descricao");
INSERT INTO TecnicoInterv( TecnicoID, IntervID) VALUES (6628,368);
INSERT INTO Evento(EventoID,Descricao, Data, Admissao, Quarto) VALUES (369, "descricao","27/6/1999 15:31:4" ,147, 170);
INSERT INTO Intervencao( EventoID, Descricao) VALUES (369,"descricao");
INSERT INTO TecnicoInterv( TecnicoID, IntervID) VALUES (5706,369);
INSERT INTO Evento(EventoID,Descricao, Data, Admissao, Quarto) VALUES (370, "descricao","19/6/1985 1:12:48" ,353, 164);
INSERT INTO Intervencao( EventoID, Descricao) VALUES (370,"descricao");
INSERT INTO TecnicoInterv( TecnicoID, IntervID) VALUES (1271,370);
INSERT INTO Evento(EventoID,Descricao, Data, Admissao, Quarto) VALUES (371, "descricao","21/11/2015 18:48:4" ,184, 150);
INSERT INTO Intervencao( EventoID, Descricao) VALUES (371,"descricao");
INSERT INTO TecnicoInterv( TecnicoID, IntervID) VALUES (9976,371);
INSERT INTO Evento(EventoID,Descricao, Data, Admissao, Quarto) VALUES (372, "descricao","23/8/1987 13:15:22" ,93, 129);
INSERT INTO Intervencao( EventoID, Descricao) VALUES (372,"descricao");
INSERT INTO TecnicoInterv( TecnicoID, IntervID) VALUES (5706,372);
INSERT INTO Evento(EventoID,Descricao, Data, Admissao, Quarto) VALUES (373, "descricao","16/5/1964 23:27:57" ,439, 209);
INSERT INTO Intervencao( EventoID, Descricao) VALUES (373,"descricao");
INSERT INTO TecnicoInterv( TecnicoID, IntervID) VALUES (9837,373);
INSERT INTO Evento(EventoID,Descricao, Data, Admissao, Quarto) VALUES (374, "descricao","17/7/1980 12:34:33" ,40, 147);
INSERT INTO Intervencao( EventoID, Descricao) VALUES (374,"descricao");
INSERT INTO TecnicoInterv( TecnicoID, IntervID) VALUES (4810,374);
INSERT INTO Evento(EventoID,Descricao, Data, Admissao, Quarto) VALUES (375, "descricao","21/5/1983 7:28:48" ,52, 244);
INSERT INTO Intervencao( EventoID, Descricao) VALUES (375,"descricao");
INSERT INTO TecnicoInterv( TecnicoID, IntervID) VALUES (7646,375);
INSERT INTO Evento(EventoID,Descricao, Data, Admissao, Quarto) VALUES (376, "descricao","1/4/1991 14:3:33" ,218, 166);
INSERT INTO Intervencao( EventoID, Descricao) VALUES (376,"descricao");
INSERT INTO TecnicoInterv( TecnicoID, IntervID) VALUES (7646,376);
INSERT INTO Evento(EventoID,Descricao, Data, Admissao, Quarto) VALUES (377, "descricao","27/7/1983 20:46:41" ,439, 185);
INSERT INTO Intervencao( EventoID, Descricao) VALUES (377,"descricao");
INSERT INTO TecnicoInterv( TecnicoID, IntervID) VALUES (9500,377);
INSERT INTO Evento(EventoID,Descricao, Data, Admissao, Quarto) VALUES (378, "descricao","25/3/1992 0:56:10" ,196, 245);
INSERT INTO Intervencao( EventoID, Descricao) VALUES (378,"descricao");
INSERT INTO TecnicoInterv( TecnicoID, IntervID) VALUES (9837,378);
INSERT INTO Evento(EventoID,Descricao, Data, Admissao, Quarto) VALUES (379, "descricao","9/1/1985 21:23:0" ,394, 132);
INSERT INTO Intervencao( EventoID, Descricao) VALUES (379,"descricao");
INSERT INTO TecnicoInterv( TecnicoID, IntervID) VALUES (1392,379);
INSERT INTO Evento(EventoID,Descricao, Data, Admissao, Quarto) VALUES (380, "descricao","26/8/1973 23:34:44" ,310, 183);
INSERT INTO Intervencao( EventoID, Descricao) VALUES (380,"descricao");
INSERT INTO TecnicoInterv( TecnicoID, IntervID) VALUES (9160,380);
INSERT INTO Evento(EventoID,Descricao, Data, Admissao, Quarto) VALUES (381, "descricao","5/10/1970 10:9:56" ,408, 142);
INSERT INTO Intervencao( EventoID, Descricao) VALUES (381,"descricao");
INSERT INTO TecnicoInterv( TecnicoID, IntervID) VALUES (5568,381);
INSERT INTO Evento(EventoID,Descricao, Data, Admissao, Quarto) VALUES (382, "descricao","8/12/2010 4:26:20" ,223, 205);
INSERT INTO Intervencao( EventoID, Descricao) VALUES (382,"descricao");
INSERT INTO TecnicoInterv( TecnicoID, IntervID) VALUES (9976,382);
INSERT INTO Evento(EventoID,Descricao, Data, Admissao, Quarto) VALUES (383, "descricao","25/8/1995 9:14:37" ,49, 235);
INSERT INTO Intervencao( EventoID, Descricao) VALUES (383,"descricao");
INSERT INTO TecnicoInterv( TecnicoID, IntervID) VALUES (7646,383);
INSERT INTO Evento(EventoID,Descricao, Data, Admissao, Quarto) VALUES (384, "descricao","27/9/1971 13:28:58" ,426, 129);
INSERT INTO Intervencao( EventoID, Descricao) VALUES (384,"descricao");
INSERT INTO TecnicoInterv( TecnicoID, IntervID) VALUES (2362,384);
INSERT INTO Evento(EventoID,Descricao, Data, Admissao, Quarto) VALUES (385, "descricao","23/2/1976 14:35:28" ,496, 192);
INSERT INTO Intervencao( EventoID, Descricao) VALUES (385,"descricao");
INSERT INTO TecnicoInterv( TecnicoID, IntervID) VALUES (4810,385);
INSERT INTO Evento(EventoID,Descricao, Data, Admissao, Quarto) VALUES (386, "descricao","21/1/1990 16:25:30" ,168, 154);
INSERT INTO Intervencao( EventoID, Descricao) VALUES (386,"descricao");
INSERT INTO TecnicoInterv( TecnicoID, IntervID) VALUES (9160,386);
INSERT INTO Evento(EventoID,Descricao, Data, Admissao, Quarto) VALUES (387, "descricao","3/9/2015 23:59:54" ,139, 207);
INSERT INTO Intervencao( EventoID, Descricao) VALUES (387,"descricao");
INSERT INTO TecnicoInterv( TecnicoID, IntervID) VALUES (4810,387);
INSERT INTO Evento(EventoID,Descricao, Data, Admissao, Quarto) VALUES (388, "descricao","28/3/1965 21:31:12" ,158, 124);
INSERT INTO Intervencao( EventoID, Descricao) VALUES (388,"descricao");
INSERT INTO TecnicoInterv( TecnicoID, IntervID) VALUES (5706,388);
INSERT INTO Evento(EventoID,Descricao, Data, Admissao, Quarto) VALUES (389, "descricao","12/11/1975 10:32:36" ,232, 125);
INSERT INTO Intervencao( EventoID, Descricao) VALUES (389,"descricao");
INSERT INTO TecnicoInterv( TecnicoID, IntervID) VALUES (4810,389);
INSERT INTO Evento(EventoID,Descricao, Data, Admissao, Quarto) VALUES (390, "descricao","20/5/2001 22:6:17" ,495, 121);
INSERT INTO Intervencao( EventoID, Descricao) VALUES (390,"descricao");
INSERT INTO TecnicoInterv( TecnicoID, IntervID) VALUES (1392,390);
INSERT INTO Evento(EventoID,Descricao, Data, Admissao, Quarto) VALUES (391, "descricao","15/3/1999 4:25:36" ,61, 185);
INSERT INTO Intervencao( EventoID, Descricao) VALUES (391,"descricao");
INSERT INTO TecnicoInterv( TecnicoID, IntervID) VALUES (3754,391);
INSERT INTO Evento(EventoID,Descricao, Data, Admissao, Quarto) VALUES (392, "descricao","8/3/1973 8:28:20" ,415, 125);
INSERT INTO Intervencao( EventoID, Descricao) VALUES (392,"descricao");
INSERT INTO TecnicoInterv( TecnicoID, IntervID) VALUES (5068,392);
INSERT INTO Evento(EventoID,Descricao, Data, Admissao, Quarto) VALUES (393, "descricao","10/12/2006 1:48:40" ,419, 247);
INSERT INTO Intervencao( EventoID, Descricao) VALUES (393,"descricao");
INSERT INTO TecnicoInterv( TecnicoID, IntervID) VALUES (9500,393);
INSERT INTO Evento(EventoID,Descricao, Data, Admissao, Quarto) VALUES (394, "descricao","18/10/2013 8:21:20" ,405, 165);
INSERT INTO Intervencao( EventoID, Descricao) VALUES (394,"descricao");
INSERT INTO TecnicoInterv( TecnicoID, IntervID) VALUES (9976,394);
INSERT INTO Evento(EventoID,Descricao, Data, Admissao, Quarto) VALUES (395, "descricao","21/5/2018 11:21:53" ,31, 160);
INSERT INTO Intervencao( EventoID, Descricao) VALUES (395,"descricao");
INSERT INTO TecnicoInterv( TecnicoID, IntervID) VALUES (2362,395);
INSERT INTO Evento(EventoID,Descricao, Data, Admissao, Quarto) VALUES (396, "descricao","26/8/1987 5:43:43" ,287, 223);
INSERT INTO Intervencao( EventoID, Descricao) VALUES (396,"descricao");
INSERT INTO TecnicoInterv( TecnicoID, IntervID) VALUES (4116,396);
INSERT INTO Evento(EventoID,Descricao, Data, Admissao, Quarto) VALUES (397, "descricao","20/4/1981 0:27:41" ,377, 184);
INSERT INTO Intervencao( EventoID, Descricao) VALUES (397,"descricao");
INSERT INTO TecnicoInterv( TecnicoID, IntervID) VALUES (3754,397);
INSERT INTO Evento(EventoID,Descricao, Data, Admissao, Quarto) VALUES (398, "descricao","18/2/1967 5:19:0" ,203, 244);
INSERT INTO Intervencao( EventoID, Descricao) VALUES (398,"descricao");
INSERT INTO TecnicoInterv( TecnicoID, IntervID) VALUES (5068,398);
INSERT INTO Evento(EventoID,Descricao, Data, Admissao, Quarto) VALUES (399, "descricao","5/7/2004 5:20:11" ,135, 184);
INSERT INTO Intervencao( EventoID, Descricao) VALUES (399,"descricao");
INSERT INTO TecnicoInterv( TecnicoID, IntervID) VALUES (3754,399);
INSERT INTO Evento(EventoID,Descricao, Data, Admissao, Quarto) VALUES (400, "descricao","18/11/1978 5:33:56" ,52, 237);
INSERT INTO Intervencao( EventoID, Descricao) VALUES (400,"descricao");
INSERT INTO TecnicoInterv( TecnicoID, IntervID) VALUES (1392,400);
INSERT INTO Evento(EventoID,Descricao, Data, Admissao, Quarto) VALUES (401, "descricao","25/8/1962 7:18:27" ,387, 203);
INSERT INTO Intervencao( EventoID, Descricao) VALUES (401,"descricao");
INSERT INTO TecnicoInterv( TecnicoID, IntervID) VALUES (4116,401);
INSERT INTO Evento(EventoID,Descricao, Data, Admissao, Quarto) VALUES (402, "descricao","4/4/1997 15:6:50" ,98, 123);
INSERT INTO Intervencao( EventoID, Descricao) VALUES (402,"descricao");
INSERT INTO TecnicoInterv( TecnicoID, IntervID) VALUES (6628,402);
INSERT INTO Evento(EventoID,Descricao, Data, Admissao, Quarto) VALUES (403, "descricao","6/7/1991 20:29:18" ,257, 159);
INSERT INTO Intervencao( EventoID, Descricao) VALUES (403,"descricao");
INSERT INTO TecnicoInterv( TecnicoID, IntervID) VALUES (1271,403);
INSERT INTO Evento(EventoID,Descricao, Data, Admissao, Quarto) VALUES (404, "descricao","28/8/2018 6:6:16" ,207, 189);
INSERT INTO Intervencao( EventoID, Descricao) VALUES (404,"descricao");
INSERT INTO TecnicoInterv( TecnicoID, IntervID) VALUES (9837,404);
INSERT INTO Evento(EventoID,Descricao, Data, Admissao, Quarto) VALUES (405, "descricao","22/11/1982 0:2:14" ,243, 228);
INSERT INTO Intervencao( EventoID, Descricao) VALUES (405,"descricao");
INSERT INTO TecnicoInterv( TecnicoID, IntervID) VALUES (3754,405);
INSERT INTO Evento(EventoID,Descricao, Data, Admissao, Quarto) VALUES (406, "descricao","14/4/1966 14:55:55" ,449, 150);
INSERT INTO Intervencao( EventoID, Descricao) VALUES (406,"descricao");
INSERT INTO TecnicoInterv( TecnicoID, IntervID) VALUES (9837,406);
INSERT INTO Evento(EventoID,Descricao, Data, Admissao, Quarto) VALUES (407, "descricao","4/6/1966 1:0:3" ,432, 109);
INSERT INTO Intervencao( EventoID, Descricao) VALUES (407,"descricao");
INSERT INTO TecnicoInterv( TecnicoID, IntervID) VALUES (9500,407);
INSERT INTO Evento(EventoID,Descricao, Data, Admissao, Quarto) VALUES (408, "descricao","23/2/1969 0:40:16" ,86, 170);
INSERT INTO Intervencao( EventoID, Descricao) VALUES (408,"descricao");
INSERT INTO TecnicoInterv( TecnicoID, IntervID) VALUES (1271,408);
INSERT INTO Evento(EventoID,Descricao, Data, Admissao, Quarto) VALUES (409, "descricao","28/12/1960 17:37:5" ,258, 218);
INSERT INTO Intervencao( EventoID, Descricao) VALUES (409,"descricao");
INSERT INTO TecnicoInterv( TecnicoID, IntervID) VALUES (9837,409);
INSERT INTO Evento(EventoID,Descricao, Data, Admissao, Quarto) VALUES (410, "descricao","21/10/2011 10:24:43" ,254, 190);
INSERT INTO Intervencao( EventoID, Descricao) VALUES (410,"descricao");
INSERT INTO TecnicoInterv( TecnicoID, IntervID) VALUES (9943,410);
INSERT INTO Evento(EventoID,Descricao, Data, Admissao, Quarto) VALUES (411, "descricao","17/9/2017 13:16:25" ,463, 180);
INSERT INTO Intervencao( EventoID, Descricao) VALUES (411,"descricao");
INSERT INTO TecnicoInterv( TecnicoID, IntervID) VALUES (7646,411);
INSERT INTO Evento(EventoID,Descricao, Data, Admissao, Quarto) VALUES (412, "descricao","2/12/1989 12:21:0" ,168, 182);
INSERT INTO Intervencao( EventoID, Descricao) VALUES (412,"descricao");
INSERT INTO TecnicoInterv( TecnicoID, IntervID) VALUES (2362,412);
INSERT INTO Evento(EventoID,Descricao, Data, Admissao, Quarto) VALUES (413, "descricao","24/3/1961 10:8:23" ,369, 165);
INSERT INTO Intervencao( EventoID, Descricao) VALUES (413,"descricao");
INSERT INTO TecnicoInterv( TecnicoID, IntervID) VALUES (1392,413);
INSERT INTO Evento(EventoID,Descricao, Data, Admissao, Quarto) VALUES (414, "descricao","6/4/2017 0:13:15" ,70, 239);
INSERT INTO Intervencao( EventoID, Descricao) VALUES (414,"descricao");
INSERT INTO TecnicoInterv( TecnicoID, IntervID) VALUES (9160,414);
INSERT INTO Evento(EventoID,Descricao, Data, Admissao, Quarto) VALUES (415, "descricao","8/2/2006 16:36:41" ,81, 179);
INSERT INTO Intervencao( EventoID, Descricao) VALUES (415,"descricao");
INSERT INTO TecnicoInterv( TecnicoID, IntervID) VALUES (4116,415);
INSERT INTO Evento(EventoID,Descricao, Data, Admissao, Quarto) VALUES (416, "descricao","7/8/2010 10:27:25" ,405, 130);
INSERT INTO Intervencao( EventoID, Descricao) VALUES (416,"descricao");
INSERT INTO TecnicoInterv( TecnicoID, IntervID) VALUES (5068,416);
INSERT INTO Evento(EventoID,Descricao, Data, Admissao, Quarto) VALUES (417, "descricao","9/8/2019 3:49:10" ,236, 191);
INSERT INTO Intervencao( EventoID, Descricao) VALUES (417,"descricao");
INSERT INTO TecnicoInterv( TecnicoID, IntervID) VALUES (1392,417);
INSERT INTO Evento(EventoID,Descricao, Data, Admissao, Quarto) VALUES (418, "descricao","2/1/2017 7:59:10" ,290, 228);
INSERT INTO Intervencao( EventoID, Descricao) VALUES (418,"descricao");
INSERT INTO TecnicoInterv( TecnicoID, IntervID) VALUES (4810,418);
INSERT INTO Evento(EventoID,Descricao, Data, Admissao, Quarto) VALUES (419, "descricao","10/11/1968 2:34:13" ,402, 104);
INSERT INTO Intervencao( EventoID, Descricao) VALUES (419,"descricao");
INSERT INTO TecnicoInterv( TecnicoID, IntervID) VALUES (4810,419);
INSERT INTO Evento(EventoID,Descricao, Data, Admissao, Quarto) VALUES (420, "descricao","17/5/1999 10:31:55" ,243, 165);
INSERT INTO Intervencao( EventoID, Descricao) VALUES (420,"descricao");
INSERT INTO TecnicoInterv( TecnicoID, IntervID) VALUES (5706,420);
INSERT INTO Evento(EventoID,Descricao, Data, Admissao, Quarto) VALUES (421, "descricao","15/11/1995 19:38:16" ,382, 117);
INSERT INTO Intervencao( EventoID, Descricao) VALUES (421,"descricao");
INSERT INTO TecnicoInterv( TecnicoID, IntervID) VALUES (5068,421);
INSERT INTO Evento(EventoID,Descricao, Data, Admissao, Quarto) VALUES (422, "descricao","10/3/1965 2:52:8" ,64, 229);
INSERT INTO Intervencao( EventoID, Descricao) VALUES (422,"descricao");
INSERT INTO TecnicoInterv( TecnicoID, IntervID) VALUES (2362,422);
INSERT INTO Evento(EventoID,Descricao, Data, Admissao, Quarto) VALUES (423, "descricao","6/1/1987 11:1:19" ,191, 185);
INSERT INTO Intervencao( EventoID, Descricao) VALUES (423,"descricao");
INSERT INTO TecnicoInterv( TecnicoID, IntervID) VALUES (6628,423);
INSERT INTO Evento(EventoID,Descricao, Data, Admissao, Quarto) VALUES (424, "descricao","9/12/1984 23:20:20" ,234, 160);
INSERT INTO Intervencao( EventoID, Descricao) VALUES (424,"descricao");
INSERT INTO TecnicoInterv( TecnicoID, IntervID) VALUES (3754,424);
INSERT INTO Evento(EventoID,Descricao, Data, Admissao, Quarto) VALUES (425, "descricao","26/12/1993 17:50:30" ,340, 103);
INSERT INTO Intervencao( EventoID, Descricao) VALUES (425,"descricao");
INSERT INTO TecnicoInterv( TecnicoID, IntervID) VALUES (7646,425);
INSERT INTO Evento(EventoID,Descricao, Data, Admissao, Quarto) VALUES (426, "descricao","17/11/1992 10:29:14" ,153, 129);
INSERT INTO Intervencao( EventoID, Descricao) VALUES (426,"descricao");
INSERT INTO TecnicoInterv( TecnicoID, IntervID) VALUES (1392,426);
INSERT INTO Evento(EventoID,Descricao, Data, Admissao, Quarto) VALUES (427, "descricao","6/4/2015 0:33:7" ,242, 197);
INSERT INTO Intervencao( EventoID, Descricao) VALUES (427,"descricao");
INSERT INTO TecnicoInterv( TecnicoID, IntervID) VALUES (1392,427);
INSERT INTO Evento(EventoID,Descricao, Data, Admissao, Quarto) VALUES (428, "descricao","16/10/2002 6:37:52" ,51, 107);
INSERT INTO Intervencao( EventoID, Descricao) VALUES (428,"descricao");
INSERT INTO TecnicoInterv( TecnicoID, IntervID) VALUES (2362,428);
INSERT INTO Evento(EventoID,Descricao, Data, Admissao, Quarto) VALUES (429, "descricao","6/3/1999 6:6:50" ,379, 193);
INSERT INTO Intervencao( EventoID, Descricao) VALUES (429,"descricao");
INSERT INTO TecnicoInterv( TecnicoID, IntervID) VALUES (4116,429);
INSERT INTO Evento(EventoID,Descricao, Data, Admissao, Quarto) VALUES (430, "descricao","19/8/2007 14:7:22" ,493, 157);
INSERT INTO Intervencao( EventoID, Descricao) VALUES (430,"descricao");
INSERT INTO TecnicoInterv( TecnicoID, IntervID) VALUES (9943,430);
INSERT INTO Evento(EventoID,Descricao, Data, Admissao, Quarto) VALUES (431, "descricao","15/2/1980 19:16:14" ,40, 121);
INSERT INTO Intervencao( EventoID, Descricao) VALUES (431,"descricao");
INSERT INTO TecnicoInterv( TecnicoID, IntervID) VALUES (5568,431);
INSERT INTO Evento(EventoID,Descricao, Data, Admissao, Quarto) VALUES (432, "descricao","18/2/1996 14:3:30" ,23, 111);
INSERT INTO Intervencao( EventoID, Descricao) VALUES (432,"descricao");
INSERT INTO TecnicoInterv( TecnicoID, IntervID) VALUES (5706,432);
INSERT INTO Evento(EventoID,Descricao, Data, Admissao, Quarto) VALUES (433, "descricao","3/1/2003 0:32:24" ,208, 126);
INSERT INTO Intervencao( EventoID, Descricao) VALUES (433,"descricao");
INSERT INTO TecnicoInterv( TecnicoID, IntervID) VALUES (3754,433);
INSERT INTO Evento(EventoID,Descricao, Data, Admissao, Quarto) VALUES (434, "descricao","19/1/2006 19:26:59" ,36, 112);
INSERT INTO Intervencao( EventoID, Descricao) VALUES (434,"descricao");
INSERT INTO TecnicoInterv( TecnicoID, IntervID) VALUES (5068,434);
INSERT INTO Evento(EventoID,Descricao, Data, Admissao, Quarto) VALUES (435, "descricao","25/9/1982 14:3:3" ,241, 231);
INSERT INTO Intervencao( EventoID, Descricao) VALUES (435,"descricao");
INSERT INTO TecnicoInterv( TecnicoID, IntervID) VALUES (9837,435);
INSERT INTO Evento(EventoID,Descricao, Data, Admissao, Quarto) VALUES (436, "descricao","28/2/1960 5:45:49" ,328, 140);
INSERT INTO Intervencao( EventoID, Descricao) VALUES (436,"descricao");
INSERT INTO TecnicoInterv( TecnicoID, IntervID) VALUES (2362,436);
INSERT INTO Evento(EventoID,Descricao, Data, Admissao, Quarto) VALUES (437, "descricao","17/4/2009 19:20:27" ,485, 175);
INSERT INTO Intervencao( EventoID, Descricao) VALUES (437,"descricao");
INSERT INTO TecnicoInterv( TecnicoID, IntervID) VALUES (9500,437);
INSERT INTO Evento(EventoID,Descricao, Data, Admissao, Quarto) VALUES (438, "descricao","16/1/1996 10:15:22" ,45, 198);
INSERT INTO Intervencao( EventoID, Descricao) VALUES (438,"descricao");
INSERT INTO TecnicoInterv( TecnicoID, IntervID) VALUES (5706,438);
INSERT INTO Evento(EventoID,Descricao, Data, Admissao, Quarto) VALUES (439, "descricao","12/1/1985 20:51:56" ,231, 109);
INSERT INTO Intervencao( EventoID, Descricao) VALUES (439,"descricao");
INSERT INTO TecnicoInterv( TecnicoID, IntervID) VALUES (3754,439);
INSERT INTO Evento(EventoID,Descricao, Data, Admissao, Quarto) VALUES (440, "descricao","8/11/1998 18:40:51" ,261, 189);
INSERT INTO Intervencao( EventoID, Descricao) VALUES (440,"descricao");
INSERT INTO TecnicoInterv( TecnicoID, IntervID) VALUES (4116,440);
INSERT INTO Evento(EventoID,Descricao, Data, Admissao, Quarto) VALUES (441, "descricao","28/9/2016 0:4:12" ,38, 248);
INSERT INTO Intervencao( EventoID, Descricao) VALUES (441,"descricao");
INSERT INTO TecnicoInterv( TecnicoID, IntervID) VALUES (9160,441);
INSERT INTO Evento(EventoID,Descricao, Data, Admissao, Quarto) VALUES (442, "descricao","21/5/1981 9:59:43" ,13, 216);
INSERT INTO Intervencao( EventoID, Descricao) VALUES (442,"descricao");
INSERT INTO TecnicoInterv( TecnicoID, IntervID) VALUES (9976,442);
INSERT INTO Evento(EventoID,Descricao, Data, Admissao, Quarto) VALUES (443, "descricao","2/9/1968 7:32:1" ,483, 156);
INSERT INTO Intervencao( EventoID, Descricao) VALUES (443,"descricao");
INSERT INTO TecnicoInterv( TecnicoID, IntervID) VALUES (2362,443);
INSERT INTO Evento(EventoID,Descricao, Data, Admissao, Quarto) VALUES (444, "descricao","21/4/2007 21:37:39" ,213, 226);
INSERT INTO Intervencao( EventoID, Descricao) VALUES (444,"descricao");
INSERT INTO TecnicoInterv( TecnicoID, IntervID) VALUES (9500,444);
INSERT INTO Evento(EventoID,Descricao, Data, Admissao, Quarto) VALUES (445, "descricao","25/1/1961 12:43:59" ,99, 153);
INSERT INTO Intervencao( EventoID, Descricao) VALUES (445,"descricao");
INSERT INTO TecnicoInterv( TecnicoID, IntervID) VALUES (9160,445);
INSERT INTO Evento(EventoID,Descricao, Data, Admissao, Quarto) VALUES (446, "descricao","8/6/1990 10:42:3" ,219, 217);
INSERT INTO Intervencao( EventoID, Descricao) VALUES (446,"descricao");
INSERT INTO TecnicoInterv( TecnicoID, IntervID) VALUES (2362,446);
INSERT INTO Evento(EventoID,Descricao, Data, Admissao, Quarto) VALUES (447, "descricao","4/3/1965 10:50:50" ,421, 113);
INSERT INTO Intervencao( EventoID, Descricao) VALUES (447,"descricao");
INSERT INTO TecnicoInterv( TecnicoID, IntervID) VALUES (3754,447);
INSERT INTO Evento(EventoID,Descricao, Data, Admissao, Quarto) VALUES (448, "descricao","22/2/2018 21:28:50" ,221, 164);
INSERT INTO Intervencao( EventoID, Descricao) VALUES (448,"descricao");
INSERT INTO TecnicoInterv( TecnicoID, IntervID) VALUES (4810,448);
INSERT INTO Evento(EventoID,Descricao, Data, Admissao, Quarto) VALUES (449, "descricao","12/4/1976 18:47:57" ,45, 178);
INSERT INTO Intervencao( EventoID, Descricao) VALUES (449,"descricao");
INSERT INTO TecnicoInterv( TecnicoID, IntervID) VALUES (9500,449);
INSERT INTO Evento(EventoID,Descricao, Data, Admissao, Quarto) VALUES (450, "descricao","25/9/1981 13:52:43" ,206, 243);
INSERT INTO Intervencao( EventoID, Descricao) VALUES (450,"descricao");
INSERT INTO TecnicoInterv( TecnicoID, IntervID) VALUES (5706,450);
INSERT INTO Evento(EventoID,Descricao, Data, Admissao, Quarto) VALUES (451, "descricao","1/1/2004 4:49:59" ,172, 121);
INSERT INTO Intervencao( EventoID, Descricao) VALUES (451,"descricao");
INSERT INTO TecnicoInterv( TecnicoID, IntervID) VALUES (5568,451);
INSERT INTO Evento(EventoID,Descricao, Data, Admissao, Quarto) VALUES (452, "descricao","10/9/1985 7:27:25" ,282, 248);
INSERT INTO Intervencao( EventoID, Descricao) VALUES (452,"descricao");
INSERT INTO TecnicoInterv( TecnicoID, IntervID) VALUES (9837,452);
INSERT INTO Evento(EventoID,Descricao, Data, Admissao, Quarto) VALUES (453, "descricao","10/10/1999 20:43:43" ,388, 117);
INSERT INTO Intervencao( EventoID, Descricao) VALUES (453,"descricao");
INSERT INTO TecnicoInterv( TecnicoID, IntervID) VALUES (9976,453);
INSERT INTO Evento(EventoID,Descricao, Data, Admissao, Quarto) VALUES (454, "descricao","26/4/1989 3:34:12" ,322, 208);
INSERT INTO Intervencao( EventoID, Descricao) VALUES (454,"descricao");
INSERT INTO TecnicoInterv( TecnicoID, IntervID) VALUES (5068,454);
INSERT INTO Evento(EventoID,Descricao, Data, Admissao, Quarto) VALUES (455, "descricao","26/6/1978 15:40:43" ,164, 138);
INSERT INTO Intervencao( EventoID, Descricao) VALUES (455,"descricao");
INSERT INTO TecnicoInterv( TecnicoID, IntervID) VALUES (5068,455);
INSERT INTO Evento(EventoID,Descricao, Data, Admissao, Quarto) VALUES (456, "descricao","20/8/2011 23:46:30" ,161, 213);
INSERT INTO Intervencao( EventoID, Descricao) VALUES (456,"descricao");
INSERT INTO TecnicoInterv( TecnicoID, IntervID) VALUES (1271,456);
INSERT INTO Evento(EventoID,Descricao, Data, Admissao, Quarto) VALUES (457, "descricao","1/11/2019 7:47:2" ,331, 121);
INSERT INTO Intervencao( EventoID, Descricao) VALUES (457,"descricao");
INSERT INTO TecnicoInterv( TecnicoID, IntervID) VALUES (4116,457);
INSERT INTO Evento(EventoID,Descricao, Data, Admissao, Quarto) VALUES (458, "descricao","5/4/1962 15:28:45" ,275, 204);
INSERT INTO Intervencao( EventoID, Descricao) VALUES (458,"descricao");
INSERT INTO TecnicoInterv( TecnicoID, IntervID) VALUES (9837,458);
INSERT INTO Evento(EventoID,Descricao, Data, Admissao, Quarto) VALUES (459, "descricao","20/2/1975 0:13:28" ,458, 139);
INSERT INTO Intervencao( EventoID, Descricao) VALUES (459,"descricao");
INSERT INTO TecnicoInterv( TecnicoID, IntervID) VALUES (9976,459);
INSERT INTO Evento(EventoID,Descricao, Data, Admissao, Quarto) VALUES (460, "descricao","14/3/1986 10:55:30" ,460, 130);
INSERT INTO Intervencao( EventoID, Descricao) VALUES (460,"descricao");
INSERT INTO TecnicoInterv( TecnicoID, IntervID) VALUES (1392,460);
INSERT INTO Evento(EventoID,Descricao, Data, Admissao, Quarto) VALUES (461, "descricao","28/7/1987 3:50:44" ,315, 181);
INSERT INTO Intervencao( EventoID, Descricao) VALUES (461,"descricao");
INSERT INTO TecnicoInterv( TecnicoID, IntervID) VALUES (9943,461);
INSERT INTO Evento(EventoID,Descricao, Data, Admissao, Quarto) VALUES (462, "descricao","13/7/1979 8:36:58" ,142, 121);
INSERT INTO Intervencao( EventoID, Descricao) VALUES (462,"descricao");
INSERT INTO TecnicoInterv( TecnicoID, IntervID) VALUES (9500,462);
INSERT INTO Evento(EventoID,Descricao, Data, Admissao, Quarto) VALUES (463, "descricao","24/4/1990 4:53:27" ,148, 154);
INSERT INTO Intervencao( EventoID, Descricao) VALUES (463,"descricao");
INSERT INTO TecnicoInterv( TecnicoID, IntervID) VALUES (9943,463);
INSERT INTO Evento(EventoID,Descricao, Data, Admissao, Quarto) VALUES (464, "descricao","21/2/1969 21:0:2" ,100, 177);
INSERT INTO Intervencao( EventoID, Descricao) VALUES (464,"descricao");
INSERT INTO TecnicoInterv( TecnicoID, IntervID) VALUES (5068,464);
INSERT INTO Evento(EventoID,Descricao, Data, Admissao, Quarto) VALUES (465, "descricao","3/3/1997 7:51:12" ,322, 168);
INSERT INTO Intervencao( EventoID, Descricao) VALUES (465,"descricao");
INSERT INTO TecnicoInterv( TecnicoID, IntervID) VALUES (4810,465);
INSERT INTO Evento(EventoID,Descricao, Data, Admissao, Quarto) VALUES (466, "descricao","19/3/1999 20:48:14" ,468, 205);
INSERT INTO Intervencao( EventoID, Descricao) VALUES (466,"descricao");
INSERT INTO TecnicoInterv( TecnicoID, IntervID) VALUES (6628,466);
INSERT INTO Evento(EventoID,Descricao, Data, Admissao, Quarto) VALUES (467, "descricao","26/7/1981 19:19:37" ,459, 103);
INSERT INTO Intervencao( EventoID, Descricao) VALUES (467,"descricao");
INSERT INTO TecnicoInterv( TecnicoID, IntervID) VALUES (1271,467);
INSERT INTO Evento(EventoID,Descricao, Data, Admissao, Quarto) VALUES (468, "descricao","18/7/2002 10:34:2" ,283, 104);
INSERT INTO Intervencao( EventoID, Descricao) VALUES (468,"descricao");
INSERT INTO TecnicoInterv( TecnicoID, IntervID) VALUES (4810,468);
INSERT INTO Evento(EventoID,Descricao, Data, Admissao, Quarto) VALUES (469, "descricao","11/12/1975 2:54:35" ,278, 155);
INSERT INTO Intervencao( EventoID, Descricao) VALUES (469,"descricao");
INSERT INTO TecnicoInterv( TecnicoID, IntervID) VALUES (1392,469);
INSERT INTO Evento(EventoID,Descricao, Data, Admissao, Quarto) VALUES (470, "descricao","1/9/1978 17:45:14" ,120, 100);
INSERT INTO Intervencao( EventoID, Descricao) VALUES (470,"descricao");
INSERT INTO TecnicoInterv( TecnicoID, IntervID) VALUES (6628,470);
INSERT INTO Evento(EventoID,Descricao, Data, Admissao, Quarto) VALUES (471, "descricao","23/1/2011 0:46:30" ,206, 182);
INSERT INTO Intervencao( EventoID, Descricao) VALUES (471,"descricao");
INSERT INTO TecnicoInterv( TecnicoID, IntervID) VALUES (9943,471);
INSERT INTO Evento(EventoID,Descricao, Data, Admissao, Quarto) VALUES (472, "descricao","19/6/1997 4:41:35" ,306, 104);
INSERT INTO Intervencao( EventoID, Descricao) VALUES (472,"descricao");
INSERT INTO TecnicoInterv( TecnicoID, IntervID) VALUES (5068,472);
INSERT INTO Evento(EventoID,Descricao, Data, Admissao, Quarto) VALUES (473, "descricao","12/8/2013 0:13:38" ,65, 160);
INSERT INTO Intervencao( EventoID, Descricao) VALUES (473,"descricao");
INSERT INTO TecnicoInterv( TecnicoID, IntervID) VALUES (1271,473);
INSERT INTO Evento(EventoID,Descricao, Data, Admissao, Quarto) VALUES (474, "descricao","9/5/1997 19:25:50" ,441, 193);
INSERT INTO Intervencao( EventoID, Descricao) VALUES (474,"descricao");
INSERT INTO TecnicoInterv( TecnicoID, IntervID) VALUES (9500,474);
INSERT INTO Evento(EventoID,Descricao, Data, Admissao, Quarto) VALUES (475, "descricao","11/2/2017 12:59:7" ,266, 109);
INSERT INTO Intervencao( EventoID, Descricao) VALUES (475,"descricao");
INSERT INTO TecnicoInterv( TecnicoID, IntervID) VALUES (9837,475);
INSERT INTO Evento(EventoID,Descricao, Data, Admissao, Quarto) VALUES (476, "descricao","2/3/1983 4:27:11" ,154, 185);
INSERT INTO Intervencao( EventoID, Descricao) VALUES (476,"descricao");
INSERT INTO TecnicoInterv( TecnicoID, IntervID) VALUES (9500,476);
INSERT INTO Evento(EventoID,Descricao, Data, Admissao, Quarto) VALUES (477, "descricao","12/4/2018 16:33:27" ,393, 118);
INSERT INTO Intervencao( EventoID, Descricao) VALUES (477,"descricao");
INSERT INTO TecnicoInterv( TecnicoID, IntervID) VALUES (4116,477);
INSERT INTO Evento(EventoID,Descricao, Data, Admissao, Quarto) VALUES (478, "descricao","28/12/1962 10:26:39" ,204, 129);
INSERT INTO Intervencao( EventoID, Descricao) VALUES (478,"descricao");
INSERT INTO TecnicoInterv( TecnicoID, IntervID) VALUES (3754,478);
INSERT INTO Evento(EventoID,Descricao, Data, Admissao, Quarto) VALUES (479, "descricao","4/3/1986 9:10:22" ,385, 126);
INSERT INTO Intervencao( EventoID, Descricao) VALUES (479,"descricao");
INSERT INTO TecnicoInterv( TecnicoID, IntervID) VALUES (5568,479);
INSERT INTO Evento(EventoID,Descricao, Data, Admissao, Quarto) VALUES (480, "descricao","6/3/1980 18:46:0" ,192, 222);
INSERT INTO Intervencao( EventoID, Descricao) VALUES (480,"descricao");
INSERT INTO TecnicoInterv( TecnicoID, IntervID) VALUES (9976,480);
INSERT INTO Evento(EventoID,Descricao, Data, Admissao, Quarto) VALUES (481, "descricao","4/4/1972 11:59:20" ,109, 193);
INSERT INTO Intervencao( EventoID, Descricao) VALUES (481,"descricao");
INSERT INTO TecnicoInterv( TecnicoID, IntervID) VALUES (1271,481);
INSERT INTO Evento(EventoID,Descricao, Data, Admissao, Quarto) VALUES (482, "descricao","27/4/2008 3:47:51" ,50, 194);
INSERT INTO Intervencao( EventoID, Descricao) VALUES (482,"descricao");
INSERT INTO TecnicoInterv( TecnicoID, IntervID) VALUES (4810,482);
INSERT INTO Evento(EventoID,Descricao, Data, Admissao, Quarto) VALUES (483, "descricao","13/7/2000 8:40:41" ,76, 119);
INSERT INTO Intervencao( EventoID, Descricao) VALUES (483,"descricao");
INSERT INTO TecnicoInterv( TecnicoID, IntervID) VALUES (9160,483);
INSERT INTO Evento(EventoID,Descricao, Data, Admissao, Quarto) VALUES (484, "descricao","22/6/1996 22:4:35" ,419, 229);
INSERT INTO Intervencao( EventoID, Descricao) VALUES (484,"descricao");
INSERT INTO TecnicoInterv( TecnicoID, IntervID) VALUES (5068,484);
INSERT INTO Evento(EventoID,Descricao, Data, Admissao, Quarto) VALUES (485, "descricao","15/6/2016 14:50:28" ,188, 158);
INSERT INTO Intervencao( EventoID, Descricao) VALUES (485,"descricao");
INSERT INTO TecnicoInterv( TecnicoID, IntervID) VALUES (9943,485);
INSERT INTO Evento(EventoID,Descricao, Data, Admissao, Quarto) VALUES (486, "descricao","5/1/1991 9:41:58" ,107, 224);
INSERT INTO Intervencao( EventoID, Descricao) VALUES (486,"descricao");
INSERT INTO TecnicoInterv( TecnicoID, IntervID) VALUES (9943,486);
INSERT INTO Evento(EventoID,Descricao, Data, Admissao, Quarto) VALUES (487, "descricao","22/8/2014 21:3:9" ,73, 138);
INSERT INTO Intervencao( EventoID, Descricao) VALUES (487,"descricao");
INSERT INTO TecnicoInterv( TecnicoID, IntervID) VALUES (4116,487);
INSERT INTO Evento(EventoID,Descricao, Data, Admissao, Quarto) VALUES (488, "descricao","7/2/1999 3:11:36" ,112, 226);
INSERT INTO Intervencao( EventoID, Descricao) VALUES (488,"descricao");
INSERT INTO TecnicoInterv( TecnicoID, IntervID) VALUES (4116,488);
INSERT INTO Evento(EventoID,Descricao, Data, Admissao, Quarto) VALUES (489, "descricao","3/9/1982 1:57:18" ,98, 124);
INSERT INTO Intervencao( EventoID, Descricao) VALUES (489,"descricao");
INSERT INTO TecnicoInterv( TecnicoID, IntervID) VALUES (9976,489);
INSERT INTO Evento(EventoID,Descricao, Data, Admissao, Quarto) VALUES (490, "descricao","25/5/2012 17:44:17" ,343, 181);
INSERT INTO Intervencao( EventoID, Descricao) VALUES (490,"descricao");
INSERT INTO TecnicoInterv( TecnicoID, IntervID) VALUES (5068,490);
INSERT INTO Evento(EventoID,Descricao, Data, Admissao, Quarto) VALUES (491, "descricao","9/9/1985 20:37:43" ,12, 153);
INSERT INTO Intervencao( EventoID, Descricao) VALUES (491,"descricao");
INSERT INTO TecnicoInterv( TecnicoID, IntervID) VALUES (9500,491);
INSERT INTO Evento(EventoID,Descricao, Data, Admissao, Quarto) VALUES (492, "descricao","1/9/1992 8:15:4" ,495, 179);
INSERT INTO Intervencao( EventoID, Descricao) VALUES (492,"descricao");
INSERT INTO TecnicoInterv( TecnicoID, IntervID) VALUES (9943,492);
INSERT INTO Evento(EventoID,Descricao, Data, Admissao, Quarto) VALUES (493, "descricao","15/4/1997 10:48:52" ,157, 122);
INSERT INTO Intervencao( EventoID, Descricao) VALUES (493,"descricao");
INSERT INTO TecnicoInterv( TecnicoID, IntervID) VALUES (9500,493);
INSERT INTO Evento(EventoID,Descricao, Data, Admissao, Quarto) VALUES (494, "descricao","12/4/2009 12:32:47" ,11, 125);
INSERT INTO Intervencao( EventoID, Descricao) VALUES (494,"descricao");
INSERT INTO TecnicoInterv( TecnicoID, IntervID) VALUES (6628,494);
INSERT INTO Evento(EventoID,Descricao, Data, Admissao, Quarto) VALUES (495, "descricao","12/10/2014 13:37:59" ,281, 113);
INSERT INTO Intervencao( EventoID, Descricao) VALUES (495,"descricao");
INSERT INTO TecnicoInterv( TecnicoID, IntervID) VALUES (4810,495);
INSERT INTO Evento(EventoID,Descricao, Data, Admissao, Quarto) VALUES (496, "descricao","12/11/1975 3:52:11" ,89, 211);
INSERT INTO Intervencao( EventoID, Descricao) VALUES (496,"descricao");
INSERT INTO TecnicoInterv( TecnicoID, IntervID) VALUES (9160,496);
INSERT INTO Evento(EventoID,Descricao, Data, Admissao, Quarto) VALUES (497, "descricao","5/4/1991 15:57:57" ,150, 163);
INSERT INTO Intervencao( EventoID, Descricao) VALUES (497,"descricao");
INSERT INTO TecnicoInterv( TecnicoID, IntervID) VALUES (5068,497);
INSERT INTO Evento(EventoID,Descricao, Data, Admissao, Quarto) VALUES (498, "descricao","1/12/1992 13:18:57" ,39, 100);
INSERT INTO Intervencao( EventoID, Descricao) VALUES (498,"descricao");
INSERT INTO TecnicoInterv( TecnicoID, IntervID) VALUES (9160,498);
INSERT INTO Evento(EventoID,Descricao, Data, Admissao, Quarto) VALUES (499, "descricao","1/4/1989 15:16:16" ,401, 241);
INSERT INTO Intervencao( EventoID, Descricao) VALUES (499,"descricao");
INSERT INTO TecnicoInterv( TecnicoID, IntervID) VALUES (9943,499);

-- Medical Intervention
INSERT INTO Evento(EventoID,Descricao, Data, Admissao, Quarto) VALUES (500, "descricao","20/3/2010 0:39:38" ,345, 131);
INSERT INTO Intervencao( EventoID, Descricao) VALUES (500,"descricao");
INSERT INTO MedicoInterv( MedicoID, IntervID) VALUES (9289,500);
INSERT INTO Evento(EventoID,Descricao, Data, Admissao, Quarto) VALUES (501, "descricao","12/11/2010 14:16:47" ,33, 187);
INSERT INTO Intervencao( EventoID, Descricao) VALUES (501,"descricao");
INSERT INTO MedicoInterv( MedicoID, IntervID) VALUES (4917,501);
INSERT INTO Evento(EventoID,Descricao, Data, Admissao, Quarto) VALUES (502, "descricao","15/11/1962 14:3:10" ,19, 198);
INSERT INTO Intervencao( EventoID, Descricao) VALUES (502,"descricao");
INSERT INTO MedicoInterv( MedicoID, IntervID) VALUES (8950,502);
INSERT INTO Evento(EventoID,Descricao, Data, Admissao, Quarto) VALUES (503, "descricao","22/5/2003 7:14:59" ,238, 134);
INSERT INTO Intervencao( EventoID, Descricao) VALUES (503,"descricao");
INSERT INTO MedicoInterv( MedicoID, IntervID) VALUES (9570,503);
INSERT INTO Evento(EventoID,Descricao, Data, Admissao, Quarto) VALUES (504, "descricao","25/12/1974 16:45:29" ,82, 243);
INSERT INTO Intervencao( EventoID, Descricao) VALUES (504,"descricao");
INSERT INTO MedicoInterv( MedicoID, IntervID) VALUES (1315,504);
INSERT INTO Evento(EventoID,Descricao, Data, Admissao, Quarto) VALUES (505, "descricao","28/12/1977 6:21:33" ,141, 115);
INSERT INTO Intervencao( EventoID, Descricao) VALUES (505,"descricao");
INSERT INTO MedicoInterv( MedicoID, IntervID) VALUES (8015,505);
INSERT INTO Evento(EventoID,Descricao, Data, Admissao, Quarto) VALUES (506, "descricao","13/8/1989 20:15:49" ,359, 233);
INSERT INTO Intervencao( EventoID, Descricao) VALUES (506,"descricao");
INSERT INTO MedicoInterv( MedicoID, IntervID) VALUES (8015,506);
INSERT INTO Evento(EventoID,Descricao, Data, Admissao, Quarto) VALUES (507, "descricao","4/1/1993 6:41:12" ,67, 243);
INSERT INTO Intervencao( EventoID, Descricao) VALUES (507,"descricao");
INSERT INTO MedicoInterv( MedicoID, IntervID) VALUES (7701,507);
INSERT INTO Evento(EventoID,Descricao, Data, Admissao, Quarto) VALUES (508, "descricao","13/11/1980 1:43:6" ,295, 159);
INSERT INTO Intervencao( EventoID, Descricao) VALUES (508,"descricao");
INSERT INTO MedicoInterv( MedicoID, IntervID) VALUES (2923,508);
INSERT INTO Evento(EventoID,Descricao, Data, Admissao, Quarto) VALUES (509, "descricao","6/10/1985 14:28:59" ,456, 126);
INSERT INTO Intervencao( EventoID, Descricao) VALUES (509,"descricao");
INSERT INTO MedicoInterv( MedicoID, IntervID) VALUES (7280,509);
INSERT INTO Evento(EventoID,Descricao, Data, Admissao, Quarto) VALUES (510, "descricao","25/12/1980 20:51:52" ,225, 200);
INSERT INTO Intervencao( EventoID, Descricao) VALUES (510,"descricao");
INSERT INTO MedicoInterv( MedicoID, IntervID) VALUES (4811,510);
INSERT INTO Evento(EventoID,Descricao, Data, Admissao, Quarto) VALUES (511, "descricao","28/9/1972 9:58:10" ,227, 109);
INSERT INTO Intervencao( EventoID, Descricao) VALUES (511,"descricao");
INSERT INTO MedicoInterv( MedicoID, IntervID) VALUES (6675,511);
INSERT INTO Evento(EventoID,Descricao, Data, Admissao, Quarto) VALUES (512, "descricao","11/9/1965 13:19:54" ,77, 190);
INSERT INTO Intervencao( EventoID, Descricao) VALUES (512,"descricao");
INSERT INTO MedicoInterv( MedicoID, IntervID) VALUES (2966,512);
INSERT INTO Evento(EventoID,Descricao, Data, Admissao, Quarto) VALUES (513, "descricao","17/11/2004 4:33:4" ,156, 196);
INSERT INTO Intervencao( EventoID, Descricao) VALUES (513,"descricao");
INSERT INTO MedicoInterv( MedicoID, IntervID) VALUES (1819,513);
INSERT INTO Evento(EventoID,Descricao, Data, Admissao, Quarto) VALUES (514, "descricao","11/5/1999 5:38:38" ,10, 126);
INSERT INTO Intervencao( EventoID, Descricao) VALUES (514,"descricao");
INSERT INTO MedicoInterv( MedicoID, IntervID) VALUES (7701,514);
INSERT INTO Evento(EventoID,Descricao, Data, Admissao, Quarto) VALUES (515, "descricao","11/4/1960 7:23:11" ,169, 170);
INSERT INTO Intervencao( EventoID, Descricao) VALUES (515,"descricao");
INSERT INTO MedicoInterv( MedicoID, IntervID) VALUES (2255,515);
INSERT INTO Evento(EventoID,Descricao, Data, Admissao, Quarto) VALUES (516, "descricao","28/11/1995 2:24:21" ,405, 114);
INSERT INTO Intervencao( EventoID, Descricao) VALUES (516,"descricao");
INSERT INTO MedicoInterv( MedicoID, IntervID) VALUES (5024,516);
INSERT INTO Evento(EventoID,Descricao, Data, Admissao, Quarto) VALUES (517, "descricao","4/10/2004 9:34:50" ,412, 148);
INSERT INTO Intervencao( EventoID, Descricao) VALUES (517,"descricao");
INSERT INTO MedicoInterv( MedicoID, IntervID) VALUES (1166,517);
INSERT INTO Evento(EventoID,Descricao, Data, Admissao, Quarto) VALUES (518, "descricao","8/8/1965 20:7:39" ,157, 137);
INSERT INTO Intervencao( EventoID, Descricao) VALUES (518,"descricao");
INSERT INTO MedicoInterv( MedicoID, IntervID) VALUES (6342,518);
INSERT INTO Evento(EventoID,Descricao, Data, Admissao, Quarto) VALUES (519, "descricao","15/6/1973 0:48:12" ,298, 101);
INSERT INTO Intervencao( EventoID, Descricao) VALUES (519,"descricao");
INSERT INTO MedicoInterv( MedicoID, IntervID) VALUES (8015,519);
INSERT INTO Evento(EventoID,Descricao, Data, Admissao, Quarto) VALUES (520, "descricao","18/7/1961 5:18:22" ,59, 191);
INSERT INTO Intervencao( EventoID, Descricao) VALUES (520,"descricao");
INSERT INTO MedicoInterv( MedicoID, IntervID) VALUES (8183,520);
INSERT INTO Evento(EventoID,Descricao, Data, Admissao, Quarto) VALUES (521, "descricao","16/9/1999 17:53:52" ,158, 163);
INSERT INTO Intervencao( EventoID, Descricao) VALUES (521,"descricao");
INSERT INTO MedicoInterv( MedicoID, IntervID) VALUES (2255,521);
INSERT INTO Evento(EventoID,Descricao, Data, Admissao, Quarto) VALUES (522, "descricao","14/5/2010 10:17:39" ,19, 112);
INSERT INTO Intervencao( EventoID, Descricao) VALUES (522,"descricao");
INSERT INTO MedicoInterv( MedicoID, IntervID) VALUES (2255,522);
INSERT INTO Evento(EventoID,Descricao, Data, Admissao, Quarto) VALUES (523, "descricao","4/12/1960 19:53:3" ,119, 105);
INSERT INTO Intervencao( EventoID, Descricao) VALUES (523,"descricao");
INSERT INTO MedicoInterv( MedicoID, IntervID) VALUES (5324,523);
INSERT INTO Evento(EventoID,Descricao, Data, Admissao, Quarto) VALUES (524, "descricao","7/7/2015 0:10:35" ,174, 205);
INSERT INTO Intervencao( EventoID, Descricao) VALUES (524,"descricao");
INSERT INTO MedicoInterv( MedicoID, IntervID) VALUES (2607,524);
INSERT INTO Evento(EventoID,Descricao, Data, Admissao, Quarto) VALUES (525, "descricao","15/6/2018 5:49:50" ,90, 233);
INSERT INTO Intervencao( EventoID, Descricao) VALUES (525,"descricao");
INSERT INTO MedicoInterv( MedicoID, IntervID) VALUES (2923,525);
INSERT INTO Evento(EventoID,Descricao, Data, Admissao, Quarto) VALUES (526, "descricao","18/4/1986 16:24:32" ,324, 162);
INSERT INTO Intervencao( EventoID, Descricao) VALUES (526,"descricao");
INSERT INTO MedicoInterv( MedicoID, IntervID) VALUES (2970,526);
INSERT INTO Evento(EventoID,Descricao, Data, Admissao, Quarto) VALUES (527, "descricao","23/10/1995 16:41:6" ,257, 162);
INSERT INTO Intervencao( EventoID, Descricao) VALUES (527,"descricao");
INSERT INTO MedicoInterv( MedicoID, IntervID) VALUES (6041,527);
INSERT INTO Evento(EventoID,Descricao, Data, Admissao, Quarto) VALUES (528, "descricao","16/3/2009 20:40:50" ,149, 194);
INSERT INTO Intervencao( EventoID, Descricao) VALUES (528,"descricao");
INSERT INTO MedicoInterv( MedicoID, IntervID) VALUES (3687,528);
INSERT INTO Evento(EventoID,Descricao, Data, Admissao, Quarto) VALUES (529, "descricao","18/4/1966 18:40:44" ,168, 206);
INSERT INTO Intervencao( EventoID, Descricao) VALUES (529,"descricao");
INSERT INTO MedicoInterv( MedicoID, IntervID) VALUES (6281,529);
INSERT INTO Evento(EventoID,Descricao, Data, Admissao, Quarto) VALUES (530, "descricao","14/7/1977 8:19:25" ,450, 158);
INSERT INTO Intervencao( EventoID, Descricao) VALUES (530,"descricao");
INSERT INTO MedicoInterv( MedicoID, IntervID) VALUES (7701,530);
INSERT INTO Evento(EventoID,Descricao, Data, Admissao, Quarto) VALUES (531, "descricao","21/11/2011 8:18:28" ,174, 205);
INSERT INTO Intervencao( EventoID, Descricao) VALUES (531,"descricao");
INSERT INTO MedicoInterv( MedicoID, IntervID) VALUES (4917,531);
INSERT INTO Evento(EventoID,Descricao, Data, Admissao, Quarto) VALUES (532, "descricao","10/4/1973 9:49:3" ,160, 116);
INSERT INTO Intervencao( EventoID, Descricao) VALUES (532,"descricao");
INSERT INTO MedicoInterv( MedicoID, IntervID) VALUES (8767,532);
INSERT INTO Evento(EventoID,Descricao, Data, Admissao, Quarto) VALUES (533, "descricao","7/7/2018 9:6:1" ,488, 199);
INSERT INTO Intervencao( EventoID, Descricao) VALUES (533,"descricao");
INSERT INTO MedicoInterv( MedicoID, IntervID) VALUES (4832,533);
INSERT INTO Evento(EventoID,Descricao, Data, Admissao, Quarto) VALUES (534, "descricao","4/8/1990 6:53:55" ,306, 135);
INSERT INTO Intervencao( EventoID, Descricao) VALUES (534,"descricao");
INSERT INTO MedicoInterv( MedicoID, IntervID) VALUES (1877,534);
INSERT INTO Evento(EventoID,Descricao, Data, Admissao, Quarto) VALUES (535, "descricao","7/3/1987 7:51:19" ,114, 206);
INSERT INTO Intervencao( EventoID, Descricao) VALUES (535,"descricao");
INSERT INTO MedicoInterv( MedicoID, IntervID) VALUES (2966,535);
INSERT INTO Evento(EventoID,Descricao, Data, Admissao, Quarto) VALUES (536, "descricao","28/2/1973 12:4:10" ,227, 175);
INSERT INTO Intervencao( EventoID, Descricao) VALUES (536,"descricao");
INSERT INTO MedicoInterv( MedicoID, IntervID) VALUES (4369,536);
INSERT INTO Evento(EventoID,Descricao, Data, Admissao, Quarto) VALUES (537, "descricao","22/5/1974 8:10:29" ,56, 216);
INSERT INTO Intervencao( EventoID, Descricao) VALUES (537,"descricao");
INSERT INTO MedicoInterv( MedicoID, IntervID) VALUES (3833,537);
INSERT INTO Evento(EventoID,Descricao, Data, Admissao, Quarto) VALUES (538, "descricao","2/3/1964 11:30:29" ,142, 230);
INSERT INTO Intervencao( EventoID, Descricao) VALUES (538,"descricao");
INSERT INTO MedicoInterv( MedicoID, IntervID) VALUES (2255,538);
INSERT INTO Evento(EventoID,Descricao, Data, Admissao, Quarto) VALUES (539, "descricao","28/7/1967 0:22:25" ,124, 100);
INSERT INTO Intervencao( EventoID, Descricao) VALUES (539,"descricao");
INSERT INTO MedicoInterv( MedicoID, IntervID) VALUES (4811,539);
INSERT INTO Evento(EventoID,Descricao, Data, Admissao, Quarto) VALUES (540, "descricao","2/3/2002 4:30:42" ,230, 159);
INSERT INTO Intervencao( EventoID, Descricao) VALUES (540,"descricao");
INSERT INTO MedicoInterv( MedicoID, IntervID) VALUES (4282,540);
INSERT INTO Evento(EventoID,Descricao, Data, Admissao, Quarto) VALUES (541, "descricao","28/3/1994 0:17:57" ,61, 189);
INSERT INTO Intervencao( EventoID, Descricao) VALUES (541,"descricao");
INSERT INTO MedicoInterv( MedicoID, IntervID) VALUES (6467,541);
INSERT INTO Evento(EventoID,Descricao, Data, Admissao, Quarto) VALUES (542, "descricao","15/4/1996 15:9:20" ,64, 162);
INSERT INTO Intervencao( EventoID, Descricao) VALUES (542,"descricao");
INSERT INTO MedicoInterv( MedicoID, IntervID) VALUES (6467,542);
INSERT INTO Evento(EventoID,Descricao, Data, Admissao, Quarto) VALUES (543, "descricao","28/9/2019 23:5:53" ,299, 245);
INSERT INTO Intervencao( EventoID, Descricao) VALUES (543,"descricao");
INSERT INTO MedicoInterv( MedicoID, IntervID) VALUES (6675,543);
INSERT INTO Evento(EventoID,Descricao, Data, Admissao, Quarto) VALUES (544, "descricao","4/3/1998 5:55:35" ,333, 233);
INSERT INTO Intervencao( EventoID, Descricao) VALUES (544,"descricao");
INSERT INTO MedicoInterv( MedicoID, IntervID) VALUES (1877,544);
INSERT INTO Evento(EventoID,Descricao, Data, Admissao, Quarto) VALUES (545, "descricao","17/3/1968 23:51:56" ,171, 112);
INSERT INTO Intervencao( EventoID, Descricao) VALUES (545,"descricao");
INSERT INTO MedicoInterv( MedicoID, IntervID) VALUES (9570,545);
INSERT INTO Evento(EventoID,Descricao, Data, Admissao, Quarto) VALUES (546, "descricao","16/1/1995 0:45:0" ,387, 158);
INSERT INTO Intervencao( EventoID, Descricao) VALUES (546,"descricao");
INSERT INTO MedicoInterv( MedicoID, IntervID) VALUES (7280,546);
INSERT INTO Evento(EventoID,Descricao, Data, Admissao, Quarto) VALUES (547, "descricao","17/2/1999 20:7:17" ,285, 182);
INSERT INTO Intervencao( EventoID, Descricao) VALUES (547,"descricao");
INSERT INTO MedicoInterv( MedicoID, IntervID) VALUES (4282,547);
INSERT INTO Evento(EventoID,Descricao, Data, Admissao, Quarto) VALUES (548, "descricao","13/10/1972 13:6:11" ,356, 215);
INSERT INTO Intervencao( EventoID, Descricao) VALUES (548,"descricao");
INSERT INTO MedicoInterv( MedicoID, IntervID) VALUES (3833,548);
INSERT INTO Evento(EventoID,Descricao, Data, Admissao, Quarto) VALUES (549, "descricao","25/2/1981 23:7:42" ,101, 113);
INSERT INTO Intervencao( EventoID, Descricao) VALUES (549,"descricao");
INSERT INTO MedicoInterv( MedicoID, IntervID) VALUES (6757,549);
INSERT INTO Evento(EventoID,Descricao, Data, Admissao, Quarto) VALUES (550, "descricao","3/1/2002 6:30:9" ,24, 147);
INSERT INTO Intervencao( EventoID, Descricao) VALUES (550,"descricao");
INSERT INTO MedicoInterv( MedicoID, IntervID) VALUES (4811,550);
INSERT INTO Evento(EventoID,Descricao, Data, Admissao, Quarto) VALUES (551, "descricao","25/10/1996 19:21:45" ,179, 209);
INSERT INTO Intervencao( EventoID, Descricao) VALUES (551,"descricao");
INSERT INTO MedicoInterv( MedicoID, IntervID) VALUES (5024,551);
INSERT INTO Evento(EventoID,Descricao, Data, Admissao, Quarto) VALUES (552, "descricao","8/8/1973 21:7:37" ,420, 241);
INSERT INTO Intervencao( EventoID, Descricao) VALUES (552,"descricao");
INSERT INTO MedicoInterv( MedicoID, IntervID) VALUES (9075,552);
INSERT INTO Evento(EventoID,Descricao, Data, Admissao, Quarto) VALUES (553, "descricao","14/2/2002 14:50:2" ,249, 108);
INSERT INTO Intervencao( EventoID, Descricao) VALUES (553,"descricao");
INSERT INTO MedicoInterv( MedicoID, IntervID) VALUES (8767,553);
INSERT INTO Evento(EventoID,Descricao, Data, Admissao, Quarto) VALUES (554, "descricao","22/12/2007 22:14:32" ,462, 207);
INSERT INTO Intervencao( EventoID, Descricao) VALUES (554,"descricao");
INSERT INTO MedicoInterv( MedicoID, IntervID) VALUES (9079,554);
INSERT INTO Evento(EventoID,Descricao, Data, Admissao, Quarto) VALUES (555, "descricao","28/5/1986 2:39:44" ,161, 107);
INSERT INTO Intervencao( EventoID, Descricao) VALUES (555,"descricao");
INSERT INTO MedicoInterv( MedicoID, IntervID) VALUES (4930,555);
INSERT INTO Evento(EventoID,Descricao, Data, Admissao, Quarto) VALUES (556, "descricao","2/9/1982 20:35:55" ,145, 240);
INSERT INTO Intervencao( EventoID, Descricao) VALUES (556,"descricao");
INSERT INTO MedicoInterv( MedicoID, IntervID) VALUES (2198,556);
INSERT INTO Evento(EventoID,Descricao, Data, Admissao, Quarto) VALUES (557, "descricao","26/8/2007 20:49:55" ,13, 152);
INSERT INTO Intervencao( EventoID, Descricao) VALUES (557,"descricao");
INSERT INTO MedicoInterv( MedicoID, IntervID) VALUES (6467,557);
INSERT INTO Evento(EventoID,Descricao, Data, Admissao, Quarto) VALUES (558, "descricao","15/2/1967 6:14:45" ,474, 239);
INSERT INTO Intervencao( EventoID, Descricao) VALUES (558,"descricao");
INSERT INTO MedicoInterv( MedicoID, IntervID) VALUES (6675,558);
INSERT INTO Evento(EventoID,Descricao, Data, Admissao, Quarto) VALUES (559, "descricao","21/10/2016 14:52:29" ,208, 169);
INSERT INTO Intervencao( EventoID, Descricao) VALUES (559,"descricao");
INSERT INTO MedicoInterv( MedicoID, IntervID) VALUES (4832,559);
INSERT INTO Evento(EventoID,Descricao, Data, Admissao, Quarto) VALUES (560, "descricao","20/10/1966 9:21:22" ,396, 183);
INSERT INTO Intervencao( EventoID, Descricao) VALUES (560,"descricao");
INSERT INTO MedicoInterv( MedicoID, IntervID) VALUES (8767,560);
INSERT INTO Evento(EventoID,Descricao, Data, Admissao, Quarto) VALUES (561, "descricao","15/5/1997 6:2:4" ,16, 133);
INSERT INTO Intervencao( EventoID, Descricao) VALUES (561,"descricao");
INSERT INTO MedicoInterv( MedicoID, IntervID) VALUES (9289,561);
INSERT INTO Evento(EventoID,Descricao, Data, Admissao, Quarto) VALUES (562, "descricao","3/2/1971 4:40:12" ,405, 195);
INSERT INTO Intervencao( EventoID, Descricao) VALUES (562,"descricao");
INSERT INTO MedicoInterv( MedicoID, IntervID) VALUES (2970,562);
INSERT INTO Evento(EventoID,Descricao, Data, Admissao, Quarto) VALUES (563, "descricao","2/3/1964 22:6:23" ,271, 192);
INSERT INTO Intervencao( EventoID, Descricao) VALUES (563,"descricao");
INSERT INTO MedicoInterv( MedicoID, IntervID) VALUES (5324,563);
INSERT INTO Evento(EventoID,Descricao, Data, Admissao, Quarto) VALUES (564, "descricao","20/8/1960 13:55:54" ,23, 167);
INSERT INTO Intervencao( EventoID, Descricao) VALUES (564,"descricao");
INSERT INTO MedicoInterv( MedicoID, IntervID) VALUES (4832,564);
INSERT INTO Evento(EventoID,Descricao, Data, Admissao, Quarto) VALUES (565, "descricao","25/10/2002 7:28:35" ,6, 239);
INSERT INTO Intervencao( EventoID, Descricao) VALUES (565,"descricao");
INSERT INTO MedicoInterv( MedicoID, IntervID) VALUES (2255,565);
INSERT INTO Evento(EventoID,Descricao, Data, Admissao, Quarto) VALUES (566, "descricao","21/2/2003 7:32:5" ,307, 175);
INSERT INTO Intervencao( EventoID, Descricao) VALUES (566,"descricao");
INSERT INTO MedicoInterv( MedicoID, IntervID) VALUES (4369,566);
INSERT INTO Evento(EventoID,Descricao, Data, Admissao, Quarto) VALUES (567, "descricao","13/6/2009 5:14:40" ,372, 198);
INSERT INTO Intervencao( EventoID, Descricao) VALUES (567,"descricao");
INSERT INTO MedicoInterv( MedicoID, IntervID) VALUES (2923,567);
INSERT INTO Evento(EventoID,Descricao, Data, Admissao, Quarto) VALUES (568, "descricao","11/6/1971 5:18:8" ,441, 236);
INSERT INTO Intervencao( EventoID, Descricao) VALUES (568,"descricao");
INSERT INTO MedicoInterv( MedicoID, IntervID) VALUES (8767,568);
INSERT INTO Evento(EventoID,Descricao, Data, Admissao, Quarto) VALUES (569, "descricao","15/1/1996 16:49:23" ,1, 145);
INSERT INTO Intervencao( EventoID, Descricao) VALUES (569,"descricao");
INSERT INTO MedicoInterv( MedicoID, IntervID) VALUES (9132,569);
INSERT INTO Evento(EventoID,Descricao, Data, Admissao, Quarto) VALUES (570, "descricao","12/2/1991 3:14:43" ,252, 122);
INSERT INTO Intervencao( EventoID, Descricao) VALUES (570,"descricao");
INSERT INTO MedicoInterv( MedicoID, IntervID) VALUES (6467,570);
INSERT INTO Evento(EventoID,Descricao, Data, Admissao, Quarto) VALUES (571, "descricao","24/4/1960 12:16:45" ,357, 137);
INSERT INTO Intervencao( EventoID, Descricao) VALUES (571,"descricao");
INSERT INTO MedicoInterv( MedicoID, IntervID) VALUES (9079,571);
INSERT INTO Evento(EventoID,Descricao, Data, Admissao, Quarto) VALUES (572, "descricao","10/3/1998 6:17:9" ,321, 165);
INSERT INTO Intervencao( EventoID, Descricao) VALUES (572,"descricao");
INSERT INTO MedicoInterv( MedicoID, IntervID) VALUES (1166,572);
INSERT INTO Evento(EventoID,Descricao, Data, Admissao, Quarto) VALUES (573, "descricao","3/4/2018 7:20:43" ,297, 204);
INSERT INTO Intervencao( EventoID, Descricao) VALUES (573,"descricao");
INSERT INTO MedicoInterv( MedicoID, IntervID) VALUES (7701,573);
INSERT INTO Evento(EventoID,Descricao, Data, Admissao, Quarto) VALUES (574, "descricao","16/1/2016 13:54:4" ,138, 125);
INSERT INTO Intervencao( EventoID, Descricao) VALUES (574,"descricao");
INSERT INTO MedicoInterv( MedicoID, IntervID) VALUES (6041,574);
INSERT INTO Evento(EventoID,Descricao, Data, Admissao, Quarto) VALUES (575, "descricao","13/9/2018 20:31:38" ,73, 147);
INSERT INTO Intervencao( EventoID, Descricao) VALUES (575,"descricao");
INSERT INTO MedicoInterv( MedicoID, IntervID) VALUES (8183,575);
INSERT INTO Evento(EventoID,Descricao, Data, Admissao, Quarto) VALUES (576, "descricao","8/5/1992 6:45:32" ,30, 166);
INSERT INTO Intervencao( EventoID, Descricao) VALUES (576,"descricao");
INSERT INTO MedicoInterv( MedicoID, IntervID) VALUES (3687,576);
INSERT INTO Evento(EventoID,Descricao, Data, Admissao, Quarto) VALUES (577, "descricao","13/1/1977 15:6:17" ,378, 113);
INSERT INTO Intervencao( EventoID, Descricao) VALUES (577,"descricao");
INSERT INTO MedicoInterv( MedicoID, IntervID) VALUES (7701,577);
INSERT INTO Evento(EventoID,Descricao, Data, Admissao, Quarto) VALUES (578, "descricao","10/12/1971 20:16:0" ,121, 170);
INSERT INTO Intervencao( EventoID, Descricao) VALUES (578,"descricao");
INSERT INTO MedicoInterv( MedicoID, IntervID) VALUES (6467,578);
INSERT INTO Evento(EventoID,Descricao, Data, Admissao, Quarto) VALUES (579, "descricao","7/3/1963 13:19:7" ,370, 146);
INSERT INTO Intervencao( EventoID, Descricao) VALUES (579,"descricao");
INSERT INTO MedicoInterv( MedicoID, IntervID) VALUES (4282,579);
INSERT INTO Evento(EventoID,Descricao, Data, Admissao, Quarto) VALUES (580, "descricao","16/11/1976 3:14:9" ,149, 202);
INSERT INTO Intervencao( EventoID, Descricao) VALUES (580,"descricao");
INSERT INTO MedicoInterv( MedicoID, IntervID) VALUES (1298,580);
INSERT INTO Evento(EventoID,Descricao, Data, Admissao, Quarto) VALUES (581, "descricao","6/11/2010 15:47:26" ,267, 236);
INSERT INTO Intervencao( EventoID, Descricao) VALUES (581,"descricao");
INSERT INTO MedicoInterv( MedicoID, IntervID) VALUES (7701,581);
INSERT INTO Evento(EventoID,Descricao, Data, Admissao, Quarto) VALUES (582, "descricao","7/4/1966 18:29:37" ,236, 133);
INSERT INTO Intervencao( EventoID, Descricao) VALUES (582,"descricao");
INSERT INTO MedicoInterv( MedicoID, IntervID) VALUES (9079,582);
INSERT INTO Evento(EventoID,Descricao, Data, Admissao, Quarto) VALUES (583, "descricao","8/12/1970 8:6:35" ,489, 192);
INSERT INTO Intervencao( EventoID, Descricao) VALUES (583,"descricao");
INSERT INTO MedicoInterv( MedicoID, IntervID) VALUES (8183,583);
INSERT INTO Evento(EventoID,Descricao, Data, Admissao, Quarto) VALUES (584, "descricao","25/11/1975 23:46:58" ,161, 108);
INSERT INTO Intervencao( EventoID, Descricao) VALUES (584,"descricao");
INSERT INTO MedicoInterv( MedicoID, IntervID) VALUES (4930,584);
INSERT INTO Evento(EventoID,Descricao, Data, Admissao, Quarto) VALUES (585, "descricao","7/7/1988 14:4:32" ,120, 193);
INSERT INTO Intervencao( EventoID, Descricao) VALUES (585,"descricao");
INSERT INTO MedicoInterv( MedicoID, IntervID) VALUES (9132,585);
INSERT INTO Evento(EventoID,Descricao, Data, Admissao, Quarto) VALUES (586, "descricao","19/2/1962 20:18:3" ,124, 218);
INSERT INTO Intervencao( EventoID, Descricao) VALUES (586,"descricao");
INSERT INTO MedicoInterv( MedicoID, IntervID) VALUES (1298,586);
INSERT INTO Evento(EventoID,Descricao, Data, Admissao, Quarto) VALUES (587, "descricao","24/1/1964 20:27:16" ,408, 106);
INSERT INTO Intervencao( EventoID, Descricao) VALUES (587,"descricao");
INSERT INTO MedicoInterv( MedicoID, IntervID) VALUES (9132,587);
INSERT INTO Evento(EventoID,Descricao, Data, Admissao, Quarto) VALUES (588, "descricao","6/9/2012 12:41:59" ,11, 199);
INSERT INTO Intervencao( EventoID, Descricao) VALUES (588,"descricao");
INSERT INTO MedicoInterv( MedicoID, IntervID) VALUES (4282,588);
INSERT INTO Evento(EventoID,Descricao, Data, Admissao, Quarto) VALUES (589, "descricao","3/5/1979 17:14:8" ,128, 245);
INSERT INTO Intervencao( EventoID, Descricao) VALUES (589,"descricao");
INSERT INTO MedicoInterv( MedicoID, IntervID) VALUES (2769,589);
INSERT INTO Evento(EventoID,Descricao, Data, Admissao, Quarto) VALUES (590, "descricao","3/9/2004 4:43:33" ,186, 120);
INSERT INTO Intervencao( EventoID, Descricao) VALUES (590,"descricao");
INSERT INTO MedicoInterv( MedicoID, IntervID) VALUES (8226,590);
INSERT INTO Evento(EventoID,Descricao, Data, Admissao, Quarto) VALUES (591, "descricao","1/9/2009 8:26:53" ,125, 169);
INSERT INTO Intervencao( EventoID, Descricao) VALUES (591,"descricao");
INSERT INTO MedicoInterv( MedicoID, IntervID) VALUES (4917,591);
INSERT INTO Evento(EventoID,Descricao, Data, Admissao, Quarto) VALUES (592, "descricao","9/4/2005 12:11:29" ,129, 113);
INSERT INTO Intervencao( EventoID, Descricao) VALUES (592,"descricao");
INSERT INTO MedicoInterv( MedicoID, IntervID) VALUES (2966,592);
INSERT INTO Evento(EventoID,Descricao, Data, Admissao, Quarto) VALUES (593, "descricao","10/3/1976 11:21:36" ,167, 164);
INSERT INTO Intervencao( EventoID, Descricao) VALUES (593,"descricao");
INSERT INTO MedicoInterv( MedicoID, IntervID) VALUES (8767,593);
INSERT INTO Evento(EventoID,Descricao, Data, Admissao, Quarto) VALUES (594, "descricao","12/4/2011 10:15:30" ,29, 178);
INSERT INTO Intervencao( EventoID, Descricao) VALUES (594,"descricao");
INSERT INTO MedicoInterv( MedicoID, IntervID) VALUES (8183,594);
INSERT INTO Evento(EventoID,Descricao, Data, Admissao, Quarto) VALUES (595, "descricao","8/10/2013 6:18:48" ,52, 192);
INSERT INTO Intervencao( EventoID, Descricao) VALUES (595,"descricao");
INSERT INTO MedicoInterv( MedicoID, IntervID) VALUES (7280,595);
INSERT INTO Evento(EventoID,Descricao, Data, Admissao, Quarto) VALUES (596, "descricao","25/10/2002 5:47:51" ,492, 119);
INSERT INTO Intervencao( EventoID, Descricao) VALUES (596,"descricao");
INSERT INTO MedicoInterv( MedicoID, IntervID) VALUES (3687,596);
INSERT INTO Evento(EventoID,Descricao, Data, Admissao, Quarto) VALUES (597, "descricao","8/8/1992 9:14:12" ,305, 210);
INSERT INTO Intervencao( EventoID, Descricao) VALUES (597,"descricao");
INSERT INTO MedicoInterv( MedicoID, IntervID) VALUES (1298,597);
INSERT INTO Evento(EventoID,Descricao, Data, Admissao, Quarto) VALUES (598, "descricao","18/2/1966 4:17:19" ,333, 114);
INSERT INTO Intervencao( EventoID, Descricao) VALUES (598,"descricao");
INSERT INTO MedicoInterv( MedicoID, IntervID) VALUES (7280,598);
INSERT INTO Evento(EventoID,Descricao, Data, Admissao, Quarto) VALUES (599, "descricao","20/1/1978 4:44:41" ,322, 197);
INSERT INTO Intervencao( EventoID, Descricao) VALUES (599,"descricao");
INSERT INTO MedicoInterv( MedicoID, IntervID) VALUES (9079,599);
INSERT INTO Evento(EventoID,Descricao, Data, Admissao, Quarto) VALUES (600, "descricao","8/8/1966 10:59:50" ,132, 193);
INSERT INTO Intervencao( EventoID, Descricao) VALUES (600,"descricao");
INSERT INTO MedicoInterv( MedicoID, IntervID) VALUES (3833,600);
INSERT INTO Evento(EventoID,Descricao, Data, Admissao, Quarto) VALUES (601, "descricao","24/8/1965 3:42:34" ,113, 226);
INSERT INTO Intervencao( EventoID, Descricao) VALUES (601,"descricao");
INSERT INTO MedicoInterv( MedicoID, IntervID) VALUES (7701,601);
INSERT INTO Evento(EventoID,Descricao, Data, Admissao, Quarto) VALUES (602, "descricao","15/11/1971 2:1:24" ,304, 213);
INSERT INTO Intervencao( EventoID, Descricao) VALUES (602,"descricao");
INSERT INTO MedicoInterv( MedicoID, IntervID) VALUES (9132,602);
INSERT INTO Evento(EventoID,Descricao, Data, Admissao, Quarto) VALUES (603, "descricao","25/5/1961 3:42:24" ,343, 228);
INSERT INTO Intervencao( EventoID, Descricao) VALUES (603,"descricao");
INSERT INTO MedicoInterv( MedicoID, IntervID) VALUES (2923,603);
INSERT INTO Evento(EventoID,Descricao, Data, Admissao, Quarto) VALUES (604, "descricao","27/6/2007 12:46:5" ,155, 157);
INSERT INTO Intervencao( EventoID, Descricao) VALUES (604,"descricao");
INSERT INTO MedicoInterv( MedicoID, IntervID) VALUES (9079,604);
INSERT INTO Evento(EventoID,Descricao, Data, Admissao, Quarto) VALUES (605, "descricao","1/9/2001 17:24:19" ,263, 218);
INSERT INTO Intervencao( EventoID, Descricao) VALUES (605,"descricao");
INSERT INTO MedicoInterv( MedicoID, IntervID) VALUES (2336,605);
INSERT INTO Evento(EventoID,Descricao, Data, Admissao, Quarto) VALUES (606, "descricao","25/6/1979 20:8:25" ,351, 109);
INSERT INTO Intervencao( EventoID, Descricao) VALUES (606,"descricao");
INSERT INTO MedicoInterv( MedicoID, IntervID) VALUES (6467,606);
INSERT INTO Evento(EventoID,Descricao, Data, Admissao, Quarto) VALUES (607, "descricao","9/6/1994 16:5:43" ,119, 106);
INSERT INTO Intervencao( EventoID, Descricao) VALUES (607,"descricao");
INSERT INTO MedicoInterv( MedicoID, IntervID) VALUES (5024,607);
INSERT INTO Evento(EventoID,Descricao, Data, Admissao, Quarto) VALUES (608, "descricao","27/1/1988 22:38:37" ,211, 129);
INSERT INTO Intervencao( EventoID, Descricao) VALUES (608,"descricao");
INSERT INTO MedicoInterv( MedicoID, IntervID) VALUES (2966,608);
INSERT INTO Evento(EventoID,Descricao, Data, Admissao, Quarto) VALUES (609, "descricao","18/5/1976 2:42:50" ,275, 111);
INSERT INTO Intervencao( EventoID, Descricao) VALUES (609,"descricao");
INSERT INTO MedicoInterv( MedicoID, IntervID) VALUES (8577,609);
INSERT INTO Evento(EventoID,Descricao, Data, Admissao, Quarto) VALUES (610, "descricao","4/8/2004 12:53:55" ,81, 114);
INSERT INTO Intervencao( EventoID, Descricao) VALUES (610,"descricao");
INSERT INTO MedicoInterv( MedicoID, IntervID) VALUES (2966,610);
INSERT INTO Evento(EventoID,Descricao, Data, Admissao, Quarto) VALUES (611, "descricao","14/10/1962 14:20:52" ,343, 115);
INSERT INTO Intervencao( EventoID, Descricao) VALUES (611,"descricao");
INSERT INTO MedicoInterv( MedicoID, IntervID) VALUES (2255,611);
INSERT INTO Evento(EventoID,Descricao, Data, Admissao, Quarto) VALUES (612, "descricao","9/8/1972 7:16:28" ,390, 239);
INSERT INTO Intervencao( EventoID, Descricao) VALUES (612,"descricao");
INSERT INTO MedicoInterv( MedicoID, IntervID) VALUES (9075,612);
INSERT INTO Evento(EventoID,Descricao, Data, Admissao, Quarto) VALUES (613, "descricao","19/6/1974 2:41:15" ,128, 131);
INSERT INTO Intervencao( EventoID, Descricao) VALUES (613,"descricao");
INSERT INTO MedicoInterv( MedicoID, IntervID) VALUES (1315,613);
INSERT INTO Evento(EventoID,Descricao, Data, Admissao, Quarto) VALUES (614, "descricao","4/7/2005 9:46:38" ,245, 229);
INSERT INTO Intervencao( EventoID, Descricao) VALUES (614,"descricao");
INSERT INTO MedicoInterv( MedicoID, IntervID) VALUES (1315,614);
INSERT INTO Evento(EventoID,Descricao, Data, Admissao, Quarto) VALUES (615, "descricao","16/11/2004 8:11:31" ,408, 107);
INSERT INTO Intervencao( EventoID, Descricao) VALUES (615,"descricao");
INSERT INTO MedicoInterv( MedicoID, IntervID) VALUES (7280,615);
INSERT INTO Evento(EventoID,Descricao, Data, Admissao, Quarto) VALUES (616, "descricao","4/11/2015 21:8:55" ,394, 211);
INSERT INTO Intervencao( EventoID, Descricao) VALUES (616,"descricao");
INSERT INTO MedicoInterv( MedicoID, IntervID) VALUES (8157,616);
INSERT INTO Evento(EventoID,Descricao, Data, Admissao, Quarto) VALUES (617, "descricao","11/12/1991 14:48:47" ,469, 148);
INSERT INTO Intervencao( EventoID, Descricao) VALUES (617,"descricao");
INSERT INTO MedicoInterv( MedicoID, IntervID) VALUES (2255,617);
INSERT INTO Evento(EventoID,Descricao, Data, Admissao, Quarto) VALUES (618, "descricao","3/10/1968 9:35:25" ,16, 158);
INSERT INTO Intervencao( EventoID, Descricao) VALUES (618,"descricao");
INSERT INTO MedicoInterv( MedicoID, IntervID) VALUES (4917,618);
INSERT INTO Evento(EventoID,Descricao, Data, Admissao, Quarto) VALUES (619, "descricao","13/4/2000 3:8:9" ,332, 246);
INSERT INTO Intervencao( EventoID, Descricao) VALUES (619,"descricao");
INSERT INTO MedicoInterv( MedicoID, IntervID) VALUES (6041,619);
INSERT INTO Evento(EventoID,Descricao, Data, Admissao, Quarto) VALUES (620, "descricao","21/5/2014 8:21:32" ,87, 188);
INSERT INTO Intervencao( EventoID, Descricao) VALUES (620,"descricao");
INSERT INTO MedicoInterv( MedicoID, IntervID) VALUES (4832,620);
INSERT INTO Evento(EventoID,Descricao, Data, Admissao, Quarto) VALUES (621, "descricao","14/5/1977 15:47:33" ,293, 150);
INSERT INTO Intervencao( EventoID, Descricao) VALUES (621,"descricao");
INSERT INTO MedicoInterv( MedicoID, IntervID) VALUES (7280,621);
INSERT INTO Evento(EventoID,Descricao, Data, Admissao, Quarto) VALUES (622, "descricao","6/12/2016 6:55:42" ,112, 146);
INSERT INTO Intervencao( EventoID, Descricao) VALUES (622,"descricao");
INSERT INTO MedicoInterv( MedicoID, IntervID) VALUES (6342,622);
INSERT INTO Evento(EventoID,Descricao, Data, Admissao, Quarto) VALUES (623, "descricao","22/12/2009 18:27:33" ,383, 203);
INSERT INTO Intervencao( EventoID, Descricao) VALUES (623,"descricao");
INSERT INTO MedicoInterv( MedicoID, IntervID) VALUES (8577,623);
INSERT INTO Evento(EventoID,Descricao, Data, Admissao, Quarto) VALUES (624, "descricao","13/7/1974 10:4:25" ,21, 137);
INSERT INTO Intervencao( EventoID, Descricao) VALUES (624,"descricao");
INSERT INTO MedicoInterv( MedicoID, IntervID) VALUES (1819,624);
INSERT INTO Evento(EventoID,Descricao, Data, Admissao, Quarto) VALUES (625, "descricao","25/8/1986 20:57:34" ,66, 229);
INSERT INTO Intervencao( EventoID, Descricao) VALUES (625,"descricao");
INSERT INTO MedicoInterv( MedicoID, IntervID) VALUES (6342,625);
INSERT INTO Evento(EventoID,Descricao, Data, Admissao, Quarto) VALUES (626, "descricao","11/8/1999 20:9:1" ,360, 126);
INSERT INTO Intervencao( EventoID, Descricao) VALUES (626,"descricao");
INSERT INTO MedicoInterv( MedicoID, IntervID) VALUES (6281,626);
INSERT INTO Evento(EventoID,Descricao, Data, Admissao, Quarto) VALUES (627, "descricao","8/12/1972 8:17:44" ,441, 231);
INSERT INTO Intervencao( EventoID, Descricao) VALUES (627,"descricao");
INSERT INTO MedicoInterv( MedicoID, IntervID) VALUES (7701,627);
INSERT INTO Evento(EventoID,Descricao, Data, Admissao, Quarto) VALUES (628, "descricao","5/8/2012 20:9:29" ,361, 238);
INSERT INTO Intervencao( EventoID, Descricao) VALUES (628,"descricao");
INSERT INTO MedicoInterv( MedicoID, IntervID) VALUES (6757,628);
INSERT INTO Evento(EventoID,Descricao, Data, Admissao, Quarto) VALUES (629, "descricao","7/9/2008 10:9:41" ,252, 119);
INSERT INTO Intervencao( EventoID, Descricao) VALUES (629,"descricao");
INSERT INTO MedicoInterv( MedicoID, IntervID) VALUES (1315,629);
INSERT INTO Evento(EventoID,Descricao, Data, Admissao, Quarto) VALUES (630, "descricao","15/4/1975 4:54:51" ,169, 198);
INSERT INTO Intervencao( EventoID, Descricao) VALUES (630,"descricao");
INSERT INTO MedicoInterv( MedicoID, IntervID) VALUES (9075,630);
INSERT INTO Evento(EventoID,Descricao, Data, Admissao, Quarto) VALUES (631, "descricao","4/2/2005 15:39:16" ,232, 164);
INSERT INTO Intervencao( EventoID, Descricao) VALUES (631,"descricao");
INSERT INTO MedicoInterv( MedicoID, IntervID) VALUES (8157,631);
INSERT INTO Evento(EventoID,Descricao, Data, Admissao, Quarto) VALUES (632, "descricao","24/4/1990 21:25:7" ,54, 214);
INSERT INTO Intervencao( EventoID, Descricao) VALUES (632,"descricao");
INSERT INTO MedicoInterv( MedicoID, IntervID) VALUES (4917,632);
INSERT INTO Evento(EventoID,Descricao, Data, Admissao, Quarto) VALUES (633, "descricao","3/1/1993 9:40:15" ,41, 162);
INSERT INTO Intervencao( EventoID, Descricao) VALUES (633,"descricao");
INSERT INTO MedicoInterv( MedicoID, IntervID) VALUES (8183,633);
INSERT INTO Evento(EventoID,Descricao, Data, Admissao, Quarto) VALUES (634, "descricao","28/11/1999 17:40:22" ,131, 233);
INSERT INTO Intervencao( EventoID, Descricao) VALUES (634,"descricao");
INSERT INTO MedicoInterv( MedicoID, IntervID) VALUES (2769,634);
INSERT INTO Evento(EventoID,Descricao, Data, Admissao, Quarto) VALUES (635, "descricao","1/8/1992 10:14:44" ,77, 176);
INSERT INTO Intervencao( EventoID, Descricao) VALUES (635,"descricao");
INSERT INTO MedicoInterv( MedicoID, IntervID) VALUES (4811,635);
INSERT INTO Evento(EventoID,Descricao, Data, Admissao, Quarto) VALUES (636, "descricao","13/6/1963 20:39:27" ,328, 223);
INSERT INTO Intervencao( EventoID, Descricao) VALUES (636,"descricao");
INSERT INTO MedicoInterv( MedicoID, IntervID) VALUES (4369,636);
INSERT INTO Evento(EventoID,Descricao, Data, Admissao, Quarto) VALUES (637, "descricao","2/6/1987 10:56:7" ,175, 183);
INSERT INTO Intervencao( EventoID, Descricao) VALUES (637,"descricao");
INSERT INTO MedicoInterv( MedicoID, IntervID) VALUES (8226,637);
INSERT INTO Evento(EventoID,Descricao, Data, Admissao, Quarto) VALUES (638, "descricao","2/7/2017 3:25:18" ,301, 214);
INSERT INTO Intervencao( EventoID, Descricao) VALUES (638,"descricao");
INSERT INTO MedicoInterv( MedicoID, IntervID) VALUES (7280,638);
INSERT INTO Evento(EventoID,Descricao, Data, Admissao, Quarto) VALUES (639, "descricao","10/1/2012 11:25:9" ,54, 219);
INSERT INTO Intervencao( EventoID, Descricao) VALUES (639,"descricao");
INSERT INTO MedicoInterv( MedicoID, IntervID) VALUES (5024,639);
INSERT INTO Evento(EventoID,Descricao, Data, Admissao, Quarto) VALUES (640, "descricao","6/9/1977 12:6:2" ,203, 133);
INSERT INTO Intervencao( EventoID, Descricao) VALUES (640,"descricao");
INSERT INTO MedicoInterv( MedicoID, IntervID) VALUES (9570,640);
INSERT INTO Evento(EventoID,Descricao, Data, Admissao, Quarto) VALUES (641, "descricao","13/12/2019 0:9:14" ,132, 230);
INSERT INTO Intervencao( EventoID, Descricao) VALUES (641,"descricao");
INSERT INTO MedicoInterv( MedicoID, IntervID) VALUES (1315,641);
INSERT INTO Evento(EventoID,Descricao, Data, Admissao, Quarto) VALUES (642, "descricao","14/11/1966 0:33:30" ,36, 173);
INSERT INTO Intervencao( EventoID, Descricao) VALUES (642,"descricao");
INSERT INTO MedicoInterv( MedicoID, IntervID) VALUES (9570,642);
INSERT INTO Evento(EventoID,Descricao, Data, Admissao, Quarto) VALUES (643, "descricao","14/10/1977 1:17:0" ,253, 121);
INSERT INTO Intervencao( EventoID, Descricao) VALUES (643,"descricao");
INSERT INTO MedicoInterv( MedicoID, IntervID) VALUES (3833,643);
INSERT INTO Evento(EventoID,Descricao, Data, Admissao, Quarto) VALUES (644, "descricao","3/12/1969 18:10:50" ,383, 117);
INSERT INTO Intervencao( EventoID, Descricao) VALUES (644,"descricao");
INSERT INTO MedicoInterv( MedicoID, IntervID) VALUES (9075,644);
INSERT INTO Evento(EventoID,Descricao, Data, Admissao, Quarto) VALUES (645, "descricao","5/3/2001 10:50:28" ,415, 114);
INSERT INTO Intervencao( EventoID, Descricao) VALUES (645,"descricao");
INSERT INTO MedicoInterv( MedicoID, IntervID) VALUES (2769,645);
INSERT INTO Evento(EventoID,Descricao, Data, Admissao, Quarto) VALUES (646, "descricao","27/2/1962 11:19:0" ,130, 191);
INSERT INTO Intervencao( EventoID, Descricao) VALUES (646,"descricao");
INSERT INTO MedicoInterv( MedicoID, IntervID) VALUES (8950,646);
INSERT INTO Evento(EventoID,Descricao, Data, Admissao, Quarto) VALUES (647, "descricao","18/11/1995 19:17:13" ,424, 192);
INSERT INTO Intervencao( EventoID, Descricao) VALUES (647,"descricao");
INSERT INTO MedicoInterv( MedicoID, IntervID) VALUES (2970,647);
INSERT INTO Evento(EventoID,Descricao, Data, Admissao, Quarto) VALUES (648, "descricao","5/11/1977 8:51:27" ,268, 212);
INSERT INTO Intervencao( EventoID, Descricao) VALUES (648,"descricao");
INSERT INTO MedicoInterv( MedicoID, IntervID) VALUES (9132,648);
INSERT INTO Evento(EventoID,Descricao, Data, Admissao, Quarto) VALUES (649, "descricao","15/5/1979 14:44:25" ,214, 144);
INSERT INTO Intervencao( EventoID, Descricao) VALUES (649,"descricao");
INSERT INTO MedicoInterv( MedicoID, IntervID) VALUES (9079,649);
INSERT INTO Evento(EventoID,Descricao, Data, Admissao, Quarto) VALUES (650, "descricao","10/11/1995 15:46:16" ,382, 203);
INSERT INTO Intervencao( EventoID, Descricao) VALUES (650,"descricao");
INSERT INTO MedicoInterv( MedicoID, IntervID) VALUES (2923,650);
INSERT INTO Evento(EventoID,Descricao, Data, Admissao, Quarto) VALUES (651, "descricao","7/5/2008 11:39:34" ,26, 206);
INSERT INTO Intervencao( EventoID, Descricao) VALUES (651,"descricao");
INSERT INTO MedicoInterv( MedicoID, IntervID) VALUES (2198,651);
INSERT INTO Evento(EventoID,Descricao, Data, Admissao, Quarto) VALUES (652, "descricao","13/10/1978 14:0:4" ,220, 114);
INSERT INTO Intervencao( EventoID, Descricao) VALUES (652,"descricao");
INSERT INTO MedicoInterv( MedicoID, IntervID) VALUES (2198,652);
INSERT INTO Evento(EventoID,Descricao, Data, Admissao, Quarto) VALUES (653, "descricao","17/6/1997 18:29:35" ,381, 130);
INSERT INTO Intervencao( EventoID, Descricao) VALUES (653,"descricao");
INSERT INTO MedicoInterv( MedicoID, IntervID) VALUES (5024,653);
INSERT INTO Evento(EventoID,Descricao, Data, Admissao, Quarto) VALUES (654, "descricao","6/2/1998 5:52:22" ,377, 227);
INSERT INTO Intervencao( EventoID, Descricao) VALUES (654,"descricao");
INSERT INTO MedicoInterv( MedicoID, IntervID) VALUES (2970,654);
INSERT INTO Evento(EventoID,Descricao, Data, Admissao, Quarto) VALUES (655, "descricao","16/8/1998 20:48:28" ,69, 183);
INSERT INTO Intervencao( EventoID, Descricao) VALUES (655,"descricao");
INSERT INTO MedicoInterv( MedicoID, IntervID) VALUES (1877,655);
INSERT INTO Evento(EventoID,Descricao, Data, Admissao, Quarto) VALUES (656, "descricao","26/9/2013 18:33:45" ,473, 131);
INSERT INTO Intervencao( EventoID, Descricao) VALUES (656,"descricao");
INSERT INTO MedicoInterv( MedicoID, IntervID) VALUES (2336,656);
INSERT INTO Evento(EventoID,Descricao, Data, Admissao, Quarto) VALUES (657, "descricao","27/7/1961 1:49:16" ,365, 106);
INSERT INTO Intervencao( EventoID, Descricao) VALUES (657,"descricao");
INSERT INTO MedicoInterv( MedicoID, IntervID) VALUES (5024,657);
INSERT INTO Evento(EventoID,Descricao, Data, Admissao, Quarto) VALUES (658, "descricao","1/6/1969 12:48:5" ,426, 202);
INSERT INTO Intervencao( EventoID, Descricao) VALUES (658,"descricao");
INSERT INTO MedicoInterv( MedicoID, IntervID) VALUES (4369,658);
INSERT INTO Evento(EventoID,Descricao, Data, Admissao, Quarto) VALUES (659, "descricao","4/4/1961 12:37:0" ,455, 176);
INSERT INTO Intervencao( EventoID, Descricao) VALUES (659,"descricao");
INSERT INTO MedicoInterv( MedicoID, IntervID) VALUES (6281,659);
INSERT INTO Evento(EventoID,Descricao, Data, Admissao, Quarto) VALUES (660, "descricao","3/3/2004 12:59:52" ,426, 119);
INSERT INTO Intervencao( EventoID, Descricao) VALUES (660,"descricao");
INSERT INTO MedicoInterv( MedicoID, IntervID) VALUES (8015,660);
INSERT INTO Evento(EventoID,Descricao, Data, Admissao, Quarto) VALUES (661, "descricao","6/3/1960 5:55:55" ,147, 194);
INSERT INTO Intervencao( EventoID, Descricao) VALUES (661,"descricao");
INSERT INTO MedicoInterv( MedicoID, IntervID) VALUES (7280,661);
INSERT INTO Evento(EventoID,Descricao, Data, Admissao, Quarto) VALUES (662, "descricao","27/2/1990 9:19:27" ,254, 197);
INSERT INTO Intervencao( EventoID, Descricao) VALUES (662,"descricao");
INSERT INTO MedicoInterv( MedicoID, IntervID) VALUES (9075,662);
INSERT INTO Evento(EventoID,Descricao, Data, Admissao, Quarto) VALUES (663, "descricao","27/3/1985 11:13:3" ,309, 176);
INSERT INTO Intervencao( EventoID, Descricao) VALUES (663,"descricao");
INSERT INTO MedicoInterv( MedicoID, IntervID) VALUES (4369,663);
INSERT INTO Evento(EventoID,Descricao, Data, Admissao, Quarto) VALUES (664, "descricao","3/2/1986 19:23:40" ,404, 178);
INSERT INTO Intervencao( EventoID, Descricao) VALUES (664,"descricao");
INSERT INTO MedicoInterv( MedicoID, IntervID) VALUES (9132,664);
INSERT INTO Evento(EventoID,Descricao, Data, Admissao, Quarto) VALUES (665, "descricao","16/3/1998 4:20:33" ,169, 147);
INSERT INTO Intervencao( EventoID, Descricao) VALUES (665,"descricao");
INSERT INTO MedicoInterv( MedicoID, IntervID) VALUES (1166,665);
INSERT INTO Evento(EventoID,Descricao, Data, Admissao, Quarto) VALUES (666, "descricao","20/9/1962 10:8:2" ,396, 230);
INSERT INTO Intervencao( EventoID, Descricao) VALUES (666,"descricao");
INSERT INTO MedicoInterv( MedicoID, IntervID) VALUES (5024,666);
INSERT INTO Evento(EventoID,Descricao, Data, Admissao, Quarto) VALUES (667, "descricao","14/7/1962 8:20:45" ,224, 100);
INSERT INTO Intervencao( EventoID, Descricao) VALUES (667,"descricao");
INSERT INTO MedicoInterv( MedicoID, IntervID) VALUES (4282,667);
INSERT INTO Evento(EventoID,Descricao, Data, Admissao, Quarto) VALUES (668, "descricao","19/10/1982 13:51:3" ,415, 238);
INSERT INTO Intervencao( EventoID, Descricao) VALUES (668,"descricao");
INSERT INTO MedicoInterv( MedicoID, IntervID) VALUES (2336,668);
INSERT INTO Evento(EventoID,Descricao, Data, Admissao, Quarto) VALUES (669, "descricao","23/3/2014 0:7:53" ,246, 230);
INSERT INTO Intervencao( EventoID, Descricao) VALUES (669,"descricao");
INSERT INTO MedicoInterv( MedicoID, IntervID) VALUES (4369,669);
INSERT INTO Evento(EventoID,Descricao, Data, Admissao, Quarto) VALUES (670, "descricao","2/6/2005 0:42:42" ,286, 119);
INSERT INTO Intervencao( EventoID, Descricao) VALUES (670,"descricao");
INSERT INTO MedicoInterv( MedicoID, IntervID) VALUES (9079,670);
INSERT INTO Evento(EventoID,Descricao, Data, Admissao, Quarto) VALUES (671, "descricao","12/10/2005 20:36:56" ,404, 212);
INSERT INTO Intervencao( EventoID, Descricao) VALUES (671,"descricao");
INSERT INTO MedicoInterv( MedicoID, IntervID) VALUES (1166,671);
INSERT INTO Evento(EventoID,Descricao, Data, Admissao, Quarto) VALUES (672, "descricao","16/6/1974 23:14:58" ,450, 205);
INSERT INTO Intervencao( EventoID, Descricao) VALUES (672,"descricao");
INSERT INTO MedicoInterv( MedicoID, IntervID) VALUES (4369,672);
INSERT INTO Evento(EventoID,Descricao, Data, Admissao, Quarto) VALUES (673, "descricao","15/4/1965 23:36:20" ,227, 164);
INSERT INTO Intervencao( EventoID, Descricao) VALUES (673,"descricao");
INSERT INTO MedicoInterv( MedicoID, IntervID) VALUES (4811,673);
INSERT INTO Evento(EventoID,Descricao, Data, Admissao, Quarto) VALUES (674, "descricao","1/10/2014 7:47:2" ,292, 247);
INSERT INTO Intervencao( EventoID, Descricao) VALUES (674,"descricao");
INSERT INTO MedicoInterv( MedicoID, IntervID) VALUES (4811,674);
INSERT INTO Evento(EventoID,Descricao, Data, Admissao, Quarto) VALUES (675, "descricao","28/2/1971 3:3:23" ,257, 219);
INSERT INTO Intervencao( EventoID, Descricao) VALUES (675,"descricao");
INSERT INTO MedicoInterv( MedicoID, IntervID) VALUES (7280,675);
INSERT INTO Evento(EventoID,Descricao, Data, Admissao, Quarto) VALUES (676, "descricao","7/12/2009 21:21:30" ,26, 215);
INSERT INTO Intervencao( EventoID, Descricao) VALUES (676,"descricao");
INSERT INTO MedicoInterv( MedicoID, IntervID) VALUES (8157,676);
INSERT INTO Evento(EventoID,Descricao, Data, Admissao, Quarto) VALUES (677, "descricao","1/2/1989 1:51:51" ,221, 183);
INSERT INTO Intervencao( EventoID, Descricao) VALUES (677,"descricao");
INSERT INTO MedicoInterv( MedicoID, IntervID) VALUES (2607,677);
INSERT INTO Evento(EventoID,Descricao, Data, Admissao, Quarto) VALUES (678, "descricao","19/6/1999 3:35:46" ,480, 145);
INSERT INTO Intervencao( EventoID, Descricao) VALUES (678,"descricao");
INSERT INTO MedicoInterv( MedicoID, IntervID) VALUES (8577,678);
INSERT INTO Evento(EventoID,Descricao, Data, Admissao, Quarto) VALUES (679, "descricao","3/3/1967 3:54:30" ,54, 150);
INSERT INTO Intervencao( EventoID, Descricao) VALUES (679,"descricao");
INSERT INTO MedicoInterv( MedicoID, IntervID) VALUES (6467,679);
INSERT INTO Evento(EventoID,Descricao, Data, Admissao, Quarto) VALUES (680, "descricao","8/4/1969 2:7:38" ,435, 145);
INSERT INTO Intervencao( EventoID, Descricao) VALUES (680,"descricao");
INSERT INTO MedicoInterv( MedicoID, IntervID) VALUES (9075,680);
INSERT INTO Evento(EventoID,Descricao, Data, Admissao, Quarto) VALUES (681, "descricao","6/8/2019 6:19:53" ,204, 207);
INSERT INTO Intervencao( EventoID, Descricao) VALUES (681,"descricao");
INSERT INTO MedicoInterv( MedicoID, IntervID) VALUES (8950,681);
INSERT INTO Evento(EventoID,Descricao, Data, Admissao, Quarto) VALUES (682, "descricao","12/11/2001 16:58:38" ,178, 104);
INSERT INTO Intervencao( EventoID, Descricao) VALUES (682,"descricao");
INSERT INTO MedicoInterv( MedicoID, IntervID) VALUES (9075,682);
INSERT INTO Evento(EventoID,Descricao, Data, Admissao, Quarto) VALUES (683, "descricao","22/3/1999 12:33:33" ,314, 239);
INSERT INTO Intervencao( EventoID, Descricao) VALUES (683,"descricao");
INSERT INTO MedicoInterv( MedicoID, IntervID) VALUES (9132,683);
INSERT INTO Evento(EventoID,Descricao, Data, Admissao, Quarto) VALUES (684, "descricao","10/2/1993 21:59:39" ,86, 228);
INSERT INTO Intervencao( EventoID, Descricao) VALUES (684,"descricao");
INSERT INTO MedicoInterv( MedicoID, IntervID) VALUES (5324,684);
INSERT INTO Evento(EventoID,Descricao, Data, Admissao, Quarto) VALUES (685, "descricao","8/2/1961 15:10:14" ,294, 177);
INSERT INTO Intervencao( EventoID, Descricao) VALUES (685,"descricao");
INSERT INTO MedicoInterv( MedicoID, IntervID) VALUES (9075,685);
INSERT INTO Evento(EventoID,Descricao, Data, Admissao, Quarto) VALUES (686, "descricao","14/1/2004 21:52:33" ,209, 148);
INSERT INTO Intervencao( EventoID, Descricao) VALUES (686,"descricao");
INSERT INTO MedicoInterv( MedicoID, IntervID) VALUES (3687,686);
INSERT INTO Evento(EventoID,Descricao, Data, Admissao, Quarto) VALUES (687, "descricao","7/1/2004 22:59:56" ,416, 190);
INSERT INTO Intervencao( EventoID, Descricao) VALUES (687,"descricao");
INSERT INTO MedicoInterv( MedicoID, IntervID) VALUES (7701,687);
INSERT INTO Evento(EventoID,Descricao, Data, Admissao, Quarto) VALUES (688, "descricao","23/7/1964 16:44:23" ,340, 149);
INSERT INTO Intervencao( EventoID, Descricao) VALUES (688,"descricao");
INSERT INTO MedicoInterv( MedicoID, IntervID) VALUES (5024,688);
INSERT INTO Evento(EventoID,Descricao, Data, Admissao, Quarto) VALUES (689, "descricao","18/9/2015 21:36:45" ,93, 245);
INSERT INTO Intervencao( EventoID, Descricao) VALUES (689,"descricao");
INSERT INTO MedicoInterv( MedicoID, IntervID) VALUES (3833,689);
INSERT INTO Evento(EventoID,Descricao, Data, Admissao, Quarto) VALUES (690, "descricao","25/10/2009 16:25:54" ,396, 187);
INSERT INTO Intervencao( EventoID, Descricao) VALUES (690,"descricao");
INSERT INTO MedicoInterv( MedicoID, IntervID) VALUES (6041,690);
INSERT INTO Evento(EventoID,Descricao, Data, Admissao, Quarto) VALUES (691, "descricao","26/2/1986 9:52:8" ,459, 206);
INSERT INTO Intervencao( EventoID, Descricao) VALUES (691,"descricao");
INSERT INTO MedicoInterv( MedicoID, IntervID) VALUES (3833,691);
INSERT INTO Evento(EventoID,Descricao, Data, Admissao, Quarto) VALUES (692, "descricao","13/2/1998 3:26:56" ,104, 166);
INSERT INTO Intervencao( EventoID, Descricao) VALUES (692,"descricao");
INSERT INTO MedicoInterv( MedicoID, IntervID) VALUES (5024,692);
INSERT INTO Evento(EventoID,Descricao, Data, Admissao, Quarto) VALUES (693, "descricao","6/4/1995 13:42:18" ,465, 142);
INSERT INTO Intervencao( EventoID, Descricao) VALUES (693,"descricao");
INSERT INTO MedicoInterv( MedicoID, IntervID) VALUES (1298,693);
INSERT INTO Evento(EventoID,Descricao, Data, Admissao, Quarto) VALUES (694, "descricao","23/2/1986 14:47:13" ,96, 220);
INSERT INTO Intervencao( EventoID, Descricao) VALUES (694,"descricao");
INSERT INTO MedicoInterv( MedicoID, IntervID) VALUES (7701,694);
INSERT INTO Evento(EventoID,Descricao, Data, Admissao, Quarto) VALUES (695, "descricao","26/8/1976 21:0:25" ,403, 194);
INSERT INTO Intervencao( EventoID, Descricao) VALUES (695,"descricao");
INSERT INTO MedicoInterv( MedicoID, IntervID) VALUES (7280,695);
INSERT INTO Evento(EventoID,Descricao, Data, Admissao, Quarto) VALUES (696, "descricao","23/11/1982 22:34:54" ,123, 247);
INSERT INTO Intervencao( EventoID, Descricao) VALUES (696,"descricao");
INSERT INTO MedicoInterv( MedicoID, IntervID) VALUES (5894,696);
INSERT INTO Evento(EventoID,Descricao, Data, Admissao, Quarto) VALUES (697, "descricao","22/3/1969 23:25:18" ,469, 149);
INSERT INTO Intervencao( EventoID, Descricao) VALUES (697,"descricao");
INSERT INTO MedicoInterv( MedicoID, IntervID) VALUES (2198,697);
INSERT INTO Evento(EventoID,Descricao, Data, Admissao, Quarto) VALUES (698, "descricao","15/8/2009 18:43:53" ,356, 210);
INSERT INTO Intervencao( EventoID, Descricao) VALUES (698,"descricao");
INSERT INTO MedicoInterv( MedicoID, IntervID) VALUES (7280,698);
INSERT INTO Evento(EventoID,Descricao, Data, Admissao, Quarto) VALUES (699, "descricao","13/6/1976 18:34:40" ,118, 199);
INSERT INTO Intervencao( EventoID, Descricao) VALUES (699,"descricao");
INSERT INTO MedicoInterv( MedicoID, IntervID) VALUES (8157,699);
INSERT INTO Evento(EventoID,Descricao, Data, Admissao, Quarto) VALUES (700, "descricao","21/6/1967 4:22:21" ,115, 146);
INSERT INTO Intervencao( EventoID, Descricao) VALUES (700,"descricao");
INSERT INTO MedicoInterv( MedicoID, IntervID) VALUES (9079,700);
INSERT INTO Evento(EventoID,Descricao, Data, Admissao, Quarto) VALUES (701, "descricao","15/2/1987 14:40:43" ,483, 159);
INSERT INTO Intervencao( EventoID, Descricao) VALUES (701,"descricao");
INSERT INTO MedicoInterv( MedicoID, IntervID) VALUES (2607,701);
INSERT INTO Evento(EventoID,Descricao, Data, Admissao, Quarto) VALUES (702, "descricao","9/12/2015 16:42:13" ,79, 163);
INSERT INTO Intervencao( EventoID, Descricao) VALUES (702,"descricao");
INSERT INTO MedicoInterv( MedicoID, IntervID) VALUES (4282,702);
INSERT INTO Evento(EventoID,Descricao, Data, Admissao, Quarto) VALUES (703, "descricao","11/12/1977 5:58:30" ,216, 192);
INSERT INTO Intervencao( EventoID, Descricao) VALUES (703,"descricao");
INSERT INTO MedicoInterv( MedicoID, IntervID) VALUES (1166,703);
INSERT INTO Evento(EventoID,Descricao, Data, Admissao, Quarto) VALUES (704, "descricao","27/9/1985 22:34:21" ,177, 124);
INSERT INTO Intervencao( EventoID, Descricao) VALUES (704,"descricao");
INSERT INTO MedicoInterv( MedicoID, IntervID) VALUES (4832,704);
INSERT INTO Evento(EventoID,Descricao, Data, Admissao, Quarto) VALUES (705, "descricao","7/10/1979 22:58:33" ,423, 165);
INSERT INTO Intervencao( EventoID, Descricao) VALUES (705,"descricao");
INSERT INTO MedicoInterv( MedicoID, IntervID) VALUES (6757,705);
INSERT INTO Evento(EventoID,Descricao, Data, Admissao, Quarto) VALUES (706, "descricao","13/4/2019 7:10:25" ,63, 154);
INSERT INTO Intervencao( EventoID, Descricao) VALUES (706,"descricao");
INSERT INTO MedicoInterv( MedicoID, IntervID) VALUES (1819,706);
INSERT INTO Evento(EventoID,Descricao, Data, Admissao, Quarto) VALUES (707, "descricao","19/11/1971 14:32:20" ,54, 198);
INSERT INTO Intervencao( EventoID, Descricao) VALUES (707,"descricao");
INSERT INTO MedicoInterv( MedicoID, IntervID) VALUES (6675,707);
INSERT INTO Evento(EventoID,Descricao, Data, Admissao, Quarto) VALUES (708, "descricao","9/1/2000 7:13:22" ,485, 113);
INSERT INTO Intervencao( EventoID, Descricao) VALUES (708,"descricao");
INSERT INTO MedicoInterv( MedicoID, IntervID) VALUES (4282,708);
INSERT INTO Evento(EventoID,Descricao, Data, Admissao, Quarto) VALUES (709, "descricao","6/11/1991 11:57:6" ,234, 190);
INSERT INTO Intervencao( EventoID, Descricao) VALUES (709,"descricao");
INSERT INTO MedicoInterv( MedicoID, IntervID) VALUES (1819,709);
INSERT INTO Evento(EventoID,Descricao, Data, Admissao, Quarto) VALUES (710, "descricao","7/2/1961 4:51:7" ,463, 184);
INSERT INTO Intervencao( EventoID, Descricao) VALUES (710,"descricao");
INSERT INTO MedicoInterv( MedicoID, IntervID) VALUES (4930,710);
INSERT INTO Evento(EventoID,Descricao, Data, Admissao, Quarto) VALUES (711, "descricao","1/10/1970 9:8:59" ,420, 148);
INSERT INTO Intervencao( EventoID, Descricao) VALUES (711,"descricao");
INSERT INTO MedicoInterv( MedicoID, IntervID) VALUES (6041,711);
INSERT INTO Evento(EventoID,Descricao, Data, Admissao, Quarto) VALUES (712, "descricao","4/6/1985 12:37:56" ,306, 190);
INSERT INTO Intervencao( EventoID, Descricao) VALUES (712,"descricao");
INSERT INTO MedicoInterv( MedicoID, IntervID) VALUES (2607,712);
INSERT INTO Evento(EventoID,Descricao, Data, Admissao, Quarto) VALUES (713, "descricao","13/12/2018 0:45:23" ,379, 188);
INSERT INTO Intervencao( EventoID, Descricao) VALUES (713,"descricao");
INSERT INTO MedicoInterv( MedicoID, IntervID) VALUES (9075,713);
INSERT INTO Evento(EventoID,Descricao, Data, Admissao, Quarto) VALUES (714, "descricao","6/6/1990 15:45:4" ,217, 202);
INSERT INTO Intervencao( EventoID, Descricao) VALUES (714,"descricao");
INSERT INTO MedicoInterv( MedicoID, IntervID) VALUES (6675,714);
INSERT INTO Evento(EventoID,Descricao, Data, Admissao, Quarto) VALUES (715, "descricao","17/9/1986 5:31:7" ,472, 182);
INSERT INTO Intervencao( EventoID, Descricao) VALUES (715,"descricao");
INSERT INTO MedicoInterv( MedicoID, IntervID) VALUES (2966,715);
INSERT INTO Evento(EventoID,Descricao, Data, Admissao, Quarto) VALUES (716, "descricao","22/1/1982 11:34:3" ,205, 229);
INSERT INTO Intervencao( EventoID, Descricao) VALUES (716,"descricao");
INSERT INTO MedicoInterv( MedicoID, IntervID) VALUES (2255,716);
INSERT INTO Evento(EventoID,Descricao, Data, Admissao, Quarto) VALUES (717, "descricao","20/3/1970 14:18:3" ,88, 247);
INSERT INTO Intervencao( EventoID, Descricao) VALUES (717,"descricao");
INSERT INTO MedicoInterv( MedicoID, IntervID) VALUES (8015,717);
INSERT INTO Evento(EventoID,Descricao, Data, Admissao, Quarto) VALUES (718, "descricao","28/4/1990 19:48:35" ,321, 183);
INSERT INTO Intervencao( EventoID, Descricao) VALUES (718,"descricao");
INSERT INTO MedicoInterv( MedicoID, IntervID) VALUES (4282,718);
INSERT INTO Evento(EventoID,Descricao, Data, Admissao, Quarto) VALUES (719, "descricao","22/9/1976 18:17:16" ,39, 124);
INSERT INTO Intervencao( EventoID, Descricao) VALUES (719,"descricao");
INSERT INTO MedicoInterv( MedicoID, IntervID) VALUES (4930,719);
INSERT INTO Evento(EventoID,Descricao, Data, Admissao, Quarto) VALUES (720, "descricao","23/12/2016 1:7:8" ,293, 101);
INSERT INTO Intervencao( EventoID, Descricao) VALUES (720,"descricao");
INSERT INTO MedicoInterv( MedicoID, IntervID) VALUES (8226,720);
INSERT INTO Evento(EventoID,Descricao, Data, Admissao, Quarto) VALUES (721, "descricao","14/2/1964 20:17:10" ,141, 208);
INSERT INTO Intervencao( EventoID, Descricao) VALUES (721,"descricao");
INSERT INTO MedicoInterv( MedicoID, IntervID) VALUES (8767,721);
INSERT INTO Evento(EventoID,Descricao, Data, Admissao, Quarto) VALUES (722, "descricao","4/1/1992 2:33:19" ,29, 130);
INSERT INTO Intervencao( EventoID, Descricao) VALUES (722,"descricao");
INSERT INTO MedicoInterv( MedicoID, IntervID) VALUES (6675,722);
INSERT INTO Evento(EventoID,Descricao, Data, Admissao, Quarto) VALUES (723, "descricao","28/12/1987 18:20:34" ,145, 119);
INSERT INTO Intervencao( EventoID, Descricao) VALUES (723,"descricao");
INSERT INTO MedicoInterv( MedicoID, IntervID) VALUES (6757,723);
INSERT INTO Evento(EventoID,Descricao, Data, Admissao, Quarto) VALUES (724, "descricao","25/6/1968 23:41:49" ,418, 172);
INSERT INTO Intervencao( EventoID, Descricao) VALUES (724,"descricao");
INSERT INTO MedicoInterv( MedicoID, IntervID) VALUES (2336,724);
INSERT INTO Evento(EventoID,Descricao, Data, Admissao, Quarto) VALUES (725, "descricao","24/4/1996 15:2:41" ,181, 128);
INSERT INTO Intervencao( EventoID, Descricao) VALUES (725,"descricao");
INSERT INTO MedicoInterv( MedicoID, IntervID) VALUES (5894,725);
INSERT INTO Evento(EventoID,Descricao, Data, Admissao, Quarto) VALUES (726, "descricao","11/5/1984 2:30:35" ,223, 158);
INSERT INTO Intervencao( EventoID, Descricao) VALUES (726,"descricao");
INSERT INTO MedicoInterv( MedicoID, IntervID) VALUES (2607,726);
INSERT INTO Evento(EventoID,Descricao, Data, Admissao, Quarto) VALUES (727, "descricao","24/3/1969 3:3:6" ,353, 176);
INSERT INTO Intervencao( EventoID, Descricao) VALUES (727,"descricao");
INSERT INTO MedicoInterv( MedicoID, IntervID) VALUES (2255,727);
INSERT INTO Evento(EventoID,Descricao, Data, Admissao, Quarto) VALUES (728, "descricao","11/8/2004 6:47:3" ,343, 132);
INSERT INTO Intervencao( EventoID, Descricao) VALUES (728,"descricao");
INSERT INTO MedicoInterv( MedicoID, IntervID) VALUES (4832,728);
INSERT INTO Evento(EventoID,Descricao, Data, Admissao, Quarto) VALUES (729, "descricao","8/2/1967 9:21:26" ,481, 166);
INSERT INTO Intervencao( EventoID, Descricao) VALUES (729,"descricao");
INSERT INTO MedicoInterv( MedicoID, IntervID) VALUES (3833,729);
INSERT INTO Evento(EventoID,Descricao, Data, Admissao, Quarto) VALUES (730, "descricao","6/8/1969 4:40:40" ,269, 213);
INSERT INTO Intervencao( EventoID, Descricao) VALUES (730,"descricao");
INSERT INTO MedicoInterv( MedicoID, IntervID) VALUES (1298,730);
INSERT INTO Evento(EventoID,Descricao, Data, Admissao, Quarto) VALUES (731, "descricao","5/6/2009 5:40:35" ,150, 240);
INSERT INTO Intervencao( EventoID, Descricao) VALUES (731,"descricao");
INSERT INTO MedicoInterv( MedicoID, IntervID) VALUES (4282,731);
INSERT INTO Evento(EventoID,Descricao, Data, Admissao, Quarto) VALUES (732, "descricao","9/6/1992 21:27:17" ,28, 193);
INSERT INTO Intervencao( EventoID, Descricao) VALUES (732,"descricao");
INSERT INTO MedicoInterv( MedicoID, IntervID) VALUES (2923,732);
INSERT INTO Evento(EventoID,Descricao, Data, Admissao, Quarto) VALUES (733, "descricao","15/10/2009 21:43:30" ,455, 109);
INSERT INTO Intervencao( EventoID, Descricao) VALUES (733,"descricao");
INSERT INTO MedicoInterv( MedicoID, IntervID) VALUES (2255,733);
INSERT INTO Evento(EventoID,Descricao, Data, Admissao, Quarto) VALUES (734, "descricao","2/11/2009 2:11:13" ,36, 158);
INSERT INTO Intervencao( EventoID, Descricao) VALUES (734,"descricao");
INSERT INTO MedicoInterv( MedicoID, IntervID) VALUES (8015,734);
INSERT INTO Evento(EventoID,Descricao, Data, Admissao, Quarto) VALUES (735, "descricao","9/7/1969 12:3:28" ,246, 122);
INSERT INTO Intervencao( EventoID, Descricao) VALUES (735,"descricao");
INSERT INTO MedicoInterv( MedicoID, IntervID) VALUES (9132,735);
INSERT INTO Evento(EventoID,Descricao, Data, Admissao, Quarto) VALUES (736, "descricao","24/5/2008 6:27:39" ,77, 109);
INSERT INTO Intervencao( EventoID, Descricao) VALUES (736,"descricao");
INSERT INTO MedicoInterv( MedicoID, IntervID) VALUES (2607,736);
INSERT INTO Evento(EventoID,Descricao, Data, Admissao, Quarto) VALUES (737, "descricao","4/10/1975 23:14:25" ,181, 231);
INSERT INTO Intervencao( EventoID, Descricao) VALUES (737,"descricao");
INSERT INTO MedicoInterv( MedicoID, IntervID) VALUES (6467,737);
INSERT INTO Evento(EventoID,Descricao, Data, Admissao, Quarto) VALUES (738, "descricao","8/7/1999 8:5:50" ,50, 195);
INSERT INTO Intervencao( EventoID, Descricao) VALUES (738,"descricao");
INSERT INTO MedicoInterv( MedicoID, IntervID) VALUES (9075,738);
INSERT INTO Evento(EventoID,Descricao, Data, Admissao, Quarto) VALUES (739, "descricao","28/10/1960 8:44:29" ,241, 138);
INSERT INTO Intervencao( EventoID, Descricao) VALUES (739,"descricao");
INSERT INTO MedicoInterv( MedicoID, IntervID) VALUES (4917,739);
INSERT INTO Evento(EventoID,Descricao, Data, Admissao, Quarto) VALUES (740, "descricao","17/2/1965 5:48:0" ,219, 197);
INSERT INTO Intervencao( EventoID, Descricao) VALUES (740,"descricao");
INSERT INTO MedicoInterv( MedicoID, IntervID) VALUES (9132,740);
INSERT INTO Evento(EventoID,Descricao, Data, Admissao, Quarto) VALUES (741, "descricao","28/7/1972 8:45:52" ,332, 163);
INSERT INTO Intervencao( EventoID, Descricao) VALUES (741,"descricao");
INSERT INTO MedicoInterv( MedicoID, IntervID) VALUES (7701,741);
INSERT INTO Evento(EventoID,Descricao, Data, Admissao, Quarto) VALUES (742, "descricao","1/3/1981 7:32:14" ,12, 157);
INSERT INTO Intervencao( EventoID, Descricao) VALUES (742,"descricao");
INSERT INTO MedicoInterv( MedicoID, IntervID) VALUES (1315,742);
INSERT INTO Evento(EventoID,Descricao, Data, Admissao, Quarto) VALUES (743, "descricao","23/10/1977 16:49:1" ,196, 211);
INSERT INTO Intervencao( EventoID, Descricao) VALUES (743,"descricao");
INSERT INTO MedicoInterv( MedicoID, IntervID) VALUES (9079,743);
INSERT INTO Evento(EventoID,Descricao, Data, Admissao, Quarto) VALUES (744, "descricao","6/9/1974 19:47:37" ,106, 102);
INSERT INTO Intervencao( EventoID, Descricao) VALUES (744,"descricao");
INSERT INTO MedicoInterv( MedicoID, IntervID) VALUES (8015,744);
INSERT INTO Evento(EventoID,Descricao, Data, Admissao, Quarto) VALUES (745, "descricao","21/8/1970 3:42:19" ,97, 147);
INSERT INTO Intervencao( EventoID, Descricao) VALUES (745,"descricao");
INSERT INTO MedicoInterv( MedicoID, IntervID) VALUES (9079,745);
INSERT INTO Evento(EventoID,Descricao, Data, Admissao, Quarto) VALUES (746, "descricao","4/1/2010 16:31:8" ,224, 132);
INSERT INTO Intervencao( EventoID, Descricao) VALUES (746,"descricao");
INSERT INTO MedicoInterv( MedicoID, IntervID) VALUES (4832,746);
INSERT INTO Evento(EventoID,Descricao, Data, Admissao, Quarto) VALUES (747, "descricao","8/10/2014 19:51:58" ,499, 238);
INSERT INTO Intervencao( EventoID, Descricao) VALUES (747,"descricao");
INSERT INTO MedicoInterv( MedicoID, IntervID) VALUES (9570,747);
INSERT INTO Evento(EventoID,Descricao, Data, Admissao, Quarto) VALUES (748, "descricao","12/4/2011 6:8:59" ,425, 249);
INSERT INTO Intervencao( EventoID, Descricao) VALUES (748,"descricao");
INSERT INTO MedicoInterv( MedicoID, IntervID) VALUES (6467,748);
INSERT INTO Evento(EventoID,Descricao, Data, Admissao, Quarto) VALUES (749, "descricao","10/8/1991 3:48:14" ,323, 153);
INSERT INTO Intervencao( EventoID, Descricao) VALUES (749,"descricao");
INSERT INTO MedicoInterv( MedicoID, IntervID) VALUES (4917,749);
INSERT INTO Evento(EventoID,Descricao, Data, Admissao, Quarto) VALUES (750, "descricao","10/7/1977 0:48:20" ,178, 129);
INSERT INTO Intervencao( EventoID, Descricao) VALUES (750,"descricao");
INSERT INTO MedicoInterv( MedicoID, IntervID) VALUES (3687,750);
INSERT INTO Evento(EventoID,Descricao, Data, Admissao, Quarto) VALUES (751, "descricao","18/10/2009 18:16:28" ,355, 244);
INSERT INTO Intervencao( EventoID, Descricao) VALUES (751,"descricao");
INSERT INTO MedicoInterv( MedicoID, IntervID) VALUES (6041,751);
INSERT INTO Evento(EventoID,Descricao, Data, Admissao, Quarto) VALUES (752, "descricao","2/12/2008 23:21:0" ,374, 144);
INSERT INTO Intervencao( EventoID, Descricao) VALUES (752,"descricao");
INSERT INTO MedicoInterv( MedicoID, IntervID) VALUES (2923,752);
INSERT INTO Evento(EventoID,Descricao, Data, Admissao, Quarto) VALUES (753, "descricao","15/11/2017 14:40:51" ,427, 204);
INSERT INTO Intervencao( EventoID, Descricao) VALUES (753,"descricao");
INSERT INTO MedicoInterv( MedicoID, IntervID) VALUES (4930,753);
INSERT INTO Evento(EventoID,Descricao, Data, Admissao, Quarto) VALUES (754, "descricao","15/12/1965 4:13:30" ,367, 105);
INSERT INTO Intervencao( EventoID, Descricao) VALUES (754,"descricao");
INSERT INTO MedicoInterv( MedicoID, IntervID) VALUES (6675,754);
INSERT INTO Evento(EventoID,Descricao, Data, Admissao, Quarto) VALUES (755, "descricao","13/4/1999 20:50:45" ,449, 191);
INSERT INTO Intervencao( EventoID, Descricao) VALUES (755,"descricao");
INSERT INTO MedicoInterv( MedicoID, IntervID) VALUES (8577,755);
INSERT INTO Evento(EventoID,Descricao, Data, Admissao, Quarto) VALUES (756, "descricao","10/1/1979 11:40:41" ,385, 221);
INSERT INTO Intervencao( EventoID, Descricao) VALUES (756,"descricao");
INSERT INTO MedicoInterv( MedicoID, IntervID) VALUES (2198,756);
INSERT INTO Evento(EventoID,Descricao, Data, Admissao, Quarto) VALUES (757, "descricao","5/4/1976 18:28:3" ,238, 154);
INSERT INTO Intervencao( EventoID, Descricao) VALUES (757,"descricao");
INSERT INTO MedicoInterv( MedicoID, IntervID) VALUES (5324,757);
INSERT INTO Evento(EventoID,Descricao, Data, Admissao, Quarto) VALUES (758, "descricao","27/2/2003 5:16:42" ,484, 229);
INSERT INTO Intervencao( EventoID, Descricao) VALUES (758,"descricao");
INSERT INTO MedicoInterv( MedicoID, IntervID) VALUES (7280,758);
INSERT INTO Evento(EventoID,Descricao, Data, Admissao, Quarto) VALUES (759, "descricao","11/4/1971 10:46:56" ,131, 126);
INSERT INTO Intervencao( EventoID, Descricao) VALUES (759,"descricao");
INSERT INTO MedicoInterv( MedicoID, IntervID) VALUES (9289,759);
INSERT INTO Evento(EventoID,Descricao, Data, Admissao, Quarto) VALUES (760, "descricao","3/2/1962 16:9:13" ,491, 225);
INSERT INTO Intervencao( EventoID, Descricao) VALUES (760,"descricao");
INSERT INTO MedicoInterv( MedicoID, IntervID) VALUES (5324,760);
INSERT INTO Evento(EventoID,Descricao, Data, Admissao, Quarto) VALUES (761, "descricao","22/4/1990 18:35:22" ,116, 179);
INSERT INTO Intervencao( EventoID, Descricao) VALUES (761,"descricao");
INSERT INTO MedicoInterv( MedicoID, IntervID) VALUES (3833,761);
INSERT INTO Evento(EventoID,Descricao, Data, Admissao, Quarto) VALUES (762, "descricao","22/6/2011 9:13:43" ,29, 145);
INSERT INTO Intervencao( EventoID, Descricao) VALUES (762,"descricao");
INSERT INTO MedicoInterv( MedicoID, IntervID) VALUES (7701,762);
INSERT INTO Evento(EventoID,Descricao, Data, Admissao, Quarto) VALUES (763, "descricao","25/6/2003 20:46:0" ,188, 222);
INSERT INTO Intervencao( EventoID, Descricao) VALUES (763,"descricao");
INSERT INTO MedicoInterv( MedicoID, IntervID) VALUES (6757,763);
INSERT INTO Evento(EventoID,Descricao, Data, Admissao, Quarto) VALUES (764, "descricao","12/6/2009 6:12:1" ,163, 180);
INSERT INTO Intervencao( EventoID, Descricao) VALUES (764,"descricao");
INSERT INTO MedicoInterv( MedicoID, IntervID) VALUES (4917,764);
INSERT INTO Evento(EventoID,Descricao, Data, Admissao, Quarto) VALUES (765, "descricao","2/5/2003 14:50:5" ,202, 195);
INSERT INTO Intervencao( EventoID, Descricao) VALUES (765,"descricao");
INSERT INTO MedicoInterv( MedicoID, IntervID) VALUES (7701,765);
INSERT INTO Evento(EventoID,Descricao, Data, Admissao, Quarto) VALUES (766, "descricao","25/5/1964 17:58:37" ,339, 105);
INSERT INTO Intervencao( EventoID, Descricao) VALUES (766,"descricao");
INSERT INTO MedicoInterv( MedicoID, IntervID) VALUES (2769,766);
INSERT INTO Evento(EventoID,Descricao, Data, Admissao, Quarto) VALUES (767, "descricao","15/3/2010 16:28:9" ,267, 179);
INSERT INTO Intervencao( EventoID, Descricao) VALUES (767,"descricao");
INSERT INTO MedicoInterv( MedicoID, IntervID) VALUES (5324,767);
INSERT INTO Evento(EventoID,Descricao, Data, Admissao, Quarto) VALUES (768, "descricao","7/12/1999 19:26:51" ,6, 179);
INSERT INTO Intervencao( EventoID, Descricao) VALUES (768,"descricao");
INSERT INTO MedicoInterv( MedicoID, IntervID) VALUES (6757,768);
INSERT INTO Evento(EventoID,Descricao, Data, Admissao, Quarto) VALUES (769, "descricao","2/12/1981 9:33:58" ,362, 223);
INSERT INTO Intervencao( EventoID, Descricao) VALUES (769,"descricao");
INSERT INTO MedicoInterv( MedicoID, IntervID) VALUES (8183,769);
INSERT INTO Evento(EventoID,Descricao, Data, Admissao, Quarto) VALUES (770, "descricao","17/3/2008 9:5:20" ,83, 110);
INSERT INTO Intervencao( EventoID, Descricao) VALUES (770,"descricao");
INSERT INTO MedicoInterv( MedicoID, IntervID) VALUES (4832,770);
INSERT INTO Evento(EventoID,Descricao, Data, Admissao, Quarto) VALUES (771, "descricao","3/5/1964 6:53:20" ,28, 224);
INSERT INTO Intervencao( EventoID, Descricao) VALUES (771,"descricao");
INSERT INTO MedicoInterv( MedicoID, IntervID) VALUES (8767,771);
INSERT INTO Evento(EventoID,Descricao, Data, Admissao, Quarto) VALUES (772, "descricao","2/2/1988 9:21:35" ,180, 226);
INSERT INTO Intervencao( EventoID, Descricao) VALUES (772,"descricao");
INSERT INTO MedicoInterv( MedicoID, IntervID) VALUES (2198,772);
INSERT INTO Evento(EventoID,Descricao, Data, Admissao, Quarto) VALUES (773, "descricao","17/9/1999 7:1:45" ,194, 233);
INSERT INTO Intervencao( EventoID, Descricao) VALUES (773,"descricao");
INSERT INTO MedicoInterv( MedicoID, IntervID) VALUES (4832,773);
INSERT INTO Evento(EventoID,Descricao, Data, Admissao, Quarto) VALUES (774, "descricao","28/10/1963 3:13:0" ,325, 178);
INSERT INTO Intervencao( EventoID, Descricao) VALUES (774,"descricao");
INSERT INTO MedicoInterv( MedicoID, IntervID) VALUES (5324,774);
INSERT INTO Evento(EventoID,Descricao, Data, Admissao, Quarto) VALUES (775, "descricao","10/6/2012 19:59:23" ,340, 136);
INSERT INTO Intervencao( EventoID, Descricao) VALUES (775,"descricao");
INSERT INTO MedicoInterv( MedicoID, IntervID) VALUES (8767,775);
INSERT INTO Evento(EventoID,Descricao, Data, Admissao, Quarto) VALUES (776, "descricao","27/1/2000 10:3:13" ,2, 114);
INSERT INTO Intervencao( EventoID, Descricao) VALUES (776,"descricao");
INSERT INTO MedicoInterv( MedicoID, IntervID) VALUES (5024,776);
INSERT INTO Evento(EventoID,Descricao, Data, Admissao, Quarto) VALUES (777, "descricao","12/9/2002 19:17:19" ,388, 114);
INSERT INTO Intervencao( EventoID, Descricao) VALUES (777,"descricao");
INSERT INTO MedicoInterv( MedicoID, IntervID) VALUES (2255,777);
INSERT INTO Evento(EventoID,Descricao, Data, Admissao, Quarto) VALUES (778, "descricao","23/9/1984 16:27:13" ,132, 244);
INSERT INTO Intervencao( EventoID, Descricao) VALUES (778,"descricao");
INSERT INTO MedicoInterv( MedicoID, IntervID) VALUES (8577,778);
INSERT INTO Evento(EventoID,Descricao, Data, Admissao, Quarto) VALUES (779, "descricao","12/3/2005 6:41:18" ,140, 212);
INSERT INTO Intervencao( EventoID, Descricao) VALUES (779,"descricao");
INSERT INTO MedicoInterv( MedicoID, IntervID) VALUES (2970,779);
INSERT INTO Evento(EventoID,Descricao, Data, Admissao, Quarto) VALUES (780, "descricao","1/1/2004 20:45:0" ,186, 155);
INSERT INTO Intervencao( EventoID, Descricao) VALUES (780,"descricao");
INSERT INTO MedicoInterv( MedicoID, IntervID) VALUES (1877,780);
INSERT INTO Evento(EventoID,Descricao, Data, Admissao, Quarto) VALUES (781, "descricao","10/11/2001 19:0:27" ,365, 188);
INSERT INTO Intervencao( EventoID, Descricao) VALUES (781,"descricao");
INSERT INTO MedicoInterv( MedicoID, IntervID) VALUES (1166,781);
INSERT INTO Evento(EventoID,Descricao, Data, Admissao, Quarto) VALUES (782, "descricao","17/4/1970 4:58:16" ,262, 163);
INSERT INTO Intervencao( EventoID, Descricao) VALUES (782,"descricao");
INSERT INTO MedicoInterv( MedicoID, IntervID) VALUES (4917,782);
INSERT INTO Evento(EventoID,Descricao, Data, Admissao, Quarto) VALUES (783, "descricao","7/3/2006 1:50:23" ,262, 187);
INSERT INTO Intervencao( EventoID, Descricao) VALUES (783,"descricao");
INSERT INTO MedicoInterv( MedicoID, IntervID) VALUES (9132,783);
INSERT INTO Evento(EventoID,Descricao, Data, Admissao, Quarto) VALUES (784, "descricao","23/6/2005 0:9:11" ,53, 242);
INSERT INTO Intervencao( EventoID, Descricao) VALUES (784,"descricao");
INSERT INTO MedicoInterv( MedicoID, IntervID) VALUES (6757,784);
INSERT INTO Evento(EventoID,Descricao, Data, Admissao, Quarto) VALUES (785, "descricao","16/3/1986 14:19:35" ,44, 186);
INSERT INTO Intervencao( EventoID, Descricao) VALUES (785,"descricao");
INSERT INTO MedicoInterv( MedicoID, IntervID) VALUES (1315,785);
INSERT INTO Evento(EventoID,Descricao, Data, Admissao, Quarto) VALUES (786, "descricao","27/8/1981 10:22:53" ,82, 191);
INSERT INTO Intervencao( EventoID, Descricao) VALUES (786,"descricao");
INSERT INTO MedicoInterv( MedicoID, IntervID) VALUES (2336,786);
INSERT INTO Evento(EventoID,Descricao, Data, Admissao, Quarto) VALUES (787, "descricao","15/6/1999 12:25:23" ,288, 115);
INSERT INTO Intervencao( EventoID, Descricao) VALUES (787,"descricao");
INSERT INTO MedicoInterv( MedicoID, IntervID) VALUES (4282,787);
INSERT INTO Evento(EventoID,Descricao, Data, Admissao, Quarto) VALUES (788, "descricao","8/4/1979 15:18:42" ,410, 194);
INSERT INTO Intervencao( EventoID, Descricao) VALUES (788,"descricao");
INSERT INTO MedicoInterv( MedicoID, IntervID) VALUES (9075,788);
INSERT INTO Evento(EventoID,Descricao, Data, Admissao, Quarto) VALUES (789, "descricao","8/12/1993 20:46:14" ,325, 236);
INSERT INTO Intervencao( EventoID, Descricao) VALUES (789,"descricao");
INSERT INTO MedicoInterv( MedicoID, IntervID) VALUES (4930,789);
INSERT INTO Evento(EventoID,Descricao, Data, Admissao, Quarto) VALUES (790, "descricao","9/9/2015 10:3:20" ,175, 191);
INSERT INTO Intervencao( EventoID, Descricao) VALUES (790,"descricao");
INSERT INTO MedicoInterv( MedicoID, IntervID) VALUES (9079,790);
INSERT INTO Evento(EventoID,Descricao, Data, Admissao, Quarto) VALUES (791, "descricao","28/12/1974 19:40:6" ,185, 211);
INSERT INTO Intervencao( EventoID, Descricao) VALUES (791,"descricao");
INSERT INTO MedicoInterv( MedicoID, IntervID) VALUES (8767,791);
INSERT INTO Evento(EventoID,Descricao, Data, Admissao, Quarto) VALUES (792, "descricao","21/10/2006 2:29:25" ,443, 205);
INSERT INTO Intervencao( EventoID, Descricao) VALUES (792,"descricao");
INSERT INTO MedicoInterv( MedicoID, IntervID) VALUES (5024,792);
INSERT INTO Evento(EventoID,Descricao, Data, Admissao, Quarto) VALUES (793, "descricao","1/5/1986 7:9:53" ,200, 192);
INSERT INTO Intervencao( EventoID, Descricao) VALUES (793,"descricao");
INSERT INTO MedicoInterv( MedicoID, IntervID) VALUES (4369,793);
INSERT INTO Evento(EventoID,Descricao, Data, Admissao, Quarto) VALUES (794, "descricao","6/5/1960 17:4:21" ,134, 248);
INSERT INTO Intervencao( EventoID, Descricao) VALUES (794,"descricao");
INSERT INTO MedicoInterv( MedicoID, IntervID) VALUES (8183,794);
INSERT INTO Evento(EventoID,Descricao, Data, Admissao, Quarto) VALUES (795, "descricao","21/7/2016 17:27:50" ,250, 182);
INSERT INTO Intervencao( EventoID, Descricao) VALUES (795,"descricao");
INSERT INTO MedicoInterv( MedicoID, IntervID) VALUES (4282,795);
INSERT INTO Evento(EventoID,Descricao, Data, Admissao, Quarto) VALUES (796, "descricao","13/3/1988 7:23:13" ,27, 102);
INSERT INTO Intervencao( EventoID, Descricao) VALUES (796,"descricao");
INSERT INTO MedicoInterv( MedicoID, IntervID) VALUES (2923,796);
INSERT INTO Evento(EventoID,Descricao, Data, Admissao, Quarto) VALUES (797, "descricao","16/1/1973 12:12:43" ,272, 154);
INSERT INTO Intervencao( EventoID, Descricao) VALUES (797,"descricao");
INSERT INTO MedicoInterv( MedicoID, IntervID) VALUES (6467,797);
INSERT INTO Evento(EventoID,Descricao, Data, Admissao, Quarto) VALUES (798, "descricao","6/8/1985 23:8:56" ,493, 131);
INSERT INTO Intervencao( EventoID, Descricao) VALUES (798,"descricao");
INSERT INTO MedicoInterv( MedicoID, IntervID) VALUES (1877,798);
INSERT INTO Evento(EventoID,Descricao, Data, Admissao, Quarto) VALUES (799, "descricao","4/1/1960 12:22:40" ,192, 128);
INSERT INTO Intervencao( EventoID, Descricao) VALUES (799,"descricao");
INSERT INTO MedicoInterv( MedicoID, IntervID) VALUES (1877,799);

-- Nurse Exam
INSERT INTO Evento(EventoID,Descricao, Data, Admissao, Quarto) VALUES (800, "descricao","12/9/1970 12:29:2" ,483, 112);
INSERT INTO Exame( EventoID, Nome, Descricao) VALUES (800,"laringoscopia","descricao");
INSERT INTO EnfermeiroExame( EnfermeiroID, ExameID) VALUES (5286,800);
INSERT INTO Evento(EventoID,Descricao, Data, Admissao, Quarto) VALUES (801, "descricao","16/10/1991 22:5:28" ,280, 242);
INSERT INTO Exame( EventoID, Nome, Descricao) VALUES (801,"Sangue","descricao");
INSERT INTO EnfermeiroExame( EnfermeiroID, ExameID) VALUES (4683,801);
INSERT INTO Evento(EventoID,Descricao, Data, Admissao, Quarto) VALUES (802, "descricao","7/2/2019 21:3:46" ,190, 160);
INSERT INTO Exame( EventoID, Nome, Descricao) VALUES (802,"toracoscopia","descricao");
INSERT INTO EnfermeiroExame( EnfermeiroID, ExameID) VALUES (9327,802);
INSERT INTO Evento(EventoID,Descricao, Data, Admissao, Quarto) VALUES (803, "descricao","17/12/2019 5:2:56" ,65, 203);
INSERT INTO Exame( EventoID, Nome, Descricao) VALUES (803,"esofagoscopia","descricao");
INSERT INTO EnfermeiroExame( EnfermeiroID, ExameID) VALUES (9031,803);
INSERT INTO Evento(EventoID,Descricao, Data, Admissao, Quarto) VALUES (804, "descricao","18/9/1998 9:22:44" ,80, 114);
INSERT INTO Exame( EventoID, Nome, Descricao) VALUES (804,"mediastinoscopia","descricao");
INSERT INTO EnfermeiroExame( EnfermeiroID, ExameID) VALUES (2735,804);
INSERT INTO Evento(EventoID,Descricao, Data, Admissao, Quarto) VALUES (805, "descricao","23/3/1977 6:54:54" ,451, 159);
INSERT INTO Exame( EventoID, Nome, Descricao) VALUES (805,"laringoscopia","descricao");
INSERT INTO EnfermeiroExame( EnfermeiroID, ExameID) VALUES (8385,805);
INSERT INTO Evento(EventoID,Descricao, Data, Admissao, Quarto) VALUES (806, "descricao","11/3/2005 22:57:36" ,51, 191);
INSERT INTO Exame( EventoID, Nome, Descricao) VALUES (806,"broncoscopia","descricao");
INSERT INTO EnfermeiroExame( EnfermeiroID, ExameID) VALUES (4623,806);
INSERT INTO Evento(EventoID,Descricao, Data, Admissao, Quarto) VALUES (807, "descricao","18/9/1973 14:45:47" ,235, 151);
INSERT INTO Exame( EventoID, Nome, Descricao) VALUES (807,"esofagoscopia","descricao");
INSERT INTO EnfermeiroExame( EnfermeiroID, ExameID) VALUES (7508,807);
INSERT INTO Evento(EventoID,Descricao, Data, Admissao, Quarto) VALUES (808, "descricao","25/7/1963 6:45:25" ,43, 114);
INSERT INTO Exame( EventoID, Nome, Descricao) VALUES (808,"liquido sinovial","descricao");
INSERT INTO EnfermeiroExame( EnfermeiroID, ExameID) VALUES (3740,808);
INSERT INTO Evento(EventoID,Descricao, Data, Admissao, Quarto) VALUES (809, "descricao","19/1/2009 15:57:52" ,7, 242);
INSERT INTO Exame( EventoID, Nome, Descricao) VALUES (809,"laringoscopia","descricao");
INSERT INTO EnfermeiroExame( EnfermeiroID, ExameID) VALUES (4511,809);
INSERT INTO Evento(EventoID,Descricao, Data, Admissao, Quarto) VALUES (810, "descricao","9/11/2015 3:25:43" ,62, 179);
INSERT INTO Exame( EventoID, Nome, Descricao) VALUES (810,"laparoscopia","descricao");
INSERT INTO EnfermeiroExame( EnfermeiroID, ExameID) VALUES (8750,810);
INSERT INTO Evento(EventoID,Descricao, Data, Admissao, Quarto) VALUES (811, "descricao","4/6/1977 14:48:42" ,280, 200);
INSERT INTO Exame( EventoID, Nome, Descricao) VALUES (811,"Urina","descricao");
INSERT INTO EnfermeiroExame( EnfermeiroID, ExameID) VALUES (6171,811);
INSERT INTO Evento(EventoID,Descricao, Data, Admissao, Quarto) VALUES (812, "descricao","19/3/1997 13:6:28" ,71, 150);
INSERT INTO Exame( EventoID, Nome, Descricao) VALUES (812,"toracoscopia","descricao");
INSERT INTO EnfermeiroExame( EnfermeiroID, ExameID) VALUES (9911,812);
INSERT INTO Evento(EventoID,Descricao, Data, Admissao, Quarto) VALUES (813, "descricao","8/12/2012 12:7:44" ,198, 128);
INSERT INTO Exame( EventoID, Nome, Descricao) VALUES (813,"mediastinoscopia","descricao");
INSERT INTO EnfermeiroExame( EnfermeiroID, ExameID) VALUES (3279,813);
INSERT INTO Evento(EventoID,Descricao, Data, Admissao, Quarto) VALUES (814, "descricao","6/10/2015 15:9:48" ,262, 223);
INSERT INTO Exame( EventoID, Nome, Descricao) VALUES (814,"cistoscopia","descricao");
INSERT INTO EnfermeiroExame( EnfermeiroID, ExameID) VALUES (8255,814);
INSERT INTO Evento(EventoID,Descricao, Data, Admissao, Quarto) VALUES (815, "descricao","18/2/2011 2:41:54" ,78, 218);
INSERT INTO Exame( EventoID, Nome, Descricao) VALUES (815,"laparoscopia","descricao");
INSERT INTO EnfermeiroExame( EnfermeiroID, ExameID) VALUES (8158,815);
INSERT INTO Evento(EventoID,Descricao, Data, Admissao, Quarto) VALUES (816, "descricao","13/12/1978 22:51:9" ,356, 148);
INSERT INTO Exame( EventoID, Nome, Descricao) VALUES (816,"laringoscopia","descricao");
INSERT INTO EnfermeiroExame( EnfermeiroID, ExameID) VALUES (4415,816);
INSERT INTO Evento(EventoID,Descricao, Data, Admissao, Quarto) VALUES (817, "descricao","8/10/1994 18:50:27" ,347, 104);
INSERT INTO Exame( EventoID, Nome, Descricao) VALUES (817,"liquido cefalorraquidiano","descricao");
INSERT INTO EnfermeiroExame( EnfermeiroID, ExameID) VALUES (5930,817);
INSERT INTO Evento(EventoID,Descricao, Data, Admissao, Quarto) VALUES (818, "descricao","6/12/1979 0:41:24" ,127, 146);
INSERT INTO Exame( EventoID, Nome, Descricao) VALUES (818,"cistoscopia","descricao");
INSERT INTO EnfermeiroExame( EnfermeiroID, ExameID) VALUES (8385,818);
INSERT INTO Evento(EventoID,Descricao, Data, Admissao, Quarto) VALUES (819, "descricao","23/10/2013 14:59:46" ,112, 205);
INSERT INTO Exame( EventoID, Nome, Descricao) VALUES (819,"mediastinoscopia","descricao");
INSERT INTO EnfermeiroExame( EnfermeiroID, ExameID) VALUES (7667,819);
INSERT INTO Evento(EventoID,Descricao, Data, Admissao, Quarto) VALUES (820, "descricao","11/2/2006 19:12:0" ,262, 151);
INSERT INTO Exame( EventoID, Nome, Descricao) VALUES (820,"toracoscopia","descricao");
INSERT INTO EnfermeiroExame( EnfermeiroID, ExameID) VALUES (7462,820);
INSERT INTO Evento(EventoID,Descricao, Data, Admissao, Quarto) VALUES (821, "descricao","23/7/1969 13:13:59" ,158, 148);
INSERT INTO Exame( EventoID, Nome, Descricao) VALUES (821,"toracoscopia","descricao");
INSERT INTO EnfermeiroExame( EnfermeiroID, ExameID) VALUES (8335,821);
INSERT INTO Evento(EventoID,Descricao, Data, Admissao, Quarto) VALUES (822, "descricao","15/4/1964 14:57:48" ,33, 232);
INSERT INTO Exame( EventoID, Nome, Descricao) VALUES (822,"liquido cefalorraquidiano","descricao");
INSERT INTO EnfermeiroExame( EnfermeiroID, ExameID) VALUES (8702,822);
INSERT INTO Evento(EventoID,Descricao, Data, Admissao, Quarto) VALUES (823, "descricao","28/6/1976 7:39:23" ,260, 143);
INSERT INTO Exame( EventoID, Nome, Descricao) VALUES (823,"liquido sinovial","descricao");
INSERT INTO EnfermeiroExame( EnfermeiroID, ExameID) VALUES (3126,823);
INSERT INTO Evento(EventoID,Descricao, Data, Admissao, Quarto) VALUES (824, "descricao","1/3/1990 22:31:59" ,189, 211);
INSERT INTO Exame( EventoID, Nome, Descricao) VALUES (824,"laparoscopia","descricao");
INSERT INTO EnfermeiroExame( EnfermeiroID, ExameID) VALUES (7062,824);
INSERT INTO Evento(EventoID,Descricao, Data, Admissao, Quarto) VALUES (825, "descricao","5/12/1990 13:33:54" ,166, 158);
INSERT INTO Exame( EventoID, Nome, Descricao) VALUES (825,"liquido sinovial","descricao");
INSERT INTO EnfermeiroExame( EnfermeiroID, ExameID) VALUES (2879,825);
INSERT INTO Evento(EventoID,Descricao, Data, Admissao, Quarto) VALUES (826, "descricao","26/3/1997 10:36:32" ,221, 205);
INSERT INTO Exame( EventoID, Nome, Descricao) VALUES (826,"esofagoscopia","descricao");
INSERT INTO EnfermeiroExame( EnfermeiroID, ExameID) VALUES (8207,826);
INSERT INTO Evento(EventoID,Descricao, Data, Admissao, Quarto) VALUES (827, "descricao","27/2/1962 8:42:58" ,292, 160);
INSERT INTO Exame( EventoID, Nome, Descricao) VALUES (827,"cistoscopia","descricao");
INSERT INTO EnfermeiroExame( EnfermeiroID, ExameID) VALUES (1106,827);
INSERT INTO Evento(EventoID,Descricao, Data, Admissao, Quarto) VALUES (828, "descricao","22/7/2005 18:51:19" ,433, 173);
INSERT INTO Exame( EventoID, Nome, Descricao) VALUES (828,"Urina","descricao");
INSERT INTO EnfermeiroExame( EnfermeiroID, ExameID) VALUES (3279,828);
INSERT INTO Evento(EventoID,Descricao, Data, Admissao, Quarto) VALUES (829, "descricao","1/5/2013 11:42:18" ,229, 248);
INSERT INTO Exame( EventoID, Nome, Descricao) VALUES (829,"Urina","descricao");
INSERT INTO EnfermeiroExame( EnfermeiroID, ExameID) VALUES (3279,829);
INSERT INTO Evento(EventoID,Descricao, Data, Admissao, Quarto) VALUES (830, "descricao","25/3/1965 21:38:45" ,318, 233);
INSERT INTO Exame( EventoID, Nome, Descricao) VALUES (830,"esofagoscopia","descricao");
INSERT INTO EnfermeiroExame( EnfermeiroID, ExameID) VALUES (4415,830);
INSERT INTO Evento(EventoID,Descricao, Data, Admissao, Quarto) VALUES (831, "descricao","16/2/2001 7:6:33" ,398, 120);
INSERT INTO Exame( EventoID, Nome, Descricao) VALUES (831,"cistoscopia","descricao");
INSERT INTO EnfermeiroExame( EnfermeiroID, ExameID) VALUES (2902,831);
INSERT INTO Evento(EventoID,Descricao, Data, Admissao, Quarto) VALUES (832, "descricao","2/8/1978 23:34:53" ,269, 197);
INSERT INTO Exame( EventoID, Nome, Descricao) VALUES (832,"cistoscopia","descricao");
INSERT INTO EnfermeiroExame( EnfermeiroID, ExameID) VALUES (3279,832);
INSERT INTO Evento(EventoID,Descricao, Data, Admissao, Quarto) VALUES (833, "descricao","22/5/1964 10:19:47" ,318, 228);
INSERT INTO Exame( EventoID, Nome, Descricao) VALUES (833,"laparoscopia","descricao");
INSERT INTO EnfermeiroExame( EnfermeiroID, ExameID) VALUES (7508,833);
INSERT INTO Evento(EventoID,Descricao, Data, Admissao, Quarto) VALUES (834, "descricao","1/10/1962 18:57:45" ,179, 227);
INSERT INTO Exame( EventoID, Nome, Descricao) VALUES (834,"toracoscopia","descricao");
INSERT INTO EnfermeiroExame( EnfermeiroID, ExameID) VALUES (7475,834);
INSERT INTO Evento(EventoID,Descricao, Data, Admissao, Quarto) VALUES (835, "descricao","8/12/1977 3:14:56" ,143, 117);
INSERT INTO Exame( EventoID, Nome, Descricao) VALUES (835,"mediastinoscopia","descricao");
INSERT INTO EnfermeiroExame( EnfermeiroID, ExameID) VALUES (2879,835);
INSERT INTO Evento(EventoID,Descricao, Data, Admissao, Quarto) VALUES (836, "descricao","13/1/1997 18:29:14" ,370, 197);
INSERT INTO Exame( EventoID, Nome, Descricao) VALUES (836,"Sangue","descricao");
INSERT INTO EnfermeiroExame( EnfermeiroID, ExameID) VALUES (8255,836);
INSERT INTO Evento(EventoID,Descricao, Data, Admissao, Quarto) VALUES (837, "descricao","20/5/1974 20:3:38" ,445, 233);
INSERT INTO Exame( EventoID, Nome, Descricao) VALUES (837,"liquido cefalorraquidiano","descricao");
INSERT INTO EnfermeiroExame( EnfermeiroID, ExameID) VALUES (3279,837);
INSERT INTO Evento(EventoID,Descricao, Data, Admissao, Quarto) VALUES (838, "descricao","11/12/1996 10:12:38" ,97, 206);
INSERT INTO Exame( EventoID, Nome, Descricao) VALUES (838,"broncoscopia","descricao");
INSERT INTO EnfermeiroExame( EnfermeiroID, ExameID) VALUES (4731,838);
INSERT INTO Evento(EventoID,Descricao, Data, Admissao, Quarto) VALUES (839, "descricao","1/11/1972 20:16:47" ,30, 124);
INSERT INTO Exame( EventoID, Nome, Descricao) VALUES (839,"toracoscopia","descricao");
INSERT INTO EnfermeiroExame( EnfermeiroID, ExameID) VALUES (3297,839);
INSERT INTO Evento(EventoID,Descricao, Data, Admissao, Quarto) VALUES (840, "descricao","27/6/2015 16:42:7" ,281, 171);
INSERT INTO Exame( EventoID, Nome, Descricao) VALUES (840,"mediastinoscopia","descricao");
INSERT INTO EnfermeiroExame( EnfermeiroID, ExameID) VALUES (2879,840);
INSERT INTO Evento(EventoID,Descricao, Data, Admissao, Quarto) VALUES (841, "descricao","22/4/2018 20:10:57" ,139, 121);
INSERT INTO Exame( EventoID, Nome, Descricao) VALUES (841,"toracoscopia","descricao");
INSERT INTO EnfermeiroExame( EnfermeiroID, ExameID) VALUES (7062,841);
INSERT INTO Evento(EventoID,Descricao, Data, Admissao, Quarto) VALUES (842, "descricao","8/3/2011 18:30:45" ,260, 127);
INSERT INTO Exame( EventoID, Nome, Descricao) VALUES (842,"laparoscopia","descricao");
INSERT INTO EnfermeiroExame( EnfermeiroID, ExameID) VALUES (5286,842);
INSERT INTO Evento(EventoID,Descricao, Data, Admissao, Quarto) VALUES (843, "descricao","9/10/1997 23:2:11" ,241, 132);
INSERT INTO Exame( EventoID, Nome, Descricao) VALUES (843,"cistoscopia","descricao");
INSERT INTO EnfermeiroExame( EnfermeiroID, ExameID) VALUES (6590,843);
INSERT INTO Evento(EventoID,Descricao, Data, Admissao, Quarto) VALUES (844, "descricao","10/4/1965 12:7:37" ,28, 175);
INSERT INTO Exame( EventoID, Nome, Descricao) VALUES (844,"laringoscopia","descricao");
INSERT INTO EnfermeiroExame( EnfermeiroID, ExameID) VALUES (6171,844);
INSERT INTO Evento(EventoID,Descricao, Data, Admissao, Quarto) VALUES (845, "descricao","1/3/1982 16:46:5" ,136, 167);
INSERT INTO Exame( EventoID, Nome, Descricao) VALUES (845,"laringoscopia","descricao");
INSERT INTO EnfermeiroExame( EnfermeiroID, ExameID) VALUES (2735,845);
INSERT INTO Evento(EventoID,Descricao, Data, Admissao, Quarto) VALUES (846, "descricao","15/6/2014 8:51:6" ,19, 205);
INSERT INTO Exame( EventoID, Nome, Descricao) VALUES (846,"toracoscopia","descricao");
INSERT INTO EnfermeiroExame( EnfermeiroID, ExameID) VALUES (5930,846);
INSERT INTO Evento(EventoID,Descricao, Data, Admissao, Quarto) VALUES (847, "descricao","14/5/1979 3:8:34" ,151, 243);
INSERT INTO Exame( EventoID, Nome, Descricao) VALUES (847,"cistoscopia","descricao");
INSERT INTO EnfermeiroExame( EnfermeiroID, ExameID) VALUES (8207,847);
INSERT INTO Evento(EventoID,Descricao, Data, Admissao, Quarto) VALUES (848, "descricao","21/11/1984 3:29:50" ,356, 174);
INSERT INTO Exame( EventoID, Nome, Descricao) VALUES (848,"liquido cefalorraquidiano","descricao");
INSERT INTO EnfermeiroExame( EnfermeiroID, ExameID) VALUES (7062,848);
INSERT INTO Evento(EventoID,Descricao, Data, Admissao, Quarto) VALUES (849, "descricao","20/11/1960 2:53:20" ,15, 109);
INSERT INTO Exame( EventoID, Nome, Descricao) VALUES (849,"mediastinoscopia","descricao");
INSERT INTO EnfermeiroExame( EnfermeiroID, ExameID) VALUES (3364,849);
INSERT INTO Evento(EventoID,Descricao, Data, Admissao, Quarto) VALUES (850, "descricao","24/11/1984 23:15:50" ,78, 190);
INSERT INTO Exame( EventoID, Nome, Descricao) VALUES (850,"Sangue","descricao");
INSERT INTO EnfermeiroExame( EnfermeiroID, ExameID) VALUES (1106,850);
INSERT INTO Evento(EventoID,Descricao, Data, Admissao, Quarto) VALUES (851, "descricao","17/4/1987 16:42:4" ,113, 109);
INSERT INTO Exame( EventoID, Nome, Descricao) VALUES (851,"broncoscopia","descricao");
INSERT INTO EnfermeiroExame( EnfermeiroID, ExameID) VALUES (2281,851);
INSERT INTO Evento(EventoID,Descricao, Data, Admissao, Quarto) VALUES (852, "descricao","28/2/1976 1:38:2" ,442, 145);
INSERT INTO Exame( EventoID, Nome, Descricao) VALUES (852,"laparoscopia","descricao");
INSERT INTO EnfermeiroExame( EnfermeiroID, ExameID) VALUES (3279,852);
INSERT INTO Evento(EventoID,Descricao, Data, Admissao, Quarto) VALUES (853, "descricao","13/7/1963 7:38:15" ,450, 209);
INSERT INTO Exame( EventoID, Nome, Descricao) VALUES (853,"mediastinoscopia","descricao");
INSERT INTO EnfermeiroExame( EnfermeiroID, ExameID) VALUES (9145,853);
INSERT INTO Evento(EventoID,Descricao, Data, Admissao, Quarto) VALUES (854, "descricao","10/1/1969 14:21:33" ,489, 228);
INSERT INTO Exame( EventoID, Nome, Descricao) VALUES (854,"liquido sinovial","descricao");
INSERT INTO EnfermeiroExame( EnfermeiroID, ExameID) VALUES (3364,854);
INSERT INTO Evento(EventoID,Descricao, Data, Admissao, Quarto) VALUES (855, "descricao","20/11/2018 1:31:14" ,24, 214);
INSERT INTO Exame( EventoID, Nome, Descricao) VALUES (855,"Sangue","descricao");
INSERT INTO EnfermeiroExame( EnfermeiroID, ExameID) VALUES (3126,855);
INSERT INTO Evento(EventoID,Descricao, Data, Admissao, Quarto) VALUES (856, "descricao","6/2/1973 15:28:3" ,86, 202);
INSERT INTO Exame( EventoID, Nome, Descricao) VALUES (856,"mediastinoscopia","descricao");
INSERT INTO EnfermeiroExame( EnfermeiroID, ExameID) VALUES (7062,856);
INSERT INTO Evento(EventoID,Descricao, Data, Admissao, Quarto) VALUES (857, "descricao","10/4/1992 3:46:59" ,428, 199);
INSERT INTO Exame( EventoID, Nome, Descricao) VALUES (857,"esofagoscopia","descricao");
INSERT INTO EnfermeiroExame( EnfermeiroID, ExameID) VALUES (9911,857);
INSERT INTO Evento(EventoID,Descricao, Data, Admissao, Quarto) VALUES (858, "descricao","14/1/1999 6:44:51" ,123, 215);
INSERT INTO Exame( EventoID, Nome, Descricao) VALUES (858,"toracoscopia","descricao");
INSERT INTO EnfermeiroExame( EnfermeiroID, ExameID) VALUES (6604,858);
INSERT INTO Evento(EventoID,Descricao, Data, Admissao, Quarto) VALUES (859, "descricao","28/11/1987 11:11:41" ,276, 235);
INSERT INTO Exame( EventoID, Nome, Descricao) VALUES (859,"liquido cefalorraquidiano","descricao");
INSERT INTO EnfermeiroExame( EnfermeiroID, ExameID) VALUES (8385,859);
INSERT INTO Evento(EventoID,Descricao, Data, Admissao, Quarto) VALUES (860, "descricao","23/8/2009 8:31:10" ,59, 103);
INSERT INTO Exame( EventoID, Nome, Descricao) VALUES (860,"Urina","descricao");
INSERT INTO EnfermeiroExame( EnfermeiroID, ExameID) VALUES (8335,860);
INSERT INTO Evento(EventoID,Descricao, Data, Admissao, Quarto) VALUES (861, "descricao","14/2/2004 20:55:31" ,311, 101);
INSERT INTO Exame( EventoID, Nome, Descricao) VALUES (861,"laringoscopia","descricao");
INSERT INTO EnfermeiroExame( EnfermeiroID, ExameID) VALUES (7475,861);
INSERT INTO Evento(EventoID,Descricao, Data, Admissao, Quarto) VALUES (862, "descricao","6/12/1997 12:39:6" ,95, 123);
INSERT INTO Exame( EventoID, Nome, Descricao) VALUES (862,"Urina","descricao");
INSERT INTO EnfermeiroExame( EnfermeiroID, ExameID) VALUES (3297,862);
INSERT INTO Evento(EventoID,Descricao, Data, Admissao, Quarto) VALUES (863, "descricao","21/4/1997 20:45:7" ,208, 209);
INSERT INTO Exame( EventoID, Nome, Descricao) VALUES (863,"mediastinoscopia","descricao");
INSERT INTO EnfermeiroExame( EnfermeiroID, ExameID) VALUES (1305,863);
INSERT INTO Evento(EventoID,Descricao, Data, Admissao, Quarto) VALUES (864, "descricao","4/2/1987 17:34:1" ,100, 116);
INSERT INTO Exame( EventoID, Nome, Descricao) VALUES (864,"toracoscopia","descricao");
INSERT INTO EnfermeiroExame( EnfermeiroID, ExameID) VALUES (7462,864);
INSERT INTO Evento(EventoID,Descricao, Data, Admissao, Quarto) VALUES (865, "descricao","8/2/1998 7:4:0" ,219, 219);
INSERT INTO Exame( EventoID, Nome, Descricao) VALUES (865,"cistoscopia","descricao");
INSERT INTO EnfermeiroExame( EnfermeiroID, ExameID) VALUES (2281,865);
INSERT INTO Evento(EventoID,Descricao, Data, Admissao, Quarto) VALUES (866, "descricao","7/2/1995 22:10:45" ,465, 217);
INSERT INTO Exame( EventoID, Nome, Descricao) VALUES (866,"broncoscopia","descricao");
INSERT INTO EnfermeiroExame( EnfermeiroID, ExameID) VALUES (1305,866);
INSERT INTO Evento(EventoID,Descricao, Data, Admissao, Quarto) VALUES (867, "descricao","20/1/2005 18:53:56" ,498, 210);
INSERT INTO Exame( EventoID, Nome, Descricao) VALUES (867,"esofagoscopia","descricao");
INSERT INTO EnfermeiroExame( EnfermeiroID, ExameID) VALUES (5585,867);
INSERT INTO Evento(EventoID,Descricao, Data, Admissao, Quarto) VALUES (868, "descricao","2/2/1963 11:56:39" ,328, 134);
INSERT INTO Exame( EventoID, Nome, Descricao) VALUES (868,"laparoscopia","descricao");
INSERT INTO EnfermeiroExame( EnfermeiroID, ExameID) VALUES (1850,868);
INSERT INTO Evento(EventoID,Descricao, Data, Admissao, Quarto) VALUES (869, "descricao","17/4/1999 5:7:27" ,52, 169);
INSERT INTO Exame( EventoID, Nome, Descricao) VALUES (869,"laparoscopia","descricao");
INSERT INTO EnfermeiroExame( EnfermeiroID, ExameID) VALUES (3297,869);
INSERT INTO Evento(EventoID,Descricao, Data, Admissao, Quarto) VALUES (870, "descricao","10/3/1966 16:31:5" ,353, 188);
INSERT INTO Exame( EventoID, Nome, Descricao) VALUES (870,"toracoscopia","descricao");
INSERT INTO EnfermeiroExame( EnfermeiroID, ExameID) VALUES (9714,870);
INSERT INTO Evento(EventoID,Descricao, Data, Admissao, Quarto) VALUES (871, "descricao","2/3/1974 3:28:23" ,383, 161);
INSERT INTO Exame( EventoID, Nome, Descricao) VALUES (871,"toracoscopia","descricao");
INSERT INTO EnfermeiroExame( EnfermeiroID, ExameID) VALUES (4731,871);
INSERT INTO Evento(EventoID,Descricao, Data, Admissao, Quarto) VALUES (872, "descricao","8/6/2002 0:19:37" ,171, 243);
INSERT INTO Exame( EventoID, Nome, Descricao) VALUES (872,"liquido cefalorraquidiano","descricao");
INSERT INTO EnfermeiroExame( EnfermeiroID, ExameID) VALUES (5876,872);
INSERT INTO Evento(EventoID,Descricao, Data, Admissao, Quarto) VALUES (873, "descricao","19/8/1992 0:9:30" ,129, 222);
INSERT INTO Exame( EventoID, Nome, Descricao) VALUES (873,"cistoscopia","descricao");
INSERT INTO EnfermeiroExame( EnfermeiroID, ExameID) VALUES (5876,873);
INSERT INTO Evento(EventoID,Descricao, Data, Admissao, Quarto) VALUES (874, "descricao","5/5/2005 7:23:28" ,214, 158);
INSERT INTO Exame( EventoID, Nome, Descricao) VALUES (874,"toracoscopia","descricao");
INSERT INTO EnfermeiroExame( EnfermeiroID, ExameID) VALUES (8750,874);
INSERT INTO Evento(EventoID,Descricao, Data, Admissao, Quarto) VALUES (875, "descricao","26/6/1972 13:30:0" ,206, 218);
INSERT INTO Exame( EventoID, Nome, Descricao) VALUES (875,"cistoscopia","descricao");
INSERT INTO EnfermeiroExame( EnfermeiroID, ExameID) VALUES (8335,875);
INSERT INTO Evento(EventoID,Descricao, Data, Admissao, Quarto) VALUES (876, "descricao","18/3/1991 9:27:53" ,240, 209);
INSERT INTO Exame( EventoID, Nome, Descricao) VALUES (876,"Sangue","descricao");
INSERT INTO EnfermeiroExame( EnfermeiroID, ExameID) VALUES (2754,876);
INSERT INTO Evento(EventoID,Descricao, Data, Admissao, Quarto) VALUES (877, "descricao","5/11/1965 22:42:45" ,400, 184);
INSERT INTO Exame( EventoID, Nome, Descricao) VALUES (877,"Sangue","descricao");
INSERT INTO EnfermeiroExame( EnfermeiroID, ExameID) VALUES (5722,877);
INSERT INTO Evento(EventoID,Descricao, Data, Admissao, Quarto) VALUES (878, "descricao","24/4/1962 2:13:22" ,204, 180);
INSERT INTO Exame( EventoID, Nome, Descricao) VALUES (878,"liquido cefalorraquidiano","descricao");
INSERT INTO EnfermeiroExame( EnfermeiroID, ExameID) VALUES (4415,878);
INSERT INTO Evento(EventoID,Descricao, Data, Admissao, Quarto) VALUES (879, "descricao","22/8/1998 23:16:58" ,155, 203);
INSERT INTO Exame( EventoID, Nome, Descricao) VALUES (879,"esofagoscopia","descricao");
INSERT INTO EnfermeiroExame( EnfermeiroID, ExameID) VALUES (3297,879);
INSERT INTO Evento(EventoID,Descricao, Data, Admissao, Quarto) VALUES (880, "descricao","2/10/1970 13:48:32" ,371, 222);
INSERT INTO Exame( EventoID, Nome, Descricao) VALUES (880,"toracoscopia","descricao");
INSERT INTO EnfermeiroExame( EnfermeiroID, ExameID) VALUES (2754,880);
INSERT INTO Evento(EventoID,Descricao, Data, Admissao, Quarto) VALUES (881, "descricao","20/12/1980 7:43:59" ,422, 123);
INSERT INTO Exame( EventoID, Nome, Descricao) VALUES (881,"mediastinoscopia","descricao");
INSERT INTO EnfermeiroExame( EnfermeiroID, ExameID) VALUES (2281,881);
INSERT INTO Evento(EventoID,Descricao, Data, Admissao, Quarto) VALUES (882, "descricao","27/6/1971 18:36:20" ,425, 215);
INSERT INTO Exame( EventoID, Nome, Descricao) VALUES (882,"cistoscopia","descricao");
INSERT INTO EnfermeiroExame( EnfermeiroID, ExameID) VALUES (9031,882);
INSERT INTO Evento(EventoID,Descricao, Data, Admissao, Quarto) VALUES (883, "descricao","5/4/1970 16:55:7" ,169, 116);
INSERT INTO Exame( EventoID, Nome, Descricao) VALUES (883,"liquido sinovial","descricao");
INSERT INTO EnfermeiroExame( EnfermeiroID, ExameID) VALUES (9909,883);
INSERT INTO Evento(EventoID,Descricao, Data, Admissao, Quarto) VALUES (884, "descricao","6/7/1963 17:5:56" ,456, 218);
INSERT INTO Exame( EventoID, Nome, Descricao) VALUES (884,"esofagoscopia","descricao");
INSERT INTO EnfermeiroExame( EnfermeiroID, ExameID) VALUES (5722,884);
INSERT INTO Evento(EventoID,Descricao, Data, Admissao, Quarto) VALUES (885, "descricao","1/2/1984 8:41:11" ,291, 187);
INSERT INTO Exame( EventoID, Nome, Descricao) VALUES (885,"mediastinoscopia","descricao");
INSERT INTO EnfermeiroExame( EnfermeiroID, ExameID) VALUES (9145,885);
INSERT INTO Evento(EventoID,Descricao, Data, Admissao, Quarto) VALUES (886, "descricao","25/2/1973 19:34:26" ,131, 155);
INSERT INTO Exame( EventoID, Nome, Descricao) VALUES (886,"cistoscopia","descricao");
INSERT INTO EnfermeiroExame( EnfermeiroID, ExameID) VALUES (4731,886);
INSERT INTO Evento(EventoID,Descricao, Data, Admissao, Quarto) VALUES (887, "descricao","22/4/2018 3:16:13" ,80, 178);
INSERT INTO Exame( EventoID, Nome, Descricao) VALUES (887,"Sangue","descricao");
INSERT INTO EnfermeiroExame( EnfermeiroID, ExameID) VALUES (6590,887);
INSERT INTO Evento(EventoID,Descricao, Data, Admissao, Quarto) VALUES (888, "descricao","23/5/2016 12:11:38" ,23, 242);
INSERT INTO Exame( EventoID, Nome, Descricao) VALUES (888,"liquido sinovial","descricao");
INSERT INTO EnfermeiroExame( EnfermeiroID, ExameID) VALUES (1100,888);
INSERT INTO Evento(EventoID,Descricao, Data, Admissao, Quarto) VALUES (889, "descricao","18/5/1979 9:13:16" ,457, 127);
INSERT INTO Exame( EventoID, Nome, Descricao) VALUES (889,"mediastinoscopia","descricao");
INSERT INTO EnfermeiroExame( EnfermeiroID, ExameID) VALUES (2754,889);
INSERT INTO Evento(EventoID,Descricao, Data, Admissao, Quarto) VALUES (890, "descricao","25/12/1990 22:17:31" ,4, 223);
INSERT INTO Exame( EventoID, Nome, Descricao) VALUES (890,"broncoscopia","descricao");
INSERT INTO EnfermeiroExame( EnfermeiroID, ExameID) VALUES (1305,890);
INSERT INTO Evento(EventoID,Descricao, Data, Admissao, Quarto) VALUES (891, "descricao","9/10/2015 14:57:20" ,390, 113);
INSERT INTO Exame( EventoID, Nome, Descricao) VALUES (891,"liquido sinovial","descricao");
INSERT INTO EnfermeiroExame( EnfermeiroID, ExameID) VALUES (8702,891);
INSERT INTO Evento(EventoID,Descricao, Data, Admissao, Quarto) VALUES (892, "descricao","13/1/2004 1:15:41" ,424, 201);
INSERT INTO Exame( EventoID, Nome, Descricao) VALUES (892,"liquido sinovial","descricao");
INSERT INTO EnfermeiroExame( EnfermeiroID, ExameID) VALUES (1106,892);
INSERT INTO Evento(EventoID,Descricao, Data, Admissao, Quarto) VALUES (893, "descricao","15/12/1987 11:37:40" ,446, 179);
INSERT INTO Exame( EventoID, Nome, Descricao) VALUES (893,"esofagoscopia","descricao");
INSERT INTO EnfermeiroExame( EnfermeiroID, ExameID) VALUES (5876,893);
INSERT INTO Evento(EventoID,Descricao, Data, Admissao, Quarto) VALUES (894, "descricao","22/3/1995 17:35:13" ,89, 237);
INSERT INTO Exame( EventoID, Nome, Descricao) VALUES (894,"cistoscopia","descricao");
INSERT INTO EnfermeiroExame( EnfermeiroID, ExameID) VALUES (9714,894);
INSERT INTO Evento(EventoID,Descricao, Data, Admissao, Quarto) VALUES (895, "descricao","5/5/2018 7:2:6" ,495, 191);
INSERT INTO Exame( EventoID, Nome, Descricao) VALUES (895,"toracoscopia","descricao");
INSERT INTO EnfermeiroExame( EnfermeiroID, ExameID) VALUES (6004,895);
INSERT INTO Evento(EventoID,Descricao, Data, Admissao, Quarto) VALUES (896, "descricao","3/12/2011 19:54:18" ,243, 151);
INSERT INTO Exame( EventoID, Nome, Descricao) VALUES (896,"toracoscopia","descricao");
INSERT INTO EnfermeiroExame( EnfermeiroID, ExameID) VALUES (3297,896);
INSERT INTO Evento(EventoID,Descricao, Data, Admissao, Quarto) VALUES (897, "descricao","16/4/1995 19:3:32" ,94, 126);
INSERT INTO Exame( EventoID, Nome, Descricao) VALUES (897,"laringoscopia","descricao");
INSERT INTO EnfermeiroExame( EnfermeiroID, ExameID) VALUES (8335,897);
INSERT INTO Evento(EventoID,Descricao, Data, Admissao, Quarto) VALUES (898, "descricao","26/12/1969 3:54:54" ,81, 151);
INSERT INTO Exame( EventoID, Nome, Descricao) VALUES (898,"Sangue","descricao");
INSERT INTO EnfermeiroExame( EnfermeiroID, ExameID) VALUES (4408,898);
INSERT INTO Evento(EventoID,Descricao, Data, Admissao, Quarto) VALUES (899, "descricao","5/1/1963 17:23:48" ,419, 153);
INSERT INTO Exame( EventoID, Nome, Descricao) VALUES (899,"toracoscopia","descricao");
INSERT INTO EnfermeiroExame( EnfermeiroID, ExameID) VALUES (8214,899);
INSERT INTO Evento(EventoID,Descricao, Data, Admissao, Quarto) VALUES (900, "descricao","6/9/2010 16:49:18" ,331, 166);
INSERT INTO Exame( EventoID, Nome, Descricao) VALUES (900,"Sangue","descricao");
INSERT INTO EnfermeiroExame( EnfermeiroID, ExameID) VALUES (4415,900);
INSERT INTO Evento(EventoID,Descricao, Data, Admissao, Quarto) VALUES (901, "descricao","16/6/1966 11:16:1" ,293, 115);
INSERT INTO Exame( EventoID, Nome, Descricao) VALUES (901,"liquido sinovial","descricao");
INSERT INTO EnfermeiroExame( EnfermeiroID, ExameID) VALUES (4731,901);
INSERT INTO Evento(EventoID,Descricao, Data, Admissao, Quarto) VALUES (902, "descricao","2/5/1987 10:47:47" ,29, 167);
INSERT INTO Exame( EventoID, Nome, Descricao) VALUES (902,"cistoscopia","descricao");
INSERT INTO EnfermeiroExame( EnfermeiroID, ExameID) VALUES (6968,902);
INSERT INTO Evento(EventoID,Descricao, Data, Admissao, Quarto) VALUES (903, "descricao","26/12/1979 17:35:38" ,76, 147);
INSERT INTO Exame( EventoID, Nome, Descricao) VALUES (903,"esofagoscopia","descricao");
INSERT INTO EnfermeiroExame( EnfermeiroID, ExameID) VALUES (3740,903);
INSERT INTO Evento(EventoID,Descricao, Data, Admissao, Quarto) VALUES (904, "descricao","17/4/2005 7:4:48" ,205, 151);
INSERT INTO Exame( EventoID, Nome, Descricao) VALUES (904,"broncoscopia","descricao");
INSERT INTO EnfermeiroExame( EnfermeiroID, ExameID) VALUES (1305,904);
INSERT INTO Evento(EventoID,Descricao, Data, Admissao, Quarto) VALUES (905, "descricao","6/2/2006 7:58:32" ,390, 238);
INSERT INTO Exame( EventoID, Nome, Descricao) VALUES (905,"toracoscopia","descricao");
INSERT INTO EnfermeiroExame( EnfermeiroID, ExameID) VALUES (9911,905);
INSERT INTO Evento(EventoID,Descricao, Data, Admissao, Quarto) VALUES (906, "descricao","3/1/2017 1:31:1" ,103, 187);
INSERT INTO Exame( EventoID, Nome, Descricao) VALUES (906,"toracoscopia","descricao");
INSERT INTO EnfermeiroExame( EnfermeiroID, ExameID) VALUES (6968,906);
INSERT INTO Evento(EventoID,Descricao, Data, Admissao, Quarto) VALUES (907, "descricao","2/8/1962 2:57:59" ,227, 199);
INSERT INTO Exame( EventoID, Nome, Descricao) VALUES (907,"laparoscopia","descricao");
INSERT INTO EnfermeiroExame( EnfermeiroID, ExameID) VALUES (4001,907);
INSERT INTO Evento(EventoID,Descricao, Data, Admissao, Quarto) VALUES (908, "descricao","5/6/1970 15:39:16" ,97, 235);
INSERT INTO Exame( EventoID, Nome, Descricao) VALUES (908,"laringoscopia","descricao");
INSERT INTO EnfermeiroExame( EnfermeiroID, ExameID) VALUES (8158,908);
INSERT INTO Evento(EventoID,Descricao, Data, Admissao, Quarto) VALUES (909, "descricao","2/5/2019 17:1:22" ,474, 196);
INSERT INTO Exame( EventoID, Nome, Descricao) VALUES (909,"cistoscopia","descricao");
INSERT INTO EnfermeiroExame( EnfermeiroID, ExameID) VALUES (2385,909);
INSERT INTO Evento(EventoID,Descricao, Data, Admissao, Quarto) VALUES (910, "descricao","11/4/1981 3:39:26" ,177, 110);
INSERT INTO Exame( EventoID, Nome, Descricao) VALUES (910,"broncoscopia","descricao");
INSERT INTO EnfermeiroExame( EnfermeiroID, ExameID) VALUES (8158,910);
INSERT INTO Evento(EventoID,Descricao, Data, Admissao, Quarto) VALUES (911, "descricao","4/9/1970 3:31:0" ,445, 189);
INSERT INTO Exame( EventoID, Nome, Descricao) VALUES (911,"Urina","descricao");
INSERT INTO EnfermeiroExame( EnfermeiroID, ExameID) VALUES (2902,911);
INSERT INTO Evento(EventoID,Descricao, Data, Admissao, Quarto) VALUES (912, "descricao","16/4/1983 6:9:59" ,10, 163);
INSERT INTO Exame( EventoID, Nome, Descricao) VALUES (912,"esofagoscopia","descricao");
INSERT INTO EnfermeiroExame( EnfermeiroID, ExameID) VALUES (2735,912);
INSERT INTO Evento(EventoID,Descricao, Data, Admissao, Quarto) VALUES (913, "descricao","16/2/1976 6:5:18" ,474, 222);
INSERT INTO Exame( EventoID, Nome, Descricao) VALUES (913,"laringoscopia","descricao");
INSERT INTO EnfermeiroExame( EnfermeiroID, ExameID) VALUES (4415,913);
INSERT INTO Evento(EventoID,Descricao, Data, Admissao, Quarto) VALUES (914, "descricao","1/12/1962 14:2:2" ,239, 236);
INSERT INTO Exame( EventoID, Nome, Descricao) VALUES (914,"laparoscopia","descricao");
INSERT INTO EnfermeiroExame( EnfermeiroID, ExameID) VALUES (3364,914);
INSERT INTO Evento(EventoID,Descricao, Data, Admissao, Quarto) VALUES (915, "descricao","9/10/1960 2:35:33" ,494, 216);
INSERT INTO Exame( EventoID, Nome, Descricao) VALUES (915,"cistoscopia","descricao");
INSERT INTO EnfermeiroExame( EnfermeiroID, ExameID) VALUES (8385,915);
INSERT INTO Evento(EventoID,Descricao, Data, Admissao, Quarto) VALUES (916, "descricao","14/8/1964 1:20:10" ,212, 158);
INSERT INTO Exame( EventoID, Nome, Descricao) VALUES (916,"cistoscopia","descricao");
INSERT INTO EnfermeiroExame( EnfermeiroID, ExameID) VALUES (8750,916);
INSERT INTO Evento(EventoID,Descricao, Data, Admissao, Quarto) VALUES (917, "descricao","4/8/1960 8:27:6" ,329, 210);
INSERT INTO Exame( EventoID, Nome, Descricao) VALUES (917,"broncoscopia","descricao");
INSERT INTO EnfermeiroExame( EnfermeiroID, ExameID) VALUES (7508,917);
INSERT INTO Evento(EventoID,Descricao, Data, Admissao, Quarto) VALUES (918, "descricao","10/3/1981 14:18:46" ,227, 208);
INSERT INTO Exame( EventoID, Nome, Descricao) VALUES (918,"Urina","descricao");
INSERT INTO EnfermeiroExame( EnfermeiroID, ExameID) VALUES (3740,918);
INSERT INTO Evento(EventoID,Descricao, Data, Admissao, Quarto) VALUES (919, "descricao","13/7/1983 5:9:56" ,281, 190);
INSERT INTO Exame( EventoID, Nome, Descricao) VALUES (919,"laparoscopia","descricao");
INSERT INTO EnfermeiroExame( EnfermeiroID, ExameID) VALUES (4352,919);
INSERT INTO Evento(EventoID,Descricao, Data, Admissao, Quarto) VALUES (920, "descricao","1/6/1964 16:57:2" ,384, 119);
INSERT INTO Exame( EventoID, Nome, Descricao) VALUES (920,"esofagoscopia","descricao");
INSERT INTO EnfermeiroExame( EnfermeiroID, ExameID) VALUES (3279,920);
INSERT INTO Evento(EventoID,Descricao, Data, Admissao, Quarto) VALUES (921, "descricao","26/7/1989 17:51:23" ,101, 203);
INSERT INTO Exame( EventoID, Nome, Descricao) VALUES (921,"broncoscopia","descricao");
INSERT INTO EnfermeiroExame( EnfermeiroID, ExameID) VALUES (8214,921);
INSERT INTO Evento(EventoID,Descricao, Data, Admissao, Quarto) VALUES (922, "descricao","15/7/1987 6:54:0" ,400, 157);
INSERT INTO Exame( EventoID, Nome, Descricao) VALUES (922,"esofagoscopia","descricao");
INSERT INTO EnfermeiroExame( EnfermeiroID, ExameID) VALUES (5722,922);
INSERT INTO Evento(EventoID,Descricao, Data, Admissao, Quarto) VALUES (923, "descricao","22/9/1960 11:48:27" ,43, 221);
INSERT INTO Exame( EventoID, Nome, Descricao) VALUES (923,"liquido sinovial","descricao");
INSERT INTO EnfermeiroExame( EnfermeiroID, ExameID) VALUES (8385,923);
INSERT INTO Evento(EventoID,Descricao, Data, Admissao, Quarto) VALUES (924, "descricao","24/2/2000 9:53:22" ,148, 126);
INSERT INTO Exame( EventoID, Nome, Descricao) VALUES (924,"liquido cefalorraquidiano","descricao");
INSERT INTO EnfermeiroExame( EnfermeiroID, ExameID) VALUES (4511,924);
INSERT INTO Evento(EventoID,Descricao, Data, Admissao, Quarto) VALUES (925, "descricao","24/1/1990 4:21:55" ,204, 233);
INSERT INTO Exame( EventoID, Nome, Descricao) VALUES (925,"mediastinoscopia","descricao");
INSERT INTO EnfermeiroExame( EnfermeiroID, ExameID) VALUES (9909,925);
INSERT INTO Evento(EventoID,Descricao, Data, Admissao, Quarto) VALUES (926, "descricao","16/11/2003 2:26:4" ,227, 188);
INSERT INTO Exame( EventoID, Nome, Descricao) VALUES (926,"toracoscopia","descricao");
INSERT INTO EnfermeiroExame( EnfermeiroID, ExameID) VALUES (1850,926);
INSERT INTO Evento(EventoID,Descricao, Data, Admissao, Quarto) VALUES (927, "descricao","27/8/1985 11:50:15" ,227, 242);
INSERT INTO Exame( EventoID, Nome, Descricao) VALUES (927,"Urina","descricao");
INSERT INTO EnfermeiroExame( EnfermeiroID, ExameID) VALUES (7475,927);
INSERT INTO Evento(EventoID,Descricao, Data, Admissao, Quarto) VALUES (928, "descricao","21/1/1994 4:54:39" ,33, 143);
INSERT INTO Exame( EventoID, Nome, Descricao) VALUES (928,"toracoscopia","descricao");
INSERT INTO EnfermeiroExame( EnfermeiroID, ExameID) VALUES (9714,928);
INSERT INTO Evento(EventoID,Descricao, Data, Admissao, Quarto) VALUES (929, "descricao","3/7/1985 2:20:56" ,329, 204);
INSERT INTO Exame( EventoID, Nome, Descricao) VALUES (929,"esofagoscopia","descricao");
INSERT INTO EnfermeiroExame( EnfermeiroID, ExameID) VALUES (5585,929);
INSERT INTO Evento(EventoID,Descricao, Data, Admissao, Quarto) VALUES (930, "descricao","24/5/1971 15:15:25" ,495, 190);
INSERT INTO Exame( EventoID, Nome, Descricao) VALUES (930,"laringoscopia","descricao");
INSERT INTO EnfermeiroExame( EnfermeiroID, ExameID) VALUES (4731,930);
INSERT INTO Evento(EventoID,Descricao, Data, Admissao, Quarto) VALUES (931, "descricao","24/11/1964 18:49:57" ,221, 187);
INSERT INTO Exame( EventoID, Nome, Descricao) VALUES (931,"laparoscopia","descricao");
INSERT INTO EnfermeiroExame( EnfermeiroID, ExameID) VALUES (7959,931);
INSERT INTO Evento(EventoID,Descricao, Data, Admissao, Quarto) VALUES (932, "descricao","1/11/1966 17:13:20" ,50, 176);
INSERT INTO Exame( EventoID, Nome, Descricao) VALUES (932,"toracoscopia","descricao");
INSERT INTO EnfermeiroExame( EnfermeiroID, ExameID) VALUES (4415,932);
INSERT INTO Evento(EventoID,Descricao, Data, Admissao, Quarto) VALUES (933, "descricao","26/5/1964 2:43:45" ,456, 122);
INSERT INTO Exame( EventoID, Nome, Descricao) VALUES (933,"toracoscopia","descricao");
INSERT INTO EnfermeiroExame( EnfermeiroID, ExameID) VALUES (4683,933);
INSERT INTO Evento(EventoID,Descricao, Data, Admissao, Quarto) VALUES (934, "descricao","15/12/1984 2:31:41" ,483, 157);
INSERT INTO Exame( EventoID, Nome, Descricao) VALUES (934,"mediastinoscopia","descricao");
INSERT INTO EnfermeiroExame( EnfermeiroID, ExameID) VALUES (3740,934);
INSERT INTO Evento(EventoID,Descricao, Data, Admissao, Quarto) VALUES (935, "descricao","7/9/1967 21:40:43" ,363, 200);
INSERT INTO Exame( EventoID, Nome, Descricao) VALUES (935,"Urina","descricao");
INSERT INTO EnfermeiroExame( EnfermeiroID, ExameID) VALUES (9911,935);
INSERT INTO Evento(EventoID,Descricao, Data, Admissao, Quarto) VALUES (936, "descricao","22/3/1976 22:20:24" ,428, 130);
INSERT INTO Exame( EventoID, Nome, Descricao) VALUES (936,"toracoscopia","descricao");
INSERT INTO EnfermeiroExame( EnfermeiroID, ExameID) VALUES (5722,936);
INSERT INTO Evento(EventoID,Descricao, Data, Admissao, Quarto) VALUES (937, "descricao","13/6/1993 9:55:4" ,348, 229);
INSERT INTO Exame( EventoID, Nome, Descricao) VALUES (937,"liquido cefalorraquidiano","descricao");
INSERT INTO EnfermeiroExame( EnfermeiroID, ExameID) VALUES (9744,937);
INSERT INTO Evento(EventoID,Descricao, Data, Admissao, Quarto) VALUES (938, "descricao","13/11/2008 9:56:3" ,81, 227);
INSERT INTO Exame( EventoID, Nome, Descricao) VALUES (938,"cistoscopia","descricao");
INSERT INTO EnfermeiroExame( EnfermeiroID, ExameID) VALUES (9145,938);
INSERT INTO Evento(EventoID,Descricao, Data, Admissao, Quarto) VALUES (939, "descricao","19/5/2012 20:32:30" ,335, 195);
INSERT INTO Exame( EventoID, Nome, Descricao) VALUES (939,"cistoscopia","descricao");
INSERT INTO EnfermeiroExame( EnfermeiroID, ExameID) VALUES (8207,939);
INSERT INTO Evento(EventoID,Descricao, Data, Admissao, Quarto) VALUES (940, "descricao","1/7/2000 14:33:6" ,13, 127);
INSERT INTO Exame( EventoID, Nome, Descricao) VALUES (940,"liquido cefalorraquidiano","descricao");
INSERT INTO EnfermeiroExame( EnfermeiroID, ExameID) VALUES (7062,940);
INSERT INTO Evento(EventoID,Descricao, Data, Admissao, Quarto) VALUES (941, "descricao","8/2/2010 4:11:37" ,138, 104);
INSERT INTO Exame( EventoID, Nome, Descricao) VALUES (941,"Urina","descricao");
INSERT INTO EnfermeiroExame( EnfermeiroID, ExameID) VALUES (6633,941);
INSERT INTO Evento(EventoID,Descricao, Data, Admissao, Quarto) VALUES (942, "descricao","22/1/1963 23:52:59" ,369, 178);
INSERT INTO Exame( EventoID, Nome, Descricao) VALUES (942,"toracoscopia","descricao");
INSERT INTO EnfermeiroExame( EnfermeiroID, ExameID) VALUES (2754,942);
INSERT INTO Evento(EventoID,Descricao, Data, Admissao, Quarto) VALUES (943, "descricao","28/1/2002 2:17:22" ,139, 182);
INSERT INTO Exame( EventoID, Nome, Descricao) VALUES (943,"liquido sinovial","descricao");
INSERT INTO EnfermeiroExame( EnfermeiroID, ExameID) VALUES (7508,943);
INSERT INTO Evento(EventoID,Descricao, Data, Admissao, Quarto) VALUES (944, "descricao","28/5/1964 1:30:40" ,185, 154);
INSERT INTO Exame( EventoID, Nome, Descricao) VALUES (944,"liquido sinovial","descricao");
INSERT INTO EnfermeiroExame( EnfermeiroID, ExameID) VALUES (1850,944);
INSERT INTO Evento(EventoID,Descricao, Data, Admissao, Quarto) VALUES (945, "descricao","15/1/1987 13:34:25" ,373, 110);
INSERT INTO Exame( EventoID, Nome, Descricao) VALUES (945,"Urina","descricao");
INSERT INTO EnfermeiroExame( EnfermeiroID, ExameID) VALUES (3740,945);
INSERT INTO Evento(EventoID,Descricao, Data, Admissao, Quarto) VALUES (946, "descricao","24/9/1982 8:19:24" ,478, 112);
INSERT INTO Exame( EventoID, Nome, Descricao) VALUES (946,"esofagoscopia","descricao");
INSERT INTO EnfermeiroExame( EnfermeiroID, ExameID) VALUES (8255,946);
INSERT INTO Evento(EventoID,Descricao, Data, Admissao, Quarto) VALUES (947, "descricao","16/8/1978 8:21:2" ,281, 203);
INSERT INTO Exame( EventoID, Nome, Descricao) VALUES (947,"toracoscopia","descricao");
INSERT INTO EnfermeiroExame( EnfermeiroID, ExameID) VALUES (8207,947);
INSERT INTO Evento(EventoID,Descricao, Data, Admissao, Quarto) VALUES (948, "descricao","3/6/2016 13:28:45" ,9, 204);
INSERT INTO Exame( EventoID, Nome, Descricao) VALUES (948,"laparoscopia","descricao");
INSERT INTO EnfermeiroExame( EnfermeiroID, ExameID) VALUES (5722,948);
INSERT INTO Evento(EventoID,Descricao, Data, Admissao, Quarto) VALUES (949, "descricao","3/2/1983 10:22:33" ,72, 221);
INSERT INTO Exame( EventoID, Nome, Descricao) VALUES (949,"Urina","descricao");
INSERT INTO EnfermeiroExame( EnfermeiroID, ExameID) VALUES (6968,949);

-- Tecnician Exam
INSERT INTO Evento(EventoID,Descricao, Data, Admissao, Quarto) VALUES (950, "descricao","10/6/2013 14:20:0" ,124, 105);
INSERT INTO Exame( EventoID, Nome, Descricao) VALUES (950,"mediastinoscopia","descricao");
INSERT INTO TecnicoExame( TecnicoID, ExameID) VALUES (5068,950);
INSERT INTO Evento(EventoID,Descricao, Data, Admissao, Quarto) VALUES (951, "descricao","18/3/1962 12:24:41" ,147, 157);
INSERT INTO Exame( EventoID, Nome, Descricao) VALUES (951,"mediastinoscopia","descricao");
INSERT INTO TecnicoExame( TecnicoID, ExameID) VALUES (7646,951);
INSERT INTO Evento(EventoID,Descricao, Data, Admissao, Quarto) VALUES (952, "descricao","19/1/1962 15:54:27" ,390, 190);
INSERT INTO Exame( EventoID, Nome, Descricao) VALUES (952,"liquido sinovial","descricao");
INSERT INTO TecnicoExame( TecnicoID, ExameID) VALUES (1392,952);
INSERT INTO Evento(EventoID,Descricao, Data, Admissao, Quarto) VALUES (953, "descricao","16/10/1994 8:26:16" ,192, 228);
INSERT INTO Exame( EventoID, Nome, Descricao) VALUES (953,"liquido sinovial","descricao");
INSERT INTO TecnicoExame( TecnicoID, ExameID) VALUES (1271,953);
INSERT INTO Evento(EventoID,Descricao, Data, Admissao, Quarto) VALUES (954, "descricao","7/6/1987 15:6:47" ,39, 181);
INSERT INTO Exame( EventoID, Nome, Descricao) VALUES (954,"mediastinoscopia","descricao");
INSERT INTO TecnicoExame( TecnicoID, ExameID) VALUES (6628,954);
INSERT INTO Evento(EventoID,Descricao, Data, Admissao, Quarto) VALUES (955, "descricao","17/2/1975 5:58:3" ,163, 195);
INSERT INTO Exame( EventoID, Nome, Descricao) VALUES (955,"laparoscopia","descricao");
INSERT INTO TecnicoExame( TecnicoID, ExameID) VALUES (1392,955);
INSERT INTO Evento(EventoID,Descricao, Data, Admissao, Quarto) VALUES (956, "descricao","1/3/1978 18:10:7" ,415, 160);
INSERT INTO Exame( EventoID, Nome, Descricao) VALUES (956,"liquido cefalorraquidiano","descricao");
INSERT INTO TecnicoExame( TecnicoID, ExameID) VALUES (9160,956);
INSERT INTO Evento(EventoID,Descricao, Data, Admissao, Quarto) VALUES (957, "descricao","25/7/2003 0:24:25" ,124, 184);
INSERT INTO Exame( EventoID, Nome, Descricao) VALUES (957,"Sangue","descricao");
INSERT INTO TecnicoExame( TecnicoID, ExameID) VALUES (4116,957);
INSERT INTO Evento(EventoID,Descricao, Data, Admissao, Quarto) VALUES (958, "descricao","25/3/1994 11:20:34" ,304, 216);
INSERT INTO Exame( EventoID, Nome, Descricao) VALUES (958,"liquido cefalorraquidiano","descricao");
INSERT INTO TecnicoExame( TecnicoID, ExameID) VALUES (7646,958);
INSERT INTO Evento(EventoID,Descricao, Data, Admissao, Quarto) VALUES (959, "descricao","9/2/1979 12:56:22" ,476, 194);
INSERT INTO Exame( EventoID, Nome, Descricao) VALUES (959,"broncoscopia","descricao");
INSERT INTO TecnicoExame( TecnicoID, ExameID) VALUES (6628,959);
INSERT INTO Evento(EventoID,Descricao, Data, Admissao, Quarto) VALUES (960, "descricao","3/2/1985 1:21:37" ,57, 137);
INSERT INTO Exame( EventoID, Nome, Descricao) VALUES (960,"laparoscopia","descricao");
INSERT INTO TecnicoExame( TecnicoID, ExameID) VALUES (1271,960);
INSERT INTO Evento(EventoID,Descricao, Data, Admissao, Quarto) VALUES (961, "descricao","23/7/2015 2:45:44" ,472, 234);
INSERT INTO Exame( EventoID, Nome, Descricao) VALUES (961,"liquido cefalorraquidiano","descricao");
INSERT INTO TecnicoExame( TecnicoID, ExameID) VALUES (4810,961);
INSERT INTO Evento(EventoID,Descricao, Data, Admissao, Quarto) VALUES (962, "descricao","10/11/2005 12:56:40" ,485, 104);
INSERT INTO Exame( EventoID, Nome, Descricao) VALUES (962,"Sangue","descricao");
INSERT INTO TecnicoExame( TecnicoID, ExameID) VALUES (4810,962);
INSERT INTO Evento(EventoID,Descricao, Data, Admissao, Quarto) VALUES (963, "descricao","9/7/2016 20:25:6" ,159, 213);
INSERT INTO Exame( EventoID, Nome, Descricao) VALUES (963,"cistoscopia","descricao");
INSERT INTO TecnicoExame( TecnicoID, ExameID) VALUES (9500,963);
INSERT INTO Evento(EventoID,Descricao, Data, Admissao, Quarto) VALUES (964, "descricao","19/5/2010 4:13:38" ,402, 128);
INSERT INTO Exame( EventoID, Nome, Descricao) VALUES (964,"cistoscopia","descricao");
INSERT INTO TecnicoExame( TecnicoID, ExameID) VALUES (7646,964);
INSERT INTO Evento(EventoID,Descricao, Data, Admissao, Quarto) VALUES (965, "descricao","23/8/1984 1:36:34" ,33, 100);
INSERT INTO Exame( EventoID, Nome, Descricao) VALUES (965,"liquido sinovial","descricao");
INSERT INTO TecnicoExame( TecnicoID, ExameID) VALUES (3754,965);
INSERT INTO Evento(EventoID,Descricao, Data, Admissao, Quarto) VALUES (966, "descricao","16/11/1987 1:20:49" ,252, 104);
INSERT INTO Exame( EventoID, Nome, Descricao) VALUES (966,"broncoscopia","descricao");
INSERT INTO TecnicoExame( TecnicoID, ExameID) VALUES (9976,966);
INSERT INTO Evento(EventoID,Descricao, Data, Admissao, Quarto) VALUES (967, "descricao","24/9/1989 17:3:33" ,78, 130);
INSERT INTO Exame( EventoID, Nome, Descricao) VALUES (967,"cistoscopia","descricao");
INSERT INTO TecnicoExame( TecnicoID, ExameID) VALUES (9943,967);
INSERT INTO Evento(EventoID,Descricao, Data, Admissao, Quarto) VALUES (968, "descricao","3/5/2015 14:2:5" ,409, 223);
INSERT INTO Exame( EventoID, Nome, Descricao) VALUES (968,"Sangue","descricao");
INSERT INTO TecnicoExame( TecnicoID, ExameID) VALUES (9500,968);
INSERT INTO Evento(EventoID,Descricao, Data, Admissao, Quarto) VALUES (969, "descricao","23/3/1965 1:25:36" ,372, 200);
INSERT INTO Exame( EventoID, Nome, Descricao) VALUES (969,"Sangue","descricao");
INSERT INTO TecnicoExame( TecnicoID, ExameID) VALUES (7646,969);
INSERT INTO Evento(EventoID,Descricao, Data, Admissao, Quarto) VALUES (970, "descricao","23/2/1979 13:56:47" ,165, 131);
INSERT INTO Exame( EventoID, Nome, Descricao) VALUES (970,"Urina","descricao");
INSERT INTO TecnicoExame( TecnicoID, ExameID) VALUES (5706,970);
INSERT INTO Evento(EventoID,Descricao, Data, Admissao, Quarto) VALUES (971, "descricao","18/2/2017 10:57:18" ,107, 203);
INSERT INTO Exame( EventoID, Nome, Descricao) VALUES (971,"liquido cefalorraquidiano","descricao");
INSERT INTO TecnicoExame( TecnicoID, ExameID) VALUES (4116,971);
INSERT INTO Evento(EventoID,Descricao, Data, Admissao, Quarto) VALUES (972, "descricao","22/9/1965 6:11:19" ,467, 205);
INSERT INTO Exame( EventoID, Nome, Descricao) VALUES (972,"broncoscopia","descricao");
INSERT INTO TecnicoExame( TecnicoID, ExameID) VALUES (5568,972);
INSERT INTO Evento(EventoID,Descricao, Data, Admissao, Quarto) VALUES (973, "descricao","22/2/2010 9:21:19" ,432, 241);
INSERT INTO Exame( EventoID, Nome, Descricao) VALUES (973,"Urina","descricao");
INSERT INTO TecnicoExame( TecnicoID, ExameID) VALUES (9500,973);
INSERT INTO Evento(EventoID,Descricao, Data, Admissao, Quarto) VALUES (974, "descricao","9/7/1975 20:44:59" ,479, 152);
INSERT INTO Exame( EventoID, Nome, Descricao) VALUES (974,"mediastinoscopia","descricao");
INSERT INTO TecnicoExame( TecnicoID, ExameID) VALUES (9837,974);
INSERT INTO Evento(EventoID,Descricao, Data, Admissao, Quarto) VALUES (975, "descricao","13/3/1964 3:24:49" ,113, 247);
INSERT INTO Exame( EventoID, Nome, Descricao) VALUES (975,"laparoscopia","descricao");
INSERT INTO TecnicoExame( TecnicoID, ExameID) VALUES (5568,975);
INSERT INTO Evento(EventoID,Descricao, Data, Admissao, Quarto) VALUES (976, "descricao","25/10/2007 19:26:8" ,421, 151);
INSERT INTO Exame( EventoID, Nome, Descricao) VALUES (976,"esofagoscopia","descricao");
INSERT INTO TecnicoExame( TecnicoID, ExameID) VALUES (9837,976);
INSERT INTO Evento(EventoID,Descricao, Data, Admissao, Quarto) VALUES (977, "descricao","2/6/1987 14:39:2" ,63, 145);
INSERT INTO Exame( EventoID, Nome, Descricao) VALUES (977,"toracoscopia","descricao");
INSERT INTO TecnicoExame( TecnicoID, ExameID) VALUES (7646,977);
INSERT INTO Evento(EventoID,Descricao, Data, Admissao, Quarto) VALUES (978, "descricao","21/4/1980 13:6:49" ,331, 158);
INSERT INTO Exame( EventoID, Nome, Descricao) VALUES (978,"liquido cefalorraquidiano","descricao");
INSERT INTO TecnicoExame( TecnicoID, ExameID) VALUES (9837,978);
INSERT INTO Evento(EventoID,Descricao, Data, Admissao, Quarto) VALUES (979, "descricao","1/3/1985 3:27:8" ,357, 236);
INSERT INTO Exame( EventoID, Nome, Descricao) VALUES (979,"Sangue","descricao");
INSERT INTO TecnicoExame( TecnicoID, ExameID) VALUES (9837,979);
INSERT INTO Evento(EventoID,Descricao, Data, Admissao, Quarto) VALUES (980, "descricao","1/2/1993 5:36:3" ,62, 219);
INSERT INTO Exame( EventoID, Nome, Descricao) VALUES (980,"toracoscopia","descricao");
INSERT INTO TecnicoExame( TecnicoID, ExameID) VALUES (7646,980);
INSERT INTO Evento(EventoID,Descricao, Data, Admissao, Quarto) VALUES (981, "descricao","10/10/1978 14:57:51" ,358, 200);
INSERT INTO Exame( EventoID, Nome, Descricao) VALUES (981,"broncoscopia","descricao");
INSERT INTO TecnicoExame( TecnicoID, ExameID) VALUES (2362,981);
INSERT INTO Evento(EventoID,Descricao, Data, Admissao, Quarto) VALUES (982, "descricao","8/4/1985 19:42:30" ,455, 204);
INSERT INTO Exame( EventoID, Nome, Descricao) VALUES (982,"mediastinoscopia","descricao");
INSERT INTO TecnicoExame( TecnicoID, ExameID) VALUES (9160,982);
INSERT INTO Evento(EventoID,Descricao, Data, Admissao, Quarto) VALUES (983, "descricao","12/10/2006 5:17:34" ,242, 145);
INSERT INTO Exame( EventoID, Nome, Descricao) VALUES (983,"cistoscopia","descricao");
INSERT INTO TecnicoExame( TecnicoID, ExameID) VALUES (9160,983);
INSERT INTO Evento(EventoID,Descricao, Data, Admissao, Quarto) VALUES (984, "descricao","16/10/2014 20:49:20" ,190, 210);
INSERT INTO Exame( EventoID, Nome, Descricao) VALUES (984,"cistoscopia","descricao");
INSERT INTO TecnicoExame( TecnicoID, ExameID) VALUES (6628,984);
INSERT INTO Evento(EventoID,Descricao, Data, Admissao, Quarto) VALUES (985, "descricao","19/10/1997 10:50:17" ,180, 166);
INSERT INTO Exame( EventoID, Nome, Descricao) VALUES (985,"mediastinoscopia","descricao");
INSERT INTO TecnicoExame( TecnicoID, ExameID) VALUES (9943,985);
INSERT INTO Evento(EventoID,Descricao, Data, Admissao, Quarto) VALUES (986, "descricao","27/8/1990 14:33:54" ,203, 101);
INSERT INTO Exame( EventoID, Nome, Descricao) VALUES (986,"esofagoscopia","descricao");
INSERT INTO TecnicoExame( TecnicoID, ExameID) VALUES (9837,986);
INSERT INTO Evento(EventoID,Descricao, Data, Admissao, Quarto) VALUES (987, "descricao","10/6/1967 2:21:39" ,437, 152);
INSERT INTO Exame( EventoID, Nome, Descricao) VALUES (987,"laringoscopia","descricao");
INSERT INTO TecnicoExame( TecnicoID, ExameID) VALUES (6628,987);
INSERT INTO Evento(EventoID,Descricao, Data, Admissao, Quarto) VALUES (988, "descricao","10/11/1982 9:56:12" ,464, 164);
INSERT INTO Exame( EventoID, Nome, Descricao) VALUES (988,"mediastinoscopia","descricao");
INSERT INTO TecnicoExame( TecnicoID, ExameID) VALUES (7646,988);
INSERT INTO Evento(EventoID,Descricao, Data, Admissao, Quarto) VALUES (989, "descricao","19/12/2001 6:20:4" ,99, 139);
INSERT INTO Exame( EventoID, Nome, Descricao) VALUES (989,"laparoscopia","descricao");
INSERT INTO TecnicoExame( TecnicoID, ExameID) VALUES (4810,989);
INSERT INTO Evento(EventoID,Descricao, Data, Admissao, Quarto) VALUES (990, "descricao","28/6/2000 22:46:45" ,205, 139);
INSERT INTO Exame( EventoID, Nome, Descricao) VALUES (990,"laringoscopia","descricao");
INSERT INTO TecnicoExame( TecnicoID, ExameID) VALUES (2362,990);
INSERT INTO Evento(EventoID,Descricao, Data, Admissao, Quarto) VALUES (991, "descricao","1/3/1974 21:25:28" ,299, 223);
INSERT INTO Exame( EventoID, Nome, Descricao) VALUES (991,"cistoscopia","descricao");
INSERT INTO TecnicoExame( TecnicoID, ExameID) VALUES (7646,991);
INSERT INTO Evento(EventoID,Descricao, Data, Admissao, Quarto) VALUES (992, "descricao","28/1/1965 22:4:3" ,214, 233);
INSERT INTO Exame( EventoID, Nome, Descricao) VALUES (992,"liquido sinovial","descricao");
INSERT INTO TecnicoExame( TecnicoID, ExameID) VALUES (9500,992);
INSERT INTO Evento(EventoID,Descricao, Data, Admissao, Quarto) VALUES (993, "descricao","9/7/1972 9:33:5" ,435, 201);
INSERT INTO Exame( EventoID, Nome, Descricao) VALUES (993,"broncoscopia","descricao");
INSERT INTO TecnicoExame( TecnicoID, ExameID) VALUES (5568,993);
INSERT INTO Evento(EventoID,Descricao, Data, Admissao, Quarto) VALUES (994, "descricao","26/2/2000 20:17:52" ,260, 238);
INSERT INTO Exame( EventoID, Nome, Descricao) VALUES (994,"Urina","descricao");
INSERT INTO TecnicoExame( TecnicoID, ExameID) VALUES (6628,994);
INSERT INTO Evento(EventoID,Descricao, Data, Admissao, Quarto) VALUES (995, "descricao","13/4/1982 12:17:55" ,391, 183);
INSERT INTO Exame( EventoID, Nome, Descricao) VALUES (995,"laparoscopia","descricao");
INSERT INTO TecnicoExame( TecnicoID, ExameID) VALUES (1271,995);
INSERT INTO Evento(EventoID,Descricao, Data, Admissao, Quarto) VALUES (996, "descricao","15/12/1984 3:47:53" ,255, 159);
INSERT INTO Exame( EventoID, Nome, Descricao) VALUES (996,"liquido sinovial","descricao");
INSERT INTO TecnicoExame( TecnicoID, ExameID) VALUES (4116,996);
INSERT INTO Evento(EventoID,Descricao, Data, Admissao, Quarto) VALUES (997, "descricao","26/8/1969 19:25:26" ,130, 120);
INSERT INTO Exame( EventoID, Nome, Descricao) VALUES (997,"laringoscopia","descricao");
INSERT INTO TecnicoExame( TecnicoID, ExameID) VALUES (4116,997);
INSERT INTO Evento(EventoID,Descricao, Data, Admissao, Quarto) VALUES (998, "descricao","12/7/1969 3:47:43" ,240, 169);
INSERT INTO Exame( EventoID, Nome, Descricao) VALUES (998,"cistoscopia","descricao");
INSERT INTO TecnicoExame( TecnicoID, ExameID) VALUES (9160,998);
INSERT INTO Evento(EventoID,Descricao, Data, Admissao, Quarto) VALUES (999, "descricao","17/11/2012 2:7:5" ,218, 229);
INSERT INTO Exame( EventoID, Nome, Descricao) VALUES (999,"toracoscopia","descricao");
INSERT INTO TecnicoExame( TecnicoID, ExameID) VALUES (4810,999);
INSERT INTO Evento(EventoID,Descricao, Data, Admissao, Quarto) VALUES (1000, "descricao","3/8/1960 21:30:47" ,201, 160);
INSERT INTO Exame( EventoID, Nome, Descricao) VALUES (1000,"liquido sinovial","descricao");
INSERT INTO TecnicoExame( TecnicoID, ExameID) VALUES (2362,1000);
INSERT INTO Evento(EventoID,Descricao, Data, Admissao, Quarto) VALUES (1001, "descricao","14/3/2019 5:53:6" ,14, 124);
INSERT INTO Exame( EventoID, Nome, Descricao) VALUES (1001,"esofagoscopia","descricao");
INSERT INTO TecnicoExame( TecnicoID, ExameID) VALUES (6628,1001);
INSERT INTO Evento(EventoID,Descricao, Data, Admissao, Quarto) VALUES (1002, "descricao","17/10/1962 15:52:55" ,469, 177);
INSERT INTO Exame( EventoID, Nome, Descricao) VALUES (1002,"liquido sinovial","descricao");
INSERT INTO TecnicoExame( TecnicoID, ExameID) VALUES (6628,1002);
INSERT INTO Evento(EventoID,Descricao, Data, Admissao, Quarto) VALUES (1003, "descricao","17/6/1976 3:11:34" ,215, 239);
INSERT INTO Exame( EventoID, Nome, Descricao) VALUES (1003,"esofagoscopia","descricao");
INSERT INTO TecnicoExame( TecnicoID, ExameID) VALUES (5568,1003);
INSERT INTO Evento(EventoID,Descricao, Data, Admissao, Quarto) VALUES (1004, "descricao","19/2/2017 11:26:44" ,87, 244);
INSERT INTO Exame( EventoID, Nome, Descricao) VALUES (1004,"esofagoscopia","descricao");
INSERT INTO TecnicoExame( TecnicoID, ExameID) VALUES (9976,1004);
INSERT INTO Evento(EventoID,Descricao, Data, Admissao, Quarto) VALUES (1005, "descricao","2/1/1978 18:0:42" ,416, 184);
INSERT INTO Exame( EventoID, Nome, Descricao) VALUES (1005,"laparoscopia","descricao");
INSERT INTO TecnicoExame( TecnicoID, ExameID) VALUES (9943,1005);
INSERT INTO Evento(EventoID,Descricao, Data, Admissao, Quarto) VALUES (1006, "descricao","7/7/1963 6:54:0" ,363, 247);
INSERT INTO Exame( EventoID, Nome, Descricao) VALUES (1006,"toracoscopia","descricao");
INSERT INTO TecnicoExame( TecnicoID, ExameID) VALUES (9160,1006);
INSERT INTO Evento(EventoID,Descricao, Data, Admissao, Quarto) VALUES (1007, "descricao","26/3/1992 20:23:37" ,369, 198);
INSERT INTO Exame( EventoID, Nome, Descricao) VALUES (1007,"liquido sinovial","descricao");
INSERT INTO TecnicoExame( TecnicoID, ExameID) VALUES (5068,1007);
INSERT INTO Evento(EventoID,Descricao, Data, Admissao, Quarto) VALUES (1008, "descricao","4/2/2008 0:23:47" ,439, 216);
INSERT INTO Exame( EventoID, Nome, Descricao) VALUES (1008,"broncoscopia","descricao");
INSERT INTO TecnicoExame( TecnicoID, ExameID) VALUES (7646,1008);
INSERT INTO Evento(EventoID,Descricao, Data, Admissao, Quarto) VALUES (1009, "descricao","8/6/2006 6:10:33" ,268, 211);
INSERT INTO Exame( EventoID, Nome, Descricao) VALUES (1009,"Urina","descricao");
INSERT INTO TecnicoExame( TecnicoID, ExameID) VALUES (2362,1009);
INSERT INTO Evento(EventoID,Descricao, Data, Admissao, Quarto) VALUES (1010, "descricao","20/8/1984 7:21:42" ,433, 102);
INSERT INTO Exame( EventoID, Nome, Descricao) VALUES (1010,"broncoscopia","descricao");
INSERT INTO TecnicoExame( TecnicoID, ExameID) VALUES (9500,1010);
INSERT INTO Evento(EventoID,Descricao, Data, Admissao, Quarto) VALUES (1011, "descricao","27/8/1979 19:40:43" ,348, 217);
INSERT INTO Exame( EventoID, Nome, Descricao) VALUES (1011,"laparoscopia","descricao");
INSERT INTO TecnicoExame( TecnicoID, ExameID) VALUES (5706,1011);
INSERT INTO Evento(EventoID,Descricao, Data, Admissao, Quarto) VALUES (1012, "descricao","12/6/1960 19:12:11" ,183, 240);
INSERT INTO Exame( EventoID, Nome, Descricao) VALUES (1012,"toracoscopia","descricao");
INSERT INTO TecnicoExame( TecnicoID, ExameID) VALUES (5068,1012);
INSERT INTO Evento(EventoID,Descricao, Data, Admissao, Quarto) VALUES (1013, "descricao","22/4/1997 0:6:54" ,163, 106);
INSERT INTO Exame( EventoID, Nome, Descricao) VALUES (1013,"liquido sinovial","descricao");
INSERT INTO TecnicoExame( TecnicoID, ExameID) VALUES (1392,1013);
INSERT INTO Evento(EventoID,Descricao, Data, Admissao, Quarto) VALUES (1014, "descricao","21/8/1975 10:55:51" ,244, 119);
INSERT INTO Exame( EventoID, Nome, Descricao) VALUES (1014,"toracoscopia","descricao");
INSERT INTO TecnicoExame( TecnicoID, ExameID) VALUES (4116,1014);
INSERT INTO Evento(EventoID,Descricao, Data, Admissao, Quarto) VALUES (1015, "descricao","23/8/1965 14:26:51" ,241, 154);
INSERT INTO Exame( EventoID, Nome, Descricao) VALUES (1015,"Sangue","descricao");
INSERT INTO TecnicoExame( TecnicoID, ExameID) VALUES (9500,1015);
INSERT INTO Evento(EventoID,Descricao, Data, Admissao, Quarto) VALUES (1016, "descricao","5/9/1996 12:42:2" ,331, 129);
INSERT INTO Exame( EventoID, Nome, Descricao) VALUES (1016,"laringoscopia","descricao");
INSERT INTO TecnicoExame( TecnicoID, ExameID) VALUES (5568,1016);
INSERT INTO Evento(EventoID,Descricao, Data, Admissao, Quarto) VALUES (1017, "descricao","2/4/1999 10:46:15" ,339, 118);
INSERT INTO Exame( EventoID, Nome, Descricao) VALUES (1017,"Urina","descricao");
INSERT INTO TecnicoExame( TecnicoID, ExameID) VALUES (5706,1017);
INSERT INTO Evento(EventoID,Descricao, Data, Admissao, Quarto) VALUES (1018, "descricao","15/9/1961 0:37:34" ,326, 174);
INSERT INTO Exame( EventoID, Nome, Descricao) VALUES (1018,"liquido cefalorraquidiano","descricao");
INSERT INTO TecnicoExame( TecnicoID, ExameID) VALUES (7646,1018);
INSERT INTO Evento(EventoID,Descricao, Data, Admissao, Quarto) VALUES (1019, "descricao","21/4/1972 5:41:20" ,244, 166);
INSERT INTO Exame( EventoID, Nome, Descricao) VALUES (1019,"Sangue","descricao");
INSERT INTO TecnicoExame( TecnicoID, ExameID) VALUES (5068,1019);
INSERT INTO Evento(EventoID,Descricao, Data, Admissao, Quarto) VALUES (1020, "descricao","9/9/1962 22:34:0" ,316, 120);
INSERT INTO Exame( EventoID, Nome, Descricao) VALUES (1020,"liquido sinovial","descricao");
INSERT INTO TecnicoExame( TecnicoID, ExameID) VALUES (3754,1020);
INSERT INTO Evento(EventoID,Descricao, Data, Admissao, Quarto) VALUES (1021, "descricao","9/3/2016 18:46:54" ,75, 227);
INSERT INTO Exame( EventoID, Nome, Descricao) VALUES (1021,"mediastinoscopia","descricao");
INSERT INTO TecnicoExame( TecnicoID, ExameID) VALUES (4810,1021);
INSERT INTO Evento(EventoID,Descricao, Data, Admissao, Quarto) VALUES (1022, "descricao","17/10/1994 1:20:55" ,81, 186);
INSERT INTO Exame( EventoID, Nome, Descricao) VALUES (1022,"mediastinoscopia","descricao");
INSERT INTO TecnicoExame( TecnicoID, ExameID) VALUES (4116,1022);
INSERT INTO Evento(EventoID,Descricao, Data, Admissao, Quarto) VALUES (1023, "descricao","11/12/1961 13:21:23" ,383, 223);
INSERT INTO Exame( EventoID, Nome, Descricao) VALUES (1023,"esofagoscopia","descricao");
INSERT INTO TecnicoExame( TecnicoID, ExameID) VALUES (4810,1023);
INSERT INTO Evento(EventoID,Descricao, Data, Admissao, Quarto) VALUES (1024, "descricao","14/5/1963 3:48:0" ,152, 198);
INSERT INTO Exame( EventoID, Nome, Descricao) VALUES (1024,"Urina","descricao");
INSERT INTO TecnicoExame( TecnicoID, ExameID) VALUES (6628,1024);
INSERT INTO Evento(EventoID,Descricao, Data, Admissao, Quarto) VALUES (1025, "descricao","6/2/1993 4:57:34" ,125, 122);
INSERT INTO Exame( EventoID, Nome, Descricao) VALUES (1025,"Sangue","descricao");
INSERT INTO TecnicoExame( TecnicoID, ExameID) VALUES (9837,1025);
INSERT INTO Evento(EventoID,Descricao, Data, Admissao, Quarto) VALUES (1026, "descricao","27/1/1996 17:1:21" ,230, 132);
INSERT INTO Exame( EventoID, Nome, Descricao) VALUES (1026,"liquido cefalorraquidiano","descricao");
INSERT INTO TecnicoExame( TecnicoID, ExameID) VALUES (9160,1026);
INSERT INTO Evento(EventoID,Descricao, Data, Admissao, Quarto) VALUES (1027, "descricao","11/1/1983 13:40:26" ,11, 189);
INSERT INTO Exame( EventoID, Nome, Descricao) VALUES (1027,"mediastinoscopia","descricao");
INSERT INTO TecnicoExame( TecnicoID, ExameID) VALUES (2362,1027);
INSERT INTO Evento(EventoID,Descricao, Data, Admissao, Quarto) VALUES (1028, "descricao","24/1/1965 21:57:59" ,48, 115);
INSERT INTO Exame( EventoID, Nome, Descricao) VALUES (1028,"laringoscopia","descricao");
INSERT INTO TecnicoExame( TecnicoID, ExameID) VALUES (6628,1028);
INSERT INTO Evento(EventoID,Descricao, Data, Admissao, Quarto) VALUES (1029, "descricao","23/7/1999 20:5:30" ,278, 114);
INSERT INTO Exame( EventoID, Nome, Descricao) VALUES (1029,"cistoscopia","descricao");
INSERT INTO TecnicoExame( TecnicoID, ExameID) VALUES (1392,1029);
INSERT INTO Evento(EventoID,Descricao, Data, Admissao, Quarto) VALUES (1030, "descricao","23/7/1973 10:42:55" ,170, 212);
INSERT INTO Exame( EventoID, Nome, Descricao) VALUES (1030,"broncoscopia","descricao");
INSERT INTO TecnicoExame( TecnicoID, ExameID) VALUES (5706,1030);
INSERT INTO Evento(EventoID,Descricao, Data, Admissao, Quarto) VALUES (1031, "descricao","8/5/1984 20:55:23" ,419, 128);
INSERT INTO Exame( EventoID, Nome, Descricao) VALUES (1031,"toracoscopia","descricao");
INSERT INTO TecnicoExame( TecnicoID, ExameID) VALUES (4116,1031);
INSERT INTO Evento(EventoID,Descricao, Data, Admissao, Quarto) VALUES (1032, "descricao","27/11/2019 15:45:38" ,136, 107);
INSERT INTO Exame( EventoID, Nome, Descricao) VALUES (1032,"cistoscopia","descricao");
INSERT INTO TecnicoExame( TecnicoID, ExameID) VALUES (1392,1032);
INSERT INTO Evento(EventoID,Descricao, Data, Admissao, Quarto) VALUES (1033, "descricao","8/3/2016 5:27:34" ,494, 226);
INSERT INTO Exame( EventoID, Nome, Descricao) VALUES (1033,"mediastinoscopia","descricao");
INSERT INTO TecnicoExame( TecnicoID, ExameID) VALUES (5568,1033);
INSERT INTO Evento(EventoID,Descricao, Data, Admissao, Quarto) VALUES (1034, "descricao","1/4/2006 22:22:41" ,323, 205);
INSERT INTO Exame( EventoID, Nome, Descricao) VALUES (1034,"laparoscopia","descricao");
INSERT INTO TecnicoExame( TecnicoID, ExameID) VALUES (9160,1034);
INSERT INTO Evento(EventoID,Descricao, Data, Admissao, Quarto) VALUES (1035, "descricao","6/8/1978 23:0:17" ,42, 185);
INSERT INTO Exame( EventoID, Nome, Descricao) VALUES (1035,"broncoscopia","descricao");
INSERT INTO TecnicoExame( TecnicoID, ExameID) VALUES (7646,1035);
INSERT INTO Evento(EventoID,Descricao, Data, Admissao, Quarto) VALUES (1036, "descricao","27/3/1964 0:56:32" ,166, 119);
INSERT INTO Exame( EventoID, Nome, Descricao) VALUES (1036,"Sangue","descricao");
INSERT INTO TecnicoExame( TecnicoID, ExameID) VALUES (5068,1036);
INSERT INTO Evento(EventoID,Descricao, Data, Admissao, Quarto) VALUES (1037, "descricao","10/10/1993 14:53:12" ,113, 122);
INSERT INTO Exame( EventoID, Nome, Descricao) VALUES (1037,"mediastinoscopia","descricao");
INSERT INTO TecnicoExame( TecnicoID, ExameID) VALUES (6628,1037);
INSERT INTO Evento(EventoID,Descricao, Data, Admissao, Quarto) VALUES (1038, "descricao","22/4/2018 17:1:23" ,413, 188);
INSERT INTO Exame( EventoID, Nome, Descricao) VALUES (1038,"mediastinoscopia","descricao");
INSERT INTO TecnicoExame( TecnicoID, ExameID) VALUES (9500,1038);
INSERT INTO Evento(EventoID,Descricao, Data, Admissao, Quarto) VALUES (1039, "descricao","28/11/2001 8:45:54" ,98, 214);
INSERT INTO Exame( EventoID, Nome, Descricao) VALUES (1039,"Sangue","descricao");
INSERT INTO TecnicoExame( TecnicoID, ExameID) VALUES (1392,1039);
INSERT INTO Evento(EventoID,Descricao, Data, Admissao, Quarto) VALUES (1040, "descricao","14/9/1998 6:23:27" ,31, 217);
INSERT INTO Exame( EventoID, Nome, Descricao) VALUES (1040,"Sangue","descricao");
INSERT INTO TecnicoExame( TecnicoID, ExameID) VALUES (7646,1040);
INSERT INTO Evento(EventoID,Descricao, Data, Admissao, Quarto) VALUES (1041, "descricao","13/5/1969 9:37:19" ,358, 222);
INSERT INTO Exame( EventoID, Nome, Descricao) VALUES (1041,"Urina","descricao");
INSERT INTO TecnicoExame( TecnicoID, ExameID) VALUES (9837,1041);
INSERT INTO Evento(EventoID,Descricao, Data, Admissao, Quarto) VALUES (1042, "descricao","24/4/1979 3:39:53" ,221, 181);
INSERT INTO Exame( EventoID, Nome, Descricao) VALUES (1042,"Urina","descricao");
INSERT INTO TecnicoExame( TecnicoID, ExameID) VALUES (7646,1042);
INSERT INTO Evento(EventoID,Descricao, Data, Admissao, Quarto) VALUES (1043, "descricao","5/8/1985 20:29:43" ,283, 129);
INSERT INTO Exame( EventoID, Nome, Descricao) VALUES (1043,"mediastinoscopia","descricao");
INSERT INTO TecnicoExame( TecnicoID, ExameID) VALUES (6628,1043);
INSERT INTO Evento(EventoID,Descricao, Data, Admissao, Quarto) VALUES (1044, "descricao","14/4/1995 22:8:46" ,430, 139);
INSERT INTO Exame( EventoID, Nome, Descricao) VALUES (1044,"liquido sinovial","descricao");
INSERT INTO TecnicoExame( TecnicoID, ExameID) VALUES (4116,1044);
INSERT INTO Evento(EventoID,Descricao, Data, Admissao, Quarto) VALUES (1045, "descricao","16/9/1966 9:50:32" ,9, 150);
INSERT INTO Exame( EventoID, Nome, Descricao) VALUES (1045,"liquido sinovial","descricao");
INSERT INTO TecnicoExame( TecnicoID, ExameID) VALUES (9500,1045);
INSERT INTO Evento(EventoID,Descricao, Data, Admissao, Quarto) VALUES (1046, "descricao","16/6/2003 22:22:3" ,25, 161);
INSERT INTO Exame( EventoID, Nome, Descricao) VALUES (1046,"Urina","descricao");
INSERT INTO TecnicoExame( TecnicoID, ExameID) VALUES (3754,1046);
INSERT INTO Evento(EventoID,Descricao, Data, Admissao, Quarto) VALUES (1047, "descricao","23/11/2019 13:25:9" ,320, 151);
INSERT INTO Exame( EventoID, Nome, Descricao) VALUES (1047,"Urina","descricao");
INSERT INTO TecnicoExame( TecnicoID, ExameID) VALUES (6628,1047);
INSERT INTO Evento(EventoID,Descricao, Data, Admissao, Quarto) VALUES (1048, "descricao","10/6/1974 11:41:37" ,355, 116);
INSERT INTO Exame( EventoID, Nome, Descricao) VALUES (1048,"laringoscopia","descricao");
INSERT INTO TecnicoExame( TecnicoID, ExameID) VALUES (9976,1048);
INSERT INTO Evento(EventoID,Descricao, Data, Admissao, Quarto) VALUES (1049, "descricao","14/4/2016 5:50:17" ,438, 103);
INSERT INTO Exame( EventoID, Nome, Descricao) VALUES (1049,"laparoscopia","descricao");
INSERT INTO TecnicoExame( TecnicoID, ExameID) VALUES (9500,1049);
INSERT INTO Evento(EventoID,Descricao, Data, Admissao, Quarto) VALUES (1050, "descricao","19/3/2012 4:5:28" ,174, 241);
INSERT INTO Exame( EventoID, Nome, Descricao) VALUES (1050,"Urina","descricao");
INSERT INTO TecnicoExame( TecnicoID, ExameID) VALUES (9976,1050);
INSERT INTO Evento(EventoID,Descricao, Data, Admissao, Quarto) VALUES (1051, "descricao","5/5/2000 17:29:55" ,319, 158);
INSERT INTO Exame( EventoID, Nome, Descricao) VALUES (1051,"liquido cefalorraquidiano","descricao");
INSERT INTO TecnicoExame( TecnicoID, ExameID) VALUES (9976,1051);
INSERT INTO Evento(EventoID,Descricao, Data, Admissao, Quarto) VALUES (1052, "descricao","9/4/1993 21:22:44" ,185, 179);
INSERT INTO Exame( EventoID, Nome, Descricao) VALUES (1052,"laringoscopia","descricao");
INSERT INTO TecnicoExame( TecnicoID, ExameID) VALUES (1271,1052);
INSERT INTO Evento(EventoID,Descricao, Data, Admissao, Quarto) VALUES (1053, "descricao","24/4/1994 3:13:21" ,379, 147);
INSERT INTO Exame( EventoID, Nome, Descricao) VALUES (1053,"liquido sinovial","descricao");
INSERT INTO TecnicoExame( TecnicoID, ExameID) VALUES (4116,1053);
INSERT INTO Evento(EventoID,Descricao, Data, Admissao, Quarto) VALUES (1054, "descricao","2/12/1962 21:59:55" ,86, 154);
INSERT INTO Exame( EventoID, Nome, Descricao) VALUES (1054,"laringoscopia","descricao");
INSERT INTO TecnicoExame( TecnicoID, ExameID) VALUES (7646,1054);
INSERT INTO Evento(EventoID,Descricao, Data, Admissao, Quarto) VALUES (1055, "descricao","27/11/2006 7:24:14" ,347, 178);
INSERT INTO Exame( EventoID, Nome, Descricao) VALUES (1055,"liquido sinovial","descricao");
INSERT INTO TecnicoExame( TecnicoID, ExameID) VALUES (9943,1055);
INSERT INTO Evento(EventoID,Descricao, Data, Admissao, Quarto) VALUES (1056, "descricao","23/1/1999 1:20:45" ,457, 216);
INSERT INTO Exame( EventoID, Nome, Descricao) VALUES (1056,"toracoscopia","descricao");
INSERT INTO TecnicoExame( TecnicoID, ExameID) VALUES (4116,1056);
INSERT INTO Evento(EventoID,Descricao, Data, Admissao, Quarto) VALUES (1057, "descricao","18/4/2015 6:9:2" ,79, 141);
INSERT INTO Exame( EventoID, Nome, Descricao) VALUES (1057,"cistoscopia","descricao");
INSERT INTO TecnicoExame( TecnicoID, ExameID) VALUES (4116,1057);
INSERT INTO Evento(EventoID,Descricao, Data, Admissao, Quarto) VALUES (1058, "descricao","2/8/1989 14:15:21" ,167, 244);
INSERT INTO Exame( EventoID, Nome, Descricao) VALUES (1058,"cistoscopia","descricao");
INSERT INTO TecnicoExame( TecnicoID, ExameID) VALUES (9160,1058);
INSERT INTO Evento(EventoID,Descricao, Data, Admissao, Quarto) VALUES (1059, "descricao","20/12/1972 7:37:35" ,431, 229);
INSERT INTO Exame( EventoID, Nome, Descricao) VALUES (1059,"laparoscopia","descricao");
INSERT INTO TecnicoExame( TecnicoID, ExameID) VALUES (4810,1059);
INSERT INTO Evento(EventoID,Descricao, Data, Admissao, Quarto) VALUES (1060, "descricao","10/3/1998 4:13:50" ,327, 215);
INSERT INTO Exame( EventoID, Nome, Descricao) VALUES (1060,"broncoscopia","descricao");
INSERT INTO TecnicoExame( TecnicoID, ExameID) VALUES (3754,1060);
INSERT INTO Evento(EventoID,Descricao, Data, Admissao, Quarto) VALUES (1061, "descricao","25/12/1987 18:25:51" ,347, 241);
INSERT INTO Exame( EventoID, Nome, Descricao) VALUES (1061,"liquido sinovial","descricao");
INSERT INTO TecnicoExame( TecnicoID, ExameID) VALUES (9500,1061);
INSERT INTO Evento(EventoID,Descricao, Data, Admissao, Quarto) VALUES (1062, "descricao","7/10/1986 9:45:19" ,301, 154);
INSERT INTO Exame( EventoID, Nome, Descricao) VALUES (1062,"cistoscopia","descricao");
INSERT INTO TecnicoExame( TecnicoID, ExameID) VALUES (3754,1062);
INSERT INTO Evento(EventoID,Descricao, Data, Admissao, Quarto) VALUES (1063, "descricao","12/9/1982 19:30:20" ,189, 221);
INSERT INTO Exame( EventoID, Nome, Descricao) VALUES (1063,"laparoscopia","descricao");
INSERT INTO TecnicoExame( TecnicoID, ExameID) VALUES (5068,1063);
INSERT INTO Evento(EventoID,Descricao, Data, Admissao, Quarto) VALUES (1064, "descricao","21/9/1992 3:34:58" ,49, 112);
INSERT INTO Exame( EventoID, Nome, Descricao) VALUES (1064,"toracoscopia","descricao");
INSERT INTO TecnicoExame( TecnicoID, ExameID) VALUES (5068,1064);
INSERT INTO Evento(EventoID,Descricao, Data, Admissao, Quarto) VALUES (1065, "descricao","4/12/1969 9:14:28" ,70, 123);
INSERT INTO Exame( EventoID, Nome, Descricao) VALUES (1065,"liquido sinovial","descricao");
INSERT INTO TecnicoExame( TecnicoID, ExameID) VALUES (1392,1065);
INSERT INTO Evento(EventoID,Descricao, Data, Admissao, Quarto) VALUES (1066, "descricao","5/11/2004 9:11:41" ,164, 165);
INSERT INTO Exame( EventoID, Nome, Descricao) VALUES (1066,"Sangue","descricao");
INSERT INTO TecnicoExame( TecnicoID, ExameID) VALUES (1271,1066);
INSERT INTO Evento(EventoID,Descricao, Data, Admissao, Quarto) VALUES (1067, "descricao","12/7/1960 13:5:41" ,493, 152);
INSERT INTO Exame( EventoID, Nome, Descricao) VALUES (1067,"Urina","descricao");
INSERT INTO TecnicoExame( TecnicoID, ExameID) VALUES (5706,1067);
INSERT INTO Evento(EventoID,Descricao, Data, Admissao, Quarto) VALUES (1068, "descricao","4/1/2008 3:55:56" ,478, 200);
INSERT INTO Exame( EventoID, Nome, Descricao) VALUES (1068,"laparoscopia","descricao");
INSERT INTO TecnicoExame( TecnicoID, ExameID) VALUES (9976,1068);
INSERT INTO Evento(EventoID,Descricao, Data, Admissao, Quarto) VALUES (1069, "descricao","3/5/1993 3:40:55" ,323, 123);
INSERT INTO Exame( EventoID, Nome, Descricao) VALUES (1069,"laringoscopia","descricao");
INSERT INTO TecnicoExame( TecnicoID, ExameID) VALUES (9943,1069);
INSERT INTO Evento(EventoID,Descricao, Data, Admissao, Quarto) VALUES (1070, "descricao","1/11/2001 0:12:17" ,438, 119);
INSERT INTO Exame( EventoID, Nome, Descricao) VALUES (1070,"Sangue","descricao");
INSERT INTO TecnicoExame( TecnicoID, ExameID) VALUES (9837,1070);
INSERT INTO Evento(EventoID,Descricao, Data, Admissao, Quarto) VALUES (1071, "descricao","12/3/1968 7:31:0" ,361, 215);
INSERT INTO Exame( EventoID, Nome, Descricao) VALUES (1071,"laparoscopia","descricao");
INSERT INTO TecnicoExame( TecnicoID, ExameID) VALUES (9160,1071);
INSERT INTO Evento(EventoID,Descricao, Data, Admissao, Quarto) VALUES (1072, "descricao","1/11/1980 2:5:43" ,49, 232);
INSERT INTO Exame( EventoID, Nome, Descricao) VALUES (1072,"mediastinoscopia","descricao");
INSERT INTO TecnicoExame( TecnicoID, ExameID) VALUES (1392,1072);
INSERT INTO Evento(EventoID,Descricao, Data, Admissao, Quarto) VALUES (1073, "descricao","25/10/2017 15:45:21" ,7, 191);
INSERT INTO Exame( EventoID, Nome, Descricao) VALUES (1073,"Sangue","descricao");
INSERT INTO TecnicoExame( TecnicoID, ExameID) VALUES (4810,1073);
INSERT INTO Evento(EventoID,Descricao, Data, Admissao, Quarto) VALUES (1074, "descricao","26/1/1990 4:27:27" ,38, 200);
INSERT INTO Exame( EventoID, Nome, Descricao) VALUES (1074,"cistoscopia","descricao");
INSERT INTO TecnicoExame( TecnicoID, ExameID) VALUES (5068,1074);
INSERT INTO Evento(EventoID,Descricao, Data, Admissao, Quarto) VALUES (1075, "descricao","21/4/1986 14:37:9" ,315, 196);
INSERT INTO Exame( EventoID, Nome, Descricao) VALUES (1075,"broncoscopia","descricao");
INSERT INTO TecnicoExame( TecnicoID, ExameID) VALUES (9500,1075);
INSERT INTO Evento(EventoID,Descricao, Data, Admissao, Quarto) VALUES (1076, "descricao","26/1/2003 4:20:27" ,328, 215);
INSERT INTO Exame( EventoID, Nome, Descricao) VALUES (1076,"Sangue","descricao");
INSERT INTO TecnicoExame( TecnicoID, ExameID) VALUES (4116,1076);
INSERT INTO Evento(EventoID,Descricao, Data, Admissao, Quarto) VALUES (1077, "descricao","11/12/1980 7:21:9" ,303, 217);
INSERT INTO Exame( EventoID, Nome, Descricao) VALUES (1077,"laparoscopia","descricao");
INSERT INTO TecnicoExame( TecnicoID, ExameID) VALUES (5706,1077);
INSERT INTO Evento(EventoID,Descricao, Data, Admissao, Quarto) VALUES (1078, "descricao","28/12/1986 22:18:48" ,317, 185);
INSERT INTO Exame( EventoID, Nome, Descricao) VALUES (1078,"toracoscopia","descricao");
INSERT INTO TecnicoExame( TecnicoID, ExameID) VALUES (5568,1078);
INSERT INTO Evento(EventoID,Descricao, Data, Admissao, Quarto) VALUES (1079, "descricao","17/9/1998 18:6:28" ,84, 128);
INSERT INTO Exame( EventoID, Nome, Descricao) VALUES (1079,"laringoscopia","descricao");
INSERT INTO TecnicoExame( TecnicoID, ExameID) VALUES (5568,1079);
INSERT INTO Evento(EventoID,Descricao, Data, Admissao, Quarto) VALUES (1080, "descricao","26/7/1961 15:27:40" ,300, 234);
INSERT INTO Exame( EventoID, Nome, Descricao) VALUES (1080,"Sangue","descricao");
INSERT INTO TecnicoExame( TecnicoID, ExameID) VALUES (7646,1080);
INSERT INTO Evento(EventoID,Descricao, Data, Admissao, Quarto) VALUES (1081, "descricao","2/9/1970 16:34:22" ,259, 142);
INSERT INTO Exame( EventoID, Nome, Descricao) VALUES (1081,"laringoscopia","descricao");
INSERT INTO TecnicoExame( TecnicoID, ExameID) VALUES (2362,1081);
INSERT INTO Evento(EventoID,Descricao, Data, Admissao, Quarto) VALUES (1082, "descricao","19/12/1977 19:27:26" ,416, 188);
INSERT INTO Exame( EventoID, Nome, Descricao) VALUES (1082,"laparoscopia","descricao");
INSERT INTO TecnicoExame( TecnicoID, ExameID) VALUES (9943,1082);
INSERT INTO Evento(EventoID,Descricao, Data, Admissao, Quarto) VALUES (1083, "descricao","12/11/1983 7:42:22" ,84, 240);
INSERT INTO Exame( EventoID, Nome, Descricao) VALUES (1083,"esofagoscopia","descricao");
INSERT INTO TecnicoExame( TecnicoID, ExameID) VALUES (9837,1083);
INSERT INTO Evento(EventoID,Descricao, Data, Admissao, Quarto) VALUES (1084, "descricao","16/1/1998 22:40:7" ,365, 149);
INSERT INTO Exame( EventoID, Nome, Descricao) VALUES (1084,"mediastinoscopia","descricao");
INSERT INTO TecnicoExame( TecnicoID, ExameID) VALUES (6628,1084);
INSERT INTO Evento(EventoID,Descricao, Data, Admissao, Quarto) VALUES (1085, "descricao","18/5/2012 16:29:21" ,149, 148);
INSERT INTO Exame( EventoID, Nome, Descricao) VALUES (1085,"liquido cefalorraquidiano","descricao");
INSERT INTO TecnicoExame( TecnicoID, ExameID) VALUES (5706,1085);
INSERT INTO Evento(EventoID,Descricao, Data, Admissao, Quarto) VALUES (1086, "descricao","17/2/1986 13:25:56" ,412, 116);
INSERT INTO Exame( EventoID, Nome, Descricao) VALUES (1086,"toracoscopia","descricao");
INSERT INTO TecnicoExame( TecnicoID, ExameID) VALUES (9837,1086);
INSERT INTO Evento(EventoID,Descricao, Data, Admissao, Quarto) VALUES (1087, "descricao","10/3/1969 11:0:31" ,490, 197);
INSERT INTO Exame( EventoID, Nome, Descricao) VALUES (1087,"laparoscopia","descricao");
INSERT INTO TecnicoExame( TecnicoID, ExameID) VALUES (9976,1087);
INSERT INTO Evento(EventoID,Descricao, Data, Admissao, Quarto) VALUES (1088, "descricao","1/9/1969 5:28:38" ,191, 105);
INSERT INTO Exame( EventoID, Nome, Descricao) VALUES (1088,"esofagoscopia","descricao");
INSERT INTO TecnicoExame( TecnicoID, ExameID) VALUES (9500,1088);
INSERT INTO Evento(EventoID,Descricao, Data, Admissao, Quarto) VALUES (1089, "descricao","28/2/1996 23:17:27" ,296, 147);
INSERT INTO Exame( EventoID, Nome, Descricao) VALUES (1089,"broncoscopia","descricao");
INSERT INTO TecnicoExame( TecnicoID, ExameID) VALUES (5568,1089);
INSERT INTO Evento(EventoID,Descricao, Data, Admissao, Quarto) VALUES (1090, "descricao","11/7/1972 20:18:25" ,160, 171);
INSERT INTO Exame( EventoID, Nome, Descricao) VALUES (1090,"Sangue","descricao");
INSERT INTO TecnicoExame( TecnicoID, ExameID) VALUES (4810,1090);
INSERT INTO Evento(EventoID,Descricao, Data, Admissao, Quarto) VALUES (1091, "descricao","12/10/1982 0:58:2" ,308, 208);
INSERT INTO Exame( EventoID, Nome, Descricao) VALUES (1091,"mediastinoscopia","descricao");
INSERT INTO TecnicoExame( TecnicoID, ExameID) VALUES (2362,1091);
INSERT INTO Evento(EventoID,Descricao, Data, Admissao, Quarto) VALUES (1092, "descricao","7/11/1999 13:13:17" ,17, 160);
INSERT INTO Exame( EventoID, Nome, Descricao) VALUES (1092,"Urina","descricao");
INSERT INTO TecnicoExame( TecnicoID, ExameID) VALUES (7646,1092);
INSERT INTO Evento(EventoID,Descricao, Data, Admissao, Quarto) VALUES (1093, "descricao","17/6/2019 20:45:3" ,469, 133);
INSERT INTO Exame( EventoID, Nome, Descricao) VALUES (1093,"liquido cefalorraquidiano","descricao");
INSERT INTO TecnicoExame( TecnicoID, ExameID) VALUES (5706,1093);
INSERT INTO Evento(EventoID,Descricao, Data, Admissao, Quarto) VALUES (1094, "descricao","5/8/1992 4:37:47" ,263, 118);
INSERT INTO Exame( EventoID, Nome, Descricao) VALUES (1094,"laparoscopia","descricao");
INSERT INTO TecnicoExame( TecnicoID, ExameID) VALUES (2362,1094);
INSERT INTO Evento(EventoID,Descricao, Data, Admissao, Quarto) VALUES (1095, "descricao","22/10/1970 6:40:22" ,411, 104);
INSERT INTO Exame( EventoID, Nome, Descricao) VALUES (1095,"cistoscopia","descricao");
INSERT INTO TecnicoExame( TecnicoID, ExameID) VALUES (9160,1095);
INSERT INTO Evento(EventoID,Descricao, Data, Admissao, Quarto) VALUES (1096, "descricao","26/7/1998 21:53:55" ,498, 197);
INSERT INTO Exame( EventoID, Nome, Descricao) VALUES (1096,"Sangue","descricao");
INSERT INTO TecnicoExame( TecnicoID, ExameID) VALUES (5706,1096);
INSERT INTO Evento(EventoID,Descricao, Data, Admissao, Quarto) VALUES (1097, "descricao","21/11/1963 16:28:28" ,300, 225);
INSERT INTO Exame( EventoID, Nome, Descricao) VALUES (1097,"cistoscopia","descricao");
INSERT INTO TecnicoExame( TecnicoID, ExameID) VALUES (2362,1097);
INSERT INTO Evento(EventoID,Descricao, Data, Admissao, Quarto) VALUES (1098, "descricao","7/4/1972 2:18:37" ,218, 150);
INSERT INTO Exame( EventoID, Nome, Descricao) VALUES (1098,"laparoscopia","descricao");
INSERT INTO TecnicoExame( TecnicoID, ExameID) VALUES (5568,1098);
INSERT INTO Evento(EventoID,Descricao, Data, Admissao, Quarto) VALUES (1099, "descricao","10/10/2014 3:58:15" ,311, 205);
INSERT INTO Exame( EventoID, Nome, Descricao) VALUES (1099,"Sangue","descricao");
INSERT INTO TecnicoExame( TecnicoID, ExameID) VALUES (5706,1099);
INSERT INTO Evento(EventoID,Descricao, Data, Admissao, Quarto) VALUES (1100, "descricao","13/5/1963 15:31:40" ,127, 146);
INSERT INTO Exame( EventoID, Nome, Descricao) VALUES (1100,"esofagoscopia","descricao");
INSERT INTO TecnicoExame( TecnicoID, ExameID) VALUES (4116,1100);
INSERT INTO Evento(EventoID,Descricao, Data, Admissao, Quarto) VALUES (1101, "descricao","5/1/2009 14:50:40" ,289, 242);
INSERT INTO Exame( EventoID, Nome, Descricao) VALUES (1101,"esofagoscopia","descricao");
INSERT INTO TecnicoExame( TecnicoID, ExameID) VALUES (9500,1101);
INSERT INTO Evento(EventoID,Descricao, Data, Admissao, Quarto) VALUES (1102, "descricao","1/3/2014 0:16:4" ,34, 156);
INSERT INTO Exame( EventoID, Nome, Descricao) VALUES (1102,"cistoscopia","descricao");
INSERT INTO TecnicoExame( TecnicoID, ExameID) VALUES (9976,1102);
INSERT INTO Evento(EventoID,Descricao, Data, Admissao, Quarto) VALUES (1103, "descricao","2/3/1990 11:22:49" ,244, 109);
INSERT INTO Exame( EventoID, Nome, Descricao) VALUES (1103,"esofagoscopia","descricao");
INSERT INTO TecnicoExame( TecnicoID, ExameID) VALUES (4116,1103);
INSERT INTO Evento(EventoID,Descricao, Data, Admissao, Quarto) VALUES (1104, "descricao","24/7/2017 4:36:3" ,149, 157);
INSERT INTO Exame( EventoID, Nome, Descricao) VALUES (1104,"Urina","descricao");
INSERT INTO TecnicoExame( TecnicoID, ExameID) VALUES (1392,1104);
INSERT INTO Evento(EventoID,Descricao, Data, Admissao, Quarto) VALUES (1105, "descricao","19/12/1986 23:48:17" ,79, 184);
INSERT INTO Exame( EventoID, Nome, Descricao) VALUES (1105,"Urina","descricao");
INSERT INTO TecnicoExame( TecnicoID, ExameID) VALUES (5706,1105);
INSERT INTO Evento(EventoID,Descricao, Data, Admissao, Quarto) VALUES (1106, "descricao","17/11/1988 0:56:9" ,308, 166);
INSERT INTO Exame( EventoID, Nome, Descricao) VALUES (1106,"Sangue","descricao");
INSERT INTO TecnicoExame( TecnicoID, ExameID) VALUES (2362,1106);
INSERT INTO Evento(EventoID,Descricao, Data, Admissao, Quarto) VALUES (1107, "descricao","1/8/2018 6:10:45" ,107, 149);
INSERT INTO Exame( EventoID, Nome, Descricao) VALUES (1107,"laringoscopia","descricao");
INSERT INTO TecnicoExame( TecnicoID, ExameID) VALUES (4116,1107);
INSERT INTO Evento(EventoID,Descricao, Data, Admissao, Quarto) VALUES (1108, "descricao","17/6/1986 16:0:32" ,295, 195);
INSERT INTO Exame( EventoID, Nome, Descricao) VALUES (1108,"esofagoscopia","descricao");
INSERT INTO TecnicoExame( TecnicoID, ExameID) VALUES (5706,1108);
INSERT INTO Evento(EventoID,Descricao, Data, Admissao, Quarto) VALUES (1109, "descricao","1/3/1989 4:2:25" ,118, 230);
INSERT INTO Exame( EventoID, Nome, Descricao) VALUES (1109,"esofagoscopia","descricao");
INSERT INTO TecnicoExame( TecnicoID, ExameID) VALUES (5068,1109);
INSERT INTO Evento(EventoID,Descricao, Data, Admissao, Quarto) VALUES (1110, "descricao","1/3/2009 8:19:18" ,260, 161);
INSERT INTO Exame( EventoID, Nome, Descricao) VALUES (1110,"laparoscopia","descricao");
INSERT INTO TecnicoExame( TecnicoID, ExameID) VALUES (4810,1110);
INSERT INTO Evento(EventoID,Descricao, Data, Admissao, Quarto) VALUES (1111, "descricao","10/8/1968 5:4:33" ,409, 170);
INSERT INTO Exame( EventoID, Nome, Descricao) VALUES (1111,"laparoscopia","descricao");
INSERT INTO TecnicoExame( TecnicoID, ExameID) VALUES (9943,1111);
INSERT INTO Evento(EventoID,Descricao, Data, Admissao, Quarto) VALUES (1112, "descricao","2/5/1963 10:25:13" ,406, 190);
INSERT INTO Exame( EventoID, Nome, Descricao) VALUES (1112,"laparoscopia","descricao");
INSERT INTO TecnicoExame( TecnicoID, ExameID) VALUES (9160,1112);
INSERT INTO Evento(EventoID,Descricao, Data, Admissao, Quarto) VALUES (1113, "descricao","15/4/1988 5:29:53" ,462, 123);
INSERT INTO Exame( EventoID, Nome, Descricao) VALUES (1113,"cistoscopia","descricao");
INSERT INTO TecnicoExame( TecnicoID, ExameID) VALUES (9976,1113);
INSERT INTO Evento(EventoID,Descricao, Data, Admissao, Quarto) VALUES (1114, "descricao","23/6/2007 10:15:41" ,89, 212);
INSERT INTO Exame( EventoID, Nome, Descricao) VALUES (1114,"mediastinoscopia","descricao");
INSERT INTO TecnicoExame( TecnicoID, ExameID) VALUES (9500,1114);
INSERT INTO Evento(EventoID,Descricao, Data, Admissao, Quarto) VALUES (1115, "descricao","16/2/1996 5:0:14" ,16, 128);
INSERT INTO Exame( EventoID, Nome, Descricao) VALUES (1115,"cistoscopia","descricao");
INSERT INTO TecnicoExame( TecnicoID, ExameID) VALUES (3754,1115);
INSERT INTO Evento(EventoID,Descricao, Data, Admissao, Quarto) VALUES (1116, "descricao","16/12/2007 3:42:1" ,445, 174);
INSERT INTO Exame( EventoID, Nome, Descricao) VALUES (1116,"Urina","descricao");
INSERT INTO TecnicoExame( TecnicoID, ExameID) VALUES (5068,1116);
INSERT INTO Evento(EventoID,Descricao, Data, Admissao, Quarto) VALUES (1117, "descricao","21/9/1983 13:43:3" ,471, 168);
INSERT INTO Exame( EventoID, Nome, Descricao) VALUES (1117,"broncoscopia","descricao");
INSERT INTO TecnicoExame( TecnicoID, ExameID) VALUES (4116,1117);
INSERT INTO Evento(EventoID,Descricao, Data, Admissao, Quarto) VALUES (1118, "descricao","12/6/1969 22:3:0" ,75, 151);
INSERT INTO Exame( EventoID, Nome, Descricao) VALUES (1118,"Sangue","descricao");
INSERT INTO TecnicoExame( TecnicoID, ExameID) VALUES (6628,1118);
INSERT INTO Evento(EventoID,Descricao, Data, Admissao, Quarto) VALUES (1119, "descricao","24/1/1977 6:38:57" ,178, 143);
INSERT INTO Exame( EventoID, Nome, Descricao) VALUES (1119,"liquido sinovial","descricao");
INSERT INTO TecnicoExame( TecnicoID, ExameID) VALUES (9943,1119);
INSERT INTO Evento(EventoID,Descricao, Data, Admissao, Quarto) VALUES (1120, "descricao","14/6/1995 9:22:4" ,26, 146);
INSERT INTO Exame( EventoID, Nome, Descricao) VALUES (1120,"cistoscopia","descricao");
INSERT INTO TecnicoExame( TecnicoID, ExameID) VALUES (9837,1120);
INSERT INTO Evento(EventoID,Descricao, Data, Admissao, Quarto) VALUES (1121, "descricao","15/3/1970 20:37:12" ,38, 118);
INSERT INTO Exame( EventoID, Nome, Descricao) VALUES (1121,"liquido sinovial","descricao");
INSERT INTO TecnicoExame( TecnicoID, ExameID) VALUES (3754,1121);
INSERT INTO Evento(EventoID,Descricao, Data, Admissao, Quarto) VALUES (1122, "descricao","23/11/2014 18:44:34" ,196, 193);
INSERT INTO Exame( EventoID, Nome, Descricao) VALUES (1122,"laparoscopia","descricao");
INSERT INTO TecnicoExame( TecnicoID, ExameID) VALUES (9837,1122);
INSERT INTO Evento(EventoID,Descricao, Data, Admissao, Quarto) VALUES (1123, "descricao","27/12/1983 18:6:30" ,172, 183);
INSERT INTO Exame( EventoID, Nome, Descricao) VALUES (1123,"Sangue","descricao");
INSERT INTO TecnicoExame( TecnicoID, ExameID) VALUES (1392,1123);
INSERT INTO Evento(EventoID,Descricao, Data, Admissao, Quarto) VALUES (1124, "descricao","25/6/1968 10:35:16" ,453, 135);
INSERT INTO Exame( EventoID, Nome, Descricao) VALUES (1124,"broncoscopia","descricao");
INSERT INTO TecnicoExame( TecnicoID, ExameID) VALUES (9500,1124);
INSERT INTO Evento(EventoID,Descricao, Data, Admissao, Quarto) VALUES (1125, "descricao","15/12/1998 2:45:6" ,364, 194);
INSERT INTO Exame( EventoID, Nome, Descricao) VALUES (1125,"Sangue","descricao");
INSERT INTO TecnicoExame( TecnicoID, ExameID) VALUES (4116,1125);
INSERT INTO Evento(EventoID,Descricao, Data, Admissao, Quarto) VALUES (1126, "descricao","26/2/1996 6:41:8" ,10, 127);
INSERT INTO Exame( EventoID, Nome, Descricao) VALUES (1126,"Sangue","descricao");
INSERT INTO TecnicoExame( TecnicoID, ExameID) VALUES (9943,1126);
INSERT INTO Evento(EventoID,Descricao, Data, Admissao, Quarto) VALUES (1127, "descricao","21/12/1970 23:55:34" ,82, 145);
INSERT INTO Exame( EventoID, Nome, Descricao) VALUES (1127,"liquido sinovial","descricao");
INSERT INTO TecnicoExame( TecnicoID, ExameID) VALUES (9837,1127);
INSERT INTO Evento(EventoID,Descricao, Data, Admissao, Quarto) VALUES (1128, "descricao","17/4/2003 19:43:17" ,252, 132);
INSERT INTO Exame( EventoID, Nome, Descricao) VALUES (1128,"liquido cefalorraquidiano","descricao");
INSERT INTO TecnicoExame( TecnicoID, ExameID) VALUES (9837,1128);
INSERT INTO Evento(EventoID,Descricao, Data, Admissao, Quarto) VALUES (1129, "descricao","26/5/1988 13:12:40" ,385, 168);
INSERT INTO Exame( EventoID, Nome, Descricao) VALUES (1129,"broncoscopia","descricao");
INSERT INTO TecnicoExame( TecnicoID, ExameID) VALUES (5068,1129);
INSERT INTO Evento(EventoID,Descricao, Data, Admissao, Quarto) VALUES (1130, "descricao","13/3/1976 4:39:8" ,477, 151);
INSERT INTO Exame( EventoID, Nome, Descricao) VALUES (1130,"laringoscopia","descricao");
INSERT INTO TecnicoExame( TecnicoID, ExameID) VALUES (2362,1130);
INSERT INTO Evento(EventoID,Descricao, Data, Admissao, Quarto) VALUES (1131, "descricao","5/12/1978 15:46:16" ,168, 152);
INSERT INTO Exame( EventoID, Nome, Descricao) VALUES (1131,"toracoscopia","descricao");
INSERT INTO TecnicoExame( TecnicoID, ExameID) VALUES (4116,1131);
INSERT INTO Evento(EventoID,Descricao, Data, Admissao, Quarto) VALUES (1132, "descricao","5/4/2001 12:30:15" ,307, 203);
INSERT INTO Exame( EventoID, Nome, Descricao) VALUES (1132,"Sangue","descricao");
INSERT INTO TecnicoExame( TecnicoID, ExameID) VALUES (7646,1132);
INSERT INTO Evento(EventoID,Descricao, Data, Admissao, Quarto) VALUES (1133, "descricao","24/7/2001 16:28:23" ,112, 151);
INSERT INTO Exame( EventoID, Nome, Descricao) VALUES (1133,"mediastinoscopia","descricao");
INSERT INTO TecnicoExame( TecnicoID, ExameID) VALUES (4116,1133);
INSERT INTO Evento(EventoID,Descricao, Data, Admissao, Quarto) VALUES (1134, "descricao","21/10/1970 20:15:0" ,71, 237);
INSERT INTO Exame( EventoID, Nome, Descricao) VALUES (1134,"Sangue","descricao");
INSERT INTO TecnicoExame( TecnicoID, ExameID) VALUES (5568,1134);
INSERT INTO Evento(EventoID,Descricao, Data, Admissao, Quarto) VALUES (1135, "descricao","11/5/2011 21:16:32" ,99, 144);
INSERT INTO Exame( EventoID, Nome, Descricao) VALUES (1135,"Sangue","descricao");
INSERT INTO TecnicoExame( TecnicoID, ExameID) VALUES (9160,1135);
INSERT INTO Evento(EventoID,Descricao, Data, Admissao, Quarto) VALUES (1136, "descricao","23/12/2016 10:44:20" ,318, 169);
INSERT INTO Exame( EventoID, Nome, Descricao) VALUES (1136,"laparoscopia","descricao");
INSERT INTO TecnicoExame( TecnicoID, ExameID) VALUES (6628,1136);
INSERT INTO Evento(EventoID,Descricao, Data, Admissao, Quarto) VALUES (1137, "descricao","5/9/1986 7:54:22" ,155, 197);
INSERT INTO Exame( EventoID, Nome, Descricao) VALUES (1137,"Sangue","descricao");
INSERT INTO TecnicoExame( TecnicoID, ExameID) VALUES (6628,1137);
INSERT INTO Evento(EventoID,Descricao, Data, Admissao, Quarto) VALUES (1138, "descricao","12/4/2003 15:14:20" ,181, 182);
INSERT INTO Exame( EventoID, Nome, Descricao) VALUES (1138,"mediastinoscopia","descricao");
INSERT INTO TecnicoExame( TecnicoID, ExameID) VALUES (1392,1138);
INSERT INTO Evento(EventoID,Descricao, Data, Admissao, Quarto) VALUES (1139, "descricao","12/2/2018 11:50:6" ,429, 136);
INSERT INTO Exame( EventoID, Nome, Descricao) VALUES (1139,"liquido cefalorraquidiano","descricao");
INSERT INTO TecnicoExame( TecnicoID, ExameID) VALUES (5568,1139);
INSERT INTO Evento(EventoID,Descricao, Data, Admissao, Quarto) VALUES (1140, "descricao","6/2/1962 4:55:30" ,136, 230);
INSERT INTO Exame( EventoID, Nome, Descricao) VALUES (1140,"broncoscopia","descricao");
INSERT INTO TecnicoExame( TecnicoID, ExameID) VALUES (4116,1140);
INSERT INTO Evento(EventoID,Descricao, Data, Admissao, Quarto) VALUES (1141, "descricao","8/10/1977 1:39:24" ,32, 215);
INSERT INTO Exame( EventoID, Nome, Descricao) VALUES (1141,"mediastinoscopia","descricao");
INSERT INTO TecnicoExame( TecnicoID, ExameID) VALUES (9837,1141);
INSERT INTO Evento(EventoID,Descricao, Data, Admissao, Quarto) VALUES (1142, "descricao","10/4/1966 17:55:13" ,305, 169);
INSERT INTO Exame( EventoID, Nome, Descricao) VALUES (1142,"broncoscopia","descricao");
INSERT INTO TecnicoExame( TecnicoID, ExameID) VALUES (4116,1142);
INSERT INTO Evento(EventoID,Descricao, Data, Admissao, Quarto) VALUES (1143, "descricao","9/1/1965 19:9:0" ,9, 120);
INSERT INTO Exame( EventoID, Nome, Descricao) VALUES (1143,"Urina","descricao");
INSERT INTO TecnicoExame( TecnicoID, ExameID) VALUES (9160,1143);
INSERT INTO Evento(EventoID,Descricao, Data, Admissao, Quarto) VALUES (1144, "descricao","16/5/1998 7:50:15" ,309, 209);
INSERT INTO Exame( EventoID, Nome, Descricao) VALUES (1144,"toracoscopia","descricao");
INSERT INTO TecnicoExame( TecnicoID, ExameID) VALUES (6628,1144);
INSERT INTO Evento(EventoID,Descricao, Data, Admissao, Quarto) VALUES (1145, "descricao","3/12/2003 4:33:49" ,465, 229);
INSERT INTO Exame( EventoID, Nome, Descricao) VALUES (1145,"laparoscopia","descricao");
INSERT INTO TecnicoExame( TecnicoID, ExameID) VALUES (1271,1145);
INSERT INTO Evento(EventoID,Descricao, Data, Admissao, Quarto) VALUES (1146, "descricao","10/12/2014 12:44:39" ,113, 203);
INSERT INTO Exame( EventoID, Nome, Descricao) VALUES (1146,"mediastinoscopia","descricao");
INSERT INTO TecnicoExame( TecnicoID, ExameID) VALUES (9500,1146);
INSERT INTO Evento(EventoID,Descricao, Data, Admissao, Quarto) VALUES (1147, "descricao","21/10/1974 6:57:59" ,122, 230);
INSERT INTO Exame( EventoID, Nome, Descricao) VALUES (1147,"cistoscopia","descricao");
INSERT INTO TecnicoExame( TecnicoID, ExameID) VALUES (5068,1147);
INSERT INTO Evento(EventoID,Descricao, Data, Admissao, Quarto) VALUES (1148, "descricao","23/6/1985 4:28:58" ,259, 143);
INSERT INTO Exame( EventoID, Nome, Descricao) VALUES (1148,"esofagoscopia","descricao");
INSERT INTO TecnicoExame( TecnicoID, ExameID) VALUES (9500,1148);
INSERT INTO Evento(EventoID,Descricao, Data, Admissao, Quarto) VALUES (1149, "descricao","19/12/1999 5:13:54" ,374, 119);
INSERT INTO Exame( EventoID, Nome, Descricao) VALUES (1149,"esofagoscopia","descricao");
INSERT INTO TecnicoExame( TecnicoID, ExameID) VALUES (3754,1149);
INSERT INTO Evento(EventoID,Descricao, Data, Admissao, Quarto) VALUES (1150, "descricao","3/5/2000 16:46:8" ,440, 149);
INSERT INTO Exame( EventoID, Nome, Descricao) VALUES (1150,"esofagoscopia","descricao");
INSERT INTO TecnicoExame( TecnicoID, ExameID) VALUES (9976,1150);
INSERT INTO Evento(EventoID,Descricao, Data, Admissao, Quarto) VALUES (1151, "descricao","5/5/2010 8:48:58" ,361, 232);
INSERT INTO Exame( EventoID, Nome, Descricao) VALUES (1151,"liquido sinovial","descricao");
INSERT INTO TecnicoExame( TecnicoID, ExameID) VALUES (9837,1151);
INSERT INTO Evento(EventoID,Descricao, Data, Admissao, Quarto) VALUES (1152, "descricao","12/5/2016 9:6:57" ,451, 191);
INSERT INTO Exame( EventoID, Nome, Descricao) VALUES (1152,"laparoscopia","descricao");
INSERT INTO TecnicoExame( TecnicoID, ExameID) VALUES (5706,1152);
INSERT INTO Evento(EventoID,Descricao, Data, Admissao, Quarto) VALUES (1153, "descricao","21/10/1968 4:54:52" ,335, 242);
INSERT INTO Exame( EventoID, Nome, Descricao) VALUES (1153,"liquido sinovial","descricao");
INSERT INTO TecnicoExame( TecnicoID, ExameID) VALUES (7646,1153);
INSERT INTO Evento(EventoID,Descricao, Data, Admissao, Quarto) VALUES (1154, "descricao","19/12/1973 7:46:24" ,442, 138);
INSERT INTO Exame( EventoID, Nome, Descricao) VALUES (1154,"mediastinoscopia","descricao");
INSERT INTO TecnicoExame( TecnicoID, ExameID) VALUES (9837,1154);
INSERT INTO Evento(EventoID,Descricao, Data, Admissao, Quarto) VALUES (1155, "descricao","6/10/1989 4:8:18" ,360, 150);
INSERT INTO Exame( EventoID, Nome, Descricao) VALUES (1155,"Urina","descricao");
INSERT INTO TecnicoExame( TecnicoID, ExameID) VALUES (1392,1155);
INSERT INTO Evento(EventoID,Descricao, Data, Admissao, Quarto) VALUES (1156, "descricao","4/2/1994 20:16:15" ,305, 213);
INSERT INTO Exame( EventoID, Nome, Descricao) VALUES (1156,"Sangue","descricao");
INSERT INTO TecnicoExame( TecnicoID, ExameID) VALUES (9160,1156);
INSERT INTO Evento(EventoID,Descricao, Data, Admissao, Quarto) VALUES (1157, "descricao","21/3/1965 6:41:3" ,45, 245);
INSERT INTO Exame( EventoID, Nome, Descricao) VALUES (1157,"laparoscopia","descricao");
INSERT INTO TecnicoExame( TecnicoID, ExameID) VALUES (1271,1157);
INSERT INTO Evento(EventoID,Descricao, Data, Admissao, Quarto) VALUES (1158, "descricao","25/11/2007 6:1:44" ,74, 104);
INSERT INTO Exame( EventoID, Nome, Descricao) VALUES (1158,"toracoscopia","descricao");
INSERT INTO TecnicoExame( TecnicoID, ExameID) VALUES (1271,1158);
INSERT INTO Evento(EventoID,Descricao, Data, Admissao, Quarto) VALUES (1159, "descricao","15/3/2008 19:13:14" ,255, 171);
INSERT INTO Exame( EventoID, Nome, Descricao) VALUES (1159,"mediastinoscopia","descricao");
INSERT INTO TecnicoExame( TecnicoID, ExameID) VALUES (3754,1159);
INSERT INTO Evento(EventoID,Descricao, Data, Admissao, Quarto) VALUES (1160, "descricao","25/2/1998 0:53:53" ,362, 203);
INSERT INTO Exame( EventoID, Nome, Descricao) VALUES (1160,"laparoscopia","descricao");
INSERT INTO TecnicoExame( TecnicoID, ExameID) VALUES (3754,1160);
INSERT INTO Evento(EventoID,Descricao, Data, Admissao, Quarto) VALUES (1161, "descricao","7/9/1960 7:15:25" ,112, 217);
INSERT INTO Exame( EventoID, Nome, Descricao) VALUES (1161,"mediastinoscopia","descricao");
INSERT INTO TecnicoExame( TecnicoID, ExameID) VALUES (5568,1161);
INSERT INTO Evento(EventoID,Descricao, Data, Admissao, Quarto) VALUES (1162, "descricao","28/7/1967 18:2:45" ,247, 184);
INSERT INTO Exame( EventoID, Nome, Descricao) VALUES (1162,"liquido sinovial","descricao");
INSERT INTO TecnicoExame( TecnicoID, ExameID) VALUES (4810,1162);
INSERT INTO Evento(EventoID,Descricao, Data, Admissao, Quarto) VALUES (1163, "descricao","5/4/1985 20:24:2" ,28, 239);
INSERT INTO Exame( EventoID, Nome, Descricao) VALUES (1163,"laparoscopia","descricao");
INSERT INTO TecnicoExame( TecnicoID, ExameID) VALUES (9943,1163);
INSERT INTO Evento(EventoID,Descricao, Data, Admissao, Quarto) VALUES (1164, "descricao","1/9/2015 22:19:27" ,100, 168);
INSERT INTO Exame( EventoID, Nome, Descricao) VALUES (1164,"laringoscopia","descricao");
INSERT INTO TecnicoExame( TecnicoID, ExameID) VALUES (7646,1164);
INSERT INTO Evento(EventoID,Descricao, Data, Admissao, Quarto) VALUES (1165, "descricao","22/5/1977 3:32:46" ,386, 149);
INSERT INTO Exame( EventoID, Nome, Descricao) VALUES (1165,"toracoscopia","descricao");
INSERT INTO TecnicoExame( TecnicoID, ExameID) VALUES (1392,1165);
INSERT INTO Evento(EventoID,Descricao, Data, Admissao, Quarto) VALUES (1166, "descricao","15/4/2018 7:13:33" ,325, 193);
INSERT INTO Exame( EventoID, Nome, Descricao) VALUES (1166,"liquido sinovial","descricao");
INSERT INTO TecnicoExame( TecnicoID, ExameID) VALUES (4116,1166);
INSERT INTO Evento(EventoID,Descricao, Data, Admissao, Quarto) VALUES (1167, "descricao","12/5/1996 1:41:34" ,313, 109);
INSERT INTO Exame( EventoID, Nome, Descricao) VALUES (1167,"mediastinoscopia","descricao");
INSERT INTO TecnicoExame( TecnicoID, ExameID) VALUES (9837,1167);
INSERT INTO Evento(EventoID,Descricao, Data, Admissao, Quarto) VALUES (1168, "descricao","23/6/1994 8:8:47" ,288, 168);
INSERT INTO Exame( EventoID, Nome, Descricao) VALUES (1168,"Urina","descricao");
INSERT INTO TecnicoExame( TecnicoID, ExameID) VALUES (1392,1168);
INSERT INTO Evento(EventoID,Descricao, Data, Admissao, Quarto) VALUES (1169, "descricao","17/6/1982 23:53:49" ,79, 130);
INSERT INTO Exame( EventoID, Nome, Descricao) VALUES (1169,"liquido cefalorraquidiano","descricao");
INSERT INTO TecnicoExame( TecnicoID, ExameID) VALUES (5568,1169);
INSERT INTO Evento(EventoID,Descricao, Data, Admissao, Quarto) VALUES (1170, "descricao","16/10/2007 14:38:5" ,290, 137);
INSERT INTO Exame( EventoID, Nome, Descricao) VALUES (1170,"cistoscopia","descricao");
INSERT INTO TecnicoExame( TecnicoID, ExameID) VALUES (2362,1170);
INSERT INTO Evento(EventoID,Descricao, Data, Admissao, Quarto) VALUES (1171, "descricao","19/8/2004 22:0:43" ,470, 234);
INSERT INTO Exame( EventoID, Nome, Descricao) VALUES (1171,"Sangue","descricao");
INSERT INTO TecnicoExame( TecnicoID, ExameID) VALUES (5068,1171);
INSERT INTO Evento(EventoID,Descricao, Data, Admissao, Quarto) VALUES (1172, "descricao","27/7/1969 12:51:24" ,329, 141);
INSERT INTO Exame( EventoID, Nome, Descricao) VALUES (1172,"Sangue","descricao");
INSERT INTO TecnicoExame( TecnicoID, ExameID) VALUES (5706,1172);
INSERT INTO Evento(EventoID,Descricao, Data, Admissao, Quarto) VALUES (1173, "descricao","2/5/1981 7:8:1" ,296, 200);
INSERT INTO Exame( EventoID, Nome, Descricao) VALUES (1173,"liquido sinovial","descricao");
INSERT INTO TecnicoExame( TecnicoID, ExameID) VALUES (9943,1173);
INSERT INTO Evento(EventoID,Descricao, Data, Admissao, Quarto) VALUES (1174, "descricao","25/7/2012 19:16:23" ,15, 179);
INSERT INTO Exame( EventoID, Nome, Descricao) VALUES (1174,"broncoscopia","descricao");
INSERT INTO TecnicoExame( TecnicoID, ExameID) VALUES (4810,1174);
INSERT INTO Evento(EventoID,Descricao, Data, Admissao, Quarto) VALUES (1175, "descricao","27/9/1962 15:27:49" ,157, 121);
INSERT INTO Exame( EventoID, Nome, Descricao) VALUES (1175,"laparoscopia","descricao");
INSERT INTO TecnicoExame( TecnicoID, ExameID) VALUES (4116,1175);
INSERT INTO Evento(EventoID,Descricao, Data, Admissao, Quarto) VALUES (1176, "descricao","6/5/1960 21:48:18" ,47, 187);
INSERT INTO Exame( EventoID, Nome, Descricao) VALUES (1176,"broncoscopia","descricao");
INSERT INTO TecnicoExame( TecnicoID, ExameID) VALUES (5706,1176);
INSERT INTO Evento(EventoID,Descricao, Data, Admissao, Quarto) VALUES (1177, "descricao","28/9/1974 3:25:45" ,426, 134);
INSERT INTO Exame( EventoID, Nome, Descricao) VALUES (1177,"esofagoscopia","descricao");
INSERT INTO TecnicoExame( TecnicoID, ExameID) VALUES (9976,1177);
INSERT INTO Evento(EventoID,Descricao, Data, Admissao, Quarto) VALUES (1178, "descricao","14/3/2018 21:28:8" ,352, 143);
INSERT INTO Exame( EventoID, Nome, Descricao) VALUES (1178,"liquido cefalorraquidiano","descricao");
INSERT INTO TecnicoExame( TecnicoID, ExameID) VALUES (4116,1178);
INSERT INTO Evento(EventoID,Descricao, Data, Admissao, Quarto) VALUES (1179, "descricao","28/10/2010 13:9:39" ,309, 120);
INSERT INTO Exame( EventoID, Nome, Descricao) VALUES (1179,"liquido sinovial","descricao");
INSERT INTO TecnicoExame( TecnicoID, ExameID) VALUES (3754,1179);
INSERT INTO Evento(EventoID,Descricao, Data, Admissao, Quarto) VALUES (1180, "descricao","15/12/1993 12:22:41" ,212, 241);
INSERT INTO Exame( EventoID, Nome, Descricao) VALUES (1180,"mediastinoscopia","descricao");
INSERT INTO TecnicoExame( TecnicoID, ExameID) VALUES (1392,1180);
INSERT INTO Evento(EventoID,Descricao, Data, Admissao, Quarto) VALUES (1181, "descricao","23/2/1966 9:48:41" ,419, 123);
INSERT INTO Exame( EventoID, Nome, Descricao) VALUES (1181,"laparoscopia","descricao");
INSERT INTO TecnicoExame( TecnicoID, ExameID) VALUES (5568,1181);
INSERT INTO Evento(EventoID,Descricao, Data, Admissao, Quarto) VALUES (1182, "descricao","11/4/1974 10:17:18" ,449, 147);
INSERT INTO Exame( EventoID, Nome, Descricao) VALUES (1182,"cistoscopia","descricao");
INSERT INTO TecnicoExame( TecnicoID, ExameID) VALUES (9160,1182);
INSERT INTO Evento(EventoID,Descricao, Data, Admissao, Quarto) VALUES (1183, "descricao","16/5/1988 5:38:21" ,177, 135);
INSERT INTO Exame( EventoID, Nome, Descricao) VALUES (1183,"mediastinoscopia","descricao");
INSERT INTO TecnicoExame( TecnicoID, ExameID) VALUES (4116,1183);
INSERT INTO Evento(EventoID,Descricao, Data, Admissao, Quarto) VALUES (1184, "descricao","24/6/1999 10:42:15" ,234, 182);
INSERT INTO Exame( EventoID, Nome, Descricao) VALUES (1184,"esofagoscopia","descricao");
INSERT INTO TecnicoExame( TecnicoID, ExameID) VALUES (9500,1184);
INSERT INTO Evento(EventoID,Descricao, Data, Admissao, Quarto) VALUES (1185, "descricao","4/6/1982 5:12:18" ,444, 201);
INSERT INTO Exame( EventoID, Nome, Descricao) VALUES (1185,"cistoscopia","descricao");
INSERT INTO TecnicoExame( TecnicoID, ExameID) VALUES (4810,1185);
INSERT INTO Evento(EventoID,Descricao, Data, Admissao, Quarto) VALUES (1186, "descricao","24/8/1980 19:21:43" ,67, 164);
INSERT INTO Exame( EventoID, Nome, Descricao) VALUES (1186,"laringoscopia","descricao");
INSERT INTO TecnicoExame( TecnicoID, ExameID) VALUES (9943,1186);
INSERT INTO Evento(EventoID,Descricao, Data, Admissao, Quarto) VALUES (1187, "descricao","14/9/1991 21:1:9" ,408, 222);
INSERT INTO Exame( EventoID, Nome, Descricao) VALUES (1187,"laringoscopia","descricao");
INSERT INTO TecnicoExame( TecnicoID, ExameID) VALUES (9943,1187);
INSERT INTO Evento(EventoID,Descricao, Data, Admissao, Quarto) VALUES (1188, "descricao","23/3/1974 17:9:48" ,86, 222);
INSERT INTO Exame( EventoID, Nome, Descricao) VALUES (1188,"Sangue","descricao");
INSERT INTO TecnicoExame( TecnicoID, ExameID) VALUES (6628,1188);
INSERT INTO Evento(EventoID,Descricao, Data, Admissao, Quarto) VALUES (1189, "descricao","1/2/2015 15:33:5" ,364, 136);
INSERT INTO Exame( EventoID, Nome, Descricao) VALUES (1189,"laparoscopia","descricao");
INSERT INTO TecnicoExame( TecnicoID, ExameID) VALUES (7646,1189);
INSERT INTO Evento(EventoID,Descricao, Data, Admissao, Quarto) VALUES (1190, "descricao","11/9/1984 10:37:29" ,358, 101);
INSERT INTO Exame( EventoID, Nome, Descricao) VALUES (1190,"laparoscopia","descricao");
INSERT INTO TecnicoExame( TecnicoID, ExameID) VALUES (6628,1190);
INSERT INTO Evento(EventoID,Descricao, Data, Admissao, Quarto) VALUES (1191, "descricao","23/9/2016 15:22:42" ,488, 169);
INSERT INTO Exame( EventoID, Nome, Descricao) VALUES (1191,"Urina","descricao");
INSERT INTO TecnicoExame( TecnicoID, ExameID) VALUES (9943,1191);
INSERT INTO Evento(EventoID,Descricao, Data, Admissao, Quarto) VALUES (1192, "descricao","6/11/2009 4:43:37" ,261, 158);
INSERT INTO Exame( EventoID, Nome, Descricao) VALUES (1192,"cistoscopia","descricao");
INSERT INTO TecnicoExame( TecnicoID, ExameID) VALUES (4810,1192);
INSERT INTO Evento(EventoID,Descricao, Data, Admissao, Quarto) VALUES (1193, "descricao","25/9/1979 7:12:4" ,50, 104);
INSERT INTO Exame( EventoID, Nome, Descricao) VALUES (1193,"liquido sinovial","descricao");
INSERT INTO TecnicoExame( TecnicoID, ExameID) VALUES (9943,1193);
INSERT INTO Evento(EventoID,Descricao, Data, Admissao, Quarto) VALUES (1194, "descricao","24/1/1977 22:58:6" ,416, 124);
INSERT INTO Exame( EventoID, Nome, Descricao) VALUES (1194,"broncoscopia","descricao");
INSERT INTO TecnicoExame( TecnicoID, ExameID) VALUES (5068,1194);
INSERT INTO Evento(EventoID,Descricao, Data, Admissao, Quarto) VALUES (1195, "descricao","25/8/1984 6:24:25" ,241, 168);
INSERT INTO Exame( EventoID, Nome, Descricao) VALUES (1195,"liquido sinovial","descricao");
INSERT INTO TecnicoExame( TecnicoID, ExameID) VALUES (1271,1195);
INSERT INTO Evento(EventoID,Descricao, Data, Admissao, Quarto) VALUES (1196, "descricao","2/1/1973 23:56:34" ,1, 119);
INSERT INTO Exame( EventoID, Nome, Descricao) VALUES (1196,"liquido sinovial","descricao");
INSERT INTO TecnicoExame( TecnicoID, ExameID) VALUES (2362,1196);
INSERT INTO Evento(EventoID,Descricao, Data, Admissao, Quarto) VALUES (1197, "descricao","19/8/1970 6:37:35" ,493, 169);
INSERT INTO Exame( EventoID, Nome, Descricao) VALUES (1197,"toracoscopia","descricao");
INSERT INTO TecnicoExame( TecnicoID, ExameID) VALUES (4116,1197);
INSERT INTO Evento(EventoID,Descricao, Data, Admissao, Quarto) VALUES (1198, "descricao","26/8/2001 13:45:23" ,154, 189);
INSERT INTO Exame( EventoID, Nome, Descricao) VALUES (1198,"mediastinoscopia","descricao");
INSERT INTO TecnicoExame( TecnicoID, ExameID) VALUES (4810,1198);
INSERT INTO Evento(EventoID,Descricao, Data, Admissao, Quarto) VALUES (1199, "descricao","16/5/1974 4:19:49" ,173, 248);
INSERT INTO Exame( EventoID, Nome, Descricao) VALUES (1199,"toracoscopia","descricao");
INSERT INTO TecnicoExame( TecnicoID, ExameID) VALUES (6628,1199);
INSERT INTO Evento(EventoID,Descricao, Data, Admissao, Quarto) VALUES (1200, "descricao","14/5/2017 2:30:27" ,28, 119);
INSERT INTO Exame( EventoID, Nome, Descricao) VALUES (1200,"broncoscopia","descricao");
INSERT INTO TecnicoExame( TecnicoID, ExameID) VALUES (1392,1200);
INSERT INTO Evento(EventoID,Descricao, Data, Admissao, Quarto) VALUES (1201, "descricao","18/8/2003 18:2:1" ,236, 135);
INSERT INTO Exame( EventoID, Nome, Descricao) VALUES (1201,"cistoscopia","descricao");
INSERT INTO TecnicoExame( TecnicoID, ExameID) VALUES (5568,1201);
INSERT INTO Evento(EventoID,Descricao, Data, Admissao, Quarto) VALUES (1202, "descricao","1/12/1966 2:7:43" ,80, 108);
INSERT INTO Exame( EventoID, Nome, Descricao) VALUES (1202,"Urina","descricao");
INSERT INTO TecnicoExame( TecnicoID, ExameID) VALUES (5068,1202);
INSERT INTO Evento(EventoID,Descricao, Data, Admissao, Quarto) VALUES (1203, "descricao","2/3/1987 6:59:18" ,230, 213);
INSERT INTO Exame( EventoID, Nome, Descricao) VALUES (1203,"broncoscopia","descricao");
INSERT INTO TecnicoExame( TecnicoID, ExameID) VALUES (5706,1203);
INSERT INTO Evento(EventoID,Descricao, Data, Admissao, Quarto) VALUES (1204, "descricao","14/12/1973 0:44:43" ,498, 107);
INSERT INTO Exame( EventoID, Nome, Descricao) VALUES (1204,"liquido cefalorraquidiano","descricao");
INSERT INTO TecnicoExame( TecnicoID, ExameID) VALUES (5568,1204);
INSERT INTO Evento(EventoID,Descricao, Data, Admissao, Quarto) VALUES (1205, "descricao","12/5/1979 12:28:1" ,334, 191);
INSERT INTO Exame( EventoID, Nome, Descricao) VALUES (1205,"cistoscopia","descricao");
INSERT INTO TecnicoExame( TecnicoID, ExameID) VALUES (1392,1205);
INSERT INTO Evento(EventoID,Descricao, Data, Admissao, Quarto) VALUES (1206, "descricao","7/1/1987 13:13:6" ,64, 240);
INSERT INTO Exame( EventoID, Nome, Descricao) VALUES (1206,"liquido sinovial","descricao");
INSERT INTO TecnicoExame( TecnicoID, ExameID) VALUES (9160,1206);
INSERT INTO Evento(EventoID,Descricao, Data, Admissao, Quarto) VALUES (1207, "descricao","24/8/1971 17:51:49" ,354, 236);
INSERT INTO Exame( EventoID, Nome, Descricao) VALUES (1207,"broncoscopia","descricao");
INSERT INTO TecnicoExame( TecnicoID, ExameID) VALUES (5568,1207);
INSERT INTO Evento(EventoID,Descricao, Data, Admissao, Quarto) VALUES (1208, "descricao","22/5/1990 21:32:45" ,499, 111);
INSERT INTO Exame( EventoID, Nome, Descricao) VALUES (1208,"toracoscopia","descricao");
INSERT INTO TecnicoExame( TecnicoID, ExameID) VALUES (5706,1208);
INSERT INTO Evento(EventoID,Descricao, Data, Admissao, Quarto) VALUES (1209, "descricao","26/2/1961 3:40:59" ,240, 175);
INSERT INTO Exame( EventoID, Nome, Descricao) VALUES (1209,"cistoscopia","descricao");
INSERT INTO TecnicoExame( TecnicoID, ExameID) VALUES (9837,1209);
INSERT INTO Evento(EventoID,Descricao, Data, Admissao, Quarto) VALUES (1210, "descricao","28/3/2019 11:5:14" ,356, 217);
INSERT INTO Exame( EventoID, Nome, Descricao) VALUES (1210,"laparoscopia","descricao");
INSERT INTO TecnicoExame( TecnicoID, ExameID) VALUES (3754,1210);

-- Medical Exam
INSERT INTO Evento(EventoID,Descricao, Data, Admissao, Quarto) VALUES (1211, "descricao","18/4/2010 4:22:30" ,89, 247);
INSERT INTO Exame( EventoID, Nome, Descricao) VALUES (1211,"cistoscopia","descricao");
INSERT INTO MedicoExame( MedicoID, ExameID) VALUES (9079,1211);
INSERT INTO Evento(EventoID,Descricao, Data, Admissao, Quarto) VALUES (1212, "descricao","7/3/2004 2:17:42" ,109, 181);
INSERT INTO Exame( EventoID, Nome, Descricao) VALUES (1212,"liquido sinovial","descricao");
INSERT INTO MedicoExame( MedicoID, ExameID) VALUES (6757,1212);
INSERT INTO Evento(EventoID,Descricao, Data, Admissao, Quarto) VALUES (1213, "descricao","18/4/1961 19:10:3" ,238, 245);
INSERT INTO Exame( EventoID, Nome, Descricao) VALUES (1213,"liquido sinovial","descricao");
INSERT INTO MedicoExame( MedicoID, ExameID) VALUES (2607,1213);
INSERT INTO Evento(EventoID,Descricao, Data, Admissao, Quarto) VALUES (1214, "descricao","7/7/2010 14:54:58" ,443, 193);
INSERT INTO Exame( EventoID, Nome, Descricao) VALUES (1214,"toracoscopia","descricao");
INSERT INTO MedicoExame( MedicoID, ExameID) VALUES (8157,1214);
INSERT INTO Evento(EventoID,Descricao, Data, Admissao, Quarto) VALUES (1215, "descricao","10/2/2011 3:44:51" ,430, 127);
INSERT INTO Exame( EventoID, Nome, Descricao) VALUES (1215,"esofagoscopia","descricao");
INSERT INTO MedicoExame( MedicoID, ExameID) VALUES (4282,1215);
INSERT INTO Evento(EventoID,Descricao, Data, Admissao, Quarto) VALUES (1216, "descricao","18/7/1999 19:44:12" ,55, 175);
INSERT INTO Exame( EventoID, Nome, Descricao) VALUES (1216,"liquido sinovial","descricao");
INSERT INTO MedicoExame( MedicoID, ExameID) VALUES (4282,1216);
INSERT INTO Evento(EventoID,Descricao, Data, Admissao, Quarto) VALUES (1217, "descricao","11/11/1972 11:28:8" ,36, 202);
INSERT INTO Exame( EventoID, Nome, Descricao) VALUES (1217,"Urina","descricao");
INSERT INTO MedicoExame( MedicoID, ExameID) VALUES (6041,1217);
INSERT INTO Evento(EventoID,Descricao, Data, Admissao, Quarto) VALUES (1218, "descricao","10/1/1977 19:34:12" ,219, 124);
INSERT INTO Exame( EventoID, Nome, Descricao) VALUES (1218,"laringoscopia","descricao");
INSERT INTO MedicoExame( MedicoID, ExameID) VALUES (2607,1218);
INSERT INTO Evento(EventoID,Descricao, Data, Admissao, Quarto) VALUES (1219, "descricao","24/1/2014 10:21:41" ,319, 231);
INSERT INTO Exame( EventoID, Nome, Descricao) VALUES (1219,"Sangue","descricao");
INSERT INTO MedicoExame( MedicoID, ExameID) VALUES (6675,1219);
INSERT INTO Evento(EventoID,Descricao, Data, Admissao, Quarto) VALUES (1220, "descricao","13/6/2019 8:28:46" ,46, 219);
INSERT INTO Exame( EventoID, Nome, Descricao) VALUES (1220,"toracoscopia","descricao");
INSERT INTO MedicoExame( MedicoID, ExameID) VALUES (8767,1220);
INSERT INTO Evento(EventoID,Descricao, Data, Admissao, Quarto) VALUES (1221, "descricao","4/10/1962 11:14:21" ,4, 178);
INSERT INTO Exame( EventoID, Nome, Descricao) VALUES (1221,"broncoscopia","descricao");
INSERT INTO MedicoExame( MedicoID, ExameID) VALUES (5324,1221);
INSERT INTO Evento(EventoID,Descricao, Data, Admissao, Quarto) VALUES (1222, "descricao","28/2/1982 0:55:39" ,262, 205);
INSERT INTO Exame( EventoID, Nome, Descricao) VALUES (1222,"laparoscopia","descricao");
INSERT INTO MedicoExame( MedicoID, ExameID) VALUES (9570,1222);
INSERT INTO Evento(EventoID,Descricao, Data, Admissao, Quarto) VALUES (1223, "descricao","2/2/2016 10:24:14" ,219, 107);
INSERT INTO Exame( EventoID, Nome, Descricao) VALUES (1223,"esofagoscopia","descricao");
INSERT INTO MedicoExame( MedicoID, ExameID) VALUES (6342,1223);
INSERT INTO Evento(EventoID,Descricao, Data, Admissao, Quarto) VALUES (1224, "descricao","26/8/2004 0:28:6" ,422, 119);
INSERT INTO Exame( EventoID, Nome, Descricao) VALUES (1224,"mediastinoscopia","descricao");
INSERT INTO MedicoExame( MedicoID, ExameID) VALUES (6342,1224);
INSERT INTO Evento(EventoID,Descricao, Data, Admissao, Quarto) VALUES (1225, "descricao","25/10/1970 22:25:7" ,450, 185);
INSERT INTO Exame( EventoID, Nome, Descricao) VALUES (1225,"Urina","descricao");
INSERT INTO MedicoExame( MedicoID, ExameID) VALUES (9079,1225);
INSERT INTO Evento(EventoID,Descricao, Data, Admissao, Quarto) VALUES (1226, "descricao","23/11/1969 9:3:15" ,18, 134);
INSERT INTO Exame( EventoID, Nome, Descricao) VALUES (1226,"toracoscopia","descricao");
INSERT INTO MedicoExame( MedicoID, ExameID) VALUES (6757,1226);
INSERT INTO Evento(EventoID,Descricao, Data, Admissao, Quarto) VALUES (1227, "descricao","25/8/2001 13:45:43" ,466, 138);
INSERT INTO Exame( EventoID, Nome, Descricao) VALUES (1227,"broncoscopia","descricao");
INSERT INTO MedicoExame( MedicoID, ExameID) VALUES (9570,1227);
INSERT INTO Evento(EventoID,Descricao, Data, Admissao, Quarto) VALUES (1228, "descricao","6/8/1987 12:1:17" ,451, 249);
INSERT INTO Exame( EventoID, Nome, Descricao) VALUES (1228,"Urina","descricao");
INSERT INTO MedicoExame( MedicoID, ExameID) VALUES (2970,1228);
INSERT INTO Evento(EventoID,Descricao, Data, Admissao, Quarto) VALUES (1229, "descricao","24/2/2016 4:14:57" ,296, 102);
INSERT INTO Exame( EventoID, Nome, Descricao) VALUES (1229,"liquido sinovial","descricao");
INSERT INTO MedicoExame( MedicoID, ExameID) VALUES (8577,1229);
INSERT INTO Evento(EventoID,Descricao, Data, Admissao, Quarto) VALUES (1230, "descricao","26/10/1996 16:26:43" ,188, 162);
INSERT INTO Exame( EventoID, Nome, Descricao) VALUES (1230,"liquido cefalorraquidiano","descricao");
INSERT INTO MedicoExame( MedicoID, ExameID) VALUES (6467,1230);
INSERT INTO Evento(EventoID,Descricao, Data, Admissao, Quarto) VALUES (1231, "descricao","26/3/1969 21:2:15" ,288, 123);
INSERT INTO Exame( EventoID, Nome, Descricao) VALUES (1231,"broncoscopia","descricao");
INSERT INTO MedicoExame( MedicoID, ExameID) VALUES (1819,1231);
INSERT INTO Evento(EventoID,Descricao, Data, Admissao, Quarto) VALUES (1232, "descricao","16/6/1962 16:18:46" ,482, 224);
INSERT INTO Exame( EventoID, Nome, Descricao) VALUES (1232,"cistoscopia","descricao");
INSERT INTO MedicoExame( MedicoID, ExameID) VALUES (9075,1232);
INSERT INTO Evento(EventoID,Descricao, Data, Admissao, Quarto) VALUES (1233, "descricao","26/12/1972 4:14:27" ,433, 237);
INSERT INTO Exame( EventoID, Nome, Descricao) VALUES (1233,"liquido cefalorraquidiano","descricao");
INSERT INTO MedicoExame( MedicoID, ExameID) VALUES (8157,1233);
INSERT INTO Evento(EventoID,Descricao, Data, Admissao, Quarto) VALUES (1234, "descricao","22/7/2014 12:35:46" ,210, 176);
INSERT INTO Exame( EventoID, Nome, Descricao) VALUES (1234,"toracoscopia","descricao");
INSERT INTO MedicoExame( MedicoID, ExameID) VALUES (9570,1234);
INSERT INTO Evento(EventoID,Descricao, Data, Admissao, Quarto) VALUES (1235, "descricao","21/6/1968 17:42:19" ,111, 168);
INSERT INTO Exame( EventoID, Nome, Descricao) VALUES (1235,"mediastinoscopia","descricao");
INSERT INTO MedicoExame( MedicoID, ExameID) VALUES (2198,1235);
INSERT INTO Evento(EventoID,Descricao, Data, Admissao, Quarto) VALUES (1236, "descricao","17/4/1978 19:40:43" ,154, 127);
INSERT INTO Exame( EventoID, Nome, Descricao) VALUES (1236,"toracoscopia","descricao");
INSERT INTO MedicoExame( MedicoID, ExameID) VALUES (6041,1236);
INSERT INTO Evento(EventoID,Descricao, Data, Admissao, Quarto) VALUES (1237, "descricao","4/6/2000 8:30:55" ,483, 167);
INSERT INTO Exame( EventoID, Nome, Descricao) VALUES (1237,"cistoscopia","descricao");
INSERT INTO MedicoExame( MedicoID, ExameID) VALUES (8015,1237);
INSERT INTO Evento(EventoID,Descricao, Data, Admissao, Quarto) VALUES (1238, "descricao","1/9/1988 13:54:4" ,62, 125);
INSERT INTO Exame( EventoID, Nome, Descricao) VALUES (1238,"laringoscopia","descricao");
INSERT INTO MedicoExame( MedicoID, ExameID) VALUES (1315,1238);
INSERT INTO Evento(EventoID,Descricao, Data, Admissao, Quarto) VALUES (1239, "descricao","19/7/2019 12:29:2" ,487, 202);
INSERT INTO Exame( EventoID, Nome, Descricao) VALUES (1239,"liquido cefalorraquidiano","descricao");
INSERT INTO MedicoExame( MedicoID, ExameID) VALUES (4930,1239);
INSERT INTO Evento(EventoID,Descricao, Data, Admissao, Quarto) VALUES (1240, "descricao","19/9/2005 3:56:59" ,287, 210);
INSERT INTO Exame( EventoID, Nome, Descricao) VALUES (1240,"broncoscopia","descricao");
INSERT INTO MedicoExame( MedicoID, ExameID) VALUES (2966,1240);
INSERT INTO Evento(EventoID,Descricao, Data, Admissao, Quarto) VALUES (1241, "descricao","5/2/1981 3:38:7" ,328, 123);
INSERT INTO Exame( EventoID, Nome, Descricao) VALUES (1241,"broncoscopia","descricao");
INSERT INTO MedicoExame( MedicoID, ExameID) VALUES (6757,1241);
INSERT INTO Evento(EventoID,Descricao, Data, Admissao, Quarto) VALUES (1242, "descricao","22/3/1971 12:8:12" ,435, 135);
INSERT INTO Exame( EventoID, Nome, Descricao) VALUES (1242,"mediastinoscopia","descricao");
INSERT INTO MedicoExame( MedicoID, ExameID) VALUES (7701,1242);
INSERT INTO Evento(EventoID,Descricao, Data, Admissao, Quarto) VALUES (1243, "descricao","3/3/1990 11:34:3" ,137, 238);
INSERT INTO Exame( EventoID, Nome, Descricao) VALUES (1243,"laringoscopia","descricao");
INSERT INTO MedicoExame( MedicoID, ExameID) VALUES (8577,1243);
INSERT INTO Evento(EventoID,Descricao, Data, Admissao, Quarto) VALUES (1244, "descricao","5/9/1975 8:12:0" ,103, 158);
INSERT INTO Exame( EventoID, Nome, Descricao) VALUES (1244,"cistoscopia","descricao");
INSERT INTO MedicoExame( MedicoID, ExameID) VALUES (1315,1244);
INSERT INTO Evento(EventoID,Descricao, Data, Admissao, Quarto) VALUES (1245, "descricao","10/7/2000 4:42:32" ,140, 109);
INSERT INTO Exame( EventoID, Nome, Descricao) VALUES (1245,"liquido sinovial","descricao");
INSERT INTO MedicoExame( MedicoID, ExameID) VALUES (1819,1245);
INSERT INTO Evento(EventoID,Descricao, Data, Admissao, Quarto) VALUES (1246, "descricao","9/11/1994 17:55:2" ,463, 208);
INSERT INTO Exame( EventoID, Nome, Descricao) VALUES (1246,"Urina","descricao");
INSERT INTO MedicoExame( MedicoID, ExameID) VALUES (8015,1246);
INSERT INTO Evento(EventoID,Descricao, Data, Admissao, Quarto) VALUES (1247, "descricao","23/10/1980 12:5:41" ,332, 106);
INSERT INTO Exame( EventoID, Nome, Descricao) VALUES (1247,"Urina","descricao");
INSERT INTO MedicoExame( MedicoID, ExameID) VALUES (4832,1247);
INSERT INTO Evento(EventoID,Descricao, Data, Admissao, Quarto) VALUES (1248, "descricao","3/2/1984 4:45:46" ,439, 195);
INSERT INTO Exame( EventoID, Nome, Descricao) VALUES (1248,"mediastinoscopia","descricao");
INSERT INTO MedicoExame( MedicoID, ExameID) VALUES (9289,1248);
INSERT INTO Evento(EventoID,Descricao, Data, Admissao, Quarto) VALUES (1249, "descricao","2/10/2003 4:53:39" ,240, 176);
INSERT INTO Exame( EventoID, Nome, Descricao) VALUES (1249,"toracoscopia","descricao");
INSERT INTO MedicoExame( MedicoID, ExameID) VALUES (9132,1249);
INSERT INTO Evento(EventoID,Descricao, Data, Admissao, Quarto) VALUES (1250, "descricao","14/10/2012 15:0:14" ,431, 180);
INSERT INTO Exame( EventoID, Nome, Descricao) VALUES (1250,"laparoscopia","descricao");
INSERT INTO MedicoExame( MedicoID, ExameID) VALUES (8767,1250);
INSERT INTO Evento(EventoID,Descricao, Data, Admissao, Quarto) VALUES (1251, "descricao","27/6/1977 16:25:43" ,294, 164);
INSERT INTO Exame( EventoID, Nome, Descricao) VALUES (1251,"laringoscopia","descricao");
INSERT INTO MedicoExame( MedicoID, ExameID) VALUES (3687,1251);
INSERT INTO Evento(EventoID,Descricao, Data, Admissao, Quarto) VALUES (1252, "descricao","9/6/1986 12:27:39" ,54, 244);
INSERT INTO Exame( EventoID, Nome, Descricao) VALUES (1252,"laringoscopia","descricao");
INSERT INTO MedicoExame( MedicoID, ExameID) VALUES (1315,1252);
INSERT INTO Evento(EventoID,Descricao, Data, Admissao, Quarto) VALUES (1253, "descricao","24/8/1962 23:19:44" ,440, 184);
INSERT INTO Exame( EventoID, Nome, Descricao) VALUES (1253,"laringoscopia","descricao");
INSERT INTO MedicoExame( MedicoID, ExameID) VALUES (8577,1253);
INSERT INTO Evento(EventoID,Descricao, Data, Admissao, Quarto) VALUES (1254, "descricao","2/5/2000 17:53:57" ,140, 246);
INSERT INTO Exame( EventoID, Nome, Descricao) VALUES (1254,"laparoscopia","descricao");
INSERT INTO MedicoExame( MedicoID, ExameID) VALUES (2607,1254);
INSERT INTO Evento(EventoID,Descricao, Data, Admissao, Quarto) VALUES (1255, "descricao","11/4/1979 20:54:29" ,237, 169);
INSERT INTO Exame( EventoID, Nome, Descricao) VALUES (1255,"mediastinoscopia","descricao");
INSERT INTO MedicoExame( MedicoID, ExameID) VALUES (9570,1255);
INSERT INTO Evento(EventoID,Descricao, Data, Admissao, Quarto) VALUES (1256, "descricao","27/7/2016 20:13:0" ,199, 241);
INSERT INTO Exame( EventoID, Nome, Descricao) VALUES (1256,"liquido cefalorraquidiano","descricao");
INSERT INTO MedicoExame( MedicoID, ExameID) VALUES (6467,1256);
INSERT INTO Evento(EventoID,Descricao, Data, Admissao, Quarto) VALUES (1257, "descricao","2/8/1989 9:33:14" ,480, 141);
INSERT INTO Exame( EventoID, Nome, Descricao) VALUES (1257,"cistoscopia","descricao");
INSERT INTO MedicoExame( MedicoID, ExameID) VALUES (4832,1257);
INSERT INTO Evento(EventoID,Descricao, Data, Admissao, Quarto) VALUES (1258, "descricao","2/4/1985 14:16:6" ,301, 214);
INSERT INTO Exame( EventoID, Nome, Descricao) VALUES (1258,"broncoscopia","descricao");
INSERT INTO MedicoExame( MedicoID, ExameID) VALUES (8577,1258);
INSERT INTO Evento(EventoID,Descricao, Data, Admissao, Quarto) VALUES (1259, "descricao","16/5/2017 5:8:46" ,312, 233);
INSERT INTO Exame( EventoID, Nome, Descricao) VALUES (1259,"esofagoscopia","descricao");
INSERT INTO MedicoExame( MedicoID, ExameID) VALUES (8157,1259);
INSERT INTO Evento(EventoID,Descricao, Data, Admissao, Quarto) VALUES (1260, "descricao","13/2/2009 18:42:33" ,165, 101);
INSERT INTO Exame( EventoID, Nome, Descricao) VALUES (1260,"laparoscopia","descricao");
INSERT INTO MedicoExame( MedicoID, ExameID) VALUES (1819,1260);
INSERT INTO Evento(EventoID,Descricao, Data, Admissao, Quarto) VALUES (1261, "descricao","19/3/2010 18:26:48" ,466, 139);
INSERT INTO Exame( EventoID, Nome, Descricao) VALUES (1261,"Sangue","descricao");
INSERT INTO MedicoExame( MedicoID, ExameID) VALUES (6757,1261);
INSERT INTO Evento(EventoID,Descricao, Data, Admissao, Quarto) VALUES (1262, "descricao","1/9/1981 12:23:20" ,66, 206);
INSERT INTO Exame( EventoID, Nome, Descricao) VALUES (1262,"laringoscopia","descricao");
INSERT INTO MedicoExame( MedicoID, ExameID) VALUES (4282,1262);
INSERT INTO Evento(EventoID,Descricao, Data, Admissao, Quarto) VALUES (1263, "descricao","5/11/1992 3:42:42" ,199, 184);
INSERT INTO Exame( EventoID, Nome, Descricao) VALUES (1263,"cistoscopia","descricao");
INSERT INTO MedicoExame( MedicoID, ExameID) VALUES (1166,1263);
INSERT INTO Evento(EventoID,Descricao, Data, Admissao, Quarto) VALUES (1264, "descricao","14/10/1998 17:11:35" ,192, 244);
INSERT INTO Exame( EventoID, Nome, Descricao) VALUES (1264,"laparoscopia","descricao");
INSERT INTO MedicoExame( MedicoID, ExameID) VALUES (8015,1264);
INSERT INTO Evento(EventoID,Descricao, Data, Admissao, Quarto) VALUES (1265, "descricao","21/4/1990 4:23:53" ,217, 242);
INSERT INTO Exame( EventoID, Nome, Descricao) VALUES (1265,"cistoscopia","descricao");
INSERT INTO MedicoExame( MedicoID, ExameID) VALUES (2336,1265);
INSERT INTO Evento(EventoID,Descricao, Data, Admissao, Quarto) VALUES (1266, "descricao","7/11/2001 3:36:13" ,129, 204);
INSERT INTO Exame( EventoID, Nome, Descricao) VALUES (1266,"esofagoscopia","descricao");
INSERT INTO MedicoExame( MedicoID, ExameID) VALUES (6041,1266);
INSERT INTO Evento(EventoID,Descricao, Data, Admissao, Quarto) VALUES (1267, "descricao","23/2/1997 5:51:41" ,396, 135);
INSERT INTO Exame( EventoID, Nome, Descricao) VALUES (1267,"cistoscopia","descricao");
INSERT INTO MedicoExame( MedicoID, ExameID) VALUES (2255,1267);
INSERT INTO Evento(EventoID,Descricao, Data, Admissao, Quarto) VALUES (1268, "descricao","1/8/1981 10:26:40" ,34, 189);
INSERT INTO Exame( EventoID, Nome, Descricao) VALUES (1268,"laparoscopia","descricao");
INSERT INTO MedicoExame( MedicoID, ExameID) VALUES (4282,1268);
INSERT INTO Evento(EventoID,Descricao, Data, Admissao, Quarto) VALUES (1269, "descricao","4/12/2014 16:34:17" ,114, 185);
INSERT INTO Exame( EventoID, Nome, Descricao) VALUES (1269,"esofagoscopia","descricao");
INSERT INTO MedicoExame( MedicoID, ExameID) VALUES (1315,1269);
INSERT INTO Evento(EventoID,Descricao, Data, Admissao, Quarto) VALUES (1270, "descricao","6/3/1991 21:10:19" ,395, 161);
INSERT INTO Exame( EventoID, Nome, Descricao) VALUES (1270,"cistoscopia","descricao");
INSERT INTO MedicoExame( MedicoID, ExameID) VALUES (1298,1270);
INSERT INTO Evento(EventoID,Descricao, Data, Admissao, Quarto) VALUES (1271, "descricao","6/2/1967 16:26:6" ,313, 170);
INSERT INTO Exame( EventoID, Nome, Descricao) VALUES (1271,"broncoscopia","descricao");
INSERT INTO MedicoExame( MedicoID, ExameID) VALUES (1298,1271);
INSERT INTO Evento(EventoID,Descricao, Data, Admissao, Quarto) VALUES (1272, "descricao","21/1/1976 9:41:1" ,295, 111);
INSERT INTO Exame( EventoID, Nome, Descricao) VALUES (1272,"liquido sinovial","descricao");
INSERT INTO MedicoExame( MedicoID, ExameID) VALUES (2255,1272);
INSERT INTO Evento(EventoID,Descricao, Data, Admissao, Quarto) VALUES (1273, "descricao","17/4/1976 16:33:32" ,432, 180);
INSERT INTO Exame( EventoID, Nome, Descricao) VALUES (1273,"mediastinoscopia","descricao");
INSERT INTO MedicoExame( MedicoID, ExameID) VALUES (6281,1273);
INSERT INTO Evento(EventoID,Descricao, Data, Admissao, Quarto) VALUES (1274, "descricao","5/3/1981 2:4:26" ,36, 197);
INSERT INTO Exame( EventoID, Nome, Descricao) VALUES (1274,"esofagoscopia","descricao");
INSERT INTO MedicoExame( MedicoID, ExameID) VALUES (7701,1274);
INSERT INTO Evento(EventoID,Descricao, Data, Admissao, Quarto) VALUES (1275, "descricao","25/3/1983 17:35:43" ,174, 179);
INSERT INTO Exame( EventoID, Nome, Descricao) VALUES (1275,"toracoscopia","descricao");
INSERT INTO MedicoExame( MedicoID, ExameID) VALUES (2198,1275);
INSERT INTO Evento(EventoID,Descricao, Data, Admissao, Quarto) VALUES (1276, "descricao","21/8/1977 17:16:14" ,194, 152);
INSERT INTO Exame( EventoID, Nome, Descricao) VALUES (1276,"liquido cefalorraquidiano","descricao");
INSERT INTO MedicoExame( MedicoID, ExameID) VALUES (6467,1276);
INSERT INTO Evento(EventoID,Descricao, Data, Admissao, Quarto) VALUES (1277, "descricao","17/4/1996 18:30:2" ,166, 148);
INSERT INTO Exame( EventoID, Nome, Descricao) VALUES (1277,"laparoscopia","descricao");
INSERT INTO MedicoExame( MedicoID, ExameID) VALUES (2970,1277);
INSERT INTO Evento(EventoID,Descricao, Data, Admissao, Quarto) VALUES (1278, "descricao","18/11/1993 21:48:44" ,241, 239);
INSERT INTO Exame( EventoID, Nome, Descricao) VALUES (1278,"laparoscopia","descricao");
INSERT INTO MedicoExame( MedicoID, ExameID) VALUES (8157,1278);
INSERT INTO Evento(EventoID,Descricao, Data, Admissao, Quarto) VALUES (1279, "descricao","8/1/1975 21:45:54" ,153, 210);
INSERT INTO Exame( EventoID, Nome, Descricao) VALUES (1279,"liquido cefalorraquidiano","descricao");
INSERT INTO MedicoExame( MedicoID, ExameID) VALUES (4930,1279);
INSERT INTO Evento(EventoID,Descricao, Data, Admissao, Quarto) VALUES (1280, "descricao","21/5/2019 7:23:25" ,478, 180);
INSERT INTO Exame( EventoID, Nome, Descricao) VALUES (1280,"broncoscopia","descricao");
INSERT INTO MedicoExame( MedicoID, ExameID) VALUES (1166,1280);
INSERT INTO Evento(EventoID,Descricao, Data, Admissao, Quarto) VALUES (1281, "descricao","6/6/2008 20:58:49" ,65, 170);
INSERT INTO Exame( EventoID, Nome, Descricao) VALUES (1281,"toracoscopia","descricao");
INSERT INTO MedicoExame( MedicoID, ExameID) VALUES (1166,1281);
INSERT INTO Evento(EventoID,Descricao, Data, Admissao, Quarto) VALUES (1282, "descricao","16/4/1971 3:11:9" ,466, 191);
INSERT INTO Exame( EventoID, Nome, Descricao) VALUES (1282,"laringoscopia","descricao");
INSERT INTO MedicoExame( MedicoID, ExameID) VALUES (9570,1282);
INSERT INTO Evento(EventoID,Descricao, Data, Admissao, Quarto) VALUES (1283, "descricao","16/11/2013 9:38:58" ,335, 223);
INSERT INTO Exame( EventoID, Nome, Descricao) VALUES (1283,"cistoscopia","descricao");
INSERT INTO MedicoExame( MedicoID, ExameID) VALUES (6281,1283);
INSERT INTO Evento(EventoID,Descricao, Data, Admissao, Quarto) VALUES (1284, "descricao","16/2/1987 11:53:33" ,148, 192);
INSERT INTO Exame( EventoID, Nome, Descricao) VALUES (1284,"laparoscopia","descricao");
INSERT INTO MedicoExame( MedicoID, ExameID) VALUES (2198,1284);
INSERT INTO Evento(EventoID,Descricao, Data, Admissao, Quarto) VALUES (1285, "descricao","11/7/2006 19:58:9" ,134, 198);
INSERT INTO Exame( EventoID, Nome, Descricao) VALUES (1285,"toracoscopia","descricao");
INSERT INTO MedicoExame( MedicoID, ExameID) VALUES (6675,1285);
INSERT INTO Evento(EventoID,Descricao, Data, Admissao, Quarto) VALUES (1286, "descricao","18/6/1969 22:25:4" ,482, 131);
INSERT INTO Exame( EventoID, Nome, Descricao) VALUES (1286,"laringoscopia","descricao");
INSERT INTO MedicoExame( MedicoID, ExameID) VALUES (2970,1286);
INSERT INTO Evento(EventoID,Descricao, Data, Admissao, Quarto) VALUES (1287, "descricao","25/3/1994 11:40:6" ,8, 134);
INSERT INTO Exame( EventoID, Nome, Descricao) VALUES (1287,"broncoscopia","descricao");
INSERT INTO MedicoExame( MedicoID, ExameID) VALUES (9132,1287);
INSERT INTO Evento(EventoID,Descricao, Data, Admissao, Quarto) VALUES (1288, "descricao","6/2/2002 8:13:54" ,463, 111);
INSERT INTO Exame( EventoID, Nome, Descricao) VALUES (1288,"liquido cefalorraquidiano","descricao");
INSERT INTO MedicoExame( MedicoID, ExameID) VALUES (8767,1288);
INSERT INTO Evento(EventoID,Descricao, Data, Admissao, Quarto) VALUES (1289, "descricao","24/8/1992 14:44:32" ,182, 220);
INSERT INTO Exame( EventoID, Nome, Descricao) VALUES (1289,"toracoscopia","descricao");
INSERT INTO MedicoExame( MedicoID, ExameID) VALUES (1315,1289);
INSERT INTO Evento(EventoID,Descricao, Data, Admissao, Quarto) VALUES (1290, "descricao","18/3/1966 5:50:33" ,391, 249);
INSERT INTO Exame( EventoID, Nome, Descricao) VALUES (1290,"mediastinoscopia","descricao");
INSERT INTO MedicoExame( MedicoID, ExameID) VALUES (2769,1290);
INSERT INTO Evento(EventoID,Descricao, Data, Admissao, Quarto) VALUES (1291, "descricao","5/1/1972 6:44:39" ,494, 172);
INSERT INTO Exame( EventoID, Nome, Descricao) VALUES (1291,"esofagoscopia","descricao");
INSERT INTO MedicoExame( MedicoID, ExameID) VALUES (1877,1291);
INSERT INTO Evento(EventoID,Descricao, Data, Admissao, Quarto) VALUES (1292, "descricao","9/10/1974 17:12:33" ,101, 110);
INSERT INTO Exame( EventoID, Nome, Descricao) VALUES (1292,"broncoscopia","descricao");
INSERT INTO MedicoExame( MedicoID, ExameID) VALUES (1315,1292);
INSERT INTO Evento(EventoID,Descricao, Data, Admissao, Quarto) VALUES (1293, "descricao","20/7/1988 0:19:27" ,473, 249);
INSERT INTO Exame( EventoID, Nome, Descricao) VALUES (1293,"cistoscopia","descricao");
INSERT INTO MedicoExame( MedicoID, ExameID) VALUES (3687,1293);
INSERT INTO Evento(EventoID,Descricao, Data, Admissao, Quarto) VALUES (1294, "descricao","9/11/1998 3:57:5" ,452, 229);
INSERT INTO Exame( EventoID, Nome, Descricao) VALUES (1294,"broncoscopia","descricao");
INSERT INTO MedicoExame( MedicoID, ExameID) VALUES (5894,1294);
INSERT INTO Evento(EventoID,Descricao, Data, Admissao, Quarto) VALUES (1295, "descricao","28/7/1997 21:6:21" ,379, 130);
INSERT INTO Exame( EventoID, Nome, Descricao) VALUES (1295,"toracoscopia","descricao");
INSERT INTO MedicoExame( MedicoID, ExameID) VALUES (6675,1295);
INSERT INTO Evento(EventoID,Descricao, Data, Admissao, Quarto) VALUES (1296, "descricao","10/2/2007 13:48:5" ,197, 176);
INSERT INTO Exame( EventoID, Nome, Descricao) VALUES (1296,"mediastinoscopia","descricao");
INSERT INTO MedicoExame( MedicoID, ExameID) VALUES (2198,1296);
INSERT INTO Evento(EventoID,Descricao, Data, Admissao, Quarto) VALUES (1297, "descricao","24/11/2018 1:38:19" ,351, 158);
INSERT INTO Exame( EventoID, Nome, Descricao) VALUES (1297,"mediastinoscopia","descricao");
INSERT INTO MedicoExame( MedicoID, ExameID) VALUES (1819,1297);
INSERT INTO Evento(EventoID,Descricao, Data, Admissao, Quarto) VALUES (1298, "descricao","3/7/2015 6:11:40" ,119, 147);
INSERT INTO Exame( EventoID, Nome, Descricao) VALUES (1298,"mediastinoscopia","descricao");
INSERT INTO MedicoExame( MedicoID, ExameID) VALUES (2970,1298);
INSERT INTO Evento(EventoID,Descricao, Data, Admissao, Quarto) VALUES (1299, "descricao","23/8/1972 14:56:51" ,240, 204);
INSERT INTO Exame( EventoID, Nome, Descricao) VALUES (1299,"Urina","descricao");
INSERT INTO MedicoExame( MedicoID, ExameID) VALUES (9570,1299);
INSERT INTO Evento(EventoID,Descricao, Data, Admissao, Quarto) VALUES (1300, "descricao","19/3/1992 20:8:31" ,93, 124);
INSERT INTO Exame( EventoID, Nome, Descricao) VALUES (1300,"liquido cefalorraquidiano","descricao");
INSERT INTO MedicoExame( MedicoID, ExameID) VALUES (6467,1300);
INSERT INTO Evento(EventoID,Descricao, Data, Admissao, Quarto) VALUES (1301, "descricao","14/7/1979 10:49:56" ,451, 237);
INSERT INTO Exame( EventoID, Nome, Descricao) VALUES (1301,"mediastinoscopia","descricao");
INSERT INTO MedicoExame( MedicoID, ExameID) VALUES (9075,1301);
INSERT INTO Evento(EventoID,Descricao, Data, Admissao, Quarto) VALUES (1302, "descricao","13/10/1975 18:1:39" ,94, 143);
INSERT INTO Exame( EventoID, Nome, Descricao) VALUES (1302,"laringoscopia","descricao");
INSERT INTO MedicoExame( MedicoID, ExameID) VALUES (6675,1302);
INSERT INTO Evento(EventoID,Descricao, Data, Admissao, Quarto) VALUES (1303, "descricao","4/12/1987 18:50:33" ,445, 240);
INSERT INTO Exame( EventoID, Nome, Descricao) VALUES (1303,"mediastinoscopia","descricao");
INSERT INTO MedicoExame( MedicoID, ExameID) VALUES (9570,1303);
INSERT INTO Evento(EventoID,Descricao, Data, Admissao, Quarto) VALUES (1304, "descricao","13/7/2011 10:24:40" ,261, 196);
INSERT INTO Exame( EventoID, Nome, Descricao) VALUES (1304,"toracoscopia","descricao");
INSERT INTO MedicoExame( MedicoID, ExameID) VALUES (8015,1304);
INSERT INTO Evento(EventoID,Descricao, Data, Admissao, Quarto) VALUES (1305, "descricao","20/6/1999 19:26:18" ,422, 139);
INSERT INTO Exame( EventoID, Nome, Descricao) VALUES (1305,"toracoscopia","descricao");
INSERT INTO MedicoExame( MedicoID, ExameID) VALUES (2923,1305);
INSERT INTO Evento(EventoID,Descricao, Data, Admissao, Quarto) VALUES (1306, "descricao","23/10/1999 19:46:21" ,2, 200);
INSERT INTO Exame( EventoID, Nome, Descricao) VALUES (1306,"cistoscopia","descricao");
INSERT INTO MedicoExame( MedicoID, ExameID) VALUES (1877,1306);
INSERT INTO Evento(EventoID,Descricao, Data, Admissao, Quarto) VALUES (1307, "descricao","28/5/1960 18:56:56" ,318, 114);
INSERT INTO Exame( EventoID, Nome, Descricao) VALUES (1307,"laparoscopia","descricao");
INSERT INTO MedicoExame( MedicoID, ExameID) VALUES (1166,1307);
INSERT INTO Evento(EventoID,Descricao, Data, Admissao, Quarto) VALUES (1308, "descricao","14/7/1987 14:30:31" ,396, 138);
INSERT INTO Exame( EventoID, Nome, Descricao) VALUES (1308,"Sangue","descricao");
INSERT INTO MedicoExame( MedicoID, ExameID) VALUES (6675,1308);
INSERT INTO Evento(EventoID,Descricao, Data, Admissao, Quarto) VALUES (1309, "descricao","6/4/1969 5:58:12" ,348, 203);
INSERT INTO Exame( EventoID, Nome, Descricao) VALUES (1309,"liquido cefalorraquidiano","descricao");
INSERT INTO MedicoExame( MedicoID, ExameID) VALUES (9079,1309);
INSERT INTO Evento(EventoID,Descricao, Data, Admissao, Quarto) VALUES (1310, "descricao","18/10/2006 3:38:31" ,105, 165);
INSERT INTO Exame( EventoID, Nome, Descricao) VALUES (1310,"laringoscopia","descricao");
INSERT INTO MedicoExame( MedicoID, ExameID) VALUES (4930,1310);
INSERT INTO Evento(EventoID,Descricao, Data, Admissao, Quarto) VALUES (1311, "descricao","18/7/2005 10:35:47" ,311, 177);
INSERT INTO Exame( EventoID, Nome, Descricao) VALUES (1311,"laparoscopia","descricao");
INSERT INTO MedicoExame( MedicoID, ExameID) VALUES (4930,1311);
INSERT INTO Evento(EventoID,Descricao, Data, Admissao, Quarto) VALUES (1312, "descricao","12/7/2014 4:8:32" ,38, 162);
INSERT INTO Exame( EventoID, Nome, Descricao) VALUES (1312,"broncoscopia","descricao");
INSERT INTO MedicoExame( MedicoID, ExameID) VALUES (8015,1312);
INSERT INTO Evento(EventoID,Descricao, Data, Admissao, Quarto) VALUES (1313, "descricao","25/4/1960 18:38:58" ,382, 134);
INSERT INTO Exame( EventoID, Nome, Descricao) VALUES (1313,"toracoscopia","descricao");
INSERT INTO MedicoExame( MedicoID, ExameID) VALUES (4917,1313);
INSERT INTO Evento(EventoID,Descricao, Data, Admissao, Quarto) VALUES (1314, "descricao","22/9/1962 22:48:22" ,440, 247);
INSERT INTO Exame( EventoID, Nome, Descricao) VALUES (1314,"liquido cefalorraquidiano","descricao");
INSERT INTO MedicoExame( MedicoID, ExameID) VALUES (8767,1314);
INSERT INTO Evento(EventoID,Descricao, Data, Admissao, Quarto) VALUES (1315, "descricao","11/5/1968 19:0:20" ,268, 106);
INSERT INTO Exame( EventoID, Nome, Descricao) VALUES (1315,"toracoscopia","descricao");
INSERT INTO MedicoExame( MedicoID, ExameID) VALUES (3833,1315);
INSERT INTO Evento(EventoID,Descricao, Data, Admissao, Quarto) VALUES (1316, "descricao","15/9/1981 2:34:35" ,216, 145);
INSERT INTO Exame( EventoID, Nome, Descricao) VALUES (1316,"laringoscopia","descricao");
INSERT INTO MedicoExame( MedicoID, ExameID) VALUES (2607,1316);
INSERT INTO Evento(EventoID,Descricao, Data, Admissao, Quarto) VALUES (1317, "descricao","11/5/1961 0:16:26" ,36, 147);
INSERT INTO Exame( EventoID, Nome, Descricao) VALUES (1317,"mediastinoscopia","descricao");
INSERT INTO MedicoExame( MedicoID, ExameID) VALUES (2923,1317);
INSERT INTO Evento(EventoID,Descricao, Data, Admissao, Quarto) VALUES (1318, "descricao","25/8/1979 5:1:11" ,411, 214);
INSERT INTO Exame( EventoID, Nome, Descricao) VALUES (1318,"cistoscopia","descricao");
INSERT INTO MedicoExame( MedicoID, ExameID) VALUES (1819,1318);
INSERT INTO Evento(EventoID,Descricao, Data, Admissao, Quarto) VALUES (1319, "descricao","16/5/2010 10:58:37" ,351, 161);
INSERT INTO Exame( EventoID, Nome, Descricao) VALUES (1319,"esofagoscopia","descricao");
INSERT INTO MedicoExame( MedicoID, ExameID) VALUES (5024,1319);
INSERT INTO Evento(EventoID,Descricao, Data, Admissao, Quarto) VALUES (1320, "descricao","28/1/2001 11:19:12" ,471, 107);
INSERT INTO Exame( EventoID, Nome, Descricao) VALUES (1320,"cistoscopia","descricao");
INSERT INTO MedicoExame( MedicoID, ExameID) VALUES (5894,1320);
INSERT INTO Evento(EventoID,Descricao, Data, Admissao, Quarto) VALUES (1321, "descricao","22/7/1962 18:0:52" ,47, 226);
INSERT INTO Exame( EventoID, Nome, Descricao) VALUES (1321,"Sangue","descricao");
INSERT INTO MedicoExame( MedicoID, ExameID) VALUES (2607,1321);
INSERT INTO Evento(EventoID,Descricao, Data, Admissao, Quarto) VALUES (1322, "descricao","16/5/2000 10:13:52" ,474, 194);
INSERT INTO Exame( EventoID, Nome, Descricao) VALUES (1322,"mediastinoscopia","descricao");
INSERT INTO MedicoExame( MedicoID, ExameID) VALUES (3687,1322);
INSERT INTO Evento(EventoID,Descricao, Data, Admissao, Quarto) VALUES (1323, "descricao","13/9/1996 1:26:33" ,311, 118);
INSERT INTO Exame( EventoID, Nome, Descricao) VALUES (1323,"broncoscopia","descricao");
INSERT INTO MedicoExame( MedicoID, ExameID) VALUES (8183,1323);
INSERT INTO Evento(EventoID,Descricao, Data, Admissao, Quarto) VALUES (1324, "descricao","28/1/1969 1:16:24" ,65, 106);
INSERT INTO Exame( EventoID, Nome, Descricao) VALUES (1324,"mediastinoscopia","descricao");
INSERT INTO MedicoExame( MedicoID, ExameID) VALUES (8015,1324);
INSERT INTO Evento(EventoID,Descricao, Data, Admissao, Quarto) VALUES (1325, "descricao","26/1/2004 18:55:20" ,420, 134);
INSERT INTO Exame( EventoID, Nome, Descricao) VALUES (1325,"mediastinoscopia","descricao");
INSERT INTO MedicoExame( MedicoID, ExameID) VALUES (6281,1325);
INSERT INTO Evento(EventoID,Descricao, Data, Admissao, Quarto) VALUES (1326, "descricao","23/1/2005 18:19:39" ,378, 220);
INSERT INTO Exame( EventoID, Nome, Descricao) VALUES (1326,"laringoscopia","descricao");
INSERT INTO MedicoExame( MedicoID, ExameID) VALUES (2198,1326);
INSERT INTO Evento(EventoID,Descricao, Data, Admissao, Quarto) VALUES (1327, "descricao","19/8/1962 17:44:30" ,126, 181);
INSERT INTO Exame( EventoID, Nome, Descricao) VALUES (1327,"mediastinoscopia","descricao");
INSERT INTO MedicoExame( MedicoID, ExameID) VALUES (3833,1327);
INSERT INTO Evento(EventoID,Descricao, Data, Admissao, Quarto) VALUES (1328, "descricao","25/1/2015 13:47:39" ,401, 241);
INSERT INTO Exame( EventoID, Nome, Descricao) VALUES (1328,"Urina","descricao");
INSERT INTO MedicoExame( MedicoID, ExameID) VALUES (5324,1328);
INSERT INTO Evento(EventoID,Descricao, Data, Admissao, Quarto) VALUES (1329, "descricao","20/12/1982 22:5:57" ,447, 146);
INSERT INTO Exame( EventoID, Nome, Descricao) VALUES (1329,"esofagoscopia","descricao");
INSERT INTO MedicoExame( MedicoID, ExameID) VALUES (3687,1329);
INSERT INTO Evento(EventoID,Descricao, Data, Admissao, Quarto) VALUES (1330, "descricao","9/2/1964 18:4:17" ,115, 158);
INSERT INTO Exame( EventoID, Nome, Descricao) VALUES (1330,"laringoscopia","descricao");
INSERT INTO MedicoExame( MedicoID, ExameID) VALUES (1315,1330);
INSERT INTO Evento(EventoID,Descricao, Data, Admissao, Quarto) VALUES (1331, "descricao","13/4/1990 9:41:53" ,97, 106);
INSERT INTO Exame( EventoID, Nome, Descricao) VALUES (1331,"broncoscopia","descricao");
INSERT INTO MedicoExame( MedicoID, ExameID) VALUES (1298,1331);
INSERT INTO Evento(EventoID,Descricao, Data, Admissao, Quarto) VALUES (1332, "descricao","3/1/2001 1:19:54" ,183, 195);
INSERT INTO Exame( EventoID, Nome, Descricao) VALUES (1332,"Sangue","descricao");
INSERT INTO MedicoExame( MedicoID, ExameID) VALUES (2607,1332);
INSERT INTO Evento(EventoID,Descricao, Data, Admissao, Quarto) VALUES (1333, "descricao","25/2/2014 15:11:41" ,7, 119);
INSERT INTO Exame( EventoID, Nome, Descricao) VALUES (1333,"laringoscopia","descricao");
INSERT INTO MedicoExame( MedicoID, ExameID) VALUES (4917,1333);
INSERT INTO Evento(EventoID,Descricao, Data, Admissao, Quarto) VALUES (1334, "descricao","6/12/2003 4:38:53" ,242, 125);
INSERT INTO Exame( EventoID, Nome, Descricao) VALUES (1334,"laparoscopia","descricao");
INSERT INTO MedicoExame( MedicoID, ExameID) VALUES (2966,1334);
INSERT INTO Evento(EventoID,Descricao, Data, Admissao, Quarto) VALUES (1335, "descricao","6/4/2007 12:17:33" ,132, 148);
INSERT INTO Exame( EventoID, Nome, Descricao) VALUES (1335,"esofagoscopia","descricao");
INSERT INTO MedicoExame( MedicoID, ExameID) VALUES (7701,1335);
INSERT INTO Evento(EventoID,Descricao, Data, Admissao, Quarto) VALUES (1336, "descricao","2/3/1993 21:7:43" ,36, 224);
INSERT INTO Exame( EventoID, Nome, Descricao) VALUES (1336,"laringoscopia","descricao");
INSERT INTO MedicoExame( MedicoID, ExameID) VALUES (3833,1336);
INSERT INTO Evento(EventoID,Descricao, Data, Admissao, Quarto) VALUES (1337, "descricao","20/3/1960 12:58:10" ,498, 163);
INSERT INTO Exame( EventoID, Nome, Descricao) VALUES (1337,"Sangue","descricao");
INSERT INTO MedicoExame( MedicoID, ExameID) VALUES (4917,1337);
INSERT INTO Evento(EventoID,Descricao, Data, Admissao, Quarto) VALUES (1338, "descricao","26/8/1966 0:59:48" ,274, 233);
INSERT INTO Exame( EventoID, Nome, Descricao) VALUES (1338,"laringoscopia","descricao");
INSERT INTO MedicoExame( MedicoID, ExameID) VALUES (2198,1338);
INSERT INTO Evento(EventoID,Descricao, Data, Admissao, Quarto) VALUES (1339, "descricao","18/5/1961 11:56:22" ,257, 124);
INSERT INTO Exame( EventoID, Nome, Descricao) VALUES (1339,"mediastinoscopia","descricao");
INSERT INTO MedicoExame( MedicoID, ExameID) VALUES (1315,1339);
INSERT INTO Evento(EventoID,Descricao, Data, Admissao, Quarto) VALUES (1340, "descricao","15/2/1979 5:58:34" ,336, 101);
INSERT INTO Exame( EventoID, Nome, Descricao) VALUES (1340,"laparoscopia","descricao");
INSERT INTO MedicoExame( MedicoID, ExameID) VALUES (4369,1340);
INSERT INTO Evento(EventoID,Descricao, Data, Admissao, Quarto) VALUES (1341, "descricao","17/10/2010 5:49:2" ,313, 228);
INSERT INTO Exame( EventoID, Nome, Descricao) VALUES (1341,"liquido sinovial","descricao");
INSERT INTO MedicoExame( MedicoID, ExameID) VALUES (2769,1341);
INSERT INTO Evento(EventoID,Descricao, Data, Admissao, Quarto) VALUES (1342, "descricao","18/4/1966 6:34:53" ,486, 105);
INSERT INTO Exame( EventoID, Nome, Descricao) VALUES (1342,"mediastinoscopia","descricao");
INSERT INTO MedicoExame( MedicoID, ExameID) VALUES (2255,1342);
INSERT INTO Evento(EventoID,Descricao, Data, Admissao, Quarto) VALUES (1343, "descricao","5/10/2001 4:25:37" ,459, 154);
INSERT INTO Exame( EventoID, Nome, Descricao) VALUES (1343,"laparoscopia","descricao");
INSERT INTO MedicoExame( MedicoID, ExameID) VALUES (4832,1343);
INSERT INTO Evento(EventoID,Descricao, Data, Admissao, Quarto) VALUES (1344, "descricao","20/2/1975 20:39:47" ,92, 170);
INSERT INTO Exame( EventoID, Nome, Descricao) VALUES (1344,"laparoscopia","descricao");
INSERT INTO MedicoExame( MedicoID, ExameID) VALUES (1298,1344);
INSERT INTO Evento(EventoID,Descricao, Data, Admissao, Quarto) VALUES (1345, "descricao","6/6/1978 13:32:52" ,184, 171);
INSERT INTO Exame( EventoID, Nome, Descricao) VALUES (1345,"mediastinoscopia","descricao");
INSERT INTO MedicoExame( MedicoID, ExameID) VALUES (2769,1345);
INSERT INTO Evento(EventoID,Descricao, Data, Admissao, Quarto) VALUES (1346, "descricao","12/5/2019 3:57:17" ,272, 136);
INSERT INTO Exame( EventoID, Nome, Descricao) VALUES (1346,"liquido cefalorraquidiano","descricao");
INSERT INTO MedicoExame( MedicoID, ExameID) VALUES (5324,1346);
INSERT INTO Evento(EventoID,Descricao, Data, Admissao, Quarto) VALUES (1347, "descricao","6/12/1994 5:32:57" ,459, 236);
INSERT INTO Exame( EventoID, Nome, Descricao) VALUES (1347,"broncoscopia","descricao");
INSERT INTO MedicoExame( MedicoID, ExameID) VALUES (6757,1347);
INSERT INTO Evento(EventoID,Descricao, Data, Admissao, Quarto) VALUES (1348, "descricao","7/11/2002 1:52:54" ,303, 118);
INSERT INTO Exame( EventoID, Nome, Descricao) VALUES (1348,"cistoscopia","descricao");
INSERT INTO MedicoExame( MedicoID, ExameID) VALUES (1166,1348);
INSERT INTO Evento(EventoID,Descricao, Data, Admissao, Quarto) VALUES (1349, "descricao","22/4/1971 2:57:12" ,116, 175);
INSERT INTO Exame( EventoID, Nome, Descricao) VALUES (1349,"esofagoscopia","descricao");
INSERT INTO MedicoExame( MedicoID, ExameID) VALUES (1877,1349);
INSERT INTO Evento(EventoID,Descricao, Data, Admissao, Quarto) VALUES (1350, "descricao","8/12/2005 3:41:50" ,183, 230);
INSERT INTO Exame( EventoID, Nome, Descricao) VALUES (1350,"broncoscopia","descricao");
INSERT INTO MedicoExame( MedicoID, ExameID) VALUES (1877,1350);
INSERT INTO Evento(EventoID,Descricao, Data, Admissao, Quarto) VALUES (1351, "descricao","8/12/2015 9:53:39" ,204, 203);
INSERT INTO Exame( EventoID, Nome, Descricao) VALUES (1351,"toracoscopia","descricao");
INSERT INTO MedicoExame( MedicoID, ExameID) VALUES (6041,1351);
INSERT INTO Evento(EventoID,Descricao, Data, Admissao, Quarto) VALUES (1352, "descricao","12/5/1988 10:44:18" ,53, 220);
INSERT INTO Exame( EventoID, Nome, Descricao) VALUES (1352,"laparoscopia","descricao");
INSERT INTO MedicoExame( MedicoID, ExameID) VALUES (8577,1352);
INSERT INTO Evento(EventoID,Descricao, Data, Admissao, Quarto) VALUES (1353, "descricao","20/9/1967 5:14:46" ,3, 110);
INSERT INTO Exame( EventoID, Nome, Descricao) VALUES (1353,"laringoscopia","descricao");
INSERT INTO MedicoExame( MedicoID, ExameID) VALUES (8183,1353);
INSERT INTO Evento(EventoID,Descricao, Data, Admissao, Quarto) VALUES (1354, "descricao","6/12/1963 20:6:23" ,135, 129);
INSERT INTO Exame( EventoID, Nome, Descricao) VALUES (1354,"toracoscopia","descricao");
INSERT INTO MedicoExame( MedicoID, ExameID) VALUES (2607,1354);
INSERT INTO Evento(EventoID,Descricao, Data, Admissao, Quarto) VALUES (1355, "descricao","6/2/1962 1:44:42" ,281, 109);
INSERT INTO Exame( EventoID, Nome, Descricao) VALUES (1355,"cistoscopia","descricao");
INSERT INTO MedicoExame( MedicoID, ExameID) VALUES (5894,1355);
INSERT INTO Evento(EventoID,Descricao, Data, Admissao, Quarto) VALUES (1356, "descricao","10/10/1966 13:57:29" ,26, 151);
INSERT INTO Exame( EventoID, Nome, Descricao) VALUES (1356,"mediastinoscopia","descricao");
INSERT INTO MedicoExame( MedicoID, ExameID) VALUES (8577,1356);
INSERT INTO Evento(EventoID,Descricao, Data, Admissao, Quarto) VALUES (1357, "descricao","20/1/2004 2:53:31" ,488, 120);
INSERT INTO Exame( EventoID, Nome, Descricao) VALUES (1357,"liquido sinovial","descricao");
INSERT INTO MedicoExame( MedicoID, ExameID) VALUES (4811,1357);
INSERT INTO Evento(EventoID,Descricao, Data, Admissao, Quarto) VALUES (1358, "descricao","24/5/1977 7:24:23" ,370, 187);
INSERT INTO Exame( EventoID, Nome, Descricao) VALUES (1358,"cistoscopia","descricao");
INSERT INTO MedicoExame( MedicoID, ExameID) VALUES (7280,1358);
INSERT INTO Evento(EventoID,Descricao, Data, Admissao, Quarto) VALUES (1359, "descricao","23/2/1963 13:3:48" ,35, 147);
INSERT INTO Exame( EventoID, Nome, Descricao) VALUES (1359,"Urina","descricao");
INSERT INTO MedicoExame( MedicoID, ExameID) VALUES (9132,1359);
INSERT INTO Evento(EventoID,Descricao, Data, Admissao, Quarto) VALUES (1360, "descricao","10/9/1965 19:24:54" ,420, 239);
INSERT INTO Exame( EventoID, Nome, Descricao) VALUES (1360,"toracoscopia","descricao");
INSERT INTO MedicoExame( MedicoID, ExameID) VALUES (4811,1360);
INSERT INTO Evento(EventoID,Descricao, Data, Admissao, Quarto) VALUES (1361, "descricao","28/9/2014 17:13:14" ,286, 117);
INSERT INTO Exame( EventoID, Nome, Descricao) VALUES (1361,"cistoscopia","descricao");
INSERT INTO MedicoExame( MedicoID, ExameID) VALUES (6041,1361);
INSERT INTO Evento(EventoID,Descricao, Data, Admissao, Quarto) VALUES (1362, "descricao","18/7/1979 21:21:37" ,336, 194);
INSERT INTO Exame( EventoID, Nome, Descricao) VALUES (1362,"cistoscopia","descricao");
INSERT INTO MedicoExame( MedicoID, ExameID) VALUES (3833,1362);
INSERT INTO Evento(EventoID,Descricao, Data, Admissao, Quarto) VALUES (1363, "descricao","15/7/2017 23:55:3" ,422, 147);
INSERT INTO Exame( EventoID, Nome, Descricao) VALUES (1363,"Sangue","descricao");
INSERT INTO MedicoExame( MedicoID, ExameID) VALUES (4832,1363);
INSERT INTO Evento(EventoID,Descricao, Data, Admissao, Quarto) VALUES (1364, "descricao","25/1/1963 18:1:7" ,316, 201);
INSERT INTO Exame( EventoID, Nome, Descricao) VALUES (1364,"Sangue","descricao");
INSERT INTO MedicoExame( MedicoID, ExameID) VALUES (2198,1364);
INSERT INTO Evento(EventoID,Descricao, Data, Admissao, Quarto) VALUES (1365, "descricao","9/8/1962 6:18:51" ,252, 128);
INSERT INTO Exame( EventoID, Nome, Descricao) VALUES (1365,"laparoscopia","descricao");
INSERT INTO MedicoExame( MedicoID, ExameID) VALUES (8157,1365);
INSERT INTO Evento(EventoID,Descricao, Data, Admissao, Quarto) VALUES (1366, "descricao","3/10/1984 18:27:37" ,142, 211);
INSERT INTO Exame( EventoID, Nome, Descricao) VALUES (1366,"cistoscopia","descricao");
INSERT INTO MedicoExame( MedicoID, ExameID) VALUES (1298,1366);
INSERT INTO Evento(EventoID,Descricao, Data, Admissao, Quarto) VALUES (1367, "descricao","2/8/2006 14:56:30" ,232, 116);
INSERT INTO Exame( EventoID, Nome, Descricao) VALUES (1367,"laringoscopia","descricao");
INSERT INTO MedicoExame( MedicoID, ExameID) VALUES (4369,1367);
INSERT INTO Evento(EventoID,Descricao, Data, Admissao, Quarto) VALUES (1368, "descricao","1/4/2002 4:51:42" ,327, 183);
INSERT INTO Exame( EventoID, Nome, Descricao) VALUES (1368,"Sangue","descricao");
INSERT INTO MedicoExame( MedicoID, ExameID) VALUES (6467,1368);
INSERT INTO Evento(EventoID,Descricao, Data, Admissao, Quarto) VALUES (1369, "descricao","25/10/1968 5:49:18" ,476, 163);
INSERT INTO Exame( EventoID, Nome, Descricao) VALUES (1369,"Urina","descricao");
INSERT INTO MedicoExame( MedicoID, ExameID) VALUES (8767,1369);
INSERT INTO Evento(EventoID,Descricao, Data, Admissao, Quarto) VALUES (1370, "descricao","23/2/1996 21:21:57" ,102, 210);
INSERT INTO Exame( EventoID, Nome, Descricao) VALUES (1370,"liquido cefalorraquidiano","descricao");
INSERT INTO MedicoExame( MedicoID, ExameID) VALUES (2923,1370);
INSERT INTO Evento(EventoID,Descricao, Data, Admissao, Quarto) VALUES (1371, "descricao","6/4/2017 2:56:21" ,200, 214);
INSERT INTO Exame( EventoID, Nome, Descricao) VALUES (1371,"esofagoscopia","descricao");
INSERT INTO MedicoExame( MedicoID, ExameID) VALUES (1819,1371);
INSERT INTO Evento(EventoID,Descricao, Data, Admissao, Quarto) VALUES (1372, "descricao","2/9/1987 4:53:14" ,297, 239);
INSERT INTO Exame( EventoID, Nome, Descricao) VALUES (1372,"Sangue","descricao");
INSERT INTO MedicoExame( MedicoID, ExameID) VALUES (4282,1372);
INSERT INTO Evento(EventoID,Descricao, Data, Admissao, Quarto) VALUES (1373, "descricao","3/9/1983 10:27:9" ,67, 145);
INSERT INTO Exame( EventoID, Nome, Descricao) VALUES (1373,"esofagoscopia","descricao");
INSERT INTO MedicoExame( MedicoID, ExameID) VALUES (9079,1373);
INSERT INTO Evento(EventoID,Descricao, Data, Admissao, Quarto) VALUES (1374, "descricao","23/4/1987 4:4:39" ,27, 145);
INSERT INTO Exame( EventoID, Nome, Descricao) VALUES (1374,"esofagoscopia","descricao");
INSERT INTO MedicoExame( MedicoID, ExameID) VALUES (4369,1374);
INSERT INTO Evento(EventoID,Descricao, Data, Admissao, Quarto) VALUES (1375, "descricao","2/1/1999 15:26:51" ,465, 164);
INSERT INTO Exame( EventoID, Nome, Descricao) VALUES (1375,"broncoscopia","descricao");
INSERT INTO MedicoExame( MedicoID, ExameID) VALUES (5324,1375);
INSERT INTO Evento(EventoID,Descricao, Data, Admissao, Quarto) VALUES (1376, "descricao","25/1/1995 1:23:9" ,62, 194);
INSERT INTO Exame( EventoID, Nome, Descricao) VALUES (1376,"liquido sinovial","descricao");
INSERT INTO MedicoExame( MedicoID, ExameID) VALUES (5894,1376);
INSERT INTO Evento(EventoID,Descricao, Data, Admissao, Quarto) VALUES (1377, "descricao","16/1/1963 0:21:14" ,370, 165);
INSERT INTO Exame( EventoID, Nome, Descricao) VALUES (1377,"cistoscopia","descricao");
INSERT INTO MedicoExame( MedicoID, ExameID) VALUES (3687,1377);
INSERT INTO Evento(EventoID,Descricao, Data, Admissao, Quarto) VALUES (1378, "descricao","7/2/1964 5:24:3" ,298, 155);
INSERT INTO Exame( EventoID, Nome, Descricao) VALUES (1378,"laparoscopia","descricao");
INSERT INTO MedicoExame( MedicoID, ExameID) VALUES (9570,1378);
INSERT INTO Evento(EventoID,Descricao, Data, Admissao, Quarto) VALUES (1379, "descricao","25/2/1986 12:59:22" ,63, 146);
INSERT INTO Exame( EventoID, Nome, Descricao) VALUES (1379,"esofagoscopia","descricao");
INSERT INTO MedicoExame( MedicoID, ExameID) VALUES (2966,1379);
INSERT INTO Evento(EventoID,Descricao, Data, Admissao, Quarto) VALUES (1380, "descricao","20/6/1997 0:26:52" ,116, 176);
INSERT INTO Exame( EventoID, Nome, Descricao) VALUES (1380,"toracoscopia","descricao");
INSERT INTO MedicoExame( MedicoID, ExameID) VALUES (6467,1380);
INSERT INTO Evento(EventoID,Descricao, Data, Admissao, Quarto) VALUES (1381, "descricao","9/2/2007 3:45:40" ,272, 166);
INSERT INTO Exame( EventoID, Nome, Descricao) VALUES (1381,"liquido sinovial","descricao");
INSERT INTO MedicoExame( MedicoID, ExameID) VALUES (3687,1381);
INSERT INTO Evento(EventoID,Descricao, Data, Admissao, Quarto) VALUES (1382, "descricao","20/3/1961 15:9:58" ,325, 203);
INSERT INTO Exame( EventoID, Nome, Descricao) VALUES (1382,"Sangue","descricao");
INSERT INTO MedicoExame( MedicoID, ExameID) VALUES (1819,1382);
INSERT INTO Evento(EventoID,Descricao, Data, Admissao, Quarto) VALUES (1383, "descricao","15/11/1994 7:1:0" ,492, 209);
INSERT INTO Exame( EventoID, Nome, Descricao) VALUES (1383,"esofagoscopia","descricao");
INSERT INTO MedicoExame( MedicoID, ExameID) VALUES (3833,1383);
INSERT INTO Evento(EventoID,Descricao, Data, Admissao, Quarto) VALUES (1384, "descricao","15/9/1993 12:9:7" ,378, 112);
INSERT INTO Exame( EventoID, Nome, Descricao) VALUES (1384,"liquido cefalorraquidiano","descricao");
INSERT INTO MedicoExame( MedicoID, ExameID) VALUES (6281,1384);
INSERT INTO Evento(EventoID,Descricao, Data, Admissao, Quarto) VALUES (1385, "descricao","5/5/1976 13:47:36" ,133, 118);
INSERT INTO Exame( EventoID, Nome, Descricao) VALUES (1385,"broncoscopia","descricao");
INSERT INTO MedicoExame( MedicoID, ExameID) VALUES (2970,1385);
INSERT INTO Evento(EventoID,Descricao, Data, Admissao, Quarto) VALUES (1386, "descricao","17/9/2006 7:41:56" ,343, 181);
INSERT INTO Exame( EventoID, Nome, Descricao) VALUES (1386,"mediastinoscopia","descricao");
INSERT INTO MedicoExame( MedicoID, ExameID) VALUES (4811,1386);
INSERT INTO Evento(EventoID,Descricao, Data, Admissao, Quarto) VALUES (1387, "descricao","4/5/1978 12:28:21" ,361, 133);
INSERT INTO Exame( EventoID, Nome, Descricao) VALUES (1387,"liquido cefalorraquidiano","descricao");
INSERT INTO MedicoExame( MedicoID, ExameID) VALUES (6675,1387);
INSERT INTO Evento(EventoID,Descricao, Data, Admissao, Quarto) VALUES (1388, "descricao","3/5/2018 9:8:14" ,147, 142);
INSERT INTO Exame( EventoID, Nome, Descricao) VALUES (1388,"toracoscopia","descricao");
INSERT INTO MedicoExame( MedicoID, ExameID) VALUES (8015,1388);
INSERT INTO Evento(EventoID,Descricao, Data, Admissao, Quarto) VALUES (1389, "descricao","7/9/1996 6:52:53" ,39, 208);
INSERT INTO Exame( EventoID, Nome, Descricao) VALUES (1389,"liquido sinovial","descricao");
INSERT INTO MedicoExame( MedicoID, ExameID) VALUES (6342,1389);
INSERT INTO Evento(EventoID,Descricao, Data, Admissao, Quarto) VALUES (1390, "descricao","3/9/1964 4:0:23" ,113, 226);
INSERT INTO Exame( EventoID, Nome, Descricao) VALUES (1390,"toracoscopia","descricao");
INSERT INTO MedicoExame( MedicoID, ExameID) VALUES (5324,1390);
INSERT INTO Evento(EventoID,Descricao, Data, Admissao, Quarto) VALUES (1391, "descricao","25/9/2007 16:51:42" ,364, 210);
INSERT INTO Exame( EventoID, Nome, Descricao) VALUES (1391,"esofagoscopia","descricao");
INSERT INTO MedicoExame( MedicoID, ExameID) VALUES (3833,1391);
INSERT INTO Evento(EventoID,Descricao, Data, Admissao, Quarto) VALUES (1392, "descricao","21/10/2016 11:44:45" ,326, 122);
INSERT INTO Exame( EventoID, Nome, Descricao) VALUES (1392,"laparoscopia","descricao");
INSERT INTO MedicoExame( MedicoID, ExameID) VALUES (4811,1392);
INSERT INTO Evento(EventoID,Descricao, Data, Admissao, Quarto) VALUES (1393, "descricao","14/1/2000 20:22:5" ,231, 223);
INSERT INTO Exame( EventoID, Nome, Descricao) VALUES (1393,"Urina","descricao");
INSERT INTO MedicoExame( MedicoID, ExameID) VALUES (9570,1393);
INSERT INTO Evento(EventoID,Descricao, Data, Admissao, Quarto) VALUES (1394, "descricao","15/4/2000 20:3:8" ,56, 139);
INSERT INTO Exame( EventoID, Nome, Descricao) VALUES (1394,"cistoscopia","descricao");
INSERT INTO MedicoExame( MedicoID, ExameID) VALUES (3833,1394);
INSERT INTO Evento(EventoID,Descricao, Data, Admissao, Quarto) VALUES (1395, "descricao","15/1/1996 2:30:10" ,201, 200);
INSERT INTO Exame( EventoID, Nome, Descricao) VALUES (1395,"Urina","descricao");
INSERT INTO MedicoExame( MedicoID, ExameID) VALUES (8157,1395);
INSERT INTO Evento(EventoID,Descricao, Data, Admissao, Quarto) VALUES (1396, "descricao","1/5/2014 19:59:21" ,342, 160);
INSERT INTO Exame( EventoID, Nome, Descricao) VALUES (1396,"esofagoscopia","descricao");
INSERT INTO MedicoExame( MedicoID, ExameID) VALUES (2336,1396);
INSERT INTO Evento(EventoID,Descricao, Data, Admissao, Quarto) VALUES (1397, "descricao","18/2/2009 15:34:21" ,4, 193);
INSERT INTO Exame( EventoID, Nome, Descricao) VALUES (1397,"cistoscopia","descricao");
INSERT INTO MedicoExame( MedicoID, ExameID) VALUES (8015,1397);
INSERT INTO Evento(EventoID,Descricao, Data, Admissao, Quarto) VALUES (1398, "descricao","12/6/1994 5:49:7" ,96, 144);
INSERT INTO Exame( EventoID, Nome, Descricao) VALUES (1398,"toracoscopia","descricao");
INSERT INTO MedicoExame( MedicoID, ExameID) VALUES (2336,1398);
INSERT INTO Evento(EventoID,Descricao, Data, Admissao, Quarto) VALUES (1399, "descricao","26/8/1973 3:11:6" ,32, 195);
INSERT INTO Exame( EventoID, Nome, Descricao) VALUES (1399,"laparoscopia","descricao");
INSERT INTO MedicoExame( MedicoID, ExameID) VALUES (8577,1399);
INSERT INTO Evento(EventoID,Descricao, Data, Admissao, Quarto) VALUES (1400, "descricao","2/9/1993 5:15:14" ,108, 183);
INSERT INTO Exame( EventoID, Nome, Descricao) VALUES (1400,"liquido cefalorraquidiano","descricao");
INSERT INTO MedicoExame( MedicoID, ExameID) VALUES (6342,1400);
INSERT INTO Evento(EventoID,Descricao, Data, Admissao, Quarto) VALUES (1401, "descricao","22/9/2017 2:30:18" ,345, 190);
INSERT INTO Exame( EventoID, Nome, Descricao) VALUES (1401,"toracoscopia","descricao");
INSERT INTO MedicoExame( MedicoID, ExameID) VALUES (8157,1401);
INSERT INTO Evento(EventoID,Descricao, Data, Admissao, Quarto) VALUES (1402, "descricao","18/8/1985 8:20:38" ,224, 181);
INSERT INTO Exame( EventoID, Nome, Descricao) VALUES (1402,"toracoscopia","descricao");
INSERT INTO MedicoExame( MedicoID, ExameID) VALUES (1315,1402);
INSERT INTO Evento(EventoID,Descricao, Data, Admissao, Quarto) VALUES (1403, "descricao","7/8/2002 14:41:57" ,243, 132);
INSERT INTO Exame( EventoID, Nome, Descricao) VALUES (1403,"liquido cefalorraquidiano","descricao");
INSERT INTO MedicoExame( MedicoID, ExameID) VALUES (2923,1403);
INSERT INTO Evento(EventoID,Descricao, Data, Admissao, Quarto) VALUES (1404, "descricao","8/8/1977 14:55:9" ,390, 177);
INSERT INTO Exame( EventoID, Nome, Descricao) VALUES (1404,"laringoscopia","descricao");
INSERT INTO MedicoExame( MedicoID, ExameID) VALUES (9079,1404);
INSERT INTO Evento(EventoID,Descricao, Data, Admissao, Quarto) VALUES (1405, "descricao","5/4/1985 9:9:15" ,278, 112);
INSERT INTO Exame( EventoID, Nome, Descricao) VALUES (1405,"mediastinoscopia","descricao");
INSERT INTO MedicoExame( MedicoID, ExameID) VALUES (2336,1405);
INSERT INTO Evento(EventoID,Descricao, Data, Admissao, Quarto) VALUES (1406, "descricao","28/3/1966 9:38:32" ,132, 106);
INSERT INTO Exame( EventoID, Nome, Descricao) VALUES (1406,"Urina","descricao");
INSERT INTO MedicoExame( MedicoID, ExameID) VALUES (4811,1406);
INSERT INTO Evento(EventoID,Descricao, Data, Admissao, Quarto) VALUES (1407, "descricao","19/7/1964 8:25:46" ,166, 174);
INSERT INTO Exame( EventoID, Nome, Descricao) VALUES (1407,"laringoscopia","descricao");
INSERT INTO MedicoExame( MedicoID, ExameID) VALUES (8577,1407);
INSERT INTO Evento(EventoID,Descricao, Data, Admissao, Quarto) VALUES (1408, "descricao","15/12/1985 16:35:46" ,52, 175);
INSERT INTO Exame( EventoID, Nome, Descricao) VALUES (1408,"cistoscopia","descricao");
INSERT INTO MedicoExame( MedicoID, ExameID) VALUES (8015,1408);
INSERT INTO Evento(EventoID,Descricao, Data, Admissao, Quarto) VALUES (1409, "descricao","6/8/1973 6:23:47" ,480, 205);
INSERT INTO Exame( EventoID, Nome, Descricao) VALUES (1409,"liquido sinovial","descricao");
INSERT INTO MedicoExame( MedicoID, ExameID) VALUES (9075,1409);
INSERT INTO Evento(EventoID,Descricao, Data, Admissao, Quarto) VALUES (1410, "descricao","17/3/1995 15:38:18" ,69, 208);
INSERT INTO Exame( EventoID, Nome, Descricao) VALUES (1410,"liquido sinovial","descricao");
INSERT INTO MedicoExame( MedicoID, ExameID) VALUES (1877,1410);
INSERT INTO Evento(EventoID,Descricao, Data, Admissao, Quarto) VALUES (1411, "descricao","17/12/2005 17:46:47" ,100, 107);
INSERT INTO Exame( EventoID, Nome, Descricao) VALUES (1411,"esofagoscopia","descricao");
INSERT INTO MedicoExame( MedicoID, ExameID) VALUES (1877,1411);
INSERT INTO Evento(EventoID,Descricao, Data, Admissao, Quarto) VALUES (1412, "descricao","6/9/2014 16:37:12" ,163, 196);
INSERT INTO Exame( EventoID, Nome, Descricao) VALUES (1412,"toracoscopia","descricao");
INSERT INTO MedicoExame( MedicoID, ExameID) VALUES (5324,1412);
INSERT INTO Evento(EventoID,Descricao, Data, Admissao, Quarto) VALUES (1413, "descricao","7/6/1971 11:17:21" ,201, 208);
INSERT INTO Exame( EventoID, Nome, Descricao) VALUES (1413,"esofagoscopia","descricao");
INSERT INTO MedicoExame( MedicoID, ExameID) VALUES (1315,1413);
INSERT INTO Evento(EventoID,Descricao, Data, Admissao, Quarto) VALUES (1414, "descricao","6/12/1989 11:37:30" ,223, 116);
INSERT INTO Exame( EventoID, Nome, Descricao) VALUES (1414,"liquido sinovial","descricao");
INSERT INTO MedicoExame( MedicoID, ExameID) VALUES (8157,1414);
INSERT INTO Evento(EventoID,Descricao, Data, Admissao, Quarto) VALUES (1415, "descricao","12/9/1991 16:13:42" ,248, 134);
INSERT INTO Exame( EventoID, Nome, Descricao) VALUES (1415,"liquido sinovial","descricao");
INSERT INTO MedicoExame( MedicoID, ExameID) VALUES (7280,1415);
INSERT INTO Evento(EventoID,Descricao, Data, Admissao, Quarto) VALUES (1416, "descricao","10/12/2016 10:58:41" ,125, 133);
INSERT INTO Exame( EventoID, Nome, Descricao) VALUES (1416,"cistoscopia","descricao");
INSERT INTO MedicoExame( MedicoID, ExameID) VALUES (6342,1416);
INSERT INTO Evento(EventoID,Descricao, Data, Admissao, Quarto) VALUES (1417, "descricao","9/6/1983 5:29:2" ,348, 142);
INSERT INTO Exame( EventoID, Nome, Descricao) VALUES (1417,"esofagoscopia","descricao");
INSERT INTO MedicoExame( MedicoID, ExameID) VALUES (4917,1417);
INSERT INTO Evento(EventoID,Descricao, Data, Admissao, Quarto) VALUES (1418, "descricao","13/8/2003 10:17:36" ,336, 212);
INSERT INTO Exame( EventoID, Nome, Descricao) VALUES (1418,"esofagoscopia","descricao");
INSERT INTO MedicoExame( MedicoID, ExameID) VALUES (3833,1418);
INSERT INTO Evento(EventoID,Descricao, Data, Admissao, Quarto) VALUES (1419, "descricao","8/9/2019 21:44:45" ,256, 236);
INSERT INTO Exame( EventoID, Nome, Descricao) VALUES (1419,"liquido cefalorraquidiano","descricao");
INSERT INTO MedicoExame( MedicoID, ExameID) VALUES (1877,1419);
INSERT INTO Evento(EventoID,Descricao, Data, Admissao, Quarto) VALUES (1420, "descricao","28/11/1973 22:49:22" ,339, 147);
INSERT INTO Exame( EventoID, Nome, Descricao) VALUES (1420,"liquido cefalorraquidiano","descricao");
INSERT INTO MedicoExame( MedicoID, ExameID) VALUES (2336,1420);
INSERT INTO Evento(EventoID,Descricao, Data, Admissao, Quarto) VALUES (1421, "descricao","7/8/2014 1:33:8" ,227, 105);
INSERT INTO Exame( EventoID, Nome, Descricao) VALUES (1421,"broncoscopia","descricao");
INSERT INTO MedicoExame( MedicoID, ExameID) VALUES (6281,1421);
INSERT INTO Evento(EventoID,Descricao, Data, Admissao, Quarto) VALUES (1422, "descricao","24/2/2019 8:5:55" ,255, 136);
INSERT INTO Exame( EventoID, Nome, Descricao) VALUES (1422,"laringoscopia","descricao");
INSERT INTO MedicoExame( MedicoID, ExameID) VALUES (1819,1422);
INSERT INTO Evento(EventoID,Descricao, Data, Admissao, Quarto) VALUES (1423, "descricao","12/3/1988 12:43:52" ,430, 202);
INSERT INTO Exame( EventoID, Nome, Descricao) VALUES (1423,"liquido cefalorraquidiano","descricao");
INSERT INTO MedicoExame( MedicoID, ExameID) VALUES (1298,1423);
INSERT INTO Evento(EventoID,Descricao, Data, Admissao, Quarto) VALUES (1424, "descricao","25/3/1982 21:48:43" ,499, 125);
INSERT INTO Exame( EventoID, Nome, Descricao) VALUES (1424,"liquido sinovial","descricao");
INSERT INTO MedicoExame( MedicoID, ExameID) VALUES (8950,1424);
INSERT INTO Evento(EventoID,Descricao, Data, Admissao, Quarto) VALUES (1425, "descricao","22/2/2008 4:38:9" ,463, 168);
INSERT INTO Exame( EventoID, Nome, Descricao) VALUES (1425,"Sangue","descricao");
INSERT INTO MedicoExame( MedicoID, ExameID) VALUES (2607,1425);
INSERT INTO Evento(EventoID,Descricao, Data, Admissao, Quarto) VALUES (1426, "descricao","25/12/1969 8:6:14" ,429, 161);
INSERT INTO Exame( EventoID, Nome, Descricao) VALUES (1426,"laparoscopia","descricao");
INSERT INTO MedicoExame( MedicoID, ExameID) VALUES (6757,1426);
INSERT INTO Evento(EventoID,Descricao, Data, Admissao, Quarto) VALUES (1427, "descricao","7/5/1960 0:27:58" ,25, 119);
INSERT INTO Exame( EventoID, Nome, Descricao) VALUES (1427,"laparoscopia","descricao");
INSERT INTO MedicoExame( MedicoID, ExameID) VALUES (4811,1427);
INSERT INTO Evento(EventoID,Descricao, Data, Admissao, Quarto) VALUES (1428, "descricao","13/5/1996 4:0:38" ,441, 114);
INSERT INTO Exame( EventoID, Nome, Descricao) VALUES (1428,"Sangue","descricao");
INSERT INTO MedicoExame( MedicoID, ExameID) VALUES (4930,1428);
INSERT INTO Evento(EventoID,Descricao, Data, Admissao, Quarto) VALUES (1429, "descricao","22/3/1971 21:41:33" ,267, 217);
INSERT INTO Exame( EventoID, Nome, Descricao) VALUES (1429,"laringoscopia","descricao");
INSERT INTO MedicoExame( MedicoID, ExameID) VALUES (8950,1429);
INSERT INTO Evento(EventoID,Descricao, Data, Admissao, Quarto) VALUES (1430, "descricao","21/11/2019 19:34:50" ,316, 236);
INSERT INTO Exame( EventoID, Nome, Descricao) VALUES (1430,"laringoscopia","descricao");
INSERT INTO MedicoExame( MedicoID, ExameID) VALUES (8226,1430);
INSERT INTO Evento(EventoID,Descricao, Data, Admissao, Quarto) VALUES (1431, "descricao","24/2/1979 20:30:38" ,445, 167);
INSERT INTO Exame( EventoID, Nome, Descricao) VALUES (1431,"toracoscopia","descricao");
INSERT INTO MedicoExame( MedicoID, ExameID) VALUES (8577,1431);
INSERT INTO Evento(EventoID,Descricao, Data, Admissao, Quarto) VALUES (1432, "descricao","11/8/2013 10:13:31" ,266, 223);
INSERT INTO Exame( EventoID, Nome, Descricao) VALUES (1432,"mediastinoscopia","descricao");
INSERT INTO MedicoExame( MedicoID, ExameID) VALUES (5324,1432);
INSERT INTO Evento(EventoID,Descricao, Data, Admissao, Quarto) VALUES (1433, "descricao","10/7/1988 12:19:52" ,165, 131);
INSERT INTO Exame( EventoID, Nome, Descricao) VALUES (1433,"laringoscopia","descricao");
INSERT INTO MedicoExame( MedicoID, ExameID) VALUES (3687,1433);
INSERT INTO Evento(EventoID,Descricao, Data, Admissao, Quarto) VALUES (1434, "descricao","15/6/2011 16:45:39" ,70, 219);
INSERT INTO Exame( EventoID, Nome, Descricao) VALUES (1434,"Sangue","descricao");
INSERT INTO MedicoExame( MedicoID, ExameID) VALUES (2198,1434);
INSERT INTO Evento(EventoID,Descricao, Data, Admissao, Quarto) VALUES (1435, "descricao","7/7/1974 8:9:29" ,456, 108);
INSERT INTO Exame( EventoID, Nome, Descricao) VALUES (1435,"laringoscopia","descricao");
INSERT INTO MedicoExame( MedicoID, ExameID) VALUES (6467,1435);
INSERT INTO Evento(EventoID,Descricao, Data, Admissao, Quarto) VALUES (1436, "descricao","10/11/1996 12:17:3" ,354, 241);
INSERT INTO Exame( EventoID, Nome, Descricao) VALUES (1436,"laringoscopia","descricao");
INSERT INTO MedicoExame( MedicoID, ExameID) VALUES (4930,1436);
INSERT INTO Evento(EventoID,Descricao, Data, Admissao, Quarto) VALUES (1437, "descricao","6/9/2009 13:19:7" ,168, 132);
INSERT INTO Exame( EventoID, Nome, Descricao) VALUES (1437,"laringoscopia","descricao");
INSERT INTO MedicoExame( MedicoID, ExameID) VALUES (6041,1437);
INSERT INTO Evento(EventoID,Descricao, Data, Admissao, Quarto) VALUES (1438, "descricao","1/8/2014 2:13:16" ,45, 195);
INSERT INTO Exame( EventoID, Nome, Descricao) VALUES (1438,"laparoscopia","descricao");
INSERT INTO MedicoExame( MedicoID, ExameID) VALUES (8767,1438);
INSERT INTO Evento(EventoID,Descricao, Data, Admissao, Quarto) VALUES (1439, "descricao","10/7/1991 2:58:15" ,429, 230);
INSERT INTO Exame( EventoID, Nome, Descricao) VALUES (1439,"Urina","descricao");
INSERT INTO MedicoExame( MedicoID, ExameID) VALUES (6757,1439);
INSERT INTO Evento(EventoID,Descricao, Data, Admissao, Quarto) VALUES (1440, "descricao","20/7/1988 4:47:6" ,278, 230);
INSERT INTO Exame( EventoID, Nome, Descricao) VALUES (1440,"mediastinoscopia","descricao");
INSERT INTO MedicoExame( MedicoID, ExameID) VALUES (1819,1440);
INSERT INTO Evento(EventoID,Descricao, Data, Admissao, Quarto) VALUES (1441, "descricao","17/6/2004 0:6:33" ,394, 114);
INSERT INTO Exame( EventoID, Nome, Descricao) VALUES (1441,"liquido cefalorraquidiano","descricao");
INSERT INTO MedicoExame( MedicoID, ExameID) VALUES (8183,1441);
INSERT INTO Evento(EventoID,Descricao, Data, Admissao, Quarto) VALUES (1442, "descricao","7/6/1974 23:24:24" ,73, 226);
INSERT INTO Exame( EventoID, Nome, Descricao) VALUES (1442,"Urina","descricao");
INSERT INTO MedicoExame( MedicoID, ExameID) VALUES (4917,1442);
INSERT INTO Evento(EventoID,Descricao, Data, Admissao, Quarto) VALUES (1443, "descricao","8/10/1997 17:36:58" ,82, 244);
INSERT INTO Exame( EventoID, Nome, Descricao) VALUES (1443,"toracoscopia","descricao");
INSERT INTO MedicoExame( MedicoID, ExameID) VALUES (1298,1443);
INSERT INTO Evento(EventoID,Descricao, Data, Admissao, Quarto) VALUES (1444, "descricao","23/9/1985 11:4:58" ,22, 122);
INSERT INTO Exame( EventoID, Nome, Descricao) VALUES (1444,"liquido sinovial","descricao");
INSERT INTO MedicoExame( MedicoID, ExameID) VALUES (2336,1444);
INSERT INTO Evento(EventoID,Descricao, Data, Admissao, Quarto) VALUES (1445, "descricao","21/11/1969 8:45:49" ,285, 123);
INSERT INTO Exame( EventoID, Nome, Descricao) VALUES (1445,"cistoscopia","descricao");
INSERT INTO MedicoExame( MedicoID, ExameID) VALUES (7280,1445);
INSERT INTO Evento(EventoID,Descricao, Data, Admissao, Quarto) VALUES (1446, "descricao","27/7/1973 11:26:19" ,367, 167);
INSERT INTO Exame( EventoID, Nome, Descricao) VALUES (1446,"toracoscopia","descricao");
INSERT INTO MedicoExame( MedicoID, ExameID) VALUES (5024,1446);
INSERT INTO Evento(EventoID,Descricao, Data, Admissao, Quarto) VALUES (1447, "descricao","3/2/1970 19:59:24" ,447, 113);
INSERT INTO Exame( EventoID, Nome, Descricao) VALUES (1447,"laringoscopia","descricao");
INSERT INTO MedicoExame( MedicoID, ExameID) VALUES (9289,1447);
INSERT INTO Evento(EventoID,Descricao, Data, Admissao, Quarto) VALUES (1448, "descricao","4/12/1965 9:6:20" ,9, 227);
INSERT INTO Exame( EventoID, Nome, Descricao) VALUES (1448,"laringoscopia","descricao");
INSERT INTO MedicoExame( MedicoID, ExameID) VALUES (4930,1448);
INSERT INTO Evento(EventoID,Descricao, Data, Admissao, Quarto) VALUES (1449, "descricao","16/11/1974 17:9:47" ,399, 249);
INSERT INTO Exame( EventoID, Nome, Descricao) VALUES (1449,"esofagoscopia","descricao");
INSERT INTO MedicoExame( MedicoID, ExameID) VALUES (6342,1449);
INSERT INTO Evento(EventoID,Descricao, Data, Admissao, Quarto) VALUES (1450, "descricao","8/8/1997 1:16:3" ,478, 200);
INSERT INTO Exame( EventoID, Nome, Descricao) VALUES (1450,"laringoscopia","descricao");
INSERT INTO MedicoExame( MedicoID, ExameID) VALUES (4282,1450);
INSERT INTO Evento(EventoID,Descricao, Data, Admissao, Quarto) VALUES (1451, "descricao","2/3/1963 7:45:36" ,252, 139);
INSERT INTO Exame( EventoID, Nome, Descricao) VALUES (1451,"laringoscopia","descricao");
INSERT INTO MedicoExame( MedicoID, ExameID) VALUES (7701,1451);
INSERT INTO Evento(EventoID,Descricao, Data, Admissao, Quarto) VALUES (1452, "descricao","19/5/2010 21:29:35" ,11, 204);
INSERT INTO Exame( EventoID, Nome, Descricao) VALUES (1452,"toracoscopia","descricao");
INSERT INTO MedicoExame( MedicoID, ExameID) VALUES (2607,1452);
INSERT INTO Evento(EventoID,Descricao, Data, Admissao, Quarto) VALUES (1453, "descricao","11/5/2008 19:37:34" ,152, 152);
INSERT INTO Exame( EventoID, Nome, Descricao) VALUES (1453,"cistoscopia","descricao");
INSERT INTO MedicoExame( MedicoID, ExameID) VALUES (2198,1453);
INSERT INTO Evento(EventoID,Descricao, Data, Admissao, Quarto) VALUES (1454, "descricao","12/3/1963 11:30:10" ,287, 102);
INSERT INTO Exame( EventoID, Nome, Descricao) VALUES (1454,"liquido sinovial","descricao");
INSERT INTO MedicoExame( MedicoID, ExameID) VALUES (2198,1454);
INSERT INTO Evento(EventoID,Descricao, Data, Admissao, Quarto) VALUES (1455, "descricao","11/6/1997 8:19:42" ,381, 164);
INSERT INTO Exame( EventoID, Nome, Descricao) VALUES (1455,"toracoscopia","descricao");
INSERT INTO MedicoExame( MedicoID, ExameID) VALUES (5324,1455);
INSERT INTO Evento(EventoID,Descricao, Data, Admissao, Quarto) VALUES (1456, "descricao","1/1/1966 17:29:37" ,387, 230);
INSERT INTO Exame( EventoID, Nome, Descricao) VALUES (1456,"mediastinoscopia","descricao");
INSERT INTO MedicoExame( MedicoID, ExameID) VALUES (9289,1456);
INSERT INTO Evento(EventoID,Descricao, Data, Admissao, Quarto) VALUES (1457, "descricao","7/9/1981 22:11:4" ,378, 193);
INSERT INTO Exame( EventoID, Nome, Descricao) VALUES (1457,"liquido sinovial","descricao");
INSERT INTO MedicoExame( MedicoID, ExameID) VALUES (2769,1457);
INSERT INTO Evento(EventoID,Descricao, Data, Admissao, Quarto) VALUES (1458, "descricao","20/7/1963 14:54:9" ,197, 170);
INSERT INTO Exame( EventoID, Nome, Descricao) VALUES (1458,"broncoscopia","descricao");
INSERT INTO MedicoExame( MedicoID, ExameID) VALUES (1298,1458);
INSERT INTO Evento(EventoID,Descricao, Data, Admissao, Quarto) VALUES (1459, "descricao","24/12/1997 0:13:43" ,247, 171);
INSERT INTO Exame( EventoID, Nome, Descricao) VALUES (1459,"cistoscopia","descricao");
INSERT INTO MedicoExame( MedicoID, ExameID) VALUES (1298,1459);
INSERT INTO Evento(EventoID,Descricao, Data, Admissao, Quarto) VALUES (1460, "descricao","18/4/1997 11:26:20" ,313, 227);
INSERT INTO Exame( EventoID, Nome, Descricao) VALUES (1460,"Urina","descricao");
INSERT INTO MedicoExame( MedicoID, ExameID) VALUES (8226,1460);
INSERT INTO Evento(EventoID,Descricao, Data, Admissao, Quarto) VALUES (1461, "descricao","22/6/2001 2:48:48" ,341, 183);
INSERT INTO Exame( EventoID, Nome, Descricao) VALUES (1461,"broncoscopia","descricao");
INSERT INTO MedicoExame( MedicoID, ExameID) VALUES (5024,1461);
INSERT INTO Evento(EventoID,Descricao, Data, Admissao, Quarto) VALUES (1462, "descricao","26/7/2015 23:20:34" ,414, 152);
INSERT INTO Exame( EventoID, Nome, Descricao) VALUES (1462,"liquido cefalorraquidiano","descricao");
INSERT INTO MedicoExame( MedicoID, ExameID) VALUES (6281,1462);
INSERT INTO Evento(EventoID,Descricao, Data, Admissao, Quarto) VALUES (1463, "descricao","28/12/1965 17:30:15" ,419, 240);
INSERT INTO Exame( EventoID, Nome, Descricao) VALUES (1463,"cistoscopia","descricao");
INSERT INTO MedicoExame( MedicoID, ExameID) VALUES (4917,1463);
INSERT INTO Evento(EventoID,Descricao, Data, Admissao, Quarto) VALUES (1464, "descricao","18/4/1983 23:2:42" ,315, 196);
INSERT INTO Exame( EventoID, Nome, Descricao) VALUES (1464,"esofagoscopia","descricao");
INSERT INTO MedicoExame( MedicoID, ExameID) VALUES (9570,1464);
INSERT INTO Evento(EventoID,Descricao, Data, Admissao, Quarto) VALUES (1465, "descricao","23/10/2016 4:1:15" ,364, 115);
INSERT INTO Exame( EventoID, Nome, Descricao) VALUES (1465,"laringoscopia","descricao");
INSERT INTO MedicoExame( MedicoID, ExameID) VALUES (8767,1465);
INSERT INTO Evento(EventoID,Descricao, Data, Admissao, Quarto) VALUES (1466, "descricao","28/7/1990 3:17:27" ,205, 245);
INSERT INTO Exame( EventoID, Nome, Descricao) VALUES (1466,"esofagoscopia","descricao");
INSERT INTO MedicoExame( MedicoID, ExameID) VALUES (7701,1466);
INSERT INTO Evento(EventoID,Descricao, Data, Admissao, Quarto) VALUES (1467, "descricao","25/10/1992 8:51:26" ,49, 228);
INSERT INTO Exame( EventoID, Nome, Descricao) VALUES (1467,"toracoscopia","descricao");
INSERT INTO MedicoExame( MedicoID, ExameID) VALUES (4930,1467);
INSERT INTO Evento(EventoID,Descricao, Data, Admissao, Quarto) VALUES (1468, "descricao","14/10/1987 14:43:56" ,410, 238);
INSERT INTO Exame( EventoID, Nome, Descricao) VALUES (1468,"laparoscopia","descricao");
INSERT INTO MedicoExame( MedicoID, ExameID) VALUES (9132,1468);
INSERT INTO Evento(EventoID,Descricao, Data, Admissao, Quarto) VALUES (1469, "descricao","28/10/1981 14:26:25" ,461, 119);
INSERT INTO Exame( EventoID, Nome, Descricao) VALUES (1469,"laparoscopia","descricao");
INSERT INTO MedicoExame( MedicoID, ExameID) VALUES (2198,1469);
INSERT INTO Evento(EventoID,Descricao, Data, Admissao, Quarto) VALUES (1470, "descricao","12/2/1975 19:21:59" ,170, 141);
INSERT INTO Exame( EventoID, Nome, Descricao) VALUES (1470,"Urina","descricao");
INSERT INTO MedicoExame( MedicoID, ExameID) VALUES (7280,1470);
INSERT INTO Evento(EventoID,Descricao, Data, Admissao, Quarto) VALUES (1471, "descricao","13/7/1995 12:16:23" ,157, 170);
INSERT INTO Exame( EventoID, Nome, Descricao) VALUES (1471,"laringoscopia","descricao");
INSERT INTO MedicoExame( MedicoID, ExameID) VALUES (2198,1471);
INSERT INTO Evento(EventoID,Descricao, Data, Admissao, Quarto) VALUES (1472, "descricao","21/1/1982 12:30:52" ,17, 236);
INSERT INTO Exame( EventoID, Nome, Descricao) VALUES (1472,"toracoscopia","descricao");
INSERT INTO MedicoExame( MedicoID, ExameID) VALUES (1298,1472);
INSERT INTO Evento(EventoID,Descricao, Data, Admissao, Quarto) VALUES (1473, "descricao","26/1/2014 21:44:9" ,489, 193);
INSERT INTO Exame( EventoID, Nome, Descricao) VALUES (1473,"laringoscopia","descricao");
INSERT INTO MedicoExame( MedicoID, ExameID) VALUES (8015,1473);
INSERT INTO Evento(EventoID,Descricao, Data, Admissao, Quarto) VALUES (1474, "descricao","12/8/1968 18:38:56" ,322, 165);
INSERT INTO Exame( EventoID, Nome, Descricao) VALUES (1474,"cistoscopia","descricao");
INSERT INTO MedicoExame( MedicoID, ExameID) VALUES (6675,1474);
INSERT INTO Evento(EventoID,Descricao, Data, Admissao, Quarto) VALUES (1475, "descricao","2/6/1979 11:59:39" ,499, 112);
INSERT INTO Exame( EventoID, Nome, Descricao) VALUES (1475,"liquido sinovial","descricao");
INSERT INTO MedicoExame( MedicoID, ExameID) VALUES (6757,1475);
INSERT INTO Evento(EventoID,Descricao, Data, Admissao, Quarto) VALUES (1476, "descricao","26/4/2009 0:36:40" ,420, 217);
INSERT INTO Exame( EventoID, Nome, Descricao) VALUES (1476,"broncoscopia","descricao");
INSERT INTO MedicoExame( MedicoID, ExameID) VALUES (2966,1476);
INSERT INTO Evento(EventoID,Descricao, Data, Admissao, Quarto) VALUES (1477, "descricao","5/5/2009 20:24:15" ,334, 166);
INSERT INTO Exame( EventoID, Nome, Descricao) VALUES (1477,"liquido sinovial","descricao");
INSERT INTO MedicoExame( MedicoID, ExameID) VALUES (2607,1477);
INSERT INTO Evento(EventoID,Descricao, Data, Admissao, Quarto) VALUES (1478, "descricao","14/9/2005 2:50:29" ,389, 190);
INSERT INTO Exame( EventoID, Nome, Descricao) VALUES (1478,"laparoscopia","descricao");
INSERT INTO MedicoExame( MedicoID, ExameID) VALUES (7280,1478);
INSERT INTO Evento(EventoID,Descricao, Data, Admissao, Quarto) VALUES (1479, "descricao","5/11/1997 5:52:32" ,173, 109);
INSERT INTO Exame( EventoID, Nome, Descricao) VALUES (1479,"mediastinoscopia","descricao");
INSERT INTO MedicoExame( MedicoID, ExameID) VALUES (5894,1479);
INSERT INTO Evento(EventoID,Descricao, Data, Admissao, Quarto) VALUES (1480, "descricao","20/12/1993 14:51:32" ,207, 174);
INSERT INTO Exame( EventoID, Nome, Descricao) VALUES (1480,"Sangue","descricao");
INSERT INTO MedicoExame( MedicoID, ExameID) VALUES (2769,1480);
INSERT INTO Evento(EventoID,Descricao, Data, Admissao, Quarto) VALUES (1481, "descricao","18/4/2001 3:56:45" ,335, 173);
INSERT INTO Exame( EventoID, Nome, Descricao) VALUES (1481,"mediastinoscopia","descricao");
INSERT INTO MedicoExame( MedicoID, ExameID) VALUES (8183,1481);
INSERT INTO Evento(EventoID,Descricao, Data, Admissao, Quarto) VALUES (1482, "descricao","1/5/1969 12:27:24" ,414, 188);
INSERT INTO Exame( EventoID, Nome, Descricao) VALUES (1482,"toracoscopia","descricao");
INSERT INTO MedicoExame( MedicoID, ExameID) VALUES (9075,1482);
INSERT INTO Evento(EventoID,Descricao, Data, Admissao, Quarto) VALUES (1483, "descricao","25/11/1964 16:51:14" ,362, 208);
INSERT INTO Exame( EventoID, Nome, Descricao) VALUES (1483,"toracoscopia","descricao");
INSERT INTO MedicoExame( MedicoID, ExameID) VALUES (9075,1483);
INSERT INTO Evento(EventoID,Descricao, Data, Admissao, Quarto) VALUES (1484, "descricao","18/1/2015 20:11:8" ,413, 121);
INSERT INTO Exame( EventoID, Nome, Descricao) VALUES (1484,"laringoscopia","descricao");
INSERT INTO MedicoExame( MedicoID, ExameID) VALUES (1315,1484);
INSERT INTO Evento(EventoID,Descricao, Data, Admissao, Quarto) VALUES (1485, "descricao","6/8/2004 8:10:41" ,278, 117);
INSERT INTO Exame( EventoID, Nome, Descricao) VALUES (1485,"Sangue","descricao");
INSERT INTO MedicoExame( MedicoID, ExameID) VALUES (2769,1485);
INSERT INTO Evento(EventoID,Descricao, Data, Admissao, Quarto) VALUES (1486, "descricao","12/9/2015 6:6:49" ,227, 206);
INSERT INTO Exame( EventoID, Nome, Descricao) VALUES (1486,"liquido cefalorraquidiano","descricao");
INSERT INTO MedicoExame( MedicoID, ExameID) VALUES (6675,1486);
INSERT INTO Evento(EventoID,Descricao, Data, Admissao, Quarto) VALUES (1487, "descricao","20/12/1987 21:2:14" ,138, 169);
INSERT INTO Exame( EventoID, Nome, Descricao) VALUES (1487,"laringoscopia","descricao");
INSERT INTO MedicoExame( MedicoID, ExameID) VALUES (1298,1487);
INSERT INTO Evento(EventoID,Descricao, Data, Admissao, Quarto) VALUES (1488, "descricao","8/6/1995 21:36:49" ,263, 191);
INSERT INTO Exame( EventoID, Nome, Descricao) VALUES (1488,"liquido sinovial","descricao");
INSERT INTO MedicoExame( MedicoID, ExameID) VALUES (6467,1488);
INSERT INTO Evento(EventoID,Descricao, Data, Admissao, Quarto) VALUES (1489, "descricao","3/7/1975 2:20:12" ,342, 170);
INSERT INTO Exame( EventoID, Nome, Descricao) VALUES (1489,"broncoscopia","descricao");
INSERT INTO MedicoExame( MedicoID, ExameID) VALUES (1315,1489);
INSERT INTO Evento(EventoID,Descricao, Data, Admissao, Quarto) VALUES (1490, "descricao","5/10/1973 5:57:10" ,79, 136);
INSERT INTO Exame( EventoID, Nome, Descricao) VALUES (1490,"esofagoscopia","descricao");
INSERT INTO MedicoExame( MedicoID, ExameID) VALUES (1819,1490);
INSERT INTO Evento(EventoID,Descricao, Data, Admissao, Quarto) VALUES (1491, "descricao","7/12/1979 21:56:41" ,290, 170);
INSERT INTO Exame( EventoID, Nome, Descricao) VALUES (1491,"liquido sinovial","descricao");
INSERT INTO MedicoExame( MedicoID, ExameID) VALUES (5024,1491);
INSERT INTO Evento(EventoID,Descricao, Data, Admissao, Quarto) VALUES (1492, "descricao","27/5/1973 9:15:17" ,314, 211);
INSERT INTO Exame( EventoID, Nome, Descricao) VALUES (1492,"liquido cefalorraquidiano","descricao");
INSERT INTO MedicoExame( MedicoID, ExameID) VALUES (4282,1492);
INSERT INTO Evento(EventoID,Descricao, Data, Admissao, Quarto) VALUES (1493, "descricao","25/4/1973 18:11:22" ,223, 116);
INSERT INTO Exame( EventoID, Nome, Descricao) VALUES (1493,"esofagoscopia","descricao");
INSERT INTO MedicoExame( MedicoID, ExameID) VALUES (6675,1493);
INSERT INTO Evento(EventoID,Descricao, Data, Admissao, Quarto) VALUES (1494, "descricao","15/8/1961 14:56:25" ,437, 245);
INSERT INTO Exame( EventoID, Nome, Descricao) VALUES (1494,"cistoscopia","descricao");
INSERT INTO MedicoExame( MedicoID, ExameID) VALUES (6041,1494);
INSERT INTO Evento(EventoID,Descricao, Data, Admissao, Quarto) VALUES (1495, "descricao","24/10/1981 8:37:25" ,147, 181);
INSERT INTO Exame( EventoID, Nome, Descricao) VALUES (1495,"laringoscopia","descricao");
INSERT INTO MedicoExame( MedicoID, ExameID) VALUES (9289,1495);
INSERT INTO Evento(EventoID,Descricao, Data, Admissao, Quarto) VALUES (1496, "descricao","20/8/2005 12:34:13" ,481, 112);
INSERT INTO Exame( EventoID, Nome, Descricao) VALUES (1496,"laparoscopia","descricao");
INSERT INTO MedicoExame( MedicoID, ExameID) VALUES (1315,1496);
INSERT INTO Evento(EventoID,Descricao, Data, Admissao, Quarto) VALUES (1497, "descricao","19/4/1985 4:45:39" ,115, 231);
INSERT INTO Exame( EventoID, Nome, Descricao) VALUES (1497,"toracoscopia","descricao");
INSERT INTO MedicoExame( MedicoID, ExameID) VALUES (9075,1497);
INSERT INTO Evento(EventoID,Descricao, Data, Admissao, Quarto) VALUES (1498, "descricao","2/3/1970 17:39:31" ,315, 193);
INSERT INTO Exame( EventoID, Nome, Descricao) VALUES (1498,"esofagoscopia","descricao");
INSERT INTO MedicoExame( MedicoID, ExameID) VALUES (9075,1498);
INSERT INTO Evento(EventoID,Descricao, Data, Admissao, Quarto) VALUES (1499, "descricao","7/7/2013 13:40:38" ,404, 152);
INSERT INTO Exame( EventoID, Nome, Descricao) VALUES (1499,"cistoscopia","descricao");
INSERT INTO MedicoExame( MedicoID, ExameID) VALUES (2966,1499);
INSERT INTO Evento(EventoID,Descricao, Data, Admissao, Quarto) VALUES (1500, "descricao","6/10/1988 17:36:6" ,284, 183);
INSERT INTO Exame( EventoID, Nome, Descricao) VALUES (1500,"Sangue","descricao");
INSERT INTO MedicoExame( MedicoID, ExameID) VALUES (8226,1500);
INSERT INTO Evento(EventoID,Descricao, Data, Admissao, Quarto) VALUES (1501, "descricao","10/1/1992 3:1:49" ,210, 214);
INSERT INTO Exame( EventoID, Nome, Descricao) VALUES (1501,"Sangue","descricao");
INSERT INTO MedicoExame( MedicoID, ExameID) VALUES (2966,1501);
INSERT INTO Evento(EventoID,Descricao, Data, Admissao, Quarto) VALUES (1502, "descricao","18/11/1991 14:55:7" ,193, 243);
INSERT INTO Exame( EventoID, Nome, Descricao) VALUES (1502,"Sangue","descricao");
INSERT INTO MedicoExame( MedicoID, ExameID) VALUES (9289,1502);
INSERT INTO Evento(EventoID,Descricao, Data, Admissao, Quarto) VALUES (1503, "descricao","27/3/1991 1:11:34" ,459, 160);
INSERT INTO Exame( EventoID, Nome, Descricao) VALUES (1503,"Urina","descricao");
INSERT INTO MedicoExame( MedicoID, ExameID) VALUES (4832,1503);
INSERT INTO Evento(EventoID,Descricao, Data, Admissao, Quarto) VALUES (1504, "descricao","2/5/1999 6:35:25" ,34, 249);
INSERT INTO Exame( EventoID, Nome, Descricao) VALUES (1504,"liquido sinovial","descricao");
INSERT INTO MedicoExame( MedicoID, ExameID) VALUES (7280,1504);
INSERT INTO Evento(EventoID,Descricao, Data, Admissao, Quarto) VALUES (1505, "descricao","18/9/2002 22:47:19" ,150, 202);
INSERT INTO Exame( EventoID, Nome, Descricao) VALUES (1505,"broncoscopia","descricao");
INSERT INTO MedicoExame( MedicoID, ExameID) VALUES (4282,1505);
INSERT INTO Evento(EventoID,Descricao, Data, Admissao, Quarto) VALUES (1506, "descricao","11/10/2004 12:2:15" ,42, 219);
INSERT INTO Exame( EventoID, Nome, Descricao) VALUES (1506,"cistoscopia","descricao");
INSERT INTO MedicoExame( MedicoID, ExameID) VALUES (4282,1506);
INSERT INTO Evento(EventoID,Descricao, Data, Admissao, Quarto) VALUES (1507, "descricao","3/1/1983 20:3:37" ,497, 244);
INSERT INTO Exame( EventoID, Nome, Descricao) VALUES (1507,"cistoscopia","descricao");
INSERT INTO MedicoExame( MedicoID, ExameID) VALUES (7280,1507);
INSERT INTO Evento(EventoID,Descricao, Data, Admissao, Quarto) VALUES (1508, "descricao","13/9/2015 10:36:17" ,489, 211);
INSERT INTO Exame( EventoID, Nome, Descricao) VALUES (1508,"toracoscopia","descricao");
INSERT INTO MedicoExame( MedicoID, ExameID) VALUES (2769,1508);
INSERT INTO Evento(EventoID,Descricao, Data, Admissao, Quarto) VALUES (1509, "descricao","21/7/2004 13:36:28" ,18, 163);
INSERT INTO Exame( EventoID, Nome, Descricao) VALUES (1509,"laringoscopia","descricao");
INSERT INTO MedicoExame( MedicoID, ExameID) VALUES (4832,1509);
INSERT INTO Evento(EventoID,Descricao, Data, Admissao, Quarto) VALUES (1510, "descricao","11/10/1990 6:30:7" ,460, 199);
INSERT INTO Exame( EventoID, Nome, Descricao) VALUES (1510,"liquido cefalorraquidiano","descricao");
INSERT INTO MedicoExame( MedicoID, ExameID) VALUES (2769,1510);
INSERT INTO Evento(EventoID,Descricao, Data, Admissao, Quarto) VALUES (1511, "descricao","13/3/1995 6:41:59" ,290, 224);
INSERT INTO Exame( EventoID, Nome, Descricao) VALUES (1511,"Sangue","descricao");
INSERT INTO MedicoExame( MedicoID, ExameID) VALUES (1877,1511);
INSERT INTO Evento(EventoID,Descricao, Data, Admissao, Quarto) VALUES (1512, "descricao","21/4/1964 17:48:33" ,132, 127);
INSERT INTO Exame( EventoID, Nome, Descricao) VALUES (1512,"liquido sinovial","descricao");
INSERT INTO MedicoExame( MedicoID, ExameID) VALUES (4369,1512);
INSERT INTO Evento(EventoID,Descricao, Data, Admissao, Quarto) VALUES (1513, "descricao","18/9/2013 20:4:42" ,267, 131);
INSERT INTO Exame( EventoID, Nome, Descricao) VALUES (1513,"broncoscopia","descricao");
INSERT INTO MedicoExame( MedicoID, ExameID) VALUES (7701,1513);
INSERT INTO Evento(EventoID,Descricao, Data, Admissao, Quarto) VALUES (1514, "descricao","24/9/1973 7:3:26" ,191, 104);
INSERT INTO Exame( EventoID, Nome, Descricao) VALUES (1514,"laringoscopia","descricao");
INSERT INTO MedicoExame( MedicoID, ExameID) VALUES (7701,1514);
INSERT INTO Evento(EventoID,Descricao, Data, Admissao, Quarto) VALUES (1515, "descricao","6/7/1976 20:26:58" ,220, 136);
INSERT INTO Exame( EventoID, Nome, Descricao) VALUES (1515,"broncoscopia","descricao");
INSERT INTO MedicoExame( MedicoID, ExameID) VALUES (3687,1515);
INSERT INTO Evento(EventoID,Descricao, Data, Admissao, Quarto) VALUES (1516, "descricao","2/11/2019 7:6:32" ,80, 125);
INSERT INTO Exame( EventoID, Nome, Descricao) VALUES (1516,"cistoscopia","descricao");
INSERT INTO MedicoExame( MedicoID, ExameID) VALUES (6342,1516);
INSERT INTO Evento(EventoID,Descricao, Data, Admissao, Quarto) VALUES (1517, "descricao","19/8/1999 19:51:4" ,340, 151);
INSERT INTO Exame( EventoID, Nome, Descricao) VALUES (1517,"mediastinoscopia","descricao");
INSERT INTO MedicoExame( MedicoID, ExameID) VALUES (8015,1517);
INSERT INTO Evento(EventoID,Descricao, Data, Admissao, Quarto) VALUES (1518, "descricao","11/12/1989 12:55:53" ,240, 199);
INSERT INTO Exame( EventoID, Nome, Descricao) VALUES (1518,"mediastinoscopia","descricao");
INSERT INTO MedicoExame( MedicoID, ExameID) VALUES (6342,1518);
INSERT INTO Evento(EventoID,Descricao, Data, Admissao, Quarto) VALUES (1519, "descricao","16/4/2000 17:57:15" ,376, 178);
INSERT INTO Exame( EventoID, Nome, Descricao) VALUES (1519,"esofagoscopia","descricao");
INSERT INTO MedicoExame( MedicoID, ExameID) VALUES (7701,1519);
INSERT INTO Evento(EventoID,Descricao, Data, Admissao, Quarto) VALUES (1520, "descricao","19/6/1975 4:49:57" ,459, 168);
INSERT INTO Exame( EventoID, Nome, Descricao) VALUES (1520,"liquido cefalorraquidiano","descricao");
INSERT INTO MedicoExame( MedicoID, ExameID) VALUES (1819,1520);
INSERT INTO Evento(EventoID,Descricao, Data, Admissao, Quarto) VALUES (1521, "descricao","2/3/2008 1:32:24" ,350, 111);
INSERT INTO Exame( EventoID, Nome, Descricao) VALUES (1521,"Urina","descricao");
INSERT INTO MedicoExame( MedicoID, ExameID) VALUES (1315,1521);
INSERT INTO Evento(EventoID,Descricao, Data, Admissao, Quarto) VALUES (1522, "descricao","9/7/1994 18:40:18" ,290, 102);
INSERT INTO Exame( EventoID, Nome, Descricao) VALUES (1522,"liquido sinovial","descricao");
INSERT INTO MedicoExame( MedicoID, ExameID) VALUES (2607,1522);
INSERT INTO Evento(EventoID,Descricao, Data, Admissao, Quarto) VALUES (1523, "descricao","15/10/1990 1:11:47" ,225, 120);
INSERT INTO Exame( EventoID, Nome, Descricao) VALUES (1523,"laparoscopia","descricao");
INSERT INTO MedicoExame( MedicoID, ExameID) VALUES (3687,1523);
INSERT INTO Evento(EventoID,Descricao, Data, Admissao, Quarto) VALUES (1524, "descricao","16/11/1993 15:13:53" ,140, 153);
INSERT INTO Exame( EventoID, Nome, Descricao) VALUES (1524,"esofagoscopia","descricao");
INSERT INTO MedicoExame( MedicoID, ExameID) VALUES (8015,1524);
INSERT INTO Evento(EventoID,Descricao, Data, Admissao, Quarto) VALUES (1525, "descricao","23/5/1986 15:48:58" ,203, 124);
INSERT INTO Exame( EventoID, Nome, Descricao) VALUES (1525,"mediastinoscopia","descricao");
INSERT INTO MedicoExame( MedicoID, ExameID) VALUES (1877,1525);
INSERT INTO Evento(EventoID,Descricao, Data, Admissao, Quarto) VALUES (1526, "descricao","7/11/1961 5:46:54" ,347, 159);
INSERT INTO Exame( EventoID, Nome, Descricao) VALUES (1526,"toracoscopia","descricao");
INSERT INTO MedicoExame( MedicoID, ExameID) VALUES (6757,1526);
INSERT INTO Evento(EventoID,Descricao, Data, Admissao, Quarto) VALUES (1527, "descricao","26/10/1973 15:52:25" ,306, 159);
INSERT INTO Exame( EventoID, Nome, Descricao) VALUES (1527,"Sangue","descricao");
INSERT INTO MedicoExame( MedicoID, ExameID) VALUES (6675,1527);
INSERT INTO Evento(EventoID,Descricao, Data, Admissao, Quarto) VALUES (1528, "descricao","4/8/1974 0:33:2" ,436, 198);
INSERT INTO Exame( EventoID, Nome, Descricao) VALUES (1528,"esofagoscopia","descricao");
INSERT INTO MedicoExame( MedicoID, ExameID) VALUES (8015,1528);
INSERT INTO Evento(EventoID,Descricao, Data, Admissao, Quarto) VALUES (1529, "descricao","14/7/2006 16:24:45" ,408, 147);
INSERT INTO Exame( EventoID, Nome, Descricao) VALUES (1529,"liquido sinovial","descricao");
INSERT INTO MedicoExame( MedicoID, ExameID) VALUES (8015,1529);
INSERT INTO Evento(EventoID,Descricao, Data, Admissao, Quarto) VALUES (1530, "descricao","1/5/1972 9:2:11" ,43, 193);
INSERT INTO Exame( EventoID, Nome, Descricao) VALUES (1530,"laringoscopia","descricao");
INSERT INTO MedicoExame( MedicoID, ExameID) VALUES (8950,1530);
INSERT INTO Evento(EventoID,Descricao, Data, Admissao, Quarto) VALUES (1531, "descricao","11/5/1962 4:52:48" ,496, 175);
INSERT INTO Exame( EventoID, Nome, Descricao) VALUES (1531,"laringoscopia","descricao");
INSERT INTO MedicoExame( MedicoID, ExameID) VALUES (8183,1531);
INSERT INTO Evento(EventoID,Descricao, Data, Admissao, Quarto) VALUES (1532, "descricao","20/8/1979 9:8:19" ,338, 213);
INSERT INTO Exame( EventoID, Nome, Descricao) VALUES (1532,"laparoscopia","descricao");
INSERT INTO MedicoExame( MedicoID, ExameID) VALUES (7280,1532);
INSERT INTO Evento(EventoID,Descricao, Data, Admissao, Quarto) VALUES (1533, "descricao","25/9/2003 20:32:55" ,498, 102);
INSERT INTO Exame( EventoID, Nome, Descricao) VALUES (1533,"Sangue","descricao");
INSERT INTO MedicoExame( MedicoID, ExameID) VALUES (4369,1533);
INSERT INTO Evento(EventoID,Descricao, Data, Admissao, Quarto) VALUES (1534, "descricao","27/9/1963 13:8:41" ,325, 174);
INSERT INTO Exame( EventoID, Nome, Descricao) VALUES (1534,"liquido sinovial","descricao");
INSERT INTO MedicoExame( MedicoID, ExameID) VALUES (2923,1534);
INSERT INTO Evento(EventoID,Descricao, Data, Admissao, Quarto) VALUES (1535, "descricao","16/5/1971 17:10:55" ,304, 115);
INSERT INTO Exame( EventoID, Nome, Descricao) VALUES (1535,"liquido cefalorraquidiano","descricao");
INSERT INTO MedicoExame( MedicoID, ExameID) VALUES (2970,1535);
INSERT INTO Evento(EventoID,Descricao, Data, Admissao, Quarto) VALUES (1536, "descricao","6/3/1992 5:30:36" ,426, 219);
INSERT INTO Exame( EventoID, Nome, Descricao) VALUES (1536,"esofagoscopia","descricao");
INSERT INTO MedicoExame( MedicoID, ExameID) VALUES (1166,1536);
INSERT INTO Evento(EventoID,Descricao, Data, Admissao, Quarto) VALUES (1537, "descricao","9/1/1993 23:6:25" ,457, 204);
INSERT INTO Exame( EventoID, Nome, Descricao) VALUES (1537,"cistoscopia","descricao");
INSERT INTO MedicoExame( MedicoID, ExameID) VALUES (5024,1537);
INSERT INTO Evento(EventoID,Descricao, Data, Admissao, Quarto) VALUES (1538, "descricao","21/11/1980 2:21:11" ,452, 211);
INSERT INTO Exame( EventoID, Nome, Descricao) VALUES (1538,"Sangue","descricao");
INSERT INTO MedicoExame( MedicoID, ExameID) VALUES (8183,1538);
INSERT INTO Evento(EventoID,Descricao, Data, Admissao, Quarto) VALUES (1539, "descricao","3/11/1979 11:0:58" ,344, 243);
INSERT INTO Exame( EventoID, Nome, Descricao) VALUES (1539,"esofagoscopia","descricao");
INSERT INTO MedicoExame( MedicoID, ExameID) VALUES (2336,1539);
INSERT INTO Evento(EventoID,Descricao, Data, Admissao, Quarto) VALUES (1540, "descricao","22/7/2014 2:42:22" ,37, 134);
INSERT INTO Exame( EventoID, Nome, Descricao) VALUES (1540,"liquido sinovial","descricao");
INSERT INTO MedicoExame( MedicoID, ExameID) VALUES (4930,1540);
INSERT INTO Evento(EventoID,Descricao, Data, Admissao, Quarto) VALUES (1541, "descricao","26/9/1999 6:44:45" ,211, 231);
INSERT INTO Exame( EventoID, Nome, Descricao) VALUES (1541,"broncoscopia","descricao");
INSERT INTO MedicoExame( MedicoID, ExameID) VALUES (7280,1541);
INSERT INTO Evento(EventoID,Descricao, Data, Admissao, Quarto) VALUES (1542, "descricao","4/11/1966 5:1:52" ,387, 195);
INSERT INTO Exame( EventoID, Nome, Descricao) VALUES (1542,"Urina","descricao");
INSERT INTO MedicoExame( MedicoID, ExameID) VALUES (1315,1542);
INSERT INTO Evento(EventoID,Descricao, Data, Admissao, Quarto) VALUES (1543, "descricao","11/9/2015 6:3:24" ,315, 119);
INSERT INTO Exame( EventoID, Nome, Descricao) VALUES (1543,"laringoscopia","descricao");
INSERT INTO MedicoExame( MedicoID, ExameID) VALUES (2769,1543);
INSERT INTO Evento(EventoID,Descricao, Data, Admissao, Quarto) VALUES (1544, "descricao","9/12/2015 18:16:42" ,491, 143);
INSERT INTO Exame( EventoID, Nome, Descricao) VALUES (1544,"toracoscopia","descricao");
INSERT INTO MedicoExame( MedicoID, ExameID) VALUES (3687,1544);
INSERT INTO Evento(EventoID,Descricao, Data, Admissao, Quarto) VALUES (1545, "descricao","25/8/2015 16:30:48" ,449, 147);
INSERT INTO Exame( EventoID, Nome, Descricao) VALUES (1545,"toracoscopia","descricao");
INSERT INTO MedicoExame( MedicoID, ExameID) VALUES (9132,1545);
INSERT INTO Evento(EventoID,Descricao, Data, Admissao, Quarto) VALUES (1546, "descricao","22/2/1975 20:50:53" ,466, 182);
INSERT INTO Exame( EventoID, Nome, Descricao) VALUES (1546,"esofagoscopia","descricao");
INSERT INTO MedicoExame( MedicoID, ExameID) VALUES (4282,1546);
INSERT INTO Evento(EventoID,Descricao, Data, Admissao, Quarto) VALUES (1547, "descricao","19/2/2011 11:11:34" ,155, 101);
INSERT INTO Exame( EventoID, Nome, Descricao) VALUES (1547,"liquido sinovial","descricao");
INSERT INTO MedicoExame( MedicoID, ExameID) VALUES (5024,1547);
INSERT INTO Evento(EventoID,Descricao, Data, Admissao, Quarto) VALUES (1548, "descricao","13/10/2014 14:46:7" ,448, 246);
INSERT INTO Exame( EventoID, Nome, Descricao) VALUES (1548,"laringoscopia","descricao");
INSERT INTO MedicoExame( MedicoID, ExameID) VALUES (2966,1548);
INSERT INTO Evento(EventoID,Descricao, Data, Admissao, Quarto) VALUES (1549, "descricao","3/7/1992 2:6:19" ,28, 182);
INSERT INTO Exame( EventoID, Nome, Descricao) VALUES (1549,"laringoscopia","descricao");
INSERT INTO MedicoExame( MedicoID, ExameID) VALUES (1315,1549);
INSERT INTO Evento(EventoID,Descricao, Data, Admissao, Quarto) VALUES (1550, "descricao","15/5/2017 3:47:47" ,264, 195);
INSERT INTO Exame( EventoID, Nome, Descricao) VALUES (1550,"laringoscopia","descricao");
INSERT INTO MedicoExame( MedicoID, ExameID) VALUES (9570,1550);
INSERT INTO Evento(EventoID,Descricao, Data, Admissao, Quarto) VALUES (1551, "descricao","17/6/1986 3:43:23" ,218, 211);
INSERT INTO Exame( EventoID, Nome, Descricao) VALUES (1551,"laringoscopia","descricao");
INSERT INTO MedicoExame( MedicoID, ExameID) VALUES (9132,1551);
INSERT INTO Evento(EventoID,Descricao, Data, Admissao, Quarto) VALUES (1552, "descricao","25/5/1979 22:8:55" ,357, 142);
INSERT INTO Exame( EventoID, Nome, Descricao) VALUES (1552,"toracoscopia","descricao");
INSERT INTO MedicoExame( MedicoID, ExameID) VALUES (6467,1552);
INSERT INTO Evento(EventoID,Descricao, Data, Admissao, Quarto) VALUES (1553, "descricao","13/5/1982 11:21:16" ,12, 146);
INSERT INTO Exame( EventoID, Nome, Descricao) VALUES (1553,"Urina","descricao");
INSERT INTO MedicoExame( MedicoID, ExameID) VALUES (2255,1553);
INSERT INTO Evento(EventoID,Descricao, Data, Admissao, Quarto) VALUES (1554, "descricao","22/8/2011 15:52:21" ,376, 133);
INSERT INTO Exame( EventoID, Nome, Descricao) VALUES (1554,"broncoscopia","descricao");
INSERT INTO MedicoExame( MedicoID, ExameID) VALUES (6342,1554);
INSERT INTO Evento(EventoID,Descricao, Data, Admissao, Quarto) VALUES (1555, "descricao","23/11/1993 22:18:1" ,219, 161);
INSERT INTO Exame( EventoID, Nome, Descricao) VALUES (1555,"laparoscopia","descricao");
INSERT INTO MedicoExame( MedicoID, ExameID) VALUES (5894,1555);
INSERT INTO Evento(EventoID,Descricao, Data, Admissao, Quarto) VALUES (1556, "descricao","4/9/1994 21:9:36" ,111, 197);
INSERT INTO Exame( EventoID, Nome, Descricao) VALUES (1556,"liquido cefalorraquidiano","descricao");
INSERT INTO MedicoExame( MedicoID, ExameID) VALUES (6281,1556);
INSERT INTO Evento(EventoID,Descricao, Data, Admissao, Quarto) VALUES (1557, "descricao","23/8/1960 4:29:42" ,355, 248);
INSERT INTO Exame( EventoID, Nome, Descricao) VALUES (1557,"broncoscopia","descricao");
INSERT INTO MedicoExame( MedicoID, ExameID) VALUES (1819,1557);
INSERT INTO Evento(EventoID,Descricao, Data, Admissao, Quarto) VALUES (1558, "descricao","4/11/1986 11:15:42" ,38, 186);
INSERT INTO Exame( EventoID, Nome, Descricao) VALUES (1558,"laringoscopia","descricao");
INSERT INTO MedicoExame( MedicoID, ExameID) VALUES (8767,1558);
INSERT INTO Evento(EventoID,Descricao, Data, Admissao, Quarto) VALUES (1559, "descricao","26/10/2007 4:37:38" ,92, 114);
INSERT INTO Exame( EventoID, Nome, Descricao) VALUES (1559,"Urina","descricao");
INSERT INTO MedicoExame( MedicoID, ExameID) VALUES (4811,1559);
INSERT INTO Evento(EventoID,Descricao, Data, Admissao, Quarto) VALUES (1560, "descricao","25/5/1987 0:27:55" ,480, 196);
INSERT INTO Exame( EventoID, Nome, Descricao) VALUES (1560,"toracoscopia","descricao");
INSERT INTO MedicoExame( MedicoID, ExameID) VALUES (2966,1560);
INSERT INTO Evento(EventoID,Descricao, Data, Admissao, Quarto) VALUES (1561, "descricao","18/9/1997 21:50:24" ,246, 211);
INSERT INTO Exame( EventoID, Nome, Descricao) VALUES (1561,"esofagoscopia","descricao");
INSERT INTO MedicoExame( MedicoID, ExameID) VALUES (4369,1561);
INSERT INTO Evento(EventoID,Descricao, Data, Admissao, Quarto) VALUES (1562, "descricao","25/7/2017 14:25:20" ,12, 228);
INSERT INTO Exame( EventoID, Nome, Descricao) VALUES (1562,"Urina","descricao");
INSERT INTO MedicoExame( MedicoID, ExameID) VALUES (8183,1562);
INSERT INTO Evento(EventoID,Descricao, Data, Admissao, Quarto) VALUES (1563, "descricao","20/1/2009 19:17:34" ,420, 211);
INSERT INTO Exame( EventoID, Nome, Descricao) VALUES (1563,"liquido sinovial","descricao");
INSERT INTO MedicoExame( MedicoID, ExameID) VALUES (7701,1563);
INSERT INTO Evento(EventoID,Descricao, Data, Admissao, Quarto) VALUES (1564, "descricao","10/7/1995 0:27:10" ,148, 156);
INSERT INTO Exame( EventoID, Nome, Descricao) VALUES (1564,"esofagoscopia","descricao");
INSERT INTO MedicoExame( MedicoID, ExameID) VALUES (2966,1564);
INSERT INTO Evento(EventoID,Descricao, Data, Admissao, Quarto) VALUES (1565, "descricao","15/12/2019 20:31:36" ,66, 240);
INSERT INTO Exame( EventoID, Nome, Descricao) VALUES (1565,"Urina","descricao");
INSERT INTO MedicoExame( MedicoID, ExameID) VALUES (4832,1565);
INSERT INTO Evento(EventoID,Descricao, Data, Admissao, Quarto) VALUES (1566, "descricao","27/12/1964 16:49:1" ,440, 218);
INSERT INTO Exame( EventoID, Nome, Descricao) VALUES (1566,"esofagoscopia","descricao");
INSERT INTO MedicoExame( MedicoID, ExameID) VALUES (2336,1566);
INSERT INTO Evento(EventoID,Descricao, Data, Admissao, Quarto) VALUES (1567, "descricao","19/3/1995 6:42:32" ,228, 164);
INSERT INTO Exame( EventoID, Nome, Descricao) VALUES (1567,"Urina","descricao");
INSERT INTO MedicoExame( MedicoID, ExameID) VALUES (2255,1567);
INSERT INTO Evento(EventoID,Descricao, Data, Admissao, Quarto) VALUES (1568, "descricao","26/12/1978 0:31:32" ,329, 100);
INSERT INTO Exame( EventoID, Nome, Descricao) VALUES (1568,"Urina","descricao");
INSERT INTO MedicoExame( MedicoID, ExameID) VALUES (8015,1568);
INSERT INTO Evento(EventoID,Descricao, Data, Admissao, Quarto) VALUES (1569, "descricao","13/3/2000 0:18:50" ,361, 179);
INSERT INTO Exame( EventoID, Nome, Descricao) VALUES (1569,"mediastinoscopia","descricao");
INSERT INTO MedicoExame( MedicoID, ExameID) VALUES (2966,1569);
INSERT INTO Evento(EventoID,Descricao, Data, Admissao, Quarto) VALUES (1570, "descricao","3/10/1990 2:22:15" ,239, 246);
INSERT INTO Exame( EventoID, Nome, Descricao) VALUES (1570,"liquido cefalorraquidiano","descricao");
INSERT INTO MedicoExame( MedicoID, ExameID) VALUES (6342,1570);
INSERT INTO Evento(EventoID,Descricao, Data, Admissao, Quarto) VALUES (1571, "descricao","5/2/2017 5:15:46" ,157, 113);
INSERT INTO Exame( EventoID, Nome, Descricao) VALUES (1571,"toracoscopia","descricao");
INSERT INTO MedicoExame( MedicoID, ExameID) VALUES (4832,1571);
INSERT INTO Evento(EventoID,Descricao, Data, Admissao, Quarto) VALUES (1572, "descricao","10/8/1993 5:11:40" ,379, 238);
INSERT INTO Exame( EventoID, Nome, Descricao) VALUES (1572,"liquido cefalorraquidiano","descricao");
INSERT INTO MedicoExame( MedicoID, ExameID) VALUES (2966,1572);
INSERT INTO Evento(EventoID,Descricao, Data, Admissao, Quarto) VALUES (1573, "descricao","18/6/1980 9:29:50" ,392, 236);
INSERT INTO Exame( EventoID, Nome, Descricao) VALUES (1573,"broncoscopia","descricao");
INSERT INTO MedicoExame( MedicoID, ExameID) VALUES (8157,1573);
INSERT INTO Evento(EventoID,Descricao, Data, Admissao, Quarto) VALUES (1574, "descricao","1/3/1985 3:29:56" ,165, 139);
INSERT INTO Exame( EventoID, Nome, Descricao) VALUES (1574,"liquido sinovial","descricao");
INSERT INTO MedicoExame( MedicoID, ExameID) VALUES (2970,1574);
INSERT INTO Evento(EventoID,Descricao, Data, Admissao, Quarto) VALUES (1575, "descricao","11/8/1990 15:3:38" ,351, 129);
INSERT INTO Exame( EventoID, Nome, Descricao) VALUES (1575,"Sangue","descricao");
INSERT INTO MedicoExame( MedicoID, ExameID) VALUES (8767,1575);
INSERT INTO Evento(EventoID,Descricao, Data, Admissao, Quarto) VALUES (1576, "descricao","14/3/1983 22:46:17" ,310, 121);
INSERT INTO Exame( EventoID, Nome, Descricao) VALUES (1576,"mediastinoscopia","descricao");
INSERT INTO MedicoExame( MedicoID, ExameID) VALUES (2198,1576);
INSERT INTO Evento(EventoID,Descricao, Data, Admissao, Quarto) VALUES (1577, "descricao","4/1/2009 4:47:7" ,269, 194);
INSERT INTO Exame( EventoID, Nome, Descricao) VALUES (1577,"Sangue","descricao");
INSERT INTO MedicoExame( MedicoID, ExameID) VALUES (4832,1577);
INSERT INTO Evento(EventoID,Descricao, Data, Admissao, Quarto) VALUES (1578, "descricao","1/5/1974 5:5:18" ,444, 154);
INSERT INTO Exame( EventoID, Nome, Descricao) VALUES (1578,"liquido sinovial","descricao");
INSERT INTO MedicoExame( MedicoID, ExameID) VALUES (8226,1578);
INSERT INTO Evento(EventoID,Descricao, Data, Admissao, Quarto) VALUES (1579, "descricao","25/1/1986 22:17:53" ,249, 229);
INSERT INTO Exame( EventoID, Nome, Descricao) VALUES (1579,"Urina","descricao");
INSERT INTO MedicoExame( MedicoID, ExameID) VALUES (6675,1579);
INSERT INTO Evento(EventoID,Descricao, Data, Admissao, Quarto) VALUES (1580, "descricao","16/2/1967 4:10:37" ,141, 241);
INSERT INTO Exame( EventoID, Nome, Descricao) VALUES (1580,"liquido cefalorraquidiano","descricao");
INSERT INTO MedicoExame( MedicoID, ExameID) VALUES (2607,1580);
INSERT INTO Evento(EventoID,Descricao, Data, Admissao, Quarto) VALUES (1581, "descricao","3/4/2000 10:42:22" ,60, 145);
INSERT INTO Exame( EventoID, Nome, Descricao) VALUES (1581,"liquido sinovial","descricao");
INSERT INTO MedicoExame( MedicoID, ExameID) VALUES (7280,1581);
INSERT INTO Evento(EventoID,Descricao, Data, Admissao, Quarto) VALUES (1582, "descricao","27/4/1987 5:24:30" ,156, 118);
INSERT INTO Exame( EventoID, Nome, Descricao) VALUES (1582,"laringoscopia","descricao");
INSERT INTO MedicoExame( MedicoID, ExameID) VALUES (9079,1582);
INSERT INTO Evento(EventoID,Descricao, Data, Admissao, Quarto) VALUES (1583, "descricao","28/6/1993 4:20:4" ,42, 150);
INSERT INTO Exame( EventoID, Nome, Descricao) VALUES (1583,"toracoscopia","descricao");
INSERT INTO MedicoExame( MedicoID, ExameID) VALUES (6675,1583);
INSERT INTO Evento(EventoID,Descricao, Data, Admissao, Quarto) VALUES (1584, "descricao","16/6/1991 3:26:14" ,269, 168);
INSERT INTO Exame( EventoID, Nome, Descricao) VALUES (1584,"liquido cefalorraquidiano","descricao");
INSERT INTO MedicoExame( MedicoID, ExameID) VALUES (1166,1584);
INSERT INTO Evento(EventoID,Descricao, Data, Admissao, Quarto) VALUES (1585, "descricao","23/12/1990 3:40:25" ,76, 188);
INSERT INTO Exame( EventoID, Nome, Descricao) VALUES (1585,"Urina","descricao");
INSERT INTO MedicoExame( MedicoID, ExameID) VALUES (8157,1585);
INSERT INTO Evento(EventoID,Descricao, Data, Admissao, Quarto) VALUES (1586, "descricao","24/4/2008 10:41:39" ,487, 133);
INSERT INTO Exame( EventoID, Nome, Descricao) VALUES (1586,"cistoscopia","descricao");
INSERT INTO MedicoExame( MedicoID, ExameID) VALUES (8950,1586);
INSERT INTO Evento(EventoID,Descricao, Data, Admissao, Quarto) VALUES (1587, "descricao","8/4/1989 20:8:51" ,285, 137);
INSERT INTO Exame( EventoID, Nome, Descricao) VALUES (1587,"mediastinoscopia","descricao");
INSERT INTO MedicoExame( MedicoID, ExameID) VALUES (6041,1587);
INSERT INTO Evento(EventoID,Descricao, Data, Admissao, Quarto) VALUES (1588, "descricao","19/8/1986 1:31:27" ,127, 218);
INSERT INTO Exame( EventoID, Nome, Descricao) VALUES (1588,"cistoscopia","descricao");
INSERT INTO MedicoExame( MedicoID, ExameID) VALUES (4917,1588);
INSERT INTO Evento(EventoID,Descricao, Data, Admissao, Quarto) VALUES (1589, "descricao","11/4/1995 22:57:8" ,415, 143);
INSERT INTO Exame( EventoID, Nome, Descricao) VALUES (1589,"toracoscopia","descricao");
INSERT INTO MedicoExame( MedicoID, ExameID) VALUES (7701,1589);
INSERT INTO Evento(EventoID,Descricao, Data, Admissao, Quarto) VALUES (1590, "descricao","11/7/2015 10:42:26" ,349, 219);
INSERT INTO Exame( EventoID, Nome, Descricao) VALUES (1590,"esofagoscopia","descricao");
INSERT INTO MedicoExame( MedicoID, ExameID) VALUES (5894,1590);
INSERT INTO Evento(EventoID,Descricao, Data, Admissao, Quarto) VALUES (1591, "descricao","24/8/1997 0:20:9" ,450, 195);
INSERT INTO Exame( EventoID, Nome, Descricao) VALUES (1591,"toracoscopia","descricao");
INSERT INTO MedicoExame( MedicoID, ExameID) VALUES (2970,1591);
INSERT INTO Evento(EventoID,Descricao, Data, Admissao, Quarto) VALUES (1592, "descricao","5/1/1994 23:1:57" ,224, 118);
INSERT INTO Exame( EventoID, Nome, Descricao) VALUES (1592,"laparoscopia","descricao");
INSERT INTO MedicoExame( MedicoID, ExameID) VALUES (2336,1592);
INSERT INTO Evento(EventoID,Descricao, Data, Admissao, Quarto) VALUES (1593, "descricao","24/3/1978 17:32:2" ,469, 109);
INSERT INTO Exame( EventoID, Nome, Descricao) VALUES (1593,"cistoscopia","descricao");
INSERT INTO MedicoExame( MedicoID, ExameID) VALUES (2970,1593);
INSERT INTO Evento(EventoID,Descricao, Data, Admissao, Quarto) VALUES (1594, "descricao","9/1/1981 15:12:58" ,311, 174);
INSERT INTO Exame( EventoID, Nome, Descricao) VALUES (1594,"Sangue","descricao");
INSERT INTO MedicoExame( MedicoID, ExameID) VALUES (9289,1594);
INSERT INTO Evento(EventoID,Descricao, Data, Admissao, Quarto) VALUES (1595, "descricao","19/2/2005 16:40:48" ,122, 130);
INSERT INTO Exame( EventoID, Nome, Descricao) VALUES (1595,"liquido cefalorraquidiano","descricao");
INSERT INTO MedicoExame( MedicoID, ExameID) VALUES (9289,1595);
INSERT INTO Evento(EventoID,Descricao, Data, Admissao, Quarto) VALUES (1596, "descricao","3/7/1991 4:37:44" ,162, 127);
INSERT INTO Exame( EventoID, Nome, Descricao) VALUES (1596,"Urina","descricao");
INSERT INTO MedicoExame( MedicoID, ExameID) VALUES (2255,1596);
INSERT INTO Evento(EventoID,Descricao, Data, Admissao, Quarto) VALUES (1597, "descricao","4/2/1986 4:42:10" ,131, 199);
INSERT INTO Exame( EventoID, Nome, Descricao) VALUES (1597,"esofagoscopia","descricao");
INSERT INTO MedicoExame( MedicoID, ExameID) VALUES (2966,1597);
INSERT INTO Evento(EventoID,Descricao, Data, Admissao, Quarto) VALUES (1598, "descricao","27/8/2014 20:27:30" ,99, 125);
INSERT INTO Exame( EventoID, Nome, Descricao) VALUES (1598,"Urina","descricao");
INSERT INTO MedicoExame( MedicoID, ExameID) VALUES (2923,1598);
INSERT INTO Evento(EventoID,Descricao, Data, Admissao, Quarto) VALUES (1599, "descricao","3/6/1968 1:33:26" ,230, 124);
INSERT INTO Exame( EventoID, Nome, Descricao) VALUES (1599,"Urina","descricao");
INSERT INTO MedicoExame( MedicoID, ExameID) VALUES (1298,1599);
INSERT INTO Evento(EventoID,Descricao, Data, Admissao, Quarto) VALUES (1600, "descricao","4/5/1975 1:56:50" ,280, 144);
INSERT INTO Exame( EventoID, Nome, Descricao) VALUES (1600,"toracoscopia","descricao");
INSERT INTO MedicoExame( MedicoID, ExameID) VALUES (4832,1600);
INSERT INTO Evento(EventoID,Descricao, Data, Admissao, Quarto) VALUES (1601, "descricao","3/9/1961 13:4:1" ,207, 163);
INSERT INTO Exame( EventoID, Nome, Descricao) VALUES (1601,"broncoscopia","descricao");
INSERT INTO MedicoExame( MedicoID, ExameID) VALUES (1166,1601);
INSERT INTO Evento(EventoID,Descricao, Data, Admissao, Quarto) VALUES (1602, "descricao","1/7/1988 8:58:46" ,59, 127);
INSERT INTO Exame( EventoID, Nome, Descricao) VALUES (1602,"esofagoscopia","descricao");
INSERT INTO MedicoExame( MedicoID, ExameID) VALUES (4282,1602);
INSERT INTO Evento(EventoID,Descricao, Data, Admissao, Quarto) VALUES (1603, "descricao","6/1/1968 13:36:8" ,42, 105);
INSERT INTO Exame( EventoID, Nome, Descricao) VALUES (1603,"laringoscopia","descricao");
INSERT INTO MedicoExame( MedicoID, ExameID) VALUES (5894,1603);
INSERT INTO Evento(EventoID,Descricao, Data, Admissao, Quarto) VALUES (1604, "descricao","10/8/1983 9:34:46" ,24, 117);
INSERT INTO Exame( EventoID, Nome, Descricao) VALUES (1604,"laparoscopia","descricao");
INSERT INTO MedicoExame( MedicoID, ExameID) VALUES (6675,1604);
INSERT INTO Evento(EventoID,Descricao, Data, Admissao, Quarto) VALUES (1605, "descricao","8/9/1962 12:13:24" ,499, 150);
INSERT INTO Exame( EventoID, Nome, Descricao) VALUES (1605,"mediastinoscopia","descricao");
INSERT INTO MedicoExame( MedicoID, ExameID) VALUES (8015,1605);
INSERT INTO Evento(EventoID,Descricao, Data, Admissao, Quarto) VALUES (1606, "descricao","10/8/1982 20:8:7" ,52, 221);
INSERT INTO Exame( EventoID, Nome, Descricao) VALUES (1606,"liquido cefalorraquidiano","descricao");
INSERT INTO MedicoExame( MedicoID, ExameID) VALUES (1877,1606);
INSERT INTO Evento(EventoID,Descricao, Data, Admissao, Quarto) VALUES (1607, "descricao","8/5/1969 16:42:40" ,176, 172);
INSERT INTO Exame( EventoID, Nome, Descricao) VALUES (1607,"broncoscopia","descricao");
INSERT INTO MedicoExame( MedicoID, ExameID) VALUES (8950,1607);
INSERT INTO Evento(EventoID,Descricao, Data, Admissao, Quarto) VALUES (1608, "descricao","25/2/1996 7:20:47" ,262, 180);
INSERT INTO Exame( EventoID, Nome, Descricao) VALUES (1608,"mediastinoscopia","descricao");
INSERT INTO MedicoExame( MedicoID, ExameID) VALUES (2607,1608);
INSERT INTO Evento(EventoID,Descricao, Data, Admissao, Quarto) VALUES (1609, "descricao","22/3/1960 0:36:35" ,132, 235);
INSERT INTO Exame( EventoID, Nome, Descricao) VALUES (1609,"toracoscopia","descricao");
INSERT INTO MedicoExame( MedicoID, ExameID) VALUES (1877,1609);
INSERT INTO Evento(EventoID,Descricao, Data, Admissao, Quarto) VALUES (1610, "descricao","24/12/1968 5:53:51" ,49, 151);
INSERT INTO Exame( EventoID, Nome, Descricao) VALUES (1610,"toracoscopia","descricao");
INSERT INTO MedicoExame( MedicoID, ExameID) VALUES (2966,1610);
INSERT INTO Evento(EventoID,Descricao, Data, Admissao, Quarto) VALUES (1611, "descricao","23/11/1975 15:5:56" ,249, 240);
INSERT INTO Exame( EventoID, Nome, Descricao) VALUES (1611,"Urina","descricao");
INSERT INTO MedicoExame( MedicoID, ExameID) VALUES (6757,1611);
INSERT INTO Evento(EventoID,Descricao, Data, Admissao, Quarto) VALUES (1612, "descricao","17/3/1967 4:57:32" ,283, 150);
INSERT INTO Exame( EventoID, Nome, Descricao) VALUES (1612,"esofagoscopia","descricao");
INSERT INTO MedicoExame( MedicoID, ExameID) VALUES (2255,1612);
INSERT INTO Evento(EventoID,Descricao, Data, Admissao, Quarto) VALUES (1613, "descricao","6/2/1989 0:39:9" ,316, 159);
INSERT INTO Exame( EventoID, Nome, Descricao) VALUES (1613,"cistoscopia","descricao");
INSERT INTO MedicoExame( MedicoID, ExameID) VALUES (4811,1613);
INSERT INTO Evento(EventoID,Descricao, Data, Admissao, Quarto) VALUES (1614, "descricao","20/12/1982 4:18:43" ,162, 188);
INSERT INTO Exame( EventoID, Nome, Descricao) VALUES (1614,"broncoscopia","descricao");
INSERT INTO MedicoExame( MedicoID, ExameID) VALUES (6757,1614);
INSERT INTO Evento(EventoID,Descricao, Data, Admissao, Quarto) VALUES (1615, "descricao","18/3/2019 18:42:52" ,111, 217);
INSERT INTO Exame( EventoID, Nome, Descricao) VALUES (1615,"laringoscopia","descricao");
INSERT INTO MedicoExame( MedicoID, ExameID) VALUES (1819,1615);
INSERT INTO Evento(EventoID,Descricao, Data, Admissao, Quarto) VALUES (1616, "descricao","24/2/1993 8:31:55" ,400, 161);
INSERT INTO Exame( EventoID, Nome, Descricao) VALUES (1616,"cistoscopia","descricao");
INSERT INTO MedicoExame( MedicoID, ExameID) VALUES (4282,1616);
INSERT INTO Evento(EventoID,Descricao, Data, Admissao, Quarto) VALUES (1617, "descricao","13/9/2007 7:58:58" ,57, 135);
INSERT INTO Exame( EventoID, Nome, Descricao) VALUES (1617,"broncoscopia","descricao");
INSERT INTO MedicoExame( MedicoID, ExameID) VALUES (5024,1617);
INSERT INTO Evento(EventoID,Descricao, Data, Admissao, Quarto) VALUES (1618, "descricao","5/4/1991 13:45:46" ,243, 198);
INSERT INTO Exame( EventoID, Nome, Descricao) VALUES (1618,"toracoscopia","descricao");
INSERT INTO MedicoExame( MedicoID, ExameID) VALUES (1315,1618);
INSERT INTO Evento(EventoID,Descricao, Data, Admissao, Quarto) VALUES (1619, "descricao","16/10/2009 9:26:10" ,185, 167);
INSERT INTO Exame( EventoID, Nome, Descricao) VALUES (1619,"laparoscopia","descricao");
INSERT INTO MedicoExame( MedicoID, ExameID) VALUES (2336,1619);
INSERT INTO Evento(EventoID,Descricao, Data, Admissao, Quarto) VALUES (1620, "descricao","21/1/2004 13:46:7" ,123, 215);
INSERT INTO Exame( EventoID, Nome, Descricao) VALUES (1620,"laparoscopia","descricao");
INSERT INTO MedicoExame( MedicoID, ExameID) VALUES (5894,1620);
INSERT INTO Evento(EventoID,Descricao, Data, Admissao, Quarto) VALUES (1621, "descricao","5/10/1969 22:48:7" ,141, 241);
INSERT INTO Exame( EventoID, Nome, Descricao) VALUES (1621,"Sangue","descricao");
INSERT INTO MedicoExame( MedicoID, ExameID) VALUES (2198,1621);
INSERT INTO Evento(EventoID,Descricao, Data, Admissao, Quarto) VALUES (1622, "descricao","21/6/2008 5:2:34" ,122, 246);
INSERT INTO Exame( EventoID, Nome, Descricao) VALUES (1622,"mediastinoscopia","descricao");
INSERT INTO MedicoExame( MedicoID, ExameID) VALUES (6342,1622);
INSERT INTO Evento(EventoID,Descricao, Data, Admissao, Quarto) VALUES (1623, "descricao","26/6/1989 21:36:24" ,24, 102);
INSERT INTO Exame( EventoID, Nome, Descricao) VALUES (1623,"mediastinoscopia","descricao");
INSERT INTO MedicoExame( MedicoID, ExameID) VALUES (1315,1623);
INSERT INTO Evento(EventoID,Descricao, Data, Admissao, Quarto) VALUES (1624, "descricao","2/6/1977 19:51:52" ,449, 235);
INSERT INTO Exame( EventoID, Nome, Descricao) VALUES (1624,"cistoscopia","descricao");
INSERT INTO MedicoExame( MedicoID, ExameID) VALUES (1315,1624);
INSERT INTO Evento(EventoID,Descricao, Data, Admissao, Quarto) VALUES (1625, "descricao","15/11/1986 4:58:3" ,484, 236);
INSERT INTO Exame( EventoID, Nome, Descricao) VALUES (1625,"liquido cefalorraquidiano","descricao");
INSERT INTO MedicoExame( MedicoID, ExameID) VALUES (2607,1625);
INSERT INTO Evento(EventoID,Descricao, Data, Admissao, Quarto) VALUES (1626, "descricao","9/1/2000 20:7:32" ,47, 105);
INSERT INTO Exame( EventoID, Nome, Descricao) VALUES (1626,"esofagoscopia","descricao");
INSERT INTO MedicoExame( MedicoID, ExameID) VALUES (3833,1626);
INSERT INTO Evento(EventoID,Descricao, Data, Admissao, Quarto) VALUES (1627, "descricao","17/4/1984 5:20:27" ,142, 159);
INSERT INTO Exame( EventoID, Nome, Descricao) VALUES (1627,"liquido cefalorraquidiano","descricao");
INSERT INTO MedicoExame( MedicoID, ExameID) VALUES (4282,1627);
INSERT INTO Evento(EventoID,Descricao, Data, Admissao, Quarto) VALUES (1628, "descricao","3/7/2006 14:21:13" ,350, 176);
INSERT INTO Exame( EventoID, Nome, Descricao) VALUES (1628,"Urina","descricao");
INSERT INTO MedicoExame( MedicoID, ExameID) VALUES (8015,1628);
INSERT INTO Evento(EventoID,Descricao, Data, Admissao, Quarto) VALUES (1629, "descricao","25/1/1960 6:43:57" ,449, 164);
INSERT INTO Exame( EventoID, Nome, Descricao) VALUES (1629,"Urina","descricao");
INSERT INTO MedicoExame( MedicoID, ExameID) VALUES (4282,1629);
INSERT INTO Evento(EventoID,Descricao, Data, Admissao, Quarto) VALUES (1630, "descricao","23/9/1997 2:18:18" ,448, 166);
INSERT INTO Exame( EventoID, Nome, Descricao) VALUES (1630,"mediastinoscopia","descricao");
INSERT INTO MedicoExame( MedicoID, ExameID) VALUES (3687,1630);
INSERT INTO Evento(EventoID,Descricao, Data, Admissao, Quarto) VALUES (1631, "descricao","16/10/1973 10:25:32" ,297, 122);
INSERT INTO Exame( EventoID, Nome, Descricao) VALUES (1631,"Sangue","descricao");
INSERT INTO MedicoExame( MedicoID, ExameID) VALUES (8226,1631);
INSERT INTO Evento(EventoID,Descricao, Data, Admissao, Quarto) VALUES (1632, "descricao","27/10/1980 18:5:9" ,276, 135);
INSERT INTO Exame( EventoID, Nome, Descricao) VALUES (1632,"mediastinoscopia","descricao");
INSERT INTO MedicoExame( MedicoID, ExameID) VALUES (1315,1632);
INSERT INTO Evento(EventoID,Descricao, Data, Admissao, Quarto) VALUES (1633, "descricao","25/7/1962 12:45:43" ,369, 119);
INSERT INTO Exame( EventoID, Nome, Descricao) VALUES (1633,"laringoscopia","descricao");
INSERT INTO MedicoExame( MedicoID, ExameID) VALUES (4811,1633);
INSERT INTO Evento(EventoID,Descricao, Data, Admissao, Quarto) VALUES (1634, "descricao","21/1/1961 15:48:22" ,121, 139);
INSERT INTO Exame( EventoID, Nome, Descricao) VALUES (1634,"toracoscopia","descricao");
INSERT INTO MedicoExame( MedicoID, ExameID) VALUES (6467,1634);
INSERT INTO Evento(EventoID,Descricao, Data, Admissao, Quarto) VALUES (1635, "descricao","7/6/1984 15:47:18" ,29, 196);
INSERT INTO Exame( EventoID, Nome, Descricao) VALUES (1635,"liquido sinovial","descricao");
INSERT INTO MedicoExame( MedicoID, ExameID) VALUES (6041,1635);
INSERT INTO Evento(EventoID,Descricao, Data, Admissao, Quarto) VALUES (1636, "descricao","24/5/1960 17:13:55" ,4, 137);
INSERT INTO Exame( EventoID, Nome, Descricao) VALUES (1636,"mediastinoscopia","descricao");
INSERT INTO MedicoExame( MedicoID, ExameID) VALUES (4832,1636);
INSERT INTO Evento(EventoID,Descricao, Data, Admissao, Quarto) VALUES (1637, "descricao","9/5/1995 0:55:10" ,233, 193);
INSERT INTO Exame( EventoID, Nome, Descricao) VALUES (1637,"cistoscopia","descricao");
INSERT INTO MedicoExame( MedicoID, ExameID) VALUES (9289,1637);
INSERT INTO Evento(EventoID,Descricao, Data, Admissao, Quarto) VALUES (1638, "descricao","3/8/1973 9:58:15" ,271, 127);
INSERT INTO Exame( EventoID, Nome, Descricao) VALUES (1638,"Sangue","descricao");
INSERT INTO MedicoExame( MedicoID, ExameID) VALUES (4282,1638);
INSERT INTO Evento(EventoID,Descricao, Data, Admissao, Quarto) VALUES (1639, "descricao","19/4/1986 17:18:12" ,470, 115);
INSERT INTO Exame( EventoID, Nome, Descricao) VALUES (1639,"laringoscopia","descricao");
INSERT INTO MedicoExame( MedicoID, ExameID) VALUES (7701,1639);
INSERT INTO Evento(EventoID,Descricao, Data, Admissao, Quarto) VALUES (1640, "descricao","22/8/1971 12:51:35" ,194, 190);
INSERT INTO Exame( EventoID, Nome, Descricao) VALUES (1640,"mediastinoscopia","descricao");
INSERT INTO MedicoExame( MedicoID, ExameID) VALUES (3687,1640);
INSERT INTO Evento(EventoID,Descricao, Data, Admissao, Quarto) VALUES (1641, "descricao","8/7/2016 3:57:10" ,381, 146);
INSERT INTO Exame( EventoID, Nome, Descricao) VALUES (1641,"broncoscopia","descricao");
INSERT INTO MedicoExame( MedicoID, ExameID) VALUES (2769,1641);
INSERT INTO Evento(EventoID,Descricao, Data, Admissao, Quarto) VALUES (1642, "descricao","9/3/1981 22:11:55" ,488, 122);
INSERT INTO Exame( EventoID, Nome, Descricao) VALUES (1642,"Urina","descricao");
INSERT INTO MedicoExame( MedicoID, ExameID) VALUES (4282,1642);
INSERT INTO Evento(EventoID,Descricao, Data, Admissao, Quarto) VALUES (1643, "descricao","18/3/2012 11:14:21" ,443, 246);
INSERT INTO Exame( EventoID, Nome, Descricao) VALUES (1643,"laparoscopia","descricao");
INSERT INTO MedicoExame( MedicoID, ExameID) VALUES (4917,1643);
INSERT INTO Evento(EventoID,Descricao, Data, Admissao, Quarto) VALUES (1644, "descricao","10/11/1962 15:56:43" ,366, 191);
INSERT INTO Exame( EventoID, Nome, Descricao) VALUES (1644,"liquido sinovial","descricao");
INSERT INTO MedicoExame( MedicoID, ExameID) VALUES (3687,1644);
INSERT INTO Evento(EventoID,Descricao, Data, Admissao, Quarto) VALUES (1645, "descricao","25/4/2002 16:4:47" ,443, 217);
INSERT INTO Exame( EventoID, Nome, Descricao) VALUES (1645,"broncoscopia","descricao");
INSERT INTO MedicoExame( MedicoID, ExameID) VALUES (6675,1645);
INSERT INTO Evento(EventoID,Descricao, Data, Admissao, Quarto) VALUES (1646, "descricao","26/2/2015 17:54:58" ,461, 113);
INSERT INTO Exame( EventoID, Nome, Descricao) VALUES (1646,"toracoscopia","descricao");
INSERT INTO MedicoExame( MedicoID, ExameID) VALUES (9132,1646);
INSERT INTO Evento(EventoID,Descricao, Data, Admissao, Quarto) VALUES (1647, "descricao","4/8/1981 22:8:5" ,121, 224);
INSERT INTO Exame( EventoID, Nome, Descricao) VALUES (1647,"laparoscopia","descricao");
INSERT INTO MedicoExame( MedicoID, ExameID) VALUES (6675,1647);
INSERT INTO Evento(EventoID,Descricao, Data, Admissao, Quarto) VALUES (1648, "descricao","2/2/2015 12:46:2" ,320, 140);
INSERT INTO Exame( EventoID, Nome, Descricao) VALUES (1648,"esofagoscopia","descricao");
INSERT INTO MedicoExame( MedicoID, ExameID) VALUES (8767,1648);
INSERT INTO Evento(EventoID,Descricao, Data, Admissao, Quarto) VALUES (1649, "descricao","5/12/1985 20:11:0" ,307, 169);
INSERT INTO Exame( EventoID, Nome, Descricao) VALUES (1649,"Urina","descricao");
INSERT INTO MedicoExame( MedicoID, ExameID) VALUES (7701,1649);
INSERT INTO Evento(EventoID,Descricao, Data, Admissao, Quarto) VALUES (1650, "descricao","7/6/1978 22:47:24" ,157, 236);
INSERT INTO Exame( EventoID, Nome, Descricao) VALUES (1650,"cistoscopia","descricao");
INSERT INTO MedicoExame( MedicoID, ExameID) VALUES (8767,1650);
INSERT INTO Evento(EventoID,Descricao, Data, Admissao, Quarto) VALUES (1651, "descricao","9/6/1966 17:1:37" ,47, 237);
INSERT INTO Exame( EventoID, Nome, Descricao) VALUES (1651,"laringoscopia","descricao");
INSERT INTO MedicoExame( MedicoID, ExameID) VALUES (2769,1651);
INSERT INTO Evento(EventoID,Descricao, Data, Admissao, Quarto) VALUES (1652, "descricao","10/5/1987 19:11:56" ,334, 229);
INSERT INTO Exame( EventoID, Nome, Descricao) VALUES (1652,"Sangue","descricao");
INSERT INTO MedicoExame( MedicoID, ExameID) VALUES (8183,1652);
INSERT INTO Evento(EventoID,Descricao, Data, Admissao, Quarto) VALUES (1653, "descricao","26/7/1974 18:47:23" ,445, 212);
INSERT INTO Exame( EventoID, Nome, Descricao) VALUES (1653,"cistoscopia","descricao");
INSERT INTO MedicoExame( MedicoID, ExameID) VALUES (7701,1653);
INSERT INTO Evento(EventoID,Descricao, Data, Admissao, Quarto) VALUES (1654, "descricao","8/1/2019 2:2:30" ,320, 212);
INSERT INTO Exame( EventoID, Nome, Descricao) VALUES (1654,"Urina","descricao");
INSERT INTO MedicoExame( MedicoID, ExameID) VALUES (1877,1654);
INSERT INTO Evento(EventoID,Descricao, Data, Admissao, Quarto) VALUES (1655, "descricao","27/1/1995 10:52:50" ,477, 248);
INSERT INTO Exame( EventoID, Nome, Descricao) VALUES (1655,"esofagoscopia","descricao");
INSERT INTO MedicoExame( MedicoID, ExameID) VALUES (9132,1655);
INSERT INTO Evento(EventoID,Descricao, Data, Admissao, Quarto) VALUES (1656, "descricao","6/5/1967 17:48:11" ,378, 162);
INSERT INTO Exame( EventoID, Nome, Descricao) VALUES (1656,"laparoscopia","descricao");
INSERT INTO MedicoExame( MedicoID, ExameID) VALUES (4282,1656);
INSERT INTO Evento(EventoID,Descricao, Data, Admissao, Quarto) VALUES (1657, "descricao","12/6/1973 22:24:31" ,444, 105);
INSERT INTO Exame( EventoID, Nome, Descricao) VALUES (1657,"liquido cefalorraquidiano","descricao");
INSERT INTO MedicoExame( MedicoID, ExameID) VALUES (6281,1657);
INSERT INTO Evento(EventoID,Descricao, Data, Admissao, Quarto) VALUES (1658, "descricao","11/6/1998 21:7:11" ,58, 211);
INSERT INTO Exame( EventoID, Nome, Descricao) VALUES (1658,"liquido sinovial","descricao");
INSERT INTO MedicoExame( MedicoID, ExameID) VALUES (8767,1658);
INSERT INTO Evento(EventoID,Descricao, Data, Admissao, Quarto) VALUES (1659, "descricao","27/11/2007 14:16:16" ,103, 240);
INSERT INTO Exame( EventoID, Nome, Descricao) VALUES (1659,"laringoscopia","descricao");
INSERT INTO MedicoExame( MedicoID, ExameID) VALUES (9075,1659);
INSERT INTO Evento(EventoID,Descricao, Data, Admissao, Quarto) VALUES (1660, "descricao","18/3/2004 4:13:58" ,148, 122);
INSERT INTO Exame( EventoID, Nome, Descricao) VALUES (1660,"broncoscopia","descricao");
INSERT INTO MedicoExame( MedicoID, ExameID) VALUES (6342,1660);
INSERT INTO Evento(EventoID,Descricao, Data, Admissao, Quarto) VALUES (1661, "descricao","2/1/1996 16:43:45" ,442, 167);
INSERT INTO Exame( EventoID, Nome, Descricao) VALUES (1661,"mediastinoscopia","descricao");
INSERT INTO MedicoExame( MedicoID, ExameID) VALUES (1166,1661);
INSERT INTO Evento(EventoID,Descricao, Data, Admissao, Quarto) VALUES (1662, "descricao","4/7/1972 10:7:46" ,138, 242);
INSERT INTO Exame( EventoID, Nome, Descricao) VALUES (1662,"Sangue","descricao");
INSERT INTO MedicoExame( MedicoID, ExameID) VALUES (8226,1662);
INSERT INTO Evento(EventoID,Descricao, Data, Admissao, Quarto) VALUES (1663, "descricao","14/8/1987 6:56:16" ,299, 123);
INSERT INTO Exame( EventoID, Nome, Descricao) VALUES (1663,"laparoscopia","descricao");
INSERT INTO MedicoExame( MedicoID, ExameID) VALUES (5024,1663);
INSERT INTO Evento(EventoID,Descricao, Data, Admissao, Quarto) VALUES (1664, "descricao","28/7/2013 5:18:39" ,414, 127);
INSERT INTO Exame( EventoID, Nome, Descricao) VALUES (1664,"liquido cefalorraquidiano","descricao");
INSERT INTO MedicoExame( MedicoID, ExameID) VALUES (1819,1664);
INSERT INTO Evento(EventoID,Descricao, Data, Admissao, Quarto) VALUES (1665, "descricao","12/1/2010 18:10:21" ,299, 215);
INSERT INTO Exame( EventoID, Nome, Descricao) VALUES (1665,"broncoscopia","descricao");
INSERT INTO MedicoExame( MedicoID, ExameID) VALUES (6675,1665);
INSERT INTO Evento(EventoID,Descricao, Data, Admissao, Quarto) VALUES (1666, "descricao","5/2/2005 13:23:3" ,94, 132);
INSERT INTO Exame( EventoID, Nome, Descricao) VALUES (1666,"toracoscopia","descricao");
INSERT INTO MedicoExame( MedicoID, ExameID) VALUES (5324,1666);
INSERT INTO Evento(EventoID,Descricao, Data, Admissao, Quarto) VALUES (1667, "descricao","8/2/1970 23:25:1" ,275, 170);
INSERT INTO Exame( EventoID, Nome, Descricao) VALUES (1667,"liquido sinovial","descricao");
INSERT INTO MedicoExame( MedicoID, ExameID) VALUES (6467,1667);
INSERT INTO Evento(EventoID,Descricao, Data, Admissao, Quarto) VALUES (1668, "descricao","24/7/1973 15:17:11" ,427, 122);
INSERT INTO Exame( EventoID, Nome, Descricao) VALUES (1668,"broncoscopia","descricao");
INSERT INTO MedicoExame( MedicoID, ExameID) VALUES (2970,1668);
INSERT INTO Evento(EventoID,Descricao, Data, Admissao, Quarto) VALUES (1669, "descricao","21/3/1991 9:13:25" ,483, 237);
INSERT INTO Exame( EventoID, Nome, Descricao) VALUES (1669,"laringoscopia","descricao");
INSERT INTO MedicoExame( MedicoID, ExameID) VALUES (1877,1669);
INSERT INTO Evento(EventoID,Descricao, Data, Admissao, Quarto) VALUES (1670, "descricao","20/5/2017 0:11:43" ,192, 119);
INSERT INTO Exame( EventoID, Nome, Descricao) VALUES (1670,"Urina","descricao");
INSERT INTO MedicoExame( MedicoID, ExameID) VALUES (6281,1670);
INSERT INTO Evento(EventoID,Descricao, Data, Admissao, Quarto) VALUES (1671, "descricao","7/7/1975 23:16:46" ,200, 139);
INSERT INTO Exame( EventoID, Nome, Descricao) VALUES (1671,"mediastinoscopia","descricao");
INSERT INTO MedicoExame( MedicoID, ExameID) VALUES (9079,1671);
INSERT INTO Evento(EventoID,Descricao, Data, Admissao, Quarto) VALUES (1672, "descricao","10/9/1970 16:8:23" ,142, 190);
INSERT INTO Exame( EventoID, Nome, Descricao) VALUES (1672,"Sangue","descricao");
INSERT INTO MedicoExame( MedicoID, ExameID) VALUES (5324,1672);
INSERT INTO Evento(EventoID,Descricao, Data, Admissao, Quarto) VALUES (1673, "descricao","11/5/1965 22:19:41" ,129, 192);
INSERT INTO Exame( EventoID, Nome, Descricao) VALUES (1673,"cistoscopia","descricao");
INSERT INTO MedicoExame( MedicoID, ExameID) VALUES (2255,1673);
INSERT INTO Evento(EventoID,Descricao, Data, Admissao, Quarto) VALUES (1674, "descricao","16/3/1971 0:46:10" ,361, 205);
INSERT INTO Exame( EventoID, Nome, Descricao) VALUES (1674,"Sangue","descricao");
INSERT INTO MedicoExame( MedicoID, ExameID) VALUES (2198,1674);
INSERT INTO Evento(EventoID,Descricao, Data, Admissao, Quarto) VALUES (1675, "descricao","24/10/1989 19:1:18" ,134, 137);
INSERT INTO Exame( EventoID, Nome, Descricao) VALUES (1675,"Sangue","descricao");
INSERT INTO MedicoExame( MedicoID, ExameID) VALUES (4369,1675);
INSERT INTO Evento(EventoID,Descricao, Data, Admissao, Quarto) VALUES (1676, "descricao","13/5/1983 9:2:14" ,68, 175);
INSERT INTO Exame( EventoID, Nome, Descricao) VALUES (1676,"liquido cefalorraquidiano","descricao");
INSERT INTO MedicoExame( MedicoID, ExameID) VALUES (8767,1676);
INSERT INTO Evento(EventoID,Descricao, Data, Admissao, Quarto) VALUES (1677, "descricao","14/8/1980 21:36:29" ,230, 158);
INSERT INTO Exame( EventoID, Nome, Descricao) VALUES (1677,"esofagoscopia","descricao");
INSERT INTO MedicoExame( MedicoID, ExameID) VALUES (8015,1677);
INSERT INTO Evento(EventoID,Descricao, Data, Admissao, Quarto) VALUES (1678, "descricao","6/4/1969 20:10:20" ,135, 144);
INSERT INTO Exame( EventoID, Nome, Descricao) VALUES (1678,"laparoscopia","descricao");
INSERT INTO MedicoExame( MedicoID, ExameID) VALUES (1298,1678);
INSERT INTO Evento(EventoID,Descricao, Data, Admissao, Quarto) VALUES (1679, "descricao","16/11/2001 8:45:24" ,220, 144);
INSERT INTO Exame( EventoID, Nome, Descricao) VALUES (1679,"toracoscopia","descricao");
INSERT INTO MedicoExame( MedicoID, ExameID) VALUES (4917,1679);
INSERT INTO Evento(EventoID,Descricao, Data, Admissao, Quarto) VALUES (1680, "descricao","25/8/2010 22:27:27" ,399, 224);
INSERT INTO Exame( EventoID, Nome, Descricao) VALUES (1680,"Urina","descricao");
INSERT INTO MedicoExame( MedicoID, ExameID) VALUES (3833,1680);
INSERT INTO Evento(EventoID,Descricao, Data, Admissao, Quarto) VALUES (1681, "descricao","14/2/2011 10:59:58" ,121, 215);
INSERT INTO Exame( EventoID, Nome, Descricao) VALUES (1681,"toracoscopia","descricao");
INSERT INTO MedicoExame( MedicoID, ExameID) VALUES (3833,1681);
INSERT INTO Evento(EventoID,Descricao, Data, Admissao, Quarto) VALUES (1682, "descricao","15/2/1988 13:33:54" ,92, 152);
INSERT INTO Exame( EventoID, Nome, Descricao) VALUES (1682,"toracoscopia","descricao");
INSERT INTO MedicoExame( MedicoID, ExameID) VALUES (2966,1682);
INSERT INTO Evento(EventoID,Descricao, Data, Admissao, Quarto) VALUES (1683, "descricao","7/2/1992 15:38:48" ,498, 233);
INSERT INTO Exame( EventoID, Nome, Descricao) VALUES (1683,"broncoscopia","descricao");
INSERT INTO MedicoExame( MedicoID, ExameID) VALUES (6281,1683);
INSERT INTO Evento(EventoID,Descricao, Data, Admissao, Quarto) VALUES (1684, "descricao","10/6/1972 11:14:29" ,402, 188);
INSERT INTO Exame( EventoID, Nome, Descricao) VALUES (1684,"laringoscopia","descricao");
INSERT INTO MedicoExame( MedicoID, ExameID) VALUES (3687,1684);
INSERT INTO Evento(EventoID,Descricao, Data, Admissao, Quarto) VALUES (1685, "descricao","9/2/1983 13:36:5" ,107, 116);
INSERT INTO Exame( EventoID, Nome, Descricao) VALUES (1685,"Sangue","descricao");
INSERT INTO MedicoExame( MedicoID, ExameID) VALUES (4930,1685);
INSERT INTO Evento(EventoID,Descricao, Data, Admissao, Quarto) VALUES (1686, "descricao","17/5/2001 17:57:59" ,6, 207);
INSERT INTO Exame( EventoID, Nome, Descricao) VALUES (1686,"broncoscopia","descricao");
INSERT INTO MedicoExame( MedicoID, ExameID) VALUES (8157,1686);
INSERT INTO Evento(EventoID,Descricao, Data, Admissao, Quarto) VALUES (1687, "descricao","26/8/1963 1:31:50" ,497, 160);
INSERT INTO Exame( EventoID, Nome, Descricao) VALUES (1687,"cistoscopia","descricao");
INSERT INTO MedicoExame( MedicoID, ExameID) VALUES (2923,1687);
INSERT INTO Evento(EventoID,Descricao, Data, Admissao, Quarto) VALUES (1688, "descricao","10/11/2004 8:32:42" ,324, 120);
INSERT INTO Exame( EventoID, Nome, Descricao) VALUES (1688,"laringoscopia","descricao");
INSERT INTO MedicoExame( MedicoID, ExameID) VALUES (1819,1688);
INSERT INTO Evento(EventoID,Descricao, Data, Admissao, Quarto) VALUES (1689, "descricao","8/12/1994 19:23:55" ,452, 226);
INSERT INTO Exame( EventoID, Nome, Descricao) VALUES (1689,"Sangue","descricao");
INSERT INTO MedicoExame( MedicoID, ExameID) VALUES (6675,1689);
INSERT INTO Evento(EventoID,Descricao, Data, Admissao, Quarto) VALUES (1690, "descricao","25/11/2010 13:46:49" ,300, 199);
INSERT INTO Exame( EventoID, Nome, Descricao) VALUES (1690,"Sangue","descricao");
INSERT INTO MedicoExame( MedicoID, ExameID) VALUES (1298,1690);
INSERT INTO Evento(EventoID,Descricao, Data, Admissao, Quarto) VALUES (1691, "descricao","2/12/1963 11:31:19" ,165, 137);
INSERT INTO Exame( EventoID, Nome, Descricao) VALUES (1691,"laparoscopia","descricao");
INSERT INTO MedicoExame( MedicoID, ExameID) VALUES (2769,1691);
INSERT INTO Evento(EventoID,Descricao, Data, Admissao, Quarto) VALUES (1692, "descricao","20/3/1963 18:17:39" ,242, 138);
INSERT INTO Exame( EventoID, Nome, Descricao) VALUES (1692,"liquido sinovial","descricao");
INSERT INTO MedicoExame( MedicoID, ExameID) VALUES (1819,1692);
INSERT INTO Evento(EventoID,Descricao, Data, Admissao, Quarto) VALUES (1693, "descricao","9/7/2001 7:27:20" ,480, 245);
INSERT INTO Exame( EventoID, Nome, Descricao) VALUES (1693,"cistoscopia","descricao");
INSERT INTO MedicoExame( MedicoID, ExameID) VALUES (2970,1693);
INSERT INTO Evento(EventoID,Descricao, Data, Admissao, Quarto) VALUES (1694, "descricao","17/6/1974 9:59:54" ,191, 124);
INSERT INTO Exame( EventoID, Nome, Descricao) VALUES (1694,"mediastinoscopia","descricao");
INSERT INTO MedicoExame( MedicoID, ExameID) VALUES (2607,1694);
INSERT INTO Evento(EventoID,Descricao, Data, Admissao, Quarto) VALUES (1695, "descricao","2/9/1972 13:44:10" ,214, 208);
INSERT INTO Exame( EventoID, Nome, Descricao) VALUES (1695,"laringoscopia","descricao");
INSERT INTO MedicoExame( MedicoID, ExameID) VALUES (1166,1695);
INSERT INTO Evento(EventoID,Descricao, Data, Admissao, Quarto) VALUES (1696, "descricao","13/1/1981 0:43:47" ,259, 148);
INSERT INTO Exame( EventoID, Nome, Descricao) VALUES (1696,"liquido cefalorraquidiano","descricao");
INSERT INTO MedicoExame( MedicoID, ExameID) VALUES (9075,1696);
INSERT INTO Evento(EventoID,Descricao, Data, Admissao, Quarto) VALUES (1697, "descricao","5/7/1985 4:32:21" ,453, 192);
INSERT INTO Exame( EventoID, Nome, Descricao) VALUES (1697,"toracoscopia","descricao");
INSERT INTO MedicoExame( MedicoID, ExameID) VALUES (9132,1697);
INSERT INTO Evento(EventoID,Descricao, Data, Admissao, Quarto) VALUES (1698, "descricao","5/12/1963 17:14:32" ,186, 153);
INSERT INTO Exame( EventoID, Nome, Descricao) VALUES (1698,"cistoscopia","descricao");
INSERT INTO MedicoExame( MedicoID, ExameID) VALUES (2966,1698);
INSERT INTO Evento(EventoID,Descricao, Data, Admissao, Quarto) VALUES (1699, "descricao","16/7/1994 15:32:4" ,454, 109);
INSERT INTO Exame( EventoID, Nome, Descricao) VALUES (1699,"liquido cefalorraquidiano","descricao");
INSERT INTO MedicoExame( MedicoID, ExameID) VALUES (2336,1699);
INSERT INTO Evento(EventoID,Descricao, Data, Admissao, Quarto) VALUES (1700, "descricao","10/4/1987 15:15:32" ,496, 205);
INSERT INTO Exame( EventoID, Nome, Descricao) VALUES (1700,"Sangue","descricao");
INSERT INTO MedicoExame( MedicoID, ExameID) VALUES (2970,1700);
INSERT INTO Evento(EventoID,Descricao, Data, Admissao, Quarto) VALUES (1701, "descricao","9/6/2006 16:54:55" ,61, 205);
INSERT INTO Exame( EventoID, Nome, Descricao) VALUES (1701,"Sangue","descricao");
INSERT INTO MedicoExame( MedicoID, ExameID) VALUES (2198,1701);
INSERT INTO Evento(EventoID,Descricao, Data, Admissao, Quarto) VALUES (1702, "descricao","24/8/2016 17:43:48" ,18, 106);
INSERT INTO Exame( EventoID, Nome, Descricao) VALUES (1702,"liquido cefalorraquidiano","descricao");
INSERT INTO MedicoExame( MedicoID, ExameID) VALUES (9132,1702);
INSERT INTO Evento(EventoID,Descricao, Data, Admissao, Quarto) VALUES (1703, "descricao","14/12/1981 17:23:20" ,79, 107);
INSERT INTO Exame( EventoID, Nome, Descricao) VALUES (1703,"laparoscopia","descricao");
INSERT INTO MedicoExame( MedicoID, ExameID) VALUES (2607,1703);
INSERT INTO Evento(EventoID,Descricao, Data, Admissao, Quarto) VALUES (1704, "descricao","10/5/1965 6:19:6" ,127, 221);
INSERT INTO Exame( EventoID, Nome, Descricao) VALUES (1704,"laparoscopia","descricao");
INSERT INTO MedicoExame( MedicoID, ExameID) VALUES (8015,1704);
INSERT INTO Evento(EventoID,Descricao, Data, Admissao, Quarto) VALUES (1705, "descricao","26/1/2000 0:59:25" ,71, 239);
INSERT INTO Exame( EventoID, Nome, Descricao) VALUES (1705,"Urina","descricao");
INSERT INTO MedicoExame( MedicoID, ExameID) VALUES (2607,1705);
INSERT INTO Evento(EventoID,Descricao, Data, Admissao, Quarto) VALUES (1706, "descricao","2/8/1961 19:48:48" ,246, 101);
INSERT INTO Exame( EventoID, Nome, Descricao) VALUES (1706,"esofagoscopia","descricao");
INSERT INTO MedicoExame( MedicoID, ExameID) VALUES (6675,1706);
INSERT INTO Evento(EventoID,Descricao, Data, Admissao, Quarto) VALUES (1707, "descricao","24/9/2004 21:36:15" ,462, 208);
INSERT INTO Exame( EventoID, Nome, Descricao) VALUES (1707,"esofagoscopia","descricao");
INSERT INTO MedicoExame( MedicoID, ExameID) VALUES (3687,1707);
INSERT INTO Evento(EventoID,Descricao, Data, Admissao, Quarto) VALUES (1708, "descricao","16/7/1979 14:58:50" ,12, 223);
INSERT INTO Exame( EventoID, Nome, Descricao) VALUES (1708,"esofagoscopia","descricao");
INSERT INTO MedicoExame( MedicoID, ExameID) VALUES (6281,1708);
INSERT INTO Evento(EventoID,Descricao, Data, Admissao, Quarto) VALUES (1709, "descricao","23/7/2006 0:29:17" ,350, 153);
INSERT INTO Exame( EventoID, Nome, Descricao) VALUES (1709,"liquido sinovial","descricao");
INSERT INTO MedicoExame( MedicoID, ExameID) VALUES (9079,1709);
INSERT INTO Evento(EventoID,Descricao, Data, Admissao, Quarto) VALUES (1710, "descricao","9/3/1977 18:24:2" ,239, 234);
INSERT INTO Exame( EventoID, Nome, Descricao) VALUES (1710,"Sangue","descricao");
INSERT INTO MedicoExame( MedicoID, ExameID) VALUES (5024,1710);
INSERT INTO Evento(EventoID,Descricao, Data, Admissao, Quarto) VALUES (1711, "descricao","15/10/2018 9:49:0" ,14, 226);
INSERT INTO Exame( EventoID, Nome, Descricao) VALUES (1711,"laringoscopia","descricao");
INSERT INTO MedicoExame( MedicoID, ExameID) VALUES (3833,1711);
INSERT INTO Evento(EventoID,Descricao, Data, Admissao, Quarto) VALUES (1712, "descricao","7/8/1975 19:38:8" ,417, 230);
INSERT INTO Exame( EventoID, Nome, Descricao) VALUES (1712,"broncoscopia","descricao");
INSERT INTO MedicoExame( MedicoID, ExameID) VALUES (4282,1712);
INSERT INTO Evento(EventoID,Descricao, Data, Admissao, Quarto) VALUES (1713, "descricao","9/7/1965 11:56:46" ,112, 187);
INSERT INTO Exame( EventoID, Nome, Descricao) VALUES (1713,"broncoscopia","descricao");
INSERT INTO MedicoExame( MedicoID, ExameID) VALUES (1298,1713);
INSERT INTO Evento(EventoID,Descricao, Data, Admissao, Quarto) VALUES (1714, "descricao","27/6/1993 12:58:35" ,143, 201);
INSERT INTO Exame( EventoID, Nome, Descricao) VALUES (1714,"laparoscopia","descricao");
INSERT INTO MedicoExame( MedicoID, ExameID) VALUES (2970,1714);
INSERT INTO Evento(EventoID,Descricao, Data, Admissao, Quarto) VALUES (1715, "descricao","23/6/1969 11:21:52" ,346, 189);
INSERT INTO Exame( EventoID, Nome, Descricao) VALUES (1715,"liquido cefalorraquidiano","descricao");
INSERT INTO MedicoExame( MedicoID, ExameID) VALUES (6041,1715);
INSERT INTO Evento(EventoID,Descricao, Data, Admissao, Quarto) VALUES (1716, "descricao","2/3/1964 21:48:21" ,485, 160);
INSERT INTO Exame( EventoID, Nome, Descricao) VALUES (1716,"esofagoscopia","descricao");
INSERT INTO MedicoExame( MedicoID, ExameID) VALUES (8577,1716);
INSERT INTO Evento(EventoID,Descricao, Data, Admissao, Quarto) VALUES (1717, "descricao","4/2/1965 20:31:46" ,57, 197);
INSERT INTO Exame( EventoID, Nome, Descricao) VALUES (1717,"toracoscopia","descricao");
INSERT INTO MedicoExame( MedicoID, ExameID) VALUES (2966,1717);
INSERT INTO Evento(EventoID,Descricao, Data, Admissao, Quarto) VALUES (1718, "descricao","7/10/1967 5:3:20" ,66, 193);
INSERT INTO Exame( EventoID, Nome, Descricao) VALUES (1718,"liquido cefalorraquidiano","descricao");
INSERT INTO MedicoExame( MedicoID, ExameID) VALUES (2198,1718);
INSERT INTO Evento(EventoID,Descricao, Data, Admissao, Quarto) VALUES (1719, "descricao","25/2/2000 3:51:48" ,307, 148);
INSERT INTO Exame( EventoID, Nome, Descricao) VALUES (1719,"esofagoscopia","descricao");
INSERT INTO MedicoExame( MedicoID, ExameID) VALUES (2970,1719);
INSERT INTO Evento(EventoID,Descricao, Data, Admissao, Quarto) VALUES (1720, "descricao","12/6/1992 3:16:57" ,110, 221);
INSERT INTO Exame( EventoID, Nome, Descricao) VALUES (1720,"liquido sinovial","descricao");
INSERT INTO MedicoExame( MedicoID, ExameID) VALUES (2923,1720);
INSERT INTO Evento(EventoID,Descricao, Data, Admissao, Quarto) VALUES (1721, "descricao","20/8/1996 5:35:19" ,383, 213);
INSERT INTO Exame( EventoID, Nome, Descricao) VALUES (1721,"liquido sinovial","descricao");
INSERT INTO MedicoExame( MedicoID, ExameID) VALUES (7701,1721);
INSERT INTO Evento(EventoID,Descricao, Data, Admissao, Quarto) VALUES (1722, "descricao","2/4/1979 8:5:9" ,167, 242);
INSERT INTO Exame( EventoID, Nome, Descricao) VALUES (1722,"broncoscopia","descricao");
INSERT INTO MedicoExame( MedicoID, ExameID) VALUES (8183,1722);
INSERT INTO Evento(EventoID,Descricao, Data, Admissao, Quarto) VALUES (1723, "descricao","27/6/1965 10:35:9" ,124, 155);
INSERT INTO Exame( EventoID, Nome, Descricao) VALUES (1723,"esofagoscopia","descricao");
INSERT INTO MedicoExame( MedicoID, ExameID) VALUES (3833,1723);
INSERT INTO Evento(EventoID,Descricao, Data, Admissao, Quarto) VALUES (1724, "descricao","4/5/1989 1:38:26" ,104, 149);
INSERT INTO Exame( EventoID, Nome, Descricao) VALUES (1724,"liquido cefalorraquidiano","descricao");
INSERT INTO MedicoExame( MedicoID, ExameID) VALUES (1298,1724);
INSERT INTO Evento(EventoID,Descricao, Data, Admissao, Quarto) VALUES (1725, "descricao","12/5/2012 6:5:12" ,244, 244);
INSERT INTO Exame( EventoID, Nome, Descricao) VALUES (1725,"cistoscopia","descricao");
INSERT INTO MedicoExame( MedicoID, ExameID) VALUES (2970,1725);
INSERT INTO Evento(EventoID,Descricao, Data, Admissao, Quarto) VALUES (1726, "descricao","15/10/1965 22:56:31" ,163, 219);
INSERT INTO Exame( EventoID, Nome, Descricao) VALUES (1726,"broncoscopia","descricao");
INSERT INTO MedicoExame( MedicoID, ExameID) VALUES (8157,1726);
INSERT INTO Evento(EventoID,Descricao, Data, Admissao, Quarto) VALUES (1727, "descricao","2/7/1999 2:19:49" ,96, 113);
INSERT INTO Exame( EventoID, Nome, Descricao) VALUES (1727,"toracoscopia","descricao");
INSERT INTO MedicoExame( MedicoID, ExameID) VALUES (6281,1727);
INSERT INTO Evento(EventoID,Descricao, Data, Admissao, Quarto) VALUES (1728, "descricao","7/1/2006 19:38:19" ,396, 205);
INSERT INTO Exame( EventoID, Nome, Descricao) VALUES (1728,"cistoscopia","descricao");
INSERT INTO MedicoExame( MedicoID, ExameID) VALUES (9075,1728);
INSERT INTO Evento(EventoID,Descricao, Data, Admissao, Quarto) VALUES (1729, "descricao","2/10/1977 12:57:7" ,295, 123);
INSERT INTO Exame( EventoID, Nome, Descricao) VALUES (1729,"toracoscopia","descricao");
INSERT INTO MedicoExame( MedicoID, ExameID) VALUES (2336,1729);
INSERT INTO Evento(EventoID,Descricao, Data, Admissao, Quarto) VALUES (1730, "descricao","20/9/1989 5:52:30" ,260, 231);
INSERT INTO Exame( EventoID, Nome, Descricao) VALUES (1730,"cistoscopia","descricao");
INSERT INTO MedicoExame( MedicoID, ExameID) VALUES (5324,1730);
INSERT INTO Evento(EventoID,Descricao, Data, Admissao, Quarto) VALUES (1731, "descricao","26/8/1993 15:22:35" ,356, 149);
INSERT INTO Exame( EventoID, Nome, Descricao) VALUES (1731,"Urina","descricao");
INSERT INTO MedicoExame( MedicoID, ExameID) VALUES (4832,1731);
INSERT INTO Evento(EventoID,Descricao, Data, Admissao, Quarto) VALUES (1732, "descricao","23/9/1966 23:58:1" ,226, 219);
INSERT INTO Exame( EventoID, Nome, Descricao) VALUES (1732,"broncoscopia","descricao");
INSERT INTO MedicoExame( MedicoID, ExameID) VALUES (2336,1732);
INSERT INTO Evento(EventoID,Descricao, Data, Admissao, Quarto) VALUES (1733, "descricao","25/7/1999 1:45:5" ,337, 207);
INSERT INTO Exame( EventoID, Nome, Descricao) VALUES (1733,"Sangue","descricao");
INSERT INTO MedicoExame( MedicoID, ExameID) VALUES (1298,1733);
INSERT INTO Evento(EventoID,Descricao, Data, Admissao, Quarto) VALUES (1734, "descricao","14/11/1968 2:33:7" ,434, 208);
INSERT INTO Exame( EventoID, Nome, Descricao) VALUES (1734,"Urina","descricao");
INSERT INTO MedicoExame( MedicoID, ExameID) VALUES (5324,1734);
INSERT INTO Evento(EventoID,Descricao, Data, Admissao, Quarto) VALUES (1735, "descricao","9/3/1979 9:21:27" ,22, 134);
INSERT INTO Exame( EventoID, Nome, Descricao) VALUES (1735,"cistoscopia","descricao");
INSERT INTO MedicoExame( MedicoID, ExameID) VALUES (9289,1735);
INSERT INTO Evento(EventoID,Descricao, Data, Admissao, Quarto) VALUES (1736, "descricao","17/8/1973 21:14:12" ,301, 204);
INSERT INTO Exame( EventoID, Nome, Descricao) VALUES (1736,"Urina","descricao");
INSERT INTO MedicoExame( MedicoID, ExameID) VALUES (5024,1736);
INSERT INTO Evento(EventoID,Descricao, Data, Admissao, Quarto) VALUES (1737, "descricao","1/7/1989 17:29:21" ,439, 132);
INSERT INTO Exame( EventoID, Nome, Descricao) VALUES (1737,"toracoscopia","descricao");
INSERT INTO MedicoExame( MedicoID, ExameID) VALUES (3833,1737);
INSERT INTO Evento(EventoID,Descricao, Data, Admissao, Quarto) VALUES (1738, "descricao","27/5/1971 13:13:45" ,395, 167);
INSERT INTO Exame( EventoID, Nome, Descricao) VALUES (1738,"liquido cefalorraquidiano","descricao");
INSERT INTO MedicoExame( MedicoID, ExameID) VALUES (6757,1738);
INSERT INTO Evento(EventoID,Descricao, Data, Admissao, Quarto) VALUES (1739, "descricao","15/12/1969 16:26:37" ,103, 203);
INSERT INTO Exame( EventoID, Nome, Descricao) VALUES (1739,"cistoscopia","descricao");
INSERT INTO MedicoExame( MedicoID, ExameID) VALUES (6281,1739);
INSERT INTO Evento(EventoID,Descricao, Data, Admissao, Quarto) VALUES (1740, "descricao","10/12/1975 12:31:13" ,189, 166);
INSERT INTO Exame( EventoID, Nome, Descricao) VALUES (1740,"esofagoscopia","descricao");
INSERT INTO MedicoExame( MedicoID, ExameID) VALUES (8015,1740);
INSERT INTO Evento(EventoID,Descricao, Data, Admissao, Quarto) VALUES (1741, "descricao","21/10/1970 18:1:13" ,475, 219);
INSERT INTO Exame( EventoID, Nome, Descricao) VALUES (1741,"cistoscopia","descricao");
INSERT INTO MedicoExame( MedicoID, ExameID) VALUES (9132,1741);
INSERT INTO Evento(EventoID,Descricao, Data, Admissao, Quarto) VALUES (1742, "descricao","15/7/2015 22:28:32" ,59, 230);
INSERT INTO Exame( EventoID, Nome, Descricao) VALUES (1742,"Urina","descricao");
INSERT INTO MedicoExame( MedicoID, ExameID) VALUES (8157,1742);
INSERT INTO Evento(EventoID,Descricao, Data, Admissao, Quarto) VALUES (1743, "descricao","21/12/1984 23:5:23" ,229, 245);
INSERT INTO Exame( EventoID, Nome, Descricao) VALUES (1743,"Sangue","descricao");
INSERT INTO MedicoExame( MedicoID, ExameID) VALUES (6757,1743);
INSERT INTO Evento(EventoID,Descricao, Data, Admissao, Quarto) VALUES (1744, "descricao","21/5/1996 15:0:27" ,295, 222);
INSERT INTO Exame( EventoID, Nome, Descricao) VALUES (1744,"liquido cefalorraquidiano","descricao");
INSERT INTO MedicoExame( MedicoID, ExameID) VALUES (9132,1744);
INSERT INTO Evento(EventoID,Descricao, Data, Admissao, Quarto) VALUES (1745, "descricao","26/8/1964 20:50:14" ,287, 226);
INSERT INTO Exame( EventoID, Nome, Descricao) VALUES (1745,"Sangue","descricao");
INSERT INTO MedicoExame( MedicoID, ExameID) VALUES (2198,1745);
INSERT INTO Evento(EventoID,Descricao, Data, Admissao, Quarto) VALUES (1746, "descricao","16/6/2001 12:44:8" ,112, 101);
INSERT INTO Exame( EventoID, Nome, Descricao) VALUES (1746,"toracoscopia","descricao");
INSERT INTO MedicoExame( MedicoID, ExameID) VALUES (6467,1746);
INSERT INTO Evento(EventoID,Descricao, Data, Admissao, Quarto) VALUES (1747, "descricao","2/12/2017 9:9:9" ,443, 195);
INSERT INTO Exame( EventoID, Nome, Descricao) VALUES (1747,"Urina","descricao");
INSERT INTO MedicoExame( MedicoID, ExameID) VALUES (8157,1747);
INSERT INTO Evento(EventoID,Descricao, Data, Admissao, Quarto) VALUES (1748, "descricao","8/8/2017 9:8:10" ,380, 205);
INSERT INTO Exame( EventoID, Nome, Descricao) VALUES (1748,"laparoscopia","descricao");
INSERT INTO MedicoExame( MedicoID, ExameID) VALUES (2923,1748);
INSERT INTO Evento(EventoID,Descricao, Data, Admissao, Quarto) VALUES (1749, "descricao","19/8/2017 7:57:28" ,228, 239);
INSERT INTO Exame( EventoID, Nome, Descricao) VALUES (1749,"laparoscopia","descricao");
INSERT INTO MedicoExame( MedicoID, ExameID) VALUES (8577,1749);
INSERT INTO Evento(EventoID,Descricao, Data, Admissao, Quarto) VALUES (1750, "descricao","15/5/1967 18:39:11" ,362, 169);
INSERT INTO Exame( EventoID, Nome, Descricao) VALUES (1750,"laparoscopia","descricao");
INSERT INTO MedicoExame( MedicoID, ExameID) VALUES (2923,1750);
INSERT INTO Evento(EventoID,Descricao, Data, Admissao, Quarto) VALUES (1751, "descricao","19/3/1986 16:20:33" ,204, 163);
INSERT INTO Exame( EventoID, Nome, Descricao) VALUES (1751,"liquido sinovial","descricao");
INSERT INTO MedicoExame( MedicoID, ExameID) VALUES (3687,1751);
INSERT INTO Evento(EventoID,Descricao, Data, Admissao, Quarto) VALUES (1752, "descricao","3/4/1966 1:0:30" ,302, 190);
INSERT INTO Exame( EventoID, Nome, Descricao) VALUES (1752,"Urina","descricao");
INSERT INTO MedicoExame( MedicoID, ExameID) VALUES (8015,1752);
INSERT INTO Evento(EventoID,Descricao, Data, Admissao, Quarto) VALUES (1753, "descricao","23/8/1979 17:37:25" ,83, 131);
INSERT INTO Exame( EventoID, Nome, Descricao) VALUES (1753,"liquido cefalorraquidiano","descricao");
INSERT INTO MedicoExame( MedicoID, ExameID) VALUES (2198,1753);
INSERT INTO Evento(EventoID,Descricao, Data, Admissao, Quarto) VALUES (1754, "descricao","6/5/1966 1:16:32" ,169, 113);
INSERT INTO Exame( EventoID, Nome, Descricao) VALUES (1754,"mediastinoscopia","descricao");
INSERT INTO MedicoExame( MedicoID, ExameID) VALUES (2255,1754);
INSERT INTO Evento(EventoID,Descricao, Data, Admissao, Quarto) VALUES (1755, "descricao","8/8/1972 23:49:25" ,8, 185);
INSERT INTO Exame( EventoID, Nome, Descricao) VALUES (1755,"broncoscopia","descricao");
INSERT INTO MedicoExame( MedicoID, ExameID) VALUES (4369,1755);
INSERT INTO Evento(EventoID,Descricao, Data, Admissao, Quarto) VALUES (1756, "descricao","14/12/2013 6:55:24" ,486, 122);
INSERT INTO Exame( EventoID, Nome, Descricao) VALUES (1756,"mediastinoscopia","descricao");
INSERT INTO MedicoExame( MedicoID, ExameID) VALUES (9132,1756);
INSERT INTO Evento(EventoID,Descricao, Data, Admissao, Quarto) VALUES (1757, "descricao","20/9/1987 0:35:54" ,188, 221);
INSERT INTO Exame( EventoID, Nome, Descricao) VALUES (1757,"cistoscopia","descricao");
INSERT INTO MedicoExame( MedicoID, ExameID) VALUES (4832,1757);
INSERT INTO Evento(EventoID,Descricao, Data, Admissao, Quarto) VALUES (1758, "descricao","9/3/1992 22:29:28" ,12, 131);
INSERT INTO Exame( EventoID, Nome, Descricao) VALUES (1758,"liquido sinovial","descricao");
INSERT INTO MedicoExame( MedicoID, ExameID) VALUES (9289,1758);
INSERT INTO Evento(EventoID,Descricao, Data, Admissao, Quarto) VALUES (1759, "descricao","12/8/2002 7:11:56" ,430, 115);
INSERT INTO Exame( EventoID, Nome, Descricao) VALUES (1759,"Urina","descricao");
INSERT INTO MedicoExame( MedicoID, ExameID) VALUES (3833,1759);
INSERT INTO Evento(EventoID,Descricao, Data, Admissao, Quarto) VALUES (1760, "descricao","13/12/2006 0:34:38" ,44, 200);
INSERT INTO Exame( EventoID, Nome, Descricao) VALUES (1760,"liquido cefalorraquidiano","descricao");
INSERT INTO MedicoExame( MedicoID, ExameID) VALUES (2966,1760);
INSERT INTO Evento(EventoID,Descricao, Data, Admissao, Quarto) VALUES (1761, "descricao","24/2/2013 6:19:26" ,154, 229);
INSERT INTO Exame( EventoID, Nome, Descricao) VALUES (1761,"broncoscopia","descricao");
INSERT INTO MedicoExame( MedicoID, ExameID) VALUES (3833,1761);
INSERT INTO Evento(EventoID,Descricao, Data, Admissao, Quarto) VALUES (1762, "descricao","19/8/1997 1:59:22" ,321, 140);
INSERT INTO Exame( EventoID, Nome, Descricao) VALUES (1762,"toracoscopia","descricao");
INSERT INTO MedicoExame( MedicoID, ExameID) VALUES (9570,1762);
INSERT INTO Evento(EventoID,Descricao, Data, Admissao, Quarto) VALUES (1763, "descricao","12/8/1992 13:45:7" ,156, 119);
INSERT INTO Exame( EventoID, Nome, Descricao) VALUES (1763,"toracoscopia","descricao");
INSERT INTO MedicoExame( MedicoID, ExameID) VALUES (2970,1763);
INSERT INTO Evento(EventoID,Descricao, Data, Admissao, Quarto) VALUES (1764, "descricao","20/5/1986 18:19:12" ,349, 233);
INSERT INTO Exame( EventoID, Nome, Descricao) VALUES (1764,"mediastinoscopia","descricao");
INSERT INTO MedicoExame( MedicoID, ExameID) VALUES (1315,1764);
INSERT INTO Evento(EventoID,Descricao, Data, Admissao, Quarto) VALUES (1765, "descricao","15/6/1992 4:46:40" ,140, 102);
INSERT INTO Exame( EventoID, Nome, Descricao) VALUES (1765,"laparoscopia","descricao");
INSERT INTO MedicoExame( MedicoID, ExameID) VALUES (3833,1765);
INSERT INTO Evento(EventoID,Descricao, Data, Admissao, Quarto) VALUES (1766, "descricao","17/12/1993 18:25:4" ,362, 163);
INSERT INTO Exame( EventoID, Nome, Descricao) VALUES (1766,"Urina","descricao");
INSERT INTO MedicoExame( MedicoID, ExameID) VALUES (4832,1766);
INSERT INTO Evento(EventoID,Descricao, Data, Admissao, Quarto) VALUES (1767, "descricao","8/10/2002 7:8:15" ,8, 105);
INSERT INTO Exame( EventoID, Nome, Descricao) VALUES (1767,"broncoscopia","descricao");
INSERT INTO MedicoExame( MedicoID, ExameID) VALUES (7701,1767);
INSERT INTO Evento(EventoID,Descricao, Data, Admissao, Quarto) VALUES (1768, "descricao","20/3/1974 7:45:45" ,464, 208);
INSERT INTO Exame( EventoID, Nome, Descricao) VALUES (1768,"cistoscopia","descricao");
INSERT INTO MedicoExame( MedicoID, ExameID) VALUES (8577,1768);
INSERT INTO Evento(EventoID,Descricao, Data, Admissao, Quarto) VALUES (1769, "descricao","27/12/1964 19:32:57" ,53, 129);
INSERT INTO Exame( EventoID, Nome, Descricao) VALUES (1769,"laringoscopia","descricao");
INSERT INTO MedicoExame( MedicoID, ExameID) VALUES (6675,1769);
INSERT INTO Evento(EventoID,Descricao, Data, Admissao, Quarto) VALUES (1770, "descricao","22/2/2003 15:41:11" ,456, 179);
INSERT INTO Exame( EventoID, Nome, Descricao) VALUES (1770,"cistoscopia","descricao");
INSERT INTO MedicoExame( MedicoID, ExameID) VALUES (2923,1770);
INSERT INTO Evento(EventoID,Descricao, Data, Admissao, Quarto) VALUES (1771, "descricao","6/1/2006 10:51:28" ,265, 182);
INSERT INTO Exame( EventoID, Nome, Descricao) VALUES (1771,"cistoscopia","descricao");
INSERT INTO MedicoExame( MedicoID, ExameID) VALUES (1819,1771);
INSERT INTO Evento(EventoID,Descricao, Data, Admissao, Quarto) VALUES (1772, "descricao","21/11/1976 11:28:25" ,313, 244);
INSERT INTO Exame( EventoID, Nome, Descricao) VALUES (1772,"toracoscopia","descricao");
INSERT INTO MedicoExame( MedicoID, ExameID) VALUES (5324,1772);
INSERT INTO Evento(EventoID,Descricao, Data, Admissao, Quarto) VALUES (1773, "descricao","5/12/2012 6:37:58" ,306, 199);
INSERT INTO Exame( EventoID, Nome, Descricao) VALUES (1773,"liquido sinovial","descricao");
INSERT INTO MedicoExame( MedicoID, ExameID) VALUES (2255,1773);
INSERT INTO Evento(EventoID,Descricao, Data, Admissao, Quarto) VALUES (1774, "descricao","13/6/1966 5:18:49" ,68, 160);
INSERT INTO Exame( EventoID, Nome, Descricao) VALUES (1774,"laparoscopia","descricao");
INSERT INTO MedicoExame( MedicoID, ExameID) VALUES (9132,1774);
INSERT INTO Evento(EventoID,Descricao, Data, Admissao, Quarto) VALUES (1775, "descricao","1/11/1977 4:15:24" ,411, 206);
INSERT INTO Exame( EventoID, Nome, Descricao) VALUES (1775,"liquido cefalorraquidiano","descricao");
INSERT INTO MedicoExame( MedicoID, ExameID) VALUES (7280,1775);
INSERT INTO Evento(EventoID,Descricao, Data, Admissao, Quarto) VALUES (1776, "descricao","24/3/2005 9:8:53" ,201, 149);
INSERT INTO Exame( EventoID, Nome, Descricao) VALUES (1776,"esofagoscopia","descricao");
INSERT INTO MedicoExame( MedicoID, ExameID) VALUES (2198,1776);
INSERT INTO Evento(EventoID,Descricao, Data, Admissao, Quarto) VALUES (1777, "descricao","20/2/2018 22:35:21" ,121, 199);
INSERT INTO Exame( EventoID, Nome, Descricao) VALUES (1777,"laparoscopia","descricao");
INSERT INTO MedicoExame( MedicoID, ExameID) VALUES (5024,1777);
INSERT INTO Evento(EventoID,Descricao, Data, Admissao, Quarto) VALUES (1778, "descricao","14/3/2019 1:20:25" ,320, 141);
INSERT INTO Exame( EventoID, Nome, Descricao) VALUES (1778,"broncoscopia","descricao");
INSERT INTO MedicoExame( MedicoID, ExameID) VALUES (8226,1778);
INSERT INTO Evento(EventoID,Descricao, Data, Admissao, Quarto) VALUES (1779, "descricao","12/5/1961 1:42:7" ,129, 161);
INSERT INTO Exame( EventoID, Nome, Descricao) VALUES (1779,"Sangue","descricao");
INSERT INTO MedicoExame( MedicoID, ExameID) VALUES (2769,1779);
INSERT INTO Evento(EventoID,Descricao, Data, Admissao, Quarto) VALUES (1780, "descricao","25/8/1977 9:56:37" ,98, 185);
INSERT INTO Exame( EventoID, Nome, Descricao) VALUES (1780,"toracoscopia","descricao");
INSERT INTO MedicoExame( MedicoID, ExameID) VALUES (2769,1780);
INSERT INTO Evento(EventoID,Descricao, Data, Admissao, Quarto) VALUES (1781, "descricao","12/6/1984 14:49:2" ,431, 132);
INSERT INTO Exame( EventoID, Nome, Descricao) VALUES (1781,"liquido sinovial","descricao");
INSERT INTO MedicoExame( MedicoID, ExameID) VALUES (2198,1781);
INSERT INTO Evento(EventoID,Descricao, Data, Admissao, Quarto) VALUES (1782, "descricao","8/3/2017 7:42:22" ,168, 249);
INSERT INTO Exame( EventoID, Nome, Descricao) VALUES (1782,"liquido cefalorraquidiano","descricao");
INSERT INTO MedicoExame( MedicoID, ExameID) VALUES (5324,1782);
INSERT INTO Evento(EventoID,Descricao, Data, Admissao, Quarto) VALUES (1783, "descricao","21/12/2006 20:11:3" ,270, 141);
INSERT INTO Exame( EventoID, Nome, Descricao) VALUES (1783,"liquido cefalorraquidiano","descricao");
INSERT INTO MedicoExame( MedicoID, ExameID) VALUES (1819,1783);
INSERT INTO Evento(EventoID,Descricao, Data, Admissao, Quarto) VALUES (1784, "descricao","11/2/1990 16:27:23" ,380, 106);
INSERT INTO Exame( EventoID, Nome, Descricao) VALUES (1784,"laringoscopia","descricao");
INSERT INTO MedicoExame( MedicoID, ExameID) VALUES (6342,1784);
INSERT INTO Evento(EventoID,Descricao, Data, Admissao, Quarto) VALUES (1785, "descricao","16/7/1986 22:34:49" ,302, 173);
INSERT INTO Exame( EventoID, Nome, Descricao) VALUES (1785,"esofagoscopia","descricao");
INSERT INTO MedicoExame( MedicoID, ExameID) VALUES (7701,1785);
INSERT INTO Evento(EventoID,Descricao, Data, Admissao, Quarto) VALUES (1786, "descricao","3/6/2014 6:10:20" ,18, 226);
INSERT INTO Exame( EventoID, Nome, Descricao) VALUES (1786,"laringoscopia","descricao");
INSERT INTO MedicoExame( MedicoID, ExameID) VALUES (2970,1786);
INSERT INTO Evento(EventoID,Descricao, Data, Admissao, Quarto) VALUES (1787, "descricao","15/4/1961 0:0:35" ,262, 199);
INSERT INTO Exame( EventoID, Nome, Descricao) VALUES (1787,"Sangue","descricao");
INSERT INTO MedicoExame( MedicoID, ExameID) VALUES (2255,1787);
INSERT INTO Evento(EventoID,Descricao, Data, Admissao, Quarto) VALUES (1788, "descricao","24/6/2000 1:27:42" ,35, 214);
INSERT INTO Exame( EventoID, Nome, Descricao) VALUES (1788,"mediastinoscopia","descricao");
INSERT INTO MedicoExame( MedicoID, ExameID) VALUES (2923,1788);
INSERT INTO Evento(EventoID,Descricao, Data, Admissao, Quarto) VALUES (1789, "descricao","27/7/2011 0:40:33" ,155, 220);
INSERT INTO Exame( EventoID, Nome, Descricao) VALUES (1789,"laparoscopia","descricao");
INSERT INTO MedicoExame( MedicoID, ExameID) VALUES (9075,1789);
INSERT INTO Evento(EventoID,Descricao, Data, Admissao, Quarto) VALUES (1790, "descricao","28/7/1974 20:3:31" ,370, 178);
INSERT INTO Exame( EventoID, Nome, Descricao) VALUES (1790,"toracoscopia","descricao");
INSERT INTO MedicoExame( MedicoID, ExameID) VALUES (9289,1790);
INSERT INTO Evento(EventoID,Descricao, Data, Admissao, Quarto) VALUES (1791, "descricao","3/6/2006 1:29:24" ,122, 246);
INSERT INTO Exame( EventoID, Nome, Descricao) VALUES (1791,"broncoscopia","descricao");
INSERT INTO MedicoExame( MedicoID, ExameID) VALUES (3833,1791);
INSERT INTO Evento(EventoID,Descricao, Data, Admissao, Quarto) VALUES (1792, "descricao","11/8/1995 16:47:53" ,427, 134);
INSERT INTO Exame( EventoID, Nome, Descricao) VALUES (1792,"liquido sinovial","descricao");
INSERT INTO MedicoExame( MedicoID, ExameID) VALUES (6281,1792);
INSERT INTO Evento(EventoID,Descricao, Data, Admissao, Quarto) VALUES (1793, "descricao","8/9/2003 12:42:33" ,301, 224);
INSERT INTO Exame( EventoID, Nome, Descricao) VALUES (1793,"liquido cefalorraquidiano","descricao");
INSERT INTO MedicoExame( MedicoID, ExameID) VALUES (5894,1793);
INSERT INTO Evento(EventoID,Descricao, Data, Admissao, Quarto) VALUES (1794, "descricao","15/11/1978 8:19:47" ,113, 111);
INSERT INTO Exame( EventoID, Nome, Descricao) VALUES (1794,"laparoscopia","descricao");
INSERT INTO MedicoExame( MedicoID, ExameID) VALUES (5324,1794);
INSERT INTO Evento(EventoID,Descricao, Data, Admissao, Quarto) VALUES (1795, "descricao","12/7/1967 1:0:28" ,403, 242);
INSERT INTO Exame( EventoID, Nome, Descricao) VALUES (1795,"esofagoscopia","descricao");
INSERT INTO MedicoExame( MedicoID, ExameID) VALUES (8950,1795);
INSERT INTO Evento(EventoID,Descricao, Data, Admissao, Quarto) VALUES (1796, "descricao","23/8/2001 1:14:39" ,257, 105);
INSERT INTO Exame( EventoID, Nome, Descricao) VALUES (1796,"Sangue","descricao");
INSERT INTO MedicoExame( MedicoID, ExameID) VALUES (5024,1796);
INSERT INTO Evento(EventoID,Descricao, Data, Admissao, Quarto) VALUES (1797, "descricao","20/4/2006 0:15:24" ,92, 152);
INSERT INTO Exame( EventoID, Nome, Descricao) VALUES (1797,"cistoscopia","descricao");
INSERT INTO MedicoExame( MedicoID, ExameID) VALUES (5324,1797);
INSERT INTO Evento(EventoID,Descricao, Data, Admissao, Quarto) VALUES (1798, "descricao","5/12/1962 22:30:24" ,467, 157);
INSERT INTO Exame( EventoID, Nome, Descricao) VALUES (1798,"cistoscopia","descricao");
INSERT INTO MedicoExame( MedicoID, ExameID) VALUES (8226,1798);
INSERT INTO Evento(EventoID,Descricao, Data, Admissao, Quarto) VALUES (1799, "descricao","11/10/1995 10:30:6" ,144, 205);
INSERT INTO Exame( EventoID, Nome, Descricao) VALUES (1799,"laringoscopia","descricao");
INSERT INTO MedicoExame( MedicoID, ExameID) VALUES (4282,1799);
INSERT INTO Evento(EventoID,Descricao, Data, Admissao, Quarto) VALUES (1800, "descricao","20/5/2018 11:35:27" ,196, 157);
INSERT INTO Exame( EventoID, Nome, Descricao) VALUES (1800,"mediastinoscopia","descricao");
INSERT INTO MedicoExame( MedicoID, ExameID) VALUES (8015,1800);
INSERT INTO Evento(EventoID,Descricao, Data, Admissao, Quarto) VALUES (1801, "descricao","26/6/1991 20:12:15" ,174, 156);
INSERT INTO Exame( EventoID, Nome, Descricao) VALUES (1801,"laparoscopia","descricao");
INSERT INTO MedicoExame( MedicoID, ExameID) VALUES (2255,1801);
INSERT INTO Evento(EventoID,Descricao, Data, Admissao, Quarto) VALUES (1802, "descricao","15/1/1971 13:2:48" ,172, 222);
INSERT INTO Exame( EventoID, Nome, Descricao) VALUES (1802,"liquido cefalorraquidiano","descricao");
INSERT INTO MedicoExame( MedicoID, ExameID) VALUES (1166,1802);
INSERT INTO Evento(EventoID,Descricao, Data, Admissao, Quarto) VALUES (1803, "descricao","28/5/1960 17:5:54" ,355, 139);
INSERT INTO Exame( EventoID, Nome, Descricao) VALUES (1803,"laringoscopia","descricao");
INSERT INTO MedicoExame( MedicoID, ExameID) VALUES (2970,1803);
INSERT INTO Evento(EventoID,Descricao, Data, Admissao, Quarto) VALUES (1804, "descricao","26/9/1999 2:0:26" ,209, 158);
INSERT INTO Exame( EventoID, Nome, Descricao) VALUES (1804,"cistoscopia","descricao");
INSERT INTO MedicoExame( MedicoID, ExameID) VALUES (6342,1804);
INSERT INTO Evento(EventoID,Descricao, Data, Admissao, Quarto) VALUES (1805, "descricao","13/4/1981 9:2:54" ,380, 195);
INSERT INTO Exame( EventoID, Nome, Descricao) VALUES (1805,"liquido sinovial","descricao");
INSERT INTO MedicoExame( MedicoID, ExameID) VALUES (8950,1805);
INSERT INTO Evento(EventoID,Descricao, Data, Admissao, Quarto) VALUES (1806, "descricao","6/6/2019 15:7:14" ,78, 235);
INSERT INTO Exame( EventoID, Nome, Descricao) VALUES (1806,"Urina","descricao");
INSERT INTO MedicoExame( MedicoID, ExameID) VALUES (4917,1806);
INSERT INTO Evento(EventoID,Descricao, Data, Admissao, Quarto) VALUES (1807, "descricao","25/1/1999 15:21:47" ,130, 199);
INSERT INTO Exame( EventoID, Nome, Descricao) VALUES (1807,"broncoscopia","descricao");
INSERT INTO MedicoExame( MedicoID, ExameID) VALUES (4282,1807);
INSERT INTO Evento(EventoID,Descricao, Data, Admissao, Quarto) VALUES (1808, "descricao","5/10/1966 21:30:14" ,484, 235);
INSERT INTO Exame( EventoID, Nome, Descricao) VALUES (1808,"cistoscopia","descricao");
INSERT INTO MedicoExame( MedicoID, ExameID) VALUES (8157,1808);
INSERT INTO Evento(EventoID,Descricao, Data, Admissao, Quarto) VALUES (1809, "descricao","8/5/1985 0:27:15" ,420, 109);
INSERT INTO Exame( EventoID, Nome, Descricao) VALUES (1809,"Sangue","descricao");
INSERT INTO MedicoExame( MedicoID, ExameID) VALUES (6675,1809);
INSERT INTO Evento(EventoID,Descricao, Data, Admissao, Quarto) VALUES (1810, "descricao","15/10/2004 1:53:27" ,262, 202);
INSERT INTO Exame( EventoID, Nome, Descricao) VALUES (1810,"Urina","descricao");
INSERT INTO MedicoExame( MedicoID, ExameID) VALUES (1315,1810);
INSERT INTO Evento(EventoID,Descricao, Data, Admissao, Quarto) VALUES (1811, "descricao","23/8/1986 11:24:45" ,325, 107);
INSERT INTO Exame( EventoID, Nome, Descricao) VALUES (1811,"cistoscopia","descricao");
INSERT INTO MedicoExame( MedicoID, ExameID) VALUES (8226,1811);
INSERT INTO Evento(EventoID,Descricao, Data, Admissao, Quarto) VALUES (1812, "descricao","22/1/2005 19:1:18" ,3, 110);
INSERT INTO Exame( EventoID, Nome, Descricao) VALUES (1812,"esofagoscopia","descricao");
INSERT INTO MedicoExame( MedicoID, ExameID) VALUES (1315,1812);
INSERT INTO Evento(EventoID,Descricao, Data, Admissao, Quarto) VALUES (1813, "descricao","18/10/1993 17:28:49" ,166, 231);
INSERT INTO Exame( EventoID, Nome, Descricao) VALUES (1813,"cistoscopia","descricao");
INSERT INTO MedicoExame( MedicoID, ExameID) VALUES (2255,1813);
INSERT INTO Evento(EventoID,Descricao, Data, Admissao, Quarto) VALUES (1814, "descricao","25/11/1973 15:57:15" ,358, 234);
INSERT INTO Exame( EventoID, Nome, Descricao) VALUES (1814,"broncoscopia","descricao");
INSERT INTO MedicoExame( MedicoID, ExameID) VALUES (1819,1814);
INSERT INTO Evento(EventoID,Descricao, Data, Admissao, Quarto) VALUES (1815, "descricao","3/6/1968 7:11:36" ,438, 148);
INSERT INTO Exame( EventoID, Nome, Descricao) VALUES (1815,"liquido sinovial","descricao");
INSERT INTO MedicoExame( MedicoID, ExameID) VALUES (6342,1815);
INSERT INTO Evento(EventoID,Descricao, Data, Admissao, Quarto) VALUES (1816, "descricao","10/3/1993 9:25:30" ,430, 138);
INSERT INTO Exame( EventoID, Nome, Descricao) VALUES (1816,"cistoscopia","descricao");
INSERT INTO MedicoExame( MedicoID, ExameID) VALUES (4917,1816);
INSERT INTO Evento(EventoID,Descricao, Data, Admissao, Quarto) VALUES (1817, "descricao","20/12/1970 15:31:53" ,424, 205);
INSERT INTO Exame( EventoID, Nome, Descricao) VALUES (1817,"liquido cefalorraquidiano","descricao");
INSERT INTO MedicoExame( MedicoID, ExameID) VALUES (2607,1817);
INSERT INTO Evento(EventoID,Descricao, Data, Admissao, Quarto) VALUES (1818, "descricao","28/6/1994 5:53:43" ,342, 115);
INSERT INTO Exame( EventoID, Nome, Descricao) VALUES (1818,"mediastinoscopia","descricao");
INSERT INTO MedicoExame( MedicoID, ExameID) VALUES (2255,1818);
INSERT INTO Evento(EventoID,Descricao, Data, Admissao, Quarto) VALUES (1819, "descricao","14/7/1972 20:24:44" ,391, 205);
INSERT INTO Exame( EventoID, Nome, Descricao) VALUES (1819,"toracoscopia","descricao");
INSERT INTO MedicoExame( MedicoID, ExameID) VALUES (6281,1819);
INSERT INTO Evento(EventoID,Descricao, Data, Admissao, Quarto) VALUES (1820, "descricao","2/12/1981 21:44:49" ,117, 216);
INSERT INTO Exame( EventoID, Nome, Descricao) VALUES (1820,"Sangue","descricao");
INSERT INTO MedicoExame( MedicoID, ExameID) VALUES (4917,1820);
INSERT INTO Evento(EventoID,Descricao, Data, Admissao, Quarto) VALUES (1821, "descricao","26/8/2002 0:25:20" ,479, 109);
INSERT INTO Exame( EventoID, Nome, Descricao) VALUES (1821,"Urina","descricao");
INSERT INTO MedicoExame( MedicoID, ExameID) VALUES (2255,1821);
INSERT INTO Evento(EventoID,Descricao, Data, Admissao, Quarto) VALUES (1822, "descricao","15/1/1991 1:41:55" ,113, 228);
INSERT INTO Exame( EventoID, Nome, Descricao) VALUES (1822,"mediastinoscopia","descricao");
INSERT INTO MedicoExame( MedicoID, ExameID) VALUES (2769,1822);
INSERT INTO Evento(EventoID,Descricao, Data, Admissao, Quarto) VALUES (1823, "descricao","21/5/1981 3:28:43" ,393, 120);
INSERT INTO Exame( EventoID, Nome, Descricao) VALUES (1823,"esofagoscopia","descricao");
INSERT INTO MedicoExame( MedicoID, ExameID) VALUES (1877,1823);
INSERT INTO Evento(EventoID,Descricao, Data, Admissao, Quarto) VALUES (1824, "descricao","12/1/2007 2:6:48" ,92, 249);
INSERT INTO Exame( EventoID, Nome, Descricao) VALUES (1824,"broncoscopia","descricao");
INSERT INTO MedicoExame( MedicoID, ExameID) VALUES (4282,1824);
INSERT INTO Evento(EventoID,Descricao, Data, Admissao, Quarto) VALUES (1825, "descricao","13/2/1963 6:28:6" ,403, 220);
INSERT INTO Exame( EventoID, Nome, Descricao) VALUES (1825,"esofagoscopia","descricao");
INSERT INTO MedicoExame( MedicoID, ExameID) VALUES (1166,1825);
INSERT INTO Evento(EventoID,Descricao, Data, Admissao, Quarto) VALUES (1826, "descricao","23/12/1960 15:23:48" ,466, 110);
INSERT INTO Exame( EventoID, Nome, Descricao) VALUES (1826,"cistoscopia","descricao");
INSERT INTO MedicoExame( MedicoID, ExameID) VALUES (5894,1826);
INSERT INTO Evento(EventoID,Descricao, Data, Admissao, Quarto) VALUES (1827, "descricao","12/10/2013 11:29:50" ,422, 166);
INSERT INTO Exame( EventoID, Nome, Descricao) VALUES (1827,"cistoscopia","descricao");
INSERT INTO MedicoExame( MedicoID, ExameID) VALUES (6675,1827);
INSERT INTO Evento(EventoID,Descricao, Data, Admissao, Quarto) VALUES (1828, "descricao","10/3/1967 15:12:52" ,299, 205);
INSERT INTO Exame( EventoID, Nome, Descricao) VALUES (1828,"laparoscopia","descricao");
INSERT INTO MedicoExame( MedicoID, ExameID) VALUES (3687,1828);
INSERT INTO Evento(EventoID,Descricao, Data, Admissao, Quarto) VALUES (1829, "descricao","14/12/2011 0:18:50" ,410, 136);
INSERT INTO Exame( EventoID, Nome, Descricao) VALUES (1829,"Urina","descricao");
INSERT INTO MedicoExame( MedicoID, ExameID) VALUES (9132,1829);
INSERT INTO Evento(EventoID,Descricao, Data, Admissao, Quarto) VALUES (1830, "descricao","2/2/2003 2:8:26" ,217, 197);
INSERT INTO Exame( EventoID, Nome, Descricao) VALUES (1830,"toracoscopia","descricao");
INSERT INTO MedicoExame( MedicoID, ExameID) VALUES (3833,1830);
INSERT INTO Evento(EventoID,Descricao, Data, Admissao, Quarto) VALUES (1831, "descricao","16/6/1991 4:37:45" ,110, 156);
INSERT INTO Exame( EventoID, Nome, Descricao) VALUES (1831,"liquido sinovial","descricao");
INSERT INTO MedicoExame( MedicoID, ExameID) VALUES (6041,1831);
INSERT INTO Evento(EventoID,Descricao, Data, Admissao, Quarto) VALUES (1832, "descricao","4/2/2013 12:1:7" ,410, 147);
INSERT INTO Exame( EventoID, Nome, Descricao) VALUES (1832,"liquido sinovial","descricao");
INSERT INTO MedicoExame( MedicoID, ExameID) VALUES (9079,1832);
INSERT INTO Evento(EventoID,Descricao, Data, Admissao, Quarto) VALUES (1833, "descricao","20/12/2000 11:13:53" ,58, 185);
INSERT INTO Exame( EventoID, Nome, Descricao) VALUES (1833,"laringoscopia","descricao");
INSERT INTO MedicoExame( MedicoID, ExameID) VALUES (9289,1833);
INSERT INTO Evento(EventoID,Descricao, Data, Admissao, Quarto) VALUES (1834, "descricao","19/7/2002 7:48:41" ,21, 246);
INSERT INTO Exame( EventoID, Nome, Descricao) VALUES (1834,"Urina","descricao");
INSERT INTO MedicoExame( MedicoID, ExameID) VALUES (9075,1834);
INSERT INTO Evento(EventoID,Descricao, Data, Admissao, Quarto) VALUES (1835, "descricao","4/5/1967 18:41:14" ,360, 207);
INSERT INTO Exame( EventoID, Nome, Descricao) VALUES (1835,"Sangue","descricao");
INSERT INTO MedicoExame( MedicoID, ExameID) VALUES (4811,1835);
INSERT INTO Evento(EventoID,Descricao, Data, Admissao, Quarto) VALUES (1836, "descricao","24/9/1970 17:56:30" ,15, 190);
INSERT INTO Exame( EventoID, Nome, Descricao) VALUES (1836,"mediastinoscopia","descricao");
INSERT INTO MedicoExame( MedicoID, ExameID) VALUES (3687,1836);
INSERT INTO Evento(EventoID,Descricao, Data, Admissao, Quarto) VALUES (1837, "descricao","18/3/2001 22:23:38" ,356, 125);
INSERT INTO Exame( EventoID, Nome, Descricao) VALUES (1837,"liquido cefalorraquidiano","descricao");
INSERT INTO MedicoExame( MedicoID, ExameID) VALUES (8183,1837);
INSERT INTO Evento(EventoID,Descricao, Data, Admissao, Quarto) VALUES (1838, "descricao","16/10/1987 0:5:59" ,258, 217);
INSERT INTO Exame( EventoID, Nome, Descricao) VALUES (1838,"toracoscopia","descricao");
INSERT INTO MedicoExame( MedicoID, ExameID) VALUES (2255,1838);
INSERT INTO Evento(EventoID,Descricao, Data, Admissao, Quarto) VALUES (1839, "descricao","17/4/1996 6:9:49" ,463, 213);
INSERT INTO Exame( EventoID, Nome, Descricao) VALUES (1839,"broncoscopia","descricao");
INSERT INTO MedicoExame( MedicoID, ExameID) VALUES (9132,1839);
INSERT INTO Evento(EventoID,Descricao, Data, Admissao, Quarto) VALUES (1840, "descricao","10/5/2005 19:25:22" ,490, 151);
INSERT INTO Exame( EventoID, Nome, Descricao) VALUES (1840,"toracoscopia","descricao");
INSERT INTO MedicoExame( MedicoID, ExameID) VALUES (2966,1840);
INSERT INTO Evento(EventoID,Descricao, Data, Admissao, Quarto) VALUES (1841, "descricao","14/6/1993 3:39:9" ,65, 145);
INSERT INTO Exame( EventoID, Nome, Descricao) VALUES (1841,"Sangue","descricao");
INSERT INTO MedicoExame( MedicoID, ExameID) VALUES (6041,1841);
INSERT INTO Evento(EventoID,Descricao, Data, Admissao, Quarto) VALUES (1842, "descricao","3/2/1971 23:16:56" ,209, 139);
INSERT INTO Exame( EventoID, Nome, Descricao) VALUES (1842,"liquido cefalorraquidiano","descricao");
INSERT INTO MedicoExame( MedicoID, ExameID) VALUES (1877,1842);
INSERT INTO Evento(EventoID,Descricao, Data, Admissao, Quarto) VALUES (1843, "descricao","20/5/2002 7:10:33" ,64, 111);
INSERT INTO Exame( EventoID, Nome, Descricao) VALUES (1843,"liquido sinovial","descricao");
INSERT INTO MedicoExame( MedicoID, ExameID) VALUES (9289,1843);
INSERT INTO Evento(EventoID,Descricao, Data, Admissao, Quarto) VALUES (1844, "descricao","18/8/1967 2:58:46" ,361, 134);
INSERT INTO Exame( EventoID, Nome, Descricao) VALUES (1844,"cistoscopia","descricao");
INSERT INTO MedicoExame( MedicoID, ExameID) VALUES (4811,1844);
INSERT INTO Evento(EventoID,Descricao, Data, Admissao, Quarto) VALUES (1845, "descricao","15/10/2011 1:19:36" ,331, 245);
INSERT INTO Exame( EventoID, Nome, Descricao) VALUES (1845,"broncoscopia","descricao");
INSERT INTO MedicoExame( MedicoID, ExameID) VALUES (4832,1845);
INSERT INTO Evento(EventoID,Descricao, Data, Admissao, Quarto) VALUES (1846, "descricao","26/10/1971 13:46:49" ,325, 195);
INSERT INTO Exame( EventoID, Nome, Descricao) VALUES (1846,"Sangue","descricao");
INSERT INTO MedicoExame( MedicoID, ExameID) VALUES (5324,1846);
INSERT INTO Evento(EventoID,Descricao, Data, Admissao, Quarto) VALUES (1847, "descricao","4/10/2003 19:23:21" ,160, 124);
INSERT INTO Exame( EventoID, Nome, Descricao) VALUES (1847,"laparoscopia","descricao");
INSERT INTO MedicoExame( MedicoID, ExameID) VALUES (2970,1847);
INSERT INTO Evento(EventoID,Descricao, Data, Admissao, Quarto) VALUES (1848, "descricao","22/2/1972 18:7:17" ,452, 124);
INSERT INTO Exame( EventoID, Nome, Descricao) VALUES (1848,"Sangue","descricao");
INSERT INTO MedicoExame( MedicoID, ExameID) VALUES (9132,1848);
INSERT INTO Evento(EventoID,Descricao, Data, Admissao, Quarto) VALUES (1849, "descricao","23/5/1969 14:39:38" ,335, 154);
INSERT INTO Exame( EventoID, Nome, Descricao) VALUES (1849,"cistoscopia","descricao");
INSERT INTO MedicoExame( MedicoID, ExameID) VALUES (2336,1849);

-- Consultation
INSERT INTO Evento(EventoID,Descricao, Data, Admissao, Quarto) VALUES (1850, "descricao","28/8/1988 22:10:30" ,126, 201);
INSERT INTO Consulta( EventoID, Diagnostico, Medico) VALUES (1850,"Limbtoosa",4811);
INSERT INTO Evento(EventoID,Descricao, Data, Admissao, Quarto) VALUES (1851, "descricao","24/1/2014 16:44:56" ,52, 239);
INSERT INTO Consulta( EventoID, Diagnostico, Medico) VALUES (1851,"Leishmaniasis",1877);
INSERT INTO Evento(EventoID,Descricao, Data, Admissao, Quarto) VALUES (1852, "descricao","6/11/1999 4:22:4" ,4, 120);
INSERT INTO Consulta( EventoID, Diagnostico, Medico) VALUES (1852,"Osso quebrado",9079);
INSERT INTO Evento(EventoID,Descricao, Data, Admissao, Quarto) VALUES (1853, "descricao","1/4/1971 6:9:44" ,362, 135);
INSERT INTO Consulta( EventoID, Diagnostico, Medico) VALUES (1853,"Multiple myeloma",8157);
INSERT INTO Evento(EventoID,Descricao, Data, Admissao, Quarto) VALUES (1854, "descricao","1/5/1967 0:17:17" ,428, 124);
INSERT INTO Consulta( EventoID, Diagnostico, Medico) VALUES (1854,"Dengue Fever",4832);
INSERT INTO Evento(EventoID,Descricao, Data, Admissao, Quarto) VALUES (1855, "descricao","18/1/1965 13:23:14" ,426, 157);
INSERT INTO Consulta( EventoID, Diagnostico, Medico) VALUES (1855,"Interstitial cystitis",4832);
INSERT INTO Evento(EventoID,Descricao, Data, Admissao, Quarto) VALUES (1856, "descricao","18/11/1961 16:31:1" ,379, 248);
INSERT INTO Consulta( EventoID, Diagnostico, Medico) VALUES (1856,"Common cold",5324);
INSERT INTO Evento(EventoID,Descricao, Data, Admissao, Quarto) VALUES (1857, "descricao","8/9/1974 6:51:16" ,325, 144);
INSERT INTO Consulta( EventoID, Diagnostico, Medico) VALUES (1857,"Mal estar",6675);
INSERT INTO Evento(EventoID,Descricao, Data, Admissao, Quarto) VALUES (1858, "descricao","16/7/1989 0:18:44" ,393, 194);
INSERT INTO Consulta( EventoID, Diagnostico, Medico) VALUES (1858,"Hepatitis B",9570);
INSERT INTO Evento(EventoID,Descricao, Data, Admissao, Quarto) VALUES (1859, "descricao","20/1/1966 15:4:10" ,201, 247);
INSERT INTO Consulta( EventoID, Diagnostico, Medico) VALUES (1859,"Non-gonococcal urethritis",3687);
INSERT INTO Evento(EventoID,Descricao, Data, Admissao, Quarto) VALUES (1860, "descricao","23/9/2001 7:43:38" ,385, 238);
INSERT INTO Consulta( EventoID, Diagnostico, Medico) VALUES (1860,"Cholera",2255);
INSERT INTO Evento(EventoID,Descricao, Data, Admissao, Quarto) VALUES (1861, "descricao","26/8/2014 15:38:42" ,447, 241);
INSERT INTO Consulta( EventoID, Diagnostico, Medico) VALUES (1861,"Osso quebrado",9079);
INSERT INTO Evento(EventoID,Descricao, Data, Admissao, Quarto) VALUES (1862, "descricao","2/1/2018 7:36:1" ,26, 216);
INSERT INTO Consulta( EventoID, Diagnostico, Medico) VALUES (1862,"Mal estar",8767);
INSERT INTO Evento(EventoID,Descricao, Data, Admissao, Quarto) VALUES (1863, "descricao","19/6/2009 5:8:22" ,332, 112);
INSERT INTO Consulta( EventoID, Diagnostico, Medico) VALUES (1863,"Iron-deficiency anemia",4832);
INSERT INTO Evento(EventoID,Descricao, Data, Admissao, Quarto) VALUES (1864, "descricao","8/7/2016 0:38:17" ,247, 178);
INSERT INTO Consulta( EventoID, Diagnostico, Medico) VALUES (1864,"HIV",2255);
INSERT INTO Evento(EventoID,Descricao, Data, Admissao, Quarto) VALUES (1865, "descricao","8/1/2015 14:17:15" ,295, 220);
INSERT INTO Consulta( EventoID, Diagnostico, Medico) VALUES (1865,"Chagas disease",1877);
INSERT INTO Evento(EventoID,Descricao, Data, Admissao, Quarto) VALUES (1866, "descricao","3/3/1961 8:25:43" ,171, 205);
INSERT INTO Consulta( EventoID, Diagnostico, Medico) VALUES (1866,"Bunion",4282);
INSERT INTO Evento(EventoID,Descricao, Data, Admissao, Quarto) VALUES (1867, "descricao","28/2/1962 23:58:20" ,101, 111);
INSERT INTO Consulta( EventoID, Diagnostico, Medico) VALUES (1867,"Lupus erythematosus",8767);
INSERT INTO Evento(EventoID,Descricao, Data, Admissao, Quarto) VALUES (1868, "descricao","16/8/2011 17:25:22" ,357, 198);
INSERT INTO Consulta( EventoID, Diagnostico, Medico) VALUES (1868,"Sickle-cell anemia",4282);
INSERT INTO Evento(EventoID,Descricao, Data, Admissao, Quarto) VALUES (1869, "descricao","8/6/1993 0:12:24" ,396, 168);
INSERT INTO Consulta( EventoID, Diagnostico, Medico) VALUES (1869,"Infeccao bacteriana",2198);
INSERT INTO Evento(EventoID,Descricao, Data, Admissao, Quarto) VALUES (1870, "descricao","20/5/1998 9:14:55" ,383, 228);
INSERT INTO Consulta( EventoID, Diagnostico, Medico) VALUES (1870,"Iritis",4930);
INSERT INTO Evento(EventoID,Descricao, Data, Admissao, Quarto) VALUES (1871, "descricao","27/11/2016 1:28:9" ,135, 124);
INSERT INTO Consulta( EventoID, Diagnostico, Medico) VALUES (1871,"Muscular dystrophy",6675);
INSERT INTO Evento(EventoID,Descricao, Data, Admissao, Quarto) VALUES (1872, "descricao","7/3/1983 14:18:56" ,39, 137);
INSERT INTO Consulta( EventoID, Diagnostico, Medico) VALUES (1872,"Tooth decay",4282);
INSERT INTO Evento(EventoID,Descricao, Data, Admissao, Quarto) VALUES (1873, "descricao","11/9/1964 21:35:28" ,455, 208);
INSERT INTO Consulta( EventoID, Diagnostico, Medico) VALUES (1873,"Mal estar",2336);
INSERT INTO Evento(EventoID,Descricao, Data, Admissao, Quarto) VALUES (1874, "descricao","21/7/1995 19:32:18" ,91, 141);
INSERT INTO Consulta( EventoID, Diagnostico, Medico) VALUES (1874,"Rheumatic fever",2255);
INSERT INTO Evento(EventoID,Descricao, Data, Admissao, Quarto) VALUES (1875, "descricao","14/7/1979 16:5:36" ,128, 237);
INSERT INTO Consulta( EventoID, Diagnostico, Medico) VALUES (1875,"Catapora",3833);
INSERT INTO Evento(EventoID,Descricao, Data, Admissao, Quarto) VALUES (1876, "descricao","15/4/1993 17:51:18" ,138, 245);
INSERT INTO Consulta( EventoID, Diagnostico, Medico) VALUES (1876,"Diabetes mellitus",3833);
INSERT INTO Evento(EventoID,Descricao, Data, Admissao, Quarto) VALUES (1877, "descricao","7/8/1993 15:39:38" ,197, 169);
INSERT INTO Consulta( EventoID, Diagnostico, Medico) VALUES (1877,"Indeterminado",1166);
INSERT INTO Evento(EventoID,Descricao, Data, Admissao, Quarto) VALUES (1878, "descricao","12/11/1976 23:19:32" ,247, 240);
INSERT INTO Consulta( EventoID, Diagnostico, Medico) VALUES (1878,"Salmonellosis",9132);
INSERT INTO Evento(EventoID,Descricao, Data, Admissao, Quarto) VALUES (1879, "descricao","26/6/2002 5:16:14" ,494, 166);
INSERT INTO Consulta( EventoID, Diagnostico, Medico) VALUES (1879,"Mal estar",8767);
INSERT INTO Evento(EventoID,Descricao, Data, Admissao, Quarto) VALUES (1880, "descricao","2/6/2001 6:49:14" ,364, 136);
INSERT INTO Consulta( EventoID, Diagnostico, Medico) VALUES (1880,"Yersiniosis",6041);
INSERT INTO Evento(EventoID,Descricao, Data, Admissao, Quarto) VALUES (1881, "descricao","10/10/2000 11:17:32" ,51, 189);
INSERT INTO Consulta( EventoID, Diagnostico, Medico) VALUES (1881,"Multiple myeloma",1166);
INSERT INTO Evento(EventoID,Descricao, Data, Admissao, Quarto) VALUES (1882, "descricao","16/6/1974 11:24:46" ,260, 169);
INSERT INTO Consulta( EventoID, Diagnostico, Medico) VALUES (1882,"Infeccao bacteriana",7280);
INSERT INTO Evento(EventoID,Descricao, Data, Admissao, Quarto) VALUES (1883, "descricao","6/1/1997 13:13:42" ,92, 223);
INSERT INTO Consulta( EventoID, Diagnostico, Medico) VALUES (1883,"Dengue Fever",1315);
INSERT INTO Evento(EventoID,Descricao, Data, Admissao, Quarto) VALUES (1884, "descricao","23/5/2013 18:25:31" ,113, 202);
INSERT INTO Consulta( EventoID, Diagnostico, Medico) VALUES (1884,"Virose",8950);
INSERT INTO Evento(EventoID,Descricao, Data, Admissao, Quarto) VALUES (1885, "descricao","7/5/2015 3:12:43" ,435, 170);
INSERT INTO Consulta( EventoID, Diagnostico, Medico) VALUES (1885,"Pilia",6342);
INSERT INTO Evento(EventoID,Descricao, Data, Admissao, Quarto) VALUES (1886, "descricao","24/9/1990 0:41:30" ,347, 144);
INSERT INTO Consulta( EventoID, Diagnostico, Medico) VALUES (1886,"Virose",4282);
INSERT INTO Evento(EventoID,Descricao, Data, Admissao, Quarto) VALUES (1887, "descricao","27/4/1989 18:16:20" ,176, 172);
INSERT INTO Consulta( EventoID, Diagnostico, Medico) VALUES (1887,"Tonsillitis",2769);
INSERT INTO Evento(EventoID,Descricao, Data, Admissao, Quarto) VALUES (1888, "descricao","15/1/2018 7:52:59" ,35, 160);
INSERT INTO Consulta( EventoID, Diagnostico, Medico) VALUES (1888,"Osso quebrado",9570);
INSERT INTO Evento(EventoID,Descricao, Data, Admissao, Quarto) VALUES (1889, "descricao","17/5/1997 8:46:28" ,91, 169);
INSERT INTO Consulta( EventoID, Diagnostico, Medico) VALUES (1889,"Scarlet fever",9132);
INSERT INTO Evento(EventoID,Descricao, Data, Admissao, Quarto) VALUES (1890, "descricao","12/3/1975 3:40:36" ,199, 104);
INSERT INTO Consulta( EventoID, Diagnostico, Medico) VALUES (1890,"Taeniasis",6342);
INSERT INTO Evento(EventoID,Descricao, Data, Admissao, Quarto) VALUES (1891, "descricao","27/8/2000 15:14:7" ,357, 225);
INSERT INTO Consulta( EventoID, Diagnostico, Medico) VALUES (1891,"Dehydration",9079);
INSERT INTO Evento(EventoID,Descricao, Data, Admissao, Quarto) VALUES (1892, "descricao","10/9/2008 21:17:2" ,348, 172);
INSERT INTO Consulta( EventoID, Diagnostico, Medico) VALUES (1892,"Repetitive strain injury",6281);
INSERT INTO Evento(EventoID,Descricao, Data, Admissao, Quarto) VALUES (1893, "descricao","28/7/2006 1:7:35" ,93, 166);
INSERT INTO Consulta( EventoID, Diagnostico, Medico) VALUES (1893,"Marburg fever",8157);
INSERT INTO Evento(EventoID,Descricao, Data, Admissao, Quarto) VALUES (1894, "descricao","17/12/2004 0:58:3" ,11, 103);
INSERT INTO Consulta( EventoID, Diagnostico, Medico) VALUES (1894,"Typhoid fever",2966);
INSERT INTO Evento(EventoID,Descricao, Data, Admissao, Quarto) VALUES (1895, "descricao","17/9/2004 17:28:18" ,399, 150);
INSERT INTO Consulta( EventoID, Diagnostico, Medico) VALUES (1895,"Gangrene",4369);
INSERT INTO Evento(EventoID,Descricao, Data, Admissao, Quarto) VALUES (1896, "descricao","20/11/2017 23:28:32" ,211, 120);
INSERT INTO Consulta( EventoID, Diagnostico, Medico) VALUES (1896,"Heart disease",2923);
INSERT INTO Evento(EventoID,Descricao, Data, Admissao, Quarto) VALUES (1897, "descricao","20/12/1968 13:1:23" ,170, 184);
INSERT INTO Consulta( EventoID, Diagnostico, Medico) VALUES (1897,"Leishmaniasis",1877);
INSERT INTO Evento(EventoID,Descricao, Data, Admissao, Quarto) VALUES (1898, "descricao","9/4/1986 17:24:46" ,266, 117);
INSERT INTO Consulta( EventoID, Diagnostico, Medico) VALUES (1898,"Myxedema",4832);
INSERT INTO Evento(EventoID,Descricao, Data, Admissao, Quarto) VALUES (1899, "descricao","24/12/2006 22:11:46" ,460, 203);
INSERT INTO Consulta( EventoID, Diagnostico, Medico) VALUES (1899,"Myasthenia gravis",5024);
INSERT INTO Evento(EventoID,Descricao, Data, Admissao, Quarto) VALUES (1900, "descricao","20/5/2000 8:51:28" ,387, 219);
INSERT INTO Consulta( EventoID, Diagnostico, Medico) VALUES (1900,"Infeccao bacteriana",6675);
INSERT INTO Evento(EventoID,Descricao, Data, Admissao, Quarto) VALUES (1901, "descricao","4/1/2008 20:9:21" ,427, 100);
INSERT INTO Consulta( EventoID, Diagnostico, Medico) VALUES (1901,"SARS",6342);
INSERT INTO Evento(EventoID,Descricao, Data, Admissao, Quarto) VALUES (1902, "descricao","21/6/1978 4:39:24" ,67, 107);
INSERT INTO Consulta( EventoID, Diagnostico, Medico) VALUES (1902,"Tuberculosis",2336);
INSERT INTO Evento(EventoID,Descricao, Data, Admissao, Quarto) VALUES (1903, "descricao","28/1/1963 6:56:57" ,255, 237);
INSERT INTO Consulta( EventoID, Diagnostico, Medico) VALUES (1903,"Swine influenza",6041);
INSERT INTO Evento(EventoID,Descricao, Data, Admissao, Quarto) VALUES (1904, "descricao","11/11/2009 6:26:55" ,491, 154);
INSERT INTO Consulta( EventoID, Diagnostico, Medico) VALUES (1904,"Mad cow disease",8577);
INSERT INTO Evento(EventoID,Descricao, Data, Admissao, Quarto) VALUES (1905, "descricao","20/6/1972 16:8:54" ,5, 199);
INSERT INTO Consulta( EventoID, Diagnostico, Medico) VALUES (1905,"Tularemia",4930);
INSERT INTO Evento(EventoID,Descricao, Data, Admissao, Quarto) VALUES (1906, "descricao","24/11/2006 6:49:41" ,136, 202);
INSERT INTO Consulta( EventoID, Diagnostico, Medico) VALUES (1906,"Indeterminado",8950);
INSERT INTO Evento(EventoID,Descricao, Data, Admissao, Quarto) VALUES (1907, "descricao","7/4/1997 18:16:7" ,238, 124);
INSERT INTO Consulta( EventoID, Diagnostico, Medico) VALUES (1907,"Osso quebrado",6467);
INSERT INTO Evento(EventoID,Descricao, Data, Admissao, Quarto) VALUES (1908, "descricao","14/2/1974 10:11:14" ,62, 167);
INSERT INTO Consulta( EventoID, Diagnostico, Medico) VALUES (1908,"Osso quebrado",4369);
INSERT INTO Evento(EventoID,Descricao, Data, Admissao, Quarto) VALUES (1909, "descricao","6/10/1965 11:43:14" ,286, 231);
INSERT INTO Consulta( EventoID, Diagnostico, Medico) VALUES (1909,"Multiple myeloma",6281);
INSERT INTO Evento(EventoID,Descricao, Data, Admissao, Quarto) VALUES (1910, "descricao","18/1/1995 11:5:29" ,140, 177);
INSERT INTO Consulta( EventoID, Diagnostico, Medico) VALUES (1910,"Mal estar",9570);
INSERT INTO Evento(EventoID,Descricao, Data, Admissao, Quarto) VALUES (1911, "descricao","1/3/1999 21:37:54" ,382, 126);
INSERT INTO Consulta( EventoID, Diagnostico, Medico) VALUES (1911,"Multiple myeloma",2966);
INSERT INTO Evento(EventoID,Descricao, Data, Admissao, Quarto) VALUES (1912, "descricao","28/3/1978 8:0:35" ,49, 190);
INSERT INTO Consulta( EventoID, Diagnostico, Medico) VALUES (1912,"Melanoma",8950);
INSERT INTO Evento(EventoID,Descricao, Data, Admissao, Quarto) VALUES (1913, "descricao","12/5/2006 16:7:24" ,154, 229);
INSERT INTO Consulta( EventoID, Diagnostico, Medico) VALUES (1913,"Asthma",9570);
INSERT INTO Evento(EventoID,Descricao, Data, Admissao, Quarto) VALUES (1914, "descricao","13/4/2008 3:45:11" ,240, 241);
INSERT INTO Consulta( EventoID, Diagnostico, Medico) VALUES (1914,"Vasovagal syncope",2769);
INSERT INTO Evento(EventoID,Descricao, Data, Admissao, Quarto) VALUES (1915, "descricao","19/10/1985 5:7:7" ,161, 127);
INSERT INTO Consulta( EventoID, Diagnostico, Medico) VALUES (1915,"Chronic fatigue syndrome",2607);
INSERT INTO Evento(EventoID,Descricao, Data, Admissao, Quarto) VALUES (1916, "descricao","4/10/1970 11:58:14" ,293, 243);
INSERT INTO Consulta( EventoID, Diagnostico, Medico) VALUES (1916,"Sickle-cell anemia",5024);
INSERT INTO Evento(EventoID,Descricao, Data, Admissao, Quarto) VALUES (1917, "descricao","1/2/1984 14:42:52" ,35, 111);
INSERT INTO Consulta( EventoID, Diagnostico, Medico) VALUES (1917,"Rickets",6675);
INSERT INTO Evento(EventoID,Descricao, Data, Admissao, Quarto) VALUES (1918, "descricao","8/8/2012 4:50:21" ,493, 228);
INSERT INTO Consulta( EventoID, Diagnostico, Medico) VALUES (1918,"Appendicitis",8183);
INSERT INTO Evento(EventoID,Descricao, Data, Admissao, Quarto) VALUES (1919, "descricao","6/10/1983 1:35:27" ,222, 235);
INSERT INTO Consulta( EventoID, Diagnostico, Medico) VALUES (1919,"Mattticular syndrome",2769);
INSERT INTO Evento(EventoID,Descricao, Data, Admissao, Quarto) VALUES (1920, "descricao","8/6/2006 4:58:42" ,242, 229);
INSERT INTO Consulta( EventoID, Diagnostico, Medico) VALUES (1920,"Night blindness",2255);
INSERT INTO Evento(EventoID,Descricao, Data, Admissao, Quarto) VALUES (1921, "descricao","16/5/2004 2:48:31" ,142, 234);
INSERT INTO Consulta( EventoID, Diagnostico, Medico) VALUES (1921,"Muscular dystrophy",4369);
INSERT INTO Evento(EventoID,Descricao, Data, Admissao, Quarto) VALUES (1922, "descricao","20/9/2005 22:0:6" ,352, 138);
INSERT INTO Consulta( EventoID, Diagnostico, Medico) VALUES (1922,"Varicose veins",2769);
INSERT INTO Evento(EventoID,Descricao, Data, Admissao, Quarto) VALUES (1923, "descricao","4/3/1961 16:26:12" ,90, 115);
INSERT INTO Consulta( EventoID, Diagnostico, Medico) VALUES (1923,"Breast cancer",2769);
INSERT INTO Evento(EventoID,Descricao, Data, Admissao, Quarto) VALUES (1924, "descricao","12/9/1963 11:7:1" ,315, 109);
INSERT INTO Consulta( EventoID, Diagnostico, Medico) VALUES (1924,"Meningitis",2198);
INSERT INTO Evento(EventoID,Descricao, Data, Admissao, Quarto) VALUES (1925, "descricao","22/6/1980 11:25:40" ,103, 187);
INSERT INTO Consulta( EventoID, Diagnostico, Medico) VALUES (1925,"Phenylketonuria",2966);
INSERT INTO Evento(EventoID,Descricao, Data, Admissao, Quarto) VALUES (1926, "descricao","4/6/1979 8:14:7" ,98, 248);
INSERT INTO Consulta( EventoID, Diagnostico, Medico) VALUES (1926,"Indeterminado",6757);
INSERT INTO Evento(EventoID,Descricao, Data, Admissao, Quarto) VALUES (1927, "descricao","8/8/1978 11:24:25" ,202, 236);
INSERT INTO Consulta( EventoID, Diagnostico, Medico) VALUES (1927,"Progeria",8767);
INSERT INTO Evento(EventoID,Descricao, Data, Admissao, Quarto) VALUES (1928, "descricao","4/1/1961 16:5:21" ,84, 120);
INSERT INTO Consulta( EventoID, Diagnostico, Medico) VALUES (1928,"Candidiasis",2970);
INSERT INTO Evento(EventoID,Descricao, Data, Admissao, Quarto) VALUES (1929, "descricao","20/3/2009 4:0:33" ,459, 207);
INSERT INTO Consulta( EventoID, Diagnostico, Medico) VALUES (1929,"Psittacosis",2966);
INSERT INTO Evento(EventoID,Descricao, Data, Admissao, Quarto) VALUES (1930, "descricao","28/10/1984 19:44:50" ,210, 172);
INSERT INTO Consulta( EventoID, Diagnostico, Medico) VALUES (1930,"Indeterminado",6281);
INSERT INTO Evento(EventoID,Descricao, Data, Admissao, Quarto) VALUES (1931, "descricao","20/10/1989 2:48:21" ,91, 127);
INSERT INTO Consulta( EventoID, Diagnostico, Medico) VALUES (1931,"Ques fever",9570);
INSERT INTO Evento(EventoID,Descricao, Data, Admissao, Quarto) VALUES (1932, "descricao","7/8/1995 18:38:2" ,135, 220);
INSERT INTO Consulta( EventoID, Diagnostico, Medico) VALUES (1932,"Teratoma",8950);
INSERT INTO Evento(EventoID,Descricao, Data, Admissao, Quarto) VALUES (1933, "descricao","7/6/1969 9:38:58" ,235, 138);
INSERT INTO Consulta( EventoID, Diagnostico, Medico) VALUES (1933,"Mad cow disease",8183);
INSERT INTO Evento(EventoID,Descricao, Data, Admissao, Quarto) VALUES (1934, "descricao","22/4/2011 14:37:15" ,486, 230);
INSERT INTO Consulta( EventoID, Diagnostico, Medico) VALUES (1934,"Colitis",2769);
INSERT INTO Evento(EventoID,Descricao, Data, Admissao, Quarto) VALUES (1935, "descricao","4/4/1976 5:35:21" ,80, 160);
INSERT INTO Consulta( EventoID, Diagnostico, Medico) VALUES (1935,"Catapora",1298);
INSERT INTO Evento(EventoID,Descricao, Data, Admissao, Quarto) VALUES (1936, "descricao","10/4/1972 6:46:31" ,7, 247);
INSERT INTO Consulta( EventoID, Diagnostico, Medico) VALUES (1936,"Smallpox",2970);
INSERT INTO Evento(EventoID,Descricao, Data, Admissao, Quarto) VALUES (1937, "descricao","3/9/1993 18:14:19" ,424, 143);
INSERT INTO Consulta( EventoID, Diagnostico, Medico) VALUES (1937,"Otitis",2966);
INSERT INTO Evento(EventoID,Descricao, Data, Admissao, Quarto) VALUES (1938, "descricao","20/9/1980 17:43:31" ,135, 143);
INSERT INTO Consulta( EventoID, Diagnostico, Medico) VALUES (1938,"Rift Valley fever",2336);
INSERT INTO Evento(EventoID,Descricao, Data, Admissao, Quarto) VALUES (1939, "descricao","21/7/1996 11:38:17" ,315, 149);
INSERT INTO Consulta( EventoID, Diagnostico, Medico) VALUES (1939,"Meniere's disease",4917);
INSERT INTO Evento(EventoID,Descricao, Data, Admissao, Quarto) VALUES (1940, "descricao","24/11/2012 12:18:30" ,64, 237);
INSERT INTO Consulta( EventoID, Diagnostico, Medico) VALUES (1940,"Osso quebrado",5894);
INSERT INTO Evento(EventoID,Descricao, Data, Admissao, Quarto) VALUES (1941, "descricao","10/11/2016 9:12:47" ,273, 183);
INSERT INTO Consulta( EventoID, Diagnostico, Medico) VALUES (1941,"Strep throat",5894);
INSERT INTO Evento(EventoID,Descricao, Data, Admissao, Quarto) VALUES (1942, "descricao","11/10/1970 21:8:13" ,366, 102);
INSERT INTO Consulta( EventoID, Diagnostico, Medico) VALUES (1942,"Ebola",2966);
INSERT INTO Evento(EventoID,Descricao, Data, Admissao, Quarto) VALUES (1943, "descricao","1/6/1962 19:5:15" ,493, 187);
INSERT INTO Consulta( EventoID, Diagnostico, Medico) VALUES (1943,"Catapora",1298);
INSERT INTO Evento(EventoID,Descricao, Data, Admissao, Quarto) VALUES (1944, "descricao","2/10/2014 8:8:42" ,306, 131);
INSERT INTO Consulta( EventoID, Diagnostico, Medico) VALUES (1944,"Stomach flu",6041);
INSERT INTO Evento(EventoID,Descricao, Data, Admissao, Quarto) VALUES (1945, "descricao","16/1/1991 23:29:37" ,116, 240);
INSERT INTO Consulta( EventoID, Diagnostico, Medico) VALUES (1945,"Osteoarthritis",9289);
INSERT INTO Evento(EventoID,Descricao, Data, Admissao, Quarto) VALUES (1946, "descricao","24/8/1995 14:37:20" ,206, 220);
INSERT INTO Consulta( EventoID, Diagnostico, Medico) VALUES (1946,"SARS",1819);
INSERT INTO Evento(EventoID,Descricao, Data, Admissao, Quarto) VALUES (1947, "descricao","16/5/1967 6:53:34" ,324, 151);
INSERT INTO Consulta( EventoID, Diagnostico, Medico) VALUES (1947,"Thrush",3687);
INSERT INTO Evento(EventoID,Descricao, Data, Admissao, Quarto) VALUES (1948, "descricao","7/7/1983 13:54:42" ,449, 157);
INSERT INTO Consulta( EventoID, Diagnostico, Medico) VALUES (1948,"Catapora",6342);
INSERT INTO Evento(EventoID,Descricao, Data, Admissao, Quarto) VALUES (1949, "descricao","12/10/1975 20:40:34" ,123, 109);
INSERT INTO Consulta( EventoID, Diagnostico, Medico) VALUES (1949,"Virose",6281);
INSERT INTO Evento(EventoID,Descricao, Data, Admissao, Quarto) VALUES (1950, "descricao","21/6/1970 17:40:5" ,37, 162);
INSERT INTO Consulta( EventoID, Diagnostico, Medico) VALUES (1950,"Rabies",6041);
INSERT INTO Evento(EventoID,Descricao, Data, Admissao, Quarto) VALUES (1951, "descricao","17/8/1980 0:44:1" ,213, 123);
INSERT INTO Consulta( EventoID, Diagnostico, Medico) VALUES (1951,"Yellow fever",4811);
INSERT INTO Evento(EventoID,Descricao, Data, Admissao, Quarto) VALUES (1952, "descricao","2/8/1987 11:37:49" ,134, 209);
INSERT INTO Consulta( EventoID, Diagnostico, Medico) VALUES (1952,"Trisomy",9075);
INSERT INTO Evento(EventoID,Descricao, Data, Admissao, Quarto) VALUES (1953, "descricao","19/1/2000 8:17:49" ,339, 112);
INSERT INTO Consulta( EventoID, Diagnostico, Medico) VALUES (1953,"Catapora",3687);
INSERT INTO Evento(EventoID,Descricao, Data, Admissao, Quarto) VALUES (1954, "descricao","16/8/1982 10:42:12" ,107, 102);
INSERT INTO Consulta( EventoID, Diagnostico, Medico) VALUES (1954,"Vasovagal syncope",4811);
INSERT INTO Evento(EventoID,Descricao, Data, Admissao, Quarto) VALUES (1955, "descricao","10/3/1973 6:45:5" ,365, 142);
INSERT INTO Consulta( EventoID, Diagnostico, Medico) VALUES (1955,"Scarlet fever",5024);
INSERT INTO Evento(EventoID,Descricao, Data, Admissao, Quarto) VALUES (1956, "descricao","1/8/2008 5:27:40" ,82, 103);
INSERT INTO Consulta( EventoID, Diagnostico, Medico) VALUES (1956,"Hepatitis A",6342);
INSERT INTO Evento(EventoID,Descricao, Data, Admissao, Quarto) VALUES (1957, "descricao","19/6/1998 9:23:54" ,186, 100);
INSERT INTO Consulta( EventoID, Diagnostico, Medico) VALUES (1957,"Morquio Syndrome",4930);
INSERT INTO Evento(EventoID,Descricao, Data, Admissao, Quarto) VALUES (1958, "descricao","14/11/1989 22:33:4" ,70, 113);
INSERT INTO Consulta( EventoID, Diagnostico, Medico) VALUES (1958,"Cholera",7280);
INSERT INTO Evento(EventoID,Descricao, Data, Admissao, Quarto) VALUES (1959, "descricao","8/12/1998 14:0:14" ,103, 209);
INSERT INTO Consulta( EventoID, Diagnostico, Medico) VALUES (1959,"Pelvic inflammatory disease",8015);
INSERT INTO Evento(EventoID,Descricao, Data, Admissao, Quarto) VALUES (1960, "descricao","24/6/1964 20:32:36" ,138, 208);
INSERT INTO Consulta( EventoID, Diagnostico, Medico) VALUES (1960,"Vasovagal syncope",6281);
INSERT INTO Evento(EventoID,Descricao, Data, Admissao, Quarto) VALUES (1961, "descricao","3/2/1976 10:51:24" ,476, 185);
INSERT INTO Consulta( EventoID, Diagnostico, Medico) VALUES (1961,"Dysentery",8226);
INSERT INTO Evento(EventoID,Descricao, Data, Admissao, Quarto) VALUES (1962, "descricao","20/3/1980 15:51:25" ,336, 125);
INSERT INTO Consulta( EventoID, Diagnostico, Medico) VALUES (1962,"Psittacosis",5024);
INSERT INTO Evento(EventoID,Descricao, Data, Admissao, Quarto) VALUES (1963, "descricao","16/1/1998 13:48:1" ,36, 209);
INSERT INTO Consulta( EventoID, Diagnostico, Medico) VALUES (1963,"Foodborne illness",2970);
INSERT INTO Evento(EventoID,Descricao, Data, Admissao, Quarto) VALUES (1964, "descricao","19/7/1962 10:50:38" ,327, 234);
INSERT INTO Consulta( EventoID, Diagnostico, Medico) VALUES (1964,"Synovitis",2966);
INSERT INTO Evento(EventoID,Descricao, Data, Admissao, Quarto) VALUES (1965, "descricao","9/2/1967 16:44:7" ,302, 160);
INSERT INTO Consulta( EventoID, Diagnostico, Medico) VALUES (1965,"Muscular dystrophy",2970);
INSERT INTO Evento(EventoID,Descricao, Data, Admissao, Quarto) VALUES (1966, "descricao","7/8/1973 19:17:48" ,432, 210);
INSERT INTO Consulta( EventoID, Diagnostico, Medico) VALUES (1966,"Hepatitis B",1166);
INSERT INTO Evento(EventoID,Descricao, Data, Admissao, Quarto) VALUES (1967, "descricao","18/5/2011 1:17:41" ,340, 115);
INSERT INTO Consulta( EventoID, Diagnostico, Medico) VALUES (1967,"Watkins",4930);
INSERT INTO Evento(EventoID,Descricao, Data, Admissao, Quarto) VALUES (1968, "descricao","17/6/2006 7:30:5" ,193, 102);
INSERT INTO Consulta( EventoID, Diagnostico, Medico) VALUES (1968,"Thrush",9075);
INSERT INTO Evento(EventoID,Descricao, Data, Admissao, Quarto) VALUES (1969, "descricao","5/8/2019 8:32:46" ,89, 189);
INSERT INTO Consulta( EventoID, Diagnostico, Medico) VALUES (1969,"Q fever",4369);
INSERT INTO Evento(EventoID,Descricao, Data, Admissao, Quarto) VALUES (1970, "descricao","14/10/1965 23:8:44" ,423, 249);
INSERT INTO Consulta( EventoID, Diagnostico, Medico) VALUES (1970,"Silicosis",6342);
INSERT INTO Evento(EventoID,Descricao, Data, Admissao, Quarto) VALUES (1971, "descricao","13/8/1976 8:2:4" ,20, 181);
INSERT INTO Consulta( EventoID, Diagnostico, Medico) VALUES (1971,"Virose",8157);
INSERT INTO Evento(EventoID,Descricao, Data, Admissao, Quarto) VALUES (1972, "descricao","26/9/1986 11:11:3" ,187, 236);
INSERT INTO Consulta( EventoID, Diagnostico, Medico) VALUES (1972,"Neoplasm",8183);
INSERT INTO Evento(EventoID,Descricao, Data, Admissao, Quarto) VALUES (1973, "descricao","15/11/1998 19:26:37" ,10, 217);
INSERT INTO Consulta( EventoID, Diagnostico, Medico) VALUES (1973,"Strabismus",6757);
INSERT INTO Evento(EventoID,Descricao, Data, Admissao, Quarto) VALUES (1974, "descricao","10/9/1961 0:23:2" ,17, 127);
INSERT INTO Consulta( EventoID, Diagnostico, Medico) VALUES (1974,"Foodborne illness",4832);
INSERT INTO Evento(EventoID,Descricao, Data, Admissao, Quarto) VALUES (1975, "descricao","24/2/1960 8:4:11" ,28, 165);
INSERT INTO Consulta( EventoID, Diagnostico, Medico) VALUES (1975,"Leprosy",8767);
INSERT INTO Evento(EventoID,Descricao, Data, Admissao, Quarto) VALUES (1976, "descricao","13/9/2009 5:55:51" ,368, 203);
INSERT INTO Consulta( EventoID, Diagnostico, Medico) VALUES (1976,"Limbtoosa",2336);
INSERT INTO Evento(EventoID,Descricao, Data, Admissao, Quarto) VALUES (1977, "descricao","8/8/1970 19:23:49" ,253, 200);
INSERT INTO Consulta( EventoID, Diagnostico, Medico) VALUES (1977,"Indeterminado",7701);
INSERT INTO Evento(EventoID,Descricao, Data, Admissao, Quarto) VALUES (1978, "descricao","18/9/1991 23:59:45" ,456, 227);
INSERT INTO Consulta( EventoID, Diagnostico, Medico) VALUES (1978,"Hypermetropia",5324);
INSERT INTO Evento(EventoID,Descricao, Data, Admissao, Quarto) VALUES (1979, "descricao","21/2/2019 22:28:45" ,354, 112);
INSERT INTO Consulta( EventoID, Diagnostico, Medico) VALUES (1979,"Cholera",4282);
INSERT INTO Evento(EventoID,Descricao, Data, Admissao, Quarto) VALUES (1980, "descricao","20/4/1982 6:27:29" ,357, 226);
INSERT INTO Consulta( EventoID, Diagnostico, Medico) VALUES (1980,"Indeterminado",8226);
INSERT INTO Evento(EventoID,Descricao, Data, Admissao, Quarto) VALUES (1981, "descricao","3/10/1977 1:13:45" ,149, 170);
INSERT INTO Consulta( EventoID, Diagnostico, Medico) VALUES (1981,"Bacterial meningitis",3833);
INSERT INTO Evento(EventoID,Descricao, Data, Admissao, Quarto) VALUES (1982, "descricao","10/1/1971 16:53:49" ,96, 114);
INSERT INTO Consulta( EventoID, Diagnostico, Medico) VALUES (1982,"Crohn's Disease",1877);
INSERT INTO Evento(EventoID,Descricao, Data, Admissao, Quarto) VALUES (1983, "descricao","24/4/1971 11:9:58" ,195, 145);
INSERT INTO Consulta( EventoID, Diagnostico, Medico) VALUES (1983,"Ear infection",7280);
INSERT INTO Evento(EventoID,Descricao, Data, Admissao, Quarto) VALUES (1984, "descricao","13/3/1994 22:17:45" ,113, 169);
INSERT INTO Consulta( EventoID, Diagnostico, Medico) VALUES (1984,"Alzheimer's disease",2255);
INSERT INTO Evento(EventoID,Descricao, Data, Admissao, Quarto) VALUES (1985, "descricao","28/9/1977 6:9:18" ,476, 163);
INSERT INTO Consulta( EventoID, Diagnostico, Medico) VALUES (1985,"Vitiligo",1877);
INSERT INTO Evento(EventoID,Descricao, Data, Admissao, Quarto) VALUES (1986, "descricao","1/2/2011 15:8:53" ,312, 227);
INSERT INTO Consulta( EventoID, Diagnostico, Medico) VALUES (1986,"Virose",9289);
INSERT INTO Evento(EventoID,Descricao, Data, Admissao, Quarto) VALUES (1987, "descricao","11/7/1999 16:10:43" ,480, 183);
INSERT INTO Consulta( EventoID, Diagnostico, Medico) VALUES (1987,"Palindromic rheumatism",4282);
INSERT INTO Evento(EventoID,Descricao, Data, Admissao, Quarto) VALUES (1988, "descricao","28/3/1971 2:53:2" ,204, 188);
INSERT INTO Consulta( EventoID, Diagnostico, Medico) VALUES (1988,"Metastatic cancer",9132);
INSERT INTO Evento(EventoID,Descricao, Data, Admissao, Quarto) VALUES (1989, "descricao","19/10/2005 11:52:45" ,330, 113);
INSERT INTO Consulta( EventoID, Diagnostico, Medico) VALUES (1989,"Sickle-cell anemia",9289);
INSERT INTO Evento(EventoID,Descricao, Data, Admissao, Quarto) VALUES (1990, "descricao","16/10/2000 23:42:26" ,395, 168);
INSERT INTO Consulta( EventoID, Diagnostico, Medico) VALUES (1990,"Diphtheria",4282);
INSERT INTO Evento(EventoID,Descricao, Data, Admissao, Quarto) VALUES (1991, "descricao","5/9/2011 11:59:16" ,386, 129);
INSERT INTO Consulta( EventoID, Diagnostico, Medico) VALUES (1991,"Catapora",4917);
INSERT INTO Evento(EventoID,Descricao, Data, Admissao, Quarto) VALUES (1992, "descricao","23/5/1963 20:43:10" ,214, 218);
INSERT INTO Consulta( EventoID, Diagnostico, Medico) VALUES (1992,"Tumor",1877);
INSERT INTO Evento(EventoID,Descricao, Data, Admissao, Quarto) VALUES (1993, "descricao","10/8/1960 19:32:40" ,463, 207);
INSERT INTO Consulta( EventoID, Diagnostico, Medico) VALUES (1993,"Mad cow disease",1166);
INSERT INTO Evento(EventoID,Descricao, Data, Admissao, Quarto) VALUES (1994, "descricao","2/11/1999 18:22:44" ,206, 153);
INSERT INTO Consulta( EventoID, Diagnostico, Medico) VALUES (1994,"Congestive heart disease",5324);
INSERT INTO Evento(EventoID,Descricao, Data, Admissao, Quarto) VALUES (1995, "descricao","18/5/2007 20:2:8" ,156, 198);
INSERT INTO Consulta( EventoID, Diagnostico, Medico) VALUES (1995,"Encephalitis",2966);
INSERT INTO Evento(EventoID,Descricao, Data, Admissao, Quarto) VALUES (1996, "descricao","20/12/2015 17:57:12" ,282, 131);
INSERT INTO Consulta( EventoID, Diagnostico, Medico) VALUES (1996,"Ulcerative colitis",1315);
INSERT INTO Evento(EventoID,Descricao, Data, Admissao, Quarto) VALUES (1997, "descricao","19/2/1970 11:38:0" ,293, 190);
INSERT INTO Consulta( EventoID, Diagnostico, Medico) VALUES (1997,"Meniere's disease",9075);
INSERT INTO Evento(EventoID,Descricao, Data, Admissao, Quarto) VALUES (1998, "descricao","1/12/1970 18:58:5" ,479, 211);
INSERT INTO Consulta( EventoID, Diagnostico, Medico) VALUES (1998,"Cancer",6041);
INSERT INTO Evento(EventoID,Descricao, Data, Admissao, Quarto) VALUES (1999, "descricao","21/12/2018 16:39:15" ,434, 196);
INSERT INTO Consulta( EventoID, Diagnostico, Medico) VALUES (1999,"Campylobacter infection",4369);
INSERT INTO Evento(EventoID,Descricao, Data, Admissao, Quarto) VALUES (2000, "descricao","3/6/1962 15:29:42" ,148, 191);
INSERT INTO Consulta( EventoID, Diagnostico, Medico) VALUES (2000,"Osso quebrado",6467);
INSERT INTO Evento(EventoID,Descricao, Data, Admissao, Quarto) VALUES (2001, "descricao","16/1/2000 11:29:23" ,202, 235);
INSERT INTO Consulta( EventoID, Diagnostico, Medico) VALUES (2001,"Cowpox",4832);
INSERT INTO Evento(EventoID,Descricao, Data, Admissao, Quarto) VALUES (2002, "descricao","2/5/1965 21:17:28" ,205, 114);
INSERT INTO Consulta( EventoID, Diagnostico, Medico) VALUES (2002,"Viral fever",6467);
INSERT INTO Evento(EventoID,Descricao, Data, Admissao, Quarto) VALUES (2003, "descricao","19/9/1971 7:23:14" ,225, 174);
INSERT INTO Consulta( EventoID, Diagnostico, Medico) VALUES (2003,"Septicemia",9570);
INSERT INTO Evento(EventoID,Descricao, Data, Admissao, Quarto) VALUES (2004, "descricao","25/7/1994 18:49:36" ,252, 198);
INSERT INTO Consulta( EventoID, Diagnostico, Medico) VALUES (2004,"Mal estar",5324);
INSERT INTO Evento(EventoID,Descricao, Data, Admissao, Quarto) VALUES (2005, "descricao","16/8/1968 10:22:47" ,382, 130);
INSERT INTO Consulta( EventoID, Diagnostico, Medico) VALUES (2005,"Influenza",6675);
INSERT INTO Evento(EventoID,Descricao, Data, Admissao, Quarto) VALUES (2006, "descricao","13/1/1966 9:46:29" ,44, 160);
INSERT INTO Consulta( EventoID, Diagnostico, Medico) VALUES (2006,"Human papillomavirus",1166);
INSERT INTO Evento(EventoID,Descricao, Data, Admissao, Quarto) VALUES (2007, "descricao","21/10/2005 11:56:34" ,351, 145);
INSERT INTO Consulta( EventoID, Diagnostico, Medico) VALUES (2007,"Chordoma",2970);
INSERT INTO Evento(EventoID,Descricao, Data, Admissao, Quarto) VALUES (2008, "descricao","7/8/2016 11:45:36" ,387, 132);
INSERT INTO Consulta( EventoID, Diagnostico, Medico) VALUES (2008,"Infeccao bacteriana",2198);
INSERT INTO Evento(EventoID,Descricao, Data, Admissao, Quarto) VALUES (2009, "descricao","6/8/2012 0:22:9" ,94, 158);
INSERT INTO Consulta( EventoID, Diagnostico, Medico) VALUES (2009,"Virose",2198);
INSERT INTO Evento(EventoID,Descricao, Data, Admissao, Quarto) VALUES (2010, "descricao","14/9/1993 17:44:6" ,347, 124);
INSERT INTO Consulta( EventoID, Diagnostico, Medico) VALUES (2010,"Jaundice",7701);
INSERT INTO Evento(EventoID,Descricao, Data, Admissao, Quarto) VALUES (2011, "descricao","22/7/1976 4:25:52" ,268, 148);
INSERT INTO Consulta( EventoID, Diagnostico, Medico) VALUES (2011,"Tinnitus",5024);
INSERT INTO Evento(EventoID,Descricao, Data, Admissao, Quarto) VALUES (2012, "descricao","21/4/2016 1:25:9" ,123, 132);
INSERT INTO Consulta( EventoID, Diagnostico, Medico) VALUES (2012,"UTI'S",8157);
INSERT INTO Evento(EventoID,Descricao, Data, Admissao, Quarto) VALUES (2013, "descricao","2/8/1978 17:34:34" ,498, 193);
INSERT INTO Consulta( EventoID, Diagnostico, Medico) VALUES (2013,"Schizophrenia",2769);
INSERT INTO Evento(EventoID,Descricao, Data, Admissao, Quarto) VALUES (2014, "descricao","2/2/2012 5:9:28" ,250, 210);
INSERT INTO Consulta( EventoID, Diagnostico, Medico) VALUES (2014,"Hepatitis C",6675);
INSERT INTO Evento(EventoID,Descricao, Data, Admissao, Quarto) VALUES (2015, "descricao","20/9/1998 17:40:52" ,44, 227);
INSERT INTO Consulta( EventoID, Diagnostico, Medico) VALUES (2015,"Lymphoma",9289);
INSERT INTO Evento(EventoID,Descricao, Data, Admissao, Quarto) VALUES (2016, "descricao","25/9/2013 18:48:38" ,476, 206);
INSERT INTO Consulta( EventoID, Diagnostico, Medico) VALUES (2016,"Colitis",5324);
INSERT INTO Evento(EventoID,Descricao, Data, Admissao, Quarto) VALUES (2017, "descricao","21/2/1995 10:25:34" ,189, 236);
INSERT INTO Consulta( EventoID, Diagnostico, Medico) VALUES (2017,"Jaundice",3687);
INSERT INTO Evento(EventoID,Descricao, Data, Admissao, Quarto) VALUES (2018, "descricao","11/1/1977 20:11:1" ,413, 101);
INSERT INTO Consulta( EventoID, Diagnostico, Medico) VALUES (2018,"Mal estar",6467);
INSERT INTO Evento(EventoID,Descricao, Data, Admissao, Quarto) VALUES (2019, "descricao","21/5/1963 10:37:24" ,230, 138);
INSERT INTO Consulta( EventoID, Diagnostico, Medico) VALUES (2019,"Marburg fever",5324);
INSERT INTO Evento(EventoID,Descricao, Data, Admissao, Quarto) VALUES (2020, "descricao","24/3/1978 17:4:52" ,235, 166);
INSERT INTO Consulta( EventoID, Diagnostico, Medico) VALUES (2020,"Myoclonus",9289);
INSERT INTO Evento(EventoID,Descricao, Data, Admissao, Quarto) VALUES (2021, "descricao","22/6/1984 12:25:36" ,201, 222);
INSERT INTO Consulta( EventoID, Diagnostico, Medico) VALUES (2021,"Ulcerative colitis",2970);
INSERT INTO Evento(EventoID,Descricao, Data, Admissao, Quarto) VALUES (2022, "descricao","8/5/1963 22:58:50" ,376, 201);
INSERT INTO Consulta( EventoID, Diagnostico, Medico) VALUES (2022,"Circadian rhythm sleep disorder",2966);
INSERT INTO Evento(EventoID,Descricao, Data, Admissao, Quarto) VALUES (2023, "descricao","7/9/2001 8:40:14" ,83, 229);
INSERT INTO Consulta( EventoID, Diagnostico, Medico) VALUES (2023,"Chlamydia",9079);
INSERT INTO Evento(EventoID,Descricao, Data, Admissao, Quarto) VALUES (2024, "descricao","10/12/1979 23:20:12" ,2, 230);
INSERT INTO Consulta( EventoID, Diagnostico, Medico) VALUES (2024,"Lung cancer",5894);
INSERT INTO Evento(EventoID,Descricao, Data, Admissao, Quarto) VALUES (2025, "descricao","14/3/1978 5:3:23" ,355, 165);
INSERT INTO Consulta( EventoID, Diagnostico, Medico) VALUES (2025,"Interstitial cystitis",5324);
INSERT INTO Evento(EventoID,Descricao, Data, Admissao, Quarto) VALUES (2026, "descricao","27/6/1988 7:24:53" ,483, 179);
INSERT INTO Consulta( EventoID, Diagnostico, Medico) VALUES (2026,"Cholera",8226);
INSERT INTO Evento(EventoID,Descricao, Data, Admissao, Quarto) VALUES (2027, "descricao","12/1/2011 12:41:31" ,443, 245);
INSERT INTO Consulta( EventoID, Diagnostico, Medico) VALUES (2027,"Cerebral palsy",4930);
INSERT INTO Evento(EventoID,Descricao, Data, Admissao, Quarto) VALUES (2028, "descricao","11/1/2003 13:12:31" ,383, 228);
INSERT INTO Consulta( EventoID, Diagnostico, Medico) VALUES (2028,"Arthritis",6041);
INSERT INTO Evento(EventoID,Descricao, Data, Admissao, Quarto) VALUES (2029, "descricao","9/9/2016 23:10:55" ,194, 127);
INSERT INTO Consulta( EventoID, Diagnostico, Medico) VALUES (2029,"Silicosis",8767);
INSERT INTO Evento(EventoID,Descricao, Data, Admissao, Quarto) VALUES (2030, "descricao","18/1/2008 10:38:56" ,270, 134);
INSERT INTO Consulta( EventoID, Diagnostico, Medico) VALUES (2030,"Swine influenza",4832);
INSERT INTO Evento(EventoID,Descricao, Data, Admissao, Quarto) VALUES (2031, "descricao","6/5/2018 11:43:13" ,214, 183);
INSERT INTO Consulta( EventoID, Diagnostico, Medico) VALUES (2031,"Catapora",9132);
INSERT INTO Evento(EventoID,Descricao, Data, Admissao, Quarto) VALUES (2032, "descricao","1/4/1977 16:38:14" ,153, 114);
INSERT INTO Consulta( EventoID, Diagnostico, Medico) VALUES (2032,"Asthma",4282);
INSERT INTO Evento(EventoID,Descricao, Data, Admissao, Quarto) VALUES (2033, "descricao","17/2/1973 16:30:51" ,214, 120);
INSERT INTO Consulta( EventoID, Diagnostico, Medico) VALUES (2033,"Hyperthyroidism",8015);
INSERT INTO Evento(EventoID,Descricao, Data, Admissao, Quarto) VALUES (2034, "descricao","1/10/1975 16:48:31" ,110, 181);
INSERT INTO Consulta( EventoID, Diagnostico, Medico) VALUES (2034,"Myasthenia gravis",9132);
INSERT INTO Evento(EventoID,Descricao, Data, Admissao, Quarto) VALUES (2035, "descricao","26/6/1989 9:40:56" ,287, 101);
INSERT INTO Consulta( EventoID, Diagnostico, Medico) VALUES (2035,"Migraine",1166);
INSERT INTO Evento(EventoID,Descricao, Data, Admissao, Quarto) VALUES (2036, "descricao","9/4/1970 20:5:5" ,423, 150);
INSERT INTO Consulta( EventoID, Diagnostico, Medico) VALUES (2036,"Toxic shock syndrome",2198);
INSERT INTO Evento(EventoID,Descricao, Data, Admissao, Quarto) VALUES (2037, "descricao","10/6/1973 15:47:11" ,318, 186);
INSERT INTO Consulta( EventoID, Diagnostico, Medico) VALUES (2037,"Infeccao bacteriana",7701);
INSERT INTO Evento(EventoID,Descricao, Data, Admissao, Quarto) VALUES (2038, "descricao","11/8/2005 15:32:13" ,388, 249);
INSERT INTO Consulta( EventoID, Diagnostico, Medico) VALUES (2038,"Laryngitis",9570);
INSERT INTO Evento(EventoID,Descricao, Data, Admissao, Quarto) VALUES (2039, "descricao","23/8/1982 11:49:27" ,452, 233);
INSERT INTO Consulta( EventoID, Diagnostico, Medico) VALUES (2039,"Paratyphoid fever",1166);
INSERT INTO Evento(EventoID,Descricao, Data, Admissao, Quarto) VALUES (2040, "descricao","10/10/1980 7:1:24" ,177, 114);
INSERT INTO Consulta( EventoID, Diagnostico, Medico) VALUES (2040,"Brucellosis",1877);
INSERT INTO Evento(EventoID,Descricao, Data, Admissao, Quarto) VALUES (2041, "descricao","22/12/1992 20:19:30" ,206, 152);
INSERT INTO Consulta( EventoID, Diagnostico, Medico) VALUES (2041,"Gastroenteritis",1315);
INSERT INTO Evento(EventoID,Descricao, Data, Admissao, Quarto) VALUES (2042, "descricao","2/12/2006 6:3:7" ,442, 220);
INSERT INTO Consulta( EventoID, Diagnostico, Medico) VALUES (2042,"Infeccao bacteriana",2769);
INSERT INTO Evento(EventoID,Descricao, Data, Admissao, Quarto) VALUES (2043, "descricao","23/6/1960 19:23:57" ,214, 241);
INSERT INTO Consulta( EventoID, Diagnostico, Medico) VALUES (2043,"Osteoarthritis",4930);
INSERT INTO Evento(EventoID,Descricao, Data, Admissao, Quarto) VALUES (2044, "descricao","16/2/2013 22:36:28" ,38, 102);
INSERT INTO Consulta( EventoID, Diagnostico, Medico) VALUES (2044,"Bacterial meningitis",1166);
INSERT INTO Evento(EventoID,Descricao, Data, Admissao, Quarto) VALUES (2045, "descricao","1/7/1976 21:33:26" ,415, 157);
INSERT INTO Consulta( EventoID, Diagnostico, Medico) VALUES (2045,"Iritis",2198);
INSERT INTO Evento(EventoID,Descricao, Data, Admissao, Quarto) VALUES (2046, "descricao","21/7/1969 18:3:39" ,155, 175);
INSERT INTO Consulta( EventoID, Diagnostico, Medico) VALUES (2046,"Virose",6342);
INSERT INTO Evento(EventoID,Descricao, Data, Admissao, Quarto) VALUES (2047, "descricao","8/3/1996 3:32:35" ,404, 111);
INSERT INTO Consulta( EventoID, Diagnostico, Medico) VALUES (2047,"Thalassaemia",5324);
INSERT INTO Evento(EventoID,Descricao, Data, Admissao, Quarto) VALUES (2048, "descricao","18/10/1981 4:11:26" ,49, 216);
INSERT INTO Consulta( EventoID, Diagnostico, Medico) VALUES (2048,"Infeccao bacteriana",5324);
INSERT INTO Evento(EventoID,Descricao, Data, Admissao, Quarto) VALUES (2049, "descricao","26/10/2003 4:48:46" ,388, 218);
INSERT INTO Consulta( EventoID, Diagnostico, Medico) VALUES (2049,"Black Death",4930);
INSERT INTO Evento(EventoID,Descricao, Data, Admissao, Quarto) VALUES (2050, "descricao","17/7/1965 23:11:10" ,231, 232);
INSERT INTO Consulta( EventoID, Diagnostico, Medico) VALUES (2050,"Peritonitis",4811);
INSERT INTO Evento(EventoID,Descricao, Data, Admissao, Quarto) VALUES (2051, "descricao","10/8/1994 19:37:10" ,184, 143);
INSERT INTO Consulta( EventoID, Diagnostico, Medico) VALUES (2051,"Meniere's disease",9079);
INSERT INTO Evento(EventoID,Descricao, Data, Admissao, Quarto) VALUES (2052, "descricao","19/10/2016 19:5:44" ,404, 232);
INSERT INTO Consulta( EventoID, Diagnostico, Medico) VALUES (2052,"Cholera",2255);
INSERT INTO Evento(EventoID,Descricao, Data, Admissao, Quarto) VALUES (2053, "descricao","11/10/1966 1:28:25" ,34, 223);
INSERT INTO Consulta( EventoID, Diagnostico, Medico) VALUES (2053,"Indeterminado",8183);
INSERT INTO Evento(EventoID,Descricao, Data, Admissao, Quarto) VALUES (2054, "descricao","1/7/1993 9:44:35" ,261, 208);
INSERT INTO Consulta( EventoID, Diagnostico, Medico) VALUES (2054,"Tooth decay",2336);
INSERT INTO Evento(EventoID,Descricao, Data, Admissao, Quarto) VALUES (2055, "descricao","1/5/1984 19:42:12" ,318, 227);
INSERT INTO Consulta( EventoID, Diagnostico, Medico) VALUES (2055,"Lice",9075);
INSERT INTO Evento(EventoID,Descricao, Data, Admissao, Quarto) VALUES (2056, "descricao","2/1/2016 15:7:44" ,238, 171);
INSERT INTO Consulta( EventoID, Diagnostico, Medico) VALUES (2056,"Brucellosis",8950);
INSERT INTO Evento(EventoID,Descricao, Data, Admissao, Quarto) VALUES (2057, "descricao","14/11/1981 4:31:40" ,187, 226);
INSERT INTO Consulta( EventoID, Diagnostico, Medico) VALUES (2057,"Silicosis",8950);
INSERT INTO Evento(EventoID,Descricao, Data, Admissao, Quarto) VALUES (2058, "descricao","4/1/1984 21:7:19" ,317, 138);
INSERT INTO Consulta( EventoID, Diagnostico, Medico) VALUES (2058,"Typhoid fever",5894);
INSERT INTO Evento(EventoID,Descricao, Data, Admissao, Quarto) VALUES (2059, "descricao","16/6/1964 14:20:14" ,44, 238);
INSERT INTO Consulta( EventoID, Diagnostico, Medico) VALUES (2059,"Periodontal disease",7701);
INSERT INTO Evento(EventoID,Descricao, Data, Admissao, Quarto) VALUES (2060, "descricao","7/4/2004 8:4:23" ,370, 228);
INSERT INTO Consulta( EventoID, Diagnostico, Medico) VALUES (2060,"Melanoma",2255);
INSERT INTO Evento(EventoID,Descricao, Data, Admissao, Quarto) VALUES (2061, "descricao","25/6/1965 3:0:13" ,321, 174);
INSERT INTO Consulta( EventoID, Diagnostico, Medico) VALUES (2061,"Laryngitis",7280);
INSERT INTO Evento(EventoID,Descricao, Data, Admissao, Quarto) VALUES (2062, "descricao","23/1/1998 7:58:35" ,308, 123);
INSERT INTO Consulta( EventoID, Diagnostico, Medico) VALUES (2062,"Yersiniosis",9079);
INSERT INTO Evento(EventoID,Descricao, Data, Admissao, Quarto) VALUES (2063, "descricao","3/12/1983 15:15:30" ,323, 205);
INSERT INTO Consulta( EventoID, Diagnostico, Medico) VALUES (2063,"Shin splints",4811);
INSERT INTO Evento(EventoID,Descricao, Data, Admissao, Quarto) VALUES (2064, "descricao","23/5/2002 18:7:35" ,156, 101);
INSERT INTO Consulta( EventoID, Diagnostico, Medico) VALUES (2064,"Osso quebrado",2970);
INSERT INTO Evento(EventoID,Descricao, Data, Admissao, Quarto) VALUES (2065, "descricao","17/11/1960 7:54:24" ,366, 246);
INSERT INTO Consulta( EventoID, Diagnostico, Medico) VALUES (2065,"Osso quebrado",3687);
INSERT INTO Evento(EventoID,Descricao, Data, Admissao, Quarto) VALUES (2066, "descricao","24/11/1966 15:37:57" ,103, 227);
INSERT INTO Consulta( EventoID, Diagnostico, Medico) VALUES (2066,"Scurvy",8226);
INSERT INTO Evento(EventoID,Descricao, Data, Admissao, Quarto) VALUES (2067, "descricao","11/12/2017 11:28:54" ,423, 160);
INSERT INTO Consulta( EventoID, Diagnostico, Medico) VALUES (2067,"Catapora",2966);
INSERT INTO Evento(EventoID,Descricao, Data, Admissao, Quarto) VALUES (2068, "descricao","2/10/2018 20:53:1" ,409, 246);
INSERT INTO Consulta( EventoID, Diagnostico, Medico) VALUES (2068,"UTI'S",6041);
INSERT INTO Evento(EventoID,Descricao, Data, Admissao, Quarto) VALUES (2069, "descricao","3/8/1968 21:57:28" ,53, 159);
INSERT INTO Consulta( EventoID, Diagnostico, Medico) VALUES (2069,"Yersiniosis",5024);
INSERT INTO Evento(EventoID,Descricao, Data, Admissao, Quarto) VALUES (2070, "descricao","27/3/2007 1:15:51" ,464, 232);
INSERT INTO Consulta( EventoID, Diagnostico, Medico) VALUES (2070,"Typhus",6757);
INSERT INTO Evento(EventoID,Descricao, Data, Admissao, Quarto) VALUES (2071, "descricao","11/9/1967 15:14:2" ,158, 233);
INSERT INTO Consulta( EventoID, Diagnostico, Medico) VALUES (2071,"Indeterminado",7280);
INSERT INTO Evento(EventoID,Descricao, Data, Admissao, Quarto) VALUES (2072, "descricao","21/10/1965 20:53:11" ,345, 176);
INSERT INTO Consulta( EventoID, Diagnostico, Medico) VALUES (2072,"Rheumatic fever",3687);
INSERT INTO Evento(EventoID,Descricao, Data, Admissao, Quarto) VALUES (2073, "descricao","8/2/1977 12:54:22" ,304, 161);
INSERT INTO Consulta( EventoID, Diagnostico, Medico) VALUES (2073,"Paratyphoid fever",8015);
INSERT INTO Evento(EventoID,Descricao, Data, Admissao, Quarto) VALUES (2074, "descricao","27/3/1984 19:34:44" ,229, 130);
INSERT INTO Consulta( EventoID, Diagnostico, Medico) VALUES (2074,"Uveitis",4369);
INSERT INTO Evento(EventoID,Descricao, Data, Admissao, Quarto) VALUES (2075, "descricao","28/12/1988 8:59:23" ,80, 108);
INSERT INTO Consulta( EventoID, Diagnostico, Medico) VALUES (2075,"Indeterminado",2970);
INSERT INTO Evento(EventoID,Descricao, Data, Admissao, Quarto) VALUES (2076, "descricao","13/9/1979 5:42:37" ,407, 232);
INSERT INTO Consulta( EventoID, Diagnostico, Medico) VALUES (2076,"Impetigo",1315);
INSERT INTO Evento(EventoID,Descricao, Data, Admissao, Quarto) VALUES (2077, "descricao","4/9/1978 22:58:53" ,138, 120);
INSERT INTO Consulta( EventoID, Diagnostico, Medico) VALUES (2077,"Warkany syndrome",9075);
INSERT INTO Evento(EventoID,Descricao, Data, Admissao, Quarto) VALUES (2078, "descricao","14/6/2012 16:51:31" ,282, 101);
INSERT INTO Consulta( EventoID, Diagnostico, Medico) VALUES (2078,"Measles",9132);
INSERT INTO Evento(EventoID,Descricao, Data, Admissao, Quarto) VALUES (2079, "descricao","8/7/1997 12:18:57" ,288, 247);
INSERT INTO Consulta( EventoID, Diagnostico, Medico) VALUES (2079,"Brucellosis",5024);
INSERT INTO Evento(EventoID,Descricao, Data, Admissao, Quarto) VALUES (2080, "descricao","4/4/1984 22:19:13" ,222, 240);
INSERT INTO Consulta( EventoID, Diagnostico, Medico) VALUES (2080,"Indeterminado",2923);
INSERT INTO Evento(EventoID,Descricao, Data, Admissao, Quarto) VALUES (2081, "descricao","9/3/1992 13:53:24" ,240, 239);
INSERT INTO Consulta( EventoID, Diagnostico, Medico) VALUES (2081,"Scurvy",6675);
INSERT INTO Evento(EventoID,Descricao, Data, Admissao, Quarto) VALUES (2082, "descricao","14/1/1992 4:8:0" ,137, 220);
INSERT INTO Consulta( EventoID, Diagnostico, Medico) VALUES (2082,"Osso quebrado",8767);
INSERT INTO Evento(EventoID,Descricao, Data, Admissao, Quarto) VALUES (2083, "descricao","24/2/2017 2:16:53" ,263, 197);
INSERT INTO Consulta( EventoID, Diagnostico, Medico) VALUES (2083,"Kidney stone disease",8157);
INSERT INTO Evento(EventoID,Descricao, Data, Admissao, Quarto) VALUES (2084, "descricao","7/12/1983 12:39:8" ,161, 152);
INSERT INTO Consulta( EventoID, Diagnostico, Medico) VALUES (2084,"Catapora",6342);
INSERT INTO Evento(EventoID,Descricao, Data, Admissao, Quarto) VALUES (2085, "descricao","16/5/1992 18:22:34" ,283, 160);
INSERT INTO Consulta( EventoID, Diagnostico, Medico) VALUES (2085,"Pubic lice",2255);
INSERT INTO Evento(EventoID,Descricao, Data, Admissao, Quarto) VALUES (2086, "descricao","23/3/2003 6:16:27" ,54, 153);
INSERT INTO Consulta( EventoID, Diagnostico, Medico) VALUES (2086,"Von Hippel-Lindau disease",8183);
INSERT INTO Evento(EventoID,Descricao, Data, Admissao, Quarto) VALUES (2087, "descricao","19/7/2000 11:30:14" ,414, 198);
INSERT INTO Consulta( EventoID, Diagnostico, Medico) VALUES (2087,"Typhoid fever",1166);
INSERT INTO Evento(EventoID,Descricao, Data, Admissao, Quarto) VALUES (2088, "descricao","22/9/1968 17:40:44" ,462, 113);
INSERT INTO Consulta( EventoID, Diagnostico, Medico) VALUES (2088,"Septicemia",2966);
INSERT INTO Evento(EventoID,Descricao, Data, Admissao, Quarto) VALUES (2089, "descricao","12/2/1993 4:25:52" ,498, 230);
INSERT INTO Consulta( EventoID, Diagnostico, Medico) VALUES (2089,"Breast cancer",1315);
INSERT INTO Evento(EventoID,Descricao, Data, Admissao, Quarto) VALUES (2090, "descricao","5/3/1997 9:54:12" ,217, 174);
INSERT INTO Consulta( EventoID, Diagnostico, Medico) VALUES (2090,"Influenza",1298);
INSERT INTO Evento(EventoID,Descricao, Data, Admissao, Quarto) VALUES (2091, "descricao","13/2/1987 6:28:24" ,133, 216);
INSERT INTO Consulta( EventoID, Diagnostico, Medico) VALUES (2091,"Atherosclerosis",1166);
INSERT INTO Evento(EventoID,Descricao, Data, Admissao, Quarto) VALUES (2092, "descricao","6/10/2003 21:6:8" ,8, 161);
INSERT INTO Consulta( EventoID, Diagnostico, Medico) VALUES (2092,"Kidney stone disease",5894);
INSERT INTO Evento(EventoID,Descricao, Data, Admissao, Quarto) VALUES (2093, "descricao","22/9/2008 10:10:37" ,63, 155);
INSERT INTO Consulta( EventoID, Diagnostico, Medico) VALUES (2093,"Osso quebrado",2336);
INSERT INTO Evento(EventoID,Descricao, Data, Admissao, Quarto) VALUES (2094, "descricao","22/6/1990 17:25:41" ,198, 193);
INSERT INTO Consulta( EventoID, Diagnostico, Medico) VALUES (2094,"Circadian rhythm sleep disorder",1819);
INSERT INTO Evento(EventoID,Descricao, Data, Admissao, Quarto) VALUES (2095, "descricao","17/10/2016 22:38:52" ,449, 243);
INSERT INTO Consulta( EventoID, Diagnostico, Medico) VALUES (2095,"Dysentery",2255);
INSERT INTO Evento(EventoID,Descricao, Data, Admissao, Quarto) VALUES (2096, "descricao","11/4/1978 20:12:14" ,348, 171);
INSERT INTO Consulta( EventoID, Diagnostico, Medico) VALUES (2096,"Colitis",8015);
INSERT INTO Evento(EventoID,Descricao, Data, Admissao, Quarto) VALUES (2097, "descricao","15/9/2015 10:17:54" ,271, 247);
INSERT INTO Consulta( EventoID, Diagnostico, Medico) VALUES (2097,"Metastatic cancer",6041);
INSERT INTO Evento(EventoID,Descricao, Data, Admissao, Quarto) VALUES (2098, "descricao","22/2/1966 11:9:27" ,252, 228);
INSERT INTO Consulta( EventoID, Diagnostico, Medico) VALUES (2098,"Parkinson's disease",8577);
INSERT INTO Evento(EventoID,Descricao, Data, Admissao, Quarto) VALUES (2099, "descricao","9/1/1980 19:38:8" ,226, 102);
INSERT INTO Consulta( EventoID, Diagnostico, Medico) VALUES (2099,"Ignious Syndrome",8226);
INSERT INTO Evento(EventoID,Descricao, Data, Admissao, Quarto) VALUES (2100, "descricao","27/10/2006 9:27:1" ,97, 233);
INSERT INTO Consulta( EventoID, Diagnostico, Medico) VALUES (2100,"Fibromyalgia",8183);
INSERT INTO Evento(EventoID,Descricao, Data, Admissao, Quarto) VALUES (2101, "descricao","11/8/2013 16:22:31" ,105, 207);
INSERT INTO Consulta( EventoID, Diagnostico, Medico) VALUES (2101,"Chorea",4282);
INSERT INTO Evento(EventoID,Descricao, Data, Admissao, Quarto) VALUES (2102, "descricao","26/12/1969 0:25:37" ,391, 193);
INSERT INTO Consulta( EventoID, Diagnostico, Medico) VALUES (2102,"SIDS",6467);
INSERT INTO Evento(EventoID,Descricao, Data, Admissao, Quarto) VALUES (2103, "descricao","14/12/1991 17:3:4" ,192, 245);
INSERT INTO Consulta( EventoID, Diagnostico, Medico) VALUES (2103,"Hyperthyroidism",7280);
INSERT INTO Evento(EventoID,Descricao, Data, Admissao, Quarto) VALUES (2104, "descricao","16/4/2017 22:19:23" ,207, 215);
INSERT INTO Consulta( EventoID, Diagnostico, Medico) VALUES (2104,"Uveitis",2769);
INSERT INTO Evento(EventoID,Descricao, Data, Admissao, Quarto) VALUES (2105, "descricao","4/4/1986 19:30:38" ,318, 147);
INSERT INTO Consulta( EventoID, Diagnostico, Medico) VALUES (2105,"Siderosis",2255);
INSERT INTO Evento(EventoID,Descricao, Data, Admissao, Quarto) VALUES (2106, "descricao","24/10/1983 1:22:30" ,270, 225);
INSERT INTO Consulta( EventoID, Diagnostico, Medico) VALUES (2106,"Repetitive strain injury",2966);
INSERT INTO Evento(EventoID,Descricao, Data, Admissao, Quarto) VALUES (2107, "descricao","15/3/1985 20:23:35" ,427, 131);
INSERT INTO Consulta( EventoID, Diagnostico, Medico) VALUES (2107,"Synovitis",1298);
INSERT INTO Evento(EventoID,Descricao, Data, Admissao, Quarto) VALUES (2108, "descricao","5/3/2009 5:54:1" ,421, 237);
INSERT INTO Consulta( EventoID, Diagnostico, Medico) VALUES (2108,"Mad cow disease",4369);
INSERT INTO Evento(EventoID,Descricao, Data, Admissao, Quarto) VALUES (2109, "descricao","28/5/1975 20:34:21" ,379, 226);
INSERT INTO Consulta( EventoID, Diagnostico, Medico) VALUES (2109,"Paratyphoid fever",4811);
INSERT INTO Evento(EventoID,Descricao, Data, Admissao, Quarto) VALUES (2110, "descricao","6/9/1963 13:0:8" ,30, 162);
INSERT INTO Consulta( EventoID, Diagnostico, Medico) VALUES (2110,"Night blindness",5024);
INSERT INTO Evento(EventoID,Descricao, Data, Admissao, Quarto) VALUES (2111, "descricao","4/1/1982 13:6:39" ,20, 120);
INSERT INTO Consulta( EventoID, Diagnostico, Medico) VALUES (2111,"Limbtoosa",8183);
INSERT INTO Evento(EventoID,Descricao, Data, Admissao, Quarto) VALUES (2112, "descricao","8/9/1983 1:4:5" ,29, 127);
INSERT INTO Consulta( EventoID, Diagnostico, Medico) VALUES (2112,"Tuberculosis",4832);
INSERT INTO Evento(EventoID,Descricao, Data, Admissao, Quarto) VALUES (2113, "descricao","15/2/1974 7:24:8" ,475, 179);
INSERT INTO Consulta( EventoID, Diagnostico, Medico) VALUES (2113,"Virose",1315);
INSERT INTO Evento(EventoID,Descricao, Data, Admissao, Quarto) VALUES (2114, "descricao","13/9/1995 7:57:27" ,3, 248);
INSERT INTO Consulta( EventoID, Diagnostico, Medico) VALUES (2114,"Dysentery",9289);
INSERT INTO Evento(EventoID,Descricao, Data, Admissao, Quarto) VALUES (2115, "descricao","7/3/2017 12:14:7" ,283, 144);
INSERT INTO Consulta( EventoID, Diagnostico, Medico) VALUES (2115,"Colitis",9570);
INSERT INTO Evento(EventoID,Descricao, Data, Admissao, Quarto) VALUES (2116, "descricao","14/2/1985 12:2:30" ,484, 100);
INSERT INTO Consulta( EventoID, Diagnostico, Medico) VALUES (2116,"Mal estar",2966);
INSERT INTO Evento(EventoID,Descricao, Data, Admissao, Quarto) VALUES (2117, "descricao","15/5/1981 21:2:51" ,279, 183);
INSERT INTO Consulta( EventoID, Diagnostico, Medico) VALUES (2117,"Sepsis",4917);
INSERT INTO Evento(EventoID,Descricao, Data, Admissao, Quarto) VALUES (2118, "descricao","17/11/2018 12:59:34" ,206, 143);
INSERT INTO Consulta( EventoID, Diagnostico, Medico) VALUES (2118,"Asthma",4282);
INSERT INTO Evento(EventoID,Descricao, Data, Admissao, Quarto) VALUES (2119, "descricao","13/12/1970 15:36:57" ,45, 217);
INSERT INTO Consulta( EventoID, Diagnostico, Medico) VALUES (2119,"Peritonitis",8183);
INSERT INTO Evento(EventoID,Descricao, Data, Admissao, Quarto) VALUES (2120, "descricao","27/1/1968 22:10:9" ,132, 144);
INSERT INTO Consulta( EventoID, Diagnostico, Medico) VALUES (2120,"Siderosis",8950);
INSERT INTO Evento(EventoID,Descricao, Data, Admissao, Quarto) VALUES (2121, "descricao","13/1/1966 14:6:7" ,328, 242);
INSERT INTO Consulta( EventoID, Diagnostico, Medico) VALUES (2121,"Shingles",2336);
INSERT INTO Evento(EventoID,Descricao, Data, Admissao, Quarto) VALUES (2122, "descricao","22/8/2006 3:36:38" ,441, 240);
INSERT INTO Consulta( EventoID, Diagnostico, Medico) VALUES (2122,"Scarlet fever",2607);
INSERT INTO Evento(EventoID,Descricao, Data, Admissao, Quarto) VALUES (2123, "descricao","2/12/1960 0:14:10" ,467, 187);
INSERT INTO Consulta( EventoID, Diagnostico, Medico) VALUES (2123,"Infeccao bacteriana",9075);
INSERT INTO Evento(EventoID,Descricao, Data, Admissao, Quarto) VALUES (2124, "descricao","21/9/2002 14:21:45" ,222, 107);
INSERT INTO Consulta( EventoID, Diagnostico, Medico) VALUES (2124,"Ulcerative colitis",6281);
INSERT INTO Evento(EventoID,Descricao, Data, Admissao, Quarto) VALUES (2125, "descricao","2/9/1980 14:1:40" ,485, 169);
INSERT INTO Consulta( EventoID, Diagnostico, Medico) VALUES (2125,"Human papillomavirus",6041);
INSERT INTO Evento(EventoID,Descricao, Data, Admissao, Quarto) VALUES (2126, "descricao","1/5/1980 0:12:24" ,199, 173);
INSERT INTO Consulta( EventoID, Diagnostico, Medico) VALUES (2126,"Virose",1819);
INSERT INTO Evento(EventoID,Descricao, Data, Admissao, Quarto) VALUES (2127, "descricao","13/3/1987 17:36:23" ,87, 218);
INSERT INTO Consulta( EventoID, Diagnostico, Medico) VALUES (2127,"Atherosclerosis",8767);
INSERT INTO Evento(EventoID,Descricao, Data, Admissao, Quarto) VALUES (2128, "descricao","12/3/2005 5:59:49" ,394, 151);
INSERT INTO Consulta( EventoID, Diagnostico, Medico) VALUES (2128,"Beriberi",9079);
INSERT INTO Evento(EventoID,Descricao, Data, Admissao, Quarto) VALUES (2129, "descricao","17/4/1991 4:33:30" ,200, 116);
INSERT INTO Consulta( EventoID, Diagnostico, Medico) VALUES (2129,"Indeterminado",8157);
INSERT INTO Evento(EventoID,Descricao, Data, Admissao, Quarto) VALUES (2130, "descricao","4/5/1997 5:38:38" ,95, 120);
INSERT INTO Consulta( EventoID, Diagnostico, Medico) VALUES (2130,"Bronchitis",2970);
INSERT INTO Evento(EventoID,Descricao, Data, Admissao, Quarto) VALUES (2131, "descricao","8/10/1991 18:40:21" ,147, 196);
INSERT INTO Consulta( EventoID, Diagnostico, Medico) VALUES (2131,"Warts",5324);
INSERT INTO Evento(EventoID,Descricao, Data, Admissao, Quarto) VALUES (2132, "descricao","21/10/1972 12:3:16" ,262, 177);
INSERT INTO Consulta( EventoID, Diagnostico, Medico) VALUES (2132,"Legionellosis",2966);
INSERT INTO Evento(EventoID,Descricao, Data, Admissao, Quarto) VALUES (2133, "descricao","18/8/2007 3:22:11" ,63, 129);
INSERT INTO Consulta( EventoID, Diagnostico, Medico) VALUES (2133,"Lice",2607);
INSERT INTO Evento(EventoID,Descricao, Data, Admissao, Quarto) VALUES (2134, "descricao","28/9/1985 17:54:0" ,40, 170);
INSERT INTO Consulta( EventoID, Diagnostico, Medico) VALUES (2134,"Virose",2923);
INSERT INTO Evento(EventoID,Descricao, Data, Admissao, Quarto) VALUES (2135, "descricao","7/7/2017 3:56:5" ,166, 114);
INSERT INTO Consulta( EventoID, Diagnostico, Medico) VALUES (2135,"Mal estar",8183);
INSERT INTO Evento(EventoID,Descricao, Data, Admissao, Quarto) VALUES (2136, "descricao","12/4/1982 17:3:19" ,318, 212);
INSERT INTO Consulta( EventoID, Diagnostico, Medico) VALUES (2136,"Ebola",6041);
INSERT INTO Evento(EventoID,Descricao, Data, Admissao, Quarto) VALUES (2137, "descricao","28/9/1984 22:15:48" ,110, 119);
INSERT INTO Consulta( EventoID, Diagnostico, Medico) VALUES (2137,"Osso quebrado",1819);
INSERT INTO Evento(EventoID,Descricao, Data, Admissao, Quarto) VALUES (2138, "descricao","17/9/1998 21:38:12" ,168, 240);
INSERT INTO Consulta( EventoID, Diagnostico, Medico) VALUES (2138,"Mumps",2923);
INSERT INTO Evento(EventoID,Descricao, Data, Admissao, Quarto) VALUES (2139, "descricao","21/7/1985 9:27:36" ,139, 198);
INSERT INTO Consulta( EventoID, Diagnostico, Medico) VALUES (2139,"Iron-deficiency anemia",3687);
INSERT INTO Evento(EventoID,Descricao, Data, Admissao, Quarto) VALUES (2140, "descricao","22/8/1965 19:40:49" ,257, 235);
INSERT INTO Consulta( EventoID, Diagnostico, Medico) VALUES (2140,"Shingles",5024);
INSERT INTO Evento(EventoID,Descricao, Data, Admissao, Quarto) VALUES (2141, "descricao","20/3/1984 17:40:9" ,157, 249);
INSERT INTO Consulta( EventoID, Diagnostico, Medico) VALUES (2141,"Osso quebrado",8183);
INSERT INTO Evento(EventoID,Descricao, Data, Admissao, Quarto) VALUES (2142, "descricao","8/7/2017 22:31:49" ,322, 187);
INSERT INTO Consulta( EventoID, Diagnostico, Medico) VALUES (2142,"Fibromyalgia",6467);
INSERT INTO Evento(EventoID,Descricao, Data, Admissao, Quarto) VALUES (2143, "descricao","14/3/1968 9:26:1" ,240, 204);
INSERT INTO Consulta( EventoID, Diagnostico, Medico) VALUES (2143,"Mal estar",6041);
INSERT INTO Evento(EventoID,Descricao, Data, Admissao, Quarto) VALUES (2144, "descricao","10/9/1975 7:4:4" ,73, 205);
INSERT INTO Consulta( EventoID, Diagnostico, Medico) VALUES (2144,"Osso quebrado",4811);
INSERT INTO Evento(EventoID,Descricao, Data, Admissao, Quarto) VALUES (2145, "descricao","1/11/2000 2:15:56" ,25, 132);
INSERT INTO Consulta( EventoID, Diagnostico, Medico) VALUES (2145,"Shingles",2336);
INSERT INTO Evento(EventoID,Descricao, Data, Admissao, Quarto) VALUES (2146, "descricao","17/7/2013 5:0:42" ,356, 204);
INSERT INTO Consulta( EventoID, Diagnostico, Medico) VALUES (2146,"Tuberculosis",1819);
INSERT INTO Evento(EventoID,Descricao, Data, Admissao, Quarto) VALUES (2147, "descricao","10/2/2011 3:58:22" ,418, 186);
INSERT INTO Consulta( EventoID, Diagnostico, Medico) VALUES (2147,"Virose",4832);
INSERT INTO Evento(EventoID,Descricao, Data, Admissao, Quarto) VALUES (2148, "descricao","5/8/2002 5:31:33" ,433, 173);
INSERT INTO Consulta( EventoID, Diagnostico, Medico) VALUES (2148,"Kwashiorkor",5324);
INSERT INTO Evento(EventoID,Descricao, Data, Admissao, Quarto) VALUES (2149, "descricao","9/9/1964 21:2:1" ,427, 110);
INSERT INTO Consulta( EventoID, Diagnostico, Medico) VALUES (2149,"Multiple sclerosis",5894);
INSERT INTO Evento(EventoID,Descricao, Data, Admissao, Quarto) VALUES (2150, "descricao","6/2/1971 12:26:26" ,326, 187);
INSERT INTO Consulta( EventoID, Diagnostico, Medico) VALUES (2150,"Meniere's disease",1315);
INSERT INTO Evento(EventoID,Descricao, Data, Admissao, Quarto) VALUES (2151, "descricao","25/10/1971 23:19:33" ,312, 158);
INSERT INTO Consulta( EventoID, Diagnostico, Medico) VALUES (2151,"Tuberculosis",5894);
INSERT INTO Evento(EventoID,Descricao, Data, Admissao, Quarto) VALUES (2152, "descricao","14/5/2015 22:37:44" ,32, 159);
INSERT INTO Consulta( EventoID, Diagnostico, Medico) VALUES (2152,"UTI'S",4930);
INSERT INTO Evento(EventoID,Descricao, Data, Admissao, Quarto) VALUES (2153, "descricao","1/3/1994 21:11:55" ,446, 197);
INSERT INTO Consulta( EventoID, Diagnostico, Medico) VALUES (2153,"Synovitis",2970);
INSERT INTO Evento(EventoID,Descricao, Data, Admissao, Quarto) VALUES (2154, "descricao","18/12/2001 23:7:11" ,71, 122);
INSERT INTO Consulta( EventoID, Diagnostico, Medico) VALUES (2154,"Uremia",2966);
INSERT INTO Evento(EventoID,Descricao, Data, Admissao, Quarto) VALUES (2155, "descricao","9/3/1971 12:41:2" ,140, 136);
INSERT INTO Consulta( EventoID, Diagnostico, Medico) VALUES (2155,"Uremia",8767);
INSERT INTO Evento(EventoID,Descricao, Data, Admissao, Quarto) VALUES (2156, "descricao","12/11/2019 9:57:1" ,108, 145);
INSERT INTO Consulta( EventoID, Diagnostico, Medico) VALUES (2156,"Porphyria",6467);
INSERT INTO Evento(EventoID,Descricao, Data, Admissao, Quarto) VALUES (2157, "descricao","26/3/2014 15:52:30" ,104, 161);
INSERT INTO Consulta( EventoID, Diagnostico, Medico) VALUES (2157,"Iritis",5324);
INSERT INTO Evento(EventoID,Descricao, Data, Admissao, Quarto) VALUES (2158, "descricao","14/3/1993 14:19:42" ,124, 224);
INSERT INTO Consulta( EventoID, Diagnostico, Medico) VALUES (2158,"Mattticular syndrome",6041);
INSERT INTO Evento(EventoID,Descricao, Data, Admissao, Quarto) VALUES (2159, "descricao","18/3/1989 10:29:45" ,204, 126);
INSERT INTO Consulta( EventoID, Diagnostico, Medico) VALUES (2159,"Hepatitis A",8183);
INSERT INTO Evento(EventoID,Descricao, Data, Admissao, Quarto) VALUES (2160, "descricao","15/4/1969 12:55:18" ,312, 179);
INSERT INTO Consulta( EventoID, Diagnostico, Medico) VALUES (2160,"Measles",9075);
INSERT INTO Evento(EventoID,Descricao, Data, Admissao, Quarto) VALUES (2161, "descricao","20/10/1964 0:20:50" ,119, 156);
INSERT INTO Consulta( EventoID, Diagnostico, Medico) VALUES (2161,"Scabies",4917);
INSERT INTO Evento(EventoID,Descricao, Data, Admissao, Quarto) VALUES (2162, "descricao","27/7/2001 21:54:41" ,431, 192);
INSERT INTO Consulta( EventoID, Diagnostico, Medico) VALUES (2162,"Rocky Mountain spotted fever",4369);
INSERT INTO Evento(EventoID,Descricao, Data, Admissao, Quarto) VALUES (2163, "descricao","8/5/1999 1:30:0" ,196, 199);
INSERT INTO Consulta( EventoID, Diagnostico, Medico) VALUES (2163,"Lung cancer",6675);
INSERT INTO Evento(EventoID,Descricao, Data, Admissao, Quarto) VALUES (2164, "descricao","28/7/1979 6:40:13" ,4, 140);
INSERT INTO Consulta( EventoID, Diagnostico, Medico) VALUES (2164,"Trichomoniasis",4917);
INSERT INTO Evento(EventoID,Descricao, Data, Admissao, Quarto) VALUES (2165, "descricao","2/1/1968 22:10:40" ,494, 146);
INSERT INTO Consulta( EventoID, Diagnostico, Medico) VALUES (2165,"Viral fever",2966);
INSERT INTO Evento(EventoID,Descricao, Data, Admissao, Quarto) VALUES (2166, "descricao","18/6/1984 21:33:53" ,372, 118);
INSERT INTO Consulta( EventoID, Diagnostico, Medico) VALUES (2166,"Keloids",8767);
INSERT INTO Evento(EventoID,Descricao, Data, Admissao, Quarto) VALUES (2167, "descricao","16/7/1971 1:31:43" ,349, 207);
INSERT INTO Consulta( EventoID, Diagnostico, Medico) VALUES (2167,"Laryngitis",1298);
INSERT INTO Evento(EventoID,Descricao, Data, Admissao, Quarto) VALUES (2168, "descricao","1/12/1968 1:55:7" ,92, 179);
INSERT INTO Consulta( EventoID, Diagnostico, Medico) VALUES (2168,"Laryngitis",2966);
INSERT INTO Evento(EventoID,Descricao, Data, Admissao, Quarto) VALUES (2169, "descricao","11/7/2007 23:13:21" ,495, 126);
INSERT INTO Consulta( EventoID, Diagnostico, Medico) VALUES (2169,"Dehydration",2923);
INSERT INTO Evento(EventoID,Descricao, Data, Admissao, Quarto) VALUES (2170, "descricao","1/1/1993 23:3:29" ,28, 218);
INSERT INTO Consulta( EventoID, Diagnostico, Medico) VALUES (2170,"Osso quebrado",3833);
INSERT INTO Evento(EventoID,Descricao, Data, Admissao, Quarto) VALUES (2171, "descricao","5/8/1993 12:37:46" ,51, 124);
INSERT INTO Consulta( EventoID, Diagnostico, Medico) VALUES (2171,"Multiple myeloma",2966);
INSERT INTO Evento(EventoID,Descricao, Data, Admissao, Quarto) VALUES (2172, "descricao","23/10/1984 15:29:2" ,394, 114);
INSERT INTO Consulta( EventoID, Diagnostico, Medico) VALUES (2172,"Campylobacter infection",6467);
INSERT INTO Evento(EventoID,Descricao, Data, Admissao, Quarto) VALUES (2173, "descricao","27/12/1968 0:10:16" ,195, 235);
INSERT INTO Consulta( EventoID, Diagnostico, Medico) VALUES (2173,"Jaundice",9075);
INSERT INTO Evento(EventoID,Descricao, Data, Admissao, Quarto) VALUES (2174, "descricao","25/6/1971 20:23:27" ,359, 145);
INSERT INTO Consulta( EventoID, Diagnostico, Medico) VALUES (2174,"Dengue Fever",7280);
INSERT INTO Evento(EventoID,Descricao, Data, Admissao, Quarto) VALUES (2175, "descricao","6/7/1989 20:31:38" ,260, 142);
INSERT INTO Consulta( EventoID, Diagnostico, Medico) VALUES (2175,"Psoriasis",6675);
INSERT INTO Evento(EventoID,Descricao, Data, Admissao, Quarto) VALUES (2176, "descricao","23/4/1997 13:28:9" ,368, 218);
INSERT INTO Consulta( EventoID, Diagnostico, Medico) VALUES (2176,"Lymphoma",6467);
INSERT INTO Evento(EventoID,Descricao, Data, Admissao, Quarto) VALUES (2177, "descricao","1/4/2007 12:48:43" ,108, 107);
INSERT INTO Consulta( EventoID, Diagnostico, Medico) VALUES (2177,"Huntington's disease",3687);
INSERT INTO Evento(EventoID,Descricao, Data, Admissao, Quarto) VALUES (2178, "descricao","24/6/1978 12:15:54" ,250, 168);
INSERT INTO Consulta( EventoID, Diagnostico, Medico) VALUES (2178,"Peritonitis",5324);
INSERT INTO Evento(EventoID,Descricao, Data, Admissao, Quarto) VALUES (2179, "descricao","18/6/1990 2:46:25" ,120, 157);
INSERT INTO Consulta( EventoID, Diagnostico, Medico) VALUES (2179,"Trichinosis",8226);
INSERT INTO Evento(EventoID,Descricao, Data, Admissao, Quarto) VALUES (2180, "descricao","9/2/2011 21:58:15" ,388, 225);
INSERT INTO Consulta( EventoID, Diagnostico, Medico) VALUES (2180,"Legionellosis",9570);
INSERT INTO Evento(EventoID,Descricao, Data, Admissao, Quarto) VALUES (2181, "descricao","11/5/2007 9:43:17" ,107, 148);
INSERT INTO Consulta( EventoID, Diagnostico, Medico) VALUES (2181,"Obesity",3687);
INSERT INTO Evento(EventoID,Descricao, Data, Admissao, Quarto) VALUES (2182, "descricao","11/2/1999 13:59:34" ,296, 217);
INSERT INTO Consulta( EventoID, Diagnostico, Medico) VALUES (2182,"Chickenpox",9570);
INSERT INTO Evento(EventoID,Descricao, Data, Admissao, Quarto) VALUES (2183, "descricao","22/10/2011 1:34:48" ,287, 240);
INSERT INTO Consulta( EventoID, Diagnostico, Medico) VALUES (2183,"Sepsis",1315);
INSERT INTO Evento(EventoID,Descricao, Data, Admissao, Quarto) VALUES (2184, "descricao","15/2/1965 22:10:58" ,307, 144);
INSERT INTO Consulta( EventoID, Diagnostico, Medico) VALUES (2184,"Ulcerative colitis",2970);
INSERT INTO Evento(EventoID,Descricao, Data, Admissao, Quarto) VALUES (2185, "descricao","28/3/2008 5:31:13" ,165, 186);
INSERT INTO Consulta( EventoID, Diagnostico, Medico) VALUES (2185,"Infeccao bacteriana",9079);
INSERT INTO Evento(EventoID,Descricao, Data, Admissao, Quarto) VALUES (2186, "descricao","25/11/1997 7:48:36" ,143, 220);
INSERT INTO Consulta( EventoID, Diagnostico, Medico) VALUES (2186,"Catapora",6467);
INSERT INTO Evento(EventoID,Descricao, Data, Admissao, Quarto) VALUES (2187, "descricao","1/9/2009 13:15:55" ,144, 215);
INSERT INTO Consulta( EventoID, Diagnostico, Medico) VALUES (2187,"Pilia",6041);
INSERT INTO Evento(EventoID,Descricao, Data, Admissao, Quarto) VALUES (2188, "descricao","11/6/2015 13:47:3" ,221, 226);
INSERT INTO Consulta( EventoID, Diagnostico, Medico) VALUES (2188,"Shingles",7280);
INSERT INTO Evento(EventoID,Descricao, Data, Admissao, Quarto) VALUES (2189, "descricao","9/10/1978 12:2:47" ,3, 133);
INSERT INTO Consulta( EventoID, Diagnostico, Medico) VALUES (2189,"Tooth decay",9075);
INSERT INTO Evento(EventoID,Descricao, Data, Admissao, Quarto) VALUES (2190, "descricao","20/6/2005 21:3:29" ,53, 232);
INSERT INTO Consulta( EventoID, Diagnostico, Medico) VALUES (2190,"Catapora",7280);
INSERT INTO Evento(EventoID,Descricao, Data, Admissao, Quarto) VALUES (2191, "descricao","10/5/2016 3:34:16" ,350, 123);
INSERT INTO Consulta( EventoID, Diagnostico, Medico) VALUES (2191,"Virose",5024);
INSERT INTO Evento(EventoID,Descricao, Data, Admissao, Quarto) VALUES (2192, "descricao","23/6/2011 8:7:50" ,81, 249);
INSERT INTO Consulta( EventoID, Diagnostico, Medico) VALUES (2192,"Impetigo",6041);
INSERT INTO Evento(EventoID,Descricao, Data, Admissao, Quarto) VALUES (2193, "descricao","7/6/1967 5:2:15" ,361, 146);
INSERT INTO Consulta( EventoID, Diagnostico, Medico) VALUES (2193,"Indeterminado",2923);
INSERT INTO Evento(EventoID,Descricao, Data, Admissao, Quarto) VALUES (2194, "descricao","21/4/1963 21:18:12" ,49, 209);
INSERT INTO Consulta( EventoID, Diagnostico, Medico) VALUES (2194,"Siderosis",2198);
INSERT INTO Evento(EventoID,Descricao, Data, Admissao, Quarto) VALUES (2195, "descricao","8/1/1972 19:0:52" ,288, 230);
INSERT INTO Consulta( EventoID, Diagnostico, Medico) VALUES (2195,"Parkinson's disease",8767);
INSERT INTO Evento(EventoID,Descricao, Data, Admissao, Quarto) VALUES (2196, "descricao","16/5/1977 0:8:39" ,144, 191);
INSERT INTO Consulta( EventoID, Diagnostico, Medico) VALUES (2196,"Infeccao bacteriana",8183);
INSERT INTO Evento(EventoID,Descricao, Data, Admissao, Quarto) VALUES (2197, "descricao","5/11/1994 17:11:55" ,44, 108);
INSERT INTO Consulta( EventoID, Diagnostico, Medico) VALUES (2197,"Stomach flu",8015);
INSERT INTO Evento(EventoID,Descricao, Data, Admissao, Quarto) VALUES (2198, "descricao","20/8/1997 21:21:44" ,333, 163);
INSERT INTO Consulta( EventoID, Diagnostico, Medico) VALUES (2198,"Goitre",2769);
INSERT INTO Evento(EventoID,Descricao, Data, Admissao, Quarto) VALUES (2199, "descricao","27/5/2017 5:34:45" ,268, 242);
INSERT INTO Consulta( EventoID, Diagnostico, Medico) VALUES (2199,"Virose",6281);
INSERT INTO Evento(EventoID,Descricao, Data, Admissao, Quarto) VALUES (2200, "descricao","28/9/1964 2:17:32" ,316, 117);
INSERT INTO Consulta( EventoID, Diagnostico, Medico) VALUES (2200,"Gonorrhea",4369);
INSERT INTO Evento(EventoID,Descricao, Data, Admissao, Quarto) VALUES (2201, "descricao","6/2/1973 21:22:46" ,187, 195);
INSERT INTO Consulta( EventoID, Diagnostico, Medico) VALUES (2201,"Hepatitis B",4930);
INSERT INTO Evento(EventoID,Descricao, Data, Admissao, Quarto) VALUES (2202, "descricao","15/2/2002 15:52:49" ,294, 122);
INSERT INTO Consulta( EventoID, Diagnostico, Medico) VALUES (2202,"Myopia",2336);
INSERT INTO Evento(EventoID,Descricao, Data, Admissao, Quarto) VALUES (2203, "descricao","18/11/2016 13:29:25" ,88, 199);
INSERT INTO Consulta( EventoID, Diagnostico, Medico) VALUES (2203,"Mal estar",4832);
INSERT INTO Evento(EventoID,Descricao, Data, Admissao, Quarto) VALUES (2204, "descricao","11/11/1964 9:42:29" ,305, 154);
INSERT INTO Consulta( EventoID, Diagnostico, Medico) VALUES (2204,"Periodontal disease",7701);
INSERT INTO Evento(EventoID,Descricao, Data, Admissao, Quarto) VALUES (2205, "descricao","16/5/1989 14:47:33" ,485, 247);
INSERT INTO Consulta( EventoID, Diagnostico, Medico) VALUES (2205,"Scleroderma",6281);
INSERT INTO Evento(EventoID,Descricao, Data, Admissao, Quarto) VALUES (2206, "descricao","8/10/2012 7:47:51" ,470, 106);
INSERT INTO Consulta( EventoID, Diagnostico, Medico) VALUES (2206,"Dysentery",9289);
INSERT INTO Evento(EventoID,Descricao, Data, Admissao, Quarto) VALUES (2207, "descricao","17/3/2001 17:17:50" ,223, 149);
INSERT INTO Consulta( EventoID, Diagnostico, Medico) VALUES (2207,"Stomach flu",3687);
INSERT INTO Evento(EventoID,Descricao, Data, Admissao, Quarto) VALUES (2208, "descricao","16/1/1969 12:9:29" ,268, 159);
INSERT INTO Consulta( EventoID, Diagnostico, Medico) VALUES (2208,"Virose",6342);
INSERT INTO Evento(EventoID,Descricao, Data, Admissao, Quarto) VALUES (2209, "descricao","22/10/1969 0:12:49" ,47, 186);
INSERT INTO Consulta( EventoID, Diagnostico, Medico) VALUES (2209,"Rheumatism",8226);
INSERT INTO Evento(EventoID,Descricao, Data, Admissao, Quarto) VALUES (2210, "descricao","24/6/2014 2:39:41" ,45, 108);
INSERT INTO Consulta( EventoID, Diagnostico, Medico) VALUES (2210,"Tumor",8226);
INSERT INTO Evento(EventoID,Descricao, Data, Admissao, Quarto) VALUES (2211, "descricao","12/2/1995 0:15:6" ,393, 202);
INSERT INTO Consulta( EventoID, Diagnostico, Medico) VALUES (2211,"Multiple myeloma",9289);
INSERT INTO Evento(EventoID,Descricao, Data, Admissao, Quarto) VALUES (2212, "descricao","21/12/1961 12:43:41" ,413, 131);
INSERT INTO Consulta( EventoID, Diagnostico, Medico) VALUES (2212,"Chickenpox",8183);
INSERT INTO Evento(EventoID,Descricao, Data, Admissao, Quarto) VALUES (2213, "descricao","9/4/1983 7:35:38" ,22, 230);
INSERT INTO Consulta( EventoID, Diagnostico, Medico) VALUES (2213,"Tungiasis",6281);
INSERT INTO Evento(EventoID,Descricao, Data, Admissao, Quarto) VALUES (2214, "descricao","25/11/1962 21:56:57" ,134, 234);
INSERT INTO Consulta( EventoID, Diagnostico, Medico) VALUES (2214,"Hyperopia",9289);
INSERT INTO Evento(EventoID,Descricao, Data, Admissao, Quarto) VALUES (2215, "descricao","11/10/1987 8:56:9" ,294, 180);
INSERT INTO Consulta( EventoID, Diagnostico, Medico) VALUES (2215,"Black Death",2255);
INSERT INTO Evento(EventoID,Descricao, Data, Admissao, Quarto) VALUES (2216, "descricao","6/6/2009 9:14:10" ,140, 166);
INSERT INTO Consulta( EventoID, Diagnostico, Medico) VALUES (2216,"Appendicitis",7701);
INSERT INTO Evento(EventoID,Descricao, Data, Admissao, Quarto) VALUES (2217, "descricao","13/1/2012 1:17:25" ,40, 112);
INSERT INTO Consulta( EventoID, Diagnostico, Medico) VALUES (2217,"Phenylketonuria",5894);
INSERT INTO Evento(EventoID,Descricao, Data, Admissao, Quarto) VALUES (2218, "descricao","12/4/1987 1:39:19" ,26, 195);
INSERT INTO Consulta( EventoID, Diagnostico, Medico) VALUES (2218,"Iritis",2336);
INSERT INTO Evento(EventoID,Descricao, Data, Admissao, Quarto) VALUES (2219, "descricao","15/3/1990 20:18:27" ,33, 154);
INSERT INTO Consulta( EventoID, Diagnostico, Medico) VALUES (2219,"Condyloma",4917);
INSERT INTO Evento(EventoID,Descricao, Data, Admissao, Quarto) VALUES (2220, "descricao","6/12/1979 9:51:10" ,71, 152);
INSERT INTO Consulta( EventoID, Diagnostico, Medico) VALUES (2220,"Mad cow disease",1877);
INSERT INTO Evento(EventoID,Descricao, Data, Admissao, Quarto) VALUES (2221, "descricao","13/7/2013 10:54:59" ,202, 220);
INSERT INTO Consulta( EventoID, Diagnostico, Medico) VALUES (2221,"Histiocytosis (childhood cancer)",2255);
INSERT INTO Evento(EventoID,Descricao, Data, Admissao, Quarto) VALUES (2222, "descricao","5/2/2012 21:55:40" ,440, 151);
INSERT INTO Consulta( EventoID, Diagnostico, Medico) VALUES (2222,"Osteoporosis",3687);
INSERT INTO Evento(EventoID,Descricao, Data, Admissao, Quarto) VALUES (2223, "descricao","19/12/1985 21:58:17" ,284, 180);
INSERT INTO Consulta( EventoID, Diagnostico, Medico) VALUES (2223,"Human papillomavirus",6281);
INSERT INTO Evento(EventoID,Descricao, Data, Admissao, Quarto) VALUES (2224, "descricao","12/9/1974 4:30:42" ,404, 181);
INSERT INTO Consulta( EventoID, Diagnostico, Medico) VALUES (2224,"Jaundice",2769);
INSERT INTO Evento(EventoID,Descricao, Data, Admissao, Quarto) VALUES (2225, "descricao","13/2/2010 14:18:28" ,249, 140);
INSERT INTO Consulta( EventoID, Diagnostico, Medico) VALUES (2225,"Osso quebrado",6467);
INSERT INTO Evento(EventoID,Descricao, Data, Admissao, Quarto) VALUES (2226, "descricao","5/4/2002 13:55:57" ,57, 183);
INSERT INTO Consulta( EventoID, Diagnostico, Medico) VALUES (2226,"Migraine",4917);
INSERT INTO Evento(EventoID,Descricao, Data, Admissao, Quarto) VALUES (2227, "descricao","15/4/1981 23:9:12" ,390, 243);
INSERT INTO Consulta( EventoID, Diagnostico, Medico) VALUES (2227,"Thrush",7701);
INSERT INTO Evento(EventoID,Descricao, Data, Admissao, Quarto) VALUES (2228, "descricao","24/12/2012 6:39:43" ,382, 244);
INSERT INTO Consulta( EventoID, Diagnostico, Medico) VALUES (2228,"Dysentery",8157);
INSERT INTO Evento(EventoID,Descricao, Data, Admissao, Quarto) VALUES (2229, "descricao","15/2/1964 13:42:43" ,139, 168);
INSERT INTO Consulta( EventoID, Diagnostico, Medico) VALUES (2229,"Viral meningitis",4811);
INSERT INTO Evento(EventoID,Descricao, Data, Admissao, Quarto) VALUES (2230, "descricao","14/2/1973 19:53:33" ,170, 119);
INSERT INTO Consulta( EventoID, Diagnostico, Medico) VALUES (2230,"Septicemia",6757);
INSERT INTO Evento(EventoID,Descricao, Data, Admissao, Quarto) VALUES (2231, "descricao","14/10/2011 18:37:9" ,270, 217);
INSERT INTO Consulta( EventoID, Diagnostico, Medico) VALUES (2231,"Emphysema",5894);
INSERT INTO Evento(EventoID,Descricao, Data, Admissao, Quarto) VALUES (2232, "descricao","17/1/2011 20:38:49" ,265, 140);
INSERT INTO Consulta( EventoID, Diagnostico, Medico) VALUES (2232,"Lung cancer",9570);
INSERT INTO Evento(EventoID,Descricao, Data, Admissao, Quarto) VALUES (2233, "descricao","27/2/1988 5:0:42" ,444, 204);
INSERT INTO Consulta( EventoID, Diagnostico, Medico) VALUES (2233,"GERD",6467);
INSERT INTO Evento(EventoID,Descricao, Data, Admissao, Quarto) VALUES (2234, "descricao","25/11/1987 2:15:34" ,139, 168);
INSERT INTO Consulta( EventoID, Diagnostico, Medico) VALUES (2234,"Epilepsy",8226);
INSERT INTO Evento(EventoID,Descricao, Data, Admissao, Quarto) VALUES (2235, "descricao","14/3/1971 13:3:41" ,430, 235);
INSERT INTO Consulta( EventoID, Diagnostico, Medico) VALUES (2235,"Beriberi",5324);
INSERT INTO Evento(EventoID,Descricao, Data, Admissao, Quarto) VALUES (2236, "descricao","24/12/2002 19:48:12" ,482, 155);
INSERT INTO Consulta( EventoID, Diagnostico, Medico) VALUES (2236,"Infeccao bacteriana",8950);
INSERT INTO Evento(EventoID,Descricao, Data, Admissao, Quarto) VALUES (2237, "descricao","7/5/1978 8:49:10" ,61, 133);
INSERT INTO Consulta( EventoID, Diagnostico, Medico) VALUES (2237,"Iritis",1877);
INSERT INTO Evento(EventoID,Descricao, Data, Admissao, Quarto) VALUES (2238, "descricao","13/11/1995 17:53:13" ,153, 133);
INSERT INTO Consulta( EventoID, Diagnostico, Medico) VALUES (2238,"Virose",9570);
INSERT INTO Evento(EventoID,Descricao, Data, Admissao, Quarto) VALUES (2239, "descricao","9/8/2010 13:44:55" ,179, 127);
INSERT INTO Consulta( EventoID, Diagnostico, Medico) VALUES (2239,"Typhus",1819);
INSERT INTO Evento(EventoID,Descricao, Data, Admissao, Quarto) VALUES (2240, "descricao","27/6/1971 7:21:51" ,292, 247);
INSERT INTO Consulta( EventoID, Diagnostico, Medico) VALUES (2240,"Prostatitis",8183);
INSERT INTO Evento(EventoID,Descricao, Data, Admissao, Quarto) VALUES (2241, "descricao","12/10/1978 19:0:14" ,291, 218);
INSERT INTO Consulta( EventoID, Diagnostico, Medico) VALUES (2241,"Alzheimer's disease",9075);
INSERT INTO Evento(EventoID,Descricao, Data, Admissao, Quarto) VALUES (2242, "descricao","1/1/1993 9:5:13" ,362, 213);
INSERT INTO Consulta( EventoID, Diagnostico, Medico) VALUES (2242,"Strabismus",5894);
INSERT INTO Evento(EventoID,Descricao, Data, Admissao, Quarto) VALUES (2243, "descricao","10/11/1992 15:10:25" ,135, 122);
INSERT INTO Consulta( EventoID, Diagnostico, Medico) VALUES (2243,"Mad cow disease",4832);
INSERT INTO Evento(EventoID,Descricao, Data, Admissao, Quarto) VALUES (2244, "descricao","4/2/2017 7:14:58" ,10, 150);
INSERT INTO Consulta( EventoID, Diagnostico, Medico) VALUES (2244,"Repetitive strain injury",4832);
INSERT INTO Evento(EventoID,Descricao, Data, Admissao, Quarto) VALUES (2245, "descricao","14/12/2014 15:8:9" ,141, 203);
INSERT INTO Consulta( EventoID, Diagnostico, Medico) VALUES (2245,"Virose",3687);
INSERT INTO Evento(EventoID,Descricao, Data, Admissao, Quarto) VALUES (2246, "descricao","10/9/2010 18:2:37" ,490, 125);
INSERT INTO Consulta( EventoID, Diagnostico, Medico) VALUES (2246,"Malaria",1166);
INSERT INTO Evento(EventoID,Descricao, Data, Admissao, Quarto) VALUES (2247, "descricao","17/4/1967 13:55:32" ,47, 118);
INSERT INTO Consulta( EventoID, Diagnostico, Medico) VALUES (2247,"Rift Valley fever",2255);
INSERT INTO Evento(EventoID,Descricao, Data, Admissao, Quarto) VALUES (2248, "descricao","11/4/1966 8:48:36" ,106, 172);
INSERT INTO Consulta( EventoID, Diagnostico, Medico) VALUES (2248,"Infeccao bacteriana",7280);
INSERT INTO Evento(EventoID,Descricao, Data, Admissao, Quarto) VALUES (2249, "descricao","24/9/1996 5:57:46" ,94, 154);
INSERT INTO Consulta( EventoID, Diagnostico, Medico) VALUES (2249,"Loiasis",3687);
INSERT INTO Evento(EventoID,Descricao, Data, Admissao, Quarto) VALUES (2250, "descricao","18/7/2007 14:30:51" ,476, 232);
INSERT INTO Consulta( EventoID, Diagnostico, Medico) VALUES (2250,"Leprosy",8183);
INSERT INTO Evento(EventoID,Descricao, Data, Admissao, Quarto) VALUES (2251, "descricao","9/5/1978 20:13:14" ,453, 231);
INSERT INTO Consulta( EventoID, Diagnostico, Medico) VALUES (2251,"Obesity",1166);
INSERT INTO Evento(EventoID,Descricao, Data, Admissao, Quarto) VALUES (2252, "descricao","8/12/1962 23:56:3" ,414, 113);
INSERT INTO Consulta( EventoID, Diagnostico, Medico) VALUES (2252,"Asthma",4369);
INSERT INTO Evento(EventoID,Descricao, Data, Admissao, Quarto) VALUES (2253, "descricao","28/8/2001 4:32:30" ,124, 237);
INSERT INTO Consulta( EventoID, Diagnostico, Medico) VALUES (2253,"Tonsillitis",8577);
INSERT INTO Evento(EventoID,Descricao, Data, Admissao, Quarto) VALUES (2254, "descricao","10/6/1981 17:59:52" ,111, 122);
INSERT INTO Consulta( EventoID, Diagnostico, Medico) VALUES (2254,"Rift Valley fever",6757);
INSERT INTO Evento(EventoID,Descricao, Data, Admissao, Quarto) VALUES (2255, "descricao","28/10/1971 13:14:21" ,146, 219);
INSERT INTO Consulta( EventoID, Diagnostico, Medico) VALUES (2255,"Toxic shock syndrome",9079);
INSERT INTO Evento(EventoID,Descricao, Data, Admissao, Quarto) VALUES (2256, "descricao","16/11/1999 1:15:52" ,248, 209);
INSERT INTO Consulta( EventoID, Diagnostico, Medico) VALUES (2256,"Thrush",4369);
INSERT INTO Evento(EventoID,Descricao, Data, Admissao, Quarto) VALUES (2257, "descricao","11/12/1993 1:59:37" ,266, 124);
INSERT INTO Consulta( EventoID, Diagnostico, Medico) VALUES (2257,"Osso quebrado",6757);
INSERT INTO Evento(EventoID,Descricao, Data, Admissao, Quarto) VALUES (2258, "descricao","5/1/2005 5:49:8" ,329, 241);
INSERT INTO Consulta( EventoID, Diagnostico, Medico) VALUES (2258,"Emphysema",2255);
INSERT INTO Evento(EventoID,Descricao, Data, Admissao, Quarto) VALUES (2259, "descricao","12/12/2008 16:8:38" ,263, 100);
INSERT INTO Consulta( EventoID, Diagnostico, Medico) VALUES (2259,"Mal estar",8767);
INSERT INTO Evento(EventoID,Descricao, Data, Admissao, Quarto) VALUES (2260, "descricao","2/12/2002 12:36:1" ,389, 110);
INSERT INTO Consulta( EventoID, Diagnostico, Medico) VALUES (2260,"Catapora",4282);
INSERT INTO Evento(EventoID,Descricao, Data, Admissao, Quarto) VALUES (2261, "descricao","12/12/2001 11:23:42" ,186, 209);
INSERT INTO Consulta( EventoID, Diagnostico, Medico) VALUES (2261,"Kuru",5324);
INSERT INTO Evento(EventoID,Descricao, Data, Admissao, Quarto) VALUES (2262, "descricao","4/8/1963 4:3:27" ,218, 186);
INSERT INTO Consulta( EventoID, Diagnostico, Medico) VALUES (2262,"HIV",4811);
INSERT INTO Evento(EventoID,Descricao, Data, Admissao, Quarto) VALUES (2263, "descricao","24/2/1971 13:34:45" ,258, 228);
INSERT INTO Consulta( EventoID, Diagnostico, Medico) VALUES (2263,"Pilia",4930);
INSERT INTO Evento(EventoID,Descricao, Data, Admissao, Quarto) VALUES (2264, "descricao","26/4/1966 10:59:28" ,149, 147);
INSERT INTO Consulta( EventoID, Diagnostico, Medico) VALUES (2264,"Stomach flu",7280);
INSERT INTO Evento(EventoID,Descricao, Data, Admissao, Quarto) VALUES (2265, "descricao","11/12/1978 16:52:0" ,289, 155);
INSERT INTO Consulta( EventoID, Diagnostico, Medico) VALUES (2265,"Catapora",5894);
INSERT INTO Evento(EventoID,Descricao, Data, Admissao, Quarto) VALUES (2266, "descricao","21/3/1998 13:7:50" ,12, 236);
INSERT INTO Consulta( EventoID, Diagnostico, Medico) VALUES (2266,"Trichinosis",2769);
INSERT INTO Evento(EventoID,Descricao, Data, Admissao, Quarto) VALUES (2267, "descricao","2/8/2004 18:53:8" ,264, 212);
INSERT INTO Consulta( EventoID, Diagnostico, Medico) VALUES (2267,"Osso quebrado",9079);
INSERT INTO Evento(EventoID,Descricao, Data, Admissao, Quarto) VALUES (2268, "descricao","4/4/1992 7:37:23" ,367, 241);
INSERT INTO Consulta( EventoID, Diagnostico, Medico) VALUES (2268,"Pubic lice",9132);
INSERT INTO Evento(EventoID,Descricao, Data, Admissao, Quarto) VALUES (2269, "descricao","26/9/1976 7:23:4" ,129, 237);
INSERT INTO Consulta( EventoID, Diagnostico, Medico) VALUES (2269,"SIDS",8157);
INSERT INTO Evento(EventoID,Descricao, Data, Admissao, Quarto) VALUES (2270, "descricao","7/3/1991 6:26:20" ,390, 204);
INSERT INTO Consulta( EventoID, Diagnostico, Medico) VALUES (2270,"Osso quebrado",9079);
INSERT INTO Evento(EventoID,Descricao, Data, Admissao, Quarto) VALUES (2271, "descricao","24/2/1974 4:17:45" ,13, 141);
INSERT INTO Consulta( EventoID, Diagnostico, Medico) VALUES (2271,"Indeterminado",8226);
INSERT INTO Evento(EventoID,Descricao, Data, Admissao, Quarto) VALUES (2272, "descricao","20/5/2009 7:41:42" ,8, 197);
INSERT INTO Consulta( EventoID, Diagnostico, Medico) VALUES (2272,"Candidiasis",6467);
INSERT INTO Evento(EventoID,Descricao, Data, Admissao, Quarto) VALUES (2273, "descricao","23/12/1998 5:14:1" ,445, 102);
INSERT INTO Consulta( EventoID, Diagnostico, Medico) VALUES (2273,"Brucellosis",5324);
INSERT INTO Evento(EventoID,Descricao, Data, Admissao, Quarto) VALUES (2274, "descricao","13/9/1969 17:42:5" ,336, 147);
INSERT INTO Consulta( EventoID, Diagnostico, Medico) VALUES (2274,"Hepatitis B",2336);
INSERT INTO Evento(EventoID,Descricao, Data, Admissao, Quarto) VALUES (2275, "descricao","20/10/1984 22:36:59" ,130, 187);
INSERT INTO Consulta( EventoID, Diagnostico, Medico) VALUES (2275,"Peritonitis",2198);
INSERT INTO Evento(EventoID,Descricao, Data, Admissao, Quarto) VALUES (2276, "descricao","27/10/2012 6:30:10" ,65, 175);
INSERT INTO Consulta( EventoID, Diagnostico, Medico) VALUES (2276,"Hepatitis B",1819);
INSERT INTO Evento(EventoID,Descricao, Data, Admissao, Quarto) VALUES (2277, "descricao","27/2/1967 0:49:7" ,461, 140);
INSERT INTO Consulta( EventoID, Diagnostico, Medico) VALUES (2277,"Catapora",7280);
INSERT INTO Evento(EventoID,Descricao, Data, Admissao, Quarto) VALUES (2278, "descricao","27/8/1964 8:19:8" ,93, 232);
INSERT INTO Consulta( EventoID, Diagnostico, Medico) VALUES (2278,"Infeccao bacteriana",8015);
INSERT INTO Evento(EventoID,Descricao, Data, Admissao, Quarto) VALUES (2279, "descricao","20/12/2001 2:17:30" ,120, 222);
INSERT INTO Consulta( EventoID, Diagnostico, Medico) VALUES (2279,"Meningitis",2336);
INSERT INTO Evento(EventoID,Descricao, Data, Admissao, Quarto) VALUES (2280, "descricao","17/8/2003 8:52:48" ,198, 180);
INSERT INTO Consulta( EventoID, Diagnostico, Medico) VALUES (2280,"Cowpox",6041);
INSERT INTO Evento(EventoID,Descricao, Data, Admissao, Quarto) VALUES (2281, "descricao","17/2/1965 3:21:40" ,132, 209);
INSERT INTO Consulta( EventoID, Diagnostico, Medico) VALUES (2281,"Watkins",9075);
INSERT INTO Evento(EventoID,Descricao, Data, Admissao, Quarto) VALUES (2282, "descricao","28/9/1989 1:39:23" ,173, 225);
INSERT INTO Consulta( EventoID, Diagnostico, Medico) VALUES (2282,"Viral fever",4930);
INSERT INTO Evento(EventoID,Descricao, Data, Admissao, Quarto) VALUES (2283, "descricao","6/9/2008 13:35:19" ,327, 118);
INSERT INTO Consulta( EventoID, Diagnostico, Medico) VALUES (2283,"Cerebral palsy",6757);
INSERT INTO Evento(EventoID,Descricao, Data, Admissao, Quarto) VALUES (2284, "descricao","8/4/2015 19:13:23" ,441, 206);
INSERT INTO Consulta( EventoID, Diagnostico, Medico) VALUES (2284,"Watkins",5894);
INSERT INTO Evento(EventoID,Descricao, Data, Admissao, Quarto) VALUES (2285, "descricao","8/9/1983 17:34:25" ,86, 109);
INSERT INTO Consulta( EventoID, Diagnostico, Medico) VALUES (2285,"Chronic fatigue syndrome",5324);
INSERT INTO Evento(EventoID,Descricao, Data, Admissao, Quarto) VALUES (2286, "descricao","20/4/1965 9:31:32" ,312, 149);
INSERT INTO Consulta( EventoID, Diagnostico, Medico) VALUES (2286,"Uveitis",6342);
INSERT INTO Evento(EventoID,Descricao, Data, Admissao, Quarto) VALUES (2287, "descricao","20/1/1962 21:32:4" ,253, 129);
INSERT INTO Consulta( EventoID, Diagnostico, Medico) VALUES (2287,"Osso quebrado",6041);
INSERT INTO Evento(EventoID,Descricao, Data, Admissao, Quarto) VALUES (2288, "descricao","8/1/1963 1:46:57" ,140, 128);
INSERT INTO Consulta( EventoID, Diagnostico, Medico) VALUES (2288,"Lead poisoning",8015);
INSERT INTO Evento(EventoID,Descricao, Data, Admissao, Quarto) VALUES (2289, "descricao","18/9/1961 4:43:27" ,197, 106);
INSERT INTO Consulta( EventoID, Diagnostico, Medico) VALUES (2289,"GERD",1315);
INSERT INTO Evento(EventoID,Descricao, Data, Admissao, Quarto) VALUES (2290, "descricao","19/2/1981 18:3:24" ,282, 241);
INSERT INTO Consulta( EventoID, Diagnostico, Medico) VALUES (2290,"Human papillomavirus",2966);
INSERT INTO Evento(EventoID,Descricao, Data, Admissao, Quarto) VALUES (2291, "descricao","26/5/1978 18:46:18" ,65, 211);
INSERT INTO Consulta( EventoID, Diagnostico, Medico) VALUES (2291,"Thymoma",8767);
INSERT INTO Evento(EventoID,Descricao, Data, Admissao, Quarto) VALUES (2292, "descricao","11/1/1983 9:9:40" ,409, 145);
INSERT INTO Consulta( EventoID, Diagnostico, Medico) VALUES (2292,"Iron-deficiency anemia",2198);
INSERT INTO Evento(EventoID,Descricao, Data, Admissao, Quarto) VALUES (2293, "descricao","19/1/2019 5:13:0" ,17, 126);
INSERT INTO Consulta( EventoID, Diagnostico, Medico) VALUES (2293,"Von Hippel-Lindau disease",2923);
INSERT INTO Evento(EventoID,Descricao, Data, Admissao, Quarto) VALUES (2294, "descricao","1/1/1968 11:52:18" ,83, 208);
INSERT INTO Consulta( EventoID, Diagnostico, Medico) VALUES (2294,"Viral fever",4917);
INSERT INTO Evento(EventoID,Descricao, Data, Admissao, Quarto) VALUES (2295, "descricao","21/6/2009 7:55:43" ,402, 117);
INSERT INTO Consulta( EventoID, Diagnostico, Medico) VALUES (2295,"Muscular dystrophy",8015);
INSERT INTO Evento(EventoID,Descricao, Data, Admissao, Quarto) VALUES (2296, "descricao","9/9/1998 9:27:16" ,354, 242);
INSERT INTO Consulta( EventoID, Diagnostico, Medico) VALUES (2296,"Strabismus",8950);
INSERT INTO Evento(EventoID,Descricao, Data, Admissao, Quarto) VALUES (2297, "descricao","4/6/1969 10:30:23" ,341, 111);
INSERT INTO Consulta( EventoID, Diagnostico, Medico) VALUES (2297,"Mad cow disease",6467);
INSERT INTO Evento(EventoID,Descricao, Data, Admissao, Quarto) VALUES (2298, "descricao","14/12/1965 5:0:40" ,342, 179);
INSERT INTO Consulta( EventoID, Diagnostico, Medico) VALUES (2298,"Peritonitis",8767);
INSERT INTO Evento(EventoID,Descricao, Data, Admissao, Quarto) VALUES (2299, "descricao","23/5/2004 14:13:55" ,353, 152);
INSERT INTO Consulta( EventoID, Diagnostico, Medico) VALUES (2299,"Hypothyroid",2923);

-- Internamento
INSERT INTO Evento(EventoID,Descricao, Data, Admissao, Quarto) VALUES (1850, "descricao","5/1/2019 7:9:33" ,167, 230);
INSERT INTO Internamento( EventoID, Motivo, DataFim, Ativo) VALUES (1850,"Q fever",NULL,1);
INSERT INTO Evento(EventoID,Descricao, Data, Admissao, Quarto) VALUES (1851, "descricao","20/10/1995 4:55:24" ,413, 183);
INSERT INTO Internamento( EventoID, Motivo, DataFim, Ativo) VALUES (1851,"Chordoma",NULL,1);
INSERT INTO Evento(EventoID,Descricao, Data, Admissao, Quarto) VALUES (1852, "descricao","13/5/2003 13:13:43" ,396, 146);
INSERT INTO Internamento( EventoID, Motivo, DataFim, Ativo) VALUES (1852,"Urticaria","13/6/2006 15:31:45",0);
INSERT INTO Evento(EventoID,Descricao, Data, Admissao, Quarto) VALUES (1853, "descricao","19/4/1998 13:38:50" ,268, 188);
INSERT INTO Internamento( EventoID, Motivo, DataFim, Ativo) VALUES (1853,"Salmonellosis","19/4/2001 15:55:57",0);
INSERT INTO Evento(EventoID,Descricao, Data, Admissao, Quarto) VALUES (1854, "descricao","19/1/2005 3:37:0" ,432, 243);
INSERT INTO Internamento( EventoID, Motivo, DataFim, Ativo) VALUES (1854,"Goitre","19/1/2006 5:57:22",0);
INSERT INTO Evento(EventoID,Descricao, Data, Admissao, Quarto) VALUES (1855, "descricao","18/9/1995 17:2:58" ,195, 191);
INSERT INTO Internamento( EventoID, Motivo, DataFim, Ativo) VALUES (1855,"Obesity",NULL,1);
INSERT INTO Evento(EventoID,Descricao, Data, Admissao, Quarto) VALUES (1856, "descricao","9/7/2001 15:9:49" ,405, 164);
INSERT INTO Internamento( EventoID, Motivo, DataFim, Ativo) VALUES (1856,"Loiasis",NULL,1);
INSERT INTO Evento(EventoID,Descricao, Data, Admissao, Quarto) VALUES (1857, "descricao","12/8/1992 20:0:23" ,385, 143);
INSERT INTO Internamento( EventoID, Motivo, DataFim, Ativo) VALUES (1857,"Impetigo",NULL,1);
INSERT INTO Evento(EventoID,Descricao, Data, Admissao, Quarto) VALUES (1858, "descricao","20/9/1990 8:33:39" ,184, 138);
INSERT INTO Internamento( EventoID, Motivo, DataFim, Ativo) VALUES (1858,"Migraine",NULL,1);
INSERT INTO Evento(EventoID,Descricao, Data, Admissao, Quarto) VALUES (1859, "descricao","20/12/2008 13:6:46" ,312, 220);
INSERT INTO Internamento( EventoID, Motivo, DataFim, Ativo) VALUES (1859,"Lead poisoning","20/12/2010 14:25:70",0);
INSERT INTO Evento(EventoID,Descricao, Data, Admissao, Quarto) VALUES (1860, "descricao","14/3/2006 16:21:52" ,483, 206);
INSERT INTO Internamento( EventoID, Motivo, DataFim, Ativo) VALUES (1860,"Shingles","16/3/2008 17:23:69",0);
INSERT INTO Evento(EventoID,Descricao, Data, Admissao, Quarto) VALUES (1861, "descricao","27/6/1975 7:29:1" ,376, 173);
INSERT INTO Internamento( EventoID, Motivo, DataFim, Ativo) VALUES (1861,"Tonsillitis","29/8/1975 8:29:6",0);
INSERT INTO Evento(EventoID,Descricao, Data, Admissao, Quarto) VALUES (1862, "descricao","4/8/2002 23:49:14" ,202, 173);
INSERT INTO Internamento( EventoID, Motivo, DataFim, Ativo) VALUES (1862,"GERD",NULL,1);
INSERT INTO Evento(EventoID,Descricao, Data, Admissao, Quarto) VALUES (1863, "descricao","17/8/1972 2:49:14" ,134, 187);
INSERT INTO Internamento( EventoID, Motivo, DataFim, Ativo) VALUES (1863,"Salmonellosis","19/10/1975 4:63:34",0);
INSERT INTO Evento(EventoID,Descricao, Data, Admissao, Quarto) VALUES (1864, "descricao","25/11/2009 9:36:46" ,320, 228);
INSERT INTO Internamento( EventoID, Motivo, DataFim, Ativo) VALUES (1864,"Hypothyroid",NULL,1);
INSERT INTO Evento(EventoID,Descricao, Data, Admissao, Quarto) VALUES (1865, "descricao","3/7/1994 16:48:5" ,53, 161);
INSERT INTO Internamento( EventoID, Motivo, DataFim, Ativo) VALUES (1865,"Rheumatic heart","3/7/1997 18:50:35",0);
INSERT INTO Evento(EventoID,Descricao, Data, Admissao, Quarto) VALUES (1866, "descricao","23/10/1988 9:33:30" ,129, 123);
INSERT INTO Internamento( EventoID, Motivo, DataFim, Ativo) VALUES (1866,"Hyperopia",NULL,1);
INSERT INTO Evento(EventoID,Descricao, Data, Admissao, Quarto) VALUES (1867, "descricao","15/6/1994 22:49:1" ,42, 244);
INSERT INTO Internamento( EventoID, Motivo, DataFim, Ativo) VALUES (1867,"Tumor","17/6/1997 24:73:26",0);
INSERT INTO Evento(EventoID,Descricao, Data, Admissao, Quarto) VALUES (1868, "descricao","5/7/1996 2:51:13" ,118, 203);
INSERT INTO Internamento( EventoID, Motivo, DataFim, Ativo) VALUES (1868,"Laryngitis","7/8/1997 3:64:22",0);
INSERT INTO Evento(EventoID,Descricao, Data, Admissao, Quarto) VALUES (1869, "descricao","1/3/1998 1:28:6" ,178, 223);
INSERT INTO Internamento( EventoID, Motivo, DataFim, Ativo) VALUES (1869,"Q fever","2/4/2001 3:52:6",0);
INSERT INTO Evento(EventoID,Descricao, Data, Admissao, Quarto) VALUES (1870, "descricao","15/7/1981 1:54:15" ,245, 138);
INSERT INTO Internamento( EventoID, Motivo, DataFim, Ativo) VALUES (1870,"Lung cancer",NULL,1);
INSERT INTO Evento(EventoID,Descricao, Data, Admissao, Quarto) VALUES (1871, "descricao","13/12/2012 7:18:12" ,323, 175);
INSERT INTO Internamento( EventoID, Motivo, DataFim, Ativo) VALUES (1871,"Multiple sclerosis","14/14/2013 9:45:20",0);
INSERT INTO Evento(EventoID,Descricao, Data, Admissao, Quarto) VALUES (1872, "descricao","3/9/1985 11:2:31" ,150, 223);
INSERT INTO Internamento( EventoID, Motivo, DataFim, Ativo) VALUES (1872,"Hepatitis E","3/11/1987 13:7:52",0);
INSERT INTO Evento(EventoID,Descricao, Data, Admissao, Quarto) VALUES (1873, "descricao","4/5/2005 11:4:15" ,268, 172);
INSERT INTO Internamento( EventoID, Motivo, DataFim, Ativo) VALUES (1873,"Prostatitis",NULL,1);
INSERT INTO Evento(EventoID,Descricao, Data, Admissao, Quarto) VALUES (1874, "descricao","22/5/1977 8:0:21" ,236, 222);
INSERT INTO Internamento( EventoID, Motivo, DataFim, Ativo) VALUES (1874,"Varicella","25/7/1980 10:5:39",0);
INSERT INTO Evento(EventoID,Descricao, Data, Admissao, Quarto) VALUES (1875, "descricao","21/2/2010 14:51:8" ,417, 161);
INSERT INTO Internamento( EventoID, Motivo, DataFim, Ativo) VALUES (1875,"Coronary heart disease","23/2/2012 15:73:33",0);
INSERT INTO Evento(EventoID,Descricao, Data, Admissao, Quarto) VALUES (1876, "descricao","1/4/1970 2:0:51" ,206, 126);
INSERT INTO Internamento( EventoID, Motivo, DataFim, Ativo) VALUES (1876,"Bronchitis","1/4/1971 4:14:75",0);
INSERT INTO Evento(EventoID,Descricao, Data, Admissao, Quarto) VALUES (1877, "descricao","10/11/1975 1:27:47" ,43, 145);
INSERT INTO Internamento( EventoID, Motivo, DataFim, Ativo) VALUES (1877,"Warkany syndrome",NULL,1);
INSERT INTO Evento(EventoID,Descricao, Data, Admissao, Quarto) VALUES (1878, "descricao","6/8/1971 22:0:42" ,256, 128);
INSERT INTO Internamento( EventoID, Motivo, DataFim, Ativo) VALUES (1878,"Otitis","9/9/1973 24:19:57",0);
INSERT INTO Evento(EventoID,Descricao, Data, Admissao, Quarto) VALUES (1879, "descricao","13/5/2013 9:52:2" ,182, 143);
INSERT INTO Internamento( EventoID, Motivo, DataFim, Ativo) VALUES (1879,"Migraine",NULL,1);
INSERT INTO Evento(EventoID,Descricao, Data, Admissao, Quarto) VALUES (1880, "descricao","4/1/1986 7:40:42" ,226, 208);
INSERT INTO Internamento( EventoID, Motivo, DataFim, Ativo) VALUES (1880,"Breast cancer","7/3/1987 8:69:67",0);
INSERT INTO Evento(EventoID,Descricao, Data, Admissao, Quarto) VALUES (1881, "descricao","7/7/1968 19:20:57" ,273, 226);
INSERT INTO Internamento( EventoID, Motivo, DataFim, Ativo) VALUES (1881,"Rubella","9/8/1968 21:34:86",0);
INSERT INTO Evento(EventoID,Descricao, Data, Admissao, Quarto) VALUES (1882, "descricao","18/10/1965 11:34:40" ,210, 213);
INSERT INTO Internamento( EventoID, Motivo, DataFim, Ativo) VALUES (1882,"Meningitis",NULL,1);
INSERT INTO Evento(EventoID,Descricao, Data, Admissao, Quarto) VALUES (1883, "descricao","15/11/1979 6:35:42" ,325, 189);
INSERT INTO Internamento( EventoID, Motivo, DataFim, Ativo) VALUES (1883,"Mad cow disease","18/13/1981 8:45:63",0);
INSERT INTO Evento(EventoID,Descricao, Data, Admissao, Quarto) VALUES (1884, "descricao","12/7/1968 9:34:51" ,142, 208);
INSERT INTO Internamento( EventoID, Motivo, DataFim, Ativo) VALUES (1884,"Rubella","13/8/1970 10:42:57",0);
INSERT INTO Evento(EventoID,Descricao, Data, Admissao, Quarto) VALUES (1885, "descricao","11/12/2011 13:8:59" ,21, 183);
INSERT INTO Internamento( EventoID, Motivo, DataFim, Ativo) VALUES (1885,"Rickets","12/14/2012 14:9:86",0);
INSERT INTO Evento(EventoID,Descricao, Data, Admissao, Quarto) VALUES (1886, "descricao","23/11/1961 20:6:10" ,194, 121);
INSERT INTO Internamento( EventoID, Motivo, DataFim, Ativo) VALUES (1886,"Myelitis","26/11/1961 22:30:10",0);
INSERT INTO Evento(EventoID,Descricao, Data, Admissao, Quarto) VALUES (1887, "descricao","23/2/2009 21:9:43" ,417, 205);
INSERT INTO Internamento( EventoID, Motivo, DataFim, Ativo) VALUES (1887,"Mad cow disease","26/3/2010 23:11:66",0);
INSERT INTO Evento(EventoID,Descricao, Data, Admissao, Quarto) VALUES (1888, "descricao","15/5/2004 16:29:9" ,377, 246);
INSERT INTO Internamento( EventoID, Motivo, DataFim, Ativo) VALUES (1888,"Swine influenza","18/5/2007 17:43:23",0);
INSERT INTO Evento(EventoID,Descricao, Data, Admissao, Quarto) VALUES (1889, "descricao","17/10/1960 18:38:40" ,241, 142);
INSERT INTO Internamento( EventoID, Motivo, DataFim, Ativo) VALUES (1889,"Ignious Syndrome",NULL,1);
INSERT INTO Evento(EventoID,Descricao, Data, Admissao, Quarto) VALUES (1890, "descricao","15/9/2014 19:5:49" ,334, 210);
INSERT INTO Internamento( EventoID, Motivo, DataFim, Ativo) VALUES (1890,"Rheumatism","17/9/2016 20:19:49",0);
INSERT INTO Evento(EventoID,Descricao, Data, Admissao, Quarto) VALUES (1891, "descricao","12/6/1983 3:2:50" ,103, 184);
INSERT INTO Internamento( EventoID, Motivo, DataFim, Ativo) VALUES (1891,"Melanoma","14/8/1986 5:29:55",0);
INSERT INTO Evento(EventoID,Descricao, Data, Admissao, Quarto) VALUES (1892, "descricao","15/7/1994 18:30:32" ,21, 189);
INSERT INTO Internamento( EventoID, Motivo, DataFim, Ativo) VALUES (1892,"Rheumatism","17/7/1995 20:44:58",0);
INSERT INTO Evento(EventoID,Descricao, Data, Admissao, Quarto) VALUES (1893, "descricao","13/9/1981 6:5:5" ,488, 166);
INSERT INTO Internamento( EventoID, Motivo, DataFim, Ativo) VALUES (1893,"Anthrax",NULL,1);
INSERT INTO Evento(EventoID,Descricao, Data, Admissao, Quarto) VALUES (1894, "descricao","16/7/2017 14:29:39" ,302, 216);
INSERT INTO Internamento( EventoID, Motivo, DataFim, Ativo) VALUES (1894,"Tetanus","18/7/2017 16:41:54",0);
INSERT INTO Evento(EventoID,Descricao, Data, Admissao, Quarto) VALUES (1895, "descricao","18/6/1968 23:50:10" ,76, 227);
INSERT INTO Internamento( EventoID, Motivo, DataFim, Ativo) VALUES (1895,"Erectile dysfunction","18/7/1968 24:62:34",0);
INSERT INTO Evento(EventoID,Descricao, Data, Admissao, Quarto) VALUES (1896, "descricao","19/4/2005 16:25:31" ,388, 175);
INSERT INTO Internamento( EventoID, Motivo, DataFim, Ativo) VALUES (1896,"Mumps","21/5/2005 17:31:31",0);
INSERT INTO Evento(EventoID,Descricao, Data, Admissao, Quarto) VALUES (1897, "descricao","20/8/1978 2:27:4" ,172, 247);
INSERT INTO Internamento( EventoID, Motivo, DataFim, Ativo) VALUES (1897,"Scabies",NULL,1);
INSERT INTO Evento(EventoID,Descricao, Data, Admissao, Quarto) VALUES (1898, "descricao","19/11/1992 19:59:25" ,464, 192);
INSERT INTO Internamento( EventoID, Motivo, DataFim, Ativo) VALUES (1898,"Toxic shock syndrome","21/13/1993 21:74:25",0);
INSERT INTO Evento(EventoID,Descricao, Data, Admissao, Quarto) VALUES (1899, "descricao","10/12/1990 16:6:20" ,161, 241);
INSERT INTO Internamento( EventoID, Motivo, DataFim, Ativo) VALUES (1899,"Mononucleosis","11/12/1990 17:26:24",0);
INSERT INTO Evento(EventoID,Descricao, Data, Admissao, Quarto) VALUES (1900, "descricao","16/6/1963 6:42:51" ,221, 225);
INSERT INTO Internamento( EventoID, Motivo, DataFim, Ativo) VALUES (1900,"Tungiasis",NULL,1);
INSERT INTO Evento(EventoID,Descricao, Data, Admissao, Quarto) VALUES (1901, "descricao","5/4/1961 2:31:17" ,38, 164);
INSERT INTO Internamento( EventoID, Motivo, DataFim, Ativo) VALUES (1901,"Tooth decay","6/6/1963 4:56:31",0);
INSERT INTO Evento(EventoID,Descricao, Data, Admissao, Quarto) VALUES (1902, "descricao","15/2/1975 20:28:25" ,254, 112);
INSERT INTO Internamento( EventoID, Motivo, DataFim, Ativo) VALUES (1902,"Tuberculosis","17/4/1976 21:28:27",0);
INSERT INTO Evento(EventoID,Descricao, Data, Admissao, Quarto) VALUES (1903, "descricao","17/3/2013 3:24:16" ,26, 199);
INSERT INTO Internamento( EventoID, Motivo, DataFim, Ativo) VALUES (1903,"Poliomyelitis","20/5/2016 4:45:24",0);
INSERT INTO Evento(EventoID,Descricao, Data, Admissao, Quarto) VALUES (1904, "descricao","23/6/2013 2:45:45" ,280, 206);
INSERT INTO Internamento( EventoID, Motivo, DataFim, Ativo) VALUES (1904,"Stomach ulcers",NULL,1);
INSERT INTO Evento(EventoID,Descricao, Data, Admissao, Quarto) VALUES (1905, "descricao","3/1/1978 22:40:39" ,300, 215);
INSERT INTO Internamento( EventoID, Motivo, DataFim, Ativo) VALUES (1905,"Stomach ulcers","3/2/1979 24:53:42",0);
INSERT INTO Evento(EventoID,Descricao, Data, Admissao, Quarto) VALUES (1906, "descricao","18/12/1988 3:20:15" ,413, 233);
INSERT INTO Internamento( EventoID, Motivo, DataFim, Ativo) VALUES (1906,"Coronary heart disease","21/13/1988 4:50:21",0);
INSERT INTO Evento(EventoID,Descricao, Data, Admissao, Quarto) VALUES (1907, "descricao","28/1/2017 19:1:46" ,248, 176);
INSERT INTO Internamento( EventoID, Motivo, DataFim, Ativo) VALUES (1907,"Siderosis","28/3/2018 20:16:76",0);
INSERT INTO Evento(EventoID,Descricao, Data, Admissao, Quarto) VALUES (1908, "descricao","24/4/1990 1:48:55" ,386, 232);
INSERT INTO Internamento( EventoID, Motivo, DataFim, Ativo) VALUES (1908,"Campylobacter infection",NULL,1);
INSERT INTO Evento(EventoID,Descricao, Data, Admissao, Quarto) VALUES (1909, "descricao","26/1/1998 18:2:54" ,250, 186);
INSERT INTO Internamento( EventoID, Motivo, DataFim, Ativo) VALUES (1909,"Ulcerative colitis","27/2/2000 20:3:66",0);
INSERT INTO Evento(EventoID,Descricao, Data, Admissao, Quarto) VALUES (1910, "descricao","14/4/1997 4:43:42" ,116, 150);
INSERT INTO Internamento( EventoID, Motivo, DataFim, Ativo) VALUES (1910,"Diabetes mellitus","16/4/1999 5:71:46",0);
INSERT INTO Evento(EventoID,Descricao, Data, Admissao, Quarto) VALUES (1911, "descricao","28/2/1996 11:47:24" ,33, 100);
INSERT INTO Internamento( EventoID, Motivo, DataFim, Ativo) VALUES (1911,"Urticaria","29/2/1998 13:49:39",0);
INSERT INTO Evento(EventoID,Descricao, Data, Admissao, Quarto) VALUES (1912, "descricao","18/8/1991 15:29:29" ,226, 104);
INSERT INTO Internamento( EventoID, Motivo, DataFim, Ativo) VALUES (1912,"Emphysema","19/10/1993 16:34:49",0);
INSERT INTO Evento(EventoID,Descricao, Data, Admissao, Quarto) VALUES (1913, "descricao","22/11/1962 7:26:57" ,484, 193);
INSERT INTO Internamento( EventoID, Motivo, DataFim, Ativo) VALUES (1913,"Crohn's Disease",NULL,1);
INSERT INTO Evento(EventoID,Descricao, Data, Admissao, Quarto) VALUES (1914, "descricao","10/6/1993 12:49:28" ,27, 141);
INSERT INTO Internamento( EventoID, Motivo, DataFim, Ativo) VALUES (1914,"Viral meningitis","10/7/1995 13:49:36",0);
INSERT INTO Evento(EventoID,Descricao, Data, Admissao, Quarto) VALUES (1915, "descricao","15/1/1982 16:54:58" ,164, 127);
INSERT INTO Internamento( EventoID, Motivo, DataFim, Ativo) VALUES (1915,"Encephalitis",NULL,1);
INSERT INTO Evento(EventoID,Descricao, Data, Admissao, Quarto) VALUES (1916, "descricao","26/6/1980 15:11:29" ,251, 208);
INSERT INTO Internamento( EventoID, Motivo, DataFim, Ativo) VALUES (1916,"Urticaria","26/7/1983 16:37:43",0);
INSERT INTO Evento(EventoID,Descricao, Data, Admissao, Quarto) VALUES (1917, "descricao","22/12/1966 22:44:5" ,199, 199);
INSERT INTO Internamento( EventoID, Motivo, DataFim, Ativo) VALUES (1917,"Coeliac disease","25/13/1966 24:47:22",0);
INSERT INTO Evento(EventoID,Descricao, Data, Admissao, Quarto) VALUES (1918, "descricao","4/11/1980 23:20:56" ,163, 138);
INSERT INTO Internamento( EventoID, Motivo, DataFim, Ativo) VALUES (1918,"Stomach ulcers","7/13/1980 24:37:57",0);
INSERT INTO Evento(EventoID,Descricao, Data, Admissao, Quarto) VALUES (1919, "descricao","28/6/1976 9:56:32" ,87, 210);
INSERT INTO Internamento( EventoID, Motivo, DataFim, Ativo) VALUES (1919,"Hypermetropia","29/6/1976 10:81:51",0);
INSERT INTO Evento(EventoID,Descricao, Data, Admissao, Quarto) VALUES (1920, "descricao","19/12/1985 15:34:6" ,260, 125);
INSERT INTO Internamento( EventoID, Motivo, DataFim, Ativo) VALUES (1920,"Leishmaniasis","19/12/1986 17:43:26",0);
INSERT INTO Evento(EventoID,Descricao, Data, Admissao, Quarto) VALUES (1921, "descricao","6/10/2016 12:35:12" ,376, 174);
INSERT INTO Internamento( EventoID, Motivo, DataFim, Ativo) VALUES (1921,"Emphysema",NULL,1);
INSERT INTO Evento(EventoID,Descricao, Data, Admissao, Quarto) VALUES (1922, "descricao","26/7/2013 7:0:29" ,348, 140);
INSERT INTO Internamento( EventoID, Motivo, DataFim, Ativo) VALUES (1922,"Cerebral palsy","27/8/2014 8:30:31",0);
INSERT INTO Evento(EventoID,Descricao, Data, Admissao, Quarto) VALUES (1923, "descricao","3/11/1975 12:48:2" ,312, 198);
INSERT INTO Internamento( EventoID, Motivo, DataFim, Ativo) VALUES (1923,"Lupus erythematosus","4/12/1977 13:61:22",0);
INSERT INTO Evento(EventoID,Descricao, Data, Admissao, Quarto) VALUES (1924, "descricao","26/1/1979 19:40:45" ,159, 141);
INSERT INTO Internamento( EventoID, Motivo, DataFim, Ativo) VALUES (1924,"Psoriasis","29/3/1980 21:54:57",0);
INSERT INTO Evento(EventoID,Descricao, Data, Admissao, Quarto) VALUES (1925, "descricao","18/12/1982 4:2:11" ,469, 140);
INSERT INTO Internamento( EventoID, Motivo, DataFim, Ativo) VALUES (1925,"Strabismus","20/13/1984 6:22:30",0);
INSERT INTO Evento(EventoID,Descricao, Data, Admissao, Quarto) VALUES (1926, "descricao","17/11/2010 11:39:2" ,448, 117);
INSERT INTO Internamento( EventoID, Motivo, DataFim, Ativo) VALUES (1926,"Hepatitis A",NULL,1);
INSERT INTO Evento(EventoID,Descricao, Data, Admissao, Quarto) VALUES (1927, "descricao","7/4/1981 21:48:31" ,235, 107);
INSERT INTO Internamento( EventoID, Motivo, DataFim, Ativo) VALUES (1927,"Brucellosis",NULL,1);
INSERT INTO Evento(EventoID,Descricao, Data, Admissao, Quarto) VALUES (1928, "descricao","25/12/2019 21:57:38" ,120, 203);
INSERT INTO Internamento( EventoID, Motivo, DataFim, Ativo) VALUES (1928,"Measles","28/14/2020 23:79:60",0);
INSERT INTO Evento(EventoID,Descricao, Data, Admissao, Quarto) VALUES (1929, "descricao","25/2/2000 13:59:15" ,123, 142);
INSERT INTO Internamento( EventoID, Motivo, DataFim, Ativo) VALUES (1929,"Stevens–Johnson syndrome",NULL,1);
INSERT INTO Evento(EventoID,Descricao, Data, Admissao, Quarto) VALUES (1930, "descricao","17/8/2013 8:9:46" ,297, 104);
INSERT INTO Internamento( EventoID, Motivo, DataFim, Ativo) VALUES (1930,"Ulcerative colitis","18/8/2015 9:30:57",0);
INSERT INTO Evento(EventoID,Descricao, Data, Admissao, Quarto) VALUES (1931, "descricao","24/10/1966 5:28:9" ,423, 237);
INSERT INTO Internamento( EventoID, Motivo, DataFim, Ativo) VALUES (1931,"Appendicitis",NULL,1);
INSERT INTO Evento(EventoID,Descricao, Data, Admissao, Quarto) VALUES (1932, "descricao","28/7/1966 20:48:40" ,371, 218);
INSERT INTO Internamento( EventoID, Motivo, DataFim, Ativo) VALUES (1932,"Cerebral palsy","31/7/1967 21:59:50",0);
INSERT INTO Evento(EventoID,Descricao, Data, Admissao, Quarto) VALUES (1933, "descricao","22/4/2018 16:16:39" ,231, 242);
INSERT INTO Internamento( EventoID, Motivo, DataFim, Ativo) VALUES (1933,"Gastroenteritis","24/6/2018 18:23:42",0);
INSERT INTO Evento(EventoID,Descricao, Data, Admissao, Quarto) VALUES (1934, "descricao","15/1/2011 10:42:27" ,209, 237);
INSERT INTO Internamento( EventoID, Motivo, DataFim, Ativo) VALUES (1934,"Typhoid fever",NULL,1);
INSERT INTO Evento(EventoID,Descricao, Data, Admissao, Quarto) VALUES (1935, "descricao","5/9/1991 21:4:0" ,107, 233);
INSERT INTO Internamento( EventoID, Motivo, DataFim, Ativo) VALUES (1935,"Bubonic plague","7/11/1993 22:27:7",0);
INSERT INTO Evento(EventoID,Descricao, Data, Admissao, Quarto) VALUES (1936, "descricao","19/7/1962 4:32:48" ,62, 140);
INSERT INTO Internamento( EventoID, Motivo, DataFim, Ativo) VALUES (1936,"Myopia",NULL,1);
INSERT INTO Evento(EventoID,Descricao, Data, Admissao, Quarto) VALUES (1937, "descricao","20/7/2008 1:20:48" ,42, 136);
INSERT INTO Internamento( EventoID, Motivo, DataFim, Ativo) VALUES (1937,"Breast cancer","21/9/2009 3:30:72",0);
INSERT INTO Evento(EventoID,Descricao, Data, Admissao, Quarto) VALUES (1938, "descricao","21/7/2004 11:41:27" ,280, 220);
INSERT INTO Internamento( EventoID, Motivo, DataFim, Ativo) VALUES (1938,"Peritonitis","22/9/2004 12:42:56",0);
INSERT INTO Evento(EventoID,Descricao, Data, Admissao, Quarto) VALUES (1939, "descricao","1/4/1984 10:23:49" ,348, 140);
INSERT INTO Internamento( EventoID, Motivo, DataFim, Ativo) VALUES (1939,"Rheumatism",NULL,1);
INSERT INTO Evento(EventoID,Descricao, Data, Admissao, Quarto) VALUES (1940, "descricao","9/5/1975 4:30:10" ,387, 174);
INSERT INTO Internamento( EventoID, Motivo, DataFim, Ativo) VALUES (1940,"Vasovagal syncope","10/7/1976 5:49:32",0);
INSERT INTO Evento(EventoID,Descricao, Data, Admissao, Quarto) VALUES (1941, "descricao","14/10/1987 3:29:9" ,200, 205);
INSERT INTO Internamento( EventoID, Motivo, DataFim, Ativo) VALUES (1941,"Common cold",NULL,1);
INSERT INTO Evento(EventoID,Descricao, Data, Admissao, Quarto) VALUES (1942, "descricao","14/10/1987 15:56:28" ,224, 184);
INSERT INTO Internamento( EventoID, Motivo, DataFim, Ativo) VALUES (1942,"Chickenpox","16/11/1987 17:57:50",0);
INSERT INTO Evento(EventoID,Descricao, Data, Admissao, Quarto) VALUES (1943, "descricao","3/3/1997 0:17:17" ,25, 210);
INSERT INTO Internamento( EventoID, Motivo, DataFim, Ativo) VALUES (1943,"Malaria","6/5/2000 2:23:33",0);
INSERT INTO Evento(EventoID,Descricao, Data, Admissao, Quarto) VALUES (1944, "descricao","2/1/1999 9:16:45" ,7, 113);
INSERT INTO Internamento( EventoID, Motivo, DataFim, Ativo) VALUES (1944,"Rheumatic fever","4/1/2001 11:41:57",0);
INSERT INTO Evento(EventoID,Descricao, Data, Admissao, Quarto) VALUES (1945, "descricao","9/2/1997 12:51:51" ,161, 150);
INSERT INTO Internamento( EventoID, Motivo, DataFim, Ativo) VALUES (1945,"Varicella","9/3/1998 14:58:61",0);
INSERT INTO Evento(EventoID,Descricao, Data, Admissao, Quarto) VALUES (1946, "descricao","8/2/1989 7:19:20" ,412, 172);
INSERT INTO Internamento( EventoID, Motivo, DataFim, Ativo) VALUES (1946,"Neoplasm",NULL,1);
INSERT INTO Evento(EventoID,Descricao, Data, Admissao, Quarto) VALUES (1947, "descricao","22/6/1998 15:7:23" ,497, 157);
INSERT INTO Internamento( EventoID, Motivo, DataFim, Ativo) VALUES (1947,"Rheumatism","25/6/2001 16:37:52",0);
INSERT INTO Evento(EventoID,Descricao, Data, Admissao, Quarto) VALUES (1948, "descricao","27/7/1971 2:8:44" ,263, 157);
INSERT INTO Internamento( EventoID, Motivo, DataFim, Ativo) VALUES (1948,"Hypermetropia","27/9/1973 3:19:68",0);
INSERT INTO Evento(EventoID,Descricao, Data, Admissao, Quarto) VALUES (1949, "descricao","13/6/1969 12:37:55" ,177, 208);
INSERT INTO Internamento( EventoID, Motivo, DataFim, Ativo) VALUES (1949,"Appendicitis","14/6/1969 13:41:80",0);
INSERT INTO Evento(EventoID,Descricao, Data, Admissao, Quarto) VALUES (1950, "descricao","12/6/1997 8:47:46" ,498, 173);
INSERT INTO Internamento( EventoID, Motivo, DataFim, Ativo) VALUES (1950,"Scurvy","15/7/2000 9:53:74",0);
INSERT INTO Evento(EventoID,Descricao, Data, Admissao, Quarto) VALUES (1951, "descricao","2/7/2016 14:9:5" ,175, 105);
INSERT INTO Internamento( EventoID, Motivo, DataFim, Ativo) VALUES (1951,"Hepatitis C","3/8/2018 16:10:32",0);
INSERT INTO Evento(EventoID,Descricao, Data, Admissao, Quarto) VALUES (1952, "descricao","15/9/1965 21:33:57" ,253, 206);
INSERT INTO Internamento( EventoID, Motivo, DataFim, Ativo) VALUES (1952,"Gastroenteritis","17/9/1966 22:51:63",0);
INSERT INTO Evento(EventoID,Descricao, Data, Admissao, Quarto) VALUES (1953, "descricao","13/12/2014 16:11:24" ,326, 121);
INSERT INTO Internamento( EventoID, Motivo, DataFim, Ativo) VALUES (1953,"Mattticular syndrome","14/13/2015 18:25:38",0);
INSERT INTO Evento(EventoID,Descricao, Data, Admissao, Quarto) VALUES (1954, "descricao","18/3/1973 1:11:14" ,18, 163);
INSERT INTO Internamento( EventoID, Motivo, DataFim, Ativo) VALUES (1954,"Salmonellosis","21/4/1976 3:32:27",0);
INSERT INTO Evento(EventoID,Descricao, Data, Admissao, Quarto) VALUES (1955, "descricao","20/1/1993 8:21:38" ,488, 163);
INSERT INTO Internamento( EventoID, Motivo, DataFim, Ativo) VALUES (1955,"Multiple sclerosis","23/3/1996 9:31:51",0);
INSERT INTO Evento(EventoID,Descricao, Data, Admissao, Quarto) VALUES (1956, "descricao","7/10/1987 9:42:47" ,349, 102);
INSERT INTO Internamento( EventoID, Motivo, DataFim, Ativo) VALUES (1956,"Lung cancer","10/11/1989 10:72:67",0);
INSERT INTO Evento(EventoID,Descricao, Data, Admissao, Quarto) VALUES (1957, "descricao","26/6/2002 6:42:59" ,154, 142);
INSERT INTO Internamento( EventoID, Motivo, DataFim, Ativo) VALUES (1957,"Porphyria","28/6/2002 7:54:65",0);
INSERT INTO Evento(EventoID,Descricao, Data, Admissao, Quarto) VALUES (1958, "descricao","4/3/1968 19:57:11" ,103, 143);
INSERT INTO Internamento( EventoID, Motivo, DataFim, Ativo) VALUES (1958,"Circadian rhythm sleep disorder","4/5/1969 20:65:41",0);
INSERT INTO Evento(EventoID,Descricao, Data, Admissao, Quarto) VALUES (1959, "descricao","23/10/1991 5:8:28" ,14, 104);
INSERT INTO Internamento( EventoID, Motivo, DataFim, Ativo) VALUES (1959,"Siderosis","26/12/1992 7:23:42",0);
INSERT INTO Evento(EventoID,Descricao, Data, Admissao, Quarto) VALUES (1960, "descricao","11/12/1997 12:37:41" ,106, 184);
INSERT INTO Internamento( EventoID, Motivo, DataFim, Ativo) VALUES (1960,"Pulmonary embolism",NULL,1);
INSERT INTO Evento(EventoID,Descricao, Data, Admissao, Quarto) VALUES (1961, "descricao","6/10/2000 6:4:20" ,320, 225);
INSERT INTO Internamento( EventoID, Motivo, DataFim, Ativo) VALUES (1961,"Dengue Fever","9/12/2002 8:28:40",0);
INSERT INTO Evento(EventoID,Descricao, Data, Admissao, Quarto) VALUES (1962, "descricao","25/12/2003 21:48:15" ,75, 239);
INSERT INTO Internamento( EventoID, Motivo, DataFim, Ativo) VALUES (1962,"Coeliac disease","27/12/2004 22:48:35",0);
INSERT INTO Evento(EventoID,Descricao, Data, Admissao, Quarto) VALUES (1963, "descricao","7/5/1968 0:27:33" ,9, 174);
INSERT INTO Internamento( EventoID, Motivo, DataFim, Ativo) VALUES (1963,"Leukemia","7/7/1969 2:50:34",0);
INSERT INTO Evento(EventoID,Descricao, Data, Admissao, Quarto) VALUES (1964, "descricao","9/6/2003 22:16:21" ,299, 166);
INSERT INTO Internamento( EventoID, Motivo, DataFim, Ativo) VALUES (1964,"Histiocytosis (childhood cancer)","12/7/2005 23:39:47",0);
INSERT INTO Evento(EventoID,Descricao, Data, Admissao, Quarto) VALUES (1965, "descricao","22/5/2002 16:31:17" ,239, 116);
INSERT INTO Internamento( EventoID, Motivo, DataFim, Ativo) VALUES (1965,"Coeliac disease",NULL,1);
INSERT INTO Evento(EventoID,Descricao, Data, Admissao, Quarto) VALUES (1966, "descricao","23/8/2009 13:49:47" ,416, 167);
INSERT INTO Internamento( EventoID, Motivo, DataFim, Ativo) VALUES (1966,"SARS","25/8/2011 14:50:75",0);
INSERT INTO Evento(EventoID,Descricao, Data, Admissao, Quarto) VALUES (1967, "descricao","24/3/1987 14:44:52" ,319, 196);
INSERT INTO Internamento( EventoID, Motivo, DataFim, Ativo) VALUES (1967,"Hepatitis D","27/3/1989 16:58:64",0);
INSERT INTO Evento(EventoID,Descricao, Data, Admissao, Quarto) VALUES (1968, "descricao","22/3/1996 9:13:15" ,345, 248);
INSERT INTO Internamento( EventoID, Motivo, DataFim, Ativo) VALUES (1968,"Alzheimer's disease","23/3/1999 10:24:41",0);
INSERT INTO Evento(EventoID,Descricao, Data, Admissao, Quarto) VALUES (1969, "descricao","5/6/1983 12:5:0" ,434, 175);
INSERT INTO Internamento( EventoID, Motivo, DataFim, Ativo) VALUES (1969,"Hypermetropia",NULL,1);
INSERT INTO Evento(EventoID,Descricao, Data, Admissao, Quarto) VALUES (1970, "descricao","4/7/1994 4:33:15" ,165, 247);
INSERT INTO Internamento( EventoID, Motivo, DataFim, Ativo) VALUES (1970,"Otitis",NULL,1);
INSERT INTO Evento(EventoID,Descricao, Data, Admissao, Quarto) VALUES (1971, "descricao","3/3/2002 1:42:47" ,376, 194);
INSERT INTO Internamento( EventoID, Motivo, DataFim, Ativo) VALUES (1971,"Multiple sclerosis","3/5/2002 3:56:59",0);
INSERT INTO Evento(EventoID,Descricao, Data, Admissao, Quarto) VALUES (1972, "descricao","25/3/1960 8:53:24" ,256, 105);
INSERT INTO Internamento( EventoID, Motivo, DataFim, Ativo) VALUES (1972,"Strabismus","25/3/1961 9:75:45",0);
INSERT INTO Evento(EventoID,Descricao, Data, Admissao, Quarto) VALUES (1973, "descricao","1/11/1961 19:41:13" ,275, 139);
INSERT INTO Internamento( EventoID, Motivo, DataFim, Ativo) VALUES (1973,"Shingles",NULL,1);
INSERT INTO Evento(EventoID,Descricao, Data, Admissao, Quarto) VALUES (1974, "descricao","7/3/1962 4:16:3" ,204, 129);
INSERT INTO Internamento( EventoID, Motivo, DataFim, Ativo) VALUES (1974,"Viral fever","10/3/1964 5:22:13",0);
INSERT INTO Evento(EventoID,Descricao, Data, Admissao, Quarto) VALUES (1975, "descricao","24/5/1994 0:17:58" ,16, 210);
INSERT INTO Internamento( EventoID, Motivo, DataFim, Ativo) VALUES (1975,"Viral meningitis",NULL,1);
INSERT INTO Evento(EventoID,Descricao, Data, Admissao, Quarto) VALUES (1976, "descricao","11/4/1995 20:13:24" ,149, 213);
INSERT INTO Internamento( EventoID, Motivo, DataFim, Ativo) VALUES (1976,"Pulmonary embolism","12/5/1995 21:36:29",0);
INSERT INTO Evento(EventoID,Descricao, Data, Admissao, Quarto) VALUES (1977, "descricao","16/12/2017 13:53:35" ,363, 167);
INSERT INTO Internamento( EventoID, Motivo, DataFim, Ativo) VALUES (1977,"Thrush",NULL,1);
INSERT INTO Evento(EventoID,Descricao, Data, Admissao, Quarto) VALUES (1978, "descricao","24/6/1968 22:22:23" ,171, 169);
INSERT INTO Internamento( EventoID, Motivo, DataFim, Ativo) VALUES (1978,"Lice",NULL,1);
INSERT INTO Evento(EventoID,Descricao, Data, Admissao, Quarto) VALUES (1979, "descricao","21/3/2014 4:16:12" ,155, 145);
INSERT INTO Internamento( EventoID, Motivo, DataFim, Ativo) VALUES (1979,"Breast cancer","23/4/2017 5:44:32",0);
INSERT INTO Evento(EventoID,Descricao, Data, Admissao, Quarto) VALUES (1980, "descricao","16/2/2005 1:46:16" ,149, 242);
INSERT INTO Internamento( EventoID, Motivo, DataFim, Ativo) VALUES (1980,"Hypotonia",NULL,1);
INSERT INTO Evento(EventoID,Descricao, Data, Admissao, Quarto) VALUES (1981, "descricao","18/1/1993 16:6:12" ,493, 192);
INSERT INTO Internamento( EventoID, Motivo, DataFim, Ativo) VALUES (1981,"Stomach flu",NULL,1);
INSERT INTO Evento(EventoID,Descricao, Data, Admissao, Quarto) VALUES (1982, "descricao","7/6/1996 20:9:17" ,342, 190);
INSERT INTO Internamento( EventoID, Motivo, DataFim, Ativo) VALUES (1982,"Rheumatoid arthritis",NULL,1);
INSERT INTO Evento(EventoID,Descricao, Data, Admissao, Quarto) VALUES (1983, "descricao","21/3/1995 2:41:21" ,111, 205);
INSERT INTO Internamento( EventoID, Motivo, DataFim, Ativo) VALUES (1983,"Diabetes mellitus",NULL,1);
INSERT INTO Evento(EventoID,Descricao, Data, Admissao, Quarto) VALUES (1984, "descricao","23/3/1994 4:11:18" ,274, 244);
INSERT INTO Internamento( EventoID, Motivo, DataFim, Ativo) VALUES (1984,"Gastroenteritis","24/4/1997 5:18:29",0);
INSERT INTO Evento(EventoID,Descricao, Data, Admissao, Quarto) VALUES (1985, "descricao","1/3/1989 2:38:37" ,455, 179);
INSERT INTO Internamento( EventoID, Motivo, DataFim, Ativo) VALUES (1985,"Hyperopia",NULL,1);
INSERT INTO Evento(EventoID,Descricao, Data, Admissao, Quarto) VALUES (1986, "descricao","17/6/2002 3:9:3" ,456, 173);
INSERT INTO Internamento( EventoID, Motivo, DataFim, Ativo) VALUES (1986,"Lupus erythematosus",NULL,1);
INSERT INTO Evento(EventoID,Descricao, Data, Admissao, Quarto) VALUES (1987, "descricao","12/7/1999 12:16:42" ,98, 166);
INSERT INTO Internamento( EventoID, Motivo, DataFim, Ativo) VALUES (1987,"Siderosis","13/7/2001 13:26:49",0);
INSERT INTO Evento(EventoID,Descricao, Data, Admissao, Quarto) VALUES (1988, "descricao","4/7/1995 9:55:50" ,257, 224);
INSERT INTO Internamento( EventoID, Motivo, DataFim, Ativo) VALUES (1988,"Synovitis","4/8/1997 11:79:70",0);
INSERT INTO Evento(EventoID,Descricao, Data, Admissao, Quarto) VALUES (1989, "descricao","6/9/1967 1:20:29" ,12, 206);
INSERT INTO Internamento( EventoID, Motivo, DataFim, Ativo) VALUES (1989,"Thrush",NULL,1);
INSERT INTO Evento(EventoID,Descricao, Data, Admissao, Quarto) VALUES (1990, "descricao","3/2/1991 9:3:30" ,319, 198);
INSERT INTO Internamento( EventoID, Motivo, DataFim, Ativo) VALUES (1990,"Stomach flu",NULL,1);
INSERT INTO Evento(EventoID,Descricao, Data, Admissao, Quarto) VALUES (1991, "descricao","15/4/2009 6:45:53" ,163, 111);
INSERT INTO Internamento( EventoID, Motivo, DataFim, Ativo) VALUES (1991,"Lung cancer","16/6/2010 8:65:83",0);
INSERT INTO Evento(EventoID,Descricao, Data, Admissao, Quarto) VALUES (1992, "descricao","22/8/2012 2:55:42" ,69, 138);
INSERT INTO Internamento( EventoID, Motivo, DataFim, Ativo) VALUES (1992,"Limbtoosa",NULL,1);
INSERT INTO Evento(EventoID,Descricao, Data, Admissao, Quarto) VALUES (1993, "descricao","10/11/1986 14:23:21" ,142, 216);
INSERT INTO Internamento( EventoID, Motivo, DataFim, Ativo) VALUES (1993,"Epilepsy",NULL,1);
INSERT INTO Evento(EventoID,Descricao, Data, Admissao, Quarto) VALUES (1994, "descricao","3/2/2009 22:41:13" ,448, 112);
INSERT INTO Internamento( EventoID, Motivo, DataFim, Ativo) VALUES (1994,"Common cold","6/4/2010 23:51:15",0);
INSERT INTO Evento(EventoID,Descricao, Data, Admissao, Quarto) VALUES (1995, "descricao","8/4/2011 10:15:1" ,13, 127);
INSERT INTO Internamento( EventoID, Motivo, DataFim, Ativo) VALUES (1995,"Lyme disease","8/6/2012 11:21:16",0);
INSERT INTO Evento(EventoID,Descricao, Data, Admissao, Quarto) VALUES (1996, "descricao","15/1/1963 1:6:28" ,54, 145);
INSERT INTO Internamento( EventoID, Motivo, DataFim, Ativo) VALUES (1996,"Osteoporosis","15/2/1963 3:27:40",0);
INSERT INTO Evento(EventoID,Descricao, Data, Admissao, Quarto) VALUES (1997, "descricao","23/10/1985 14:9:3" ,52, 163);
INSERT INTO Internamento( EventoID, Motivo, DataFim, Ativo) VALUES (1997,"Necrotizing Fasciitis","23/10/1986 16:14:7",0);
INSERT INTO Evento(EventoID,Descricao, Data, Admissao, Quarto) VALUES (1998, "descricao","10/9/2019 2:8:51" ,269, 242);
INSERT INTO Internamento( EventoID, Motivo, DataFim, Ativo) VALUES (1998,"Rheumatoid arthritis","13/10/2021 4:20:59",0);
INSERT INTO Evento(EventoID,Descricao, Data, Admissao, Quarto) VALUES (1999, "descricao","6/8/1965 11:55:17" ,461, 133);
INSERT INTO Internamento( EventoID, Motivo, DataFim, Ativo) VALUES (1999,"Ignious Syndrome","6/10/1966 12:61:19",0);
INSERT INTO Evento(EventoID,Descricao, Data, Admissao, Quarto) VALUES (2000, "descricao","6/2/2008 11:46:50" ,75, 134);
INSERT INTO Internamento( EventoID, Motivo, DataFim, Ativo) VALUES (2000,"Scabies","9/3/2008 13:52:53",0);
INSERT INTO Evento(EventoID,Descricao, Data, Admissao, Quarto) VALUES (2001, "descricao","13/11/1986 23:59:24" ,67, 110);
INSERT INTO Internamento( EventoID, Motivo, DataFim, Ativo) VALUES (2001,"Synovitis","15/13/1986 25:76:28",0);
INSERT INTO Evento(EventoID,Descricao, Data, Admissao, Quarto) VALUES (2002, "descricao","22/9/1996 5:29:20" ,171, 196);
INSERT INTO Internamento( EventoID, Motivo, DataFim, Ativo) VALUES (2002,"Stomach flu","24/11/1998 6:51:43",0);
INSERT INTO Evento(EventoID,Descricao, Data, Admissao, Quarto) VALUES (2003, "descricao","26/4/2008 3:17:21" ,155, 111);
INSERT INTO Internamento( EventoID, Motivo, DataFim, Ativo) VALUES (2003,"Marburg fever","29/5/2008 4:20:27",0);
INSERT INTO Evento(EventoID,Descricao, Data, Admissao, Quarto) VALUES (2004, "descricao","3/9/2002 18:38:6" ,97, 181);
INSERT INTO Internamento( EventoID, Motivo, DataFim, Ativo) VALUES (2004,"Marburg fever","4/10/2002 19:51:32",0);
INSERT INTO Evento(EventoID,Descricao, Data, Admissao, Quarto) VALUES (2005, "descricao","23/9/1979 7:5:35" ,216, 229);
INSERT INTO Internamento( EventoID, Motivo, DataFim, Ativo) VALUES (2005,"Abscess","24/9/1979 9:26:59",0);
INSERT INTO Evento(EventoID,Descricao, Data, Admissao, Quarto) VALUES (2006, "descricao","21/7/1972 8:54:2" ,188, 145);
INSERT INTO Internamento( EventoID, Motivo, DataFim, Ativo) VALUES (2006,"Ignious Syndrome","22/7/1973 9:80:30",0);
INSERT INTO Evento(EventoID,Descricao, Data, Admissao, Quarto) VALUES (2007, "descricao","10/8/1982 11:24:16" ,442, 114);
INSERT INTO Internamento( EventoID, Motivo, DataFim, Ativo) VALUES (2007,"Palindromic rheumatism",NULL,1);
INSERT INTO Evento(EventoID,Descricao, Data, Admissao, Quarto) VALUES (2008, "descricao","23/12/1995 7:41:52" ,67, 226);
INSERT INTO Internamento( EventoID, Motivo, DataFim, Ativo) VALUES (2008,"Tumor","26/13/1995 8:54:67",0);
INSERT INTO Evento(EventoID,Descricao, Data, Admissao, Quarto) VALUES (2009, "descricao","24/7/1961 16:13:25" ,91, 121);
INSERT INTO Internamento( EventoID, Motivo, DataFim, Ativo) VALUES (2009,"Malaria",NULL,1);
INSERT INTO Evento(EventoID,Descricao, Data, Admissao, Quarto) VALUES (2010, "descricao","22/11/1997 6:34:52" ,375, 105);
INSERT INTO Internamento( EventoID, Motivo, DataFim, Ativo) VALUES (2010,"Coronary heart disease",NULL,1);
INSERT INTO Evento(EventoID,Descricao, Data, Admissao, Quarto) VALUES (2011, "descricao","14/4/1988 14:13:21" ,213, 117);
INSERT INTO Internamento( EventoID, Motivo, DataFim, Ativo) VALUES (2011,"Watkins","16/6/1988 16:24:32",0);
INSERT INTO Evento(EventoID,Descricao, Data, Admissao, Quarto) VALUES (2012, "descricao","4/9/2016 8:11:30" ,159, 107);
INSERT INTO Internamento( EventoID, Motivo, DataFim, Ativo) VALUES (2012,"Tennis elbow","6/9/2018 10:32:38",0);
INSERT INTO Evento(EventoID,Descricao, Data, Admissao, Quarto) VALUES (2013, "descricao","4/3/1979 2:46:9" ,449, 105);
INSERT INTO Internamento( EventoID, Motivo, DataFim, Ativo) VALUES (2013,"Prostatitis",NULL,1);
INSERT INTO Evento(EventoID,Descricao, Data, Admissao, Quarto) VALUES (2014, "descricao","13/3/1962 20:14:37" ,286, 130);
INSERT INTO Internamento( EventoID, Motivo, DataFim, Ativo) VALUES (2014,"Strabismus","15/4/1963 22:29:52",0);
INSERT INTO Evento(EventoID,Descricao, Data, Admissao, Quarto) VALUES (2015, "descricao","14/6/1964 5:34:5" ,45, 160);
INSERT INTO Internamento( EventoID, Motivo, DataFim, Ativo) VALUES (2015,"Campylobacter infection","15/6/1966 6:55:5",0);
INSERT INTO Evento(EventoID,Descricao, Data, Admissao, Quarto) VALUES (2016, "descricao","7/10/2017 15:32:58" ,102, 192);
INSERT INTO Internamento( EventoID, Motivo, DataFim, Ativo) VALUES (2016,"Peritonitis",NULL,1);
INSERT INTO Evento(EventoID,Descricao, Data, Admissao, Quarto) VALUES (2017, "descricao","6/4/1965 1:23:32" ,44, 193);
INSERT INTO Internamento( EventoID, Motivo, DataFim, Ativo) VALUES (2017,"Cowpox","6/4/1965 2:26:43",0);
INSERT INTO Evento(EventoID,Descricao, Data, Admissao, Quarto) VALUES (2018, "descricao","1/6/2013 6:59:1" ,257, 129);
INSERT INTO Internamento( EventoID, Motivo, DataFim, Ativo) VALUES (2018,"Prostatitis","3/7/2013 8:65:12",0);
INSERT INTO Evento(EventoID,Descricao, Data, Admissao, Quarto) VALUES (2019, "descricao","16/8/2019 18:36:6" ,24, 149);
INSERT INTO Internamento( EventoID, Motivo, DataFim, Ativo) VALUES (2019,"Synovitis","16/10/2021 19:61:32",0);
INSERT INTO Evento(EventoID,Descricao, Data, Admissao, Quarto) VALUES (2020, "descricao","3/6/1988 12:52:29" ,223, 185);
INSERT INTO Internamento( EventoID, Motivo, DataFim, Ativo) VALUES (2020,"Foodborne illness","5/6/1989 13:66:46",0);
INSERT INTO Evento(EventoID,Descricao, Data, Admissao, Quarto) VALUES (2021, "descricao","17/6/2002 13:56:13" ,316, 136);
INSERT INTO Internamento( EventoID, Motivo, DataFim, Ativo) VALUES (2021,"Hepatitis C","17/8/2004 15:73:30",0);
INSERT INTO Evento(EventoID,Descricao, Data, Admissao, Quarto) VALUES (2022, "descricao","5/1/2003 11:42:2" ,86, 182);
INSERT INTO Internamento( EventoID, Motivo, DataFim, Ativo) VALUES (2022,"Fibromyalgia",NULL,1);
INSERT INTO Evento(EventoID,Descricao, Data, Admissao, Quarto) VALUES (2023, "descricao","27/7/2007 14:32:6" ,361, 181);
INSERT INTO Internamento( EventoID, Motivo, DataFim, Ativo) VALUES (2023,"Atherosclerosis",NULL,1);
INSERT INTO Evento(EventoID,Descricao, Data, Admissao, Quarto) VALUES (2024, "descricao","9/12/1970 17:49:20" ,70, 206);
INSERT INTO Internamento( EventoID, Motivo, DataFim, Ativo) VALUES (2024,"Peritonitis","12/14/1973 19:79:38",0);
INSERT INTO Evento(EventoID,Descricao, Data, Admissao, Quarto) VALUES (2025, "descricao","20/6/2014 9:19:50" ,279, 129);
INSERT INTO Internamento( EventoID, Motivo, DataFim, Ativo) VALUES (2025,"Typhoid fever","20/8/2017 10:45:67",0);
INSERT INTO Evento(EventoID,Descricao, Data, Admissao, Quarto) VALUES (2026, "descricao","14/8/2018 22:11:14" ,225, 134);
INSERT INTO Internamento( EventoID, Motivo, DataFim, Ativo) VALUES (2026,"Epilepsy",NULL,1);
INSERT INTO Evento(EventoID,Descricao, Data, Admissao, Quarto) VALUES (2027, "descricao","27/11/1995 20:20:28" ,115, 211);
INSERT INTO Internamento( EventoID, Motivo, DataFim, Ativo) VALUES (2027,"Huntington's disease","29/12/1998 21:39:37",0);
INSERT INTO Evento(EventoID,Descricao, Data, Admissao, Quarto) VALUES (2028, "descricao","15/12/1963 8:36:33" ,103, 167);
INSERT INTO Internamento( EventoID, Motivo, DataFim, Ativo) VALUES (2028,"Kwashiorkor","17/13/1966 10:40:46",0);
INSERT INTO Evento(EventoID,Descricao, Data, Admissao, Quarto) VALUES (2029, "descricao","6/4/1987 16:50:18" ,84, 229);
INSERT INTO Internamento( EventoID, Motivo, DataFim, Ativo) VALUES (2029,"Shin splints","6/5/1989 17:66:24",0);
INSERT INTO Evento(EventoID,Descricao, Data, Admissao, Quarto) VALUES (2030, "descricao","24/4/1960 23:43:26" ,485, 242);
INSERT INTO Internamento( EventoID, Motivo, DataFim, Ativo) VALUES (2030,"Swine influenza","26/6/1961 24:66:38",0);
INSERT INTO Evento(EventoID,Descricao, Data, Admissao, Quarto) VALUES (2031, "descricao","16/11/2006 21:50:49" ,258, 152);
INSERT INTO Internamento( EventoID, Motivo, DataFim, Ativo) VALUES (2031,"Emphysema","19/12/2006 22:75:75",0);
INSERT INTO Evento(EventoID,Descricao, Data, Admissao, Quarto) VALUES (2032, "descricao","22/7/2001 22:51:27" ,353, 135);
INSERT INTO Internamento( EventoID, Motivo, DataFim, Ativo) VALUES (2032,"Rheumatoid arthritis","22/9/2004 24:78:56",0);
INSERT INTO Evento(EventoID,Descricao, Data, Admissao, Quarto) VALUES (2033, "descricao","22/3/2015 15:49:4" ,74, 198);
INSERT INTO Internamento( EventoID, Motivo, DataFim, Ativo) VALUES (2033,"Legionellosis","23/3/2018 16:55:13",0);
INSERT INTO Evento(EventoID,Descricao, Data, Admissao, Quarto) VALUES (2034, "descricao","8/4/1992 22:20:56" ,212, 218);
INSERT INTO Internamento( EventoID, Motivo, DataFim, Ativo) VALUES (2034,"Marburg fever","9/4/1995 24:49:59",0);
INSERT INTO Evento(EventoID,Descricao, Data, Admissao, Quarto) VALUES (2035, "descricao","6/7/2000 22:1:15" ,423, 149);
INSERT INTO Internamento( EventoID, Motivo, DataFim, Ativo) VALUES (2035,"Cowpox","8/8/2001 24:22:41",0);
INSERT INTO Evento(EventoID,Descricao, Data, Admissao, Quarto) VALUES (2036, "descricao","28/4/1973 21:7:36" ,131, 205);
INSERT INTO Internamento( EventoID, Motivo, DataFim, Ativo) VALUES (2036,"Gonorrhea","28/4/1973 23:34:50",0);
INSERT INTO Evento(EventoID,Descricao, Data, Admissao, Quarto) VALUES (2037, "descricao","4/8/1983 20:29:32" ,148, 158);
INSERT INTO Internamento( EventoID, Motivo, DataFim, Ativo) VALUES (2037,"Periodontal disease","7/10/1985 21:47:57",0);
INSERT INTO Evento(EventoID,Descricao, Data, Admissao, Quarto) VALUES (2038, "descricao","8/10/1960 22:59:0" ,179, 188);
INSERT INTO Internamento( EventoID, Motivo, DataFim, Ativo) VALUES (2038,"Ulcerative colitis","8/12/1963 24:75:0",0);
INSERT INTO Evento(EventoID,Descricao, Data, Admissao, Quarto) VALUES (2039, "descricao","1/6/2012 17:22:48" ,9, 245);
INSERT INTO Internamento( EventoID, Motivo, DataFim, Ativo) VALUES (2039,"pneumonia","4/8/2012 18:51:52",0);
INSERT INTO Evento(EventoID,Descricao, Data, Admissao, Quarto) VALUES (2040, "descricao","13/7/1975 7:31:24" ,231, 161);
INSERT INTO Internamento( EventoID, Motivo, DataFim, Ativo) VALUES (2040,"Rheumatic heart","13/9/1978 9:56:32",0);
INSERT INTO Evento(EventoID,Descricao, Data, Admissao, Quarto) VALUES (2041, "descricao","6/2/1990 11:49:47" ,213, 162);
INSERT INTO Internamento( EventoID, Motivo, DataFim, Ativo) VALUES (2041,"Trichinosis",NULL,1);
INSERT INTO Evento(EventoID,Descricao, Data, Admissao, Quarto) VALUES (2042, "descricao","26/8/1961 6:19:35" ,67, 136);
INSERT INTO Internamento( EventoID, Motivo, DataFim, Ativo) VALUES (2042,"Multiple sclerosis","28/10/1961 8:35:44",0);
INSERT INTO Evento(EventoID,Descricao, Data, Admissao, Quarto) VALUES (2043, "descricao","3/9/2011 6:28:5" ,403, 108);
INSERT INTO Internamento( EventoID, Motivo, DataFim, Ativo) VALUES (2043,"Alzheimer's disease","5/10/2011 8:36:9",0);
INSERT INTO Evento(EventoID,Descricao, Data, Admissao, Quarto) VALUES (2044, "descricao","25/5/1977 7:12:15" ,145, 170);
INSERT INTO Internamento( EventoID, Motivo, DataFim, Ativo) VALUES (2044,"Crohn's Disease","27/5/1979 9:26:43",0);
INSERT INTO Evento(EventoID,Descricao, Data, Admissao, Quarto) VALUES (2045, "descricao","16/4/2011 12:29:49" ,37, 182);
INSERT INTO Internamento( EventoID, Motivo, DataFim, Ativo) VALUES (2045,"Synovitis","19/6/2014 14:30:64",0);
INSERT INTO Evento(EventoID,Descricao, Data, Admissao, Quarto) VALUES (2046, "descricao","22/8/1996 16:52:32" ,123, 150);
INSERT INTO Internamento( EventoID, Motivo, DataFim, Ativo) VALUES (2046,"Lung cancer","23/10/1996 17:72:32",0);
INSERT INTO Evento(EventoID,Descricao, Data, Admissao, Quarto) VALUES (2047, "descricao","25/12/1967 10:27:8" ,21, 187);
INSERT INTO Internamento( EventoID, Motivo, DataFim, Ativo) VALUES (2047,"Q fever",NULL,1);
INSERT INTO Evento(EventoID,Descricao, Data, Admissao, Quarto) VALUES (2048, "descricao","14/4/1997 7:3:2" ,243, 230);
INSERT INTO Internamento( EventoID, Motivo, DataFim, Ativo) VALUES (2048,"Migraine","15/4/1999 8:30:32",0);
INSERT INTO Evento(EventoID,Descricao, Data, Admissao, Quarto) VALUES (2049, "descricao","16/1/1993 20:28:48" ,219, 105);
INSERT INTO Internamento( EventoID, Motivo, DataFim, Ativo) VALUES (2049,"Chordoma","18/2/1993 22:30:63",0);
INSERT INTO Evento(EventoID,Descricao, Data, Admissao, Quarto) VALUES (2050, "descricao","16/10/1991 2:10:12" ,371, 212);
INSERT INTO Internamento( EventoID, Motivo, DataFim, Ativo) VALUES (2050,"Stomach flu","16/11/1992 3:40:24",0);
INSERT INTO Evento(EventoID,Descricao, Data, Admissao, Quarto) VALUES (2051, "descricao","8/7/2017 19:23:2" ,446, 236);
INSERT INTO Internamento( EventoID, Motivo, DataFim, Ativo) VALUES (2051,"Stomach flu","11/9/2020 21:38:3",0);
INSERT INTO Evento(EventoID,Descricao, Data, Admissao, Quarto) VALUES (2052, "descricao","9/5/1999 9:45:47" ,253, 174);
INSERT INTO Internamento( EventoID, Motivo, DataFim, Ativo) VALUES (2052,"Dehydration","12/6/2001 11:46:51",0);
INSERT INTO Evento(EventoID,Descricao, Data, Admissao, Quarto) VALUES (2053, "descricao","23/12/1982 7:52:48" ,371, 104);
INSERT INTO Internamento( EventoID, Motivo, DataFim, Ativo) VALUES (2053,"Porphyria","25/14/1982 8:72:56",0);
INSERT INTO Evento(EventoID,Descricao, Data, Admissao, Quarto) VALUES (2054, "descricao","3/5/1976 16:36:26" ,387, 115);
INSERT INTO Internamento( EventoID, Motivo, DataFim, Ativo) VALUES (2054,"Gonorrhea",NULL,1);
INSERT INTO Evento(EventoID,Descricao, Data, Admissao, Quarto) VALUES (2055, "descricao","22/8/1961 3:0:17" ,482, 132);
INSERT INTO Internamento( EventoID, Motivo, DataFim, Ativo) VALUES (2055,"Pertussis","23/10/1962 5:30:17",0);
INSERT INTO Evento(EventoID,Descricao, Data, Admissao, Quarto) VALUES (2056, "descricao","17/5/2001 0:14:17" ,203, 193);
INSERT INTO Internamento( EventoID, Motivo, DataFim, Ativo) VALUES (2056,"Muscular dystrophy","18/5/2003 1:27:42",0);
INSERT INTO Evento(EventoID,Descricao, Data, Admissao, Quarto) VALUES (2057, "descricao","21/10/2003 16:33:35" ,237, 172);
INSERT INTO Internamento( EventoID, Motivo, DataFim, Ativo) VALUES (2057,"pneumonia","21/11/2006 17:61:45",0);
INSERT INTO Evento(EventoID,Descricao, Data, Admissao, Quarto) VALUES (2058, "descricao","25/6/1971 11:45:57" ,415, 136);
INSERT INTO Internamento( EventoID, Motivo, DataFim, Ativo) VALUES (2058,"Brucellosis","26/6/1973 13:61:74",0);
INSERT INTO Evento(EventoID,Descricao, Data, Admissao, Quarto) VALUES (2059, "descricao","16/2/1963 5:2:32" ,21, 135);
INSERT INTO Internamento( EventoID, Motivo, DataFim, Ativo) VALUES (2059,"Human papillomavirus","16/3/1963 6:6:44",0);
INSERT INTO Evento(EventoID,Descricao, Data, Admissao, Quarto) VALUES (2060, "descricao","19/10/1982 10:27:58" ,125, 113);
INSERT INTO Internamento( EventoID, Motivo, DataFim, Ativo) VALUES (2060,"Tumor",NULL,1);
INSERT INTO Evento(EventoID,Descricao, Data, Admissao, Quarto) VALUES (2061, "descricao","1/2/1963 18:47:11" ,445, 123);
INSERT INTO Internamento( EventoID, Motivo, DataFim, Ativo) VALUES (2061,"Lyme disease","3/4/1965 19:64:36",0);
INSERT INTO Evento(EventoID,Descricao, Data, Admissao, Quarto) VALUES (2062, "descricao","7/12/2015 23:47:31" ,50, 102);
INSERT INTO Internamento( EventoID, Motivo, DataFim, Ativo) VALUES (2062,"Mononucleosis",NULL,1);
INSERT INTO Evento(EventoID,Descricao, Data, Admissao, Quarto) VALUES (2063, "descricao","12/6/1992 8:55:47" ,57, 126);
INSERT INTO Internamento( EventoID, Motivo, DataFim, Ativo) VALUES (2063,"Scleroderma","14/6/1994 10:72:64",0);
INSERT INTO Evento(EventoID,Descricao, Data, Admissao, Quarto) VALUES (2064, "descricao","9/10/2005 9:54:35" ,333, 106);
INSERT INTO Internamento( EventoID, Motivo, DataFim, Ativo) VALUES (2064,"Hepatitis B",NULL,1);
INSERT INTO Evento(EventoID,Descricao, Data, Admissao, Quarto) VALUES (2065, "descricao","19/5/1960 0:2:29" ,228, 176);
INSERT INTO Internamento( EventoID, Motivo, DataFim, Ativo) VALUES (2065,"Tuberculosis","20/6/1960 1:22:51",0);
INSERT INTO Evento(EventoID,Descricao, Data, Admissao, Quarto) VALUES (2066, "descricao","7/12/2011 3:37:12" ,336, 192);
INSERT INTO Internamento( EventoID, Motivo, DataFim, Ativo) VALUES (2066,"Neoplasm","7/12/2012 5:46:30",0);
INSERT INTO Evento(EventoID,Descricao, Data, Admissao, Quarto) VALUES (2067, "descricao","25/8/2007 22:16:11" ,151, 173);
INSERT INTO Internamento( EventoID, Motivo, DataFim, Ativo) VALUES (2067,"Typhoid fever","25/8/2009 23:43:15",0);
INSERT INTO Evento(EventoID,Descricao, Data, Admissao, Quarto) VALUES (2068, "descricao","1/1/1984 21:50:1" ,269, 126);
INSERT INTO Internamento( EventoID, Motivo, DataFim, Ativo) VALUES (2068,"Interstitial cystitis",NULL,1);
INSERT INTO Evento(EventoID,Descricao, Data, Admissao, Quarto) VALUES (2069, "descricao","17/12/1988 16:53:44" ,115, 208);
INSERT INTO Internamento( EventoID, Motivo, DataFim, Ativo) VALUES (2069,"Thrush","19/12/1990 17:54:71",0);
INSERT INTO Evento(EventoID,Descricao, Data, Admissao, Quarto) VALUES (2070, "descricao","15/6/1962 6:57:6" ,205, 160);
INSERT INTO Internamento( EventoID, Motivo, DataFim, Ativo) VALUES (2070,"Myxedema","17/8/1963 8:76:18",0);
INSERT INTO Evento(EventoID,Descricao, Data, Admissao, Quarto) VALUES (2071, "descricao","2/6/1972 15:10:28" ,69, 132);
INSERT INTO Internamento( EventoID, Motivo, DataFim, Ativo) VALUES (2071,"Influenza","2/6/1974 17:33:53",0);
INSERT INTO Evento(EventoID,Descricao, Data, Admissao, Quarto) VALUES (2072, "descricao","6/6/2004 13:33:25" ,152, 125);
INSERT INTO Internamento( EventoID, Motivo, DataFim, Ativo) VALUES (2072,"Chagas disease","8/8/2005 14:62:54",0);
INSERT INTO Evento(EventoID,Descricao, Data, Admissao, Quarto) VALUES (2073, "descricao","4/11/2013 7:44:13" ,65, 129);
INSERT INTO Internamento( EventoID, Motivo, DataFim, Ativo) VALUES (2073,"Lung cancer","4/11/2014 8:56:32",0);
INSERT INTO Evento(EventoID,Descricao, Data, Admissao, Quarto) VALUES (2074, "descricao","10/5/1994 14:43:2" ,371, 110);
INSERT INTO Internamento( EventoID, Motivo, DataFim, Ativo) VALUES (2074,"Limbtoosa","11/5/1996 15:55:20",0);
INSERT INTO Evento(EventoID,Descricao, Data, Admissao, Quarto) VALUES (2075, "descricao","17/3/1993 1:22:59" ,199, 168);
INSERT INTO Internamento( EventoID, Motivo, DataFim, Ativo) VALUES (2075,"GERD",NULL,1);
INSERT INTO Evento(EventoID,Descricao, Data, Admissao, Quarto) VALUES (2076, "descricao","18/12/1973 5:8:38" ,172, 201);
INSERT INTO Internamento( EventoID, Motivo, DataFim, Ativo) VALUES (2076,"Asthma","19/12/1973 6:17:40",0);
INSERT INTO Evento(EventoID,Descricao, Data, Admissao, Quarto) VALUES (2077, "descricao","8/1/1990 20:3:46" ,92, 136);
INSERT INTO Internamento( EventoID, Motivo, DataFim, Ativo) VALUES (2077,"Aseptic meningitis",NULL,1);
INSERT INTO Evento(EventoID,Descricao, Data, Admissao, Quarto) VALUES (2078, "descricao","23/8/2003 7:52:51" ,118, 241);
INSERT INTO Internamento( EventoID, Motivo, DataFim, Ativo) VALUES (2078,"Brucellosis","26/10/2003 8:58:57",0);
INSERT INTO Evento(EventoID,Descricao, Data, Admissao, Quarto) VALUES (2079, "descricao","28/5/1973 14:0:49" ,87, 182);
INSERT INTO Internamento( EventoID, Motivo, DataFim, Ativo) VALUES (2079,"Anthrax","31/6/1974 16:5:76",0);
INSERT INTO Evento(EventoID,Descricao, Data, Admissao, Quarto) VALUES (2080, "descricao","27/4/1974 15:15:12" ,194, 226);
INSERT INTO Internamento( EventoID, Motivo, DataFim, Ativo) VALUES (2080,"Prostatitis","28/6/1975 17:36:17",0);
INSERT INTO Evento(EventoID,Descricao, Data, Admissao, Quarto) VALUES (2081, "descricao","23/3/1974 12:47:1" ,307, 110);
INSERT INTO Internamento( EventoID, Motivo, DataFim, Ativo) VALUES (2081,"Breast cancer","24/5/1976 13:63:9",0);
INSERT INTO Evento(EventoID,Descricao, Data, Admissao, Quarto) VALUES (2082, "descricao","20/3/1970 2:33:17" ,195, 236);
INSERT INTO Internamento( EventoID, Motivo, DataFim, Ativo) VALUES (2082,"Lupus erythematosus","21/3/1971 3:57:30",0);
INSERT INTO Evento(EventoID,Descricao, Data, Admissao, Quarto) VALUES (2083, "descricao","21/3/1967 7:22:25" ,220, 131);
INSERT INTO Internamento( EventoID, Motivo, DataFim, Ativo) VALUES (2083,"Irritable bowel syndrome",NULL,1);
INSERT INTO Evento(EventoID,Descricao, Data, Admissao, Quarto) VALUES (2084, "descricao","2/12/2017 8:9:20" ,164, 110);
INSERT INTO Internamento( EventoID, Motivo, DataFim, Ativo) VALUES (2084,"Psoriasis","4/13/2019 10:25:41",0);
INSERT INTO Evento(EventoID,Descricao, Data, Admissao, Quarto) VALUES (2085, "descricao","6/7/1988 15:45:28" ,237, 115);
INSERT INTO Internamento( EventoID, Motivo, DataFim, Ativo) VALUES (2085,"Tonsillitis",NULL,1);
INSERT INTO Evento(EventoID,Descricao, Data, Admissao, Quarto) VALUES (2086, "descricao","12/3/2005 12:28:52" ,175, 238);
INSERT INTO Internamento( EventoID, Motivo, DataFim, Ativo) VALUES (2086,"Viral fever",NULL,1);
INSERT INTO Evento(EventoID,Descricao, Data, Admissao, Quarto) VALUES (2087, "descricao","12/4/1962 11:20:46" ,71, 174);
INSERT INTO Internamento( EventoID, Motivo, DataFim, Ativo) VALUES (2087,"Vitiligo","13/4/1963 13:39:56",0);
INSERT INTO Evento(EventoID,Descricao, Data, Admissao, Quarto) VALUES (2088, "descricao","27/11/1986 17:13:17" ,198, 246);
INSERT INTO Internamento( EventoID, Motivo, DataFim, Ativo) VALUES (2088,"Chlamydia trachomatis","30/11/1988 18:43:24",0);
INSERT INTO Evento(EventoID,Descricao, Data, Admissao, Quarto) VALUES (2089, "descricao","21/7/1992 21:26:12" ,404, 107);
INSERT INTO Internamento( EventoID, Motivo, DataFim, Ativo) VALUES (2089,"Abscess",NULL,1);
INSERT INTO Evento(EventoID,Descricao, Data, Admissao, Quarto) VALUES (2090, "descricao","22/7/1994 5:16:0" ,55, 173);
INSERT INTO Internamento( EventoID, Motivo, DataFim, Ativo) VALUES (2090,"Huntington's disease",NULL,1);
INSERT INTO Evento(EventoID,Descricao, Data, Admissao, Quarto) VALUES (2091, "descricao","4/12/1987 15:49:47" ,60, 197);
INSERT INTO Internamento( EventoID, Motivo, DataFim, Ativo) VALUES (2091,"Palindromic rheumatism",NULL,1);
INSERT INTO Evento(EventoID,Descricao, Data, Admissao, Quarto) VALUES (2092, "descricao","14/12/2018 19:40:54" ,20, 207);
INSERT INTO Internamento( EventoID, Motivo, DataFim, Ativo) VALUES (2092,"Warts","16/14/2021 20:56:56",0);
INSERT INTO Evento(EventoID,Descricao, Data, Admissao, Quarto) VALUES (2093, "descricao","17/4/1988 19:43:3" ,190, 150);
INSERT INTO Internamento( EventoID, Motivo, DataFim, Ativo) VALUES (2093,"Hepatitis C","19/4/1990 21:50:13",0);
INSERT INTO Evento(EventoID,Descricao, Data, Admissao, Quarto) VALUES (2094, "descricao","24/12/1988 7:47:42" ,481, 233);
INSERT INTO Internamento( EventoID, Motivo, DataFim, Ativo) VALUES (2094,"Goitre","26/12/1990 8:65:72",0);
INSERT INTO Evento(EventoID,Descricao, Data, Admissao, Quarto) VALUES (2095, "descricao","8/10/1994 7:33:31" ,352, 188);
INSERT INTO Internamento( EventoID, Motivo, DataFim, Ativo) VALUES (2095,"Multiple myeloma","10/10/1997 9:33:37",0);
INSERT INTO Evento(EventoID,Descricao, Data, Admissao, Quarto) VALUES (2096, "descricao","27/1/1963 17:13:21" ,342, 163);
INSERT INTO Internamento( EventoID, Motivo, DataFim, Ativo) VALUES (2096,"Epilepsy",NULL,1);
INSERT INTO Evento(EventoID,Descricao, Data, Admissao, Quarto) VALUES (2097, "descricao","21/1/1979 11:42:19" ,431, 113);
INSERT INTO Internamento( EventoID, Motivo, DataFim, Ativo) VALUES (2097,"Tennis elbow","22/3/1979 13:42:27",0);
INSERT INTO Evento(EventoID,Descricao, Data, Admissao, Quarto) VALUES (2098, "descricao","12/6/2018 0:28:10" ,489, 106);
INSERT INTO Internamento( EventoID, Motivo, DataFim, Ativo) VALUES (2098,"Lymphoma","12/8/2021 2:51:39",0);
INSERT INTO Evento(EventoID,Descricao, Data, Admissao, Quarto) VALUES (2099, "descricao","15/3/1980 4:39:6" ,329, 188);
INSERT INTO Internamento( EventoID, Motivo, DataFim, Ativo) VALUES (2099,"Shigellosis","15/4/1983 6:40:8",0);
INSERT INTO Evento(EventoID,Descricao, Data, Admissao, Quarto) VALUES (2100, "descricao","6/1/2007 17:50:40" ,435, 125);
INSERT INTO Internamento( EventoID, Motivo, DataFim, Ativo) VALUES (2100,"Sickle-cell anemia","7/2/2007 19:59:51",0);
INSERT INTO Evento(EventoID,Descricao, Data, Admissao, Quarto) VALUES (2101, "descricao","16/7/1975 21:10:9" ,158, 157);
INSERT INTO Internamento( EventoID, Motivo, DataFim, Ativo) VALUES (2101,"Pulmonary embolism",NULL,1);
INSERT INTO Evento(EventoID,Descricao, Data, Admissao, Quarto) VALUES (2102, "descricao","19/10/1980 21:47:6" ,58, 247);
INSERT INTO Internamento( EventoID, Motivo, DataFim, Ativo) VALUES (2102,"Teratoma","19/11/1983 23:69:36",0);
INSERT INTO Evento(EventoID,Descricao, Data, Admissao, Quarto) VALUES (2103, "descricao","17/7/1996 1:37:29" ,140, 170);
INSERT INTO Internamento( EventoID, Motivo, DataFim, Ativo) VALUES (2103,"Histiocytosis (childhood cancer)","17/7/1998 3:37:30",0);
INSERT INTO Evento(EventoID,Descricao, Data, Admissao, Quarto) VALUES (2104, "descricao","28/7/1999 4:45:52" ,53, 208);
INSERT INTO Internamento( EventoID, Motivo, DataFim, Ativo) VALUES (2104,"Pulmonary embolism","31/8/2002 5:48:75",0);
INSERT INTO Evento(EventoID,Descricao, Data, Admissao, Quarto) VALUES (2105, "descricao","2/6/1979 16:52:58" ,499, 233);
INSERT INTO Internamento( EventoID, Motivo, DataFim, Ativo) VALUES (2105,"Heart disease",NULL,1);
INSERT INTO Evento(EventoID,Descricao, Data, Admissao, Quarto) VALUES (2106, "descricao","10/2/1963 5:21:59" ,401, 165);
INSERT INTO Internamento( EventoID, Motivo, DataFim, Ativo) VALUES (2106,"Smallpox","13/2/1965 7:38:85",0);
INSERT INTO Evento(EventoID,Descricao, Data, Admissao, Quarto) VALUES (2107, "descricao","16/5/2002 5:33:2" ,295, 108);
INSERT INTO Internamento( EventoID, Motivo, DataFim, Ativo) VALUES (2107,"Varicella",NULL,1);
INSERT INTO Evento(EventoID,Descricao, Data, Admissao, Quarto) VALUES (2108, "descricao","25/4/2017 19:48:54" ,66, 218);
INSERT INTO Internamento( EventoID, Motivo, DataFim, Ativo) VALUES (2108,"Tennis elbow","28/5/2019 20:70:67",0);
INSERT INTO Evento(EventoID,Descricao, Data, Admissao, Quarto) VALUES (2109, "descricao","17/12/1966 10:28:40" ,303, 225);
INSERT INTO Internamento( EventoID, Motivo, DataFim, Ativo) VALUES (2109,"Stevens–Johnson syndrome","19/14/1966 11:47:41",0);
INSERT INTO Evento(EventoID,Descricao, Data, Admissao, Quarto) VALUES (2110, "descricao","2/7/1988 9:34:56" ,181, 139);
INSERT INTO Internamento( EventoID, Motivo, DataFim, Ativo) VALUES (2110,"Circadian rhythm sleep disorder","5/8/1991 11:47:85",0);
INSERT INTO Evento(EventoID,Descricao, Data, Admissao, Quarto) VALUES (2111, "descricao","8/3/1979 21:11:48" ,442, 226);
INSERT INTO Internamento( EventoID, Motivo, DataFim, Ativo) VALUES (2111,"Typhus","10/4/1982 22:28:57",0);
INSERT INTO Evento(EventoID,Descricao, Data, Admissao, Quarto) VALUES (2112, "descricao","3/11/2019 4:45:46" ,335, 230);
INSERT INTO Internamento( EventoID, Motivo, DataFim, Ativo) VALUES (2112,"Influenza","6/11/2022 5:52:52",0);
INSERT INTO Evento(EventoID,Descricao, Data, Admissao, Quarto) VALUES (2113, "descricao","23/7/1965 2:42:40" ,386, 103);
INSERT INTO Internamento( EventoID, Motivo, DataFim, Ativo) VALUES (2113,"Strabismus",NULL,1);
INSERT INTO Evento(EventoID,Descricao, Data, Admissao, Quarto) VALUES (2114, "descricao","2/8/1980 10:42:45" ,103, 132);
INSERT INTO Internamento( EventoID, Motivo, DataFim, Ativo) VALUES (2114,"Ulcerative colitis","4/9/1981 11:46:70",0);
INSERT INTO Evento(EventoID,Descricao, Data, Admissao, Quarto) VALUES (2115, "descricao","19/3/1997 9:45:24" ,175, 167);
INSERT INTO Internamento( EventoID, Motivo, DataFim, Ativo) VALUES (2115,"Condyloma",NULL,1);
INSERT INTO Evento(EventoID,Descricao, Data, Admissao, Quarto) VALUES (2116, "descricao","27/1/1977 22:37:39" ,325, 225);
INSERT INTO Internamento( EventoID, Motivo, DataFim, Ativo) VALUES (2116,"Strabismus","28/3/1977 23:43:41",0);
INSERT INTO Evento(EventoID,Descricao, Data, Admissao, Quarto) VALUES (2117, "descricao","25/8/2005 13:15:18" ,288, 130);
INSERT INTO Internamento( EventoID, Motivo, DataFim, Ativo) VALUES (2117,"Infertility","26/10/2005 14:41:34",0);
INSERT INTO Evento(EventoID,Descricao, Data, Admissao, Quarto) VALUES (2118, "descricao","3/8/1993 8:5:23" ,201, 235);
INSERT INTO Internamento( EventoID, Motivo, DataFim, Ativo) VALUES (2118,"Colitis","5/8/1995 10:16:42",0);
INSERT INTO Evento(EventoID,Descricao, Data, Admissao, Quarto) VALUES (2119, "descricao","4/4/2012 22:11:32" ,297, 137);
INSERT INTO Internamento( EventoID, Motivo, DataFim, Ativo) VALUES (2119,"pneumonia","6/6/2012 23:33:55",0);
INSERT INTO Evento(EventoID,Descricao, Data, Admissao, Quarto) VALUES (2120, "descricao","3/3/1985 2:46:43" ,457, 125);
INSERT INTO Internamento( EventoID, Motivo, DataFim, Ativo) VALUES (2120,"Black Death","3/3/1988 3:70:61",0);
INSERT INTO Evento(EventoID,Descricao, Data, Admissao, Quarto) VALUES (2121, "descricao","25/9/2016 17:36:13" ,62, 184);
INSERT INTO Internamento( EventoID, Motivo, DataFim, Ativo) VALUES (2121,"Abscess",NULL,1);
INSERT INTO Evento(EventoID,Descricao, Data, Admissao, Quarto) VALUES (2122, "descricao","12/2/2001 20:56:50" ,450, 244);
INSERT INTO Internamento( EventoID, Motivo, DataFim, Ativo) VALUES (2122,"Paratyphoid fever","13/4/2002 21:69:58",0);
INSERT INTO Evento(EventoID,Descricao, Data, Admissao, Quarto) VALUES (2123, "descricao","7/1/2018 16:55:15" ,122, 200);
INSERT INTO Internamento( EventoID, Motivo, DataFim, Ativo) VALUES (2123,"Prostatitis","8/1/2018 17:80:27",0);
INSERT INTO Evento(EventoID,Descricao, Data, Admissao, Quarto) VALUES (2124, "descricao","9/9/1996 22:17:17" ,100, 231);
INSERT INTO Internamento( EventoID, Motivo, DataFim, Ativo) VALUES (2124,"Aseptic meningitis",NULL,1);
INSERT INTO Evento(EventoID,Descricao, Data, Admissao, Quarto) VALUES (2125, "descricao","2/9/1979 17:11:59" ,129, 160);
INSERT INTO Internamento( EventoID, Motivo, DataFim, Ativo) VALUES (2125,"Septicemia","3/10/1979 19:15:85",0);
INSERT INTO Evento(EventoID,Descricao, Data, Admissao, Quarto) VALUES (2126, "descricao","25/3/2000 18:17:39" ,387, 199);
INSERT INTO Internamento( EventoID, Motivo, DataFim, Ativo) VALUES (2126,"Tonsillitis","25/3/2000 20:18:67",0);
INSERT INTO Evento(EventoID,Descricao, Data, Admissao, Quarto) VALUES (2127, "descricao","25/8/2004 21:46:55" ,412, 165);
INSERT INTO Internamento( EventoID, Motivo, DataFim, Ativo) VALUES (2127,"Mattticular syndrome","26/9/2004 22:67:80",0);
INSERT INTO Evento(EventoID,Descricao, Data, Admissao, Quarto) VALUES (2128, "descricao","1/1/1985 15:16:8" ,106, 212);
INSERT INTO Internamento( EventoID, Motivo, DataFim, Ativo) VALUES (2128,"Viral meningitis","2/3/1987 16:39:24",0);
INSERT INTO Evento(EventoID,Descricao, Data, Admissao, Quarto) VALUES (2129, "descricao","8/3/1980 2:47:31" ,452, 235);
INSERT INTO Internamento( EventoID, Motivo, DataFim, Ativo) VALUES (2129,"Cholera","11/3/1983 3:64:57",0);
INSERT INTO Evento(EventoID,Descricao, Data, Admissao, Quarto) VALUES (2130, "descricao","16/2/2019 22:31:7" ,90, 234);
INSERT INTO Internamento( EventoID, Motivo, DataFim, Ativo) VALUES (2130,"Leukemia",NULL,1);
INSERT INTO Evento(EventoID,Descricao, Data, Admissao, Quarto) VALUES (2131, "descricao","15/3/1969 17:52:47" ,426, 244);
INSERT INTO Internamento( EventoID, Motivo, DataFim, Ativo) VALUES (2131,"Siderosis","17/5/1969 19:70:69",0);
INSERT INTO Evento(EventoID,Descricao, Data, Admissao, Quarto) VALUES (2132, "descricao","13/5/1983 5:12:37" ,306, 119);
INSERT INTO Internamento( EventoID, Motivo, DataFim, Ativo) VALUES (2132,"UTI'S","15/7/1984 6:27:50",0);
INSERT INTO Evento(EventoID,Descricao, Data, Admissao, Quarto) VALUES (2133, "descricao","25/1/1970 5:1:25" ,224, 230);
INSERT INTO Internamento( EventoID, Motivo, DataFim, Ativo) VALUES (2133,"Cancer","28/2/1970 7:8:45",0);
INSERT INTO Evento(EventoID,Descricao, Data, Admissao, Quarto) VALUES (2134, "descricao","19/4/1989 3:17:35" ,273, 134);
INSERT INTO Internamento( EventoID, Motivo, DataFim, Ativo) VALUES (2134,"Atherosclerosis","22/4/1991 4:26:54",0);
INSERT INTO Evento(EventoID,Descricao, Data, Admissao, Quarto) VALUES (2135, "descricao","27/7/1993 22:10:49" ,494, 186);
INSERT INTO Internamento( EventoID, Motivo, DataFim, Ativo) VALUES (2135,"Chlamydia trachomatis","28/9/1993 24:33:68",0);
INSERT INTO Evento(EventoID,Descricao, Data, Admissao, Quarto) VALUES (2136, "descricao","28/12/1984 2:42:44" ,71, 106);
INSERT INTO Internamento( EventoID, Motivo, DataFim, Ativo) VALUES (2136,"Ignious Syndrome",NULL,1);
INSERT INTO Evento(EventoID,Descricao, Data, Admissao, Quarto) VALUES (2137, "descricao","23/3/1966 16:26:59" ,386, 153);
INSERT INTO Internamento( EventoID, Motivo, DataFim, Ativo) VALUES (2137,"Plague",NULL,1);
INSERT INTO Evento(EventoID,Descricao, Data, Admissao, Quarto) VALUES (2138, "descricao","20/11/2014 19:19:38" ,247, 151);
INSERT INTO Internamento( EventoID, Motivo, DataFim, Ativo) VALUES (2138,"Shin splints","22/11/2014 20:21:62",0);
INSERT INTO Evento(EventoID,Descricao, Data, Admissao, Quarto) VALUES (2139, "descricao","22/3/1983 22:31:42" ,306, 111);
INSERT INTO Internamento( EventoID, Motivo, DataFim, Ativo) VALUES (2139,"Scurvy","24/4/1986 23:57:55",0);
INSERT INTO Evento(EventoID,Descricao, Data, Admissao, Quarto) VALUES (2140, "descricao","2/3/1963 0:11:12" ,312, 135);
INSERT INTO Internamento( EventoID, Motivo, DataFim, Ativo) VALUES (2140,"Osteoarthritis","5/5/1963 2:12:32",0);
INSERT INTO Evento(EventoID,Descricao, Data, Admissao, Quarto) VALUES (2141, "descricao","28/3/1968 1:42:29" ,9, 209);
INSERT INTO Internamento( EventoID, Motivo, DataFim, Ativo) VALUES (2141,"Thrush","31/4/1970 3:47:46",0);
INSERT INTO Evento(EventoID,Descricao, Data, Admissao, Quarto) VALUES (2142, "descricao","4/11/1995 7:54:38" ,322, 193);
INSERT INTO Internamento( EventoID, Motivo, DataFim, Ativo) VALUES (2142,"Rheumatic fever","5/13/1995 8:82:52",0);
INSERT INTO Evento(EventoID,Descricao, Data, Admissao, Quarto) VALUES (2143, "descricao","8/3/1980 18:19:18" ,112, 106);
INSERT INTO Internamento( EventoID, Motivo, DataFim, Ativo) VALUES (2143,"Brucellosis","10/5/1983 19:48:48",0);
INSERT INTO Evento(EventoID,Descricao, Data, Admissao, Quarto) VALUES (2144, "descricao","7/8/2014 11:0:31" ,49, 197);
INSERT INTO Internamento( EventoID, Motivo, DataFim, Ativo) VALUES (2144,"Yersiniosis","10/10/2015 13:12:47",0);
INSERT INTO Evento(EventoID,Descricao, Data, Admissao, Quarto) VALUES (2145, "descricao","22/8/2006 17:55:50" ,144, 107);
INSERT INTO Internamento( EventoID, Motivo, DataFim, Ativo) VALUES (2145,"Jaundice","25/8/2007 18:58:71",0);
INSERT INTO Evento(EventoID,Descricao, Data, Admissao, Quarto) VALUES (2146, "descricao","21/10/1988 4:48:32" ,129, 117);
INSERT INTO Internamento( EventoID, Motivo, DataFim, Ativo) VALUES (2146,"COVID-19","22/10/1990 6:53:32",0);
INSERT INTO Evento(EventoID,Descricao, Data, Admissao, Quarto) VALUES (2147, "descricao","10/7/2008 19:22:25" ,278, 134);
INSERT INTO Internamento( EventoID, Motivo, DataFim, Ativo) VALUES (2147,"Siderosis","12/8/2009 20:37:53",0);
INSERT INTO Evento(EventoID,Descricao, Data, Admissao, Quarto) VALUES (2148, "descricao","2/10/1990 7:59:58" ,29, 193);
INSERT INTO Internamento( EventoID, Motivo, DataFim, Ativo) VALUES (2148,"Myoclonus","2/12/1990 8:66:82",0);
INSERT INTO Evento(EventoID,Descricao, Data, Admissao, Quarto) VALUES (2149, "descricao","17/9/1961 16:26:11" ,424, 142);
INSERT INTO Internamento( EventoID, Motivo, DataFim, Ativo) VALUES (2149,"Trichomoniasis","20/10/1962 18:48:15",0);
INSERT INTO Evento(EventoID,Descricao, Data, Admissao, Quarto) VALUES (2150, "descricao","10/1/1975 6:59:14" ,257, 112);
INSERT INTO Internamento( EventoID, Motivo, DataFim, Ativo) VALUES (2150,"Psoriasis",NULL,1);
INSERT INTO Evento(EventoID,Descricao, Data, Admissao, Quarto) VALUES (2151, "descricao","20/4/1997 16:20:56" ,190, 155);
INSERT INTO Internamento( EventoID, Motivo, DataFim, Ativo) VALUES (2151,"Emphysema","21/4/1997 18:24:75",0);
INSERT INTO Evento(EventoID,Descricao, Data, Admissao, Quarto) VALUES (2152, "descricao","1/8/2009 17:20:3" ,172, 131);
INSERT INTO Internamento( EventoID, Motivo, DataFim, Ativo) VALUES (2152,"Astigmatism","3/8/2010 18:48:23",0);
INSERT INTO Evento(EventoID,Descricao, Data, Admissao, Quarto) VALUES (2153, "descricao","6/2/1976 1:53:14" ,91, 202);
INSERT INTO Internamento( EventoID, Motivo, DataFim, Ativo) VALUES (2153,"Coronary heart disease","9/2/1979 2:76:15",0);
INSERT INTO Evento(EventoID,Descricao, Data, Admissao, Quarto) VALUES (2154, "descricao","6/9/1973 4:1:10" ,227, 228);
INSERT INTO Internamento( EventoID, Motivo, DataFim, Ativo) VALUES (2154,"Chlamydia","7/9/1975 5:6:40",0);
INSERT INTO Evento(EventoID,Descricao, Data, Admissao, Quarto) VALUES (2155, "descricao","15/3/1968 21:29:36" ,83, 181);
INSERT INTO Internamento( EventoID, Motivo, DataFim, Ativo) VALUES (2155,"Interstitial cystitis","15/3/1970 22:54:65",0);
INSERT INTO Evento(EventoID,Descricao, Data, Admissao, Quarto) VALUES (2156, "descricao","7/4/1973 1:9:43" ,270, 118);
INSERT INTO Internamento( EventoID, Motivo, DataFim, Ativo) VALUES (2156,"Diphtheria","10/4/1976 2:31:51",0);
INSERT INTO Evento(EventoID,Descricao, Data, Admissao, Quarto) VALUES (2157, "descricao","1/9/1996 4:26:55" ,231, 219);
INSERT INTO Internamento( EventoID, Motivo, DataFim, Ativo) VALUES (2157,"Palindromic rheumatism",NULL,1);
INSERT INTO Evento(EventoID,Descricao, Data, Admissao, Quarto) VALUES (2158, "descricao","6/4/2000 9:57:37" ,26, 208);
INSERT INTO Internamento( EventoID, Motivo, DataFim, Ativo) VALUES (2158,"Multiple myeloma",NULL,1);
INSERT INTO Evento(EventoID,Descricao, Data, Admissao, Quarto) VALUES (2159, "descricao","13/5/2010 3:2:14" ,160, 248);
INSERT INTO Internamento( EventoID, Motivo, DataFim, Ativo) VALUES (2159,"Meningitis",NULL,1);
INSERT INTO Evento(EventoID,Descricao, Data, Admissao, Quarto) VALUES (2160, "descricao","15/2/1962 12:26:43" ,316, 121);
INSERT INTO Internamento( EventoID, Motivo, DataFim, Ativo) VALUES (2160,"Lung cancer","15/4/1964 14:53:71",0);
INSERT INTO Evento(EventoID,Descricao, Data, Admissao, Quarto) VALUES (2161, "descricao","23/8/1990 14:48:25" ,294, 101);
INSERT INTO Internamento( EventoID, Motivo, DataFim, Ativo) VALUES (2161,"Coronary heart disease",NULL,1);
INSERT INTO Evento(EventoID,Descricao, Data, Admissao, Quarto) VALUES (2162, "descricao","2/8/1960 2:20:17" ,91, 248);
INSERT INTO Internamento( EventoID, Motivo, DataFim, Ativo) VALUES (2162,"Typhoid fever","5/10/1961 3:26:39",0);
INSERT INTO Evento(EventoID,Descricao, Data, Admissao, Quarto) VALUES (2163, "descricao","20/6/2008 16:32:51" ,490, 161);
INSERT INTO Internamento( EventoID, Motivo, DataFim, Ativo) VALUES (2163,"Rift Valley fever",NULL,1);
INSERT INTO Evento(EventoID,Descricao, Data, Admissao, Quarto) VALUES (2164, "descricao","2/7/1982 18:3:17" ,17, 197);
INSERT INTO Internamento( EventoID, Motivo, DataFim, Ativo) VALUES (2164,"Botulism","2/8/1984 20:17:32",0);
INSERT INTO Evento(EventoID,Descricao, Data, Admissao, Quarto) VALUES (2165, "descricao","21/4/2005 1:5:34" ,26, 193);
INSERT INTO Internamento( EventoID, Motivo, DataFim, Ativo) VALUES (2165,"Psittacosis",NULL,1);
INSERT INTO Evento(EventoID,Descricao, Data, Admissao, Quarto) VALUES (2166, "descricao","8/6/1974 7:2:17" ,90, 196);
INSERT INTO Internamento( EventoID, Motivo, DataFim, Ativo) VALUES (2166,"Gonorrhea","9/7/1974 8:32:30",0);
INSERT INTO Evento(EventoID,Descricao, Data, Admissao, Quarto) VALUES (2167, "descricao","7/8/1993 4:54:19" ,482, 200);
INSERT INTO Internamento( EventoID, Motivo, DataFim, Ativo) VALUES (2167,"Von Hippel-Lindau disease","9/8/1993 5:63:41",0);
INSERT INTO Evento(EventoID,Descricao, Data, Admissao, Quarto) VALUES (2168, "descricao","7/9/1963 2:35:48" ,249, 230);
INSERT INTO Internamento( EventoID, Motivo, DataFim, Ativo) VALUES (2168,"Multiple sclerosis","8/11/1963 4:39:72",0);
INSERT INTO Evento(EventoID,Descricao, Data, Admissao, Quarto) VALUES (2169, "descricao","3/10/1961 21:45:42" ,433, 148);
INSERT INTO Internamento( EventoID, Motivo, DataFim, Ativo) VALUES (2169,"Dysentery",NULL,1);
INSERT INTO Evento(EventoID,Descricao, Data, Admissao, Quarto) VALUES (2170, "descricao","5/7/1997 9:12:48" ,275, 126);
INSERT INTO Internamento( EventoID, Motivo, DataFim, Ativo) VALUES (2170,"Rabies","5/7/1998 10:28:71",0);
INSERT INTO Evento(EventoID,Descricao, Data, Admissao, Quarto) VALUES (2171, "descricao","25/1/2002 13:8:32" ,20, 155);
INSERT INTO Internamento( EventoID, Motivo, DataFim, Ativo) VALUES (2171,"Ulcerative colitis","28/1/2005 15:33:58",0);
INSERT INTO Evento(EventoID,Descricao, Data, Admissao, Quarto) VALUES (2172, "descricao","9/9/2013 1:14:41" ,326, 140);
INSERT INTO Internamento( EventoID, Motivo, DataFim, Ativo) VALUES (2172,"Common cold","9/10/2014 2:27:71",0);
INSERT INTO Evento(EventoID,Descricao, Data, Admissao, Quarto) VALUES (2173, "descricao","8/1/1997 9:54:15" ,43, 137);
INSERT INTO Internamento( EventoID, Motivo, DataFim, Ativo) VALUES (2173,"HIV","9/3/2000 11:64:33",0);
INSERT INTO Evento(EventoID,Descricao, Data, Admissao, Quarto) VALUES (2174, "descricao","10/12/2000 14:53:44" ,426, 180);
INSERT INTO Internamento( EventoID, Motivo, DataFim, Ativo) VALUES (2174,"Hypothyroid","11/12/2000 16:57:53",0);
INSERT INTO Evento(EventoID,Descricao, Data, Admissao, Quarto) VALUES (2175, "descricao","23/3/1989 20:48:39" ,85, 113);
INSERT INTO Internamento( EventoID, Motivo, DataFim, Ativo) VALUES (2175,"Human papillomavirus","26/5/1992 21:49:62",0);
INSERT INTO Evento(EventoID,Descricao, Data, Admissao, Quarto) VALUES (2176, "descricao","17/2/1966 4:18:39" ,140, 208);
INSERT INTO Internamento( EventoID, Motivo, DataFim, Ativo) VALUES (2176,"Hepatitis E","17/3/1968 5:43:45",0);
INSERT INTO Evento(EventoID,Descricao, Data, Admissao, Quarto) VALUES (2177, "descricao","23/3/2004 4:18:1" ,219, 176);
INSERT INTO Internamento( EventoID, Motivo, DataFim, Ativo) VALUES (2177,"Cholera","25/3/2007 6:19:20",0);
INSERT INTO Evento(EventoID,Descricao, Data, Admissao, Quarto) VALUES (2178, "descricao","7/10/1962 10:21:39" ,443, 139);
INSERT INTO Internamento( EventoID, Motivo, DataFim, Ativo) VALUES (2178,"Dysentery","9/11/1963 12:38:65",0);
INSERT INTO Evento(EventoID,Descricao, Data, Admissao, Quarto) VALUES (2179, "descricao","9/10/1976 12:37:57" ,186, 180);
INSERT INTO Internamento( EventoID, Motivo, DataFim, Ativo) VALUES (2179,"Psittacosis","10/10/1978 13:55:84",0);
INSERT INTO Evento(EventoID,Descricao, Data, Admissao, Quarto) VALUES (2180, "descricao","9/7/1976 2:20:18" ,240, 189);
INSERT INTO Internamento( EventoID, Motivo, DataFim, Ativo) VALUES (2180,"Lead poisoning","10/9/1976 4:35:38",0);
INSERT INTO Evento(EventoID,Descricao, Data, Admissao, Quarto) VALUES (2181, "descricao","1/9/1995 5:3:29" ,386, 134);
INSERT INTO Internamento( EventoID, Motivo, DataFim, Ativo) VALUES (2181,"Toxic shock syndrome","2/9/1997 7:21:51",0);
INSERT INTO Evento(EventoID,Descricao, Data, Admissao, Quarto) VALUES (2182, "descricao","26/11/2019 20:40:19" ,30, 171);
INSERT INTO Internamento( EventoID, Motivo, DataFim, Ativo) VALUES (2182,"Trichomoniasis","28/11/2020 21:45:22",0);
INSERT INTO Evento(EventoID,Descricao, Data, Admissao, Quarto) VALUES (2183, "descricao","2/11/1977 2:25:43" ,308, 124);
INSERT INTO Internamento( EventoID, Motivo, DataFim, Ativo) VALUES (2183,"Lung cancer",NULL,1);
INSERT INTO Evento(EventoID,Descricao, Data, Admissao, Quarto) VALUES (2184, "descricao","15/4/1985 12:37:15" ,222, 213);
INSERT INTO Internamento( EventoID, Motivo, DataFim, Ativo) VALUES (2184,"Iron-deficiency anemia","16/5/1985 14:41:15",0);
INSERT INTO Evento(EventoID,Descricao, Data, Admissao, Quarto) VALUES (2185, "descricao","21/1/1991 12:53:20" ,361, 122);
INSERT INTO Internamento( EventoID, Motivo, DataFim, Ativo) VALUES (2185,"Uremia","21/2/1991 13:76:30",0);
INSERT INTO Evento(EventoID,Descricao, Data, Admissao, Quarto) VALUES (2186, "descricao","2/1/2013 19:50:48" ,473, 126);
INSERT INTO Internamento( EventoID, Motivo, DataFim, Ativo) VALUES (2186,"Bronchitis","5/1/2016 21:54:63",0);
INSERT INTO Evento(EventoID,Descricao, Data, Admissao, Quarto) VALUES (2187, "descricao","1/8/2014 5:25:28" ,369, 142);
INSERT INTO Internamento( EventoID, Motivo, DataFim, Ativo) VALUES (2187,"Arthritis","1/8/2015 6:33:50",0);
INSERT INTO Evento(EventoID,Descricao, Data, Admissao, Quarto) VALUES (2188, "descricao","5/2/1969 15:53:40" ,184, 249);
INSERT INTO Internamento( EventoID, Motivo, DataFim, Ativo) VALUES (2188,"Bunion","7/2/1970 16:58:40",0);
INSERT INTO Evento(EventoID,Descricao, Data, Admissao, Quarto) VALUES (2189, "descricao","24/11/1968 21:36:59" ,405, 114);
INSERT INTO Internamento( EventoID, Motivo, DataFim, Ativo) VALUES (2189,"Lead poisoning","24/13/1968 23:40:75",0);
INSERT INTO Evento(EventoID,Descricao, Data, Admissao, Quarto) VALUES (2190, "descricao","20/8/2009 8:3:44" ,402, 199);
INSERT INTO Internamento( EventoID, Motivo, DataFim, Ativo) VALUES (2190,"Cholera","20/10/2010 9:23:63",0);
INSERT INTO Evento(EventoID,Descricao, Data, Admissao, Quarto) VALUES (2191, "descricao","13/11/2015 20:56:35" ,476, 219);
INSERT INTO Internamento( EventoID, Motivo, DataFim, Ativo) VALUES (2191,"Multiple sclerosis","13/12/2018 22:69:42",0);
INSERT INTO Evento(EventoID,Descricao, Data, Admissao, Quarto) VALUES (2192, "descricao","27/4/2002 18:18:28" ,241, 214);
INSERT INTO Internamento( EventoID, Motivo, DataFim, Ativo) VALUES (2192,"Prostatitis",NULL,1);
INSERT INTO Evento(EventoID,Descricao, Data, Admissao, Quarto) VALUES (2193, "descricao","10/11/1971 7:15:43" ,406, 142);
INSERT INTO Internamento( EventoID, Motivo, DataFim, Ativo) VALUES (2193,"Leptospirosis","13/13/1971 9:38:53",0);
INSERT INTO Evento(EventoID,Descricao, Data, Admissao, Quarto) VALUES (2194, "descricao","26/7/2011 12:16:24" ,430, 226);
INSERT INTO Internamento( EventoID, Motivo, DataFim, Ativo) VALUES (2194,"Toxic shock syndrome",NULL,1);
INSERT INTO Evento(EventoID,Descricao, Data, Admissao, Quarto) VALUES (2195, "descricao","8/4/1971 13:48:55" ,357, 245);
INSERT INTO Internamento( EventoID, Motivo, DataFim, Ativo) VALUES (2195,"Bubonic plague","9/6/1971 14:55:65",0);
INSERT INTO Evento(EventoID,Descricao, Data, Admissao, Quarto) VALUES (2196, "descricao","24/5/1978 18:20:52" ,289, 133);
INSERT INTO Internamento( EventoID, Motivo, DataFim, Ativo) VALUES (2196,"Toxic shock syndrome","27/7/1980 19:39:65",0);
INSERT INTO Evento(EventoID,Descricao, Data, Admissao, Quarto) VALUES (2197, "descricao","8/7/1994 12:5:22" ,460, 226);
INSERT INTO Internamento( EventoID, Motivo, DataFim, Ativo) VALUES (2197,"Shigellosis","11/9/1997 13:10:31",0);
INSERT INTO Evento(EventoID,Descricao, Data, Admissao, Quarto) VALUES (2198, "descricao","15/3/1990 0:14:18" ,50, 160);
INSERT INTO Internamento( EventoID, Motivo, DataFim, Ativo) VALUES (2198,"Night blindness","17/3/1993 1:22:22",0);
INSERT INTO Evento(EventoID,Descricao, Data, Admissao, Quarto) VALUES (2199, "descricao","17/5/1973 14:20:18" ,318, 160);
INSERT INTO Internamento( EventoID, Motivo, DataFim, Ativo) VALUES (2199,"Stomach flu","20/5/1975 16:27:32",0);
INSERT INTO Evento(EventoID,Descricao, Data, Admissao, Quarto) VALUES (2200, "descricao","24/1/2011 21:29:11" ,487, 205);
INSERT INTO Internamento( EventoID, Motivo, DataFim, Ativo) VALUES (2200,"Mononucleosis","24/3/2011 23:31:11",0);
INSERT INTO Evento(EventoID,Descricao, Data, Admissao, Quarto) VALUES (2201, "descricao","11/6/2011 20:25:7" ,171, 229);
INSERT INTO Internamento( EventoID, Motivo, DataFim, Ativo) VALUES (2201,"Plague",NULL,1);
INSERT INTO Evento(EventoID,Descricao, Data, Admissao, Quarto) VALUES (2202, "descricao","8/10/1989 2:28:27" ,394, 178);
INSERT INTO Internamento( EventoID, Motivo, DataFim, Ativo) VALUES (2202,"Scarlet fever",NULL,1);
INSERT INTO Evento(EventoID,Descricao, Data, Admissao, Quarto) VALUES (2203, "descricao","3/9/1999 3:35:36" ,406, 133);
INSERT INTO Internamento( EventoID, Motivo, DataFim, Ativo) VALUES (2203,"Impetigo",NULL,1);
INSERT INTO Evento(EventoID,Descricao, Data, Admissao, Quarto) VALUES (2204, "descricao","25/5/1992 16:1:34" ,259, 180);
INSERT INTO Internamento( EventoID, Motivo, DataFim, Ativo) VALUES (2204,"Periodontal disease","26/5/1992 17:10:47",0);
INSERT INTO Evento(EventoID,Descricao, Data, Admissao, Quarto) VALUES (2205, "descricao","16/10/2010 17:50:22" ,463, 218);
INSERT INTO Internamento( EventoID, Motivo, DataFim, Ativo) VALUES (2205,"Goitre","18/10/2013 19:64:27",0);
INSERT INTO Evento(EventoID,Descricao, Data, Admissao, Quarto) VALUES (2206, "descricao","16/2/2016 4:43:45" ,316, 186);
INSERT INTO Internamento( EventoID, Motivo, DataFim, Ativo) VALUES (2206,"Synovitis","19/3/2016 5:58:74",0);
INSERT INTO Evento(EventoID,Descricao, Data, Admissao, Quarto) VALUES (2207, "descricao","6/9/1964 20:59:42" ,185, 167);
INSERT INTO Internamento( EventoID, Motivo, DataFim, Ativo) VALUES (2207,"Paratyphoid fever","7/9/1967 22:80:58",0);
INSERT INTO Evento(EventoID,Descricao, Data, Admissao, Quarto) VALUES (2208, "descricao","3/6/2001 22:17:49" ,390, 195);
INSERT INTO Internamento( EventoID, Motivo, DataFim, Ativo) VALUES (2208,"Hepatitis A","5/7/2002 23:28:68",0);
INSERT INTO Evento(EventoID,Descricao, Data, Admissao, Quarto) VALUES (2209, "descricao","10/3/1975 1:28:31" ,117, 143);
INSERT INTO Internamento( EventoID, Motivo, DataFim, Ativo) VALUES (2209,"Bunion","10/4/1975 3:48:32",0);
INSERT INTO Evento(EventoID,Descricao, Data, Admissao, Quarto) VALUES (2210, "descricao","24/9/1966 4:37:56" ,230, 178);
INSERT INTO Internamento( EventoID, Motivo, DataFim, Ativo) VALUES (2210,"Yellow fever",NULL,1);
INSERT INTO Evento(EventoID,Descricao, Data, Admissao, Quarto) VALUES (2211, "descricao","4/10/1972 0:16:16" ,466, 160);
INSERT INTO Internamento( EventoID, Motivo, DataFim, Ativo) VALUES (2211,"Meniere's disease","4/11/1975 2:35:40",0);
INSERT INTO Evento(EventoID,Descricao, Data, Admissao, Quarto) VALUES (2212, "descricao","23/2/2006 15:47:24" ,176, 238);
INSERT INTO Internamento( EventoID, Motivo, DataFim, Ativo) VALUES (2212,"Hepatitis C",NULL,1);
INSERT INTO Evento(EventoID,Descricao, Data, Admissao, Quarto) VALUES (2213, "descricao","9/9/2009 20:24:9" ,288, 185);
INSERT INTO Internamento( EventoID, Motivo, DataFim, Ativo) VALUES (2213,"Cowpox",NULL,1);
INSERT INTO Evento(EventoID,Descricao, Data, Admissao, Quarto) VALUES (2214, "descricao","12/8/1968 1:39:52" ,132, 117);
INSERT INTO Internamento( EventoID, Motivo, DataFim, Ativo) VALUES (2214,"Ulcers","13/10/1971 2:59:82",0);
INSERT INTO Evento(EventoID,Descricao, Data, Admissao, Quarto) VALUES (2215, "descricao","18/3/1987 15:28:24" ,125, 109);
INSERT INTO Internamento( EventoID, Motivo, DataFim, Ativo) VALUES (2215,"Carbon monoxide poisoning","18/5/1987 16:49:48",0);
INSERT INTO Evento(EventoID,Descricao, Data, Admissao, Quarto) VALUES (2216, "descricao","24/8/2000 13:17:0" ,79, 178);
INSERT INTO Internamento( EventoID, Motivo, DataFim, Ativo) VALUES (2216,"Multiple myeloma","25/9/2002 15:18:25",0);
INSERT INTO Evento(EventoID,Descricao, Data, Admissao, Quarto) VALUES (2217, "descricao","4/10/1988 17:7:19" ,150, 215);
INSERT INTO Internamento( EventoID, Motivo, DataFim, Ativo) VALUES (2217,"Bunion","7/11/1991 18:37:31",0);
INSERT INTO Evento(EventoID,Descricao, Data, Admissao, Quarto) VALUES (2218, "descricao","6/9/1980 19:0:50" ,98, 237);
INSERT INTO Internamento( EventoID, Motivo, DataFim, Ativo) VALUES (2218,"Gonorrhea","6/9/1982 21:3:52",0);
INSERT INTO Evento(EventoID,Descricao, Data, Admissao, Quarto) VALUES (2219, "descricao","22/7/2011 14:2:2" ,278, 191);
INSERT INTO Internamento( EventoID, Motivo, DataFim, Ativo) VALUES (2219,"Necrotizing Fasciitis",NULL,1);
INSERT INTO Evento(EventoID,Descricao, Data, Admissao, Quarto) VALUES (2220, "descricao","27/4/2010 19:34:14" ,491, 121);
INSERT INTO Internamento( EventoID, Motivo, DataFim, Ativo) VALUES (2220,"Siderosis","29/5/2012 20:36:37",0);
INSERT INTO Evento(EventoID,Descricao, Data, Admissao, Quarto) VALUES (2221, "descricao","28/7/2014 12:17:40" ,476, 142);
INSERT INTO Internamento( EventoID, Motivo, DataFim, Ativo) VALUES (2221,"Osteoarthritis","28/8/2015 13:44:44",0);
INSERT INTO Evento(EventoID,Descricao, Data, Admissao, Quarto) VALUES (2222, "descricao","9/3/2005 1:22:12" ,250, 225);
INSERT INTO Internamento( EventoID, Motivo, DataFim, Ativo) VALUES (2222,"SARS","10/4/2008 2:33:32",0);
INSERT INTO Evento(EventoID,Descricao, Data, Admissao, Quarto) VALUES (2223, "descricao","28/7/1976 10:37:20" ,95, 200);
INSERT INTO Internamento( EventoID, Motivo, DataFim, Ativo) VALUES (2223,"Epilepsy","28/9/1976 12:44:39",0);
INSERT INTO Evento(EventoID,Descricao, Data, Admissao, Quarto) VALUES (2224, "descricao","7/8/1962 4:24:34" ,469, 217);
INSERT INTO Internamento( EventoID, Motivo, DataFim, Ativo) VALUES (2224,"Hypermetropia","8/10/1962 6:40:36",0);
INSERT INTO Evento(EventoID,Descricao, Data, Admissao, Quarto) VALUES (2225, "descricao","20/2/1992 16:2:1" ,192, 102);
INSERT INTO Internamento( EventoID, Motivo, DataFim, Ativo) VALUES (2225,"Foodborne illness","22/4/1995 18:2:12",0);
INSERT INTO Evento(EventoID,Descricao, Data, Admissao, Quarto) VALUES (2226, "descricao","21/5/1974 4:14:50" ,323, 193);
INSERT INTO Internamento( EventoID, Motivo, DataFim, Ativo) VALUES (2226,"Ques fever","23/7/1974 6:40:61",0);
INSERT INTO Evento(EventoID,Descricao, Data, Admissao, Quarto) VALUES (2227, "descricao","5/3/1971 10:48:36" ,344, 215);
INSERT INTO Internamento( EventoID, Motivo, DataFim, Ativo) VALUES (2227,"Multiple sclerosis","5/3/1973 12:77:44",0);
INSERT INTO Evento(EventoID,Descricao, Data, Admissao, Quarto) VALUES (2228, "descricao","17/1/1961 7:3:1" ,199, 157);
INSERT INTO Internamento( EventoID, Motivo, DataFim, Ativo) VALUES (2228,"Obesity",NULL,1);
INSERT INTO Evento(EventoID,Descricao, Data, Admissao, Quarto) VALUES (2229, "descricao","2/2/2003 16:4:50" ,249, 187);
INSERT INTO Internamento( EventoID, Motivo, DataFim, Ativo) VALUES (2229,"Septicemia","5/2/2003 18:4:65",0);
INSERT INTO Evento(EventoID,Descricao, Data, Admissao, Quarto) VALUES (2230, "descricao","6/1/2000 18:36:40" ,410, 190);
INSERT INTO Internamento( EventoID, Motivo, DataFim, Ativo) VALUES (2230,"SARS","8/3/2000 20:43:69",0);
INSERT INTO Evento(EventoID,Descricao, Data, Admissao, Quarto) VALUES (2231, "descricao","19/8/1988 10:9:41" ,361, 225);
INSERT INTO Internamento( EventoID, Motivo, DataFim, Ativo) VALUES (2231,"Warts",NULL,1);
INSERT INTO Evento(EventoID,Descricao, Data, Admissao, Quarto) VALUES (2232, "descricao","19/5/1968 3:25:24" ,468, 115);
INSERT INTO Internamento( EventoID, Motivo, DataFim, Ativo) VALUES (2232,"Stomach flu","19/6/1968 5:54:25",0);
INSERT INTO Evento(EventoID,Descricao, Data, Admissao, Quarto) VALUES (2233, "descricao","11/7/1962 18:18:31" ,313, 169);
INSERT INTO Internamento( EventoID, Motivo, DataFim, Ativo) VALUES (2233,"Kwashiorkor","14/7/1964 20:18:60",0);
INSERT INTO Evento(EventoID,Descricao, Data, Admissao, Quarto) VALUES (2234, "descricao","18/11/1961 19:37:6" ,489, 202);
INSERT INTO Internamento( EventoID, Motivo, DataFim, Ativo) VALUES (2234,"Campylobacter infection","19/11/1962 20:59:27",0);
INSERT INTO Evento(EventoID,Descricao, Data, Admissao, Quarto) VALUES (2235, "descricao","9/11/2011 12:26:0" ,190, 100);
INSERT INTO Internamento( EventoID, Motivo, DataFim, Ativo) VALUES (2235,"Watkins","11/11/2012 13:34:8",0);
INSERT INTO Evento(EventoID,Descricao, Data, Admissao, Quarto) VALUES (2236, "descricao","22/5/2009 12:7:53" ,179, 234);
INSERT INTO Internamento( EventoID, Motivo, DataFim, Ativo) VALUES (2236,"Osteoarthritis",NULL,1);
INSERT INTO Evento(EventoID,Descricao, Data, Admissao, Quarto) VALUES (2237, "descricao","10/1/1971 13:34:13" ,337, 186);
INSERT INTO Internamento( EventoID, Motivo, DataFim, Ativo) VALUES (2237,"Taeniasis",NULL,1);
INSERT INTO Evento(EventoID,Descricao, Data, Admissao, Quarto) VALUES (2238, "descricao","12/1/2008 21:5:44" ,446, 186);
INSERT INTO Internamento( EventoID, Motivo, DataFim, Ativo) VALUES (2238,"Urticaria","13/1/2009 23:28:44",0);
INSERT INTO Evento(EventoID,Descricao, Data, Admissao, Quarto) VALUES (2239, "descricao","28/12/1978 6:1:22" ,15, 215);
INSERT INTO Internamento( EventoID, Motivo, DataFim, Ativo) VALUES (2239,"Rheumatism",NULL,1);
INSERT INTO Evento(EventoID,Descricao, Data, Admissao, Quarto) VALUES (2240, "descricao","28/10/1988 10:28:15" ,97, 110);
INSERT INTO Internamento( EventoID, Motivo, DataFim, Ativo) VALUES (2240,"Varicose veins","30/10/1988 12:52:25",0);
INSERT INTO Evento(EventoID,Descricao, Data, Admissao, Quarto) VALUES (2241, "descricao","1/1/1988 13:45:40" ,64, 135);
INSERT INTO Internamento( EventoID, Motivo, DataFim, Ativo) VALUES (2241,"Warkany syndrome","3/3/1988 15:51:65",0);
INSERT INTO Evento(EventoID,Descricao, Data, Admissao, Quarto) VALUES (2242, "descricao","4/7/2000 17:2:22" ,151, 166);
INSERT INTO Internamento( EventoID, Motivo, DataFim, Ativo) VALUES (2242,"Emphysema","6/9/2002 18:27:27",0);
INSERT INTO Evento(EventoID,Descricao, Data, Admissao, Quarto) VALUES (2243, "descricao","3/12/1982 5:26:45" ,33, 166);
INSERT INTO Internamento( EventoID, Motivo, DataFim, Ativo) VALUES (2243,"UTI'S","6/13/1982 6:40:68",0);
INSERT INTO Evento(EventoID,Descricao, Data, Admissao, Quarto) VALUES (2244, "descricao","6/6/2004 19:20:19" ,492, 109);
INSERT INTO Internamento( EventoID, Motivo, DataFim, Ativo) VALUES (2244,"Hyperopia","8/7/2004 21:35:28",0);
INSERT INTO Evento(EventoID,Descricao, Data, Admissao, Quarto) VALUES (2245, "descricao","26/5/1971 23:40:19" ,21, 133);
INSERT INTO Internamento( EventoID, Motivo, DataFim, Ativo) VALUES (2245,"Encephalitis","29/7/1974 24:64:28",0);
INSERT INTO Evento(EventoID,Descricao, Data, Admissao, Quarto) VALUES (2246, "descricao","14/3/1985 1:58:47" ,485, 130);
INSERT INTO Internamento( EventoID, Motivo, DataFim, Ativo) VALUES (2246,"Leukemia","16/4/1985 3:82:48",0);
INSERT INTO Evento(EventoID,Descricao, Data, Admissao, Quarto) VALUES (2247, "descricao","13/3/1988 5:45:30" ,287, 129);
INSERT INTO Internamento( EventoID, Motivo, DataFim, Ativo) VALUES (2247,"Ulcerative colitis","13/3/1988 7:48:51",0);
INSERT INTO Evento(EventoID,Descricao, Data, Admissao, Quarto) VALUES (2248, "descricao","12/12/2017 10:56:50" ,43, 185);
INSERT INTO Internamento( EventoID, Motivo, DataFim, Ativo) VALUES (2248,"Hypotonia","13/12/2017 11:58:79",0);
INSERT INTO Evento(EventoID,Descricao, Data, Admissao, Quarto) VALUES (2249, "descricao","28/12/2007 21:2:28" ,331, 237);
INSERT INTO Internamento( EventoID, Motivo, DataFim, Ativo) VALUES (2249,"Parkinson's disease","28/13/2010 22:4:37",0);
INSERT INTO Evento(EventoID,Descricao, Data, Admissao, Quarto) VALUES (2250, "descricao","23/7/2005 14:2:1" ,6, 224);
INSERT INTO Internamento( EventoID, Motivo, DataFim, Ativo) VALUES (2250,"Kwashiorkor","23/7/2005 16:14:10",0);
INSERT INTO Evento(EventoID,Descricao, Data, Admissao, Quarto) VALUES (2251, "descricao","14/5/1977 5:43:30" ,164, 229);
INSERT INTO Internamento( EventoID, Motivo, DataFim, Ativo) VALUES (2251,"Asthma",NULL,1);
INSERT INTO Evento(EventoID,Descricao, Data, Admissao, Quarto) VALUES (2252, "descricao","14/1/1967 7:16:43" ,482, 144);
INSERT INTO Internamento( EventoID, Motivo, DataFim, Ativo) VALUES (2252,"Palindromic rheumatism",NULL,1);
INSERT INTO Evento(EventoID,Descricao, Data, Admissao, Quarto) VALUES (2253, "descricao","5/5/2008 23:14:5" ,15, 101);
INSERT INTO Internamento( EventoID, Motivo, DataFim, Ativo) VALUES (2253,"Night blindness",NULL,1);
INSERT INTO Evento(EventoID,Descricao, Data, Admissao, Quarto) VALUES (2254, "descricao","10/1/2016 7:36:1" ,356, 147);
INSERT INTO Internamento( EventoID, Motivo, DataFim, Ativo) VALUES (2254,"Abscess","11/1/2017 8:66:21",0);
INSERT INTO Evento(EventoID,Descricao, Data, Admissao, Quarto) VALUES (2255, "descricao","5/12/1983 10:14:56" ,153, 120);
INSERT INTO Internamento( EventoID, Motivo, DataFim, Ativo) VALUES (2255,"Cerebral palsy","6/12/1986 12:24:83",0);
INSERT INTO Evento(EventoID,Descricao, Data, Admissao, Quarto) VALUES (2256, "descricao","15/9/1987 21:33:48" ,373, 207);
INSERT INTO Internamento( EventoID, Motivo, DataFim, Ativo) VALUES (2256,"Mononucleosis","18/11/1987 23:49:53",0);
INSERT INTO Evento(EventoID,Descricao, Data, Admissao, Quarto) VALUES (2257, "descricao","26/6/2000 6:16:58" ,80, 170);
INSERT INTO Internamento( EventoID, Motivo, DataFim, Ativo) VALUES (2257,"Cerebral palsy","26/6/2001 8:33:74",0);
INSERT INTO Evento(EventoID,Descricao, Data, Admissao, Quarto) VALUES (2258, "descricao","23/1/2017 16:37:12" ,347, 169);
INSERT INTO Internamento( EventoID, Motivo, DataFim, Ativo) VALUES (2258,"Yellow fever","23/3/2018 18:38:24",0);
INSERT INTO Evento(EventoID,Descricao, Data, Admissao, Quarto) VALUES (2259, "descricao","23/3/1978 9:59:29" ,326, 153);
INSERT INTO Internamento( EventoID, Motivo, DataFim, Ativo) VALUES (2259,"Trichomoniasis","26/3/1979 11:61:45",0);
INSERT INTO Evento(EventoID,Descricao, Data, Admissao, Quarto) VALUES (2260, "descricao","7/3/1973 3:42:38" ,299, 164);
INSERT INTO Internamento( EventoID, Motivo, DataFim, Ativo) VALUES (2260,"Synovitis","8/5/1973 4:67:65",0);
INSERT INTO Evento(EventoID,Descricao, Data, Admissao, Quarto) VALUES (2261, "descricao","27/11/1962 5:5:52" ,155, 217);
INSERT INTO Internamento( EventoID, Motivo, DataFim, Ativo) VALUES (2261,"Bubonic plague","29/11/1962 7:11:63",0);
INSERT INTO Evento(EventoID,Descricao, Data, Admissao, Quarto) VALUES (2262, "descricao","24/3/1999 20:41:30" ,48, 193);
INSERT INTO Internamento( EventoID, Motivo, DataFim, Ativo) VALUES (2262,"Rheumatism","27/4/1999 22:45:55",0);
INSERT INTO Evento(EventoID,Descricao, Data, Admissao, Quarto) VALUES (2263, "descricao","14/6/1990 2:0:7" ,389, 136);
INSERT INTO Internamento( EventoID, Motivo, DataFim, Ativo) VALUES (2263,"Epilepsy","17/8/1990 3:13:15",0);
INSERT INTO Evento(EventoID,Descricao, Data, Admissao, Quarto) VALUES (2264, "descricao","15/1/2011 9:18:34" ,100, 234);
INSERT INTO Internamento( EventoID, Motivo, DataFim, Ativo) VALUES (2264,"Uremia","18/2/2013 11:46:56",0);
INSERT INTO Evento(EventoID,Descricao, Data, Admissao, Quarto) VALUES (2265, "descricao","26/2/1984 12:54:4" ,323, 223);
INSERT INTO Internamento( EventoID, Motivo, DataFim, Ativo) VALUES (2265,"Poliomyelitis",NULL,1);
INSERT INTO Evento(EventoID,Descricao, Data, Admissao, Quarto) VALUES (2266, "descricao","21/8/2011 11:44:23" ,357, 117);
INSERT INTO Internamento( EventoID, Motivo, DataFim, Ativo) VALUES (2266,"Kidney stone disease","24/10/2013 13:61:46",0);
INSERT INTO Evento(EventoID,Descricao, Data, Admissao, Quarto) VALUES (2267, "descricao","7/2/1987 12:36:59" ,492, 149);
INSERT INTO Internamento( EventoID, Motivo, DataFim, Ativo) VALUES (2267,"Chlamydia trachomatis","8/3/1988 13:38:85",0);
INSERT INTO Evento(EventoID,Descricao, Data, Admissao, Quarto) VALUES (2268, "descricao","13/5/1988 3:1:23" ,371, 184);
INSERT INTO Internamento( EventoID, Motivo, DataFim, Ativo) VALUES (2268,"Hepatitis A","13/5/1991 5:10:25",0);
INSERT INTO Evento(EventoID,Descricao, Data, Admissao, Quarto) VALUES (2269, "descricao","2/8/1997 22:18:34" ,117, 207);
INSERT INTO Internamento( EventoID, Motivo, DataFim, Ativo) VALUES (2269,"Erectile dysfunction","2/10/1997 23:22:54",0);
INSERT INTO Evento(EventoID,Descricao, Data, Admissao, Quarto) VALUES (2270, "descricao","1/1/1972 18:13:27" ,85, 172);
INSERT INTO Internamento( EventoID, Motivo, DataFim, Ativo) VALUES (2270,"Viral meningitis","3/3/1974 19:19:50",0);
INSERT INTO Evento(EventoID,Descricao, Data, Admissao, Quarto) VALUES (2271, "descricao","10/8/1969 15:2:32" ,428, 213);
INSERT INTO Internamento( EventoID, Motivo, DataFim, Ativo) VALUES (2271,"Asthma",NULL,1);
INSERT INTO Evento(EventoID,Descricao, Data, Admissao, Quarto) VALUES (2272, "descricao","18/6/1977 0:47:57" ,5, 183);
INSERT INTO Internamento( EventoID, Motivo, DataFim, Ativo) VALUES (2272,"Appendicitis","20/6/1980 1:77:82",0);
INSERT INTO Evento(EventoID,Descricao, Data, Admissao, Quarto) VALUES (2273, "descricao","1/3/2013 20:17:39" ,82, 124);
INSERT INTO Internamento( EventoID, Motivo, DataFim, Ativo) VALUES (2273,"COVID-19","4/5/2016 22:27:62",0);
INSERT INTO Evento(EventoID,Descricao, Data, Admissao, Quarto) VALUES (2274, "descricao","25/9/2019 0:8:13" ,39, 153);
INSERT INTO Internamento( EventoID, Motivo, DataFim, Ativo) VALUES (2274,"Interstitial cystitis","25/11/2021 1:27:13",0);
INSERT INTO Evento(EventoID,Descricao, Data, Admissao, Quarto) VALUES (2275, "descricao","21/12/1989 0:41:35" ,370, 151);
INSERT INTO Internamento( EventoID, Motivo, DataFim, Ativo) VALUES (2275,"Influenza",NULL,1);
INSERT INTO Evento(EventoID,Descricao, Data, Admissao, Quarto) VALUES (2276, "descricao","3/1/1967 1:2:43" ,84, 134);
INSERT INTO Internamento( EventoID, Motivo, DataFim, Ativo) VALUES (2276,"Myoclonus",NULL,1);
INSERT INTO Evento(EventoID,Descricao, Data, Admissao, Quarto) VALUES (2277, "descricao","16/7/1999 15:51:20" ,480, 122);
INSERT INTO Internamento( EventoID, Motivo, DataFim, Ativo) VALUES (2277,"Prostatitis","18/9/2001 16:76:23",0);
INSERT INTO Evento(EventoID,Descricao, Data, Admissao, Quarto) VALUES (2278, "descricao","3/4/1960 10:44:0" ,296, 248);
INSERT INTO Internamento( EventoID, Motivo, DataFim, Ativo) VALUES (2278,"Coronary heart disease","5/4/1960 12:70:2",0);
INSERT INTO Evento(EventoID,Descricao, Data, Admissao, Quarto) VALUES (2279, "descricao","20/10/1985 14:49:43" ,335, 246);
INSERT INTO Internamento( EventoID, Motivo, DataFim, Ativo) VALUES (2279,"Tetanus","23/10/1988 15:67:49",0);
INSERT INTO Evento(EventoID,Descricao, Data, Admissao, Quarto) VALUES (2280, "descricao","21/1/2014 7:25:17" ,228, 174);
INSERT INTO Internamento( EventoID, Motivo, DataFim, Ativo) VALUES (2280,"Mumps",NULL,1);
INSERT INTO Evento(EventoID,Descricao, Data, Admissao, Quarto) VALUES (2281, "descricao","24/12/2014 1:13:33" ,423, 134);
INSERT INTO Internamento( EventoID, Motivo, DataFim, Ativo) VALUES (2281,"Appendicitis","27/14/2014 2:43:59",0);
INSERT INTO Evento(EventoID,Descricao, Data, Admissao, Quarto) VALUES (2282, "descricao","7/1/1998 10:46:44" ,135, 168);
INSERT INTO Internamento( EventoID, Motivo, DataFim, Ativo) VALUES (2282,"Chagas disease","9/3/2000 12:63:50",0);
INSERT INTO Evento(EventoID,Descricao, Data, Admissao, Quarto) VALUES (2283, "descricao","15/9/1996 10:33:8" ,477, 197);
INSERT INTO Internamento( EventoID, Motivo, DataFim, Ativo) VALUES (2283,"Lice","16/9/1998 11:47:33",0);
INSERT INTO Evento(EventoID,Descricao, Data, Admissao, Quarto) VALUES (2284, "descricao","19/5/1994 15:17:48" ,340, 202);
INSERT INTO Internamento( EventoID, Motivo, DataFim, Ativo) VALUES (2284,"Legionellosis",NULL,1);
INSERT INTO Evento(EventoID,Descricao, Data, Admissao, Quarto) VALUES (2285, "descricao","15/2/1964 20:19:58" ,262, 247);
INSERT INTO Internamento( EventoID, Motivo, DataFim, Ativo) VALUES (2285,"Shigellosis","16/2/1967 22:25:70",0);
INSERT INTO Evento(EventoID,Descricao, Data, Admissao, Quarto) VALUES (2286, "descricao","28/10/1991 16:12:39" ,30, 183);
INSERT INTO Internamento( EventoID, Motivo, DataFim, Ativo) VALUES (2286,"Dysentery",NULL,1);
INSERT INTO Evento(EventoID,Descricao, Data, Admissao, Quarto) VALUES (2287, "descricao","7/1/2015 21:8:10" ,20, 232);
INSERT INTO Internamento( EventoID, Motivo, DataFim, Ativo) VALUES (2287,"Prostatitis","7/2/2018 23:18:32",0);
INSERT INTO Evento(EventoID,Descricao, Data, Admissao, Quarto) VALUES (2288, "descricao","10/5/2008 0:26:44" ,428, 191);
INSERT INTO Internamento( EventoID, Motivo, DataFim, Ativo) VALUES (2288,"Hyperopia","12/7/2011 1:33:50",0);
INSERT INTO Evento(EventoID,Descricao, Data, Admissao, Quarto) VALUES (2289, "descricao","10/5/1994 13:43:50" ,211, 184);
INSERT INTO Internamento( EventoID, Motivo, DataFim, Ativo) VALUES (2289,"Kuru","10/6/1995 14:48:53",0);
INSERT INTO Evento(EventoID,Descricao, Data, Admissao, Quarto) VALUES (2290, "descricao","20/5/2013 3:29:26" ,58, 181);
INSERT INTO Internamento( EventoID, Motivo, DataFim, Ativo) VALUES (2290,"Myoclonus","23/7/2013 5:46:53",0);
INSERT INTO Evento(EventoID,Descricao, Data, Admissao, Quarto) VALUES (2291, "descricao","21/12/1981 1:26:40" ,342, 147);
INSERT INTO Internamento( EventoID, Motivo, DataFim, Ativo) VALUES (2291,"Progeria","22/13/1984 2:26:54",0);
INSERT INTO Evento(EventoID,Descricao, Data, Admissao, Quarto) VALUES (2292, "descricao","25/2/2009 21:52:40" ,380, 212);
INSERT INTO Internamento( EventoID, Motivo, DataFim, Ativo) VALUES (2292,"Foodborne illness",NULL,1);
INSERT INTO Evento(EventoID,Descricao, Data, Admissao, Quarto) VALUES (2293, "descricao","11/11/1979 3:54:49" ,48, 113);
INSERT INTO Internamento( EventoID, Motivo, DataFim, Ativo) VALUES (2293,"Stomach flu","12/12/1982 4:55:78",0);
INSERT INTO Evento(EventoID,Descricao, Data, Admissao, Quarto) VALUES (2294, "descricao","26/2/1967 9:52:28" ,356, 224);
INSERT INTO Internamento( EventoID, Motivo, DataFim, Ativo) VALUES (2294,"Peritonitis","26/3/1968 11:60:35",0);
INSERT INTO Evento(EventoID,Descricao, Data, Admissao, Quarto) VALUES (2295, "descricao","5/4/2016 5:53:32" ,405, 125);
INSERT INTO Internamento( EventoID, Motivo, DataFim, Ativo) VALUES (2295,"Toxic shock syndrome",NULL,1);
INSERT INTO Evento(EventoID,Descricao, Data, Admissao, Quarto) VALUES (2296, "descricao","18/4/1977 7:23:34" ,68, 193);
INSERT INTO Internamento( EventoID, Motivo, DataFim, Ativo) VALUES (2296,"Progeria","19/6/1978 9:32:58",0);
INSERT INTO Evento(EventoID,Descricao, Data, Admissao, Quarto) VALUES (2297, "descricao","5/9/2010 5:33:27" ,198, 115);
INSERT INTO Internamento( EventoID, Motivo, DataFim, Ativo) VALUES (2297,"Gangrene",NULL,1);
INSERT INTO Evento(EventoID,Descricao, Data, Admissao, Quarto) VALUES (2298, "descricao","8/11/1961 11:31:11" ,257, 126);
INSERT INTO Internamento( EventoID, Motivo, DataFim, Ativo) VALUES (2298,"Poliomyelitis","9/12/1964 13:33:27",0);
INSERT INTO Evento(EventoID,Descricao, Data, Admissao, Quarto) VALUES (2299, "descricao","15/5/1963 5:17:42" ,145, 134);
INSERT INTO Internamento( EventoID, Motivo, DataFim, Ativo) VALUES (2299,"Kidney stone disease",NULL,1);

-- Event Occourence
INSERT INTO OcorrenciaEvento(OcorrenciaID,EventoID) VALUES (1, 1630);
INSERT INTO OcorrenciaEvento(OcorrenciaID,EventoID) VALUES (2, 2352);
INSERT INTO OcorrenciaEvento(OcorrenciaID,EventoID) VALUES (3, 1910);
INSERT INTO OcorrenciaEvento(OcorrenciaID,EventoID) VALUES (4, 1678);
INSERT INTO OcorrenciaEvento(OcorrenciaID,EventoID) VALUES (5, 1028);
INSERT INTO OcorrenciaEvento(OcorrenciaID,EventoID) VALUES (6, 1959);
INSERT INTO OcorrenciaEvento(OcorrenciaID,EventoID) VALUES (7, 1913);
INSERT INTO OcorrenciaEvento(OcorrenciaID,EventoID) VALUES (8, 1302);
INSERT INTO OcorrenciaEvento(OcorrenciaID,EventoID) VALUES (9, 1893);
INSERT INTO OcorrenciaEvento(OcorrenciaID,EventoID) VALUES (10, 1239);
INSERT INTO OcorrenciaEvento(OcorrenciaID,EventoID) VALUES (11, 155);
INSERT INTO OcorrenciaEvento(OcorrenciaID,EventoID) VALUES (12, 1578);
INSERT INTO OcorrenciaEvento(OcorrenciaID,EventoID) VALUES (13, 1108);
INSERT INTO OcorrenciaEvento(OcorrenciaID,EventoID) VALUES (14, 873);
INSERT INTO OcorrenciaEvento(OcorrenciaID,EventoID) VALUES (15, 337);
INSERT INTO OcorrenciaEvento(OcorrenciaID,EventoID) VALUES (16, 955);
INSERT INTO OcorrenciaEvento(OcorrenciaID,EventoID) VALUES (17, 1895);
INSERT INTO OcorrenciaEvento(OcorrenciaID,EventoID) VALUES (18, 595);
INSERT INTO OcorrenciaEvento(OcorrenciaID,EventoID) VALUES (19, 1);
INSERT INTO OcorrenciaEvento(OcorrenciaID,EventoID) VALUES (20, 2274);
INSERT INTO OcorrenciaEvento(OcorrenciaID,EventoID) VALUES (21, 52);
INSERT INTO OcorrenciaEvento(OcorrenciaID,EventoID) VALUES (22, 2338);
INSERT INTO OcorrenciaEvento(OcorrenciaID,EventoID) VALUES (23, 693);
INSERT INTO OcorrenciaEvento(OcorrenciaID,EventoID) VALUES (24, 747);
INSERT INTO OcorrenciaEvento(OcorrenciaID,EventoID) VALUES (25, 1474);
INSERT INTO OcorrenciaEvento(OcorrenciaID,EventoID) VALUES (27, 12);
INSERT INTO OcorrenciaEvento(OcorrenciaID,EventoID) VALUES (28, 442);
INSERT INTO OcorrenciaEvento(OcorrenciaID,EventoID) VALUES (29, 2277);
INSERT INTO OcorrenciaEvento(OcorrenciaID,EventoID) VALUES (30, 1468);
INSERT INTO OcorrenciaEvento(OcorrenciaID,EventoID) VALUES (31, 501);
INSERT INTO OcorrenciaEvento(OcorrenciaID,EventoID) VALUES (32, 2302);
INSERT INTO OcorrenciaEvento(OcorrenciaID,EventoID) VALUES (33, 1609);
INSERT INTO OcorrenciaEvento(OcorrenciaID,EventoID) VALUES (34, 231);
INSERT INTO OcorrenciaEvento(OcorrenciaID,EventoID) VALUES (35, 1136);
INSERT INTO OcorrenciaEvento(OcorrenciaID,EventoID) VALUES (36, 694);
INSERT INTO OcorrenciaEvento(OcorrenciaID,EventoID) VALUES (37, 1814);
INSERT INTO OcorrenciaEvento(OcorrenciaID,EventoID) VALUES (38, 1983);
INSERT INTO OcorrenciaEvento(OcorrenciaID,EventoID) VALUES (39, 2125);
INSERT INTO OcorrenciaEvento(OcorrenciaID,EventoID) VALUES (40, 1759);
INSERT INTO OcorrenciaEvento(OcorrenciaID,EventoID) VALUES (41, 1684);
INSERT INTO OcorrenciaEvento(OcorrenciaID,EventoID) VALUES (42, 490);
INSERT INTO OcorrenciaEvento(OcorrenciaID,EventoID) VALUES (43, 896);
INSERT INTO OcorrenciaEvento(OcorrenciaID,EventoID) VALUES (44, 1277);
INSERT INTO OcorrenciaEvento(OcorrenciaID,EventoID) VALUES (45, 965);
INSERT INTO OcorrenciaEvento(OcorrenciaID,EventoID) VALUES (46, 21);
INSERT INTO OcorrenciaEvento(OcorrenciaID,EventoID) VALUES (47, 484);
INSERT INTO OcorrenciaEvento(OcorrenciaID,EventoID) VALUES (48, 1032);
INSERT INTO OcorrenciaEvento(OcorrenciaID,EventoID) VALUES (49, 351);
INSERT INTO OcorrenciaEvento(OcorrenciaID,EventoID) VALUES (50, 2332);
INSERT INTO OcorrenciaEvento(OcorrenciaID,EventoID) VALUES (51, 2359);
INSERT INTO OcorrenciaEvento(OcorrenciaID,EventoID) VALUES (52, 1117);
INSERT INTO OcorrenciaEvento(OcorrenciaID,EventoID) VALUES (53, 1825);
INSERT INTO OcorrenciaEvento(OcorrenciaID,EventoID) VALUES (54, 999);
INSERT INTO OcorrenciaEvento(OcorrenciaID,EventoID) VALUES (55, 2386);
INSERT INTO OcorrenciaEvento(OcorrenciaID,EventoID) VALUES (56, 1147);
INSERT INTO OcorrenciaEvento(OcorrenciaID,EventoID) VALUES (57, 2185);
INSERT INTO OcorrenciaEvento(OcorrenciaID,EventoID) VALUES (58, 1936);
INSERT INTO OcorrenciaEvento(OcorrenciaID,EventoID) VALUES (59, 943);
INSERT INTO OcorrenciaEvento(OcorrenciaID,EventoID) VALUES (60, 1303);
INSERT INTO OcorrenciaEvento(OcorrenciaID,EventoID) VALUES (61, 1161);
INSERT INTO OcorrenciaEvento(OcorrenciaID,EventoID) VALUES (62, 2116);
INSERT INTO OcorrenciaEvento(OcorrenciaID,EventoID) VALUES (63, 1140);
INSERT INTO OcorrenciaEvento(OcorrenciaID,EventoID) VALUES (64, 1089);
INSERT INTO OcorrenciaEvento(OcorrenciaID,EventoID) VALUES (65, 1086);
INSERT INTO OcorrenciaEvento(OcorrenciaID,EventoID) VALUES (66, 1631);
INSERT INTO OcorrenciaEvento(OcorrenciaID,EventoID) VALUES (67, 168);
INSERT INTO OcorrenciaEvento(OcorrenciaID,EventoID) VALUES (69, 932);
INSERT INTO OcorrenciaEvento(OcorrenciaID,EventoID) VALUES (70, 301);
INSERT INTO OcorrenciaEvento(OcorrenciaID,EventoID) VALUES (72, 581);
INSERT INTO OcorrenciaEvento(OcorrenciaID,EventoID) VALUES (73, 360);
INSERT INTO OcorrenciaEvento(OcorrenciaID,EventoID) VALUES (74, 2333);
INSERT INTO OcorrenciaEvento(OcorrenciaID,EventoID) VALUES (75, 1695);
INSERT INTO OcorrenciaEvento(OcorrenciaID,EventoID) VALUES (76, 2169);
INSERT INTO OcorrenciaEvento(OcorrenciaID,EventoID) VALUES (77, 1547);
INSERT INTO OcorrenciaEvento(OcorrenciaID,EventoID) VALUES (78, 1163);
INSERT INTO OcorrenciaEvento(OcorrenciaID,EventoID) VALUES (79, 503);
INSERT INTO OcorrenciaEvento(OcorrenciaID,EventoID) VALUES (80, 919);
INSERT INTO OcorrenciaEvento(OcorrenciaID,EventoID) VALUES (81, 27);
INSERT INTO OcorrenciaEvento(OcorrenciaID,EventoID) VALUES (82, 1685);
INSERT INTO OcorrenciaEvento(OcorrenciaID,EventoID) VALUES (83, 2255);
INSERT INTO OcorrenciaEvento(OcorrenciaID,EventoID) VALUES (84, 684);
INSERT INTO OcorrenciaEvento(OcorrenciaID,EventoID) VALUES (85, 2135);
INSERT INTO OcorrenciaEvento(OcorrenciaID,EventoID) VALUES (86, 620);
INSERT INTO OcorrenciaEvento(OcorrenciaID,EventoID) VALUES (87, 1156);
INSERT INTO OcorrenciaEvento(OcorrenciaID,EventoID) VALUES (88, 452);
INSERT INTO OcorrenciaEvento(OcorrenciaID,EventoID) VALUES (89, 534);
INSERT INTO OcorrenciaEvento(OcorrenciaID,EventoID) VALUES (91, 536);
INSERT INTO OcorrenciaEvento(OcorrenciaID,EventoID) VALUES (92, 925);
INSERT INTO OcorrenciaEvento(OcorrenciaID,EventoID) VALUES (93, 2043);
INSERT INTO OcorrenciaEvento(OcorrenciaID,EventoID) VALUES (94, 1450);
INSERT INTO OcorrenciaEvento(OcorrenciaID,EventoID) VALUES (95, 1552);
INSERT INTO OcorrenciaEvento(OcorrenciaID,EventoID) VALUES (96, 889);
INSERT INTO OcorrenciaEvento(OcorrenciaID,EventoID) VALUES (97, 230);
INSERT INTO OcorrenciaEvento(OcorrenciaID,EventoID) VALUES (98, 1864);
INSERT INTO OcorrenciaEvento(OcorrenciaID,EventoID) VALUES (99, 85);
INSERT INTO OcorrenciaEvento(OcorrenciaID,EventoID) VALUES (100, 1898);
INSERT INTO OcorrenciaEvento(OcorrenciaID,EventoID) VALUES (101, 1597);
INSERT INTO OcorrenciaEvento(OcorrenciaID,EventoID) VALUES (102, 1243);
INSERT INTO OcorrenciaEvento(OcorrenciaID,EventoID) VALUES (103, 1006);
INSERT INTO OcorrenciaEvento(OcorrenciaID,EventoID) VALUES (104, 1459);
INSERT INTO OcorrenciaEvento(OcorrenciaID,EventoID) VALUES (105, 1116);
INSERT INTO OcorrenciaEvento(OcorrenciaID,EventoID) VALUES (106, 1901);
INSERT INTO OcorrenciaEvento(OcorrenciaID,EventoID) VALUES (107, 389);
INSERT INTO OcorrenciaEvento(OcorrenciaID,EventoID) VALUES (108, 2381);
INSERT INTO OcorrenciaEvento(OcorrenciaID,EventoID) VALUES (109, 737);
INSERT INTO OcorrenciaEvento(OcorrenciaID,EventoID) VALUES (110, 2335);
INSERT INTO OcorrenciaEvento(OcorrenciaID,EventoID) VALUES (111, 812);
INSERT INTO OcorrenciaEvento(OcorrenciaID,EventoID) VALUES (112, 322);
INSERT INTO OcorrenciaEvento(OcorrenciaID,EventoID) VALUES (113, 1454);
INSERT INTO OcorrenciaEvento(OcorrenciaID,EventoID) VALUES (114, 2093);
INSERT INTO OcorrenciaEvento(OcorrenciaID,EventoID) VALUES (115, 204);
INSERT INTO OcorrenciaEvento(OcorrenciaID,EventoID) VALUES (116, 765);
INSERT INTO OcorrenciaEvento(OcorrenciaID,EventoID) VALUES (117, 2031);
INSERT INTO OcorrenciaEvento(OcorrenciaID,EventoID) VALUES (118, 402);
INSERT INTO OcorrenciaEvento(OcorrenciaID,EventoID) VALUES (119, 1173);
INSERT INTO OcorrenciaEvento(OcorrenciaID,EventoID) VALUES (121, 1168);
INSERT INTO OcorrenciaEvento(OcorrenciaID,EventoID) VALUES (122, 717);
INSERT INTO OcorrenciaEvento(OcorrenciaID,EventoID) VALUES (123, 422);
INSERT INTO OcorrenciaEvento(OcorrenciaID,EventoID) VALUES (124, 2036);
INSERT INTO OcorrenciaEvento(OcorrenciaID,EventoID) VALUES (125, 1848);
INSERT INTO OcorrenciaEvento(OcorrenciaID,EventoID) VALUES (126, 1395);
INSERT INTO OcorrenciaEvento(OcorrenciaID,EventoID) VALUES (127, 1621);
INSERT INTO OcorrenciaEvento(OcorrenciaID,EventoID) VALUES (128, 2339);
INSERT INTO OcorrenciaEvento(OcorrenciaID,EventoID) VALUES (129, 1523);
INSERT INTO OcorrenciaEvento(OcorrenciaID,EventoID) VALUES (130, 706);
INSERT INTO OcorrenciaEvento(OcorrenciaID,EventoID) VALUES (131, 714);
INSERT INTO OcorrenciaEvento(OcorrenciaID,EventoID) VALUES (132, 2314);
INSERT INTO OcorrenciaEvento(OcorrenciaID,EventoID) VALUES (133, 561);
INSERT INTO OcorrenciaEvento(OcorrenciaID,EventoID) VALUES (135, 1005);
INSERT INTO OcorrenciaEvento(OcorrenciaID,EventoID) VALUES (136, 1090);
INSERT INTO OcorrenciaEvento(OcorrenciaID,EventoID) VALUES (137, 1367);
INSERT INTO OcorrenciaEvento(OcorrenciaID,EventoID) VALUES (138, 399);
INSERT INTO OcorrenciaEvento(OcorrenciaID,EventoID) VALUES (139, 1218);
INSERT INTO OcorrenciaEvento(OcorrenciaID,EventoID) VALUES (140, 521);
INSERT INTO OcorrenciaEvento(OcorrenciaID,EventoID) VALUES (141, 576);
INSERT INTO OcorrenciaEvento(OcorrenciaID,EventoID) VALUES (142, 915);
INSERT INTO OcorrenciaEvento(OcorrenciaID,EventoID) VALUES (143, 1227);
INSERT INTO OcorrenciaEvento(OcorrenciaID,EventoID) VALUES (144, 752);
INSERT INTO OcorrenciaEvento(OcorrenciaID,EventoID) VALUES (145, 966);
INSERT INTO OcorrenciaEvento(OcorrenciaID,EventoID) VALUES (147, 506);
INSERT INTO OcorrenciaEvento(OcorrenciaID,EventoID) VALUES (148, 673);
INSERT INTO OcorrenciaEvento(OcorrenciaID,EventoID) VALUES (149, 200);
INSERT INTO OcorrenciaEvento(OcorrenciaID,EventoID) VALUES (150, 1268);
INSERT INTO OcorrenciaEvento(OcorrenciaID,EventoID) VALUES (151, 603);
INSERT INTO OcorrenciaEvento(OcorrenciaID,EventoID) VALUES (152, 1222);
INSERT INTO OcorrenciaEvento(OcorrenciaID,EventoID) VALUES (153, 963);
INSERT INTO OcorrenciaEvento(OcorrenciaID,EventoID) VALUES (154, 239);
INSERT INTO OcorrenciaEvento(OcorrenciaID,EventoID) VALUES (155, 617);
INSERT INTO OcorrenciaEvento(OcorrenciaID,EventoID) VALUES (156, 240);
INSERT INTO OcorrenciaEvento(OcorrenciaID,EventoID) VALUES (158, 2114);
INSERT INTO OcorrenciaEvento(OcorrenciaID,EventoID) VALUES (159, 773);
INSERT INTO OcorrenciaEvento(OcorrenciaID,EventoID) VALUES (160, 922);
INSERT INTO OcorrenciaEvento(OcorrenciaID,EventoID) VALUES (162, 341);
INSERT INTO OcorrenciaEvento(OcorrenciaID,EventoID) VALUES (163, 1586);
INSERT INTO OcorrenciaEvento(OcorrenciaID,EventoID) VALUES (164, 494);
INSERT INTO OcorrenciaEvento(OcorrenciaID,EventoID) VALUES (165, 648);
INSERT INTO OcorrenciaEvento(OcorrenciaID,EventoID) VALUES (166, 1477);
INSERT INTO OcorrenciaEvento(OcorrenciaID,EventoID) VALUES (167, 46);
INSERT INTO OcorrenciaEvento(OcorrenciaID,EventoID) VALUES (168, 2082);
INSERT INTO OcorrenciaEvento(OcorrenciaID,EventoID) VALUES (169, 1870);
INSERT INTO OcorrenciaEvento(OcorrenciaID,EventoID) VALUES (170, 1502);
INSERT INTO OcorrenciaEvento(OcorrenciaID,EventoID) VALUES (171, 1969);
INSERT INTO OcorrenciaEvento(OcorrenciaID,EventoID) VALUES (172, 801);
INSERT INTO OcorrenciaEvento(OcorrenciaID,EventoID) VALUES (173, 2208);
INSERT INTO OcorrenciaEvento(OcorrenciaID,EventoID) VALUES (174, 29);
INSERT INTO OcorrenciaEvento(OcorrenciaID,EventoID) VALUES (176, 710);
INSERT INTO OcorrenciaEvento(OcorrenciaID,EventoID) VALUES (177, 1743);
INSERT INTO OcorrenciaEvento(OcorrenciaID,EventoID) VALUES (178, 1709);
INSERT INTO OcorrenciaEvento(OcorrenciaID,EventoID) VALUES (179, 88);
INSERT INTO OcorrenciaEvento(OcorrenciaID,EventoID) VALUES (180, 1599);
INSERT INTO OcorrenciaEvento(OcorrenciaID,EventoID) VALUES (181, 1541);
INSERT INTO OcorrenciaEvento(OcorrenciaID,EventoID) VALUES (182, 565);
INSERT INTO OcorrenciaEvento(OcorrenciaID,EventoID) VALUES (183, 445);
INSERT INTO OcorrenciaEvento(OcorrenciaID,EventoID) VALUES (184, 1178);
INSERT INTO OcorrenciaEvento(OcorrenciaID,EventoID) VALUES (185, 365);
INSERT INTO OcorrenciaEvento(OcorrenciaID,EventoID) VALUES (186, 760);
INSERT INTO OcorrenciaEvento(OcorrenciaID,EventoID) VALUES (187, 1035);
INSERT INTO OcorrenciaEvento(OcorrenciaID,EventoID) VALUES (188, 1645);
INSERT INTO OcorrenciaEvento(OcorrenciaID,EventoID) VALUES (189, 1961);
INSERT INTO OcorrenciaEvento(OcorrenciaID,EventoID) VALUES (190, 1291);
INSERT INTO OcorrenciaEvento(OcorrenciaID,EventoID) VALUES (191, 87);
INSERT INTO OcorrenciaEvento(OcorrenciaID,EventoID) VALUES (192, 697);
INSERT INTO OcorrenciaEvento(OcorrenciaID,EventoID) VALUES (193, 2292);
INSERT INTO OcorrenciaEvento(OcorrenciaID,EventoID) VALUES (194, 517);
INSERT INTO OcorrenciaEvento(OcorrenciaID,EventoID) VALUES (195, 1543);
INSERT INTO OcorrenciaEvento(OcorrenciaID,EventoID) VALUES (196, 736);
INSERT INTO OcorrenciaEvento(OcorrenciaID,EventoID) VALUES (197, 2199);
INSERT INTO OcorrenciaEvento(OcorrenciaID,EventoID) VALUES (198, 84);
INSERT INTO OcorrenciaEvento(OcorrenciaID,EventoID) VALUES (199, 793);
INSERT INTO OcorrenciaEvento(OcorrenciaID,EventoID) VALUES (200, 818);
INSERT INTO OcorrenciaEvento(OcorrenciaID,EventoID) VALUES (201, 1329);
INSERT INTO OcorrenciaEvento(OcorrenciaID,EventoID) VALUES (202, 508);
INSERT INTO OcorrenciaEvento(OcorrenciaID,EventoID) VALUES (203, 1699);
INSERT INTO OcorrenciaEvento(OcorrenciaID,EventoID) VALUES (204, 584);
INSERT INTO OcorrenciaEvento(OcorrenciaID,EventoID) VALUES (205, 1219);
INSERT INTO OcorrenciaEvento(OcorrenciaID,EventoID) VALUES (206, 847);
INSERT INTO OcorrenciaEvento(OcorrenciaID,EventoID) VALUES (207, 1417);
INSERT INTO OcorrenciaEvento(OcorrenciaID,EventoID) VALUES (208, 2068);
INSERT INTO OcorrenciaEvento(OcorrenciaID,EventoID) VALUES (209, 163);
INSERT INTO OcorrenciaEvento(OcorrenciaID,EventoID) VALUES (210, 355);
INSERT INTO OcorrenciaEvento(OcorrenciaID,EventoID) VALUES (211, 558);
INSERT INTO OcorrenciaEvento(OcorrenciaID,EventoID) VALUES (212, 1593);
INSERT INTO OcorrenciaEvento(OcorrenciaID,EventoID) VALUES (213, 2115);
INSERT INTO OcorrenciaEvento(OcorrenciaID,EventoID) VALUES (214, 664);
INSERT INTO OcorrenciaEvento(OcorrenciaID,EventoID) VALUES (215, 304);
INSERT INTO OcorrenciaEvento(OcorrenciaID,EventoID) VALUES (217, 458);
INSERT INTO OcorrenciaEvento(OcorrenciaID,EventoID) VALUES (219, 227);
INSERT INTO OcorrenciaEvento(OcorrenciaID,EventoID) VALUES (221, 909);
INSERT INTO OcorrenciaEvento(OcorrenciaID,EventoID) VALUES (222, 2053);
INSERT INTO OcorrenciaEvento(OcorrenciaID,EventoID) VALUES (223, 906);
INSERT INTO OcorrenciaEvento(OcorrenciaID,EventoID) VALUES (224, 912);
INSERT INTO OcorrenciaEvento(OcorrenciaID,EventoID) VALUES (225, 630);
INSERT INTO OcorrenciaEvento(OcorrenciaID,EventoID) VALUES (226, 1023);
INSERT INTO OcorrenciaEvento(OcorrenciaID,EventoID) VALUES (227, 1299);
INSERT INTO OcorrenciaEvento(OcorrenciaID,EventoID) VALUES (228, 1357);
INSERT INTO OcorrenciaEvento(OcorrenciaID,EventoID) VALUES (229, 1815);
INSERT INTO OcorrenciaEvento(OcorrenciaID,EventoID) VALUES (230, 784);
INSERT INTO OcorrenciaEvento(OcorrenciaID,EventoID) VALUES (231, 1982);
INSERT INTO OcorrenciaEvento(OcorrenciaID,EventoID) VALUES (233, 653);
INSERT INTO OcorrenciaEvento(OcorrenciaID,EventoID) VALUES (234, 1284);
INSERT INTO OcorrenciaEvento(OcorrenciaID,EventoID) VALUES (235, 1109);
INSERT INTO OcorrenciaEvento(OcorrenciaID,EventoID) VALUES (236, 1600);
INSERT INTO OcorrenciaEvento(OcorrenciaID,EventoID) VALUES (237, 340);
INSERT INTO OcorrenciaEvento(OcorrenciaID,EventoID) VALUES (239, 1950);
INSERT INTO OcorrenciaEvento(OcorrenciaID,EventoID) VALUES (240, 2253);
INSERT INTO OcorrenciaEvento(OcorrenciaID,EventoID) VALUES (241, 1372);
INSERT INTO OcorrenciaEvento(OcorrenciaID,EventoID) VALUES (242, 813);
INSERT INTO OcorrenciaEvento(OcorrenciaID,EventoID) VALUES (243, 98);
INSERT INTO OcorrenciaEvento(OcorrenciaID,EventoID) VALUES (244, 1574);
INSERT INTO OcorrenciaEvento(OcorrenciaID,EventoID) VALUES (245, 1309);
INSERT INTO OcorrenciaEvento(OcorrenciaID,EventoID) VALUES (246, 787);
INSERT INTO OcorrenciaEvento(OcorrenciaID,EventoID) VALUES (247, 2073);
INSERT INTO OcorrenciaEvento(OcorrenciaID,EventoID) VALUES (248, 882);
INSERT INTO OcorrenciaEvento(OcorrenciaID,EventoID) VALUES (249, 462);
INSERT INTO OcorrenciaEvento(OcorrenciaID,EventoID) VALUES (250, 878);
INSERT INTO OcorrenciaEvento(OcorrenciaID,EventoID) VALUES (251, 2137);
INSERT INTO OcorrenciaEvento(OcorrenciaID,EventoID) VALUES (253, 1037);
INSERT INTO OcorrenciaEvento(OcorrenciaID,EventoID) VALUES (254, 2282);
INSERT INTO OcorrenciaEvento(OcorrenciaID,EventoID) VALUES (255, 2286);
INSERT INTO OcorrenciaEvento(OcorrenciaID,EventoID) VALUES (256, 1091);
INSERT INTO OcorrenciaEvento(OcorrenciaID,EventoID) VALUES (257, 962);
INSERT INTO OcorrenciaEvento(OcorrenciaID,EventoID) VALUES (258, 1834);
INSERT INTO OcorrenciaEvento(OcorrenciaID,EventoID) VALUES (259, 613);
INSERT INTO OcorrenciaEvento(OcorrenciaID,EventoID) VALUES (260, 47);
INSERT INTO OcorrenciaEvento(OcorrenciaID,EventoID) VALUES (261, 447);
INSERT INTO OcorrenciaEvento(OcorrenciaID,EventoID) VALUES (263, 532);
INSERT INTO OcorrenciaEvento(OcorrenciaID,EventoID) VALUES (264, 518);
INSERT INTO OcorrenciaEvento(OcorrenciaID,EventoID) VALUES (265, 1488);
INSERT INTO OcorrenciaEvento(OcorrenciaID,EventoID) VALUES (266, 1143);
INSERT INTO OcorrenciaEvento(OcorrenciaID,EventoID) VALUES (267, 590);
INSERT INTO OcorrenciaEvento(OcorrenciaID,EventoID) VALUES (268, 1879);
INSERT INTO OcorrenciaEvento(OcorrenciaID,EventoID) VALUES (270, 1584);
INSERT INTO OcorrenciaEvento(OcorrenciaID,EventoID) VALUES (271, 1426);
INSERT INTO OcorrenciaEvento(OcorrenciaID,EventoID) VALUES (272, 493);
INSERT INTO OcorrenciaEvento(OcorrenciaID,EventoID) VALUES (273, 1478);
INSERT INTO OcorrenciaEvento(OcorrenciaID,EventoID) VALUES (276, 526);
INSERT INTO OcorrenciaEvento(OcorrenciaID,EventoID) VALUES (277, 735);
INSERT INTO OcorrenciaEvento(OcorrenciaID,EventoID) VALUES (278, 601);
INSERT INTO OcorrenciaEvento(OcorrenciaID,EventoID) VALUES (279, 891);
INSERT INTO OcorrenciaEvento(OcorrenciaID,EventoID) VALUES (280, 2106);
INSERT INTO OcorrenciaEvento(OcorrenciaID,EventoID) VALUES (281, 1536);
INSERT INTO OcorrenciaEvento(OcorrenciaID,EventoID) VALUES (282, 2147);
INSERT INTO OcorrenciaEvento(OcorrenciaID,EventoID) VALUES (283, 2246);
INSERT INTO OcorrenciaEvento(OcorrenciaID,EventoID) VALUES (284, 746);
INSERT INTO OcorrenciaEvento(OcorrenciaID,EventoID) VALUES (285, 854);
INSERT INTO OcorrenciaEvento(OcorrenciaID,EventoID) VALUES (286, 550);
INSERT INTO OcorrenciaEvento(OcorrenciaID,EventoID) VALUES (288, 1346);
INSERT INTO OcorrenciaEvento(OcorrenciaID,EventoID) VALUES (289, 544);
INSERT INTO OcorrenciaEvento(OcorrenciaID,EventoID) VALUES (290, 2119);
INSERT INTO OcorrenciaEvento(OcorrenciaID,EventoID) VALUES (291, 956);
INSERT INTO OcorrenciaEvento(OcorrenciaID,EventoID) VALUES (292, 1694);
INSERT INTO OcorrenciaEvento(OcorrenciaID,EventoID) VALUES (293, 2243);
INSERT INTO OcorrenciaEvento(OcorrenciaID,EventoID) VALUES (294, 672);
INSERT INTO OcorrenciaEvento(OcorrenciaID,EventoID) VALUES (295, 1977);
INSERT INTO OcorrenciaEvento(OcorrenciaID,EventoID) VALUES (296, 267);
INSERT INTO OcorrenciaEvento(OcorrenciaID,EventoID) VALUES (297, 1040);
INSERT INTO OcorrenciaEvento(OcorrenciaID,EventoID) VALUES (298, 106);
INSERT INTO OcorrenciaEvento(OcorrenciaID,EventoID) VALUES (299, 1396);
INSERT INTO OcorrenciaEvento(OcorrenciaID,EventoID) VALUES (300, 79);
INSERT INTO OcorrenciaEvento(OcorrenciaID,EventoID) VALUES (301, 2225);
INSERT INTO OcorrenciaEvento(OcorrenciaID,EventoID) VALUES (302, 1334);
INSERT INTO OcorrenciaEvento(OcorrenciaID,EventoID) VALUES (303, 938);
INSERT INTO OcorrenciaEvento(OcorrenciaID,EventoID) VALUES (304, 861);
INSERT INTO OcorrenciaEvento(OcorrenciaID,EventoID) VALUES (305, 568);
INSERT INTO OcorrenciaEvento(OcorrenciaID,EventoID) VALUES (306, 1193);
INSERT INTO OcorrenciaEvento(OcorrenciaID,EventoID) VALUES (309, 687);
INSERT INTO OcorrenciaEvento(OcorrenciaID,EventoID) VALUES (310, 555);
INSERT INTO OcorrenciaEvento(OcorrenciaID,EventoID) VALUES (311, 1786);
INSERT INTO OcorrenciaEvento(OcorrenciaID,EventoID) VALUES (312, 1857);
INSERT INTO OcorrenciaEvento(OcorrenciaID,EventoID) VALUES (313, 198);
INSERT INTO OcorrenciaEvento(OcorrenciaID,EventoID) VALUES (315, 1676);
INSERT INTO OcorrenciaEvento(OcorrenciaID,EventoID) VALUES (316, 1493);
INSERT INTO OcorrenciaEvento(OcorrenciaID,EventoID) VALUES (317, 1861);
INSERT INTO OcorrenciaEvento(OcorrenciaID,EventoID) VALUES (318, 815);
INSERT INTO OcorrenciaEvento(OcorrenciaID,EventoID) VALUES (319, 82);
INSERT INTO OcorrenciaEvento(OcorrenciaID,EventoID) VALUES (320, 988);
INSERT INTO OcorrenciaEvento(OcorrenciaID,EventoID) VALUES (321, 1305);
INSERT INTO OcorrenciaEvento(OcorrenciaID,EventoID) VALUES (322, 2293);
INSERT INTO OcorrenciaEvento(OcorrenciaID,EventoID) VALUES (323, 363);
INSERT INTO OcorrenciaEvento(OcorrenciaID,EventoID) VALUES (324, 1809);
INSERT INTO OcorrenciaEvento(OcorrenciaID,EventoID) VALUES (325, 1196);
INSERT INTO OcorrenciaEvento(OcorrenciaID,EventoID) VALUES (326, 1681);
INSERT INTO OcorrenciaEvento(OcorrenciaID,EventoID) VALUES (327, 1692);
INSERT INTO OcorrenciaEvento(OcorrenciaID,EventoID) VALUES (328, 2117);
INSERT INTO OcorrenciaEvento(OcorrenciaID,EventoID) VALUES (329, 123);
INSERT INTO OcorrenciaEvento(OcorrenciaID,EventoID) VALUES (331, 887);
INSERT INTO OcorrenciaEvento(OcorrenciaID,EventoID) VALUES (332, 1409);
INSERT INTO OcorrenciaEvento(OcorrenciaID,EventoID) VALUES (334, 2087);
INSERT INTO OcorrenciaEvento(OcorrenciaID,EventoID) VALUES (335, 1167);
INSERT INTO OcorrenciaEvento(OcorrenciaID,EventoID) VALUES (336, 156);
INSERT INTO OcorrenciaEvento(OcorrenciaID,EventoID) VALUES (338, 1760);
INSERT INTO OcorrenciaEvento(OcorrenciaID,EventoID) VALUES (339, 666);
INSERT INTO OcorrenciaEvento(OcorrenciaID,EventoID) VALUES (340, 2062);
INSERT INTO OcorrenciaEvento(OcorrenciaID,EventoID) VALUES (341, 1470);
INSERT INTO OcorrenciaEvento(OcorrenciaID,EventoID) VALUES (342, 2018);
INSERT INTO OcorrenciaEvento(OcorrenciaID,EventoID) VALUES (343, 1767);
INSERT INTO OcorrenciaEvento(OcorrenciaID,EventoID) VALUES (344, 63);
INSERT INTO OcorrenciaEvento(OcorrenciaID,EventoID) VALUES (345, 1753);
INSERT INTO OcorrenciaEvento(OcorrenciaID,EventoID) VALUES (346, 982);
INSERT INTO OcorrenciaEvento(OcorrenciaID,EventoID) VALUES (347, 1960);
INSERT INTO OcorrenciaEvento(OcorrenciaID,EventoID) VALUES (348, 1128);
INSERT INTO OcorrenciaEvento(OcorrenciaID,EventoID) VALUES (349, 1590);
INSERT INTO OcorrenciaEvento(OcorrenciaID,EventoID) VALUES (350, 1664);
INSERT INTO OcorrenciaEvento(OcorrenciaID,EventoID) VALUES (351, 260);
INSERT INTO OcorrenciaEvento(OcorrenciaID,EventoID) VALUES (352, 1139);
INSERT INTO OcorrenciaEvento(OcorrenciaID,EventoID) VALUES (353, 2201);
INSERT INTO OcorrenciaEvento(OcorrenciaID,EventoID) VALUES (354, 76);
INSERT INTO OcorrenciaEvento(OcorrenciaID,EventoID) VALUES (355, 1405);
INSERT INTO OcorrenciaEvento(OcorrenciaID,EventoID) VALUES (357, 1164);
INSERT INTO OcorrenciaEvento(OcorrenciaID,EventoID) VALUES (358, 728);
INSERT INTO OcorrenciaEvento(OcorrenciaID,EventoID) VALUES (359, 1066);
INSERT INTO OcorrenciaEvento(OcorrenciaID,EventoID) VALUES (360, 972);
INSERT INTO OcorrenciaEvento(OcorrenciaID,EventoID) VALUES (361, 1150);
INSERT INTO OcorrenciaEvento(OcorrenciaID,EventoID) VALUES (363, 421);
INSERT INTO OcorrenciaEvento(OcorrenciaID,EventoID) VALUES (364, 2086);
INSERT INTO OcorrenciaEvento(OcorrenciaID,EventoID) VALUES (365, 1830);
INSERT INTO OcorrenciaEvento(OcorrenciaID,EventoID) VALUES (366, 806);
INSERT INTO OcorrenciaEvento(OcorrenciaID,EventoID) VALUES (367, 543);
INSERT INTO OcorrenciaEvento(OcorrenciaID,EventoID) VALUES (368, 825);
INSERT INTO OcorrenciaEvento(OcorrenciaID,EventoID) VALUES (369, 33);
INSERT INTO OcorrenciaEvento(OcorrenciaID,EventoID) VALUES (370, 947);
INSERT INTO OcorrenciaEvento(OcorrenciaID,EventoID) VALUES (371, 74);
INSERT INTO OcorrenciaEvento(OcorrenciaID,EventoID) VALUES (372, 2002);
INSERT INTO OcorrenciaEvento(OcorrenciaID,EventoID) VALUES (373, 364);
INSERT INTO OcorrenciaEvento(OcorrenciaID,EventoID) VALUES (374, 496);
INSERT INTO OcorrenciaEvento(OcorrenciaID,EventoID) VALUES (375, 2279);
INSERT INTO OcorrenciaEvento(OcorrenciaID,EventoID) VALUES (376, 1919);
INSERT INTO OcorrenciaEvento(OcorrenciaID,EventoID) VALUES (377, 411);
INSERT INTO OcorrenciaEvento(OcorrenciaID,EventoID) VALUES (378, 923);
INSERT INTO OcorrenciaEvento(OcorrenciaID,EventoID) VALUES (379, 1428);
INSERT INTO OcorrenciaEvento(OcorrenciaID,EventoID) VALUES (380, 1483);
INSERT INTO OcorrenciaEvento(OcorrenciaID,EventoID) VALUES (381, 62);
INSERT INTO OcorrenciaEvento(OcorrenciaID,EventoID) VALUES (382, 166);
INSERT INTO OcorrenciaEvento(OcorrenciaID,EventoID) VALUES (383, 2234);
INSERT INTO OcorrenciaEvento(OcorrenciaID,EventoID) VALUES (384, 346);
INSERT INTO OcorrenciaEvento(OcorrenciaID,EventoID) VALUES (385, 679);
INSERT INTO OcorrenciaEvento(OcorrenciaID,EventoID) VALUES (386, 1548);
INSERT INTO OcorrenciaEvento(OcorrenciaID,EventoID) VALUES (389, 1045);
INSERT INTO OcorrenciaEvento(OcorrenciaID,EventoID) VALUES (390, 2108);
INSERT INTO OcorrenciaEvento(OcorrenciaID,EventoID) VALUES (391, 1214);
INSERT INTO OcorrenciaEvento(OcorrenciaID,EventoID) VALUES (394, 930);
INSERT INTO OcorrenciaEvento(OcorrenciaID,EventoID) VALUES (395, 739);
INSERT INTO OcorrenciaEvento(OcorrenciaID,EventoID) VALUES (396, 1469);
INSERT INTO OcorrenciaEvento(OcorrenciaID,EventoID) VALUES (397, 1967);
INSERT INTO OcorrenciaEvento(OcorrenciaID,EventoID) VALUES (399, 685);
INSERT INTO OcorrenciaEvento(OcorrenciaID,EventoID) VALUES (400, 1176);
INSERT INTO OcorrenciaEvento(OcorrenciaID,EventoID) VALUES (401, 535);
INSERT INTO OcorrenciaEvento(OcorrenciaID,EventoID) VALUES (402, 1712);
INSERT INTO OcorrenciaEvento(OcorrenciaID,EventoID) VALUES (405, 1792);
INSERT INTO OcorrenciaEvento(OcorrenciaID,EventoID) VALUES (406, 1800);
INSERT INTO OcorrenciaEvento(OcorrenciaID,EventoID) VALUES (407, 1336);
INSERT INTO OcorrenciaEvento(OcorrenciaID,EventoID) VALUES (408, 500);
INSERT INTO OcorrenciaEvento(OcorrenciaID,EventoID) VALUES (409, 2156);
INSERT INTO OcorrenciaEvento(OcorrenciaID,EventoID) VALUES (410, 608);
INSERT INTO OcorrenciaEvento(OcorrenciaID,EventoID) VALUES (412, 1495);
INSERT INTO OcorrenciaEvento(OcorrenciaID,EventoID) VALUES (413, 279);
INSERT INTO OcorrenciaEvento(OcorrenciaID,EventoID) VALUES (414, 720);
INSERT INTO OcorrenciaEvento(OcorrenciaID,EventoID) VALUES (416, 1250);
INSERT INTO OcorrenciaEvento(OcorrenciaID,EventoID) VALUES (417, 1717);
INSERT INTO OcorrenciaEvento(OcorrenciaID,EventoID) VALUES (418, 1365);
INSERT INTO OcorrenciaEvento(OcorrenciaID,EventoID) VALUES (419, 707);
INSERT INTO OcorrenciaEvento(OcorrenciaID,EventoID) VALUES (420, 1640);
INSERT INTO OcorrenciaEvento(OcorrenciaID,EventoID) VALUES (421, 40);
INSERT INTO OcorrenciaEvento(OcorrenciaID,EventoID) VALUES (422, 1205);
INSERT INTO OcorrenciaEvento(OcorrenciaID,EventoID) VALUES (423, 149);
INSERT INTO OcorrenciaEvento(OcorrenciaID,EventoID) VALUES (425, 25);
INSERT INTO OcorrenciaEvento(OcorrenciaID,EventoID) VALUES (428, 1528);
INSERT INTO OcorrenciaEvento(OcorrenciaID,EventoID) VALUES (429, 2049);
INSERT INTO OcorrenciaEvento(OcorrenciaID,EventoID) VALUES (430, 564);
INSERT INTO OcorrenciaEvento(OcorrenciaID,EventoID) VALUES (431, 2170);
INSERT INTO OcorrenciaEvento(OcorrenciaID,EventoID) VALUES (432, 533);
INSERT INTO OcorrenciaEvento(OcorrenciaID,EventoID) VALUES (433, 663);
INSERT INTO OcorrenciaEvento(OcorrenciaID,EventoID) VALUES (434, 1641);
INSERT INTO OcorrenciaEvento(OcorrenciaID,EventoID) VALUES (435, 1563);
INSERT INTO OcorrenciaEvento(OcorrenciaID,EventoID) VALUES (436, 2009);
INSERT INTO OcorrenciaEvento(OcorrenciaID,EventoID) VALUES (437, 1632);
INSERT INTO OcorrenciaEvento(OcorrenciaID,EventoID) VALUES (439, 1575);
INSERT INTO OcorrenciaEvento(OcorrenciaID,EventoID) VALUES (440, 859);
INSERT INTO OcorrenciaEvento(OcorrenciaID,EventoID) VALUES (441, 1269);
INSERT INTO OcorrenciaEvento(OcorrenciaID,EventoID) VALUES (443, 740);
INSERT INTO OcorrenciaEvento(OcorrenciaID,EventoID) VALUES (445, 412);
INSERT INTO OcorrenciaEvento(OcorrenciaID,EventoID) VALUES (446, 1180);
INSERT INTO OcorrenciaEvento(OcorrenciaID,EventoID) VALUES (447, 1744);
INSERT INTO OcorrenciaEvento(OcorrenciaID,EventoID) VALUES (449, 520);
INSERT INTO OcorrenciaEvento(OcorrenciaID,EventoID) VALUES (450, 2336);
INSERT INTO OcorrenciaEvento(OcorrenciaID,EventoID) VALUES (451, 476);
INSERT INTO OcorrenciaEvento(OcorrenciaID,EventoID) VALUES (452, 643);
INSERT INTO OcorrenciaEvento(OcorrenciaID,EventoID) VALUES (453, 1371);
INSERT INTO OcorrenciaEvento(OcorrenciaID,EventoID) VALUES (454, 2388);
INSERT INTO OcorrenciaEvento(OcorrenciaID,EventoID) VALUES (455, 2320);
INSERT INTO OcorrenciaEvento(OcorrenciaID,EventoID) VALUES (457, 678);
INSERT INTO OcorrenciaEvento(OcorrenciaID,EventoID) VALUES (458, 214);
INSERT INTO OcorrenciaEvento(OcorrenciaID,EventoID) VALUES (461, 2272);
INSERT INTO OcorrenciaEvento(OcorrenciaID,EventoID) VALUES (462, 43);
INSERT INTO OcorrenciaEvento(OcorrenciaID,EventoID) VALUES (463, 1213);
INSERT INTO OcorrenciaEvento(OcorrenciaID,EventoID) VALUES (464, 424);
INSERT INTO OcorrenciaEvento(OcorrenciaID,EventoID) VALUES (465, 1093);
INSERT INTO OcorrenciaEvento(OcorrenciaID,EventoID) VALUES (467, 375);
INSERT INTO OcorrenciaEvento(OcorrenciaID,EventoID) VALUES (469, 1980);
INSERT INTO OcorrenciaEvento(OcorrenciaID,EventoID) VALUES (470, 1288);
INSERT INTO OcorrenciaEvento(OcorrenciaID,EventoID) VALUES (471, 1197);
INSERT INTO OcorrenciaEvento(OcorrenciaID,EventoID) VALUES (473, 1373);
INSERT INTO OcorrenciaEvento(OcorrenciaID,EventoID) VALUES (475, 2256);
INSERT INTO OcorrenciaEvento(OcorrenciaID,EventoID) VALUES (476, 1252);
INSERT INTO OcorrenciaEvento(OcorrenciaID,EventoID) VALUES (478, 621);
INSERT INTO OcorrenciaEvento(OcorrenciaID,EventoID) VALUES (479, 2158);
INSERT INTO OcorrenciaEvento(OcorrenciaID,EventoID) VALUES (481, 1851);
INSERT INTO OcorrenciaEvento(OcorrenciaID,EventoID) VALUES (482, 1571);
INSERT INTO OcorrenciaEvento(OcorrenciaID,EventoID) VALUES (484, 162);
INSERT INTO OcorrenciaEvento(OcorrenciaID,EventoID) VALUES (485, 478);
INSERT INTO OcorrenciaEvento(OcorrenciaID,EventoID) VALUES (486, 2091);
INSERT INTO OcorrenciaEvento(OcorrenciaID,EventoID) VALUES (487, 1399);
INSERT INTO OcorrenciaEvento(OcorrenciaID,EventoID) VALUES (488, 1862);
INSERT INTO OcorrenciaEvento(OcorrenciaID,EventoID) VALUES (489, 1775);
INSERT INTO OcorrenciaEvento(OcorrenciaID,EventoID) VALUES (491, 2337);
INSERT INTO OcorrenciaEvento(OcorrenciaID,EventoID) VALUES (492, 481);
INSERT INTO OcorrenciaEvento(OcorrenciaID,EventoID) VALUES (493, 586);
INSERT INTO OcorrenciaEvento(OcorrenciaID,EventoID) VALUES (494, 1768);
INSERT INTO OcorrenciaEvento(OcorrenciaID,EventoID) VALUES (496, 1404);
INSERT INTO OcorrenciaEvento(OcorrenciaID,EventoID) VALUES (497, 2261);
INSERT INTO OcorrenciaEvento(OcorrenciaID,EventoID) VALUES (498, 530);
INSERT INTO OcorrenciaEvento(OcorrenciaID,EventoID) VALUES (500, 158);


