PRAGMA foreign_keys=ON;


-- Diseases
INSERT INTO Doenca (DoencaID, Nome, Descricao, Sintomas) VALUES (1, "Abscess", "description", "symptoms");
INSERT INTO Doenca (DoencaID, Nome, Descricao, Sintomas) VALUES (2, "Alzheimer's disease", "description", "symptoms");
INSERT INTO Doenca (DoencaID, Nome, Descricao, Sintomas) VALUES (3, "Anthrax", "description", "symptoms");
INSERT INTO Doenca (DoencaID, Nome, Descricao, Sintomas) VALUES (4, "Appendicitis", "description", "symptoms");
INSERT INTO Doenca (DoencaID, Nome, Descricao, Sintomas) VALUES (5, "Allergy", "description", "symptoms");
INSERT INTO Doenca (DoencaID, Nome, Descricao, Sintomas) VALUES (6, "Arthritis", "description", "symptoms");
INSERT INTO Doenca (DoencaID, Nome, Descricao, Sintomas) VALUES (7, "Aseptic meningitis", "description", "symptoms");
INSERT INTO Doenca (DoencaID, Nome, Descricao, Sintomas) VALUES (8, "Asthma", "description", "symptoms");
INSERT INTO Doenca (DoencaID, Nome, Descricao, Sintomas) VALUES (9, "Astigmatism", "description", "symptoms");
INSERT INTO Doenca (DoencaID, Nome, Descricao, Sintomas) VALUES (10, "Atherosclerosis", "description", "symptoms");
INSERT INTO Doenca (DoencaID, Nome, Descricao, Sintomas) VALUES (11, "Bacterial meningitis", "description", "symptoms");
INSERT INTO Doenca (DoencaID, Nome, Descricao, Sintomas) VALUES (12, "Beriberi", "description", "symptoms");
INSERT INTO Doenca (DoencaID, Nome, Descricao, Sintomas) VALUES (13, "Black Death", "description", "symptoms");
INSERT INTO Doenca (DoencaID, Nome, Descricao, Sintomas) VALUES (14, "Botulism", "description", "symptoms");
INSERT INTO Doenca (DoencaID, Nome, Descricao, Sintomas) VALUES (15, "Breast cancer", "description", "symptoms");
INSERT INTO Doenca (DoencaID, Nome, Descricao, Sintomas) VALUES (16, "Bronchitis", "description", "symptoms");
INSERT INTO Doenca (DoencaID, Nome, Descricao, Sintomas) VALUES (17, "Brucellosis", "description", "symptoms");
INSERT INTO Doenca (DoencaID, Nome, Descricao, Sintomas) VALUES (18, "Bubonic plague", "description", "symptoms");
INSERT INTO Doenca (DoencaID, Nome, Descricao, Sintomas) VALUES (19, "Bunion", "description", "symptoms");
INSERT INTO Doenca (DoencaID, Nome, Descricao, Sintomas) VALUES (20, "Campylobacter infection", "description", "symptoms");
INSERT INTO Doenca (DoencaID, Nome, Descricao, Sintomas) VALUES (21, "Cancer", "description", "symptoms");
INSERT INTO Doenca (DoencaID, Nome, Descricao, Sintomas) VALUES (22, "Candidiasis", "description", "symptoms");
INSERT INTO Doenca (DoencaID, Nome, Descricao, Sintomas) VALUES (23, "Carbon monoxide poisoning", "description", "symptoms");
INSERT INTO Doenca (DoencaID, Nome, Descricao, Sintomas) VALUES (24, "Coeliac disease", "description", "symptoms");
INSERT INTO Doenca (DoencaID, Nome, Descricao, Sintomas) VALUES (25, "Cerebral palsy", "description", "symptoms");
INSERT INTO Doenca (DoencaID, Nome, Descricao, Sintomas) VALUES (26, "Chagas disease", "description", "symptoms");
INSERT INTO Doenca (DoencaID, Nome, Descricao, Sintomas) VALUES (27, "Chickenpox", "description", "symptoms");
INSERT INTO Doenca (DoencaID, Nome, Descricao, Sintomas) VALUES (28, "Chlamydia", "description", "symptoms");
INSERT INTO Doenca (DoencaID, Nome, Descricao, Sintomas) VALUES (29, "Chlamydia trachomatis", "description", "symptoms");
INSERT INTO Doenca (DoencaID, Nome, Descricao, Sintomas) VALUES (30, "Cholera", "description", "symptoms");
INSERT INTO Doenca (DoencaID, Nome, Descricao, Sintomas) VALUES (31, "Chordoma", "description", "symptoms");
INSERT INTO Doenca (DoencaID, Nome, Descricao, Sintomas) VALUES (32, "Chorea", "description", "symptoms");
INSERT INTO Doenca (DoencaID, Nome, Descricao, Sintomas) VALUES (33, "Chronic fatigue syndrome", "description", "symptoms");
INSERT INTO Doenca (DoencaID, Nome, Descricao, Sintomas) VALUES (34, "Circadian rhythm sleep disorder", "description", "symptoms");
INSERT INTO Doenca (DoencaID, Nome, Descricao, Sintomas) VALUES (35, "Colitis", "description", "symptoms");
INSERT INTO Doenca (DoencaID, Nome, Descricao, Sintomas) VALUES (36, "Common cold", "description", "symptoms");
INSERT INTO Doenca (DoencaID, Nome, Descricao, Sintomas) VALUES (37, "Condyloma", "description", "symptoms");
INSERT INTO Doenca (DoencaID, Nome, Descricao, Sintomas) VALUES (38, "Congestive heart disease", "description", "symptoms");
INSERT INTO Doenca (DoencaID, Nome, Descricao, Sintomas) VALUES (39, "Coronary heart disease", "description", "symptoms");
INSERT INTO Doenca (DoencaID, Nome, Descricao, Sintomas) VALUES (40, "COVID-19", "end of humanity", "destroy health care systems");
INSERT INTO Doenca (DoencaID, Nome, Descricao, Sintomas) VALUES (41, "Cowpox", "description", "symptoms");
INSERT INTO Doenca (DoencaID, Nome, Descricao, Sintomas) VALUES (42, "Crohn's Disease", "description", "symptoms");
INSERT INTO Doenca (DoencaID, Nome, Descricao, Sintomas) VALUES (43, "Dengue Fever", "description", "symptoms");
INSERT INTO Doenca (DoencaID, Nome, Descricao, Sintomas) VALUES (44, "Diabetes mellitus", "description", "symptoms");
INSERT INTO Doenca (DoencaID, Nome, Descricao, Sintomas) VALUES (45, "Diphtheria", "description", "symptoms");
INSERT INTO Doenca (DoencaID, Nome, Descricao, Sintomas) VALUES (46, "Dehydration", "description", "symptoms");
INSERT INTO Doenca (DoencaID, Nome, Descricao, Sintomas) VALUES (47, "Dysentery", "description", "symptoms");
INSERT INTO Doenca (DoencaID, Nome, Descricao, Sintomas) VALUES (48, "Ear infection", "description", "symptoms");
INSERT INTO Doenca (DoencaID, Nome, Descricao, Sintomas) VALUES (49, "Ebola", "description", "symptoms");
INSERT INTO Doenca (DoencaID, Nome, Descricao, Sintomas) VALUES (50, "Encephalitis", "description", "symptoms");
INSERT INTO Doenca (DoencaID, Nome, Descricao, Sintomas) VALUES (51, "Emphysema", "description", "symptoms");
INSERT INTO Doenca (DoencaID, Nome, Descricao, Sintomas) VALUES (52, "Epilepsy", "description", "symptoms");
INSERT INTO Doenca (DoencaID, Nome, Descricao, Sintomas) VALUES (53, "Erectile dysfunction", "description", "symptoms");
INSERT INTO Doenca (DoencaID, Nome, Descricao, Sintomas) VALUES (54, "Fibromyalgia", "description", "symptoms");
INSERT INTO Doenca (DoencaID, Nome, Descricao, Sintomas) VALUES (55, "Foodborne illness", "description", "symptoms");
INSERT INTO Doenca (DoencaID, Nome, Descricao, Sintomas) VALUES (56, "Gangrene", "description", "symptoms");
INSERT INTO Doenca (DoencaID, Nome, Descricao, Sintomas) VALUES (57, "Gastroenteritis", "description", "symptoms");
INSERT INTO Doenca (DoencaID, Nome, Descricao, Sintomas) VALUES (58, "Genital herpes", "description", "symptoms");
INSERT INTO Doenca (DoencaID, Nome, Descricao, Sintomas) VALUES (59, "GERD", "description", "symptoms");
INSERT INTO Doenca (DoencaID, Nome, Descricao, Sintomas) VALUES (60, "Goitre", "description", "symptoms");
INSERT INTO Doenca (DoencaID, Nome, Descricao, Sintomas) VALUES (61, "Gonorrhea", "description", "symptoms");
INSERT INTO Doenca (DoencaID, Nome, Descricao, Sintomas) VALUES (62, "Heart disease", "description", "symptoms");
INSERT INTO Doenca (DoencaID, Nome, Descricao, Sintomas) VALUES (63, "Hepatitis A", "description", "symptoms");
INSERT INTO Doenca (DoencaID, Nome, Descricao, Sintomas) VALUES (64, "Hepatitis B", "description", "symptoms");
INSERT INTO Doenca (DoencaID, Nome, Descricao, Sintomas) VALUES (65, "Hepatitis C", "description", "symptoms");
INSERT INTO Doenca (DoencaID, Nome, Descricao, Sintomas) VALUES (66, "Hepatitis D", "description", "symptoms");
INSERT INTO Doenca (DoencaID, Nome, Descricao, Sintomas) VALUES (67, "Hepatitis E", "description", "symptoms");
INSERT INTO Doenca (DoencaID, Nome, Descricao, Sintomas) VALUES (68, "Histiocytosis (childhood cancer)", "description", "symptoms");
INSERT INTO Doenca (DoencaID, Nome, Descricao, Sintomas) VALUES (69, "HIV", "description", "symptoms");
INSERT INTO Doenca (DoencaID, Nome, Descricao, Sintomas) VALUES (70, "Human papillomavirus", "description", "symptoms");
INSERT INTO Doenca (DoencaID, Nome, Descricao, Sintomas) VALUES (71, "Huntington's disease", "description", "symptoms");
INSERT INTO Doenca (DoencaID, Nome, Descricao, Sintomas) VALUES (72, "Hypermetropia", "description", "symptoms");
INSERT INTO Doenca (DoencaID, Nome, Descricao, Sintomas) VALUES (73, "Hyperopia", "description", "symptoms");
INSERT INTO Doenca (DoencaID, Nome, Descricao, Sintomas) VALUES (74, "Hyperthyroidism", "description", "symptoms");
INSERT INTO Doenca (DoencaID, Nome, Descricao, Sintomas) VALUES (75, "Hypothyroid", "description", "symptoms");
INSERT INTO Doenca (DoencaID, Nome, Descricao, Sintomas) VALUES (76, "Hypotonia", "description", "symptoms");
INSERT INTO Doenca (DoencaID, Nome, Descricao, Sintomas) VALUES (77, "Impetigo", "description", "symptoms");
INSERT INTO Doenca (DoencaID, Nome, Descricao, Sintomas) VALUES (78, "Infertility", "description", "symptoms");
INSERT INTO Doenca (DoencaID, Nome, Descricao, Sintomas) VALUES (79, "Influenza", "description", "symptoms");
INSERT INTO Doenca (DoencaID, Nome, Descricao, Sintomas) VALUES (80, "Interstitial cystitis", "description", "symptoms");
INSERT INTO Doenca (DoencaID, Nome, Descricao, Sintomas) VALUES (81, "Iritis", "description", "symptoms");
INSERT INTO Doenca (DoencaID, Nome, Descricao, Sintomas) VALUES (82, "Iron-deficiency anemia", "description", "symptoms");
INSERT INTO Doenca (DoencaID, Nome, Descricao, Sintomas) VALUES (83, "Irritable bowel syndrome", "description", "symptoms");
INSERT INTO Doenca (DoencaID, Nome, Descricao, Sintomas) VALUES (84, "Ignious Syndrome", "description", "symptoms");
INSERT INTO Doenca (DoencaID, Nome, Descricao, Sintomas) VALUES (85, "Jaundice", "description", "symptoms");
INSERT INTO Doenca (DoencaID, Nome, Descricao, Sintomas) VALUES (86, "Keloids", "description", "symptoms");
INSERT INTO Doenca (DoencaID, Nome, Descricao, Sintomas) VALUES (87, "Kuru", "description", "symptoms");
INSERT INTO Doenca (DoencaID, Nome, Descricao, Sintomas) VALUES (88, "Kwashiorkor", "description", "symptoms");
INSERT INTO Doenca (DoencaID, Nome, Descricao, Sintomas) VALUES (89, "Kidney stone disease", "description", "symptoms");
INSERT INTO Doenca (DoencaID, Nome, Descricao, Sintomas) VALUES (90, "Laryngitis", "description", "symptoms");
INSERT INTO Doenca (DoencaID, Nome, Descricao, Sintomas) VALUES (91, "Lead poisoning", "description", "symptoms");
INSERT INTO Doenca (DoencaID, Nome, Descricao, Sintomas) VALUES (92, "Legionellosis", "description", "symptoms");
INSERT INTO Doenca (DoencaID, Nome, Descricao, Sintomas) VALUES (93, "Leishmaniasis", "description", "symptoms");
INSERT INTO Doenca (DoencaID, Nome, Descricao, Sintomas) VALUES (94, "Leprosy", "description", "symptoms");
INSERT INTO Doenca (DoencaID, Nome, Descricao, Sintomas) VALUES (95, "Leptospirosis", "description", "symptoms");
INSERT INTO Doenca (DoencaID, Nome, Descricao, Sintomas) VALUES (96, "Listeriosis", "description", "symptoms");
INSERT INTO Doenca (DoencaID, Nome, Descricao, Sintomas) VALUES (97, "Leukemia", "description", "symptoms");
INSERT INTO Doenca (DoencaID, Nome, Descricao, Sintomas) VALUES (98, "Lice", "description", "symptoms");
INSERT INTO Doenca (DoencaID, Nome, Descricao, Sintomas) VALUES (99, "Loiasis", "description", "symptoms");
INSERT INTO Doenca (DoencaID, Nome, Descricao, Sintomas) VALUES (100, "Lung cancer", "description", "symptoms");
INSERT INTO Doenca (DoencaID, Nome, Descricao, Sintomas) VALUES (101, "Lupus erythematosus", "description", "symptoms");
INSERT INTO Doenca (DoencaID, Nome, Descricao, Sintomas) VALUES (102, "Lyme disease", "description", "symptoms");
INSERT INTO Doenca (DoencaID, Nome, Descricao, Sintomas) VALUES (103, "Lymphogranuloma venereum", "description", "symptoms");
INSERT INTO Doenca (DoencaID, Nome, Descricao, Sintomas) VALUES (104, "Lymphoma", "description", "symptoms");
INSERT INTO Doenca (DoencaID, Nome, Descricao, Sintomas) VALUES (105, "Limbtoosa", "description", "symptoms");
INSERT INTO Doenca (DoencaID, Nome, Descricao, Sintomas) VALUES (106, "Mad cow disease", "description", "symptoms");
INSERT INTO Doenca (DoencaID, Nome, Descricao, Sintomas) VALUES (107, "Malaria", "description", "symptoms");
INSERT INTO Doenca (DoencaID, Nome, Descricao, Sintomas) VALUES (108, "Marburg fever", "description", "symptoms");
INSERT INTO Doenca (DoencaID, Nome, Descricao, Sintomas) VALUES (109, "Measles", "description", "symptoms");
INSERT INTO Doenca (DoencaID, Nome, Descricao, Sintomas) VALUES (110, "Melanoma", "description", "symptoms");
INSERT INTO Doenca (DoencaID, Nome, Descricao, Sintomas) VALUES (111, "Metastatic cancer", "description", "symptoms");
INSERT INTO Doenca (DoencaID, Nome, Descricao, Sintomas) VALUES (112, "Meniere's disease", "description", "symptoms");
INSERT INTO Doenca (DoencaID, Nome, Descricao, Sintomas) VALUES (113, "Meningitis", "description", "symptoms");
INSERT INTO Doenca (DoencaID, Nome, Descricao, Sintomas) VALUES (114, "Migraine", "description", "symptoms");
INSERT INTO Doenca (DoencaID, Nome, Descricao, Sintomas) VALUES (115, "Multiple myeloma", "description", "symptoms");
INSERT INTO Doenca (DoencaID, Nome, Descricao, Sintomas) VALUES (116, "Multiple sclerosis", "description", "symptoms");
INSERT INTO Doenca (DoencaID, Nome, Descricao, Sintomas) VALUES (117, "Mumps", "description", "symptoms");
INSERT INTO Doenca (DoencaID, Nome, Descricao, Sintomas) VALUES (118, "Muscular dystrophy", "description", "symptoms");
INSERT INTO Doenca (DoencaID, Nome, Descricao, Sintomas) VALUES (119, "Myasthenia gravis", "description", "symptoms");
INSERT INTO Doenca (DoencaID, Nome, Descricao, Sintomas) VALUES (120, "Myelitis", "description", "symptoms");
INSERT INTO Doenca (DoencaID, Nome, Descricao, Sintomas) VALUES (121, "Myoclonus", "description", "symptoms");
INSERT INTO Doenca (DoencaID, Nome, Descricao, Sintomas) VALUES (122, "Myopia", "description", "symptoms");
INSERT INTO Doenca (DoencaID, Nome, Descricao, Sintomas) VALUES (123, "Myxedema", "description", "symptoms");
INSERT INTO Doenca (DoencaID, Nome, Descricao, Sintomas) VALUES (124, "Morquio Syndrome", "description", "symptoms");
INSERT INTO Doenca (DoencaID, Nome, Descricao, Sintomas) VALUES (125, "Mattticular syndrome", "description", "symptoms");
INSERT INTO Doenca (DoencaID, Nome, Descricao, Sintomas) VALUES (126, "Mononucleosis", "description", "symptoms");
INSERT INTO Doenca (DoencaID, Nome, Descricao, Sintomas) VALUES (127, "Neoplasm", "description", "symptoms");
INSERT INTO Doenca (DoencaID, Nome, Descricao, Sintomas) VALUES (128, "Non-gonococcal urethritis", "description", "symptoms");
INSERT INTO Doenca (DoencaID, Nome, Descricao, Sintomas) VALUES (129, "Necrotizing Fasciitis", "description", "symptoms");
INSERT INTO Doenca (DoencaID, Nome, Descricao, Sintomas) VALUES (130, "Night blindness", "description", "symptoms");
INSERT INTO Doenca (DoencaID, Nome, Descricao, Sintomas) VALUES (131, "Obesity", "description", "symptoms");
INSERT INTO Doenca (DoencaID, Nome, Descricao, Sintomas) VALUES (132, "Osteoarthritis", "description", "symptoms");
INSERT INTO Doenca (DoencaID, Nome, Descricao, Sintomas) VALUES (133, "Osteoporosis", "description", "symptoms");
INSERT INTO Doenca (DoencaID, Nome, Descricao, Sintomas) VALUES (134, "Otitis", "description", "symptoms");
INSERT INTO Doenca (DoencaID, Nome, Descricao, Sintomas) VALUES (135, "Palindromic rheumatism", "description", "symptoms");
INSERT INTO Doenca (DoencaID, Nome, Descricao, Sintomas) VALUES (136, "Paratyphoid fever", "description", "symptoms");
INSERT INTO Doenca (DoencaID, Nome, Descricao, Sintomas) VALUES (137, "Parkinson's disease", "description", "symptoms");
INSERT INTO Doenca (DoencaID, Nome, Descricao, Sintomas) VALUES (138, "Pelvic inflammatory disease", "description", "symptoms");
INSERT INTO Doenca (DoencaID, Nome, Descricao, Sintomas) VALUES (139, "Peritonitis", "description", "symptoms");
INSERT INTO Doenca (DoencaID, Nome, Descricao, Sintomas) VALUES (140, "Periodontal disease", "description", "symptoms");
INSERT INTO Doenca (DoencaID, Nome, Descricao, Sintomas) VALUES (141, "Pertussis", "description", "symptoms");
INSERT INTO Doenca (DoencaID, Nome, Descricao, Sintomas) VALUES (142, "Phenylketonuria", "description", "symptoms");
INSERT INTO Doenca (DoencaID, Nome, Descricao, Sintomas) VALUES (143, "Plague", "description", "symptoms");
INSERT INTO Doenca (DoencaID, Nome, Descricao, Sintomas) VALUES (144, "Poliomyelitis", "description", "symptoms");
INSERT INTO Doenca (DoencaID, Nome, Descricao, Sintomas) VALUES (145, "Porphyria", "description", "symptoms");
INSERT INTO Doenca (DoencaID, Nome, Descricao, Sintomas) VALUES (146, "Progeria", "description", "symptoms");
INSERT INTO Doenca (DoencaID, Nome, Descricao, Sintomas) VALUES (147, "Prostatitis", "description", "symptoms");
INSERT INTO Doenca (DoencaID, Nome, Descricao, Sintomas) VALUES (148, "Psittacosis", "description", "symptoms");
INSERT INTO Doenca (DoencaID, Nome, Descricao, Sintomas) VALUES (149, "Psoriasis", "description", "symptoms");
INSERT INTO Doenca (DoencaID, Nome, Descricao, Sintomas) VALUES (150, "Pubic lice", "description", "symptoms");
INSERT INTO Doenca (DoencaID, Nome, Descricao, Sintomas) VALUES (151, "Pulmonary embolism", "description", "symptoms");
INSERT INTO Doenca (DoencaID, Nome, Descricao, Sintomas) VALUES (152, "Pilia", "description", "symptoms");
INSERT INTO Doenca (DoencaID, Nome, Descricao, Sintomas) VALUES (153, "pneumonia", "description", "symptoms");
INSERT INTO Doenca (DoencaID, Nome, Descricao, Sintomas) VALUES (154, "Q fever", "description", "symptoms");
INSERT INTO Doenca (DoencaID, Nome, Descricao, Sintomas) VALUES (155, "Ques fever", "description", "symptoms");
INSERT INTO Doenca (DoencaID, Nome, Descricao, Sintomas) VALUES (156, "Rabies", "description", "symptoms");
INSERT INTO Doenca (DoencaID, Nome, Descricao, Sintomas) VALUES (157, "Repetitive strain injury", "description", "symptoms");
INSERT INTO Doenca (DoencaID, Nome, Descricao, Sintomas) VALUES (158, "Rheumatic fever", "description", "symptoms");
INSERT INTO Doenca (DoencaID, Nome, Descricao, Sintomas) VALUES (159, "Rheumatic heart", "description", "symptoms");
INSERT INTO Doenca (DoencaID, Nome, Descricao, Sintomas) VALUES (160, "Rheumatism", "description", "symptoms");
INSERT INTO Doenca (DoencaID, Nome, Descricao, Sintomas) VALUES (161, "Rheumatoid arthritis", "description", "symptoms");
INSERT INTO Doenca (DoencaID, Nome, Descricao, Sintomas) VALUES (162, "Rickets", "description", "symptoms");
INSERT INTO Doenca (DoencaID, Nome, Descricao, Sintomas) VALUES (163, "Rift Valley fever", "description", "symptoms");
INSERT INTO Doenca (DoencaID, Nome, Descricao, Sintomas) VALUES (164, "Rocky Mountain spotted fever", "description", "symptoms");
INSERT INTO Doenca (DoencaID, Nome, Descricao, Sintomas) VALUES (165, "Rubella", "description", "symptoms");
INSERT INTO Doenca (DoencaID, Nome, Descricao, Sintomas) VALUES (166, "Salmonellosis", "description", "symptoms");
INSERT INTO Doenca (DoencaID, Nome, Descricao, Sintomas) VALUES (167, "Scabies", "description", "symptoms");
INSERT INTO Doenca (DoencaID, Nome, Descricao, Sintomas) VALUES (168, "Scarlet fever", "description", "symptoms");
INSERT INTO Doenca (DoencaID, Nome, Descricao, Sintomas) VALUES (169, "Sciatica", "description", "symptoms");
INSERT INTO Doenca (DoencaID, Nome, Descricao, Sintomas) VALUES (170, "Scleroderma", "description", "symptoms");
INSERT INTO Doenca (DoencaID, Nome, Descricao, Sintomas) VALUES (171, "Scrapie", "description", "symptoms");
INSERT INTO Doenca (DoencaID, Nome, Descricao, Sintomas) VALUES (172, "Scurvy", "description", "symptoms");
INSERT INTO Doenca (DoencaID, Nome, Descricao, Sintomas) VALUES (173, "Sepsis", "description", "symptoms");
INSERT INTO Doenca (DoencaID, Nome, Descricao, Sintomas) VALUES (174, "Septicemia", "description", "symptoms");
INSERT INTO Doenca (DoencaID, Nome, Descricao, Sintomas) VALUES (175, "SARS", "description", "symptoms");
INSERT INTO Doenca (DoencaID, Nome, Descricao, Sintomas) VALUES (176, "Shigellosis", "description", "symptoms");
INSERT INTO Doenca (DoencaID, Nome, Descricao, Sintomas) VALUES (177, "Shin splints", "description", "symptoms");
INSERT INTO Doenca (DoencaID, Nome, Descricao, Sintomas) VALUES (178, "Shingles", "description", "symptoms");
INSERT INTO Doenca (DoencaID, Nome, Descricao, Sintomas) VALUES (179, "Sickle-cell anemia", "description", "symptoms");
INSERT INTO Doenca (DoencaID, Nome, Descricao, Sintomas) VALUES (180, "Siderosis", "description", "symptoms");
INSERT INTO Doenca (DoencaID, Nome, Descricao, Sintomas) VALUES (181, "SIDS", "description", "symptoms");
INSERT INTO Doenca (DoencaID, Nome, Descricao, Sintomas) VALUES (182, "Silicosis", "description", "symptoms");
INSERT INTO Doenca (DoencaID, Nome, Descricao, Sintomas) VALUES (183, "Smallpox", "description", "symptoms");
INSERT INTO Doenca (DoencaID, Nome, Descricao, Sintomas) VALUES (184, "Stevens–Johnson syndrome", "description", "symptoms");
INSERT INTO Doenca (DoencaID, Nome, Descricao, Sintomas) VALUES (185, "Stomach flu", "description", "symptoms");
INSERT INTO Doenca (DoencaID, Nome, Descricao, Sintomas) VALUES (186, "Stomach ulcers", "description", "symptoms");
INSERT INTO Doenca (DoencaID, Nome, Descricao, Sintomas) VALUES (187, "Strabismus", "description", "symptoms");
INSERT INTO Doenca (DoencaID, Nome, Descricao, Sintomas) VALUES (188, "Strep throat", "description", "symptoms");
INSERT INTO Doenca (DoencaID, Nome, Descricao, Sintomas) VALUES (189, "Streptococcal infection", "description", "symptoms");
INSERT INTO Doenca (DoencaID, Nome, Descricao, Sintomas) VALUES (190, "Synovitis", "description", "symptoms");
INSERT INTO Doenca (DoencaID, Nome, Descricao, Sintomas) VALUES (191, "Syphilis", "description", "symptoms");
INSERT INTO Doenca (DoencaID, Nome, Descricao, Sintomas) VALUES (192, "Swine influenza", "description", "symptoms");
INSERT INTO Doenca (DoencaID, Nome, Descricao, Sintomas) VALUES (193, "Schizophrenia", "description", "symptoms");
INSERT INTO Doenca (DoencaID, Nome, Descricao, Sintomas) VALUES (194, "Taeniasis", "description", "symptoms");
INSERT INTO Doenca (DoencaID, Nome, Descricao, Sintomas) VALUES (195, "Tay-Sachs disease", "description", "symptoms");
INSERT INTO Doenca (DoencaID, Nome, Descricao, Sintomas) VALUES (196, "Tennis elbow", "description", "symptoms");
INSERT INTO Doenca (DoencaID, Nome, Descricao, Sintomas) VALUES (197, "Teratoma", "description", "symptoms");
INSERT INTO Doenca (DoencaID, Nome, Descricao, Sintomas) VALUES (198, "Tetanus", "description", "symptoms");
INSERT INTO Doenca (DoencaID, Nome, Descricao, Sintomas) VALUES (199, "Thalassaemia", "description", "symptoms");
INSERT INTO Doenca (DoencaID, Nome, Descricao, Sintomas) VALUES (200, "Thrush", "description", "symptoms");
INSERT INTO Doenca (DoencaID, Nome, Descricao, Sintomas) VALUES (201, "Thymoma", "description", "symptoms");
INSERT INTO Doenca (DoencaID, Nome, Descricao, Sintomas) VALUES (202, "Tinnitus", "description", "symptoms");
INSERT INTO Doenca (DoencaID, Nome, Descricao, Sintomas) VALUES (203, "Tonsillitis", "description", "symptoms");
INSERT INTO Doenca (DoencaID, Nome, Descricao, Sintomas) VALUES (204, "Tooth decay", "description", "symptoms");
INSERT INTO Doenca (DoencaID, Nome, Descricao, Sintomas) VALUES (205, "Toxic shock syndrome", "description", "symptoms");
INSERT INTO Doenca (DoencaID, Nome, Descricao, Sintomas) VALUES (206, "Trichinosis", "description", "symptoms");
INSERT INTO Doenca (DoencaID, Nome, Descricao, Sintomas) VALUES (207, "Trichomoniasis", "description", "symptoms");
INSERT INTO Doenca (DoencaID, Nome, Descricao, Sintomas) VALUES (208, "Trisomy", "description", "symptoms");
INSERT INTO Doenca (DoencaID, Nome, Descricao, Sintomas) VALUES (209, "Tuberculosis", "description", "symptoms");
INSERT INTO Doenca (DoencaID, Nome, Descricao, Sintomas) VALUES (210, "Tularemia", "description", "symptoms");
INSERT INTO Doenca (DoencaID, Nome, Descricao, Sintomas) VALUES (211, "Tungiasis", "description", "symptoms");
INSERT INTO Doenca (DoencaID, Nome, Descricao, Sintomas) VALUES (212, "Typhoid fever", "description", "symptoms");
INSERT INTO Doenca (DoencaID, Nome, Descricao, Sintomas) VALUES (213, "Typhus", "description", "symptoms");
INSERT INTO Doenca (DoencaID, Nome, Descricao, Sintomas) VALUES (214, "Tumor", "description", "symptoms");
INSERT INTO Doenca (DoencaID, Nome, Descricao, Sintomas) VALUES (215, "Ulcerative colitis", "description", "symptoms");
INSERT INTO Doenca (DoencaID, Nome, Descricao, Sintomas) VALUES (216, "Ulcers", "description", "symptoms");
INSERT INTO Doenca (DoencaID, Nome, Descricao, Sintomas) VALUES (217, "Uremia", "description", "symptoms");
INSERT INTO Doenca (DoencaID, Nome, Descricao, Sintomas) VALUES (218, "Urticaria", "description", "symptoms");
INSERT INTO Doenca (DoencaID, Nome, Descricao, Sintomas) VALUES (219, "Uveitis", "description", "symptoms");
INSERT INTO Doenca (DoencaID, Nome, Descricao, Sintomas) VALUES (220, "UTI'S", "description", "symptoms");
INSERT INTO Doenca (DoencaID, Nome, Descricao, Sintomas) VALUES (221, "Varicella", "description", "symptoms");
INSERT INTO Doenca (DoencaID, Nome, Descricao, Sintomas) VALUES (222, "Varicose veins", "description", "symptoms");
INSERT INTO Doenca (DoencaID, Nome, Descricao, Sintomas) VALUES (223, "Vasovagal syncope", "description", "symptoms");
INSERT INTO Doenca (DoencaID, Nome, Descricao, Sintomas) VALUES (224, "Vitiligo", "description", "symptoms");
INSERT INTO Doenca (DoencaID, Nome, Descricao, Sintomas) VALUES (225, "Von Hippel-Lindau disease", "description", "symptoms");
INSERT INTO Doenca (DoencaID, Nome, Descricao, Sintomas) VALUES (226, "Viral fever", "description", "symptoms");
INSERT INTO Doenca (DoencaID, Nome, Descricao, Sintomas) VALUES (227, "Viral meningitis", "description", "symptoms");
INSERT INTO Doenca (DoencaID, Nome, Descricao, Sintomas) VALUES (228, "Warkany syndrome", "description", "symptoms");
INSERT INTO Doenca (DoencaID, Nome, Descricao, Sintomas) VALUES (229, "Warts", "description", "symptoms");
INSERT INTO Doenca (DoencaID, Nome, Descricao, Sintomas) VALUES (230, "Watkins", "description", "symptoms");
INSERT INTO Doenca (DoencaID, Nome, Descricao, Sintomas) VALUES (231, "Yellow fever", "description", "symptoms");
INSERT INTO Doenca (DoencaID, Nome, Descricao, Sintomas) VALUES (232, "Yersiniosis", "description", "symptoms");


-- Specialities
INSERT INTO Especializacao (EspecializacaoID, Nome) VALUES (1, "Anatomia Patológica");
INSERT INTO Especializacao (EspecializacaoID, Nome) VALUES (2, "Anestesiologia");
INSERT INTO Especializacao (EspecializacaoID, Nome) VALUES (3, "Angiologia e Cirurgia Vascular");
INSERT INTO Especializacao (EspecializacaoID, Nome) VALUES (4, "Cardiologia");
INSERT INTO Especializacao (EspecializacaoID, Nome) VALUES (5, "Cardiologia Pediátrica");
INSERT INTO Especializacao (EspecializacaoID, Nome) VALUES (6, "Cirurgia Cardíaca");
INSERT INTO Especializacao (EspecializacaoID, Nome) VALUES (7, "Cirurgia Cardiotorácica");
INSERT INTO Especializacao (EspecializacaoID, Nome) VALUES (8, "Cirurgia Geral");
INSERT INTO Especializacao (EspecializacaoID, Nome) VALUES (9, "Cirurgia Maxilofacial");
INSERT INTO Especializacao (EspecializacaoID, Nome) VALUES (10, "Cirurgia Pediátrica");
INSERT INTO Especializacao (EspecializacaoID, Nome) VALUES (11, "Cirurgia Plástica Reconstrutiva e Estética");
INSERT INTO Especializacao (EspecializacaoID, Nome) VALUES (12, "Cirurgia Torácica");
INSERT INTO Especializacao (EspecializacaoID, Nome) VALUES (13, "Dermatovenereologia");
INSERT INTO Especializacao (EspecializacaoID, Nome) VALUES (14, "Doenças Infecciosas");
INSERT INTO Especializacao (EspecializacaoID, Nome) VALUES (15, "Endocrinologia e Nutrição");
INSERT INTO Especializacao (EspecializacaoID, Nome) VALUES (16, "Estomatologia");
INSERT INTO Especializacao (EspecializacaoID, Nome) VALUES (17, "Gastrenterologia");
INSERT INTO Especializacao (EspecializacaoID, Nome) VALUES (18, "Genética Médica");
INSERT INTO Especializacao (EspecializacaoID, Nome) VALUES (19, "Ginecologia/Obstetrícia");
INSERT INTO Especializacao (EspecializacaoID, Nome) VALUES (20, "Imunoalergologia");
INSERT INTO Especializacao (EspecializacaoID, Nome) VALUES (21, "Imuno-hemoterapia");
INSERT INTO Especializacao (EspecializacaoID, Nome) VALUES (22, "Farmacologia Clínica");
INSERT INTO Especializacao (EspecializacaoID, Nome) VALUES (23, "Hematologia Clínica");
INSERT INTO Especializacao (EspecializacaoID, Nome) VALUES (24, "Medicina Desportiva");
INSERT INTO Especializacao (EspecializacaoID, Nome) VALUES (25, "Medicina do Trabalho");
INSERT INTO Especializacao (EspecializacaoID, Nome) VALUES (26, "Medicina Física e Reabilitação");
INSERT INTO Especializacao (EspecializacaoID, Nome) VALUES (27, "Medicina Geral e Familiar");
INSERT INTO Especializacao (EspecializacaoID, Nome) VALUES (28, "Medicina Intensiva");
INSERT INTO Especializacao (EspecializacaoID, Nome) VALUES (29, "Medicina Interna");
INSERT INTO Especializacao (EspecializacaoID, Nome) VALUES (30, "Medicina Legal");
INSERT INTO Especializacao (EspecializacaoID, Nome) VALUES (31, "Medicina Nuclear");
INSERT INTO Especializacao (EspecializacaoID, Nome) VALUES (32, "Medicina Tropical");
INSERT INTO Especializacao (EspecializacaoID, Nome) VALUES (33, "Nefrologia");
INSERT INTO Especializacao (EspecializacaoID, Nome) VALUES (34, "Neurocirurgia");
INSERT INTO Especializacao (EspecializacaoID, Nome) VALUES (35, "Neurologia");
INSERT INTO Especializacao (EspecializacaoID, Nome) VALUES (36, "Neurorradiologia");
INSERT INTO Especializacao (EspecializacaoID, Nome) VALUES (37, "Oftalmologia");
INSERT INTO Especializacao (EspecializacaoID, Nome) VALUES (38, "Oncologia Médica");
INSERT INTO Especializacao (EspecializacaoID, Nome) VALUES (39, "Ortopedia");
INSERT INTO Especializacao (EspecializacaoID, Nome) VALUES (40, "Otorrinolaringologia");
INSERT INTO Especializacao (EspecializacaoID, Nome) VALUES (41, "Patologia Clínica");
INSERT INTO Especializacao (EspecializacaoID, Nome) VALUES (42, "Pediatria");
INSERT INTO Especializacao (EspecializacaoID, Nome) VALUES (43, "Pneumologia");
INSERT INTO Especializacao (EspecializacaoID, Nome) VALUES (44, "Psiquiatria");
INSERT INTO Especializacao (EspecializacaoID, Nome) VALUES (45, "Psiquiatria da Infância e da Adolescência");
INSERT INTO Especializacao (EspecializacaoID, Nome) VALUES (46, "Radiologia");
INSERT INTO Especializacao (EspecializacaoID, Nome) VALUES (47, "Radioncologia");
INSERT INTO Especializacao (EspecializacaoID, Nome) VALUES (48, "Reumatologia");
INSERT INTO Especializacao (EspecializacaoID, Nome) VALUES (49, "Saúde Pública");
INSERT INTO Especializacao (EspecializacaoID, Nome) VALUES (50, "Urologia");


-- Rooms
INSERT INTO Quarto (Numero) VALUES (100);
INSERT INTO Quarto (Numero) VALUES (101);
INSERT INTO Quarto (Numero) VALUES (102);
INSERT INTO Quarto (Numero) VALUES (103);
INSERT INTO Quarto (Numero) VALUES (104);
INSERT INTO Quarto (Numero) VALUES (105);
INSERT INTO Quarto (Numero) VALUES (106);
INSERT INTO Quarto (Numero) VALUES (107);
INSERT INTO Quarto (Numero) VALUES (108);
INSERT INTO Quarto (Numero) VALUES (109);
INSERT INTO Quarto (Numero) VALUES (110);
INSERT INTO Quarto (Numero) VALUES (111);
INSERT INTO Quarto (Numero) VALUES (112);
INSERT INTO Quarto (Numero) VALUES (113);
INSERT INTO Quarto (Numero) VALUES (114);
INSERT INTO Quarto (Numero) VALUES (115);
INSERT INTO Quarto (Numero) VALUES (116);
INSERT INTO Quarto (Numero) VALUES (117);
INSERT INTO Quarto (Numero) VALUES (118);
INSERT INTO Quarto (Numero) VALUES (119);
INSERT INTO Quarto (Numero) VALUES (120);
INSERT INTO Quarto (Numero) VALUES (121);
INSERT INTO Quarto (Numero) VALUES (122);
INSERT INTO Quarto (Numero) VALUES (123);
INSERT INTO Quarto (Numero) VALUES (124);
INSERT INTO Quarto (Numero) VALUES (125);
INSERT INTO Quarto (Numero) VALUES (126);
INSERT INTO Quarto (Numero) VALUES (127);
INSERT INTO Quarto (Numero) VALUES (128);
INSERT INTO Quarto (Numero) VALUES (129);
INSERT INTO Quarto (Numero) VALUES (130);
INSERT INTO Quarto (Numero) VALUES (131);
INSERT INTO Quarto (Numero) VALUES (132);
INSERT INTO Quarto (Numero) VALUES (133);
INSERT INTO Quarto (Numero) VALUES (134);
INSERT INTO Quarto (Numero) VALUES (135);
INSERT INTO Quarto (Numero) VALUES (136);
INSERT INTO Quarto (Numero) VALUES (137);
INSERT INTO Quarto (Numero) VALUES (138);
INSERT INTO Quarto (Numero) VALUES (139);
INSERT INTO Quarto (Numero) VALUES (140);
INSERT INTO Quarto (Numero) VALUES (141);
INSERT INTO Quarto (Numero) VALUES (142);
INSERT INTO Quarto (Numero) VALUES (143);
INSERT INTO Quarto (Numero) VALUES (144);
INSERT INTO Quarto (Numero) VALUES (145);
INSERT INTO Quarto (Numero) VALUES (146);
INSERT INTO Quarto (Numero) VALUES (147);
INSERT INTO Quarto (Numero) VALUES (148);
INSERT INTO Quarto (Numero) VALUES (149);
INSERT INTO Quarto (Numero) VALUES (150);
INSERT INTO Quarto (Numero) VALUES (151);
INSERT INTO Quarto (Numero) VALUES (152);
INSERT INTO Quarto (Numero) VALUES (153);
INSERT INTO Quarto (Numero) VALUES (154);
INSERT INTO Quarto (Numero) VALUES (155);
INSERT INTO Quarto (Numero) VALUES (156);
INSERT INTO Quarto (Numero) VALUES (157);
INSERT INTO Quarto (Numero) VALUES (158);
INSERT INTO Quarto (Numero) VALUES (159);
INSERT INTO Quarto (Numero) VALUES (160);
INSERT INTO Quarto (Numero) VALUES (161);
INSERT INTO Quarto (Numero) VALUES (162);
INSERT INTO Quarto (Numero) VALUES (163);
INSERT INTO Quarto (Numero) VALUES (164);
INSERT INTO Quarto (Numero) VALUES (165);
INSERT INTO Quarto (Numero) VALUES (166);
INSERT INTO Quarto (Numero) VALUES (167);
INSERT INTO Quarto (Numero) VALUES (168);
INSERT INTO Quarto (Numero) VALUES (169);
INSERT INTO Quarto (Numero) VALUES (170);
INSERT INTO Quarto (Numero) VALUES (171);
INSERT INTO Quarto (Numero) VALUES (172);
INSERT INTO Quarto (Numero) VALUES (173);
INSERT INTO Quarto (Numero) VALUES (174);
INSERT INTO Quarto (Numero) VALUES (175);
INSERT INTO Quarto (Numero) VALUES (176);
INSERT INTO Quarto (Numero) VALUES (177);
INSERT INTO Quarto (Numero) VALUES (178);
INSERT INTO Quarto (Numero) VALUES (179);
INSERT INTO Quarto (Numero) VALUES (180);
INSERT INTO Quarto (Numero) VALUES (181);
INSERT INTO Quarto (Numero) VALUES (182);
INSERT INTO Quarto (Numero) VALUES (183);
INSERT INTO Quarto (Numero) VALUES (184);
INSERT INTO Quarto (Numero) VALUES (185);
INSERT INTO Quarto (Numero) VALUES (186);
INSERT INTO Quarto (Numero) VALUES (187);
INSERT INTO Quarto (Numero) VALUES (188);
INSERT INTO Quarto (Numero) VALUES (189);
INSERT INTO Quarto (Numero) VALUES (190);
INSERT INTO Quarto (Numero) VALUES (191);
INSERT INTO Quarto (Numero) VALUES (192);
INSERT INTO Quarto (Numero) VALUES (193);
INSERT INTO Quarto (Numero) VALUES (194);
INSERT INTO Quarto (Numero) VALUES (195);
INSERT INTO Quarto (Numero) VALUES (196);
INSERT INTO Quarto (Numero) VALUES (197);
INSERT INTO Quarto (Numero) VALUES (198);
INSERT INTO Quarto (Numero) VALUES (199);
INSERT INTO Quarto (Numero) VALUES (200);
INSERT INTO Quarto (Numero) VALUES (201);
INSERT INTO Quarto (Numero) VALUES (202);
INSERT INTO Quarto (Numero) VALUES (203);
INSERT INTO Quarto (Numero) VALUES (204);
INSERT INTO Quarto (Numero) VALUES (205);
INSERT INTO Quarto (Numero) VALUES (206);
INSERT INTO Quarto (Numero) VALUES (207);
INSERT INTO Quarto (Numero) VALUES (208);
INSERT INTO Quarto (Numero) VALUES (209);
INSERT INTO Quarto (Numero) VALUES (210);
INSERT INTO Quarto (Numero) VALUES (211);
INSERT INTO Quarto (Numero) VALUES (212);
INSERT INTO Quarto (Numero) VALUES (213);
INSERT INTO Quarto (Numero) VALUES (214);
INSERT INTO Quarto (Numero) VALUES (215);
INSERT INTO Quarto (Numero) VALUES (216);
INSERT INTO Quarto (Numero) VALUES (217);
INSERT INTO Quarto (Numero) VALUES (218);
INSERT INTO Quarto (Numero) VALUES (219);
INSERT INTO Quarto (Numero) VALUES (220);
INSERT INTO Quarto (Numero) VALUES (221);
INSERT INTO Quarto (Numero) VALUES (222);
INSERT INTO Quarto (Numero) VALUES (223);
INSERT INTO Quarto (Numero) VALUES (224);
INSERT INTO Quarto (Numero) VALUES (225);
INSERT INTO Quarto (Numero) VALUES (226);
INSERT INTO Quarto (Numero) VALUES (227);
INSERT INTO Quarto (Numero) VALUES (228);
INSERT INTO Quarto (Numero) VALUES (229);
INSERT INTO Quarto (Numero) VALUES (230);
INSERT INTO Quarto (Numero) VALUES (231);
INSERT INTO Quarto (Numero) VALUES (232);
INSERT INTO Quarto (Numero) VALUES (233);
INSERT INTO Quarto (Numero) VALUES (234);
INSERT INTO Quarto (Numero) VALUES (235);
INSERT INTO Quarto (Numero) VALUES (236);
INSERT INTO Quarto (Numero) VALUES (237);
INSERT INTO Quarto (Numero) VALUES (238);
INSERT INTO Quarto (Numero) VALUES (239);
INSERT INTO Quarto (Numero) VALUES (240);
INSERT INTO Quarto (Numero) VALUES (241);
INSERT INTO Quarto (Numero) VALUES (242);
INSERT INTO Quarto (Numero) VALUES (243);
INSERT INTO Quarto (Numero) VALUES (244);
INSERT INTO Quarto (Numero) VALUES (245);
INSERT INTO Quarto (Numero) VALUES (246);
INSERT INTO Quarto (Numero) VALUES (247);
INSERT INTO Quarto (Numero) VALUES (248);
INSERT INTO Quarto (Numero) VALUES (249);


-- Health Subsystems
INSERT INTO SubsistemaSaude (SubsistemaSaudeID, Nome) VALUES (1, "ADSE");
INSERT INTO SubsistemaSaude (SubsistemaSaudeID, Nome) VALUES (2, "PSP");
INSERT INTO SubsistemaSaude (SubsistemaSaudeID, Nome) VALUES (3, "GNR");
INSERT INTO SubsistemaSaude (SubsistemaSaudeID, Nome) VALUES (4, "SSMJ");


-- Schedule
INSERT INTO Horario (HorarioID, DiaSemana, HoraInicio, HoraFim) VALUES (1, "Segunda", "00:00", "12:30");
INSERT INTO Horario (HorarioID, DiaSemana, HoraInicio, HoraFim) VALUES (2, "Segunda", "12:30", "20:45");
INSERT INTO Horario (HorarioID, DiaSemana, HoraInicio, HoraFim) VALUES (3, "Segunda", "20:45", "23:59");
INSERT INTO Horario (HorarioID, DiaSemana, HoraInicio, HoraFim) VALUES (4, "Terca", "00:00", "06:15");
INSERT INTO Horario (HorarioID, DiaSemana, HoraInicio, HoraFim) VALUES (5, "Terca", "06:15", "10:00");
INSERT INTO Horario (HorarioID, DiaSemana, HoraInicio, HoraFim) VALUES (6, "Terca", "10:00", "14:30");
INSERT INTO Horario (HorarioID, DiaSemana, HoraInicio, HoraFim) VALUES (7, "Terca", "14:30", "20:15");
INSERT INTO Horario (HorarioID, DiaSemana, HoraInicio, HoraFim) VALUES (8, "Terca", "20:15", "23:59");
INSERT INTO Horario (HorarioID, DiaSemana, HoraInicio, HoraFim) VALUES (9, "Quarta", "00:00", "04:45");
INSERT INTO Horario (HorarioID, DiaSemana, HoraInicio, HoraFim) VALUES (10, "Quarta", "04:45", "14:30");
INSERT INTO Horario (HorarioID, DiaSemana, HoraInicio, HoraFim) VALUES (11, "Quarta", "14:30", "18:30");
INSERT INTO Horario (HorarioID, DiaSemana, HoraInicio, HoraFim) VALUES (12, "Quarta", "18:30", "23:30");
INSERT INTO Horario (HorarioID, DiaSemana, HoraInicio, HoraFim) VALUES (13, "Quarta", "23:30", "23:59");
INSERT INTO Horario (HorarioID, DiaSemana, HoraInicio, HoraFim) VALUES (14, "Quinta", "00:00", "12:00");
INSERT INTO Horario (HorarioID, DiaSemana, HoraInicio, HoraFim) VALUES (15, "Quinta", "12:00", "18:45");
INSERT INTO Horario (HorarioID, DiaSemana, HoraInicio, HoraFim) VALUES (16, "Quinta", "18:45", "23:15");
INSERT INTO Horario (HorarioID, DiaSemana, HoraInicio, HoraFim) VALUES (17, "Quinta", "23:15", "23:59");
INSERT INTO Horario (HorarioID, DiaSemana, HoraInicio, HoraFim) VALUES (18, "Sexta", "00:00", "04:15");
INSERT INTO Horario (HorarioID, DiaSemana, HoraInicio, HoraFim) VALUES (19, "Sexta", "04:15", "10:30");
INSERT INTO Horario (HorarioID, DiaSemana, HoraInicio, HoraFim) VALUES (20, "Sexta", "10:30", "16:00");
INSERT INTO Horario (HorarioID, DiaSemana, HoraInicio, HoraFim) VALUES (21, "Sexta", "16:00", "23:45");
INSERT INTO Horario (HorarioID, DiaSemana, HoraInicio, HoraFim) VALUES (22, "Sexta", "23:45", "23:59");
INSERT INTO Horario (HorarioID, DiaSemana, HoraInicio, HoraFim) VALUES (23, "Sabado", "00:00", "08:00");
INSERT INTO Horario (HorarioID, DiaSemana, HoraInicio, HoraFim) VALUES (24, "Sabado", "08:00", "20:00");
INSERT INTO Horario (HorarioID, DiaSemana, HoraInicio, HoraFim) VALUES (25, "Sabado", "20:00", "23:59");
INSERT INTO Horario (HorarioID, DiaSemana, HoraInicio, HoraFim) VALUES (26, "Domingo", "00:00", "12:15");
INSERT INTO Horario (HorarioID, DiaSemana, HoraInicio, HoraFim) VALUES (27, "Domingo", "12:15", "18:30");
INSERT INTO Horario (HorarioID, DiaSemana, HoraInicio, HoraFim) VALUES (28, "Domingo", "18:30", "23:15");
INSERT INTO Horario (HorarioID, DiaSemana, HoraInicio, HoraFim) VALUES (29, "Domingo", "23:15", "23:59");


-- Patients
INSERT INTO Pessoa (PessoaID, NumIdentificacao, Nome, Morada, Telefone, NumeroBeneficiario, Sexo, DataNascimento) VALUES (1, 34153416, "Frank Numbers", "morada", 978603110, 275822615, "M", "10/12/1980 02:14:26");
INSERT INTO Paciente (PessoaID, GrupoSanguineo) VALUES (1, "A-");
INSERT INTO Pessoa (PessoaID, NumIdentificacao, Nome, Morada, Telefone, NumeroBeneficiario, Sexo, DataNascimento) VALUES (2, 62759083, "Chris Zakrzewski", "morada", 917025657, 331806495, "M", "23/01/1981 19:50:14");
INSERT INTO Paciente (PessoaID, GrupoSanguineo, SubsistemaSaude) VALUES (2, "A-", 4);
INSERT INTO Pessoa (PessoaID, NumIdentificacao, Nome, Morada, Telefone, NumeroBeneficiario, Sexo, DataNascimento) VALUES (3, 98738357, "Arlene Brown", "morada", 958663117, 472206276, "F", "14/01/1971 12:48:44");
INSERT INTO Paciente (PessoaID, GrupoSanguineo, SubsistemaSaude) VALUES (3, "B+", 1);
INSERT INTO Pessoa (PessoaID, NumIdentificacao, Nome, Morada, Telefone, NumeroBeneficiario, Sexo, DataNascimento) VALUES (4, 90269609, "Deloris Mcbride", "morada", 995975970, 273187264, "F", "28/05/1994 18:47:26");
INSERT INTO Paciente (PessoaID, GrupoSanguineo) VALUES (4, "B+");
INSERT INTO Pessoa (PessoaID, NumIdentificacao, Nome, Morada, Telefone, NumeroBeneficiario, Sexo, DataNascimento) VALUES (5, 33955296, "Kathleen Payne", "morada", 937073055, 571800318, "F", "07/02/2005 14:46:27");
INSERT INTO Paciente (PessoaID, GrupoSanguineo) VALUES (5, "O-");
INSERT INTO Pessoa (PessoaID, NumIdentificacao, Nome, Morada, Telefone, NumeroBeneficiario, Sexo, DataNascimento) VALUES (6, 72108021, "Bobby Martin", "morada", 986692943, 620591955, "M", "20/07/1975 19:39:09");
INSERT INTO Paciente (PessoaID, GrupoSanguineo, SubsistemaSaude) VALUES (6, "A+", 2);
INSERT INTO Pessoa (PessoaID, NumIdentificacao, Nome, Morada, Telefone, NumeroBeneficiario, Sexo, DataNascimento) VALUES (7, 18594233, "Wendy Evans", "morada", 932587698, 986012957, "F", "04/05/2014 03:00:02");
INSERT INTO Paciente (PessoaID, GrupoSanguineo, SubsistemaSaude) VALUES (7, "O+", 2);
INSERT INTO Pessoa (PessoaID, NumIdentificacao, Nome, Morada, Telefone, NumeroBeneficiario, Sexo, DataNascimento) VALUES (8, 75820164, "Frances Peterson", "morada", 966872012, 870397490, "F", "04/10/1980 08:58:14");
INSERT INTO Paciente (PessoaID, GrupoSanguineo) VALUES (8, "A+");
INSERT INTO Pessoa (PessoaID, NumIdentificacao, Nome, Morada, Telefone, NumeroBeneficiario, Sexo, DataNascimento) VALUES (9, 68970162, "Pamela Cordier", "morada", 980818586, 669366234, "F", "14/06/1988 04:04:19");
INSERT INTO Paciente (PessoaID, GrupoSanguineo) VALUES (9, "A-");
INSERT INTO Pessoa (PessoaID, NumIdentificacao, Nome, Morada, Telefone, NumeroBeneficiario, Sexo, DataNascimento) VALUES (10, 55769833, "Charles Weaver", "morada", 922848977, 546714421, "M", "10/08/2017 17:55:40");
INSERT INTO Paciente (PessoaID, GrupoSanguineo) VALUES (10, "B-");
INSERT INTO Pessoa (PessoaID, NumIdentificacao, Nome, Morada, Telefone, NumeroBeneficiario, Sexo, DataNascimento) VALUES (11, 43527063, "Joshua Treadwell", "morada", 983520426, 594717000, "M", "22/01/1971 23:49:27");
INSERT INTO Paciente (PessoaID, GrupoSanguineo) VALUES (11, "O-");
INSERT INTO Pessoa (PessoaID, NumIdentificacao, Nome, Morada, Telefone, NumeroBeneficiario, Sexo, DataNascimento) VALUES (12, 44854549, "Marianne Auerswald", "morada", 948590825, 267411002, "F", "01/07/1986 03:02:20");
INSERT INTO Paciente (PessoaID, GrupoSanguineo, SubsistemaSaude) VALUES (12, "B+", 1);
INSERT INTO Pessoa (PessoaID, NumIdentificacao, Nome, Morada, Telefone, NumeroBeneficiario, Sexo, DataNascimento) VALUES (13, 95314830, "Janice Armstrong", "morada", 956769150, 143952590, "F", "27/05/1995 12:18:30");
INSERT INTO Paciente (PessoaID, GrupoSanguineo) VALUES (13, "AB-");
INSERT INTO Pessoa (PessoaID, NumIdentificacao, Nome, Morada, Telefone, NumeroBeneficiario, Sexo, DataNascimento) VALUES (14, 93204068, "Nicholas Luechtefeld", "morada", 956201994, 152013367, "M", "07/04/1993 22:56:00");
INSERT INTO Paciente (PessoaID, GrupoSanguineo) VALUES (14, "AB+");
INSERT INTO Pessoa (PessoaID, NumIdentificacao, Nome, Morada, Telefone, NumeroBeneficiario, Sexo, DataNascimento) VALUES (15, 20976558, "William Cottrell", "morada", 951163990, 882179090, "M", "08/02/2014 04:34:23");
INSERT INTO Paciente (PessoaID, GrupoSanguineo, SubsistemaSaude) VALUES (15, "AB+", 3);
INSERT INTO Pessoa (PessoaID, NumIdentificacao, Nome, Morada, Telefone, NumeroBeneficiario, Sexo, DataNascimento) VALUES (16, 27896474, "Carlos Cole", "morada", 960058492, 585150431, "M", "30/09/2000 15:43:12");
INSERT INTO Paciente (PessoaID, GrupoSanguineo) VALUES (16, "A-");
INSERT INTO Pessoa (PessoaID, NumIdentificacao, Nome, Morada, Telefone, NumeroBeneficiario, Sexo, DataNascimento) VALUES (17, 13444909, "Elmer Poulin", "morada", 990863454, 555658416, "F", "15/04/1990 23:07:36");
INSERT INTO Paciente (PessoaID, GrupoSanguineo) VALUES (17, "AB-");
INSERT INTO Pessoa (PessoaID, NumIdentificacao, Nome, Morada, Telefone, NumeroBeneficiario, Sexo, DataNascimento) VALUES (18, 51848818, "Stacey Lindsay", "morada", 974941432, 202556189, "F", "23/07/2011 09:00:36");
INSERT INTO Paciente (PessoaID, GrupoSanguineo) VALUES (18, "A-");
INSERT INTO Pessoa (PessoaID, NumIdentificacao, Nome, Morada, Telefone, NumeroBeneficiario, Sexo, DataNascimento) VALUES (19, 70837561, "Kenneth Linen", "morada", 996405261, 671080237, "M", "23/01/1987 11:46:48");
INSERT INTO Paciente (PessoaID, GrupoSanguineo) VALUES (19, "A-");
INSERT INTO Pessoa (PessoaID, NumIdentificacao, Nome, Morada, Telefone, NumeroBeneficiario, Sexo, DataNascimento) VALUES (20, 39249441, "Kevin Williams", "morada", 945014152, 913255805, "M", "03/01/2019 15:35:03");
INSERT INTO Paciente (PessoaID, GrupoSanguineo) VALUES (20, "B-");
INSERT INTO Pessoa (PessoaID, NumIdentificacao, Nome, Morada, Telefone, NumeroBeneficiario, Sexo, DataNascimento) VALUES (21, 12576245, "Ernest Carlock", "morada", 970975686, 177988220, "M", "16/01/1991 15:38:32");
INSERT INTO Paciente (PessoaID, GrupoSanguineo) VALUES (21, "B+");
INSERT INTO Pessoa (PessoaID, NumIdentificacao, Nome, Morada, Telefone, NumeroBeneficiario, Sexo, DataNascimento) VALUES (22, 23332633, "Eva Moreno", "morada", 990056464, 762243720, "F", "19/05/1991 02:20:45");
INSERT INTO Paciente (PessoaID, GrupoSanguineo, SubsistemaSaude) VALUES (22, "A+", 1);
INSERT INTO Pessoa (PessoaID, NumIdentificacao, Nome, Morada, Telefone, NumeroBeneficiario, Sexo, DataNascimento) VALUES (23, 66697112, "Danielle Robinson", "morada", 941338764, 132874061, "F", "20/08/1989 22:20:09");
INSERT INTO Paciente (PessoaID, GrupoSanguineo, SubsistemaSaude) VALUES (23, "B-", 4);
INSERT INTO Pessoa (PessoaID, NumIdentificacao, Nome, Morada, Telefone, NumeroBeneficiario, Sexo, DataNascimento) VALUES (24, 49938266, "Stanley Hilton", "morada", 921831794, 948279618, "M", "25/04/1997 16:11:40");
INSERT INTO Paciente (PessoaID, GrupoSanguineo) VALUES (24, "O-");
INSERT INTO Pessoa (PessoaID, NumIdentificacao, Nome, Morada, Telefone, NumeroBeneficiario, Sexo, DataNascimento) VALUES (25, 15411762, "Kenneth Bild", "morada", 961406888, 280464676, "M", "14/05/2013 02:15:34");
INSERT INTO Paciente (PessoaID, GrupoSanguineo) VALUES (25, "A+");
INSERT INTO Pessoa (PessoaID, NumIdentificacao, Nome, Morada, Telefone, NumeroBeneficiario, Sexo, DataNascimento) VALUES (26, 38058410, "Joy Fisher", "morada", 995331690, 289881884, "F", "20/12/1981 05:52:45");
INSERT INTO Paciente (PessoaID, GrupoSanguineo) VALUES (26, "B-");
INSERT INTO Pessoa (PessoaID, NumIdentificacao, Nome, Morada, Telefone, NumeroBeneficiario, Sexo, DataNascimento) VALUES (27, 49051100, "Margaret Cornish", "morada", 946054453, 681316035, "F", "16/06/2008 02:42:10");
INSERT INTO Paciente (PessoaID, GrupoSanguineo) VALUES (27, "A+");
INSERT INTO Pessoa (PessoaID, NumIdentificacao, Nome, Morada, Telefone, NumeroBeneficiario, Sexo, DataNascimento) VALUES (28, 93355449, "Gene Demby", "morada", 919887888, 798699939, "M", "21/01/2006 01:09:26");
INSERT INTO Paciente (PessoaID, GrupoSanguineo, SubsistemaSaude) VALUES (28, "A+", 1);
INSERT INTO Pessoa (PessoaID, NumIdentificacao, Nome, Morada, Telefone, NumeroBeneficiario, Sexo, DataNascimento) VALUES (29, 55714856, "Joyce Dickens", "morada", 915279396, 387198060, "F", "06/06/2004 07:20:35");
INSERT INTO Paciente (PessoaID, GrupoSanguineo, SubsistemaSaude) VALUES (29, "AB-", 1);
INSERT INTO Pessoa (PessoaID, NumIdentificacao, Nome, Morada, Telefone, NumeroBeneficiario, Sexo, DataNascimento) VALUES (30, 46860991, "Jose Salem", "morada", 931267689, 929259224, "M", "12/09/1996 15:31:04");
INSERT INTO Paciente (PessoaID, GrupoSanguineo, SubsistemaSaude) VALUES (30, "A-", 4);
INSERT INTO Pessoa (PessoaID, NumIdentificacao, Nome, Morada, Telefone, NumeroBeneficiario, Sexo, DataNascimento) VALUES (31, 84120733, "Richard Eason", "morada", 936411794, 630954480, "M", "10/11/2010 18:06:42");
INSERT INTO Paciente (PessoaID, GrupoSanguineo, SubsistemaSaude) VALUES (31, "O+", 1);
INSERT INTO Pessoa (PessoaID, NumIdentificacao, Nome, Morada, Telefone, NumeroBeneficiario, Sexo, DataNascimento) VALUES (32, 44068629, "Mary Martinez", "morada", 942348297, 188972342, "F", "18/08/1988 06:52:17");
INSERT INTO Paciente (PessoaID, GrupoSanguineo) VALUES (32, "B+");
INSERT INTO Pessoa (PessoaID, NumIdentificacao, Nome, Morada, Telefone, NumeroBeneficiario, Sexo, DataNascimento) VALUES (33, 57390551, "Amy Healy", "morada", 997813559, 166169993, "F", "18/10/1972 02:34:50");
INSERT INTO Paciente (PessoaID, GrupoSanguineo, SubsistemaSaude) VALUES (33, "B+", 3);
INSERT INTO Pessoa (PessoaID, NumIdentificacao, Nome, Morada, Telefone, NumeroBeneficiario, Sexo, DataNascimento) VALUES (34, 41145830, "Carrie Willis", "morada", 952668645, 571600951, "F", "27/02/2015 18:32:02");
INSERT INTO Paciente (PessoaID, GrupoSanguineo) VALUES (34, "A-");
INSERT INTO Pessoa (PessoaID, NumIdentificacao, Nome, Morada, Telefone, NumeroBeneficiario, Sexo, DataNascimento) VALUES (35, 53827431, "Jimmy Pruitt", "morada", 934927598, 476328940, "M", "08/01/1984 03:41:43");
INSERT INTO Paciente (PessoaID, GrupoSanguineo, SubsistemaSaude) VALUES (35, "AB+", 1);
INSERT INTO Pessoa (PessoaID, NumIdentificacao, Nome, Morada, Telefone, NumeroBeneficiario, Sexo, DataNascimento) VALUES (36, 23079894, "William Till", "morada", 914918385, 723116550, "M", "19/05/1999 08:55:44");
INSERT INTO Paciente (PessoaID, GrupoSanguineo) VALUES (36, "AB+");
INSERT INTO Pessoa (PessoaID, NumIdentificacao, Nome, Morada, Telefone, NumeroBeneficiario, Sexo, DataNascimento) VALUES (37, 62274467, "Helen Babcock", "morada", 949383356, 194817795, "F", "04/05/2018 11:35:25");
INSERT INTO Paciente (PessoaID, GrupoSanguineo, SubsistemaSaude) VALUES (37, "B+", 1);
INSERT INTO Pessoa (PessoaID, NumIdentificacao, Nome, Morada, Telefone, NumeroBeneficiario, Sexo, DataNascimento) VALUES (38, 47842710, "Raymond Mirabella", "morada", 990587402, 458779221, "M", "05/05/2003 08:39:13");
INSERT INTO Paciente (PessoaID, GrupoSanguineo, SubsistemaSaude) VALUES (38, "B+", 2);
INSERT INTO Pessoa (PessoaID, NumIdentificacao, Nome, Morada, Telefone, NumeroBeneficiario, Sexo, DataNascimento) VALUES (39, 31678126, "Jesse Salido", "morada", 927919440, 129709024, "M", "24/12/1977 08:55:58");
INSERT INTO Paciente (PessoaID, GrupoSanguineo) VALUES (39, "B+");
INSERT INTO Pessoa (PessoaID, NumIdentificacao, Nome, Morada, Telefone, NumeroBeneficiario, Sexo, DataNascimento) VALUES (40, 45781775, "Jennifer Mcclure", "morada", 966228432, 677738976, "F", "08/01/1979 10:41:00");
INSERT INTO Paciente (PessoaID, GrupoSanguineo) VALUES (40, "O+");
INSERT INTO Pessoa (PessoaID, NumIdentificacao, Nome, Morada, Telefone, NumeroBeneficiario, Sexo, DataNascimento) VALUES (41, 11708488, "Nicholas Tomsic", "morada", 986900623, 893816501, "M", "14/09/1985 15:17:05");
INSERT INTO Paciente (PessoaID, GrupoSanguineo) VALUES (41, "AB+");
INSERT INTO Pessoa (PessoaID, NumIdentificacao, Nome, Morada, Telefone, NumeroBeneficiario, Sexo, DataNascimento) VALUES (42, 19636667, "Tamara Peoples", "morada", 997174919, 954408704, "F", "13/05/1990 16:30:16");
INSERT INTO Paciente (PessoaID, GrupoSanguineo) VALUES (42, "O-");
INSERT INTO Pessoa (PessoaID, NumIdentificacao, Nome, Morada, Telefone, NumeroBeneficiario, Sexo, DataNascimento) VALUES (43, 77321293, "Gloria Ostrye", "morada", 978199693, 796799253, "F", "10/12/1970 22:00:16");
INSERT INTO Paciente (PessoaID, GrupoSanguineo) VALUES (43, "AB+");
INSERT INTO Pessoa (PessoaID, NumIdentificacao, Nome, Morada, Telefone, NumeroBeneficiario, Sexo, DataNascimento) VALUES (44, 44087854, "Kate Simoneau", "morada", 980858439, 142349126, "F", "12/10/1997 08:10:44");
INSERT INTO Paciente (PessoaID, GrupoSanguineo) VALUES (44, "B+");
INSERT INTO Pessoa (PessoaID, NumIdentificacao, Nome, Morada, Telefone, NumeroBeneficiario, Sexo, DataNascimento) VALUES (45, 51269122, "Edgar Lee", "morada", 962828038, 715976388, "M", "20/06/2005 17:57:43");
INSERT INTO Paciente (PessoaID, GrupoSanguineo) VALUES (45, "O+");
INSERT INTO Pessoa (PessoaID, NumIdentificacao, Nome, Morada, Telefone, NumeroBeneficiario, Sexo, DataNascimento) VALUES (46, 90566460, "John Flores", "morada", 958914526, 696979928, "M", "09/02/1974 02:15:12");
INSERT INTO Paciente (PessoaID, GrupoSanguineo, SubsistemaSaude) VALUES (46, "A-", 1);
INSERT INTO Pessoa (PessoaID, NumIdentificacao, Nome, Morada, Telefone, NumeroBeneficiario, Sexo, DataNascimento) VALUES (47, 18058406, "Margaret Dolejsi", "morada", 920541193, 683901358, "F", "11/08/1984 06:44:20");
INSERT INTO Paciente (PessoaID, GrupoSanguineo) VALUES (47, "B-");
INSERT INTO Pessoa (PessoaID, NumIdentificacao, Nome, Morada, Telefone, NumeroBeneficiario, Sexo, DataNascimento) VALUES (48, 44413967, "Irene Mcclain", "morada", 942882217, 991590230, "F", "30/09/1970 04:46:49");
INSERT INTO Paciente (PessoaID, GrupoSanguineo) VALUES (48, "O+");
INSERT INTO Pessoa (PessoaID, NumIdentificacao, Nome, Morada, Telefone, NumeroBeneficiario, Sexo, DataNascimento) VALUES (49, 64094442, "Jamie Barnes", "morada", 967329253, 159887654, "M", "02/06/1972 11:52:28");
INSERT INTO Paciente (PessoaID, GrupoSanguineo) VALUES (49, "B-");
INSERT INTO Pessoa (PessoaID, NumIdentificacao, Nome, Morada, Telefone, NumeroBeneficiario, Sexo, DataNascimento) VALUES (50, 12802480, "Susan Wieland", "morada", 969706627, 595000959, "F", "16/03/2009 17:43:46");
INSERT INTO Paciente (PessoaID, GrupoSanguineo) VALUES (50, "O-");
INSERT INTO Pessoa (PessoaID, NumIdentificacao, Nome, Morada, Telefone, NumeroBeneficiario, Sexo, DataNascimento) VALUES (51, 10847352, "Wanda Sisson", "morada", 938498931, 997367146, "F", "09/02/1990 14:03:40");
INSERT INTO Paciente (PessoaID, GrupoSanguineo) VALUES (51, "AB+");
INSERT INTO Pessoa (PessoaID, NumIdentificacao, Nome, Morada, Telefone, NumeroBeneficiario, Sexo, DataNascimento) VALUES (52, 16843570, "Ruth Silverstein", "morada", 950434949, 389943412, "F", "15/04/1970 22:05:12");
INSERT INTO Paciente (PessoaID, GrupoSanguineo, SubsistemaSaude) VALUES (52, "AB-", 3);
INSERT INTO Pessoa (PessoaID, NumIdentificacao, Nome, Morada, Telefone, NumeroBeneficiario, Sexo, DataNascimento) VALUES (53, 56796472, "Marilyn Vilain", "morada", 955834947, 522455892, "F", "27/01/2011 09:14:35");
INSERT INTO Paciente (PessoaID, GrupoSanguineo) VALUES (53, "O+");
INSERT INTO Pessoa (PessoaID, NumIdentificacao, Nome, Morada, Telefone, NumeroBeneficiario, Sexo, DataNascimento) VALUES (54, 27175092, "Donna Oakley", "morada", 912357155, 244445306, "F", "10/03/2008 18:02:32");
INSERT INTO Paciente (PessoaID, GrupoSanguineo) VALUES (54, "B-");
INSERT INTO Pessoa (PessoaID, NumIdentificacao, Nome, Morada, Telefone, NumeroBeneficiario, Sexo, DataNascimento) VALUES (55, 23939959, "Rocio Higdon", "morada", 995238586, 949026578, "F", "19/10/1987 01:42:49");
INSERT INTO Paciente (PessoaID, GrupoSanguineo, SubsistemaSaude) VALUES (55, "AB-", 2);
INSERT INTO Pessoa (PessoaID, NumIdentificacao, Nome, Morada, Telefone, NumeroBeneficiario, Sexo, DataNascimento) VALUES (56, 23075410, "Walter Le", "morada", 967235051, 605635580, "M", "24/07/1987 12:07:07");
INSERT INTO Paciente (PessoaID, GrupoSanguineo) VALUES (56, "B+");
INSERT INTO Pessoa (PessoaID, NumIdentificacao, Nome, Morada, Telefone, NumeroBeneficiario, Sexo, DataNascimento) VALUES (57, 37228508, "Gabriela Sturgill", "morada", 910629483, 800357805, "F", "01/04/1970 07:48:02");
INSERT INTO Paciente (PessoaID, GrupoSanguineo) VALUES (57, "AB-");
INSERT INTO Pessoa (PessoaID, NumIdentificacao, Nome, Morada, Telefone, NumeroBeneficiario, Sexo, DataNascimento) VALUES (58, 55991998, "Betty Leonard", "morada", 961291958, 956089294, "F", "30/01/1995 04:12:44");
INSERT INTO Paciente (PessoaID, GrupoSanguineo) VALUES (58, "B+");
INSERT INTO Pessoa (PessoaID, NumIdentificacao, Nome, Morada, Telefone, NumeroBeneficiario, Sexo, DataNascimento) VALUES (59, 84395008, "Gabriela Wyndham", "morada", 945237647, 961719162, "F", "26/11/2018 01:15:33");
INSERT INTO Paciente (PessoaID, GrupoSanguineo) VALUES (59, "A+");
INSERT INTO Pessoa (PessoaID, NumIdentificacao, Nome, Morada, Telefone, NumeroBeneficiario, Sexo, DataNascimento) VALUES (60, 34972790, "Charles Mccage", "morada", 966494885, 681279396, "M", "14/11/2002 02:03:07");
INSERT INTO Paciente (PessoaID, GrupoSanguineo, SubsistemaSaude) VALUES (60, "A-", 3);
INSERT INTO Pessoa (PessoaID, NumIdentificacao, Nome, Morada, Telefone, NumeroBeneficiario, Sexo, DataNascimento) VALUES (61, 21361585, "Dennis Justus", "morada", 926899732, 472010757, "M", "25/07/2013 01:43:23");
INSERT INTO Paciente (PessoaID, GrupoSanguineo, SubsistemaSaude) VALUES (61, "B-", 1);
INSERT INTO Pessoa (PessoaID, NumIdentificacao, Nome, Morada, Telefone, NumeroBeneficiario, Sexo, DataNascimento) VALUES (62, 10124026, "Albert Jackson", "morada", 979581241, 891410099, "M", "09/02/2009 06:23:12");
INSERT INTO Paciente (PessoaID, GrupoSanguineo, SubsistemaSaude) VALUES (62, "A-", 1);
INSERT INTO Pessoa (PessoaID, NumIdentificacao, Nome, Morada, Telefone, NumeroBeneficiario, Sexo, DataNascimento) VALUES (63, 66159117, "Donna Hallaway", "morada", 946083833, 422548665, "F", "12/07/1982 09:55:22");
INSERT INTO Paciente (PessoaID, GrupoSanguineo, SubsistemaSaude) VALUES (63, "A-", 1);
INSERT INTO Pessoa (PessoaID, NumIdentificacao, Nome, Morada, Telefone, NumeroBeneficiario, Sexo, DataNascimento) VALUES (64, 45727836, "Alice Hardy", "morada", 950121503, 338689352, "F", "15/09/2000 12:03:59");
INSERT INTO Paciente (PessoaID, GrupoSanguineo) VALUES (64, "A+");
INSERT INTO Pessoa (PessoaID, NumIdentificacao, Nome, Morada, Telefone, NumeroBeneficiario, Sexo, DataNascimento) VALUES (65, 53621057, "Brian Bannon", "morada", 935657958, 707743055, "M", "01/08/2016 01:23:02");
INSERT INTO Paciente (PessoaID, GrupoSanguineo) VALUES (65, "AB-");
INSERT INTO Pessoa (PessoaID, NumIdentificacao, Nome, Morada, Telefone, NumeroBeneficiario, Sexo, DataNascimento) VALUES (66, 15408928, "Donna Dendy", "morada", 927642011, 175113555, "F", "01/01/1993 11:08:00");
INSERT INTO Paciente (PessoaID, GrupoSanguineo) VALUES (66, "AB-");
INSERT INTO Pessoa (PessoaID, NumIdentificacao, Nome, Morada, Telefone, NumeroBeneficiario, Sexo, DataNascimento) VALUES (67, 41611549, "Lawrence Lee", "morada", 973482200, 352745403, "M", "05/03/2009 12:08:43");
INSERT INTO Paciente (PessoaID, GrupoSanguineo) VALUES (67, "AB-");
INSERT INTO Pessoa (PessoaID, NumIdentificacao, Nome, Morada, Telefone, NumeroBeneficiario, Sexo, DataNascimento) VALUES (68, 60859307, "Daniel Cohen", "morada", 976500196, 823847417, "M", "20/12/1972 01:10:32");
INSERT INTO Paciente (PessoaID, GrupoSanguineo) VALUES (68, "B-");
INSERT INTO Pessoa (PessoaID, NumIdentificacao, Nome, Morada, Telefone, NumeroBeneficiario, Sexo, DataNascimento) VALUES (69, 24976630, "Jennifer Broadbent", "morada", 996919590, 100329162, "F", "31/01/1986 08:20:57");
INSERT INTO Paciente (PessoaID, GrupoSanguineo) VALUES (69, "B+");
INSERT INTO Pessoa (PessoaID, NumIdentificacao, Nome, Morada, Telefone, NumeroBeneficiario, Sexo, DataNascimento) VALUES (70, 26028991, "Leslie Mcquistion", "morada", 925204615, 524497515, "M", "26/03/1982 12:23:47");
INSERT INTO Paciente (PessoaID, GrupoSanguineo) VALUES (70, "O-");
INSERT INTO Pessoa (PessoaID, NumIdentificacao, Nome, Morada, Telefone, NumeroBeneficiario, Sexo, DataNascimento) VALUES (71, 89018243, "Kristie Teichmann", "morada", 952830460, 998441913, "F", "21/01/1987 00:04:37");
INSERT INTO Paciente (PessoaID, GrupoSanguineo) VALUES (71, "O-");
INSERT INTO Pessoa (PessoaID, NumIdentificacao, Nome, Morada, Telefone, NumeroBeneficiario, Sexo, DataNascimento) VALUES (72, 10010776, "Sara Randall", "morada", 999167329, 408890316, "F", "01/09/1977 12:50:21");
INSERT INTO Paciente (PessoaID, GrupoSanguineo, SubsistemaSaude) VALUES (72, "O+", 1);
INSERT INTO Pessoa (PessoaID, NumIdentificacao, Nome, Morada, Telefone, NumeroBeneficiario, Sexo, DataNascimento) VALUES (73, 44654754, "Dianne Gills", "morada", 950958420, 599614906, "F", "14/04/1977 00:18:21");
INSERT INTO Paciente (PessoaID, GrupoSanguineo, SubsistemaSaude) VALUES (73, "AB+", 1);
INSERT INTO Pessoa (PessoaID, NumIdentificacao, Nome, Morada, Telefone, NumeroBeneficiario, Sexo, DataNascimento) VALUES (74, 54081933, "Gregorio Carroll", "morada", 992418853, 120054895, "M", "29/07/1984 15:21:32");
INSERT INTO Paciente (PessoaID, GrupoSanguineo) VALUES (74, "O+");
INSERT INTO Pessoa (PessoaID, NumIdentificacao, Nome, Morada, Telefone, NumeroBeneficiario, Sexo, DataNascimento) VALUES (75, 22955877, "Lorenzo Ayala", "morada", 942632876, 352063952, "M", "27/02/1994 18:47:07");
INSERT INTO Paciente (PessoaID, GrupoSanguineo) VALUES (75, "A+");
INSERT INTO Pessoa (PessoaID, NumIdentificacao, Nome, Morada, Telefone, NumeroBeneficiario, Sexo, DataNascimento) VALUES (76, 47520353, "Marilyn Bump", "morada", 987275347, 560104093, "F", "23/12/1988 13:21:52");
INSERT INTO Paciente (PessoaID, GrupoSanguineo) VALUES (76, "A+");
INSERT INTO Pessoa (PessoaID, NumIdentificacao, Nome, Morada, Telefone, NumeroBeneficiario, Sexo, DataNascimento) VALUES (77, 24820226, "Ann Champion", "morada", 913220387, 746149636, "F", "16/08/1992 10:47:43");
INSERT INTO Paciente (PessoaID, GrupoSanguineo) VALUES (77, "O+");
INSERT INTO Pessoa (PessoaID, NumIdentificacao, Nome, Morada, Telefone, NumeroBeneficiario, Sexo, DataNascimento) VALUES (78, 47388438, "Kandy Noble", "morada", 983422024, 495959579, "F", "26/02/1972 23:05:03");
INSERT INTO Paciente (PessoaID, GrupoSanguineo) VALUES (78, "AB-");
INSERT INTO Pessoa (PessoaID, NumIdentificacao, Nome, Morada, Telefone, NumeroBeneficiario, Sexo, DataNascimento) VALUES (79, 98162980, "Janeth Boles", "morada", 989079875, 583799838, "F", "31/03/2004 23:49:25");
INSERT INTO Paciente (PessoaID, GrupoSanguineo) VALUES (79, "B+");
INSERT INTO Pessoa (PessoaID, NumIdentificacao, Nome, Morada, Telefone, NumeroBeneficiario, Sexo, DataNascimento) VALUES (80, 32646221, "Daniel Kidd", "morada", 966329649, 807848482, "M", "02/10/2003 02:53:47");
INSERT INTO Paciente (PessoaID, GrupoSanguineo, SubsistemaSaude) VALUES (80, "O+", 4);
INSERT INTO Pessoa (PessoaID, NumIdentificacao, Nome, Morada, Telefone, NumeroBeneficiario, Sexo, DataNascimento) VALUES (81, 90472358, "Wendy Woods", "morada", 970169365, 480411284, "F", "03/11/2018 10:00:54");
INSERT INTO Paciente (PessoaID, GrupoSanguineo) VALUES (81, "B-");
INSERT INTO Pessoa (PessoaID, NumIdentificacao, Nome, Morada, Telefone, NumeroBeneficiario, Sexo, DataNascimento) VALUES (82, 80985774, "Vickie Sam", "morada", 968287224, 974315159, "F", "02/04/1977 17:24:14");
INSERT INTO Paciente (PessoaID, GrupoSanguineo) VALUES (82, "O+");
INSERT INTO Pessoa (PessoaID, NumIdentificacao, Nome, Morada, Telefone, NumeroBeneficiario, Sexo, DataNascimento) VALUES (83, 18304171, "Doreen Redd", "morada", 994416857, 338810610, "F", "28/01/1970 19:32:25");
INSERT INTO Paciente (PessoaID, GrupoSanguineo) VALUES (83, "AB+");
INSERT INTO Pessoa (PessoaID, NumIdentificacao, Nome, Morada, Telefone, NumeroBeneficiario, Sexo, DataNascimento) VALUES (84, 28597436, "Michale Sharp", "morada", 977321851, 882473217, "M", "02/06/1990 17:12:06");
INSERT INTO Paciente (PessoaID, GrupoSanguineo, SubsistemaSaude) VALUES (84, "O+", 1);
INSERT INTO Pessoa (PessoaID, NumIdentificacao, Nome, Morada, Telefone, NumeroBeneficiario, Sexo, DataNascimento) VALUES (85, 26594519, "Robin Voss", "morada", 942825563, 151864150, "F", "24/07/1997 09:33:32");
INSERT INTO Paciente (PessoaID, GrupoSanguineo, SubsistemaSaude) VALUES (85, "B-", 1);
INSERT INTO Pessoa (PessoaID, NumIdentificacao, Nome, Morada, Telefone, NumeroBeneficiario, Sexo, DataNascimento) VALUES (86, 51266354, "Pamela Olin", "morada", 942035163, 305448492, "F", "19/11/2007 04:13:13");
INSERT INTO Paciente (PessoaID, GrupoSanguineo) VALUES (86, "A-");
INSERT INTO Pessoa (PessoaID, NumIdentificacao, Nome, Morada, Telefone, NumeroBeneficiario, Sexo, DataNascimento) VALUES (87, 56571744, "Tommy Reeves", "morada", 975522254, 890591251, "M", "16/05/1983 06:41:47");
INSERT INTO Paciente (PessoaID, GrupoSanguineo, SubsistemaSaude) VALUES (87, "B+", 1);
INSERT INTO Pessoa (PessoaID, NumIdentificacao, Nome, Morada, Telefone, NumeroBeneficiario, Sexo, DataNascimento) VALUES (88, 71791751, "David Devins", "morada", 978567733, 459947274, "M", "27/07/2016 18:39:42");
INSERT INTO Paciente (PessoaID, GrupoSanguineo) VALUES (88, "A+");
INSERT INTO Pessoa (PessoaID, NumIdentificacao, Nome, Morada, Telefone, NumeroBeneficiario, Sexo, DataNascimento) VALUES (89, 50214982, "James Tirey", "morada", 974724650, 884733173, "M", "13/06/1976 20:02:38");
INSERT INTO Paciente (PessoaID, GrupoSanguineo) VALUES (89, "AB-");
INSERT INTO Pessoa (PessoaID, NumIdentificacao, Nome, Morada, Telefone, NumeroBeneficiario, Sexo, DataNascimento) VALUES (90, 12579887, "Jamie Bell", "morada", 938106010, 229614564, "F", "29/10/2019 01:19:41");
INSERT INTO Paciente (PessoaID, GrupoSanguineo) VALUES (90, "A+");
INSERT INTO Pessoa (PessoaID, NumIdentificacao, Nome, Morada, Telefone, NumeroBeneficiario, Sexo, DataNascimento) VALUES (91, 31060760, "Billy Mccaskill", "morada", 977602598, 302221805, "M", "19/11/1976 20:33:49");
INSERT INTO Paciente (PessoaID, GrupoSanguineo) VALUES (91, "AB-");
INSERT INTO Pessoa (PessoaID, NumIdentificacao, Nome, Morada, Telefone, NumeroBeneficiario, Sexo, DataNascimento) VALUES (92, 59407171, "Christi Crawford", "morada", 943064926, 363085650, "F", "13/03/1997 13:50:46");
INSERT INTO Paciente (PessoaID, GrupoSanguineo, SubsistemaSaude) VALUES (92, "B+", 4);
INSERT INTO Pessoa (PessoaID, NumIdentificacao, Nome, Morada, Telefone, NumeroBeneficiario, Sexo, DataNascimento) VALUES (93, 88771546, "Lillian Corns", "morada", 931918264, 688682946, "F", "15/03/1995 21:28:37");
INSERT INTO Paciente (PessoaID, GrupoSanguineo, SubsistemaSaude) VALUES (93, "A+", 1);
INSERT INTO Pessoa (PessoaID, NumIdentificacao, Nome, Morada, Telefone, NumeroBeneficiario, Sexo, DataNascimento) VALUES (94, 31000089, "Garry Gombert", "morada", 926167044, 721100649, "M", "13/05/2009 15:17:06");
INSERT INTO Paciente (PessoaID, GrupoSanguineo, SubsistemaSaude) VALUES (94, "O+", 1);
INSERT INTO Pessoa (PessoaID, NumIdentificacao, Nome, Morada, Telefone, NumeroBeneficiario, Sexo, DataNascimento) VALUES (95, 91313797, "Brian Porter", "morada", 958633899, 365621234, "M", "06/02/1980 10:22:15");
INSERT INTO Paciente (PessoaID, GrupoSanguineo) VALUES (95, "B-");
INSERT INTO Pessoa (PessoaID, NumIdentificacao, Nome, Morada, Telefone, NumeroBeneficiario, Sexo, DataNascimento) VALUES (96, 72540095, "Gilbert Bunch", "morada", 972550691, 128162859, "M", "07/10/1980 06:39:20");
INSERT INTO Paciente (PessoaID, GrupoSanguineo, SubsistemaSaude) VALUES (96, "B-", 1);
INSERT INTO Pessoa (PessoaID, NumIdentificacao, Nome, Morada, Telefone, NumeroBeneficiario, Sexo, DataNascimento) VALUES (97, 46257118, "George Blair", "morada", 950527845, 126025774, "M", "17/08/2017 18:37:00");
INSERT INTO Paciente (PessoaID, GrupoSanguineo, SubsistemaSaude) VALUES (97, "A-", 1);
INSERT INTO Pessoa (PessoaID, NumIdentificacao, Nome, Morada, Telefone, NumeroBeneficiario, Sexo, DataNascimento) VALUES (98, 29487789, "Jean Jackson", "morada", 914184286, 162350015, "F", "15/08/2006 02:52:20");
INSERT INTO Paciente (PessoaID, GrupoSanguineo) VALUES (98, "A+");
INSERT INTO Pessoa (PessoaID, NumIdentificacao, Nome, Morada, Telefone, NumeroBeneficiario, Sexo, DataNascimento) VALUES (99, 53040145, "Gregory Trantham", "morada", 947650669, 169184023, "M", "18/09/1981 15:00:16");
INSERT INTO Paciente (PessoaID, GrupoSanguineo, SubsistemaSaude) VALUES (99, "B+", 1);
INSERT INTO Pessoa (PessoaID, NumIdentificacao, Nome, Morada, Telefone, NumeroBeneficiario, Sexo, DataNascimento) VALUES (100, 97286632, "Roland Campbell", "morada", 984564309, 251652750, "M", "03/02/2015 15:53:00");
INSERT INTO Paciente (PessoaID, GrupoSanguineo) VALUES (100, "A-");
INSERT INTO Pessoa (PessoaID, NumIdentificacao, Nome, Morada, Telefone, NumeroBeneficiario, Sexo, DataNascimento) VALUES (101, 66253980, "Frances Kimbler", "morada", 985588591, 905609308, "F", "07/07/1995 16:03:03");
INSERT INTO Paciente (PessoaID, GrupoSanguineo) VALUES (101, "O-");
INSERT INTO Pessoa (PessoaID, NumIdentificacao, Nome, Morada, Telefone, NumeroBeneficiario, Sexo, DataNascimento) VALUES (102, 88003441, "Eric Wallach", "morada", 943592731, 971523923, "M", "05/11/2017 03:46:17");
INSERT INTO Paciente (PessoaID, GrupoSanguineo) VALUES (102, "O+");
INSERT INTO Pessoa (PessoaID, NumIdentificacao, Nome, Morada, Telefone, NumeroBeneficiario, Sexo, DataNascimento) VALUES (103, 15550949, "Bill Forte", "morada", 969967749, 979169348, "M", "11/08/2005 21:15:27");
INSERT INTO Paciente (PessoaID, GrupoSanguineo) VALUES (103, "B+");
INSERT INTO Pessoa (PessoaID, NumIdentificacao, Nome, Morada, Telefone, NumeroBeneficiario, Sexo, DataNascimento) VALUES (104, 54918774, "Penelope Torres", "morada", 989648395, 463438520, "F", "27/03/2008 04:47:35");
INSERT INTO Paciente (PessoaID, GrupoSanguineo, SubsistemaSaude) VALUES (104, "AB+", 1);
INSERT INTO Pessoa (PessoaID, NumIdentificacao, Nome, Morada, Telefone, NumeroBeneficiario, Sexo, DataNascimento) VALUES (105, 84831393, "Timothy Coons", "morada", 951084654, 529681714, "M", "01/09/1979 15:09:20");
INSERT INTO Paciente (PessoaID, GrupoSanguineo, SubsistemaSaude) VALUES (105, "O-", 1);
INSERT INTO Pessoa (PessoaID, NumIdentificacao, Nome, Morada, Telefone, NumeroBeneficiario, Sexo, DataNascimento) VALUES (106, 61203603, "Rebecca Warren", "morada", 937262554, 465891461, "F", "14/09/2013 07:02:01");
INSERT INTO Paciente (PessoaID, GrupoSanguineo, SubsistemaSaude) VALUES (106, "B+", 1);
INSERT INTO Pessoa (PessoaID, NumIdentificacao, Nome, Morada, Telefone, NumeroBeneficiario, Sexo, DataNascimento) VALUES (107, 18996307, "Pierre Oldham", "morada", 960892211, 875783738, "M", "30/08/2007 11:13:47");
INSERT INTO Paciente (PessoaID, GrupoSanguineo) VALUES (107, "A-");
INSERT INTO Pessoa (PessoaID, NumIdentificacao, Nome, Morada, Telefone, NumeroBeneficiario, Sexo, DataNascimento) VALUES (108, 78002017, "Sarah Rodriguez", "morada", 950840418, 990556733, "F", "31/05/1984 12:31:32");
INSERT INTO Paciente (PessoaID, GrupoSanguineo) VALUES (108, "B-");
INSERT INTO Pessoa (PessoaID, NumIdentificacao, Nome, Morada, Telefone, NumeroBeneficiario, Sexo, DataNascimento) VALUES (109, 30062834, "Darren Washington", "morada", 931606620, 500308328, "M", "11/08/2013 13:05:25");
INSERT INTO Paciente (PessoaID, GrupoSanguineo) VALUES (109, "A+");
INSERT INTO Pessoa (PessoaID, NumIdentificacao, Nome, Morada, Telefone, NumeroBeneficiario, Sexo, DataNascimento) VALUES (110, 47086375, "Patricia Queen", "morada", 935884262, 573900230, "F", "31/08/1975 23:03:37");
INSERT INTO Paciente (PessoaID, GrupoSanguineo) VALUES (110, "A-");
INSERT INTO Pessoa (PessoaID, NumIdentificacao, Nome, Morada, Telefone, NumeroBeneficiario, Sexo, DataNascimento) VALUES (111, 88405090, "Joseph Quirarte", "morada", 985421712, 166748279, "M", "02/06/1985 22:54:24");
INSERT INTO Paciente (PessoaID, GrupoSanguineo) VALUES (111, "A-");
INSERT INTO Pessoa (PessoaID, NumIdentificacao, Nome, Morada, Telefone, NumeroBeneficiario, Sexo, DataNascimento) VALUES (112, 93724091, "Melanie Cerullo", "morada", 959643387, 779012161, "F", "15/10/1977 21:10:56");
INSERT INTO Paciente (PessoaID, GrupoSanguineo, SubsistemaSaude) VALUES (112, "A-", 1);
INSERT INTO Pessoa (PessoaID, NumIdentificacao, Nome, Morada, Telefone, NumeroBeneficiario, Sexo, DataNascimento) VALUES (113, 29015855, "Ruth Burnley", "morada", 999998064, 237760460, "F", "27/02/1979 21:37:45");
INSERT INTO Paciente (PessoaID, GrupoSanguineo) VALUES (113, "B-");
INSERT INTO Pessoa (PessoaID, NumIdentificacao, Nome, Morada, Telefone, NumeroBeneficiario, Sexo, DataNascimento) VALUES (114, 66336936, "Alicia Thomas", "morada", 997354945, 874807496, "F", "15/08/2016 12:14:48");
INSERT INTO Paciente (PessoaID, GrupoSanguineo, SubsistemaSaude) VALUES (114, "AB-", 1);
INSERT INTO Pessoa (PessoaID, NumIdentificacao, Nome, Morada, Telefone, NumeroBeneficiario, Sexo, DataNascimento) VALUES (115, 76450038, "Kenneth Baginski", "morada", 941533838, 843181698, "M", "17/05/1973 16:12:15");
INSERT INTO Paciente (PessoaID, GrupoSanguineo, SubsistemaSaude) VALUES (115, "B-", 1);
INSERT INTO Pessoa (PessoaID, NumIdentificacao, Nome, Morada, Telefone, NumeroBeneficiario, Sexo, DataNascimento) VALUES (116, 16450944, "Chelsea Corcoran", "morada", 989590735, 368128943, "F", "18/06/1980 21:58:10");
INSERT INTO Paciente (PessoaID, GrupoSanguineo) VALUES (116, "A-");
INSERT INTO Pessoa (PessoaID, NumIdentificacao, Nome, Morada, Telefone, NumeroBeneficiario, Sexo, DataNascimento) VALUES (117, 57605901, "Diana Brown", "morada", 976452825, 966968089, "F", "08/08/2006 14:53:04");
INSERT INTO Paciente (PessoaID, GrupoSanguineo, SubsistemaSaude) VALUES (117, "AB-", 1);
INSERT INTO Pessoa (PessoaID, NumIdentificacao, Nome, Morada, Telefone, NumeroBeneficiario, Sexo, DataNascimento) VALUES (118, 38468083, "Garry Mahoney", "morada", 934539601, 535047443, "M", "30/03/1982 12:59:30");
INSERT INTO Paciente (PessoaID, GrupoSanguineo) VALUES (118, "AB-");
INSERT INTO Pessoa (PessoaID, NumIdentificacao, Nome, Morada, Telefone, NumeroBeneficiario, Sexo, DataNascimento) VALUES (119, 84063865, "Natalie Putnam", "morada", 947626087, 100850874, "F", "30/11/2003 06:56:26");
INSERT INTO Paciente (PessoaID, GrupoSanguineo, SubsistemaSaude) VALUES (119, "O-", 1);
INSERT INTO Pessoa (PessoaID, NumIdentificacao, Nome, Morada, Telefone, NumeroBeneficiario, Sexo, DataNascimento) VALUES (120, 76723653, "Jessica Coleman", "morada", 995443421, 915297941, "F", "13/12/1972 00:34:33");
INSERT INTO Paciente (PessoaID, GrupoSanguineo) VALUES (120, "B-");
INSERT INTO Pessoa (PessoaID, NumIdentificacao, Nome, Morada, Telefone, NumeroBeneficiario, Sexo, DataNascimento) VALUES (121, 17696173, "Dominique Lessard", "morada", 975779296, 899784591, "M", "05/10/2005 23:13:58");
INSERT INTO Paciente (PessoaID, GrupoSanguineo, SubsistemaSaude) VALUES (121, "A+", 1);
INSERT INTO Pessoa (PessoaID, NumIdentificacao, Nome, Morada, Telefone, NumeroBeneficiario, Sexo, DataNascimento) VALUES (122, 70330588, "Gregory Bastien", "morada", 930548940, 676202821, "M", "23/05/2006 03:55:27");
INSERT INTO Paciente (PessoaID, GrupoSanguineo, SubsistemaSaude) VALUES (122, "B-", 1);
INSERT INTO Pessoa (PessoaID, NumIdentificacao, Nome, Morada, Telefone, NumeroBeneficiario, Sexo, DataNascimento) VALUES (123, 95930406, "Numbers Gould", "morada", 916483961, 265146401, "M", "14/01/1985 10:29:08");
INSERT INTO Paciente (PessoaID, GrupoSanguineo) VALUES (123, "O-");
INSERT INTO Pessoa (PessoaID, NumIdentificacao, Nome, Morada, Telefone, NumeroBeneficiario, Sexo, DataNascimento) VALUES (124, 64554960, "Emanuel Johnson", "morada", 931361636, 783904539, "M", "02/05/1972 03:34:53");
INSERT INTO Paciente (PessoaID, GrupoSanguineo) VALUES (124, "O-");
INSERT INTO Pessoa (PessoaID, NumIdentificacao, Nome, Morada, Telefone, NumeroBeneficiario, Sexo, DataNascimento) VALUES (125, 51584292, "Pedro Brown", "morada", 973850782, 366234935, "M", "15/10/1980 22:39:07");
INSERT INTO Paciente (PessoaID, GrupoSanguineo, SubsistemaSaude) VALUES (125, "AB-", 1);
INSERT INTO Pessoa (PessoaID, NumIdentificacao, Nome, Morada, Telefone, NumeroBeneficiario, Sexo, DataNascimento) VALUES (126, 35941697, "Jason Williams", "morada", 919194921, 834286905, "M", "02/04/2008 02:38:40");
INSERT INTO Paciente (PessoaID, GrupoSanguineo) VALUES (126, "O-");
INSERT INTO Pessoa (PessoaID, NumIdentificacao, Nome, Morada, Telefone, NumeroBeneficiario, Sexo, DataNascimento) VALUES (127, 20486287, "Elizabeth Hamilton", "morada", 916953417, 384384182, "F", "01/05/2016 06:38:08");
INSERT INTO Paciente (PessoaID, GrupoSanguineo, SubsistemaSaude) VALUES (127, "B+", 3);
INSERT INTO Pessoa (PessoaID, NumIdentificacao, Nome, Morada, Telefone, NumeroBeneficiario, Sexo, DataNascimento) VALUES (128, 48381380, "Jeremy Abbott", "morada", 924667886, 364169878, "M", "20/01/1989 16:32:54");
INSERT INTO Paciente (PessoaID, GrupoSanguineo) VALUES (128, "B-");
INSERT INTO Pessoa (PessoaID, NumIdentificacao, Nome, Morada, Telefone, NumeroBeneficiario, Sexo, DataNascimento) VALUES (129, 99876285, "Kevin Ludwig", "morada", 986778416, 843091914, "M", "11/07/2006 01:06:32");
INSERT INTO Paciente (PessoaID, GrupoSanguineo) VALUES (129, "AB+");
INSERT INTO Pessoa (PessoaID, NumIdentificacao, Nome, Morada, Telefone, NumeroBeneficiario, Sexo, DataNascimento) VALUES (130, 41997537, "Kelli Olson", "morada", 954123600, 661118063, "F", "10/02/2016 03:22:39");
INSERT INTO Paciente (PessoaID, GrupoSanguineo) VALUES (130, "A-");
INSERT INTO Pessoa (PessoaID, NumIdentificacao, Nome, Morada, Telefone, NumeroBeneficiario, Sexo, DataNascimento) VALUES (131, 98063880, "James Weber", "morada", 988992862, 733732255, "M", "20/08/1991 17:58:27");
INSERT INTO Paciente (PessoaID, GrupoSanguineo, SubsistemaSaude) VALUES (131, "AB+", 2);
INSERT INTO Pessoa (PessoaID, NumIdentificacao, Nome, Morada, Telefone, NumeroBeneficiario, Sexo, DataNascimento) VALUES (132, 20242983, "Sonja Woods", "morada", 984161765, 964172169, "F", "29/11/1994 01:11:36");
INSERT INTO Paciente (PessoaID, GrupoSanguineo, SubsistemaSaude) VALUES (132, "O+", 1);
INSERT INTO Pessoa (PessoaID, NumIdentificacao, Nome, Morada, Telefone, NumeroBeneficiario, Sexo, DataNascimento) VALUES (133, 80116534, "Willie Porat", "morada", 982091856, 183918720, "M", "22/01/1971 21:57:51");
INSERT INTO Paciente (PessoaID, GrupoSanguineo) VALUES (133, "B-");
INSERT INTO Pessoa (PessoaID, NumIdentificacao, Nome, Morada, Telefone, NumeroBeneficiario, Sexo, DataNascimento) VALUES (134, 21078509, "Thomas Swink", "morada", 976767476, 593431581, "M", "13/05/2009 21:10:33");
INSERT INTO Paciente (PessoaID, GrupoSanguineo) VALUES (134, "O-");
INSERT INTO Pessoa (PessoaID, NumIdentificacao, Nome, Morada, Telefone, NumeroBeneficiario, Sexo, DataNascimento) VALUES (135, 90463015, "Elmer Dill", "morada", 980676471, 824175090, "M", "13/01/1970 06:15:51");
INSERT INTO Paciente (PessoaID, GrupoSanguineo, SubsistemaSaude) VALUES (135, "AB+", 1);
INSERT INTO Pessoa (PessoaID, NumIdentificacao, Nome, Morada, Telefone, NumeroBeneficiario, Sexo, DataNascimento) VALUES (136, 29820013, "Alex Johnson", "morada", 932057180, 513022317, "M", "06/07/2004 01:41:50");
INSERT INTO Paciente (PessoaID, GrupoSanguineo) VALUES (136, "AB+");
INSERT INTO Pessoa (PessoaID, NumIdentificacao, Nome, Morada, Telefone, NumeroBeneficiario, Sexo, DataNascimento) VALUES (137, 24318294, "Elizabeth Bowen", "morada", 941778033, 473440040, "F", "01/01/1972 13:39:08");
INSERT INTO Paciente (PessoaID, GrupoSanguineo, SubsistemaSaude) VALUES (137, "AB+", 3);
INSERT INTO Pessoa (PessoaID, NumIdentificacao, Nome, Morada, Telefone, NumeroBeneficiario, Sexo, DataNascimento) VALUES (138, 52076432, "Kayla Priddy", "morada", 910686487, 795145457, "F", "20/06/2014 15:19:05");
INSERT INTO Paciente (PessoaID, GrupoSanguineo) VALUES (138, "O+");
INSERT INTO Pessoa (PessoaID, NumIdentificacao, Nome, Morada, Telefone, NumeroBeneficiario, Sexo, DataNascimento) VALUES (139, 83261293, "Katie Carrillo", "morada", 953027245, 694432771, "F", "22/07/1978 14:59:44");
INSERT INTO Paciente (PessoaID, GrupoSanguineo) VALUES (139, "O-");
INSERT INTO Pessoa (PessoaID, NumIdentificacao, Nome, Morada, Telefone, NumeroBeneficiario, Sexo, DataNascimento) VALUES (140, 62655953, "Annette Figueroa", "morada", 910728556, 238772186, "F", "16/01/2004 12:04:51");
INSERT INTO Paciente (PessoaID, GrupoSanguineo, SubsistemaSaude) VALUES (140, "B-", 1);
INSERT INTO Pessoa (PessoaID, NumIdentificacao, Nome, Morada, Telefone, NumeroBeneficiario, Sexo, DataNascimento) VALUES (141, 93282278, "Michael Mathis", "morada", 953086085, 196478338, "M", "07/07/1971 21:11:16");
INSERT INTO Paciente (PessoaID, GrupoSanguineo) VALUES (141, "A-");
INSERT INTO Pessoa (PessoaID, NumIdentificacao, Nome, Morada, Telefone, NumeroBeneficiario, Sexo, DataNascimento) VALUES (142, 78274274, "Daniel Mobley", "morada", 960959234, 275667010, "M", "13/02/2006 00:39:25");
INSERT INTO Paciente (PessoaID, GrupoSanguineo) VALUES (142, "A-");
INSERT INTO Pessoa (PessoaID, NumIdentificacao, Nome, Morada, Telefone, NumeroBeneficiario, Sexo, DataNascimento) VALUES (143, 22492633, "Shelly Gualtieri", "morada", 933055071, 578534516, "F", "18/08/1977 00:05:15");
INSERT INTO Paciente (PessoaID, GrupoSanguineo, SubsistemaSaude) VALUES (143, "O-", 1);
INSERT INTO Pessoa (PessoaID, NumIdentificacao, Nome, Morada, Telefone, NumeroBeneficiario, Sexo, DataNascimento) VALUES (144, 76967191, "Johnathan Soto", "morada", 960947862, 150779197, "M", "22/04/1996 10:58:55");
INSERT INTO Paciente (PessoaID, GrupoSanguineo) VALUES (144, "O+");
INSERT INTO Pessoa (PessoaID, NumIdentificacao, Nome, Morada, Telefone, NumeroBeneficiario, Sexo, DataNascimento) VALUES (145, 52277140, "Rhonda Potter", "morada", 998062026, 241970004, "F", "30/03/1971 20:25:50");
INSERT INTO Paciente (PessoaID, GrupoSanguineo, SubsistemaSaude) VALUES (145, "AB+", 2);
INSERT INTO Pessoa (PessoaID, NumIdentificacao, Nome, Morada, Telefone, NumeroBeneficiario, Sexo, DataNascimento) VALUES (146, 42055803, "Jason Kruger", "morada", 936520432, 134992869, "M", "19/08/1986 18:29:48");
INSERT INTO Paciente (PessoaID, GrupoSanguineo, SubsistemaSaude) VALUES (146, "AB+", 1);
INSERT INTO Pessoa (PessoaID, NumIdentificacao, Nome, Morada, Telefone, NumeroBeneficiario, Sexo, DataNascimento) VALUES (147, 18135758, "Tina Perez", "morada", 915766926, 740472968, "F", "05/06/2018 07:02:28");
INSERT INTO Paciente (PessoaID, GrupoSanguineo) VALUES (147, "A+");
INSERT INTO Pessoa (PessoaID, NumIdentificacao, Nome, Morada, Telefone, NumeroBeneficiario, Sexo, DataNascimento) VALUES (148, 59385924, "David Varley", "morada", 937634185, 598607622, "M", "10/06/1973 01:40:48");
INSERT INTO Paciente (PessoaID, GrupoSanguineo) VALUES (148, "A+");
INSERT INTO Pessoa (PessoaID, NumIdentificacao, Nome, Morada, Telefone, NumeroBeneficiario, Sexo, DataNascimento) VALUES (149, 19148676, "Stephanie Waddell", "morada", 966663097, 266343950, "F", "06/06/1993 08:30:36");
INSERT INTO Paciente (PessoaID, GrupoSanguineo) VALUES (149, "AB-");
INSERT INTO Pessoa (PessoaID, NumIdentificacao, Nome, Morada, Telefone, NumeroBeneficiario, Sexo, DataNascimento) VALUES (150, 40041567, "Cole Cooper", "morada", 911602229, 767445282, "M", "02/08/2005 12:53:08");
INSERT INTO Paciente (PessoaID, GrupoSanguineo) VALUES (150, "AB-");
INSERT INTO Pessoa (PessoaID, NumIdentificacao, Nome, Morada, Telefone, NumeroBeneficiario, Sexo, DataNascimento) VALUES (151, 88453110, "Cristina Adkins", "morada", 949728586, 958476259, "F", "20/09/2000 18:06:21");
INSERT INTO Paciente (PessoaID, GrupoSanguineo) VALUES (151, "O+");
INSERT INTO Pessoa (PessoaID, NumIdentificacao, Nome, Morada, Telefone, NumeroBeneficiario, Sexo, DataNascimento) VALUES (152, 86529620, "Michael Campbell", "morada", 935501481, 692847499, "M", "16/04/1993 12:20:45");
INSERT INTO Paciente (PessoaID, GrupoSanguineo) VALUES (152, "A-");
INSERT INTO Pessoa (PessoaID, NumIdentificacao, Nome, Morada, Telefone, NumeroBeneficiario, Sexo, DataNascimento) VALUES (153, 18467538, "Charles Brookins", "morada", 977318933, 666674076, "M", "28/04/2009 04:38:06");
INSERT INTO Paciente (PessoaID, GrupoSanguineo) VALUES (153, "B-");
INSERT INTO Pessoa (PessoaID, NumIdentificacao, Nome, Morada, Telefone, NumeroBeneficiario, Sexo, DataNascimento) VALUES (154, 25173677, "Anna Collingsworth", "morada", 993307526, 851978317, "F", "24/06/2013 01:39:15");
INSERT INTO Paciente (PessoaID, GrupoSanguineo) VALUES (154, "A+");
INSERT INTO Pessoa (PessoaID, NumIdentificacao, Nome, Morada, Telefone, NumeroBeneficiario, Sexo, DataNascimento) VALUES (155, 58702737, "Randall Wannamaker", "morada", 972683195, 707635754, "M", "20/09/2015 20:52:05");
INSERT INTO Paciente (PessoaID, GrupoSanguineo, SubsistemaSaude) VALUES (155, "A+", 1);
INSERT INTO Pessoa (PessoaID, NumIdentificacao, Nome, Morada, Telefone, NumeroBeneficiario, Sexo, DataNascimento) VALUES (156, 34979288, "Jeniffer Jackson", "morada", 925724103, 822646784, "F", "23/01/1985 05:25:18");
INSERT INTO Paciente (PessoaID, GrupoSanguineo) VALUES (156, "O-");
INSERT INTO Pessoa (PessoaID, NumIdentificacao, Nome, Morada, Telefone, NumeroBeneficiario, Sexo, DataNascimento) VALUES (157, 52146600, "Paul Franklin", "morada", 959437502, 729681106, "M", "26/11/2012 23:45:17");
INSERT INTO Paciente (PessoaID, GrupoSanguineo, SubsistemaSaude) VALUES (157, "A-", 1);
INSERT INTO Pessoa (PessoaID, NumIdentificacao, Nome, Morada, Telefone, NumeroBeneficiario, Sexo, DataNascimento) VALUES (158, 32777547, "Eric Brown", "morada", 999677042, 298678121, "M", "16/11/1990 06:47:39");
INSERT INTO Paciente (PessoaID, GrupoSanguineo, SubsistemaSaude) VALUES (158, "B-", 1);
INSERT INTO Pessoa (PessoaID, NumIdentificacao, Nome, Morada, Telefone, NumeroBeneficiario, Sexo, DataNascimento) VALUES (159, 28331229, "Patty Friend", "morada", 965496311, 213535582, "F", "27/07/1980 00:51:17");
INSERT INTO Paciente (PessoaID, GrupoSanguineo, SubsistemaSaude) VALUES (159, "A-", 3);
INSERT INTO Pessoa (PessoaID, NumIdentificacao, Nome, Morada, Telefone, NumeroBeneficiario, Sexo, DataNascimento) VALUES (160, 77372981, "Jack Rife", "morada", 938089986, 612932976, "M", "17/08/1999 12:35:49");
INSERT INTO Paciente (PessoaID, GrupoSanguineo, SubsistemaSaude) VALUES (160, "O+", 1);
INSERT INTO Pessoa (PessoaID, NumIdentificacao, Nome, Morada, Telefone, NumeroBeneficiario, Sexo, DataNascimento) VALUES (161, 96769267, "Carissa Shockley", "morada", 950860147, 367849154, "F", "15/10/1981 01:04:04");
INSERT INTO Paciente (PessoaID, GrupoSanguineo, SubsistemaSaude) VALUES (161, "AB-", 3);
INSERT INTO Pessoa (PessoaID, NumIdentificacao, Nome, Morada, Telefone, NumeroBeneficiario, Sexo, DataNascimento) VALUES (162, 24071963, "Margaret Davis", "morada", 975417075, 744763099, "F", "15/04/1985 22:00:11");
INSERT INTO Paciente (PessoaID, GrupoSanguineo) VALUES (162, "B-");
INSERT INTO Pessoa (PessoaID, NumIdentificacao, Nome, Morada, Telefone, NumeroBeneficiario, Sexo, DataNascimento) VALUES (163, 11925197, "Alicia Satterlee", "morada", 993799545, 879838008, "F", "21/12/1996 04:12:00");
INSERT INTO Paciente (PessoaID, GrupoSanguineo, SubsistemaSaude) VALUES (163, "B+", 4);
INSERT INTO Pessoa (PessoaID, NumIdentificacao, Nome, Morada, Telefone, NumeroBeneficiario, Sexo, DataNascimento) VALUES (164, 95897495, "Julia Hatchett", "morada", 976307295, 872161083, "F", "18/09/2014 04:26:56");
INSERT INTO Paciente (PessoaID, GrupoSanguineo, SubsistemaSaude) VALUES (164, "B-", 1);
INSERT INTO Pessoa (PessoaID, NumIdentificacao, Nome, Morada, Telefone, NumeroBeneficiario, Sexo, DataNascimento) VALUES (165, 83296275, "Ken Anderson", "morada", 981438274, 257642304, "M", "16/07/1977 14:53:34");
INSERT INTO Paciente (PessoaID, GrupoSanguineo, SubsistemaSaude) VALUES (165, "AB-", 2);
INSERT INTO Pessoa (PessoaID, NumIdentificacao, Nome, Morada, Telefone, NumeroBeneficiario, Sexo, DataNascimento) VALUES (166, 41154092, "Keith Tran", "morada", 971187121, 595726751, "M", "31/07/2010 05:14:25");
INSERT INTO Paciente (PessoaID, GrupoSanguineo) VALUES (166, "AB+");
INSERT INTO Pessoa (PessoaID, NumIdentificacao, Nome, Morada, Telefone, NumeroBeneficiario, Sexo, DataNascimento) VALUES (167, 66091967, "Tim Cheek", "morada", 929188475, 390242054, "M", "13/04/1997 04:11:57");
INSERT INTO Paciente (PessoaID, GrupoSanguineo) VALUES (167, "AB-");
INSERT INTO Pessoa (PessoaID, NumIdentificacao, Nome, Morada, Telefone, NumeroBeneficiario, Sexo, DataNascimento) VALUES (168, 25840456, "Harry Meeks", "morada", 940247286, 612941218, "M", "09/09/2017 23:58:32");
INSERT INTO Paciente (PessoaID, GrupoSanguineo, SubsistemaSaude) VALUES (168, "A+", 1);
INSERT INTO Pessoa (PessoaID, NumIdentificacao, Nome, Morada, Telefone, NumeroBeneficiario, Sexo, DataNascimento) VALUES (169, 58971947, "Chang Boyle", "morada", 931917708, 373953858, "M", "12/04/1972 16:28:30");
INSERT INTO Paciente (PessoaID, GrupoSanguineo) VALUES (169, "O+");
INSERT INTO Pessoa (PessoaID, NumIdentificacao, Nome, Morada, Telefone, NumeroBeneficiario, Sexo, DataNascimento) VALUES (170, 46506152, "Lori Ainley", "morada", 910612240, 742557986, "F", "17/10/1998 06:30:42");
INSERT INTO Paciente (PessoaID, GrupoSanguineo, SubsistemaSaude) VALUES (170, "A-", 1);
INSERT INTO Pessoa (PessoaID, NumIdentificacao, Nome, Morada, Telefone, NumeroBeneficiario, Sexo, DataNascimento) VALUES (171, 22435464, "David Mcnabb", "morada", 993827484, 287774964, "M", "15/02/1987 21:10:59");
INSERT INTO Paciente (PessoaID, GrupoSanguineo, SubsistemaSaude) VALUES (171, "A+", 1);
INSERT INTO Pessoa (PessoaID, NumIdentificacao, Nome, Morada, Telefone, NumeroBeneficiario, Sexo, DataNascimento) VALUES (172, 68779919, "Paul Phillips", "morada", 961749175, 910484170, "M", "26/09/1977 10:55:49");
INSERT INTO Paciente (PessoaID, GrupoSanguineo) VALUES (172, "O-");
INSERT INTO Pessoa (PessoaID, NumIdentificacao, Nome, Morada, Telefone, NumeroBeneficiario, Sexo, DataNascimento) VALUES (173, 89501597, "Diane Locklear", "morada", 934493164, 495197017, "F", "19/12/1994 07:32:13");
INSERT INTO Paciente (PessoaID, GrupoSanguineo) VALUES (173, "B+");
INSERT INTO Pessoa (PessoaID, NumIdentificacao, Nome, Morada, Telefone, NumeroBeneficiario, Sexo, DataNascimento) VALUES (174, 58096789, "Joey Tekautz", "morada", 928904730, 549754674, "M", "30/01/1988 01:33:56");
INSERT INTO Paciente (PessoaID, GrupoSanguineo, SubsistemaSaude) VALUES (174, "A-", 1);
INSERT INTO Pessoa (PessoaID, NumIdentificacao, Nome, Morada, Telefone, NumeroBeneficiario, Sexo, DataNascimento) VALUES (175, 98080234, "Von Posner", "morada", 960993186, 606286209, "M", "10/12/1990 14:38:27");
INSERT INTO Paciente (PessoaID, GrupoSanguineo, SubsistemaSaude) VALUES (175, "A-", 1);
INSERT INTO Pessoa (PessoaID, NumIdentificacao, Nome, Morada, Telefone, NumeroBeneficiario, Sexo, DataNascimento) VALUES (176, 62118101, "Theresa Wallace", "morada", 975653419, 759224075, "F", "14/01/2014 22:33:52");
INSERT INTO Paciente (PessoaID, GrupoSanguineo) VALUES (176, "A+");
INSERT INTO Pessoa (PessoaID, NumIdentificacao, Nome, Morada, Telefone, NumeroBeneficiario, Sexo, DataNascimento) VALUES (177, 32728238, "Sheryl Johnson", "morada", 996912051, 776376094, "F", "26/05/2012 23:56:34");
INSERT INTO Paciente (PessoaID, GrupoSanguineo) VALUES (177, "O-");
INSERT INTO Pessoa (PessoaID, NumIdentificacao, Nome, Morada, Telefone, NumeroBeneficiario, Sexo, DataNascimento) VALUES (178, 93756172, "Ernest Griffin", "morada", 995761822, 531966290, "M", "27/04/1971 10:46:20");
INSERT INTO Paciente (PessoaID, GrupoSanguineo) VALUES (178, "O+");
INSERT INTO Pessoa (PessoaID, NumIdentificacao, Nome, Morada, Telefone, NumeroBeneficiario, Sexo, DataNascimento) VALUES (179, 32857869, "Kristi Blodgett", "morada", 945165485, 816305265, "F", "06/06/1974 22:30:50");
INSERT INTO Paciente (PessoaID, GrupoSanguineo, SubsistemaSaude) VALUES (179, "O-", 1);
INSERT INTO Pessoa (PessoaID, NumIdentificacao, Nome, Morada, Telefone, NumeroBeneficiario, Sexo, DataNascimento) VALUES (180, 58318515, "Israel Brank", "morada", 944950064, 655366100, "M", "13/01/2016 01:22:04");
INSERT INTO Paciente (PessoaID, GrupoSanguineo) VALUES (180, "AB-");
INSERT INTO Pessoa (PessoaID, NumIdentificacao, Nome, Morada, Telefone, NumeroBeneficiario, Sexo, DataNascimento) VALUES (181, 25084734, "Terrell Briggs", "morada", 973069165, 899527714, "M", "24/02/2014 14:21:07");
INSERT INTO Paciente (PessoaID, GrupoSanguineo) VALUES (181, "AB-");
INSERT INTO Pessoa (PessoaID, NumIdentificacao, Nome, Morada, Telefone, NumeroBeneficiario, Sexo, DataNascimento) VALUES (182, 89837038, "Scott Washington", "morada", 955412761, 875961353, "M", "05/06/1996 05:17:57");
INSERT INTO Paciente (PessoaID, GrupoSanguineo) VALUES (182, "AB+");
INSERT INTO Pessoa (PessoaID, NumIdentificacao, Nome, Morada, Telefone, NumeroBeneficiario, Sexo, DataNascimento) VALUES (183, 98186153, "Althea Kavanaugh", "morada", 928553687, 392764456, "F", "12/01/2004 23:06:47");
INSERT INTO Paciente (PessoaID, GrupoSanguineo, SubsistemaSaude) VALUES (183, "AB+", 1);
INSERT INTO Pessoa (PessoaID, NumIdentificacao, Nome, Morada, Telefone, NumeroBeneficiario, Sexo, DataNascimento) VALUES (184, 19778085, "Theresa Mccann", "morada", 966691171, 868427576, "F", "24/08/1982 09:23:06");
INSERT INTO Paciente (PessoaID, GrupoSanguineo) VALUES (184, "O-");
INSERT INTO Pessoa (PessoaID, NumIdentificacao, Nome, Morada, Telefone, NumeroBeneficiario, Sexo, DataNascimento) VALUES (185, 28905621, "Rachel Hamilton", "morada", 996327601, 102424568, "F", "18/02/2010 22:26:39");
INSERT INTO Paciente (PessoaID, GrupoSanguineo, SubsistemaSaude) VALUES (185, "B+", 2);
INSERT INTO Pessoa (PessoaID, NumIdentificacao, Nome, Morada, Telefone, NumeroBeneficiario, Sexo, DataNascimento) VALUES (186, 18797454, "Margarita Ortega", "morada", 932060532, 935515802, "F", "05/01/2012 02:52:26");
INSERT INTO Paciente (PessoaID, GrupoSanguineo) VALUES (186, "O-");
INSERT INTO Pessoa (PessoaID, NumIdentificacao, Nome, Morada, Telefone, NumeroBeneficiario, Sexo, DataNascimento) VALUES (187, 88322080, "Crystal Peffley", "morada", 945169548, 907920021, "F", "12/10/1992 19:28:12");
INSERT INTO Paciente (PessoaID, GrupoSanguineo) VALUES (187, "AB-");
INSERT INTO Pessoa (PessoaID, NumIdentificacao, Nome, Morada, Telefone, NumeroBeneficiario, Sexo, DataNascimento) VALUES (188, 80368690, "Lona Hines", "morada", 927636646, 314576411, "F", "22/07/2004 19:55:49");
INSERT INTO Paciente (PessoaID, GrupoSanguineo, SubsistemaSaude) VALUES (188, "AB+", 1);
INSERT INTO Pessoa (PessoaID, NumIdentificacao, Nome, Morada, Telefone, NumeroBeneficiario, Sexo, DataNascimento) VALUES (189, 35145296, "Robert Wise", "morada", 941762060, 801742852, "M", "08/06/1998 10:24:55");
INSERT INTO Paciente (PessoaID, GrupoSanguineo, SubsistemaSaude) VALUES (189, "A-", 1);
INSERT INTO Pessoa (PessoaID, NumIdentificacao, Nome, Morada, Telefone, NumeroBeneficiario, Sexo, DataNascimento) VALUES (190, 66145990, "Maria Parker", "morada", 979830749, 792443198, "F", "26/07/1982 11:48:50");
INSERT INTO Paciente (PessoaID, GrupoSanguineo, SubsistemaSaude) VALUES (190, "A-", 1);
INSERT INTO Pessoa (PessoaID, NumIdentificacao, Nome, Morada, Telefone, NumeroBeneficiario, Sexo, DataNascimento) VALUES (191, 69772769, "Pamela Chaney", "morada", 941887728, 619508315, "F", "24/07/1975 07:26:50");
INSERT INTO Paciente (PessoaID, GrupoSanguineo) VALUES (191, "A+");
INSERT INTO Pessoa (PessoaID, NumIdentificacao, Nome, Morada, Telefone, NumeroBeneficiario, Sexo, DataNascimento) VALUES (192, 21907582, "Douglas Despres", "morada", 977451808, 879472239, "M", "30/06/2016 17:54:58");
INSERT INTO Paciente (PessoaID, GrupoSanguineo) VALUES (192, "A-");
INSERT INTO Pessoa (PessoaID, NumIdentificacao, Nome, Morada, Telefone, NumeroBeneficiario, Sexo, DataNascimento) VALUES (193, 25557273, "Joel Laughlin", "morada", 979008190, 650601397, "M", "07/06/1997 06:54:51");
INSERT INTO Paciente (PessoaID, GrupoSanguineo, SubsistemaSaude) VALUES (193, "O+", 1);
INSERT INTO Pessoa (PessoaID, NumIdentificacao, Nome, Morada, Telefone, NumeroBeneficiario, Sexo, DataNascimento) VALUES (194, 39737770, "Scott Blankenship", "morada", 929746628, 867362313, "M", "17/06/1992 09:13:29");
INSERT INTO Paciente (PessoaID, GrupoSanguineo) VALUES (194, "AB-");
INSERT INTO Pessoa (PessoaID, NumIdentificacao, Nome, Morada, Telefone, NumeroBeneficiario, Sexo, DataNascimento) VALUES (195, 77520548, "Thomas Adkinson", "morada", 931152550, 318712865, "M", "04/05/2015 04:15:03");
INSERT INTO Paciente (PessoaID, GrupoSanguineo, SubsistemaSaude) VALUES (195, "A+", 4);
INSERT INTO Pessoa (PessoaID, NumIdentificacao, Nome, Morada, Telefone, NumeroBeneficiario, Sexo, DataNascimento) VALUES (196, 42749710, "Kathleen Brown", "morada", 942267830, 639743265, "F", "30/06/1978 14:16:57");
INSERT INTO Paciente (PessoaID, GrupoSanguineo, SubsistemaSaude) VALUES (196, "B+", 1);
INSERT INTO Pessoa (PessoaID, NumIdentificacao, Nome, Morada, Telefone, NumeroBeneficiario, Sexo, DataNascimento) VALUES (197, 60113926, "Annette Hernandez", "morada", 975626254, 419078561, "F", "14/03/2002 10:15:49");
INSERT INTO Paciente (PessoaID, GrupoSanguineo) VALUES (197, "O+");
INSERT INTO Pessoa (PessoaID, NumIdentificacao, Nome, Morada, Telefone, NumeroBeneficiario, Sexo, DataNascimento) VALUES (198, 69510142, "Gregory Hinson", "morada", 951740318, 495908941, "M", "29/04/1999 18:29:59");
INSERT INTO Paciente (PessoaID, GrupoSanguineo) VALUES (198, "O+");
INSERT INTO Pessoa (PessoaID, NumIdentificacao, Nome, Morada, Telefone, NumeroBeneficiario, Sexo, DataNascimento) VALUES (199, 44817462, "Kerry Nelson", "morada", 962728775, 923631114, "F", "03/04/2017 10:46:39");
INSERT INTO Paciente (PessoaID, GrupoSanguineo, SubsistemaSaude) VALUES (199, "A+", 1);
INSERT INTO Pessoa (PessoaID, NumIdentificacao, Nome, Morada, Telefone, NumeroBeneficiario, Sexo, DataNascimento) VALUES (200, 32478968, "Manuel Bishop", "morada", 912602837, 937453125, "M", "22/07/2003 08:45:38");
INSERT INTO Paciente (PessoaID, GrupoSanguineo) VALUES (200, "O-");
INSERT INTO Pessoa (PessoaID, NumIdentificacao, Nome, Morada, Telefone, NumeroBeneficiario, Sexo, DataNascimento) VALUES (201, 41959371, "Delores Bowman", "morada", 923048287, 547165390, "F", "08/05/1989 16:54:17");
INSERT INTO Paciente (PessoaID, GrupoSanguineo, SubsistemaSaude) VALUES (201, "A-", 1);
INSERT INTO Pessoa (PessoaID, NumIdentificacao, Nome, Morada, Telefone, NumeroBeneficiario, Sexo, DataNascimento) VALUES (202, 65779201, "James Flansburg", "morada", 972744979, 729784440, "M", "03/09/1992 05:30:33");
INSERT INTO Paciente (PessoaID, GrupoSanguineo) VALUES (202, "A+");
INSERT INTO Pessoa (PessoaID, NumIdentificacao, Nome, Morada, Telefone, NumeroBeneficiario, Sexo, DataNascimento) VALUES (203, 98364202, "Lewis Munn", "morada", 956080462, 747975224, "M", "08/06/2019 00:13:13");
INSERT INTO Paciente (PessoaID, GrupoSanguineo) VALUES (203, "AB+");
INSERT INTO Pessoa (PessoaID, NumIdentificacao, Nome, Morada, Telefone, NumeroBeneficiario, Sexo, DataNascimento) VALUES (204, 16462516, "Nicole Jackson", "morada", 991127144, 267967951, "F", "21/02/1970 19:35:10");
INSERT INTO Paciente (PessoaID, GrupoSanguineo) VALUES (204, "O+");
INSERT INTO Pessoa (PessoaID, NumIdentificacao, Nome, Morada, Telefone, NumeroBeneficiario, Sexo, DataNascimento) VALUES (205, 67251679, "Rebecca Nutter", "morada", 956104315, 273010067, "F", "09/10/2000 10:39:24");
INSERT INTO Paciente (PessoaID, GrupoSanguineo) VALUES (205, "B+");
INSERT INTO Pessoa (PessoaID, NumIdentificacao, Nome, Morada, Telefone, NumeroBeneficiario, Sexo, DataNascimento) VALUES (206, 81902132, "Donna Bellah", "morada", 915255573, 773717200, "F", "06/02/1975 11:51:31");
INSERT INTO Paciente (PessoaID, GrupoSanguineo) VALUES (206, "O-");
INSERT INTO Pessoa (PessoaID, NumIdentificacao, Nome, Morada, Telefone, NumeroBeneficiario, Sexo, DataNascimento) VALUES (207, 39260828, "Hanh Holcomb", "morada", 997479120, 301888057, "F", "18/11/1996 02:46:13");
INSERT INTO Paciente (PessoaID, GrupoSanguineo) VALUES (207, "B-");
INSERT INTO Pessoa (PessoaID, NumIdentificacao, Nome, Morada, Telefone, NumeroBeneficiario, Sexo, DataNascimento) VALUES (208, 54515829, "Elizabeth Summa", "morada", 975478003, 358415756, "F", "24/02/2007 03:11:50");
INSERT INTO Paciente (PessoaID, GrupoSanguineo) VALUES (208, "B+");
INSERT INTO Pessoa (PessoaID, NumIdentificacao, Nome, Morada, Telefone, NumeroBeneficiario, Sexo, DataNascimento) VALUES (209, 63739856, "Alan Graham", "morada", 940156924, 247509742, "M", "08/01/1980 18:22:22");
INSERT INTO Paciente (PessoaID, GrupoSanguineo, SubsistemaSaude) VALUES (209, "AB+", 2);
INSERT INTO Pessoa (PessoaID, NumIdentificacao, Nome, Morada, Telefone, NumeroBeneficiario, Sexo, DataNascimento) VALUES (210, 69924465, "John Hanson", "morada", 918010699, 784442822, "M", "03/10/1987 19:44:39");
INSERT INTO Paciente (PessoaID, GrupoSanguineo, SubsistemaSaude) VALUES (210, "B+", 1);
INSERT INTO Pessoa (PessoaID, NumIdentificacao, Nome, Morada, Telefone, NumeroBeneficiario, Sexo, DataNascimento) VALUES (211, 64160214, "Alma Bingaman", "morada", 925016732, 499111300, "F", "04/04/1975 17:30:53");
INSERT INTO Paciente (PessoaID, GrupoSanguineo, SubsistemaSaude) VALUES (211, "O-", 3);
INSERT INTO Pessoa (PessoaID, NumIdentificacao, Nome, Morada, Telefone, NumeroBeneficiario, Sexo, DataNascimento) VALUES (212, 16354275, "David Springer", "morada", 936402558, 474203305, "M", "25/04/1975 07:49:59");
INSERT INTO Paciente (PessoaID, GrupoSanguineo) VALUES (212, "AB-");
INSERT INTO Pessoa (PessoaID, NumIdentificacao, Nome, Morada, Telefone, NumeroBeneficiario, Sexo, DataNascimento) VALUES (213, 20113344, "Robert Atchinson", "morada", 911196684, 994286064, "M", "24/03/2008 17:59:11");
INSERT INTO Paciente (PessoaID, GrupoSanguineo, SubsistemaSaude) VALUES (213, "B+", 4);
INSERT INTO Pessoa (PessoaID, NumIdentificacao, Nome, Morada, Telefone, NumeroBeneficiario, Sexo, DataNascimento) VALUES (214, 18653668, "Catherine Curran", "morada", 931910199, 807358982, "F", "04/05/2005 04:42:02");
INSERT INTO Paciente (PessoaID, GrupoSanguineo, SubsistemaSaude) VALUES (214, "AB-", 1);
INSERT INTO Pessoa (PessoaID, NumIdentificacao, Nome, Morada, Telefone, NumeroBeneficiario, Sexo, DataNascimento) VALUES (215, 24047270, "Aaron Roney", "morada", 967993999, 178442529, "M", "18/02/2014 16:46:41");
INSERT INTO Paciente (PessoaID, GrupoSanguineo) VALUES (215, "A+");
INSERT INTO Pessoa (PessoaID, NumIdentificacao, Nome, Morada, Telefone, NumeroBeneficiario, Sexo, DataNascimento) VALUES (216, 24981634, "Gloria Kirk", "morada", 987616375, 412351584, "F", "04/03/1977 21:13:32");
INSERT INTO Paciente (PessoaID, GrupoSanguineo, SubsistemaSaude) VALUES (216, "AB+", 1);
INSERT INTO Pessoa (PessoaID, NumIdentificacao, Nome, Morada, Telefone, NumeroBeneficiario, Sexo, DataNascimento) VALUES (217, 84367025, "Jody Mata", "morada", 948842494, 499117993, "F", "21/09/1985 20:52:20");
INSERT INTO Paciente (PessoaID, GrupoSanguineo) VALUES (217, "O+");
INSERT INTO Pessoa (PessoaID, NumIdentificacao, Nome, Morada, Telefone, NumeroBeneficiario, Sexo, DataNascimento) VALUES (218, 87486682, "Leslie Quincel", "morada", 930544443, 629041747, "F", "03/04/1985 06:40:47");
INSERT INTO Paciente (PessoaID, GrupoSanguineo, SubsistemaSaude) VALUES (218, "AB+", 1);
INSERT INTO Pessoa (PessoaID, NumIdentificacao, Nome, Morada, Telefone, NumeroBeneficiario, Sexo, DataNascimento) VALUES (219, 69298017, "Thomas Wilson", "morada", 934764789, 506072071, "M", "27/04/1976 10:54:07");
INSERT INTO Paciente (PessoaID, GrupoSanguineo) VALUES (219, "AB+");
INSERT INTO Pessoa (PessoaID, NumIdentificacao, Nome, Morada, Telefone, NumeroBeneficiario, Sexo, DataNascimento) VALUES (220, 52422624, "Joshua Ybarra", "morada", 992315568, 663496633, "M", "04/05/2011 20:01:31");
INSERT INTO Paciente (PessoaID, GrupoSanguineo) VALUES (220, "AB+");
INSERT INTO Pessoa (PessoaID, NumIdentificacao, Nome, Morada, Telefone, NumeroBeneficiario, Sexo, DataNascimento) VALUES (221, 56499858, "Jennifer Roman", "morada", 947753215, 197209335, "F", "07/07/1992 06:05:32");
INSERT INTO Paciente (PessoaID, GrupoSanguineo) VALUES (221, "A-");
INSERT INTO Pessoa (PessoaID, NumIdentificacao, Nome, Morada, Telefone, NumeroBeneficiario, Sexo, DataNascimento) VALUES (222, 82864588, "Mary Savage", "morada", 988763607, 280045589, "F", "21/10/1972 09:31:08");
INSERT INTO Paciente (PessoaID, GrupoSanguineo, SubsistemaSaude) VALUES (222, "AB-", 4);
INSERT INTO Pessoa (PessoaID, NumIdentificacao, Nome, Morada, Telefone, NumeroBeneficiario, Sexo, DataNascimento) VALUES (223, 27795029, "Delma Trotter", "morada", 998854307, 494811461, "F", "27/04/1979 21:06:46");
INSERT INTO Paciente (PessoaID, GrupoSanguineo, SubsistemaSaude) VALUES (223, "A-", 3);
INSERT INTO Pessoa (PessoaID, NumIdentificacao, Nome, Morada, Telefone, NumeroBeneficiario, Sexo, DataNascimento) VALUES (224, 26882913, "Tom Baldwin", "morada", 966637319, 173282979, "M", "12/11/1993 17:02:06");
INSERT INTO Paciente (PessoaID, GrupoSanguineo) VALUES (224, "O-");
INSERT INTO Pessoa (PessoaID, NumIdentificacao, Nome, Morada, Telefone, NumeroBeneficiario, Sexo, DataNascimento) VALUES (225, 57734878, "Larry Martinez", "morada", 933883788, 931590423, "M", "28/04/1976 00:15:31");
INSERT INTO Paciente (PessoaID, GrupoSanguineo, SubsistemaSaude) VALUES (225, "B-", 1);
INSERT INTO Pessoa (PessoaID, NumIdentificacao, Nome, Morada, Telefone, NumeroBeneficiario, Sexo, DataNascimento) VALUES (226, 33188159, "Shawn Anderson", "morada", 939152509, 829191430, "M", "17/06/2018 02:48:06");
INSERT INTO Paciente (PessoaID, GrupoSanguineo, SubsistemaSaude) VALUES (226, "A-", 1);
INSERT INTO Pessoa (PessoaID, NumIdentificacao, Nome, Morada, Telefone, NumeroBeneficiario, Sexo, DataNascimento) VALUES (227, 16340485, "Carmen Faber", "morada", 975870852, 689829724, "F", "09/09/2003 00:55:58");
INSERT INTO Paciente (PessoaID, GrupoSanguineo) VALUES (227, "A+");
INSERT INTO Pessoa (PessoaID, NumIdentificacao, Nome, Morada, Telefone, NumeroBeneficiario, Sexo, DataNascimento) VALUES (228, 76416785, "Lisa Vagliardo", "morada", 970000706, 966583089, "F", "13/02/1987 03:37:01");
INSERT INTO Paciente (PessoaID, GrupoSanguineo, SubsistemaSaude) VALUES (228, "O+", 1);
INSERT INTO Pessoa (PessoaID, NumIdentificacao, Nome, Morada, Telefone, NumeroBeneficiario, Sexo, DataNascimento) VALUES (229, 67547353, "Adrian Owens", "morada", 914100367, 985502825, "M", "21/03/2003 05:36:08");
INSERT INTO Paciente (PessoaID, GrupoSanguineo) VALUES (229, "A+");
INSERT INTO Pessoa (PessoaID, NumIdentificacao, Nome, Morada, Telefone, NumeroBeneficiario, Sexo, DataNascimento) VALUES (230, 15614743, "Robert Mcadams", "morada", 979483542, 644357446, "M", "10/11/2013 21:49:00");
INSERT INTO Paciente (PessoaID, GrupoSanguineo) VALUES (230, "AB+");
INSERT INTO Pessoa (PessoaID, NumIdentificacao, Nome, Morada, Telefone, NumeroBeneficiario, Sexo, DataNascimento) VALUES (231, 61429341, "Cecile Peterson", "morada", 985370158, 508396507, "F", "05/07/2013 12:59:53");
INSERT INTO Paciente (PessoaID, GrupoSanguineo) VALUES (231, "B-");
INSERT INTO Pessoa (PessoaID, NumIdentificacao, Nome, Morada, Telefone, NumeroBeneficiario, Sexo, DataNascimento) VALUES (232, 14056211, "James Reyes", "morada", 953160037, 275135357, "M", "30/08/1999 23:01:11");
INSERT INTO Paciente (PessoaID, GrupoSanguineo) VALUES (232, "O+");
INSERT INTO Pessoa (PessoaID, NumIdentificacao, Nome, Morada, Telefone, NumeroBeneficiario, Sexo, DataNascimento) VALUES (233, 37291208, "Jessica Lee", "morada", 912298593, 884569150, "F", "02/04/1972 23:13:54");
INSERT INTO Paciente (PessoaID, GrupoSanguineo, SubsistemaSaude) VALUES (233, "O+", 2);
INSERT INTO Pessoa (PessoaID, NumIdentificacao, Nome, Morada, Telefone, NumeroBeneficiario, Sexo, DataNascimento) VALUES (234, 14492329, "Joshua Ellison", "morada", 940893434, 322816364, "M", "08/07/2006 18:49:23");
INSERT INTO Paciente (PessoaID, GrupoSanguineo) VALUES (234, "A+");
INSERT INTO Pessoa (PessoaID, NumIdentificacao, Nome, Morada, Telefone, NumeroBeneficiario, Sexo, DataNascimento) VALUES (235, 13193477, "Norma Skinner", "morada", 979254869, 668513830, "F", "01/12/1979 13:33:49");
INSERT INTO Paciente (PessoaID, GrupoSanguineo) VALUES (235, "O+");
INSERT INTO Pessoa (PessoaID, NumIdentificacao, Nome, Morada, Telefone, NumeroBeneficiario, Sexo, DataNascimento) VALUES (236, 98213601, "Jessie Smith", "morada", 947483641, 273188297, "M", "12/11/2008 14:56:11");
INSERT INTO Paciente (PessoaID, GrupoSanguineo) VALUES (236, "AB-");
INSERT INTO Pessoa (PessoaID, NumIdentificacao, Nome, Morada, Telefone, NumeroBeneficiario, Sexo, DataNascimento) VALUES (237, 19056913, "Henry Krug", "morada", 956249458, 206781881, "M", "24/05/1983 19:09:13");
INSERT INTO Paciente (PessoaID, GrupoSanguineo) VALUES (237, "AB+");
INSERT INTO Pessoa (PessoaID, NumIdentificacao, Nome, Morada, Telefone, NumeroBeneficiario, Sexo, DataNascimento) VALUES (238, 11300743, "Sally Albert", "morada", 947426555, 142089132, "F", "08/07/1989 05:29:35");
INSERT INTO Paciente (PessoaID, GrupoSanguineo, SubsistemaSaude) VALUES (238, "O-", 4);
INSERT INTO Pessoa (PessoaID, NumIdentificacao, Nome, Morada, Telefone, NumeroBeneficiario, Sexo, DataNascimento) VALUES (239, 39538660, "Nancy Parks", "morada", 976876293, 886703665, "F", "21/12/2017 18:34:19");
INSERT INTO Paciente (PessoaID, GrupoSanguineo, SubsistemaSaude) VALUES (239, "O-", 4);
INSERT INTO Pessoa (PessoaID, NumIdentificacao, Nome, Morada, Telefone, NumeroBeneficiario, Sexo, DataNascimento) VALUES (240, 69854996, "Oliver Vines", "morada", 923045947, 205649570, "M", "07/10/2016 15:49:39");
INSERT INTO Paciente (PessoaID, GrupoSanguineo) VALUES (240, "O+");
INSERT INTO Pessoa (PessoaID, NumIdentificacao, Nome, Morada, Telefone, NumeroBeneficiario, Sexo, DataNascimento) VALUES (241, 17818768, "Pat Chavez", "morada", 996574202, 135569398, "F", "06/03/1993 04:37:23");
INSERT INTO Paciente (PessoaID, GrupoSanguineo) VALUES (241, "AB+");
INSERT INTO Pessoa (PessoaID, NumIdentificacao, Nome, Morada, Telefone, NumeroBeneficiario, Sexo, DataNascimento) VALUES (242, 21403037, "Robert Bray", "morada", 996851899, 639486354, "M", "21/10/1973 21:34:20");
INSERT INTO Paciente (PessoaID, GrupoSanguineo) VALUES (242, "B-");
INSERT INTO Pessoa (PessoaID, NumIdentificacao, Nome, Morada, Telefone, NumeroBeneficiario, Sexo, DataNascimento) VALUES (243, 78456912, "Laurence Millican", "morada", 929060518, 528111531, "M", "16/02/2004 22:32:49");
INSERT INTO Paciente (PessoaID, GrupoSanguineo) VALUES (243, "A-");
INSERT INTO Pessoa (PessoaID, NumIdentificacao, Nome, Morada, Telefone, NumeroBeneficiario, Sexo, DataNascimento) VALUES (244, 55524284, "Joshua Scott", "morada", 921583410, 189342224, "M", "17/04/1991 14:37:56");
INSERT INTO Paciente (PessoaID, GrupoSanguineo) VALUES (244, "B-");
INSERT INTO Pessoa (PessoaID, NumIdentificacao, Nome, Morada, Telefone, NumeroBeneficiario, Sexo, DataNascimento) VALUES (245, 18645292, "John Brank", "morada", 996230659, 839583162, "M", "12/05/1983 13:16:24");
INSERT INTO Paciente (PessoaID, GrupoSanguineo, SubsistemaSaude) VALUES (245, "B-", 1);
INSERT INTO Pessoa (PessoaID, NumIdentificacao, Nome, Morada, Telefone, NumeroBeneficiario, Sexo, DataNascimento) VALUES (246, 40261375, "Keven George", "morada", 993857606, 233932411, "M", "08/10/1988 01:48:14");
INSERT INTO Paciente (PessoaID, GrupoSanguineo, SubsistemaSaude) VALUES (246, "AB-", 1);
INSERT INTO Pessoa (PessoaID, NumIdentificacao, Nome, Morada, Telefone, NumeroBeneficiario, Sexo, DataNascimento) VALUES (247, 82647031, "Lauretta Frese", "morada", 969517413, 371158114, "F", "23/03/1995 01:35:49");
INSERT INTO Paciente (PessoaID, GrupoSanguineo, SubsistemaSaude) VALUES (247, "B-", 1);
INSERT INTO Pessoa (PessoaID, NumIdentificacao, Nome, Morada, Telefone, NumeroBeneficiario, Sexo, DataNascimento) VALUES (248, 33260302, "Forrest Lippincott", "morada", 915283427, 174759336, "M", "26/04/1982 14:48:05");
INSERT INTO Paciente (PessoaID, GrupoSanguineo, SubsistemaSaude) VALUES (248, "A-", 1);
INSERT INTO Pessoa (PessoaID, NumIdentificacao, Nome, Morada, Telefone, NumeroBeneficiario, Sexo, DataNascimento) VALUES (249, 35873840, "John Crider", "morada", 964752276, 640596323, "M", "29/10/2004 09:31:23");
INSERT INTO Paciente (PessoaID, GrupoSanguineo, SubsistemaSaude) VALUES (249, "A-", 1);
INSERT INTO Pessoa (PessoaID, NumIdentificacao, Nome, Morada, Telefone, NumeroBeneficiario, Sexo, DataNascimento) VALUES (250, 34935444, "Lisa Rupp", "morada", 936854732, 464055471, "F", "19/02/1970 08:21:22");
INSERT INTO Paciente (PessoaID, GrupoSanguineo) VALUES (250, "AB-");
INSERT INTO Pessoa (PessoaID, NumIdentificacao, Nome, Morada, Telefone, NumeroBeneficiario, Sexo, DataNascimento) VALUES (251, 44410684, "David Hollingshead", "morada", 948223284, 211701428, "M", "05/10/1999 12:48:20");
INSERT INTO Paciente (PessoaID, GrupoSanguineo) VALUES (251, "AB-");
INSERT INTO Pessoa (PessoaID, NumIdentificacao, Nome, Morada, Telefone, NumeroBeneficiario, Sexo, DataNascimento) VALUES (252, 83154871, "Ismael Park", "morada", 949005878, 375251892, "M", "01/06/1995 21:50:27");
INSERT INTO Paciente (PessoaID, GrupoSanguineo) VALUES (252, "AB-");
INSERT INTO Pessoa (PessoaID, NumIdentificacao, Nome, Morada, Telefone, NumeroBeneficiario, Sexo, DataNascimento) VALUES (253, 14185058, "Sabrina Davis", "morada", 935468024, 227392552, "F", "18/11/1991 10:13:53");
INSERT INTO Paciente (PessoaID, GrupoSanguineo) VALUES (253, "A-");
INSERT INTO Pessoa (PessoaID, NumIdentificacao, Nome, Morada, Telefone, NumeroBeneficiario, Sexo, DataNascimento) VALUES (254, 53732021, "Nell Robinson", "morada", 955631808, 553096189, "F", "09/12/1997 06:40:28");
INSERT INTO Paciente (PessoaID, GrupoSanguineo, SubsistemaSaude) VALUES (254, "A-", 1);
INSERT INTO Pessoa (PessoaID, NumIdentificacao, Nome, Morada, Telefone, NumeroBeneficiario, Sexo, DataNascimento) VALUES (255, 60985406, "Jose Goicoechea", "morada", 999806781, 424249964, "M", "01/08/1975 20:46:29");
INSERT INTO Paciente (PessoaID, GrupoSanguineo) VALUES (255, "O+");
INSERT INTO Pessoa (PessoaID, NumIdentificacao, Nome, Morada, Telefone, NumeroBeneficiario, Sexo, DataNascimento) VALUES (256, 90259390, "Richard Baldwin", "morada", 924241299, 783282112, "M", "01/09/2009 21:39:01");
INSERT INTO Paciente (PessoaID, GrupoSanguineo, SubsistemaSaude) VALUES (256, "A-", 1);
INSERT INTO Pessoa (PessoaID, NumIdentificacao, Nome, Morada, Telefone, NumeroBeneficiario, Sexo, DataNascimento) VALUES (257, 77467894, "Josefina Eaker", "morada", 943307336, 396826552, "F", "16/03/1989 20:38:43");
INSERT INTO Paciente (PessoaID, GrupoSanguineo, SubsistemaSaude) VALUES (257, "AB-", 1);
INSERT INTO Pessoa (PessoaID, NumIdentificacao, Nome, Morada, Telefone, NumeroBeneficiario, Sexo, DataNascimento) VALUES (258, 75154677, "Charles Beckett", "morada", 976318204, 958947807, "M", "16/03/1983 19:39:30");
INSERT INTO Paciente (PessoaID, GrupoSanguineo) VALUES (258, "O-");
INSERT INTO Pessoa (PessoaID, NumIdentificacao, Nome, Morada, Telefone, NumeroBeneficiario, Sexo, DataNascimento) VALUES (259, 78119365, "Melissa Thompson", "morada", 980877766, 808081153, "F", "10/09/2015 05:49:54");
INSERT INTO Paciente (PessoaID, GrupoSanguineo) VALUES (259, "O-");
INSERT INTO Pessoa (PessoaID, NumIdentificacao, Nome, Morada, Telefone, NumeroBeneficiario, Sexo, DataNascimento) VALUES (260, 99946375, "Derrick Pope", "morada", 918347731, 750043125, "M", "27/11/1975 16:14:41");
INSERT INTO Paciente (PessoaID, GrupoSanguineo, SubsistemaSaude) VALUES (260, "B+", 4);
INSERT INTO Pessoa (PessoaID, NumIdentificacao, Nome, Morada, Telefone, NumeroBeneficiario, Sexo, DataNascimento) VALUES (261, 35863406, "Laura Maynard", "morada", 975420414, 266320246, "F", "13/10/1982 06:11:32");
INSERT INTO Paciente (PessoaID, GrupoSanguineo) VALUES (261, "O-");
INSERT INTO Pessoa (PessoaID, NumIdentificacao, Nome, Morada, Telefone, NumeroBeneficiario, Sexo, DataNascimento) VALUES (262, 58815267, "William Hilbert", "morada", 929645064, 710754242, "M", "06/07/2007 21:54:35");
INSERT INTO Paciente (PessoaID, GrupoSanguineo, SubsistemaSaude) VALUES (262, "B-", 1);
INSERT INTO Pessoa (PessoaID, NumIdentificacao, Nome, Morada, Telefone, NumeroBeneficiario, Sexo, DataNascimento) VALUES (263, 14088251, "Virginia Tidwell", "morada", 970076739, 955422231, "F", "08/09/1979 13:44:12");
INSERT INTO Paciente (PessoaID, GrupoSanguineo, SubsistemaSaude) VALUES (263, "AB+", 4);
INSERT INTO Pessoa (PessoaID, NumIdentificacao, Nome, Morada, Telefone, NumeroBeneficiario, Sexo, DataNascimento) VALUES (264, 87517035, "Clarence Patton", "morada", 990729722, 209224985, "M", "27/02/1993 08:03:45");
INSERT INTO Paciente (PessoaID, GrupoSanguineo, SubsistemaSaude) VALUES (264, "A-", 1);
INSERT INTO Pessoa (PessoaID, NumIdentificacao, Nome, Morada, Telefone, NumeroBeneficiario, Sexo, DataNascimento) VALUES (265, 11614771, "Griselda Buxton", "morada", 981577827, 257170812, "F", "04/06/2003 22:04:22");
INSERT INTO Paciente (PessoaID, GrupoSanguineo) VALUES (265, "AB-");
INSERT INTO Pessoa (PessoaID, NumIdentificacao, Nome, Morada, Telefone, NumeroBeneficiario, Sexo, DataNascimento) VALUES (266, 95525398, "James Reiley", "morada", 979479200, 324448651, "M", "21/07/1996 15:30:33");
INSERT INTO Paciente (PessoaID, GrupoSanguineo) VALUES (266, "O-");
INSERT INTO Pessoa (PessoaID, NumIdentificacao, Nome, Morada, Telefone, NumeroBeneficiario, Sexo, DataNascimento) VALUES (267, 30263471, "Linda Lambert", "morada", 986605389, 211355614, "F", "14/06/1979 21:47:30");
INSERT INTO Paciente (PessoaID, GrupoSanguineo) VALUES (267, "A+");
INSERT INTO Pessoa (PessoaID, NumIdentificacao, Nome, Morada, Telefone, NumeroBeneficiario, Sexo, DataNascimento) VALUES (268, 92188066, "Benjamin Mccullough", "morada", 981467309, 166788379, "M", "11/08/1987 00:21:48");
INSERT INTO Paciente (PessoaID, GrupoSanguineo) VALUES (268, "B+");
INSERT INTO Pessoa (PessoaID, NumIdentificacao, Nome, Morada, Telefone, NumeroBeneficiario, Sexo, DataNascimento) VALUES (269, 56206160, "Willard Pasche", "morada", 938402236, 863859501, "M", "29/06/1985 23:35:28");
INSERT INTO Paciente (PessoaID, GrupoSanguineo, SubsistemaSaude) VALUES (269, "O+", 4);
INSERT INTO Pessoa (PessoaID, NumIdentificacao, Nome, Morada, Telefone, NumeroBeneficiario, Sexo, DataNascimento) VALUES (270, 53841267, "James Diaz", "morada", 945716878, 947267070, "M", "24/11/1986 10:40:50");
INSERT INTO Paciente (PessoaID, GrupoSanguineo, SubsistemaSaude) VALUES (270, "O+", 1);
INSERT INTO Pessoa (PessoaID, NumIdentificacao, Nome, Morada, Telefone, NumeroBeneficiario, Sexo, DataNascimento) VALUES (271, 91040484, "Beryl Tellez", "morada", 996728796, 976372301, "F", "11/11/1988 02:37:35");
INSERT INTO Paciente (PessoaID, GrupoSanguineo) VALUES (271, "O+");
INSERT INTO Pessoa (PessoaID, NumIdentificacao, Nome, Morada, Telefone, NumeroBeneficiario, Sexo, DataNascimento) VALUES (272, 80720361, "Valerie Adams", "morada", 955719295, 667322590, "F", "28/01/1980 16:45:07");
INSERT INTO Paciente (PessoaID, GrupoSanguineo, SubsistemaSaude) VALUES (272, "O+", 2);
INSERT INTO Pessoa (PessoaID, NumIdentificacao, Nome, Morada, Telefone, NumeroBeneficiario, Sexo, DataNascimento) VALUES (273, 75369656, "Todd Swaim", "morada", 940334060, 681604954, "M", "22/02/1986 10:18:14");
INSERT INTO Paciente (PessoaID, GrupoSanguineo, SubsistemaSaude) VALUES (273, "A-", 2);
INSERT INTO Pessoa (PessoaID, NumIdentificacao, Nome, Morada, Telefone, NumeroBeneficiario, Sexo, DataNascimento) VALUES (274, 15362741, "Margaret Smiley", "morada", 968634909, 299062966, "F", "17/08/2010 14:28:30");
INSERT INTO Paciente (PessoaID, GrupoSanguineo, SubsistemaSaude) VALUES (274, "B-", 2);
INSERT INTO Pessoa (PessoaID, NumIdentificacao, Nome, Morada, Telefone, NumeroBeneficiario, Sexo, DataNascimento) VALUES (275, 81110485, "Dolores Kent", "morada", 956423212, 646673621, "F", "22/12/1996 13:56:25");
INSERT INTO Paciente (PessoaID, GrupoSanguineo) VALUES (275, "AB-");
INSERT INTO Pessoa (PessoaID, NumIdentificacao, Nome, Morada, Telefone, NumeroBeneficiario, Sexo, DataNascimento) VALUES (276, 30898379, "Edna Balke", "morada", 928670600, 596979597, "F", "31/01/2019 16:54:39");
INSERT INTO Paciente (PessoaID, GrupoSanguineo) VALUES (276, "A+");
INSERT INTO Pessoa (PessoaID, NumIdentificacao, Nome, Morada, Telefone, NumeroBeneficiario, Sexo, DataNascimento) VALUES (277, 77576668, "Jon Dehaan", "morada", 931917325, 785507043, "M", "22/10/1981 06:33:15");
INSERT INTO Paciente (PessoaID, GrupoSanguineo) VALUES (277, "AB+");
INSERT INTO Pessoa (PessoaID, NumIdentificacao, Nome, Morada, Telefone, NumeroBeneficiario, Sexo, DataNascimento) VALUES (278, 30077190, "Maggie Mendez", "morada", 988818569, 379153931, "F", "30/05/1984 01:35:05");
INSERT INTO Paciente (PessoaID, GrupoSanguineo, SubsistemaSaude) VALUES (278, "AB+", 1);
INSERT INTO Pessoa (PessoaID, NumIdentificacao, Nome, Morada, Telefone, NumeroBeneficiario, Sexo, DataNascimento) VALUES (279, 30269257, "Nancy Wagner", "morada", 926345011, 661158936, "F", "17/02/1986 16:21:22");
INSERT INTO Paciente (PessoaID, GrupoSanguineo) VALUES (279, "B-");
INSERT INTO Pessoa (PessoaID, NumIdentificacao, Nome, Morada, Telefone, NumeroBeneficiario, Sexo, DataNascimento) VALUES (280, 38558464, "Ruben Laporta", "morada", 992012662, 811516404, "M", "29/07/1987 01:28:15");
INSERT INTO Paciente (PessoaID, GrupoSanguineo) VALUES (280, "O-");
INSERT INTO Pessoa (PessoaID, NumIdentificacao, Nome, Morada, Telefone, NumeroBeneficiario, Sexo, DataNascimento) VALUES (281, 87079486, "Barry Robbins", "morada", 931263029, 100421029, "M", "24/09/2016 02:02:13");
INSERT INTO Paciente (PessoaID, GrupoSanguineo) VALUES (281, "AB+");
INSERT INTO Pessoa (PessoaID, NumIdentificacao, Nome, Morada, Telefone, NumeroBeneficiario, Sexo, DataNascimento) VALUES (282, 43614034, "Philip Bennett", "morada", 925307738, 391133542, "M", "11/08/1977 03:34:40");
INSERT INTO Paciente (PessoaID, GrupoSanguineo) VALUES (282, "A-");
INSERT INTO Pessoa (PessoaID, NumIdentificacao, Nome, Morada, Telefone, NumeroBeneficiario, Sexo, DataNascimento) VALUES (283, 82323394, "Desiree Carpentieri", "morada", 969743911, 498806096, "F", "10/11/2006 02:18:05");
INSERT INTO Paciente (PessoaID, GrupoSanguineo) VALUES (283, "B-");
INSERT INTO Pessoa (PessoaID, NumIdentificacao, Nome, Morada, Telefone, NumeroBeneficiario, Sexo, DataNascimento) VALUES (284, 62281786, "Rosemary Taylor", "morada", 973623081, 286627512, "F", "10/02/1979 06:36:11");
INSERT INTO Paciente (PessoaID, GrupoSanguineo) VALUES (284, "AB+");
INSERT INTO Pessoa (PessoaID, NumIdentificacao, Nome, Morada, Telefone, NumeroBeneficiario, Sexo, DataNascimento) VALUES (285, 42827632, "Libby Grant", "morada", 934095542, 537724514, "F", "30/10/2017 14:17:56");
INSERT INTO Paciente (PessoaID, GrupoSanguineo, SubsistemaSaude) VALUES (285, "B-", 4);
INSERT INTO Pessoa (PessoaID, NumIdentificacao, Nome, Morada, Telefone, NumeroBeneficiario, Sexo, DataNascimento) VALUES (286, 34575961, "Holly Bowers", "morada", 986100808, 148960090, "F", "18/03/1993 11:54:50");
INSERT INTO Paciente (PessoaID, GrupoSanguineo, SubsistemaSaude) VALUES (286, "AB-", 2);
INSERT INTO Pessoa (PessoaID, NumIdentificacao, Nome, Morada, Telefone, NumeroBeneficiario, Sexo, DataNascimento) VALUES (287, 98837372, "Edelmira Solis", "morada", 937727919, 537332109, "F", "14/08/1997 06:31:12");
INSERT INTO Paciente (PessoaID, GrupoSanguineo) VALUES (287, "O-");
INSERT INTO Pessoa (PessoaID, NumIdentificacao, Nome, Morada, Telefone, NumeroBeneficiario, Sexo, DataNascimento) VALUES (288, 86581033, "Dora Browning", "morada", 930874137, 151614042, "F", "20/10/2014 04:14:50");
INSERT INTO Paciente (PessoaID, GrupoSanguineo, SubsistemaSaude) VALUES (288, "A+", 2);
INSERT INTO Pessoa (PessoaID, NumIdentificacao, Nome, Morada, Telefone, NumeroBeneficiario, Sexo, DataNascimento) VALUES (289, 31159116, "Geneva Vert", "morada", 977675240, 286326161, "F", "09/05/2006 06:09:51");
INSERT INTO Paciente (PessoaID, GrupoSanguineo) VALUES (289, "O-");
INSERT INTO Pessoa (PessoaID, NumIdentificacao, Nome, Morada, Telefone, NumeroBeneficiario, Sexo, DataNascimento) VALUES (290, 88589825, "Cecil Collins", "morada", 996694519, 775845293, "M", "02/04/2008 05:21:27");
INSERT INTO Paciente (PessoaID, GrupoSanguineo) VALUES (290, "A-");
INSERT INTO Pessoa (PessoaID, NumIdentificacao, Nome, Morada, Telefone, NumeroBeneficiario, Sexo, DataNascimento) VALUES (291, 98243515, "Shelly Lampron", "morada", 974087332, 535027578, "F", "07/01/2005 21:33:27");
INSERT INTO Paciente (PessoaID, GrupoSanguineo) VALUES (291, "O+");
INSERT INTO Pessoa (PessoaID, NumIdentificacao, Nome, Morada, Telefone, NumeroBeneficiario, Sexo, DataNascimento) VALUES (292, 34796759, "Graham Stone", "morada", 960990135, 537133603, "M", "03/05/1999 14:25:45");
INSERT INTO Paciente (PessoaID, GrupoSanguineo, SubsistemaSaude) VALUES (292, "AB+", 2);
INSERT INTO Pessoa (PessoaID, NumIdentificacao, Nome, Morada, Telefone, NumeroBeneficiario, Sexo, DataNascimento) VALUES (293, 77951634, "Bernice Banks", "morada", 932715021, 412158441, "F", "22/12/2007 10:23:03");
INSERT INTO Paciente (PessoaID, GrupoSanguineo) VALUES (293, "AB+");
INSERT INTO Pessoa (PessoaID, NumIdentificacao, Nome, Morada, Telefone, NumeroBeneficiario, Sexo, DataNascimento) VALUES (294, 97613848, "James Mccomas", "morada", 987346298, 194854872, "M", "14/07/1973 23:21:10");
INSERT INTO Paciente (PessoaID, GrupoSanguineo) VALUES (294, "O-");
INSERT INTO Pessoa (PessoaID, NumIdentificacao, Nome, Morada, Telefone, NumeroBeneficiario, Sexo, DataNascimento) VALUES (295, 42636775, "William Payne", "morada", 944874318, 462057694, "M", "14/11/1982 15:41:52");
INSERT INTO Paciente (PessoaID, GrupoSanguineo) VALUES (295, "AB+");
INSERT INTO Pessoa (PessoaID, NumIdentificacao, Nome, Morada, Telefone, NumeroBeneficiario, Sexo, DataNascimento) VALUES (296, 56118989, "Evon Williamson", "morada", 977918696, 879354212, "F", "06/03/2002 04:59:21");
INSERT INTO Paciente (PessoaID, GrupoSanguineo, SubsistemaSaude) VALUES (296, "A+", 2);
INSERT INTO Pessoa (PessoaID, NumIdentificacao, Nome, Morada, Telefone, NumeroBeneficiario, Sexo, DataNascimento) VALUES (297, 92550676, "Cordie Cooley", "morada", 990411216, 416914430, "F", "16/08/1976 11:20:22");
INSERT INTO Paciente (PessoaID, GrupoSanguineo) VALUES (297, "O-");
INSERT INTO Pessoa (PessoaID, NumIdentificacao, Nome, Morada, Telefone, NumeroBeneficiario, Sexo, DataNascimento) VALUES (298, 36485385, "Cori Wade", "morada", 922942945, 426840309, "F", "10/04/1988 09:26:46");
INSERT INTO Paciente (PessoaID, GrupoSanguineo) VALUES (298, "A-");
INSERT INTO Pessoa (PessoaID, NumIdentificacao, Nome, Morada, Telefone, NumeroBeneficiario, Sexo, DataNascimento) VALUES (299, 47342152, "Phillip Cottingham", "morada", 924807262, 265153076, "M", "27/05/1970 00:59:42");
INSERT INTO Paciente (PessoaID, GrupoSanguineo) VALUES (299, "O-");
INSERT INTO Pessoa (PessoaID, NumIdentificacao, Nome, Morada, Telefone, NumeroBeneficiario, Sexo, DataNascimento) VALUES (300, 32209309, "Joseph Bastianelli", "morada", 926459289, 392449603, "M", "08/11/1974 01:56:17");
INSERT INTO Paciente (PessoaID, GrupoSanguineo) VALUES (300, "O-");


-- Nurses
INSERT INTO Pessoa (PessoaID, NumIdentificacao, Nome, Morada, Telefone, NumeroBeneficiario, Sexo, DataNascimento) VALUES (301, 16763282, "Ron Rosa", "morada", 950737112, 318549397, "M", "27/07/1970 10:59:23");
INSERT INTO Staff (PessoaID, CodigoIdentificacao, Especializacao) VALUES (301, 5648, 46);
INSERT INTO Enfermeiro (StaffID) VALUES (301);
INSERT INTO HorarioTrabalho (StaffID, HorarioID) VALUES (301, 16);
INSERT INTO HorarioTrabalho (StaffID, HorarioID) VALUES (301, 23);
INSERT INTO HorarioTrabalho (StaffID, HorarioID) VALUES (301, 26);
INSERT INTO Pessoa (PessoaID, NumIdentificacao, Nome, Morada, Telefone, NumeroBeneficiario, Sexo, DataNascimento) VALUES (302, 99800350, "James Gaffney", "morada", 955389181, 352028411, "M", "01/03/1988 01:20:49");
INSERT INTO Staff (PessoaID, CodigoIdentificacao, Especializacao) VALUES (302, 2729, 50);
INSERT INTO Enfermeiro (StaffID) VALUES (302);
INSERT INTO HorarioTrabalho (StaffID, HorarioID) VALUES (302, 3);
INSERT INTO HorarioTrabalho (StaffID, HorarioID) VALUES (302, 8);
INSERT INTO HorarioTrabalho (StaffID, HorarioID) VALUES (302, 22);
INSERT INTO HorarioTrabalho (StaffID, HorarioID) VALUES (302, 28);
INSERT INTO Pessoa (PessoaID, NumIdentificacao, Nome, Morada, Telefone, NumeroBeneficiario, Sexo, DataNascimento) VALUES (303, 20941887, "Thomas English", "morada", 967457731, 741874770, "M", "01/01/1975 17:57:58");
INSERT INTO Staff (PessoaID, CodigoIdentificacao, Especializacao) VALUES (303, 4187, 15);
INSERT INTO Enfermeiro (StaffID) VALUES (303);
INSERT INTO HorarioTrabalho (StaffID, HorarioID) VALUES (303, 7);
INSERT INTO HorarioTrabalho (StaffID, HorarioID) VALUES (303, 11);
INSERT INTO HorarioTrabalho (StaffID, HorarioID) VALUES (303, 24);
INSERT INTO HorarioTrabalho (StaffID, HorarioID) VALUES (303, 28);
INSERT INTO Pessoa (PessoaID, NumIdentificacao, Nome, Morada, Telefone, NumeroBeneficiario, Sexo, DataNascimento) VALUES (304, 31334984, "Gary Potter", "morada", 973238880, 833789827, "M", "07/02/2016 18:48:35");
INSERT INTO Staff (PessoaID, CodigoIdentificacao, Especializacao) VALUES (304, 4477, 10);
INSERT INTO Enfermeiro (StaffID) VALUES (304);
INSERT INTO HorarioTrabalho (StaffID, HorarioID) VALUES (304, 5);
INSERT INTO HorarioTrabalho (StaffID, HorarioID) VALUES (304, 11);
INSERT INTO HorarioTrabalho (StaffID, HorarioID) VALUES (304, 16);
INSERT INTO HorarioTrabalho (StaffID, HorarioID) VALUES (304, 21);
INSERT INTO HorarioTrabalho (StaffID, HorarioID) VALUES (304, 28);
INSERT INTO Pessoa (PessoaID, NumIdentificacao, Nome, Morada, Telefone, NumeroBeneficiario, Sexo, DataNascimento) VALUES (305, 86407178, "Norman Flynn", "morada", 924234707, 290847398, "M", "11/04/2008 07:08:10");
INSERT INTO Staff (PessoaID, CodigoIdentificacao, Especializacao) VALUES (305, 9355, 34);
INSERT INTO Enfermeiro (StaffID) VALUES (305);
INSERT INTO HorarioTrabalho (StaffID, HorarioID) VALUES (305, 1);
INSERT INTO HorarioTrabalho (StaffID, HorarioID) VALUES (305, 7);
INSERT INTO HorarioTrabalho (StaffID, HorarioID) VALUES (305, 17);
INSERT INTO HorarioTrabalho (StaffID, HorarioID) VALUES (305, 24);
INSERT INTO HorarioTrabalho (StaffID, HorarioID) VALUES (305, 28);
INSERT INTO Pessoa (PessoaID, NumIdentificacao, Nome, Morada, Telefone, NumeroBeneficiario, Sexo, DataNascimento) VALUES (306, 99761434, "Russell Morris", "morada", 938357894, 888927453, "M", "02/09/1999 05:09:50");
INSERT INTO Staff (PessoaID, CodigoIdentificacao, Especializacao) VALUES (306, 6508, 44);
INSERT INTO Enfermeiro (StaffID) VALUES (306);
INSERT INTO HorarioTrabalho (StaffID, HorarioID) VALUES (306, 5);
INSERT INTO HorarioTrabalho (StaffID, HorarioID) VALUES (306, 13);
INSERT INTO HorarioTrabalho (StaffID, HorarioID) VALUES (306, 23);
INSERT INTO Pessoa (PessoaID, NumIdentificacao, Nome, Morada, Telefone, NumeroBeneficiario, Sexo, DataNascimento) VALUES (307, 79967289, "Kathy Soto", "morada", 975666283, 570275499, "F", "26/03/2008 08:09:42");
INSERT INTO Staff (PessoaID, CodigoIdentificacao, Especializacao) VALUES (307, 4471, 40);
INSERT INTO Enfermeiro (StaffID) VALUES (307);
INSERT INTO HorarioTrabalho (StaffID, HorarioID) VALUES (307, 8);
INSERT INTO HorarioTrabalho (StaffID, HorarioID) VALUES (307, 25);
INSERT INTO HorarioTrabalho (StaffID, HorarioID) VALUES (307, 28);
INSERT INTO Pessoa (PessoaID, NumIdentificacao, Nome, Morada, Telefone, NumeroBeneficiario, Sexo, DataNascimento) VALUES (308, 95723610, "Amy Allen", "morada", 922769783, 141521355, "F", "09/09/1986 09:11:15");
INSERT INTO Staff (PessoaID, CodigoIdentificacao, Especializacao) VALUES (308, 3353, 32);
INSERT INTO Enfermeiro (StaffID) VALUES (308);
INSERT INTO HorarioTrabalho (StaffID, HorarioID) VALUES (308, 2);
INSERT INTO HorarioTrabalho (StaffID, HorarioID) VALUES (308, 17);
INSERT INTO HorarioTrabalho (StaffID, HorarioID) VALUES (308, 26);
INSERT INTO Pessoa (PessoaID, NumIdentificacao, Nome, Morada, Telefone, NumeroBeneficiario, Sexo, DataNascimento) VALUES (309, 37061394, "Nichole Carrico", "morada", 946710869, 760763334, "F", "06/04/2009 22:43:54");
INSERT INTO Staff (PessoaID, CodigoIdentificacao, Especializacao) VALUES (309, 2733, 19);
INSERT INTO Enfermeiro (StaffID) VALUES (309);
INSERT INTO HorarioTrabalho (StaffID, HorarioID) VALUES (309, 2);
INSERT INTO HorarioTrabalho (StaffID, HorarioID) VALUES (309, 27);
INSERT INTO Pessoa (PessoaID, NumIdentificacao, Nome, Morada, Telefone, NumeroBeneficiario, Sexo, DataNascimento) VALUES (310, 18403206, "Burt Tye", "morada", 917036929, 710424690, "M", "30/04/2004 04:40:57");
INSERT INTO Staff (PessoaID, CodigoIdentificacao, Especializacao) VALUES (310, 5764, 24);
INSERT INTO Enfermeiro (StaffID) VALUES (310);
INSERT INTO HorarioTrabalho (StaffID, HorarioID) VALUES (310, 6);
INSERT INTO HorarioTrabalho (StaffID, HorarioID) VALUES (310, 12);
INSERT INTO HorarioTrabalho (StaffID, HorarioID) VALUES (310, 25);
INSERT INTO Pessoa (PessoaID, NumIdentificacao, Nome, Morada, Telefone, NumeroBeneficiario, Sexo, DataNascimento) VALUES (311, 63167447, "William Whelan", "morada", 949404562, 995841438, "M", "21/02/1977 18:40:52");
INSERT INTO Staff (PessoaID, CodigoIdentificacao, Especializacao) VALUES (311, 5460, 23);
INSERT INTO Enfermeiro (StaffID) VALUES (311);
INSERT INTO HorarioTrabalho (StaffID, HorarioID) VALUES (311, 2);
INSERT INTO HorarioTrabalho (StaffID, HorarioID) VALUES (311, 7);
INSERT INTO HorarioTrabalho (StaffID, HorarioID) VALUES (311, 11);
INSERT INTO HorarioTrabalho (StaffID, HorarioID) VALUES (311, 23);
INSERT INTO HorarioTrabalho (StaffID, HorarioID) VALUES (311, 29);
INSERT INTO Pessoa (PessoaID, NumIdentificacao, Nome, Morada, Telefone, NumeroBeneficiario, Sexo, DataNascimento) VALUES (312, 10147883, "Pa Juran", "morada", 931556481, 707647167, "F", "03/03/1994 15:04:49");
INSERT INTO Staff (PessoaID, CodigoIdentificacao, Especializacao) VALUES (312, 3593, 15);
INSERT INTO Enfermeiro (StaffID) VALUES (312);
INSERT INTO HorarioTrabalho (StaffID, HorarioID) VALUES (312, 4);
INSERT INTO HorarioTrabalho (StaffID, HorarioID) VALUES (312, 28);
INSERT INTO Pessoa (PessoaID, NumIdentificacao, Nome, Morada, Telefone, NumeroBeneficiario, Sexo, DataNascimento) VALUES (313, 90962243, "Rebbeca Shinkle", "morada", 948623964, 933608084, "F", "04/11/1978 12:11:10");
INSERT INTO Staff (PessoaID, CodigoIdentificacao, Especializacao) VALUES (313, 5276, 34);
INSERT INTO Enfermeiro (StaffID) VALUES (313);
INSERT INTO HorarioTrabalho (StaffID, HorarioID) VALUES (313, 3);
INSERT INTO HorarioTrabalho (StaffID, HorarioID) VALUES (313, 15);
INSERT INTO HorarioTrabalho (StaffID, HorarioID) VALUES (313, 23);
INSERT INTO HorarioTrabalho (StaffID, HorarioID) VALUES (313, 29);
INSERT INTO Pessoa (PessoaID, NumIdentificacao, Nome, Morada, Telefone, NumeroBeneficiario, Sexo, DataNascimento) VALUES (314, 47561852, "Bart Cedeno", "morada", 981307736, 146745045, "M", "22/07/1986 04:29:51");
INSERT INTO Staff (PessoaID, CodigoIdentificacao, Especializacao) VALUES (314, 6252, 14);
INSERT INTO Enfermeiro (StaffID) VALUES (314);
INSERT INTO HorarioTrabalho (StaffID, HorarioID) VALUES (314, 1);
INSERT INTO HorarioTrabalho (StaffID, HorarioID) VALUES (314, 5);
INSERT INTO HorarioTrabalho (StaffID, HorarioID) VALUES (314, 11);
INSERT INTO HorarioTrabalho (StaffID, HorarioID) VALUES (314, 16);
INSERT INTO HorarioTrabalho (StaffID, HorarioID) VALUES (314, 29);
INSERT INTO Pessoa (PessoaID, NumIdentificacao, Nome, Morada, Telefone, NumeroBeneficiario, Sexo, DataNascimento) VALUES (315, 96757416, "Clifton Schlichter", "morada", 973915459, 115986780, "M", "05/05/2011 00:55:20");
INSERT INTO Staff (PessoaID, CodigoIdentificacao, Especializacao) VALUES (315, 1232, 18);
INSERT INTO Enfermeiro (StaffID) VALUES (315);
INSERT INTO HorarioTrabalho (StaffID, HorarioID) VALUES (315, 2);
INSERT INTO HorarioTrabalho (StaffID, HorarioID) VALUES (315, 5);
INSERT INTO HorarioTrabalho (StaffID, HorarioID) VALUES (315, 25);
INSERT INTO Pessoa (PessoaID, NumIdentificacao, Nome, Morada, Telefone, NumeroBeneficiario, Sexo, DataNascimento) VALUES (316, 85245639, "Peter Cole", "morada", 987158700, 699341028, "M", "06/06/2008 22:33:52");
INSERT INTO Staff (PessoaID, CodigoIdentificacao, Especializacao) VALUES (316, 3072, 14);
INSERT INTO Enfermeiro (StaffID) VALUES (316);
INSERT INTO HorarioTrabalho (StaffID, HorarioID) VALUES (316, 11);
INSERT INTO HorarioTrabalho (StaffID, HorarioID) VALUES (316, 17);
INSERT INTO HorarioTrabalho (StaffID, HorarioID) VALUES (316, 25);
INSERT INTO HorarioTrabalho (StaffID, HorarioID) VALUES (316, 26);
INSERT INTO Pessoa (PessoaID, NumIdentificacao, Nome, Morada, Telefone, NumeroBeneficiario, Sexo, DataNascimento) VALUES (317, 13658929, "Roosevelt Bardon", "morada", 942830588, 457752869, "M", "28/12/1999 19:18:51");
INSERT INTO Staff (PessoaID, CodigoIdentificacao, Especializacao) VALUES (317, 8729, 32);
INSERT INTO Enfermeiro (StaffID) VALUES (317);
INSERT INTO HorarioTrabalho (StaffID, HorarioID) VALUES (317, 2);
INSERT INTO HorarioTrabalho (StaffID, HorarioID) VALUES (317, 13);
INSERT INTO HorarioTrabalho (StaffID, HorarioID) VALUES (317, 15);
INSERT INTO HorarioTrabalho (StaffID, HorarioID) VALUES (317, 22);
INSERT INTO HorarioTrabalho (StaffID, HorarioID) VALUES (317, 27);
INSERT INTO Pessoa (PessoaID, NumIdentificacao, Nome, Morada, Telefone, NumeroBeneficiario, Sexo, DataNascimento) VALUES (318, 67985538, "Mildred Butler", "morada", 977292799, 677716546, "F", "13/02/1978 19:03:22");
INSERT INTO Staff (PessoaID, CodigoIdentificacao, Especializacao) VALUES (318, 1545, 16);
INSERT INTO Enfermeiro (StaffID) VALUES (318);
INSERT INTO HorarioTrabalho (StaffID, HorarioID) VALUES (318, 8);
INSERT INTO HorarioTrabalho (StaffID, HorarioID) VALUES (318, 12);
INSERT INTO HorarioTrabalho (StaffID, HorarioID) VALUES (318, 14);
INSERT INTO HorarioTrabalho (StaffID, HorarioID) VALUES (318, 22);
INSERT INTO HorarioTrabalho (StaffID, HorarioID) VALUES (318, 24);
INSERT INTO Pessoa (PessoaID, NumIdentificacao, Nome, Morada, Telefone, NumeroBeneficiario, Sexo, DataNascimento) VALUES (319, 17357067, "Mickey Ford", "morada", 958779611, 304700355, "M", "04/04/2009 02:48:03");
INSERT INTO Staff (PessoaID, CodigoIdentificacao, Especializacao) VALUES (319, 7440, 37);
INSERT INTO Enfermeiro (StaffID) VALUES (319);
INSERT INTO HorarioTrabalho (StaffID, HorarioID) VALUES (319, 11);
INSERT INTO HorarioTrabalho (StaffID, HorarioID) VALUES (319, 21);
INSERT INTO HorarioTrabalho (StaffID, HorarioID) VALUES (319, 23);
INSERT INTO HorarioTrabalho (StaffID, HorarioID) VALUES (319, 26);
INSERT INTO Pessoa (PessoaID, NumIdentificacao, Nome, Morada, Telefone, NumeroBeneficiario, Sexo, DataNascimento) VALUES (320, 55902834, "David Martinez", "morada", 952432525, 851922079, "M", "15/10/1976 21:22:00");
INSERT INTO Staff (PessoaID, CodigoIdentificacao, Especializacao) VALUES (320, 8218, 31);
INSERT INTO Enfermeiro (StaffID) VALUES (320);
INSERT INTO HorarioTrabalho (StaffID, HorarioID) VALUES (320, 13);
INSERT INTO HorarioTrabalho (StaffID, HorarioID) VALUES (320, 19);
INSERT INTO HorarioTrabalho (StaffID, HorarioID) VALUES (320, 23);
INSERT INTO Pessoa (PessoaID, NumIdentificacao, Nome, Morada, Telefone, NumeroBeneficiario, Sexo, DataNascimento) VALUES (321, 55100296, "Shawn Mccarrel", "morada", 956643620, 843086829, "M", "04/01/1973 10:43:51");
INSERT INTO Staff (PessoaID, CodigoIdentificacao, Especializacao) VALUES (321, 7191, 37);
INSERT INTO Enfermeiro (StaffID) VALUES (321);
INSERT INTO HorarioTrabalho (StaffID, HorarioID) VALUES (321, 5);
INSERT INTO HorarioTrabalho (StaffID, HorarioID) VALUES (321, 9);
INSERT INTO HorarioTrabalho (StaffID, HorarioID) VALUES (321, 18);
INSERT INTO HorarioTrabalho (StaffID, HorarioID) VALUES (321, 25);
INSERT INTO Pessoa (PessoaID, NumIdentificacao, Nome, Morada, Telefone, NumeroBeneficiario, Sexo, DataNascimento) VALUES (322, 73706847, "Latonya Norris", "morada", 927293450, 772609649, "F", "17/01/1989 13:11:32");
INSERT INTO Staff (PessoaID, CodigoIdentificacao, Especializacao) VALUES (322, 8588, 42);
INSERT INTO Enfermeiro (StaffID) VALUES (322);
INSERT INTO HorarioTrabalho (StaffID, HorarioID) VALUES (322, 22);
INSERT INTO HorarioTrabalho (StaffID, HorarioID) VALUES (322, 24);
INSERT INTO HorarioTrabalho (StaffID, HorarioID) VALUES (322, 26);
INSERT INTO Pessoa (PessoaID, NumIdentificacao, Nome, Morada, Telefone, NumeroBeneficiario, Sexo, DataNascimento) VALUES (323, 98782466, "Mary Puccia", "morada", 981421650, 335147988, "F", "22/11/2014 15:01:07");
INSERT INTO Staff (PessoaID, CodigoIdentificacao, Especializacao) VALUES (323, 8012, 19);
INSERT INTO Enfermeiro (StaffID) VALUES (323);
INSERT INTO HorarioTrabalho (StaffID, HorarioID) VALUES (323, 4);
INSERT INTO HorarioTrabalho (StaffID, HorarioID) VALUES (323, 16);
INSERT INTO HorarioTrabalho (StaffID, HorarioID) VALUES (323, 22);
INSERT INTO HorarioTrabalho (StaffID, HorarioID) VALUES (323, 23);
INSERT INTO HorarioTrabalho (StaffID, HorarioID) VALUES (323, 29);
INSERT INTO Pessoa (PessoaID, NumIdentificacao, Nome, Morada, Telefone, NumeroBeneficiario, Sexo, DataNascimento) VALUES (324, 46139986, "Jessica Beliles", "morada", 955222252, 174585071, "F", "14/07/1994 14:19:14");
INSERT INTO Staff (PessoaID, CodigoIdentificacao, Especializacao) VALUES (324, 2164, 32);
INSERT INTO Enfermeiro (StaffID) VALUES (324);
INSERT INTO HorarioTrabalho (StaffID, HorarioID) VALUES (324, 3);
INSERT INTO HorarioTrabalho (StaffID, HorarioID) VALUES (324, 5);
INSERT INTO Pessoa (PessoaID, NumIdentificacao, Nome, Morada, Telefone, NumeroBeneficiario, Sexo, DataNascimento) VALUES (325, 11387355, "William Lloyd", "morada", 921882968, 281057084, "M", "03/07/1981 11:25:55");
INSERT INTO Staff (PessoaID, CodigoIdentificacao, Especializacao) VALUES (325, 2864, 42);
INSERT INTO Enfermeiro (StaffID) VALUES (325);
INSERT INTO HorarioTrabalho (StaffID, HorarioID) VALUES (325, 8);
INSERT INTO HorarioTrabalho (StaffID, HorarioID) VALUES (325, 9);
INSERT INTO HorarioTrabalho (StaffID, HorarioID) VALUES (325, 15);
INSERT INTO HorarioTrabalho (StaffID, HorarioID) VALUES (325, 23);
INSERT INTO HorarioTrabalho (StaffID, HorarioID) VALUES (325, 29);
INSERT INTO Pessoa (PessoaID, NumIdentificacao, Nome, Morada, Telefone, NumeroBeneficiario, Sexo, DataNascimento) VALUES (326, 85886488, "Robert Reeve", "morada", 919786938, 760134093, "M", "25/08/1994 18:36:43");
INSERT INTO Staff (PessoaID, CodigoIdentificacao, Especializacao) VALUES (326, 6031, 17);
INSERT INTO Enfermeiro (StaffID) VALUES (326);
INSERT INTO HorarioTrabalho (StaffID, HorarioID) VALUES (326, 12);
INSERT INTO Pessoa (PessoaID, NumIdentificacao, Nome, Morada, Telefone, NumeroBeneficiario, Sexo, DataNascimento) VALUES (327, 98855798, "Maureen Myers", "morada", 998143684, 589303452, "F", "03/07/1971 15:47:53");
INSERT INTO Staff (PessoaID, CodigoIdentificacao, Especializacao) VALUES (327, 8002, 46);
INSERT INTO Enfermeiro (StaffID) VALUES (327);
INSERT INTO HorarioTrabalho (StaffID, HorarioID) VALUES (327, 1);
INSERT INTO HorarioTrabalho (StaffID, HorarioID) VALUES (327, 8);
INSERT INTO HorarioTrabalho (StaffID, HorarioID) VALUES (327, 28);
INSERT INTO Pessoa (PessoaID, NumIdentificacao, Nome, Morada, Telefone, NumeroBeneficiario, Sexo, DataNascimento) VALUES (328, 59568960, "Albert Freed", "morada", 916157044, 266797246, "M", "07/01/1980 09:11:44");
INSERT INTO Staff (PessoaID, CodigoIdentificacao, Especializacao) VALUES (328, 7555, 25);
INSERT INTO Enfermeiro (StaffID) VALUES (328);
INSERT INTO HorarioTrabalho (StaffID, HorarioID) VALUES (328, 3);
INSERT INTO HorarioTrabalho (StaffID, HorarioID) VALUES (328, 9);
INSERT INTO HorarioTrabalho (StaffID, HorarioID) VALUES (328, 15);
INSERT INTO HorarioTrabalho (StaffID, HorarioID) VALUES (328, 24);
INSERT INTO Pessoa (PessoaID, NumIdentificacao, Nome, Morada, Telefone, NumeroBeneficiario, Sexo, DataNascimento) VALUES (329, 21116905, "James Usry", "morada", 991562194, 909399739, "M", "31/03/2015 12:11:25");
INSERT INTO Staff (PessoaID, CodigoIdentificacao, Especializacao) VALUES (329, 7733, 22);
INSERT INTO Enfermeiro (StaffID) VALUES (329);
INSERT INTO HorarioTrabalho (StaffID, HorarioID) VALUES (329, 12);
INSERT INTO HorarioTrabalho (StaffID, HorarioID) VALUES (329, 17);
INSERT INTO HorarioTrabalho (StaffID, HorarioID) VALUES (329, 20);
INSERT INTO HorarioTrabalho (StaffID, HorarioID) VALUES (329, 23);
INSERT INTO HorarioTrabalho (StaffID, HorarioID) VALUES (329, 28);
INSERT INTO Pessoa (PessoaID, NumIdentificacao, Nome, Morada, Telefone, NumeroBeneficiario, Sexo, DataNascimento) VALUES (330, 25832304, "Amy Fulmer", "morada", 914657386, 768292859, "F", "02/01/1976 20:39:19");
INSERT INTO Staff (PessoaID, CodigoIdentificacao, Especializacao) VALUES (330, 1496, 31);
INSERT INTO Enfermeiro (StaffID) VALUES (330);
INSERT INTO HorarioTrabalho (StaffID, HorarioID) VALUES (330, 1);
INSERT INTO HorarioTrabalho (StaffID, HorarioID) VALUES (330, 8);
INSERT INTO HorarioTrabalho (StaffID, HorarioID) VALUES (330, 13);
INSERT INTO HorarioTrabalho (StaffID, HorarioID) VALUES (330, 15);
INSERT INTO HorarioTrabalho (StaffID, HorarioID) VALUES (330, 20);
INSERT INTO Pessoa (PessoaID, NumIdentificacao, Nome, Morada, Telefone, NumeroBeneficiario, Sexo, DataNascimento) VALUES (331, 55588883, "Mildred Willett", "morada", 957078232, 566726516, "F", "21/06/1988 11:27:11");
INSERT INTO Staff (PessoaID, CodigoIdentificacao, Especializacao) VALUES (331, 1397, 7);
INSERT INTO Enfermeiro (StaffID) VALUES (331);
INSERT INTO HorarioTrabalho (StaffID, HorarioID) VALUES (331, 2);
INSERT INTO HorarioTrabalho (StaffID, HorarioID) VALUES (331, 14);
INSERT INTO HorarioTrabalho (StaffID, HorarioID) VALUES (331, 18);
INSERT INTO HorarioTrabalho (StaffID, HorarioID) VALUES (331, 23);
INSERT INTO HorarioTrabalho (StaffID, HorarioID) VALUES (331, 27);
INSERT INTO Pessoa (PessoaID, NumIdentificacao, Nome, Morada, Telefone, NumeroBeneficiario, Sexo, DataNascimento) VALUES (332, 91341374, "Flora Palomaki", "morada", 976677700, 574011590, "F", "20/01/2012 01:46:25");
INSERT INTO Staff (PessoaID, CodigoIdentificacao, Especializacao) VALUES (332, 7083, 5);
INSERT INTO Enfermeiro (StaffID) VALUES (332);
INSERT INTO HorarioTrabalho (StaffID, HorarioID) VALUES (332, 2);
INSERT INTO HorarioTrabalho (StaffID, HorarioID) VALUES (332, 8);
INSERT INTO HorarioTrabalho (StaffID, HorarioID) VALUES (332, 15);
INSERT INTO HorarioTrabalho (StaffID, HorarioID) VALUES (332, 20);
INSERT INTO HorarioTrabalho (StaffID, HorarioID) VALUES (332, 24);
INSERT INTO HorarioTrabalho (StaffID, HorarioID) VALUES (332, 29);
INSERT INTO Pessoa (PessoaID, NumIdentificacao, Nome, Morada, Telefone, NumeroBeneficiario, Sexo, DataNascimento) VALUES (333, 97131643, "Diane Jones", "morada", 986768788, 911637194, "F", "10/08/2003 03:49:05");
INSERT INTO Staff (PessoaID, CodigoIdentificacao, Especializacao) VALUES (333, 4407, 40);
INSERT INTO Enfermeiro (StaffID) VALUES (333);
INSERT INTO HorarioTrabalho (StaffID, HorarioID) VALUES (333, 2);
INSERT INTO HorarioTrabalho (StaffID, HorarioID) VALUES (333, 7);
INSERT INTO HorarioTrabalho (StaffID, HorarioID) VALUES (333, 9);
INSERT INTO HorarioTrabalho (StaffID, HorarioID) VALUES (333, 22);
INSERT INTO HorarioTrabalho (StaffID, HorarioID) VALUES (333, 23);
INSERT INTO HorarioTrabalho (StaffID, HorarioID) VALUES (333, 27);
INSERT INTO Pessoa (PessoaID, NumIdentificacao, Nome, Morada, Telefone, NumeroBeneficiario, Sexo, DataNascimento) VALUES (334, 53648144, "Eleanor Martin", "morada", 924662723, 114648649, "F", "23/08/1975 01:26:47");
INSERT INTO Staff (PessoaID, CodigoIdentificacao, Especializacao) VALUES (334, 7501, 14);
INSERT INTO Enfermeiro (StaffID) VALUES (334);
INSERT INTO HorarioTrabalho (StaffID, HorarioID) VALUES (334, 6);
INSERT INTO HorarioTrabalho (StaffID, HorarioID) VALUES (334, 17);
INSERT INTO HorarioTrabalho (StaffID, HorarioID) VALUES (334, 20);
INSERT INTO HorarioTrabalho (StaffID, HorarioID) VALUES (334, 24);
INSERT INTO Pessoa (PessoaID, NumIdentificacao, Nome, Morada, Telefone, NumeroBeneficiario, Sexo, DataNascimento) VALUES (335, 22688752, "Billy Nev", "morada", 960578311, 669216105, "M", "18/03/2012 12:03:03");
INSERT INTO Staff (PessoaID, CodigoIdentificacao, Especializacao) VALUES (335, 8696, 29);
INSERT INTO Enfermeiro (StaffID) VALUES (335);
INSERT INTO HorarioTrabalho (StaffID, HorarioID) VALUES (335, 1);
INSERT INTO HorarioTrabalho (StaffID, HorarioID) VALUES (335, 8);
INSERT INTO HorarioTrabalho (StaffID, HorarioID) VALUES (335, 22);
INSERT INTO HorarioTrabalho (StaffID, HorarioID) VALUES (335, 25);
INSERT INTO Pessoa (PessoaID, NumIdentificacao, Nome, Morada, Telefone, NumeroBeneficiario, Sexo, DataNascimento) VALUES (336, 98144588, "Harlan Neller", "morada", 959317788, 417499166, "M", "26/11/2001 10:55:12");
INSERT INTO Staff (PessoaID, CodigoIdentificacao, Especializacao) VALUES (336, 6697, 14);
INSERT INTO Enfermeiro (StaffID) VALUES (336);
INSERT INTO HorarioTrabalho (StaffID, HorarioID) VALUES (336, 1);
INSERT INTO HorarioTrabalho (StaffID, HorarioID) VALUES (336, 7);
INSERT INTO HorarioTrabalho (StaffID, HorarioID) VALUES (336, 10);
INSERT INTO HorarioTrabalho (StaffID, HorarioID) VALUES (336, 20);
INSERT INTO HorarioTrabalho (StaffID, HorarioID) VALUES (336, 25);
INSERT INTO HorarioTrabalho (StaffID, HorarioID) VALUES (336, 29);
INSERT INTO Pessoa (PessoaID, NumIdentificacao, Nome, Morada, Telefone, NumeroBeneficiario, Sexo, DataNascimento) VALUES (337, 59719945, "Rachel Trujillo", "morada", 970704211, 739566277, "F", "18/04/2002 08:12:19");
INSERT INTO Staff (PessoaID, CodigoIdentificacao, Especializacao) VALUES (337, 4372, 32);
INSERT INTO Enfermeiro (StaffID) VALUES (337);
INSERT INTO HorarioTrabalho (StaffID, HorarioID) VALUES (337, 15);
INSERT INTO HorarioTrabalho (StaffID, HorarioID) VALUES (337, 23);
INSERT INTO Pessoa (PessoaID, NumIdentificacao, Nome, Morada, Telefone, NumeroBeneficiario, Sexo, DataNascimento) VALUES (338, 88938107, "Carlos Penna", "morada", 965597976, 252922611, "M", "07/06/1994 23:31:42");
INSERT INTO Staff (PessoaID, CodigoIdentificacao, Especializacao) VALUES (338, 5207, 22);
INSERT INTO Enfermeiro (StaffID) VALUES (338);
INSERT INTO HorarioTrabalho (StaffID, HorarioID) VALUES (338, 6);
INSERT INTO HorarioTrabalho (StaffID, HorarioID) VALUES (338, 23);
INSERT INTO HorarioTrabalho (StaffID, HorarioID) VALUES (338, 29);
INSERT INTO Pessoa (PessoaID, NumIdentificacao, Nome, Morada, Telefone, NumeroBeneficiario, Sexo, DataNascimento) VALUES (339, 74668717, "Carmen Rennemeyer", "morada", 957690799, 898229652, "F", "08/02/1997 13:22:14");
INSERT INTO Staff (PessoaID, CodigoIdentificacao, Especializacao) VALUES (339, 2592, 38);
INSERT INTO Enfermeiro (StaffID) VALUES (339);
INSERT INTO HorarioTrabalho (StaffID, HorarioID) VALUES (339, 11);
INSERT INTO HorarioTrabalho (StaffID, HorarioID) VALUES (339, 17);
INSERT INTO HorarioTrabalho (StaffID, HorarioID) VALUES (339, 28);
INSERT INTO Pessoa (PessoaID, NumIdentificacao, Nome, Morada, Telefone, NumeroBeneficiario, Sexo, DataNascimento) VALUES (340, 15586348, "Ellen Bell", "morada", 986677345, 479874768, "F", "14/08/2018 14:26:24");
INSERT INTO Staff (PessoaID, CodigoIdentificacao, Especializacao) VALUES (340, 7960, 11);
INSERT INTO Enfermeiro (StaffID) VALUES (340);
INSERT INTO HorarioTrabalho (StaffID, HorarioID) VALUES (340, 3);
INSERT INTO HorarioTrabalho (StaffID, HorarioID) VALUES (340, 29);
INSERT INTO Pessoa (PessoaID, NumIdentificacao, Nome, Morada, Telefone, NumeroBeneficiario, Sexo, DataNascimento) VALUES (341, 52702959, "Fernando Munter", "morada", 956270003, 680030471, "M", "24/10/1996 00:13:48");
INSERT INTO Staff (PessoaID, CodigoIdentificacao, Especializacao) VALUES (341, 5919, 33);
INSERT INTO Enfermeiro (StaffID) VALUES (341);
INSERT INTO HorarioTrabalho (StaffID, HorarioID) VALUES (341, 13);
INSERT INTO HorarioTrabalho (StaffID, HorarioID) VALUES (341, 22);
INSERT INTO Pessoa (PessoaID, NumIdentificacao, Nome, Morada, Telefone, NumeroBeneficiario, Sexo, DataNascimento) VALUES (342, 48479824, "Andrew Rubel", "morada", 972377573, 483234190, "M", "22/11/1973 08:43:10");
INSERT INTO Staff (PessoaID, CodigoIdentificacao, Especializacao) VALUES (342, 3988, 8);
INSERT INTO Enfermeiro (StaffID) VALUES (342);
INSERT INTO HorarioTrabalho (StaffID, HorarioID) VALUES (342, 5);
INSERT INTO HorarioTrabalho (StaffID, HorarioID) VALUES (342, 15);
INSERT INTO HorarioTrabalho (StaffID, HorarioID) VALUES (342, 23);
INSERT INTO HorarioTrabalho (StaffID, HorarioID) VALUES (342, 28);
INSERT INTO Pessoa (PessoaID, NumIdentificacao, Nome, Morada, Telefone, NumeroBeneficiario, Sexo, DataNascimento) VALUES (343, 53515007, "James Espinosa", "morada", 958058608, 276590214, "M", "26/09/1971 19:11:59");
INSERT INTO Staff (PessoaID, CodigoIdentificacao, Especializacao) VALUES (343, 2023, 45);
INSERT INTO Enfermeiro (StaffID) VALUES (343);
INSERT INTO HorarioTrabalho (StaffID, HorarioID) VALUES (343, 2);
INSERT INTO HorarioTrabalho (StaffID, HorarioID) VALUES (343, 9);
INSERT INTO HorarioTrabalho (StaffID, HorarioID) VALUES (343, 18);
INSERT INTO Pessoa (PessoaID, NumIdentificacao, Nome, Morada, Telefone, NumeroBeneficiario, Sexo, DataNascimento) VALUES (344, 89320428, "Deborah Norton", "morada", 988519330, 433766182, "F", "23/12/1990 17:02:26");
INSERT INTO Staff (PessoaID, CodigoIdentificacao, Especializacao) VALUES (344, 1092, 11);
INSERT INTO Enfermeiro (StaffID) VALUES (344);
INSERT INTO HorarioTrabalho (StaffID, HorarioID) VALUES (344, 24);
INSERT INTO Pessoa (PessoaID, NumIdentificacao, Nome, Morada, Telefone, NumeroBeneficiario, Sexo, DataNascimento) VALUES (345, 63890130, "Robert Stewart", "morada", 991916630, 836061696, "M", "17/03/1998 12:10:38");
INSERT INTO Staff (PessoaID, CodigoIdentificacao, Especializacao) VALUES (345, 8181, 18);
INSERT INTO Enfermeiro (StaffID) VALUES (345);
INSERT INTO HorarioTrabalho (StaffID, HorarioID) VALUES (345, 1);
INSERT INTO HorarioTrabalho (StaffID, HorarioID) VALUES (345, 4);
INSERT INTO HorarioTrabalho (StaffID, HorarioID) VALUES (345, 20);
INSERT INTO HorarioTrabalho (StaffID, HorarioID) VALUES (345, 29);
INSERT INTO Pessoa (PessoaID, NumIdentificacao, Nome, Morada, Telefone, NumeroBeneficiario, Sexo, DataNascimento) VALUES (346, 55468418, "Brent Lawson", "morada", 981969556, 971518737, "M", "26/07/1971 06:15:22");
INSERT INTO Staff (PessoaID, CodigoIdentificacao, Especializacao) VALUES (346, 1249, 5);
INSERT INTO Enfermeiro (StaffID) VALUES (346);
INSERT INTO HorarioTrabalho (StaffID, HorarioID) VALUES (346, 5);
INSERT INTO HorarioTrabalho (StaffID, HorarioID) VALUES (346, 15);
INSERT INTO HorarioTrabalho (StaffID, HorarioID) VALUES (346, 23);
INSERT INTO Pessoa (PessoaID, NumIdentificacao, Nome, Morada, Telefone, NumeroBeneficiario, Sexo, DataNascimento) VALUES (347, 18790367, "Francisco Wolff", "morada", 968085940, 846706911, "M", "12/08/2001 05:41:04");
INSERT INTO Staff (PessoaID, CodigoIdentificacao, Especializacao) VALUES (347, 9108, 16);
INSERT INTO Enfermeiro (StaffID) VALUES (347);
INSERT INTO HorarioTrabalho (StaffID, HorarioID) VALUES (347, 2);
INSERT INTO HorarioTrabalho (StaffID, HorarioID) VALUES (347, 9);
INSERT INTO HorarioTrabalho (StaffID, HorarioID) VALUES (347, 17);
INSERT INTO HorarioTrabalho (StaffID, HorarioID) VALUES (347, 28);
INSERT INTO Pessoa (PessoaID, NumIdentificacao, Nome, Morada, Telefone, NumeroBeneficiario, Sexo, DataNascimento) VALUES (348, 94000388, "Wendy Carr", "morada", 967096772, 478775692, "F", "12/11/2013 23:33:48");
INSERT INTO Staff (PessoaID, CodigoIdentificacao, Especializacao) VALUES (348, 4746, 43);
INSERT INTO Enfermeiro (StaffID) VALUES (348);
INSERT INTO HorarioTrabalho (StaffID, HorarioID) VALUES (348, 12);
INSERT INTO HorarioTrabalho (StaffID, HorarioID) VALUES (348, 21);
INSERT INTO HorarioTrabalho (StaffID, HorarioID) VALUES (348, 25);
INSERT INTO Pessoa (PessoaID, NumIdentificacao, Nome, Morada, Telefone, NumeroBeneficiario, Sexo, DataNascimento) VALUES (349, 80377730, "Vanessa Smith", "morada", 968868487, 814198158, "F", "18/06/2008 14:49:57");
INSERT INTO Staff (PessoaID, CodigoIdentificacao, Especializacao) VALUES (349, 1344, 48);
INSERT INTO Enfermeiro (StaffID) VALUES (349);
INSERT INTO HorarioTrabalho (StaffID, HorarioID) VALUES (349, 3);
INSERT INTO HorarioTrabalho (StaffID, HorarioID) VALUES (349, 11);
INSERT INTO HorarioTrabalho (StaffID, HorarioID) VALUES (349, 15);
INSERT INTO Pessoa (PessoaID, NumIdentificacao, Nome, Morada, Telefone, NumeroBeneficiario, Sexo, DataNascimento) VALUES (350, 49530650, "Jimmy Galayda", "morada", 955910593, 898299532, "M", "28/03/1979 19:55:53");
INSERT INTO Staff (PessoaID, CodigoIdentificacao, Especializacao) VALUES (350, 5033, 35);
INSERT INTO Enfermeiro (StaffID) VALUES (350);
INSERT INTO HorarioTrabalho (StaffID, HorarioID) VALUES (350, 4);
INSERT INTO HorarioTrabalho (StaffID, HorarioID) VALUES (350, 10);
INSERT INTO HorarioTrabalho (StaffID, HorarioID) VALUES (350, 20);
INSERT INTO HorarioTrabalho (StaffID, HorarioID) VALUES (350, 24);
INSERT INTO HorarioTrabalho (StaffID, HorarioID) VALUES (350, 27);
INSERT INTO Pessoa (PessoaID, NumIdentificacao, Nome, Morada, Telefone, NumeroBeneficiario, Sexo, DataNascimento) VALUES (351, 95580822, "Albert Lewis", "morada", 991253122, 350731903, "M", "22/03/1971 13:42:32");
INSERT INTO Staff (PessoaID, CodigoIdentificacao, Especializacao) VALUES (351, 3016, 9);
INSERT INTO Enfermeiro (StaffID) VALUES (351);
INSERT INTO HorarioTrabalho (StaffID, HorarioID) VALUES (351, 2);
INSERT INTO HorarioTrabalho (StaffID, HorarioID) VALUES (351, 9);
INSERT INTO HorarioTrabalho (StaffID, HorarioID) VALUES (351, 25);
INSERT INTO Pessoa (PessoaID, NumIdentificacao, Nome, Morada, Telefone, NumeroBeneficiario, Sexo, DataNascimento) VALUES (352, 32190510, "Lauren Bane", "morada", 975446866, 623105434, "F", "10/01/2006 16:41:22");
INSERT INTO Staff (PessoaID, CodigoIdentificacao, Especializacao) VALUES (352, 2098, 45);
INSERT INTO Enfermeiro (StaffID) VALUES (352);
INSERT INTO HorarioTrabalho (StaffID, HorarioID) VALUES (352, 13);
INSERT INTO HorarioTrabalho (StaffID, HorarioID) VALUES (352, 15);
INSERT INTO HorarioTrabalho (StaffID, HorarioID) VALUES (352, 21);
INSERT INTO Pessoa (PessoaID, NumIdentificacao, Nome, Morada, Telefone, NumeroBeneficiario, Sexo, DataNascimento) VALUES (353, 21090160, "Leon Patterson", "morada", 919695823, 596139290, "M", "05/05/1985 05:23:48");
INSERT INTO Staff (PessoaID, CodigoIdentificacao, Especializacao) VALUES (353, 2378, 14);
INSERT INTO Enfermeiro (StaffID) VALUES (353);
INSERT INTO HorarioTrabalho (StaffID, HorarioID) VALUES (353, 1);
INSERT INTO HorarioTrabalho (StaffID, HorarioID) VALUES (353, 6);
INSERT INTO HorarioTrabalho (StaffID, HorarioID) VALUES (353, 13);
INSERT INTO HorarioTrabalho (StaffID, HorarioID) VALUES (353, 16);
INSERT INTO HorarioTrabalho (StaffID, HorarioID) VALUES (353, 26);
INSERT INTO Pessoa (PessoaID, NumIdentificacao, Nome, Morada, Telefone, NumeroBeneficiario, Sexo, DataNascimento) VALUES (354, 19868979, "Ramon Rosenbeck", "morada", 967730684, 157766092, "M", "20/04/1995 14:27:51");
INSERT INTO Staff (PessoaID, CodigoIdentificacao, Especializacao) VALUES (354, 8689, 15);
INSERT INTO Enfermeiro (StaffID) VALUES (354);
INSERT INTO HorarioTrabalho (StaffID, HorarioID) VALUES (354, 3);
INSERT INTO HorarioTrabalho (StaffID, HorarioID) VALUES (354, 4);
INSERT INTO HorarioTrabalho (StaffID, HorarioID) VALUES (354, 17);
INSERT INTO HorarioTrabalho (StaffID, HorarioID) VALUES (354, 27);
INSERT INTO Pessoa (PessoaID, NumIdentificacao, Nome, Morada, Telefone, NumeroBeneficiario, Sexo, DataNascimento) VALUES (355, 55297024, "Mary Bowser", "morada", 976586122, 694048839, "F", "10/12/1997 05:55:32");
INSERT INTO Staff (PessoaID, CodigoIdentificacao, Especializacao) VALUES (355, 8830, 43);
INSERT INTO Enfermeiro (StaffID) VALUES (355);
INSERT INTO HorarioTrabalho (StaffID, HorarioID) VALUES (355, 11);
INSERT INTO HorarioTrabalho (StaffID, HorarioID) VALUES (355, 25);
INSERT INTO Pessoa (PessoaID, NumIdentificacao, Nome, Morada, Telefone, NumeroBeneficiario, Sexo, DataNascimento) VALUES (356, 18297649, "Floyd Beltran", "morada", 991480351, 967661859, "M", "22/09/1998 12:14:06");
INSERT INTO Staff (PessoaID, CodigoIdentificacao, Especializacao) VALUES (356, 2814, 36);
INSERT INTO Enfermeiro (StaffID) VALUES (356);
INSERT INTO HorarioTrabalho (StaffID, HorarioID) VALUES (356, 1);
INSERT INTO HorarioTrabalho (StaffID, HorarioID) VALUES (356, 9);
INSERT INTO HorarioTrabalho (StaffID, HorarioID) VALUES (356, 17);
INSERT INTO HorarioTrabalho (StaffID, HorarioID) VALUES (356, 19);
INSERT INTO HorarioTrabalho (StaffID, HorarioID) VALUES (356, 24);
INSERT INTO Pessoa (PessoaID, NumIdentificacao, Nome, Morada, Telefone, NumeroBeneficiario, Sexo, DataNascimento) VALUES (357, 53777779, "Robert Boston", "morada", 915190926, 617140512, "M", "06/05/1973 07:46:10");
INSERT INTO Staff (PessoaID, CodigoIdentificacao, Especializacao) VALUES (357, 3209, 9);
INSERT INTO Enfermeiro (StaffID) VALUES (357);
INSERT INTO HorarioTrabalho (StaffID, HorarioID) VALUES (357, 1);
INSERT INTO HorarioTrabalho (StaffID, HorarioID) VALUES (357, 17);
INSERT INTO HorarioTrabalho (StaffID, HorarioID) VALUES (357, 25);
INSERT INTO Pessoa (PessoaID, NumIdentificacao, Nome, Morada, Telefone, NumeroBeneficiario, Sexo, DataNascimento) VALUES (358, 87185475, "Dave White", "morada", 985377886, 492785409, "M", "22/06/2018 14:35:47");
INSERT INTO Staff (PessoaID, CodigoIdentificacao, Especializacao) VALUES (358, 9213, 45);
INSERT INTO Enfermeiro (StaffID) VALUES (358);
INSERT INTO HorarioTrabalho (StaffID, HorarioID) VALUES (358, 4);
INSERT INTO HorarioTrabalho (StaffID, HorarioID) VALUES (358, 13);
INSERT INTO HorarioTrabalho (StaffID, HorarioID) VALUES (358, 15);
INSERT INTO HorarioTrabalho (StaffID, HorarioID) VALUES (358, 18);
INSERT INTO Pessoa (PessoaID, NumIdentificacao, Nome, Morada, Telefone, NumeroBeneficiario, Sexo, DataNascimento) VALUES (359, 56851734, "Elizabeth Evans", "morada", 976819911, 259584984, "F", "09/10/1974 01:26:53");
INSERT INTO Staff (PessoaID, CodigoIdentificacao, Especializacao) VALUES (359, 7280, 33);
INSERT INTO Enfermeiro (StaffID) VALUES (359);
INSERT INTO HorarioTrabalho (StaffID, HorarioID) VALUES (359, 1);
INSERT INTO HorarioTrabalho (StaffID, HorarioID) VALUES (359, 7);
INSERT INTO Pessoa (PessoaID, NumIdentificacao, Nome, Morada, Telefone, NumeroBeneficiario, Sexo, DataNascimento) VALUES (360, 92455805, "Tiffany Telford", "morada", 992759736, 634415587, "F", "06/12/1972 05:53:16");
INSERT INTO Staff (PessoaID, CodigoIdentificacao, Especializacao) VALUES (360, 5553, 18);
INSERT INTO Enfermeiro (StaffID) VALUES (360);
INSERT INTO HorarioTrabalho (StaffID, HorarioID) VALUES (360, 16);
INSERT INTO HorarioTrabalho (StaffID, HorarioID) VALUES (360, 20);
INSERT INTO HorarioTrabalho (StaffID, HorarioID) VALUES (360, 23);
INSERT INTO Pessoa (PessoaID, NumIdentificacao, Nome, Morada, Telefone, NumeroBeneficiario, Sexo, DataNascimento) VALUES (361, 88113291, "Richard Webb", "morada", 959248800, 531670569, "M", "30/01/1976 15:29:04");
INSERT INTO Staff (PessoaID, CodigoIdentificacao, Especializacao) VALUES (361, 9611, 1);
INSERT INTO Enfermeiro (StaffID) VALUES (361);
INSERT INTO HorarioTrabalho (StaffID, HorarioID) VALUES (361, 2);
INSERT INTO HorarioTrabalho (StaffID, HorarioID) VALUES (361, 7);
INSERT INTO HorarioTrabalho (StaffID, HorarioID) VALUES (361, 9);
INSERT INTO HorarioTrabalho (StaffID, HorarioID) VALUES (361, 16);
INSERT INTO HorarioTrabalho (StaffID, HorarioID) VALUES (361, 23);
INSERT INTO Pessoa (PessoaID, NumIdentificacao, Nome, Morada, Telefone, NumeroBeneficiario, Sexo, DataNascimento) VALUES (362, 74070610, "Jeannie Sneed", "morada", 996854105, 908281721, "F", "17/04/1982 10:15:54");
INSERT INTO Staff (PessoaID, CodigoIdentificacao, Especializacao) VALUES (362, 9984, 34);
INSERT INTO Enfermeiro (StaffID) VALUES (362);
INSERT INTO HorarioTrabalho (StaffID, HorarioID) VALUES (362, 2);
INSERT INTO HorarioTrabalho (StaffID, HorarioID) VALUES (362, 11);
INSERT INTO HorarioTrabalho (StaffID, HorarioID) VALUES (362, 15);
INSERT INTO Pessoa (PessoaID, NumIdentificacao, Nome, Morada, Telefone, NumeroBeneficiario, Sexo, DataNascimento) VALUES (363, 30396310, "Edward Harris", "morada", 911691962, 801609372, "M", "21/10/2004 13:49:48");
INSERT INTO Staff (PessoaID, CodigoIdentificacao, Especializacao) VALUES (363, 1633, 29);
INSERT INTO Enfermeiro (StaffID) VALUES (363);
INSERT INTO HorarioTrabalho (StaffID, HorarioID) VALUES (363, 1);
INSERT INTO HorarioTrabalho (StaffID, HorarioID) VALUES (363, 10);
INSERT INTO HorarioTrabalho (StaffID, HorarioID) VALUES (363, 14);
INSERT INTO HorarioTrabalho (StaffID, HorarioID) VALUES (363, 19);
INSERT INTO Pessoa (PessoaID, NumIdentificacao, Nome, Morada, Telefone, NumeroBeneficiario, Sexo, DataNascimento) VALUES (364, 89915950, "Timothy Brown", "morada", 910586860, 869732669, "M", "21/05/2011 02:29:53");
INSERT INTO Staff (PessoaID, CodigoIdentificacao, Especializacao) VALUES (364, 9261, 49);
INSERT INTO Enfermeiro (StaffID) VALUES (364);
INSERT INTO HorarioTrabalho (StaffID, HorarioID) VALUES (364, 6);
INSERT INTO HorarioTrabalho (StaffID, HorarioID) VALUES (364, 16);
INSERT INTO HorarioTrabalho (StaffID, HorarioID) VALUES (364, 20);
INSERT INTO HorarioTrabalho (StaffID, HorarioID) VALUES (364, 24);
INSERT INTO Pessoa (PessoaID, NumIdentificacao, Nome, Morada, Telefone, NumeroBeneficiario, Sexo, DataNascimento) VALUES (365, 72811131, "Lucille Lighty", "morada", 945215232, 730848254, "F", "26/11/2018 14:46:49");
INSERT INTO Staff (PessoaID, CodigoIdentificacao, Especializacao) VALUES (365, 4021, 36);
INSERT INTO Enfermeiro (StaffID) VALUES (365);
INSERT INTO HorarioTrabalho (StaffID, HorarioID) VALUES (365, 5);
INSERT INTO HorarioTrabalho (StaffID, HorarioID) VALUES (365, 20);
INSERT INTO HorarioTrabalho (StaffID, HorarioID) VALUES (365, 23);
INSERT INTO Pessoa (PessoaID, NumIdentificacao, Nome, Morada, Telefone, NumeroBeneficiario, Sexo, DataNascimento) VALUES (366, 10204658, "George Krawczyk", "morada", 975243014, 119001022, "M", "15/09/2001 04:09:57");
INSERT INTO Staff (PessoaID, CodigoIdentificacao, Especializacao) VALUES (366, 7749, 27);
INSERT INTO Enfermeiro (StaffID) VALUES (366);
INSERT INTO HorarioTrabalho (StaffID, HorarioID) VALUES (366, 3);
INSERT INTO HorarioTrabalho (StaffID, HorarioID) VALUES (366, 11);
INSERT INTO HorarioTrabalho (StaffID, HorarioID) VALUES (366, 15);


-- Technicians
INSERT INTO Pessoa (PessoaID, NumIdentificacao, Nome, Morada, Telefone, NumeroBeneficiario, Sexo, DataNascimento) VALUES (367, 74945643, "Mary Lopez", "morada", 917306917, 831736322, "F", "23/12/1984 22:12:47");
INSERT INTO Staff (PessoaID, CodigoIdentificacao, Especializacao) VALUES (367, 6355, 19);
INSERT INTO Tecnico (StaffID) VALUES (367);
INSERT INTO HorarioTrabalho (StaffID, HorarioID) VALUES (367, 1);
INSERT INTO HorarioTrabalho (StaffID, HorarioID) VALUES (367, 11);
INSERT INTO HorarioTrabalho (StaffID, HorarioID) VALUES (367, 16);
INSERT INTO HorarioTrabalho (StaffID, HorarioID) VALUES (367, 20);
INSERT INTO HorarioTrabalho (StaffID, HorarioID) VALUES (367, 23);
INSERT INTO HorarioTrabalho (StaffID, HorarioID) VALUES (367, 28);
INSERT INTO Pessoa (PessoaID, NumIdentificacao, Nome, Morada, Telefone, NumeroBeneficiario, Sexo, DataNascimento) VALUES (368, 25257565, "Ronald Scott", "morada", 996942506, 406793649, "M", "02/12/1989 02:57:41");
INSERT INTO Staff (PessoaID, CodigoIdentificacao, Especializacao) VALUES (368, 9128, 31);
INSERT INTO Tecnico (StaffID) VALUES (368);
INSERT INTO HorarioTrabalho (StaffID, HorarioID) VALUES (368, 8);
INSERT INTO HorarioTrabalho (StaffID, HorarioID) VALUES (368, 28);
INSERT INTO Pessoa (PessoaID, NumIdentificacao, Nome, Morada, Telefone, NumeroBeneficiario, Sexo, DataNascimento) VALUES (369, 65286554, "James Morrow", "morada", 911363557, 707900299, "M", "31/05/1980 19:42:59");
INSERT INTO Staff (PessoaID, CodigoIdentificacao, Especializacao) VALUES (369, 1681, 23);
INSERT INTO Tecnico (StaffID) VALUES (369);
INSERT INTO HorarioTrabalho (StaffID, HorarioID) VALUES (369, 6);
INSERT INTO HorarioTrabalho (StaffID, HorarioID) VALUES (369, 13);
INSERT INTO HorarioTrabalho (StaffID, HorarioID) VALUES (369, 15);
INSERT INTO Pessoa (PessoaID, NumIdentificacao, Nome, Morada, Telefone, NumeroBeneficiario, Sexo, DataNascimento) VALUES (370, 15731758, "Peggy Harper", "morada", 984260043, 122723251, "F", "15/03/2014 15:32:24");
INSERT INTO Staff (PessoaID, CodigoIdentificacao, Especializacao) VALUES (370, 7798, 45);
INSERT INTO Tecnico (StaffID) VALUES (370);
INSERT INTO HorarioTrabalho (StaffID, HorarioID) VALUES (370, 5);
INSERT INTO HorarioTrabalho (StaffID, HorarioID) VALUES (370, 23);
INSERT INTO Pessoa (PessoaID, NumIdentificacao, Nome, Morada, Telefone, NumeroBeneficiario, Sexo, DataNascimento) VALUES (371, 77346004, "Richard Hargrove", "morada", 991925618, 898379116, "M", "25/12/1977 20:32:54");
INSERT INTO Staff (PessoaID, CodigoIdentificacao, Especializacao) VALUES (371, 2937, 39);
INSERT INTO Tecnico (StaffID) VALUES (371);
INSERT INTO HorarioTrabalho (StaffID, HorarioID) VALUES (371, 24);
INSERT INTO HorarioTrabalho (StaffID, HorarioID) VALUES (371, 26);
INSERT INTO Pessoa (PessoaID, NumIdentificacao, Nome, Morada, Telefone, NumeroBeneficiario, Sexo, DataNascimento) VALUES (372, 13113915, "Ronald Villegas", "morada", 963905003, 904822225, "M", "30/06/1972 18:12:23");
INSERT INTO Staff (PessoaID, CodigoIdentificacao, Especializacao) VALUES (372, 3875, 48);
INSERT INTO Tecnico (StaffID) VALUES (372);
INSERT INTO HorarioTrabalho (StaffID, HorarioID) VALUES (372, 2);
INSERT INTO HorarioTrabalho (StaffID, HorarioID) VALUES (372, 11);
INSERT INTO HorarioTrabalho (StaffID, HorarioID) VALUES (372, 14);
INSERT INTO HorarioTrabalho (StaffID, HorarioID) VALUES (372, 21);
INSERT INTO HorarioTrabalho (StaffID, HorarioID) VALUES (372, 23);
INSERT INTO Pessoa (PessoaID, NumIdentificacao, Nome, Morada, Telefone, NumeroBeneficiario, Sexo, DataNascimento) VALUES (373, 29237206, "Walter Roldan", "morada", 949168231, 762950739, "M", "22/08/2003 03:42:05");
INSERT INTO Staff (PessoaID, CodigoIdentificacao, Especializacao) VALUES (373, 4786, 15);
INSERT INTO Tecnico (StaffID) VALUES (373);
INSERT INTO HorarioTrabalho (StaffID, HorarioID) VALUES (373, 7);
INSERT INTO HorarioTrabalho (StaffID, HorarioID) VALUES (373, 26);
INSERT INTO Pessoa (PessoaID, NumIdentificacao, Nome, Morada, Telefone, NumeroBeneficiario, Sexo, DataNascimento) VALUES (374, 19696448, "John Portillo", "morada", 985404019, 825089628, "M", "06/11/2004 16:58:42");
INSERT INTO Staff (PessoaID, CodigoIdentificacao, Especializacao) VALUES (374, 5641, 30);
INSERT INTO Tecnico (StaffID) VALUES (374);
INSERT INTO HorarioTrabalho (StaffID, HorarioID) VALUES (374, 18);
INSERT INTO Pessoa (PessoaID, NumIdentificacao, Nome, Morada, Telefone, NumeroBeneficiario, Sexo, DataNascimento) VALUES (375, 59716512, "Phoebe Shaw", "morada", 949692926, 999090576, "F", "19/08/2008 04:52:38");
INSERT INTO Staff (PessoaID, CodigoIdentificacao, Especializacao) VALUES (375, 5595, 43);
INSERT INTO Tecnico (StaffID) VALUES (375);
INSERT INTO HorarioTrabalho (StaffID, HorarioID) VALUES (375, 16);
INSERT INTO HorarioTrabalho (StaffID, HorarioID) VALUES (375, 20);
INSERT INTO HorarioTrabalho (StaffID, HorarioID) VALUES (375, 29);
INSERT INTO Pessoa (PessoaID, NumIdentificacao, Nome, Morada, Telefone, NumeroBeneficiario, Sexo, DataNascimento) VALUES (376, 48594177, "Laura Kramer", "morada", 935929383, 293183389, "F", "21/05/1989 04:48:58");
INSERT INTO Staff (PessoaID, CodigoIdentificacao, Especializacao) VALUES (376, 4985, 37);
INSERT INTO Tecnico (StaffID) VALUES (376);
INSERT INTO HorarioTrabalho (StaffID, HorarioID) VALUES (376, 2);
INSERT INTO HorarioTrabalho (StaffID, HorarioID) VALUES (376, 7);
INSERT INTO HorarioTrabalho (StaffID, HorarioID) VALUES (376, 10);
INSERT INTO HorarioTrabalho (StaffID, HorarioID) VALUES (376, 22);
INSERT INTO HorarioTrabalho (StaffID, HorarioID) VALUES (376, 25);
INSERT INTO Pessoa (PessoaID, NumIdentificacao, Nome, Morada, Telefone, NumeroBeneficiario, Sexo, DataNascimento) VALUES (377, 43517034, "Melisa Semons", "morada", 946787811, 197135853, "F", "09/10/2004 02:02:28");
INSERT INTO Staff (PessoaID, CodigoIdentificacao, Especializacao) VALUES (377, 2025, 6);
INSERT INTO Tecnico (StaffID) VALUES (377);
INSERT INTO HorarioTrabalho (StaffID, HorarioID) VALUES (377, 22);
INSERT INTO HorarioTrabalho (StaffID, HorarioID) VALUES (377, 23);
INSERT INTO Pessoa (PessoaID, NumIdentificacao, Nome, Morada, Telefone, NumeroBeneficiario, Sexo, DataNascimento) VALUES (378, 62042599, "Juliet Lubrano", "morada", 915332578, 103063304, "F", "23/01/1999 12:42:56");
INSERT INTO Staff (PessoaID, CodigoIdentificacao, Especializacao) VALUES (378, 9447, 38);
INSERT INTO Tecnico (StaffID) VALUES (378);
INSERT INTO HorarioTrabalho (StaffID, HorarioID) VALUES (378, 10);
INSERT INTO HorarioTrabalho (StaffID, HorarioID) VALUES (378, 18);
INSERT INTO HorarioTrabalho (StaffID, HorarioID) VALUES (378, 29);
INSERT INTO Pessoa (PessoaID, NumIdentificacao, Nome, Morada, Telefone, NumeroBeneficiario, Sexo, DataNascimento) VALUES (379, 11383652, "Diane Goodall", "morada", 987711919, 583199047, "F", "05/07/1980 03:12:46");
INSERT INTO Staff (PessoaID, CodigoIdentificacao, Especializacao) VALUES (379, 7969, 16);
INSERT INTO Tecnico (StaffID) VALUES (379);
INSERT INTO HorarioTrabalho (StaffID, HorarioID) VALUES (379, 3);
INSERT INTO HorarioTrabalho (StaffID, HorarioID) VALUES (379, 15);
INSERT INTO HorarioTrabalho (StaffID, HorarioID) VALUES (379, 21);
INSERT INTO Pessoa (PessoaID, NumIdentificacao, Nome, Morada, Telefone, NumeroBeneficiario, Sexo, DataNascimento) VALUES (380, 79480022, "David Carey", "morada", 965951380, 715207265, "M", "10/08/2008 02:21:14");
INSERT INTO Staff (PessoaID, CodigoIdentificacao, Especializacao) VALUES (380, 2565, 19);
INSERT INTO Tecnico (StaffID) VALUES (380);
INSERT INTO HorarioTrabalho (StaffID, HorarioID) VALUES (380, 5);
INSERT INTO HorarioTrabalho (StaffID, HorarioID) VALUES (380, 15);
INSERT INTO HorarioTrabalho (StaffID, HorarioID) VALUES (380, 20);
INSERT INTO Pessoa (PessoaID, NumIdentificacao, Nome, Morada, Telefone, NumeroBeneficiario, Sexo, DataNascimento) VALUES (381, 39055070, "Jonathan Reid", "morada", 988397348, 536880457, "M", "17/12/1993 04:36:34");
INSERT INTO Staff (PessoaID, CodigoIdentificacao, Especializacao) VALUES (381, 7970, 36);
INSERT INTO Tecnico (StaffID) VALUES (381);
INSERT INTO HorarioTrabalho (StaffID, HorarioID) VALUES (381, 3);
INSERT INTO HorarioTrabalho (StaffID, HorarioID) VALUES (381, 4);
INSERT INTO HorarioTrabalho (StaffID, HorarioID) VALUES (381, 25);
INSERT INTO HorarioTrabalho (StaffID, HorarioID) VALUES (381, 27);
INSERT INTO Pessoa (PessoaID, NumIdentificacao, Nome, Morada, Telefone, NumeroBeneficiario, Sexo, DataNascimento) VALUES (382, 51695965, "Audra Bonds", "morada", 926926534, 503763774, "F", "11/01/1970 17:17:51");
INSERT INTO Staff (PessoaID, CodigoIdentificacao, Especializacao) VALUES (382, 4293, 12);
INSERT INTO Tecnico (StaffID) VALUES (382);
INSERT INTO HorarioTrabalho (StaffID, HorarioID) VALUES (382, 1);
INSERT INTO HorarioTrabalho (StaffID, HorarioID) VALUES (382, 5);
INSERT INTO HorarioTrabalho (StaffID, HorarioID) VALUES (382, 9);


-- Doctors
INSERT INTO Pessoa (PessoaID, NumIdentificacao, Nome, Morada, Telefone, NumeroBeneficiario, Sexo, DataNascimento) VALUES (383, 86994073, "Helen Gilchrist", "morada", 984942783, 230435262, "F", "28/06/2015 10:00:16");
INSERT INTO Staff (PessoaID, CodigoIdentificacao, Especializacao) VALUES (383, 3524, 8);
INSERT INTO Medico (StaffID, Consultorio) VALUES (383, 202);
INSERT INTO HorarioTrabalho (StaffID, HorarioID) VALUES (383, 2);
INSERT INTO HorarioTrabalho (StaffID, HorarioID) VALUES (383, 13);
INSERT INTO HorarioTrabalho (StaffID, HorarioID) VALUES (383, 14);
INSERT INTO HorarioTrabalho (StaffID, HorarioID) VALUES (383, 18);
INSERT INTO HorarioTrabalho (StaffID, HorarioID) VALUES (383, 25);
INSERT INTO HorarioTrabalho (StaffID, HorarioID) VALUES (383, 29);
INSERT INTO Pessoa (PessoaID, NumIdentificacao, Nome, Morada, Telefone, NumeroBeneficiario, Sexo, DataNascimento) VALUES (384, 12742400, "Robert Edwards", "morada", 916905236, 486513474, "M", "24/01/1982 19:16:05");
INSERT INTO Staff (PessoaID, CodigoIdentificacao, Especializacao) VALUES (384, 6301, 15);
INSERT INTO Medico (StaffID, Consultorio) VALUES (384, 156);
INSERT INTO HorarioTrabalho (StaffID, HorarioID) VALUES (384, 12);
INSERT INTO HorarioTrabalho (StaffID, HorarioID) VALUES (384, 21);
INSERT INTO HorarioTrabalho (StaffID, HorarioID) VALUES (384, 23);
INSERT INTO Pessoa (PessoaID, NumIdentificacao, Nome, Morada, Telefone, NumeroBeneficiario, Sexo, DataNascimento) VALUES (385, 88052810, "Mack Chin", "morada", 992807276, 967895536, "M", "09/06/2001 10:51:46");
INSERT INTO Staff (PessoaID, CodigoIdentificacao, Especializacao) VALUES (385, 8080, 45);
INSERT INTO Medico (StaffID, Consultorio) VALUES (385, 139);
INSERT INTO HorarioTrabalho (StaffID, HorarioID) VALUES (385, 2);
INSERT INTO HorarioTrabalho (StaffID, HorarioID) VALUES (385, 17);
INSERT INTO HorarioTrabalho (StaffID, HorarioID) VALUES (385, 21);
INSERT INTO HorarioTrabalho (StaffID, HorarioID) VALUES (385, 23);
INSERT INTO HorarioTrabalho (StaffID, HorarioID) VALUES (385, 28);
INSERT INTO Pessoa (PessoaID, NumIdentificacao, Nome, Morada, Telefone, NumeroBeneficiario, Sexo, DataNascimento) VALUES (386, 94633323, "William Precourt", "morada", 926622609, 247271851, "M", "02/03/2002 01:10:39");
INSERT INTO Staff (PessoaID, CodigoIdentificacao, Especializacao) VALUES (386, 1443, 14);
INSERT INTO Medico (StaffID, Consultorio) VALUES (386, 246);
INSERT INTO HorarioTrabalho (StaffID, HorarioID) VALUES (386, 5);
INSERT INTO HorarioTrabalho (StaffID, HorarioID) VALUES (386, 19);
INSERT INTO Pessoa (PessoaID, NumIdentificacao, Nome, Morada, Telefone, NumeroBeneficiario, Sexo, DataNascimento) VALUES (387, 58987596, "Paul Sanders", "morada", 933249918, 546998231, "M", "05/04/1982 02:09:51");
INSERT INTO Staff (PessoaID, CodigoIdentificacao, Especializacao) VALUES (387, 2196, 45);
INSERT INTO Medico (StaffID, Consultorio) VALUES (387, 129);
INSERT INTO HorarioTrabalho (StaffID, HorarioID) VALUES (387, 13);
INSERT INTO HorarioTrabalho (StaffID, HorarioID) VALUES (387, 24);
INSERT INTO HorarioTrabalho (StaffID, HorarioID) VALUES (387, 26);
INSERT INTO Pessoa (PessoaID, NumIdentificacao, Nome, Morada, Telefone, NumeroBeneficiario, Sexo, DataNascimento) VALUES (388, 81505674, "Myrtle Mccullough", "morada", 949800858, 599820206, "F", "22/01/1976 04:44:59");
INSERT INTO Staff (PessoaID, CodigoIdentificacao, Especializacao) VALUES (388, 5132, 31);
INSERT INTO Medico (StaffID, Consultorio) VALUES (388, 200);
INSERT INTO HorarioTrabalho (StaffID, HorarioID) VALUES (388, 17);
INSERT INTO HorarioTrabalho (StaffID, HorarioID) VALUES (388, 19);
INSERT INTO HorarioTrabalho (StaffID, HorarioID) VALUES (388, 23);
INSERT INTO HorarioTrabalho (StaffID, HorarioID) VALUES (388, 29);
INSERT INTO Pessoa (PessoaID, NumIdentificacao, Nome, Morada, Telefone, NumeroBeneficiario, Sexo, DataNascimento) VALUES (389, 69901105, "Melvin Silvey", "morada", 992346759, 948868691, "M", "07/08/2002 16:02:15");
INSERT INTO Staff (PessoaID, CodigoIdentificacao, Especializacao) VALUES (389, 8650, 31);
INSERT INTO Medico (StaffID, Consultorio) VALUES (389, 219);
INSERT INTO HorarioTrabalho (StaffID, HorarioID) VALUES (389, 11);
INSERT INTO HorarioTrabalho (StaffID, HorarioID) VALUES (389, 15);
INSERT INTO HorarioTrabalho (StaffID, HorarioID) VALUES (389, 21);
INSERT INTO HorarioTrabalho (StaffID, HorarioID) VALUES (389, 24);
INSERT INTO Pessoa (PessoaID, NumIdentificacao, Nome, Morada, Telefone, NumeroBeneficiario, Sexo, DataNascimento) VALUES (390, 66285260, "Raymond Catron", "morada", 910198762, 368893583, "M", "23/09/2008 13:00:45");
INSERT INTO Staff (PessoaID, CodigoIdentificacao, Especializacao) VALUES (390, 9004, 42);
INSERT INTO Medico (StaffID, Consultorio) VALUES (390, 164);
INSERT INTO HorarioTrabalho (StaffID, HorarioID) VALUES (390, 17);
INSERT INTO HorarioTrabalho (StaffID, HorarioID) VALUES (390, 29);
INSERT INTO Pessoa (PessoaID, NumIdentificacao, Nome, Morada, Telefone, NumeroBeneficiario, Sexo, DataNascimento) VALUES (391, 61430809, "Antonio Noah", "morada", 938063265, 891204525, "M", "07/09/1998 11:31:12");
INSERT INTO Staff (PessoaID, CodigoIdentificacao, Especializacao) VALUES (391, 6004, 41);
INSERT INTO Medico (StaffID, Consultorio) VALUES (391, 199);
INSERT INTO HorarioTrabalho (StaffID, HorarioID) VALUES (391, 4);
INSERT INTO HorarioTrabalho (StaffID, HorarioID) VALUES (391, 23);
INSERT INTO HorarioTrabalho (StaffID, HorarioID) VALUES (391, 26);
INSERT INTO Pessoa (PessoaID, NumIdentificacao, Nome, Morada, Telefone, NumeroBeneficiario, Sexo, DataNascimento) VALUES (392, 45261412, "Shirley Freeman", "morada", 969910361, 637238565, "F", "20/11/1998 09:04:57");
INSERT INTO Staff (PessoaID, CodigoIdentificacao, Especializacao) VALUES (392, 4265, 23);
INSERT INTO Medico (StaffID, Consultorio) VALUES (392, 243);
INSERT INTO HorarioTrabalho (StaffID, HorarioID) VALUES (392, 9);
INSERT INTO HorarioTrabalho (StaffID, HorarioID) VALUES (392, 24);
INSERT INTO HorarioTrabalho (StaffID, HorarioID) VALUES (392, 26);
INSERT INTO Pessoa (PessoaID, NumIdentificacao, Nome, Morada, Telefone, NumeroBeneficiario, Sexo, DataNascimento) VALUES (393, 47931177, "Lucille Bynum", "morada", 965073538, 670428847, "F", "17/05/2000 11:34:32");
INSERT INTO Staff (PessoaID, CodigoIdentificacao, Especializacao) VALUES (393, 5770, 27);
INSERT INTO Medico (StaffID, Consultorio) VALUES (393, 104);
INSERT INTO HorarioTrabalho (StaffID, HorarioID) VALUES (393, 3);
INSERT INTO HorarioTrabalho (StaffID, HorarioID) VALUES (393, 5);
INSERT INTO HorarioTrabalho (StaffID, HorarioID) VALUES (393, 12);
INSERT INTO HorarioTrabalho (StaffID, HorarioID) VALUES (393, 18);
INSERT INTO HorarioTrabalho (StaffID, HorarioID) VALUES (393, 28);
INSERT INTO Pessoa (PessoaID, NumIdentificacao, Nome, Morada, Telefone, NumeroBeneficiario, Sexo, DataNascimento) VALUES (394, 67108683, "Anita Gallo", "morada", 930212625, 488639863, "F", "25/03/2004 01:50:34");
INSERT INTO Staff (PessoaID, CodigoIdentificacao, Especializacao) VALUES (394, 1193, 1);
INSERT INTO Medico (StaffID, Consultorio) VALUES (394, 247);
INSERT INTO HorarioTrabalho (StaffID, HorarioID) VALUES (394, 3);
INSERT INTO HorarioTrabalho (StaffID, HorarioID) VALUES (394, 8);
INSERT INTO HorarioTrabalho (StaffID, HorarioID) VALUES (394, 15);
INSERT INTO HorarioTrabalho (StaffID, HorarioID) VALUES (394, 26);
INSERT INTO Pessoa (PessoaID, NumIdentificacao, Nome, Morada, Telefone, NumeroBeneficiario, Sexo, DataNascimento) VALUES (395, 72431290, "Araceli Johnson", "morada", 913894534, 281311944, "F", "28/12/1988 02:51:35");
INSERT INTO Staff (PessoaID, CodigoIdentificacao, Especializacao) VALUES (395, 8705, 33);
INSERT INTO Medico (StaffID, Consultorio) VALUES (395, 222);
INSERT INTO HorarioTrabalho (StaffID, HorarioID) VALUES (395, 3);
INSERT INTO HorarioTrabalho (StaffID, HorarioID) VALUES (395, 16);
INSERT INTO HorarioTrabalho (StaffID, HorarioID) VALUES (395, 21);
INSERT INTO HorarioTrabalho (StaffID, HorarioID) VALUES (395, 27);
INSERT INTO Pessoa (PessoaID, NumIdentificacao, Nome, Morada, Telefone, NumeroBeneficiario, Sexo, DataNascimento) VALUES (396, 18412907, "Lydia Mata", "morada", 946323539, 896174096, "F", "01/06/1999 03:01:54");
INSERT INTO Staff (PessoaID, CodigoIdentificacao, Especializacao) VALUES (396, 2570, 2);
INSERT INTO Medico (StaffID, Consultorio) VALUES (396, 125);
INSERT INTO HorarioTrabalho (StaffID, HorarioID) VALUES (396, 3);
INSERT INTO HorarioTrabalho (StaffID, HorarioID) VALUES (396, 29);
INSERT INTO Pessoa (PessoaID, NumIdentificacao, Nome, Morada, Telefone, NumeroBeneficiario, Sexo, DataNascimento) VALUES (397, 76160003, "Elizabeth Mason", "morada", 970280932, 756741091, "F", "10/09/1977 07:10:45");
INSERT INTO Staff (PessoaID, CodigoIdentificacao, Especializacao) VALUES (397, 8774, 22);
INSERT INTO Medico (StaffID, Consultorio) VALUES (397, 151);
INSERT INTO HorarioTrabalho (StaffID, HorarioID) VALUES (397, 2);
INSERT INTO HorarioTrabalho (StaffID, HorarioID) VALUES (397, 9);
INSERT INTO HorarioTrabalho (StaffID, HorarioID) VALUES (397, 19);
INSERT INTO HorarioTrabalho (StaffID, HorarioID) VALUES (397, 28);
INSERT INTO Pessoa (PessoaID, NumIdentificacao, Nome, Morada, Telefone, NumeroBeneficiario, Sexo, DataNascimento) VALUES (398, 59383872, "Jennifer Parker", "morada", 996813219, 275131006, "F", "31/12/1975 06:57:05");
INSERT INTO Staff (PessoaID, CodigoIdentificacao, Especializacao) VALUES (398, 3289, 22);
INSERT INTO Medico (StaffID, Consultorio) VALUES (398, 216);
INSERT INTO HorarioTrabalho (StaffID, HorarioID) VALUES (398, 6);
INSERT INTO HorarioTrabalho (StaffID, HorarioID) VALUES (398, 9);
INSERT INTO HorarioTrabalho (StaffID, HorarioID) VALUES (398, 16);
INSERT INTO HorarioTrabalho (StaffID, HorarioID) VALUES (398, 23);
INSERT INTO HorarioTrabalho (StaffID, HorarioID) VALUES (398, 27);
INSERT INTO Pessoa (PessoaID, NumIdentificacao, Nome, Morada, Telefone, NumeroBeneficiario, Sexo, DataNascimento) VALUES (399, 46315243, "Peter Hayne", "morada", 965201849, 682810584, "M", "19/01/1985 21:02:25");
INSERT INTO Staff (PessoaID, CodigoIdentificacao, Especializacao) VALUES (399, 6509, 2);
INSERT INTO Medico (StaffID, Consultorio) VALUES (399, 133);
INSERT INTO HorarioTrabalho (StaffID, HorarioID) VALUES (399, 3);
INSERT INTO HorarioTrabalho (StaffID, HorarioID) VALUES (399, 7);
INSERT INTO HorarioTrabalho (StaffID, HorarioID) VALUES (399, 18);
INSERT INTO HorarioTrabalho (StaffID, HorarioID) VALUES (399, 23);
INSERT INTO HorarioTrabalho (StaffID, HorarioID) VALUES (399, 28);
INSERT INTO Pessoa (PessoaID, NumIdentificacao, Nome, Morada, Telefone, NumeroBeneficiario, Sexo, DataNascimento) VALUES (400, 23142324, "John Lathrop", "morada", 956598432, 889232270, "M", "15/03/1983 17:55:39");
INSERT INTO Staff (PessoaID, CodigoIdentificacao, Especializacao) VALUES (400, 6146, 2);
INSERT INTO Medico (StaffID, Consultorio) VALUES (400, 121);
INSERT INTO HorarioTrabalho (StaffID, HorarioID) VALUES (400, 4);
INSERT INTO HorarioTrabalho (StaffID, HorarioID) VALUES (400, 25);
INSERT INTO HorarioTrabalho (StaffID, HorarioID) VALUES (400, 27);
INSERT INTO Pessoa (PessoaID, NumIdentificacao, Nome, Morada, Telefone, NumeroBeneficiario, Sexo, DataNascimento) VALUES (401, 89787645, "Jeffrey Beach", "morada", 980024420, 229662191, "M", "17/01/1973 00:41:51");
INSERT INTO Staff (PessoaID, CodigoIdentificacao, Especializacao) VALUES (401, 2146, 14);
INSERT INTO Medico (StaffID, Consultorio) VALUES (401, 189);
INSERT INTO HorarioTrabalho (StaffID, HorarioID) VALUES (401, 5);
INSERT INTO HorarioTrabalho (StaffID, HorarioID) VALUES (401, 18);
INSERT INTO HorarioTrabalho (StaffID, HorarioID) VALUES (401, 26);
INSERT INTO Pessoa (PessoaID, NumIdentificacao, Nome, Morada, Telefone, NumeroBeneficiario, Sexo, DataNascimento) VALUES (402, 84290737, "Brenda Leonhart", "morada", 930430284, 840189882, "F", "09/04/2018 03:34:19");
INSERT INTO Staff (PessoaID, CodigoIdentificacao, Especializacao) VALUES (402, 7444, 20);
INSERT INTO Medico (StaffID, Consultorio) VALUES (402, 183);
INSERT INTO HorarioTrabalho (StaffID, HorarioID) VALUES (402, 5);
INSERT INTO HorarioTrabalho (StaffID, HorarioID) VALUES (402, 14);
INSERT INTO HorarioTrabalho (StaffID, HorarioID) VALUES (402, 19);
INSERT INTO Pessoa (PessoaID, NumIdentificacao, Nome, Morada, Telefone, NumeroBeneficiario, Sexo, DataNascimento) VALUES (403, 43847060, "Leonard Montoya", "morada", 980209116, 380843561, "M", "21/10/2016 12:26:20");
INSERT INTO Staff (PessoaID, CodigoIdentificacao, Especializacao) VALUES (403, 4257, 4);
INSERT INTO Medico (StaffID, Consultorio) VALUES (403, 186);
INSERT INTO HorarioTrabalho (StaffID, HorarioID) VALUES (403, 9);
INSERT INTO HorarioTrabalho (StaffID, HorarioID) VALUES (403, 17);
INSERT INTO HorarioTrabalho (StaffID, HorarioID) VALUES (403, 29);
INSERT INTO Pessoa (PessoaID, NumIdentificacao, Nome, Morada, Telefone, NumeroBeneficiario, Sexo, DataNascimento) VALUES (404, 56912086, "John Erdmann", "morada", 931137991, 769499613, "M", "19/04/1976 01:53:51");
INSERT INTO Staff (PessoaID, CodigoIdentificacao, Especializacao) VALUES (404, 3734, 41);
INSERT INTO Medico (StaffID, Consultorio) VALUES (404, 197);
INSERT INTO HorarioTrabalho (StaffID, HorarioID) VALUES (404, 2);
INSERT INTO HorarioTrabalho (StaffID, HorarioID) VALUES (404, 21);
INSERT INTO HorarioTrabalho (StaffID, HorarioID) VALUES (404, 26);
INSERT INTO Pessoa (PessoaID, NumIdentificacao, Nome, Morada, Telefone, NumeroBeneficiario, Sexo, DataNascimento) VALUES (405, 41658951, "John Harmon", "morada", 913596982, 256876062, "M", "17/10/2003 01:47:16");
INSERT INTO Staff (PessoaID, CodigoIdentificacao, Especializacao) VALUES (405, 5357, 26);
INSERT INTO Medico (StaffID, Consultorio) VALUES (405, 225);
INSERT INTO HorarioTrabalho (StaffID, HorarioID) VALUES (405, 6);
INSERT INTO HorarioTrabalho (StaffID, HorarioID) VALUES (405, 19);
INSERT INTO Pessoa (PessoaID, NumIdentificacao, Nome, Morada, Telefone, NumeroBeneficiario, Sexo, DataNascimento) VALUES (406, 43974982, "Michael Smith", "morada", 931884769, 432577548, "M", "28/05/1995 13:30:29");
INSERT INTO Staff (PessoaID, CodigoIdentificacao, Especializacao) VALUES (406, 5843, 6);
INSERT INTO Medico (StaffID, Consultorio) VALUES (406, 126);
INSERT INTO HorarioTrabalho (StaffID, HorarioID) VALUES (406, 6);
INSERT INTO HorarioTrabalho (StaffID, HorarioID) VALUES (406, 23);
INSERT INTO HorarioTrabalho (StaffID, HorarioID) VALUES (406, 29);
INSERT INTO Pessoa (PessoaID, NumIdentificacao, Nome, Morada, Telefone, NumeroBeneficiario, Sexo, DataNascimento) VALUES (407, 85968199, "Dortha Torres", "morada", 912390200, 951162610, "F", "30/01/1972 22:50:35");
INSERT INTO Staff (PessoaID, CodigoIdentificacao, Especializacao) VALUES (407, 2040, 9);
INSERT INTO Medico (StaffID, Consultorio) VALUES (407, 155);
INSERT INTO HorarioTrabalho (StaffID, HorarioID) VALUES (407, 3);
INSERT INTO HorarioTrabalho (StaffID, HorarioID) VALUES (407, 17);
INSERT INTO Pessoa (PessoaID, NumIdentificacao, Nome, Morada, Telefone, NumeroBeneficiario, Sexo, DataNascimento) VALUES (408, 68705953, "Sara Byrge", "morada", 948409254, 628040530, "F", "20/03/1998 19:36:24");
INSERT INTO Staff (PessoaID, CodigoIdentificacao, Especializacao) VALUES (408, 8297, 31);
INSERT INTO Medico (StaffID, Consultorio) VALUES (408, 218);
INSERT INTO HorarioTrabalho (StaffID, HorarioID) VALUES (408, 1);
INSERT INTO HorarioTrabalho (StaffID, HorarioID) VALUES (408, 12);
INSERT INTO HorarioTrabalho (StaffID, HorarioID) VALUES (408, 14);
INSERT INTO Pessoa (PessoaID, NumIdentificacao, Nome, Morada, Telefone, NumeroBeneficiario, Sexo, DataNascimento) VALUES (409, 22982125, "Denise Davis", "morada", 984636112, 233990306, "F", "07/10/1985 03:36:48");
INSERT INTO Staff (PessoaID, CodigoIdentificacao, Especializacao) VALUES (409, 2276, 10);
INSERT INTO Medico (StaffID, Consultorio) VALUES (409, 236);
INSERT INTO HorarioTrabalho (StaffID, HorarioID) VALUES (409, 10);
INSERT INTO HorarioTrabalho (StaffID, HorarioID) VALUES (409, 27);
INSERT INTO Pessoa (PessoaID, NumIdentificacao, Nome, Morada, Telefone, NumeroBeneficiario, Sexo, DataNascimento) VALUES (410, 99799759, "Dora Ruiz", "morada", 929654391, 272459208, "F", "24/03/1970 12:10:50");
INSERT INTO Staff (PessoaID, CodigoIdentificacao, Especializacao) VALUES (410, 8182, 24);
INSERT INTO Medico (StaffID, Consultorio) VALUES (410, 226);
INSERT INTO HorarioTrabalho (StaffID, HorarioID) VALUES (410, 9);
INSERT INTO HorarioTrabalho (StaffID, HorarioID) VALUES (410, 14);
INSERT INTO HorarioTrabalho (StaffID, HorarioID) VALUES (410, 25);
INSERT INTO Pessoa (PessoaID, NumIdentificacao, Nome, Morada, Telefone, NumeroBeneficiario, Sexo, DataNascimento) VALUES (411, 14318384, "Carol Lane", "morada", 966456759, 144688733, "F", "04/08/2006 04:56:25");
INSERT INTO Staff (PessoaID, CodigoIdentificacao, Especializacao) VALUES (411, 4559, 22);
INSERT INTO Medico (StaffID, Consultorio) VALUES (411, 248);
INSERT INTO HorarioTrabalho (StaffID, HorarioID) VALUES (411, 3);
INSERT INTO HorarioTrabalho (StaffID, HorarioID) VALUES (411, 7);
INSERT INTO HorarioTrabalho (StaffID, HorarioID) VALUES (411, 9);
INSERT INTO HorarioTrabalho (StaffID, HorarioID) VALUES (411, 15);
INSERT INTO HorarioTrabalho (StaffID, HorarioID) VALUES (411, 21);
INSERT INTO HorarioTrabalho (StaffID, HorarioID) VALUES (411, 23);
INSERT INTO Pessoa (PessoaID, NumIdentificacao, Nome, Morada, Telefone, NumeroBeneficiario, Sexo, DataNascimento) VALUES (412, 37905106, "William Johnson", "morada", 942914863, 817804662, "M", "22/11/1978 05:12:51");
INSERT INTO Staff (PessoaID, CodigoIdentificacao, Especializacao) VALUES (412, 4819, 9);
INSERT INTO Medico (StaffID, Consultorio) VALUES (412, 185);
INSERT INTO HorarioTrabalho (StaffID, HorarioID) VALUES (412, 3);
INSERT INTO HorarioTrabalho (StaffID, HorarioID) VALUES (412, 12);
INSERT INTO HorarioTrabalho (StaffID, HorarioID) VALUES (412, 15);
INSERT INTO HorarioTrabalho (StaffID, HorarioID) VALUES (412, 20);
INSERT INTO Pessoa (PessoaID, NumIdentificacao, Nome, Morada, Telefone, NumeroBeneficiario, Sexo, DataNascimento) VALUES (413, 28873041, "Jin Pach", "morada", 966965905, 336969861, "F", "18/01/1999 03:08:42");
INSERT INTO Staff (PessoaID, CodigoIdentificacao, Especializacao) VALUES (413, 7719, 6);
INSERT INTO Medico (StaffID, Consultorio) VALUES (413, 140);
INSERT INTO HorarioTrabalho (StaffID, HorarioID) VALUES (413, 6);
INSERT INTO HorarioTrabalho (StaffID, HorarioID) VALUES (413, 15);
INSERT INTO HorarioTrabalho (StaffID, HorarioID) VALUES (413, 18);
INSERT INTO HorarioTrabalho (StaffID, HorarioID) VALUES (413, 23);
INSERT INTO HorarioTrabalho (StaffID, HorarioID) VALUES (413, 27);
INSERT INTO Pessoa (PessoaID, NumIdentificacao, Nome, Morada, Telefone, NumeroBeneficiario, Sexo, DataNascimento) VALUES (414, 64879628, "Masako Nava", "morada", 991676020, 851483591, "F", "30/04/2017 11:57:05");
INSERT INTO Staff (PessoaID, CodigoIdentificacao, Especializacao) VALUES (414, 2652, 4);
INSERT INTO Medico (StaffID, Consultorio) VALUES (414, 152);
INSERT INTO HorarioTrabalho (StaffID, HorarioID) VALUES (414, 1);
INSERT INTO HorarioTrabalho (StaffID, HorarioID) VALUES (414, 12);
INSERT INTO HorarioTrabalho (StaffID, HorarioID) VALUES (414, 15);
INSERT INTO HorarioTrabalho (StaffID, HorarioID) VALUES (414, 25);
INSERT INTO Pessoa (PessoaID, NumIdentificacao, Nome, Morada, Telefone, NumeroBeneficiario, Sexo, DataNascimento) VALUES (415, 34295948, "James Cloutier", "morada", 984388519, 447269388, "M", "21/11/2000 15:38:34");
INSERT INTO Staff (PessoaID, CodigoIdentificacao, Especializacao) VALUES (415, 7295, 46);
INSERT INTO Medico (StaffID, Consultorio) VALUES (415, 117);
INSERT INTO HorarioTrabalho (StaffID, HorarioID) VALUES (415, 1);
INSERT INTO HorarioTrabalho (StaffID, HorarioID) VALUES (415, 9);
INSERT INTO HorarioTrabalho (StaffID, HorarioID) VALUES (415, 17);
INSERT INTO HorarioTrabalho (StaffID, HorarioID) VALUES (415, 24);
INSERT INTO HorarioTrabalho (StaffID, HorarioID) VALUES (415, 26);
INSERT INTO Pessoa (PessoaID, NumIdentificacao, Nome, Morada, Telefone, NumeroBeneficiario, Sexo, DataNascimento) VALUES (416, 20801131, "Harvey Cuevas", "morada", 964621022, 631731571, "M", "31/01/2016 04:09:22");
INSERT INTO Staff (PessoaID, CodigoIdentificacao, Especializacao) VALUES (416, 6533, 49);
INSERT INTO Medico (StaffID, Consultorio) VALUES (416, 163);
INSERT INTO HorarioTrabalho (StaffID, HorarioID) VALUES (416, 1);
INSERT INTO HorarioTrabalho (StaffID, HorarioID) VALUES (416, 10);
INSERT INTO HorarioTrabalho (StaffID, HorarioID) VALUES (416, 24);
INSERT INTO HorarioTrabalho (StaffID, HorarioID) VALUES (416, 26);
INSERT INTO Pessoa (PessoaID, NumIdentificacao, Nome, Morada, Telefone, NumeroBeneficiario, Sexo, DataNascimento) VALUES (417, 88285585, "James Williams", "morada", 920285010, 819189725, "M", "17/04/1999 00:26:10");
INSERT INTO Staff (PessoaID, CodigoIdentificacao, Especializacao) VALUES (417, 9523, 1);
INSERT INTO Medico (StaffID, Consultorio) VALUES (417, 179);
INSERT INTO HorarioTrabalho (StaffID, HorarioID) VALUES (417, 3);
INSERT INTO Pessoa (PessoaID, NumIdentificacao, Nome, Morada, Telefone, NumeroBeneficiario, Sexo, DataNascimento) VALUES (418, 59575696, "Joann Dyer", "morada", 985364112, 167124720, "F", "21/07/1972 22:25:55");
INSERT INTO Staff (PessoaID, CodigoIdentificacao, Especializacao) VALUES (418, 1985, 44);
INSERT INTO Medico (StaffID, Consultorio) VALUES (418, 131);
INSERT INTO HorarioTrabalho (StaffID, HorarioID) VALUES (418, 3);
INSERT INTO HorarioTrabalho (StaffID, HorarioID) VALUES (418, 8);
INSERT INTO HorarioTrabalho (StaffID, HorarioID) VALUES (418, 16);
INSERT INTO HorarioTrabalho (StaffID, HorarioID) VALUES (418, 24);
INSERT INTO HorarioTrabalho (StaffID, HorarioID) VALUES (418, 26);
INSERT INTO Pessoa (PessoaID, NumIdentificacao, Nome, Morada, Telefone, NumeroBeneficiario, Sexo, DataNascimento) VALUES (419, 76262279, "Gloria Bullard", "morada", 989782097, 739639555, "F", "14/02/2005 22:23:22");
INSERT INTO Staff (PessoaID, CodigoIdentificacao, Especializacao) VALUES (419, 7166, 9);
INSERT INTO Medico (StaffID, Consultorio) VALUES (419, 193);
INSERT INTO HorarioTrabalho (StaffID, HorarioID) VALUES (419, 1);
INSERT INTO HorarioTrabalho (StaffID, HorarioID) VALUES (419, 5);
INSERT INTO HorarioTrabalho (StaffID, HorarioID) VALUES (419, 18);
INSERT INTO HorarioTrabalho (StaffID, HorarioID) VALUES (419, 29);
INSERT INTO Pessoa (PessoaID, NumIdentificacao, Nome, Morada, Telefone, NumeroBeneficiario, Sexo, DataNascimento) VALUES (420, 30182517, "Jared Mcfarland", "morada", 938217161, 178555975, "M", "12/02/2010 05:07:23");
INSERT INTO Staff (PessoaID, CodigoIdentificacao, Especializacao) VALUES (420, 1236, 45);
INSERT INTO Medico (StaffID, Consultorio) VALUES (420, 160);
INSERT INTO HorarioTrabalho (StaffID, HorarioID) VALUES (420, 9);
INSERT INTO HorarioTrabalho (StaffID, HorarioID) VALUES (420, 24);
INSERT INTO HorarioTrabalho (StaffID, HorarioID) VALUES (420, 27);
INSERT INTO Pessoa (PessoaID, NumIdentificacao, Nome, Morada, Telefone, NumeroBeneficiario, Sexo, DataNascimento) VALUES (421, 16744189, "Deborah Curtis", "morada", 993526569, 532613830, "F", "25/11/1980 03:30:26");
INSERT INTO Staff (PessoaID, CodigoIdentificacao, Especializacao) VALUES (421, 2251, 46);
INSERT INTO Medico (StaffID, Consultorio) VALUES (421, 244);
INSERT INTO HorarioTrabalho (StaffID, HorarioID) VALUES (421, 1);
INSERT INTO HorarioTrabalho (StaffID, HorarioID) VALUES (421, 9);
INSERT INTO HorarioTrabalho (StaffID, HorarioID) VALUES (421, 18);
INSERT INTO HorarioTrabalho (StaffID, HorarioID) VALUES (421, 27);
INSERT INTO Pessoa (PessoaID, NumIdentificacao, Nome, Morada, Telefone, NumeroBeneficiario, Sexo, DataNascimento) VALUES (422, 53323443, "Angela Young", "morada", 955983458, 630474226, "F", "04/04/1999 16:02:48");
INSERT INTO Staff (PessoaID, CodigoIdentificacao, Especializacao) VALUES (422, 4780, 37);
INSERT INTO Medico (StaffID, Consultorio) VALUES (422, 173);
INSERT INTO HorarioTrabalho (StaffID, HorarioID) VALUES (422, 7);
INSERT INTO HorarioTrabalho (StaffID, HorarioID) VALUES (422, 16);
INSERT INTO HorarioTrabalho (StaffID, HorarioID) VALUES (422, 22);
INSERT INTO HorarioTrabalho (StaffID, HorarioID) VALUES (422, 29);
INSERT INTO Pessoa (PessoaID, NumIdentificacao, Nome, Morada, Telefone, NumeroBeneficiario, Sexo, DataNascimento) VALUES (423, 18621469, "Jean Hastings", "morada", 947044705, 114943046, "F", "15/11/1990 03:50:59");
INSERT INTO Staff (PessoaID, CodigoIdentificacao, Especializacao) VALUES (423, 9508, 34);
INSERT INTO Medico (StaffID, Consultorio) VALUES (423, 229);
INSERT INTO HorarioTrabalho (StaffID, HorarioID) VALUES (423, 1);
INSERT INTO HorarioTrabalho (StaffID, HorarioID) VALUES (423, 6);
INSERT INTO HorarioTrabalho (StaffID, HorarioID) VALUES (423, 15);
INSERT INTO HorarioTrabalho (StaffID, HorarioID) VALUES (423, 27);
INSERT INTO Pessoa (PessoaID, NumIdentificacao, Nome, Morada, Telefone, NumeroBeneficiario, Sexo, DataNascimento) VALUES (424, 72528469, "Rhonda Fraser", "morada", 927460153, 147316288, "F", "18/10/1991 05:32:32");
INSERT INTO Staff (PessoaID, CodigoIdentificacao, Especializacao) VALUES (424, 7978, 31);
INSERT INTO Medico (StaffID, Consultorio) VALUES (424, 132);
INSERT INTO HorarioTrabalho (StaffID, HorarioID) VALUES (424, 2);
INSERT INTO HorarioTrabalho (StaffID, HorarioID) VALUES (424, 13);
INSERT INTO HorarioTrabalho (StaffID, HorarioID) VALUES (424, 19);
INSERT INTO HorarioTrabalho (StaffID, HorarioID) VALUES (424, 29);
INSERT INTO Pessoa (PessoaID, NumIdentificacao, Nome, Morada, Telefone, NumeroBeneficiario, Sexo, DataNascimento) VALUES (425, 40092189, "Marco Pittenger", "morada", 966515723, 570153290, "M", "09/06/1995 03:24:07");
INSERT INTO Staff (PessoaID, CodigoIdentificacao, Especializacao) VALUES (425, 3899, 23);
INSERT INTO Medico (StaffID, Consultorio) VALUES (425, 233);
INSERT INTO HorarioTrabalho (StaffID, HorarioID) VALUES (425, 7);
INSERT INTO HorarioTrabalho (StaffID, HorarioID) VALUES (425, 21);
INSERT INTO HorarioTrabalho (StaffID, HorarioID) VALUES (425, 23);
INSERT INTO HorarioTrabalho (StaffID, HorarioID) VALUES (425, 29);
INSERT INTO Pessoa (PessoaID, NumIdentificacao, Nome, Morada, Telefone, NumeroBeneficiario, Sexo, DataNascimento) VALUES (426, 22913815, "Alvin Andreasen", "morada", 928530215, 576555515, "M", "18/02/2000 21:55:58");
INSERT INTO Staff (PessoaID, CodigoIdentificacao, Especializacao) VALUES (426, 3835, 5);
INSERT INTO Medico (StaffID, Consultorio) VALUES (426, 112);
INSERT INTO HorarioTrabalho (StaffID, HorarioID) VALUES (426, 4);
INSERT INTO HorarioTrabalho (StaffID, HorarioID) VALUES (426, 19);
INSERT INTO HorarioTrabalho (StaffID, HorarioID) VALUES (426, 28);


-- Distribution of doctors to patients
INSERT INTO MedicoAtribuido (PacienteID, MedicoID) VALUES (2, 395);
INSERT INTO MedicoAtribuido (PacienteID, MedicoID) VALUES (3, 399);
INSERT INTO MedicoAtribuido (PacienteID, MedicoID) VALUES (6, 404);
INSERT INTO MedicoAtribuido (PacienteID, MedicoID) VALUES (7, 392);
INSERT INTO MedicoAtribuido (PacienteID, MedicoID) VALUES (8, 393);
INSERT INTO MedicoAtribuido (PacienteID, MedicoID) VALUES (9, 412);
INSERT INTO MedicoAtribuido (PacienteID, MedicoID) VALUES (11, 426);
INSERT INTO MedicoAtribuido (PacienteID, MedicoID) VALUES (16, 416);
INSERT INTO MedicoAtribuido (PacienteID, MedicoID) VALUES (21, 411);
INSERT INTO MedicoAtribuido (PacienteID, MedicoID) VALUES (22, 386);
INSERT INTO MedicoAtribuido (PacienteID, MedicoID) VALUES (24, 413);
INSERT INTO MedicoAtribuido (PacienteID, MedicoID) VALUES (26, 388);
INSERT INTO MedicoAtribuido (PacienteID, MedicoID) VALUES (27, 397);
INSERT INTO MedicoAtribuido (PacienteID, MedicoID) VALUES (31, 409);
INSERT INTO MedicoAtribuido (PacienteID, MedicoID) VALUES (34, 392);
INSERT INTO MedicoAtribuido (PacienteID, MedicoID) VALUES (35, 418);
INSERT INTO MedicoAtribuido (PacienteID, MedicoID) VALUES (39, 425);
INSERT INTO MedicoAtribuido (PacienteID, MedicoID) VALUES (41, 393);
INSERT INTO MedicoAtribuido (PacienteID, MedicoID) VALUES (44, 409);
INSERT INTO MedicoAtribuido (PacienteID, MedicoID) VALUES (45, 397);
INSERT INTO MedicoAtribuido (PacienteID, MedicoID) VALUES (49, 421);
INSERT INTO MedicoAtribuido (PacienteID, MedicoID) VALUES (50, 412);
INSERT INTO MedicoAtribuido (PacienteID, MedicoID) VALUES (58, 410);
INSERT INTO MedicoAtribuido (PacienteID, MedicoID) VALUES (62, 385);
INSERT INTO MedicoAtribuido (PacienteID, MedicoID) VALUES (69, 390);
INSERT INTO MedicoAtribuido (PacienteID, MedicoID) VALUES (71, 416);
INSERT INTO MedicoAtribuido (PacienteID, MedicoID) VALUES (73, 426);
INSERT INTO MedicoAtribuido (PacienteID, MedicoID) VALUES (76, 391);
INSERT INTO MedicoAtribuido (PacienteID, MedicoID) VALUES (77, 411);
INSERT INTO MedicoAtribuido (PacienteID, MedicoID) VALUES (78, 399);
INSERT INTO MedicoAtribuido (PacienteID, MedicoID) VALUES (79, 420);
INSERT INTO MedicoAtribuido (PacienteID, MedicoID) VALUES (81, 390);
INSERT INTO MedicoAtribuido (PacienteID, MedicoID) VALUES (83, 421);
INSERT INTO MedicoAtribuido (PacienteID, MedicoID) VALUES (85, 404);
INSERT INTO MedicoAtribuido (PacienteID, MedicoID) VALUES (86, 385);
INSERT INTO MedicoAtribuido (PacienteID, MedicoID) VALUES (90, 392);
INSERT INTO MedicoAtribuido (PacienteID, MedicoID) VALUES (91, 407);
INSERT INTO MedicoAtribuido (PacienteID, MedicoID) VALUES (94, 396);
INSERT INTO MedicoAtribuido (PacienteID, MedicoID) VALUES (97, 389);
INSERT INTO MedicoAtribuido (PacienteID, MedicoID) VALUES (98, 393);
INSERT INTO MedicoAtribuido (PacienteID, MedicoID) VALUES (99, 421);
INSERT INTO MedicoAtribuido (PacienteID, MedicoID) VALUES (102, 387);
INSERT INTO MedicoAtribuido (PacienteID, MedicoID) VALUES (103, 388);
INSERT INTO MedicoAtribuido (PacienteID, MedicoID) VALUES (104, 424);
INSERT INTO MedicoAtribuido (PacienteID, MedicoID) VALUES (105, 385);
INSERT INTO MedicoAtribuido (PacienteID, MedicoID) VALUES (106, 426);
INSERT INTO MedicoAtribuido (PacienteID, MedicoID) VALUES (107, 391);
INSERT INTO MedicoAtribuido (PacienteID, MedicoID) VALUES (108, 384);
INSERT INTO MedicoAtribuido (PacienteID, MedicoID) VALUES (109, 416);
INSERT INTO MedicoAtribuido (PacienteID, MedicoID) VALUES (110, 413);
INSERT INTO MedicoAtribuido (PacienteID, MedicoID) VALUES (111, 391);
INSERT INTO MedicoAtribuido (PacienteID, MedicoID) VALUES (112, 401);
INSERT INTO MedicoAtribuido (PacienteID, MedicoID) VALUES (115, 385);
INSERT INTO MedicoAtribuido (PacienteID, MedicoID) VALUES (116, 399);
INSERT INTO MedicoAtribuido (PacienteID, MedicoID) VALUES (122, 386);
INSERT INTO MedicoAtribuido (PacienteID, MedicoID) VALUES (123, 425);
INSERT INTO MedicoAtribuido (PacienteID, MedicoID) VALUES (128, 392);
INSERT INTO MedicoAtribuido (PacienteID, MedicoID) VALUES (131, 414);
INSERT INTO MedicoAtribuido (PacienteID, MedicoID) VALUES (132, 412);
INSERT INTO MedicoAtribuido (PacienteID, MedicoID) VALUES (133, 390);
INSERT INTO MedicoAtribuido (PacienteID, MedicoID) VALUES (134, 400);
INSERT INTO MedicoAtribuido (PacienteID, MedicoID) VALUES (137, 420);
INSERT INTO MedicoAtribuido (PacienteID, MedicoID) VALUES (139, 406);
INSERT INTO MedicoAtribuido (PacienteID, MedicoID) VALUES (141, 407);
INSERT INTO MedicoAtribuido (PacienteID, MedicoID) VALUES (142, 426);
INSERT INTO MedicoAtribuido (PacienteID, MedicoID) VALUES (144, 408);
INSERT INTO MedicoAtribuido (PacienteID, MedicoID) VALUES (145, 405);
INSERT INTO MedicoAtribuido (PacienteID, MedicoID) VALUES (148, 421);
INSERT INTO MedicoAtribuido (PacienteID, MedicoID) VALUES (151, 389);
INSERT INTO MedicoAtribuido (PacienteID, MedicoID) VALUES (157, 397);
INSERT INTO MedicoAtribuido (PacienteID, MedicoID) VALUES (158, 422);
INSERT INTO MedicoAtribuido (PacienteID, MedicoID) VALUES (159, 418);
INSERT INTO MedicoAtribuido (PacienteID, MedicoID) VALUES (161, 418);
INSERT INTO MedicoAtribuido (PacienteID, MedicoID) VALUES (164, 424);
INSERT INTO MedicoAtribuido (PacienteID, MedicoID) VALUES (168, 394);
INSERT INTO MedicoAtribuido (PacienteID, MedicoID) VALUES (169, 392);
INSERT INTO MedicoAtribuido (PacienteID, MedicoID) VALUES (170, 413);
INSERT INTO MedicoAtribuido (PacienteID, MedicoID) VALUES (171, 411);
INSERT INTO MedicoAtribuido (PacienteID, MedicoID) VALUES (172, 416);
INSERT INTO MedicoAtribuido (PacienteID, MedicoID) VALUES (173, 422);
INSERT INTO MedicoAtribuido (PacienteID, MedicoID) VALUES (174, 388);
INSERT INTO MedicoAtribuido (PacienteID, MedicoID) VALUES (175, 395);
INSERT INTO MedicoAtribuido (PacienteID, MedicoID) VALUES (176, 425);
INSERT INTO MedicoAtribuido (PacienteID, MedicoID) VALUES (177, 423);
INSERT INTO MedicoAtribuido (PacienteID, MedicoID) VALUES (178, 394);
INSERT INTO MedicoAtribuido (PacienteID, MedicoID) VALUES (180, 401);
INSERT INTO MedicoAtribuido (PacienteID, MedicoID) VALUES (182, 386);
INSERT INTO MedicoAtribuido (PacienteID, MedicoID) VALUES (183, 400);
INSERT INTO MedicoAtribuido (PacienteID, MedicoID) VALUES (185, 420);
INSERT INTO MedicoAtribuido (PacienteID, MedicoID) VALUES (186, 421);
INSERT INTO MedicoAtribuido (PacienteID, MedicoID) VALUES (187, 412);
INSERT INTO MedicoAtribuido (PacienteID, MedicoID) VALUES (189, 394);
INSERT INTO MedicoAtribuido (PacienteID, MedicoID) VALUES (190, 419);
INSERT INTO MedicoAtribuido (PacienteID, MedicoID) VALUES (193, 414);
INSERT INTO MedicoAtribuido (PacienteID, MedicoID) VALUES (194, 388);
INSERT INTO MedicoAtribuido (PacienteID, MedicoID) VALUES (199, 402);
INSERT INTO MedicoAtribuido (PacienteID, MedicoID) VALUES (200, 388);
INSERT INTO MedicoAtribuido (PacienteID, MedicoID) VALUES (203, 385);
INSERT INTO MedicoAtribuido (PacienteID, MedicoID) VALUES (205, 397);
INSERT INTO MedicoAtribuido (PacienteID, MedicoID) VALUES (208, 387);
INSERT INTO MedicoAtribuido (PacienteID, MedicoID) VALUES (211, 424);
INSERT INTO MedicoAtribuido (PacienteID, MedicoID) VALUES (215, 406);
INSERT INTO MedicoAtribuido (PacienteID, MedicoID) VALUES (216, 385);
INSERT INTO MedicoAtribuido (PacienteID, MedicoID) VALUES (217, 416);
INSERT INTO MedicoAtribuido (PacienteID, MedicoID) VALUES (218, 412);
INSERT INTO MedicoAtribuido (PacienteID, MedicoID) VALUES (219, 385);
INSERT INTO MedicoAtribuido (PacienteID, MedicoID) VALUES (223, 398);
INSERT INTO MedicoAtribuido (PacienteID, MedicoID) VALUES (224, 395);
INSERT INTO MedicoAtribuido (PacienteID, MedicoID) VALUES (227, 421);
INSERT INTO MedicoAtribuido (PacienteID, MedicoID) VALUES (230, 393);
INSERT INTO MedicoAtribuido (PacienteID, MedicoID) VALUES (233, 406);
INSERT INTO MedicoAtribuido (PacienteID, MedicoID) VALUES (234, 388);
INSERT INTO MedicoAtribuido (PacienteID, MedicoID) VALUES (238, 418);
INSERT INTO MedicoAtribuido (PacienteID, MedicoID) VALUES (240, 426);
INSERT INTO MedicoAtribuido (PacienteID, MedicoID) VALUES (242, 426);
INSERT INTO MedicoAtribuido (PacienteID, MedicoID) VALUES (243, 409);
INSERT INTO MedicoAtribuido (PacienteID, MedicoID) VALUES (244, 413);
INSERT INTO MedicoAtribuido (PacienteID, MedicoID) VALUES (246, 397);
INSERT INTO MedicoAtribuido (PacienteID, MedicoID) VALUES (247, 390);
INSERT INTO MedicoAtribuido (PacienteID, MedicoID) VALUES (248, 417);
INSERT INTO MedicoAtribuido (PacienteID, MedicoID) VALUES (249, 396);
INSERT INTO MedicoAtribuido (PacienteID, MedicoID) VALUES (250, 403);
INSERT INTO MedicoAtribuido (PacienteID, MedicoID) VALUES (251, 400);
INSERT INTO MedicoAtribuido (PacienteID, MedicoID) VALUES (252, 383);
INSERT INTO MedicoAtribuido (PacienteID, MedicoID) VALUES (255, 414);
INSERT INTO MedicoAtribuido (PacienteID, MedicoID) VALUES (257, 401);
INSERT INTO MedicoAtribuido (PacienteID, MedicoID) VALUES (259, 396);
INSERT INTO MedicoAtribuido (PacienteID, MedicoID) VALUES (260, 405);
INSERT INTO MedicoAtribuido (PacienteID, MedicoID) VALUES (261, 395);
INSERT INTO MedicoAtribuido (PacienteID, MedicoID) VALUES (262, 417);
INSERT INTO MedicoAtribuido (PacienteID, MedicoID) VALUES (264, 412);
INSERT INTO MedicoAtribuido (PacienteID, MedicoID) VALUES (266, 390);
INSERT INTO MedicoAtribuido (PacienteID, MedicoID) VALUES (269, 408);
INSERT INTO MedicoAtribuido (PacienteID, MedicoID) VALUES (270, 391);
INSERT INTO MedicoAtribuido (PacienteID, MedicoID) VALUES (271, 426);
INSERT INTO MedicoAtribuido (PacienteID, MedicoID) VALUES (272, 405);
INSERT INTO MedicoAtribuido (PacienteID, MedicoID) VALUES (273, 410);
INSERT INTO MedicoAtribuido (PacienteID, MedicoID) VALUES (275, 393);
INSERT INTO MedicoAtribuido (PacienteID, MedicoID) VALUES (276, 407);
INSERT INTO MedicoAtribuido (PacienteID, MedicoID) VALUES (278, 412);
INSERT INTO MedicoAtribuido (PacienteID, MedicoID) VALUES (279, 397);
INSERT INTO MedicoAtribuido (PacienteID, MedicoID) VALUES (281, 416);
INSERT INTO MedicoAtribuido (PacienteID, MedicoID) VALUES (283, 425);
INSERT INTO MedicoAtribuido (PacienteID, MedicoID) VALUES (286, 400);
INSERT INTO MedicoAtribuido (PacienteID, MedicoID) VALUES (287, 407);
INSERT INTO MedicoAtribuido (PacienteID, MedicoID) VALUES (290, 396);
INSERT INTO MedicoAtribuido (PacienteID, MedicoID) VALUES (291, 385);
INSERT INTO MedicoAtribuido (PacienteID, MedicoID) VALUES (292, 414);
INSERT INTO MedicoAtribuido (PacienteID, MedicoID) VALUES (294, 410);
INSERT INTO MedicoAtribuido (PacienteID, MedicoID) VALUES (296, 412);
INSERT INTO MedicoAtribuido (PacienteID, MedicoID) VALUES (298, 385);
INSERT INTO MedicoAtribuido (PacienteID, MedicoID) VALUES (299, 425);
INSERT INTO MedicoAtribuido (PacienteID, MedicoID) VALUES (300, 402);

-- Departments
INSERT INTO Departamento (NumIdentificador,Nome,Responsavel) VALUES (1,"Cardiologia",311);
INSERT INTO Departamento (NumIdentificador,Nome,Responsavel) VALUES (2,"Triagem de mama",352);
INSERT INTO Departamento (NumIdentificador,Nome,Responsavel) VALUES (3,"Diagnóstico por imagem",389);
INSERT INTO Departamento (NumIdentificador,Nome,Responsavel) VALUES (4,"Otorrinolaringologia",360);
INSERT INTO Departamento (NumIdentificador,Nome,Responsavel) VALUES (5,"Geriatria",406);
INSERT INTO Departamento (NumIdentificador,Nome,Responsavel) VALUES (6,"Gastroenterologia",383);
INSERT INTO Departamento (NumIdentificador,Nome,Responsavel) VALUES (7,"Cirurgia geral",301);
INSERT INTO Departamento (NumIdentificador,Nome,Responsavel) VALUES (8,"Ginecologia",367);
INSERT INTO Departamento (NumIdentificador,Nome,Responsavel) VALUES (9,"Maternidade",323);
INSERT INTO Departamento (NumIdentificador,Nome,Responsavel) VALUES (10,"Microbiologia",314);
INSERT INTO Departamento (NumIdentificador,Nome,Responsavel) VALUES (11,"Neurologia",309);
INSERT INTO Departamento (NumIdentificador,Nome,Responsavel) VALUES (12,"Nutrição",302);
INSERT INTO Departamento (NumIdentificador,Nome,Responsavel) VALUES (13,"Obstetrícia",368);
INSERT INTO Departamento (NumIdentificador,Nome,Responsavel) VALUES (14,"Terapia Ocupacional",324);
INSERT INTO Departamento (NumIdentificador,Nome,Responsavel) VALUES (15,"Oncologia",387);
INSERT INTO Departamento (NumIdentificador,Nome,Responsavel) VALUES (16,"Oftalmologia",364);
INSERT INTO Departamento (NumIdentificador,Nome,Responsavel) VALUES (17,"Ortopedia",348);
INSERT INTO Departamento (NumIdentificador,Nome,Responsavel) VALUES (18,"Farmacologia",315);
INSERT INTO Departamento (NumIdentificador,Nome,Responsavel) VALUES (19,"Fisioterapia",318);
INSERT INTO Departamento (NumIdentificador,Nome,Responsavel) VALUES (20,"Radioterapia",390);
INSERT INTO Departamento (NumIdentificador,Nome,Responsavel) VALUES (21,"Unidade Renal",370);
INSERT INTO Departamento (NumIdentificador,Nome,Responsavel) VALUES (22,"Reumatologia",371);
INSERT INTO Departamento (NumIdentificador,Nome,Responsavel) VALUES (23,"Saude Sexual",372);
INSERT INTO Departamento (NumIdentificador,Nome,Responsavel) VALUES (24,"Urologia",377);

-- Admission
INSERT INTO Admissao (AdmissaoID, Data, Urgencia, Prioridade, Paciente) VALUES (1, "10/11/1986 20:46:41", 3, 3, 121);
INSERT INTO Admissao (AdmissaoID, Data, Urgencia, Prioridade, Paciente) VALUES (2, "21/7/1998 7:14:17", 2, 0, 198);
INSERT INTO Admissao (AdmissaoID, Data, Urgencia, Prioridade, Paciente) VALUES (3, "19/2/1973 16:22:28", 3, 3, 279);
INSERT INTO Admissao (AdmissaoID, Data, Urgencia, Prioridade, Paciente) VALUES (4, "19/2/2007 19:35:21", 1, 1, 133);
INSERT INTO Admissao (AdmissaoID, Data, Urgencia, Prioridade, Paciente) VALUES (5, "27/8/2005 12:52:49", 3, 1, 25);
INSERT INTO Admissao (AdmissaoID, Data, Urgencia, Prioridade, Paciente) VALUES (6, "13/9/1987 11:52:47", 1, 2, 77);
INSERT INTO Admissao (AdmissaoID, Data, Urgencia, Prioridade, Paciente) VALUES (7, "14/8/2014 19:54:31", 1, 3, 290);
INSERT INTO Admissao (AdmissaoID, Data, Urgencia, Prioridade, Paciente) VALUES (8, "13/4/1965 14:43:38", 3, 2, 189);
INSERT INTO Admissao (AdmissaoID, Data, Urgencia, Prioridade, Paciente) VALUES (9, "7/1/2002 4:3:14", 0, 3, 107);
INSERT INTO Admissao (AdmissaoID, Data, Urgencia, Prioridade, Paciente) VALUES (10, "27/3/1967 6:14:50", 1, 1, 100);
INSERT INTO Admissao (AdmissaoID, Data, Urgencia, Prioridade, Paciente) VALUES (11, "7/8/1999 15:16:39", 1, 3, 134);
INSERT INTO Admissao (AdmissaoID, Data, Urgencia, Prioridade, Paciente) VALUES (12, "11/1/1962 14:21:35", 3, 0, 74);
INSERT INTO Admissao (AdmissaoID, Data, Urgencia, Prioridade, Paciente) VALUES (13, "28/5/1991 9:43:29", 1, 2, 70);
INSERT INTO Admissao (AdmissaoID, Data, Urgencia, Prioridade, Paciente) VALUES (14, "7/2/1995 5:55:50", 1, 0, 87);
INSERT INTO Admissao (AdmissaoID, Data, Urgencia, Prioridade, Paciente) VALUES (15, "11/12/1969 20:35:58", 3, 1, 239);
INSERT INTO Admissao (AdmissaoID, Data, Urgencia, Prioridade, Paciente) VALUES (16, "17/4/2011 10:9:20", 3, 2, 297);
INSERT INTO Admissao (AdmissaoID, Data, Urgencia, Prioridade, Paciente) VALUES (17, "21/3/2012 7:31:34", 1, 3, 17);
INSERT INTO Admissao (AdmissaoID, Data, Urgencia, Prioridade, Paciente) VALUES (18, "5/3/1967 2:23:57", 3, 3, 116);
INSERT INTO Admissao (AdmissaoID, Data, Urgencia, Prioridade, Paciente) VALUES (19, "1/1/1987 21:48:27", 1, 2, 116);
INSERT INTO Admissao (AdmissaoID, Data, Urgencia, Prioridade, Paciente) VALUES (20, "14/12/1995 9:54:19", 1, 1, 12);
INSERT INTO Admissao (AdmissaoID, Data, Urgencia, Prioridade, Paciente) VALUES (21, "20/9/1979 23:19:15", 1, 1, 250);
INSERT INTO Admissao (AdmissaoID, Data, Urgencia, Prioridade, Paciente) VALUES (22, "5/12/1999 0:9:23", 0, 2, 211);
INSERT INTO Admissao (AdmissaoID, Data, Urgencia, Prioridade, Paciente) VALUES (23, "2/7/2014 11:10:59", 0, 1, 273);
INSERT INTO Admissao (AdmissaoID, Data, Urgencia, Prioridade, Paciente) VALUES (24, "21/4/2004 11:16:32", 2, 2, 6);
INSERT INTO Admissao (AdmissaoID, Data, Urgencia, Prioridade, Paciente) VALUES (25, "11/9/2001 4:8:30", 0, 1, 89);
INSERT INTO Admissao (AdmissaoID, Data, Urgencia, Prioridade, Paciente) VALUES (26, "4/7/2015 12:47:0", 3, 1, 65);
INSERT INTO Admissao (AdmissaoID, Data, Urgencia, Prioridade, Paciente) VALUES (27, "28/8/2003 14:15:8", 2, 1, 2);
INSERT INTO Admissao (AdmissaoID, Data, Urgencia, Prioridade, Paciente) VALUES (28, "6/8/1993 3:10:7", 3, 3, 2);
INSERT INTO Admissao (AdmissaoID, Data, Urgencia, Prioridade, Paciente) VALUES (29, "25/3/2012 22:7:21", 3, 2, 282);
INSERT INTO Admissao (AdmissaoID, Data, Urgencia, Prioridade, Paciente) VALUES (30, "25/2/2009 6:38:50", 1, 3, 141);
INSERT INTO Admissao (AdmissaoID, Data, Urgencia, Prioridade, Paciente) VALUES (31, "13/8/2000 21:52:38", 0, 1, 153);
INSERT INTO Admissao (AdmissaoID, Data, Urgencia, Prioridade, Paciente) VALUES (32, "19/7/1985 9:17:21", 3, 2, 180);
INSERT INTO Admissao (AdmissaoID, Data, Urgencia, Prioridade, Paciente) VALUES (33, "25/7/1963 10:42:59", 0, 2, 288);
INSERT INTO Admissao (AdmissaoID, Data, Urgencia, Prioridade, Paciente) VALUES (34, "14/8/1962 10:55:15", 0, 2, 172);
INSERT INTO Admissao (AdmissaoID, Data, Urgencia, Prioridade, Paciente) VALUES (35, "18/9/2003 5:51:30", 0, 2, 175);
INSERT INTO Admissao (AdmissaoID, Data, Urgencia, Prioridade, Paciente) VALUES (36, "23/8/2016 1:39:32", 3, 0, 250);
INSERT INTO Admissao (AdmissaoID, Data, Urgencia, Prioridade, Paciente) VALUES (37, "23/11/2014 3:50:31", 2, 1, 239);
INSERT INTO Admissao (AdmissaoID, Data, Urgencia, Prioridade, Paciente) VALUES (38, "3/9/1972 0:41:19", 3, 1, 135);
INSERT INTO Admissao (AdmissaoID, Data, Urgencia, Prioridade, Paciente) VALUES (39, "5/1/1962 17:14:19", 3, 3, 114);
INSERT INTO Admissao (AdmissaoID, Data, Urgencia, Prioridade, Paciente) VALUES (40, "20/6/2012 13:35:19", 1, 1, 217);
INSERT INTO Admissao (AdmissaoID, Data, Urgencia, Prioridade, Paciente) VALUES (41, "14/8/1988 11:13:56", 3, 0, 70);
INSERT INTO Admissao (AdmissaoID, Data, Urgencia, Prioridade, Paciente) VALUES (42, "3/9/1987 4:53:49", 2, 0, 169);
INSERT INTO Admissao (AdmissaoID, Data, Urgencia, Prioridade, Paciente) VALUES (43, "22/7/1978 7:23:46", 1, 3, 17);
INSERT INTO Admissao (AdmissaoID, Data, Urgencia, Prioridade, Paciente) VALUES (44, "11/8/2003 7:6:6", 2, 3, 47);
INSERT INTO Admissao (AdmissaoID, Data, Urgencia, Prioridade, Paciente) VALUES (45, "13/4/1994 5:50:29", 2, 0, 30);
INSERT INTO Admissao (AdmissaoID, Data, Urgencia, Prioridade, Paciente) VALUES (46, "16/12/1983 16:8:38", 0, 3, 200);
INSERT INTO Admissao (AdmissaoID, Data, Urgencia, Prioridade, Paciente) VALUES (47, "23/11/2006 20:24:56", 0, 0, 67);
INSERT INTO Admissao (AdmissaoID, Data, Urgencia, Prioridade, Paciente) VALUES (48, "18/3/2009 12:32:2", 2, 3, 71);
INSERT INTO Admissao (AdmissaoID, Data, Urgencia, Prioridade, Paciente) VALUES (49, "5/10/1983 18:12:23", 1, 2, 141);
INSERT INTO Admissao (AdmissaoID, Data, Urgencia, Prioridade, Paciente) VALUES (50, "6/9/1983 13:53:50", 1, 0, 270);
INSERT INTO Admissao (AdmissaoID, Data, Urgencia, Prioridade, Paciente) VALUES (51, "3/1/1987 7:42:58", 2, 2, 72);
INSERT INTO Admissao (AdmissaoID, Data, Urgencia, Prioridade, Paciente) VALUES (52, "11/2/1969 6:32:33", 0, 2, 154);
INSERT INTO Admissao (AdmissaoID, Data, Urgencia, Prioridade, Paciente) VALUES (53, "28/6/2014 14:20:22", 3, 3, 7);
INSERT INTO Admissao (AdmissaoID, Data, Urgencia, Prioridade, Paciente) VALUES (54, "12/6/1998 15:43:19", 1, 0, 175);
INSERT INTO Admissao (AdmissaoID, Data, Urgencia, Prioridade, Paciente) VALUES (55, "13/7/1976 12:12:5", 2, 1, 208);
INSERT INTO Admissao (AdmissaoID, Data, Urgencia, Prioridade, Paciente) VALUES (56, "13/2/1995 7:34:24", 3, 0, 123);
INSERT INTO Admissao (AdmissaoID, Data, Urgencia, Prioridade, Paciente) VALUES (57, "17/3/1985 21:18:8", 1, 1, 84);
INSERT INTO Admissao (AdmissaoID, Data, Urgencia, Prioridade, Paciente) VALUES (58, "25/10/1992 17:39:39", 3, 0, 245);
INSERT INTO Admissao (AdmissaoID, Data, Urgencia, Prioridade, Paciente) VALUES (59, "20/7/1968 1:53:45", 3, 0, 260);
INSERT INTO Admissao (AdmissaoID, Data, Urgencia, Prioridade, Paciente) VALUES (60, "18/3/1971 19:8:16", 0, 1, 89);
INSERT INTO Admissao (AdmissaoID, Data, Urgencia, Prioridade, Paciente) VALUES (61, "9/9/1972 2:55:18", 1, 2, 206);
INSERT INTO Admissao (AdmissaoID, Data, Urgencia, Prioridade, Paciente) VALUES (62, "1/8/2014 20:55:6", 1, 0, 21);
INSERT INTO Admissao (AdmissaoID, Data, Urgencia, Prioridade, Paciente) VALUES (63, "23/12/1971 15:11:37", 0, 3, 272);
INSERT INTO Admissao (AdmissaoID, Data, Urgencia, Prioridade, Paciente) VALUES (64, "2/6/2004 18:6:26", 3, 0, 34);
INSERT INTO Admissao (AdmissaoID, Data, Urgencia, Prioridade, Paciente) VALUES (65, "15/11/1973 18:9:51", 3, 3, 226);
INSERT INTO Admissao (AdmissaoID, Data, Urgencia, Prioridade, Paciente) VALUES (66, "27/5/1985 7:11:17", 2, 1, 167);
INSERT INTO Admissao (AdmissaoID, Data, Urgencia, Prioridade, Paciente) VALUES (67, "7/3/1991 21:8:15", 1, 2, 165);
INSERT INTO Admissao (AdmissaoID, Data, Urgencia, Prioridade, Paciente) VALUES (68, "19/11/1967 20:26:44", 3, 1, 197);
INSERT INTO Admissao (AdmissaoID, Data, Urgencia, Prioridade, Paciente) VALUES (69, "10/5/1978 5:2:43", 0, 0, 198);
INSERT INTO Admissao (AdmissaoID, Data, Urgencia, Prioridade, Paciente) VALUES (70, "25/2/1974 11:51:12", 1, 2, 154);
INSERT INTO Admissao (AdmissaoID, Data, Urgencia, Prioridade, Paciente) VALUES (71, "8/1/1972 5:37:25", 3, 1, 76);
INSERT INTO Admissao (AdmissaoID, Data, Urgencia, Prioridade, Paciente) VALUES (72, "23/3/1979 7:39:29", 1, 0, 144);
INSERT INTO Admissao (AdmissaoID, Data, Urgencia, Prioridade, Paciente) VALUES (73, "6/5/1973 23:29:21", 3, 0, 32);
INSERT INTO Admissao (AdmissaoID, Data, Urgencia, Prioridade, Paciente) VALUES (74, "27/10/1960 22:38:3", 2, 2, 11);
INSERT INTO Admissao (AdmissaoID, Data, Urgencia, Prioridade, Paciente) VALUES (75, "6/6/2004 22:46:25", 1, 2, 50);
INSERT INTO Admissao (AdmissaoID, Data, Urgencia, Prioridade, Paciente) VALUES (76, "20/5/1979 1:28:34", 0, 0, 20);
INSERT INTO Admissao (AdmissaoID, Data, Urgencia, Prioridade, Paciente) VALUES (77, "23/6/1978 20:1:3", 1, 3, 7);
INSERT INTO Admissao (AdmissaoID, Data, Urgencia, Prioridade, Paciente) VALUES (78, "27/12/1991 14:8:42", 1, 0, 146);
INSERT INTO Admissao (AdmissaoID, Data, Urgencia, Prioridade, Paciente) VALUES (79, "10/2/1975 22:40:20", 2, 1, 82);
INSERT INTO Admissao (AdmissaoID, Data, Urgencia, Prioridade, Paciente) VALUES (80, "18/2/1995 11:27:45", 1, 3, 1);
INSERT INTO Admissao (AdmissaoID, Data, Urgencia, Prioridade, Paciente) VALUES (81, "7/5/1994 5:20:49", 1, 3, 111);
INSERT INTO Admissao (AdmissaoID, Data, Urgencia, Prioridade, Paciente) VALUES (82, "14/8/1965 6:28:43", 1, 3, 278);
INSERT INTO Admissao (AdmissaoID, Data, Urgencia, Prioridade, Paciente) VALUES (83, "20/8/1992 14:49:57", 2, 0, 36);
INSERT INTO Admissao (AdmissaoID, Data, Urgencia, Prioridade, Paciente) VALUES (84, "5/2/2014 5:22:46", 2, 0, 230);
INSERT INTO Admissao (AdmissaoID, Data, Urgencia, Prioridade, Paciente) VALUES (85, "26/8/2006 22:25:38", 2, 1, 148);
INSERT INTO Admissao (AdmissaoID, Data, Urgencia, Prioridade, Paciente) VALUES (86, "14/3/1981 19:45:1", 2, 3, 192);
INSERT INTO Admissao (AdmissaoID, Data, Urgencia, Prioridade, Paciente) VALUES (87, "13/10/1998 15:37:21", 0, 3, 1);
INSERT INTO Admissao (AdmissaoID, Data, Urgencia, Prioridade, Paciente) VALUES (88, "2/5/1963 14:10:30", 3, 3, 28);
INSERT INTO Admissao (AdmissaoID, Data, Urgencia, Prioridade, Paciente) VALUES (89, "28/2/2006 19:15:56", 3, 0, 137);
INSERT INTO Admissao (AdmissaoID, Data, Urgencia, Prioridade, Paciente) VALUES (90, "24/6/1988 23:33:44", 3, 2, 124);
INSERT INTO Admissao (AdmissaoID, Data, Urgencia, Prioridade, Paciente) VALUES (91, "5/7/1995 15:17:8", 0, 1, 162);
INSERT INTO Admissao (AdmissaoID, Data, Urgencia, Prioridade, Paciente) VALUES (92, "13/1/1970 13:8:9", 2, 1, 250);
INSERT INTO Admissao (AdmissaoID, Data, Urgencia, Prioridade, Paciente) VALUES (93, "26/7/1984 16:35:46", 2, 0, 262);
INSERT INTO Admissao (AdmissaoID, Data, Urgencia, Prioridade, Paciente) VALUES (94, "24/5/1993 22:53:39", 0, 3, 292);
INSERT INTO Admissao (AdmissaoID, Data, Urgencia, Prioridade, Paciente) VALUES (95, "12/6/1994 1:52:22", 0, 3, 222);
INSERT INTO Admissao (AdmissaoID, Data, Urgencia, Prioridade, Paciente) VALUES (96, "17/4/1992 22:33:10", 1, 3, 137);
INSERT INTO Admissao (AdmissaoID, Data, Urgencia, Prioridade, Paciente) VALUES (97, "10/7/2016 18:34:10", 2, 3, 40);
INSERT INTO Admissao (AdmissaoID, Data, Urgencia, Prioridade, Paciente) VALUES (98, "20/10/2009 15:2:57", 1, 0, 160);
INSERT INTO Admissao (AdmissaoID, Data, Urgencia, Prioridade, Paciente) VALUES (99, "12/12/1990 15:59:8", 1, 0, 73);
INSERT INTO Admissao (AdmissaoID, Data, Urgencia, Prioridade, Paciente) VALUES (100, "22/9/1986 12:25:22", 0, 1, 240);
INSERT INTO Admissao (AdmissaoID, Data, Urgencia, Prioridade, Paciente) VALUES (101, "11/2/1962 19:37:33", 3, 0, 184);
INSERT INTO Admissao (AdmissaoID, Data, Urgencia, Prioridade, Paciente) VALUES (102, "15/2/2002 16:34:52", 0, 1, 225);
INSERT INTO Admissao (AdmissaoID, Data, Urgencia, Prioridade, Paciente) VALUES (103, "5/5/2015 20:48:12", 2, 0, 130);
INSERT INTO Admissao (AdmissaoID, Data, Urgencia, Prioridade, Paciente) VALUES (104, "14/5/2001 15:57:44", 2, 0, 106);
INSERT INTO Admissao (AdmissaoID, Data, Urgencia, Prioridade, Paciente) VALUES (105, "28/6/2008 21:3:15", 0, 1, 178);
INSERT INTO Admissao (AdmissaoID, Data, Urgencia, Prioridade, Paciente) VALUES (106, "4/5/1984 15:45:14", 3, 2, 282);
INSERT INTO Admissao (AdmissaoID, Data, Urgencia, Prioridade, Paciente) VALUES (107, "6/5/1965 4:15:25", 3, 3, 50);
INSERT INTO Admissao (AdmissaoID, Data, Urgencia, Prioridade, Paciente) VALUES (108, "7/9/2001 4:16:53", 3, 2, 113);
INSERT INTO Admissao (AdmissaoID, Data, Urgencia, Prioridade, Paciente) VALUES (109, "7/2/2015 15:37:28", 0, 0, 116);
INSERT INTO Admissao (AdmissaoID, Data, Urgencia, Prioridade, Paciente) VALUES (110, "21/10/2007 23:47:55", 3, 0, 249);
INSERT INTO Admissao (AdmissaoID, Data, Urgencia, Prioridade, Paciente) VALUES (111, "18/5/1969 20:56:13", 0, 3, 23);
INSERT INTO Admissao (AdmissaoID, Data, Urgencia, Prioridade, Paciente) VALUES (112, "28/12/2016 20:56:58", 1, 2, 141);
INSERT INTO Admissao (AdmissaoID, Data, Urgencia, Prioridade, Paciente) VALUES (113, "23/3/1973 15:9:44", 0, 1, 72);
INSERT INTO Admissao (AdmissaoID, Data, Urgencia, Prioridade, Paciente) VALUES (114, "20/5/1965 17:51:27", 3, 1, 183);
INSERT INTO Admissao (AdmissaoID, Data, Urgencia, Prioridade, Paciente) VALUES (115, "21/12/1968 15:20:50", 0, 1, 36);
INSERT INTO Admissao (AdmissaoID, Data, Urgencia, Prioridade, Paciente) VALUES (116, "20/6/1976 16:41:54", 3, 0, 136);
INSERT INTO Admissao (AdmissaoID, Data, Urgencia, Prioridade, Paciente) VALUES (117, "13/11/1994 17:37:21", 0, 0, 45);
INSERT INTO Admissao (AdmissaoID, Data, Urgencia, Prioridade, Paciente) VALUES (118, "7/3/2014 8:56:8", 3, 0, 295);
INSERT INTO Admissao (AdmissaoID, Data, Urgencia, Prioridade, Paciente) VALUES (119, "16/5/2016 15:27:30", 3, 2, 287);
INSERT INTO Admissao (AdmissaoID, Data, Urgencia, Prioridade, Paciente) VALUES (120, "22/4/2006 13:4:51", 3, 1, 249);
INSERT INTO Admissao (AdmissaoID, Data, Urgencia, Prioridade, Paciente) VALUES (121, "16/12/2007 5:53:42", 3, 2, 169);
INSERT INTO Admissao (AdmissaoID, Data, Urgencia, Prioridade, Paciente) VALUES (122, "14/9/1981 15:28:24", 1, 1, 192);
INSERT INTO Admissao (AdmissaoID, Data, Urgencia, Prioridade, Paciente) VALUES (123, "21/11/1991 14:42:6", 1, 1, 63);
INSERT INTO Admissao (AdmissaoID, Data, Urgencia, Prioridade, Paciente) VALUES (124, "7/3/1993 6:52:38", 2, 3, 240);
INSERT INTO Admissao (AdmissaoID, Data, Urgencia, Prioridade, Paciente) VALUES (125, "17/4/2008 9:51:50", 2, 3, 266);
INSERT INTO Admissao (AdmissaoID, Data, Urgencia, Prioridade, Paciente) VALUES (126, "11/2/1980 5:22:4", 2, 2, 113);
INSERT INTO Admissao (AdmissaoID, Data, Urgencia, Prioridade, Paciente) VALUES (127, "19/7/2007 7:10:6", 0, 2, 95);
INSERT INTO Admissao (AdmissaoID, Data, Urgencia, Prioridade, Paciente) VALUES (128, "6/12/2008 12:8:41", 2, 2, 111);
INSERT INTO Admissao (AdmissaoID, Data, Urgencia, Prioridade, Paciente) VALUES (129, "26/3/1980 10:1:15", 3, 1, 229);
INSERT INTO Admissao (AdmissaoID, Data, Urgencia, Prioridade, Paciente) VALUES (130, "6/1/2019 22:43:16", 3, 1, 231);
INSERT INTO Admissao (AdmissaoID, Data, Urgencia, Prioridade, Paciente) VALUES (131, "21/11/2013 19:18:35", 1, 0, 213);
INSERT INTO Admissao (AdmissaoID, Data, Urgencia, Prioridade, Paciente) VALUES (132, "4/4/1964 1:23:25", 3, 2, 169);
INSERT INTO Admissao (AdmissaoID, Data, Urgencia, Prioridade, Paciente) VALUES (133, "8/1/1995 12:15:4", 0, 3, 275);
INSERT INTO Admissao (AdmissaoID, Data, Urgencia, Prioridade, Paciente) VALUES (134, "27/1/1968 9:28:49", 0, 1, 206);
INSERT INTO Admissao (AdmissaoID, Data, Urgencia, Prioridade, Paciente) VALUES (135, "18/11/1992 0:44:49", 2, 2, 67);
INSERT INTO Admissao (AdmissaoID, Data, Urgencia, Prioridade, Paciente) VALUES (136, "14/5/1991 11:21:56", 0, 1, 203);
INSERT INTO Admissao (AdmissaoID, Data, Urgencia, Prioridade, Paciente) VALUES (137, "9/10/1963 16:55:38", 0, 1, 59);
INSERT INTO Admissao (AdmissaoID, Data, Urgencia, Prioridade, Paciente) VALUES (138, "7/12/1992 6:51:38", 2, 3, 266);
INSERT INTO Admissao (AdmissaoID, Data, Urgencia, Prioridade, Paciente) VALUES (139, "17/12/1992 8:53:45", 0, 3, 220);
INSERT INTO Admissao (AdmissaoID, Data, Urgencia, Prioridade, Paciente) VALUES (140, "18/10/2005 10:27:59", 1, 0, 73);
INSERT INTO Admissao (AdmissaoID, Data, Urgencia, Prioridade, Paciente) VALUES (141, "10/10/2018 1:10:54", 0, 0, 222);
INSERT INTO Admissao (AdmissaoID, Data, Urgencia, Prioridade, Paciente) VALUES (142, "4/2/1968 2:49:23", 3, 3, 32);
INSERT INTO Admissao (AdmissaoID, Data, Urgencia, Prioridade, Paciente) VALUES (143, "21/8/1988 0:37:37", 1, 1, 248);
INSERT INTO Admissao (AdmissaoID, Data, Urgencia, Prioridade, Paciente) VALUES (144, "26/4/1967 18:20:44", 2, 0, 269);
INSERT INTO Admissao (AdmissaoID, Data, Urgencia, Prioridade, Paciente) VALUES (145, "22/10/1978 8:12:3", 3, 3, 268);
INSERT INTO Admissao (AdmissaoID, Data, Urgencia, Prioridade, Paciente) VALUES (146, "7/7/1995 0:9:27", 3, 1, 101);
INSERT INTO Admissao (AdmissaoID, Data, Urgencia, Prioridade, Paciente) VALUES (147, "21/9/1994 10:18:15", 3, 3, 282);
INSERT INTO Admissao (AdmissaoID, Data, Urgencia, Prioridade, Paciente) VALUES (148, "11/4/2013 2:42:16", 3, 3, 2);
INSERT INTO Admissao (AdmissaoID, Data, Urgencia, Prioridade, Paciente) VALUES (149, "4/5/1960 9:44:9", 2, 3, 167);
INSERT INTO Admissao (AdmissaoID, Data, Urgencia, Prioridade, Paciente) VALUES (150, "4/7/1965 8:53:33", 1, 0, 17);
INSERT INTO Admissao (AdmissaoID, Data, Urgencia, Prioridade, Paciente) VALUES (151, "21/6/2001 4:0:40", 3, 1, 240);
INSERT INTO Admissao (AdmissaoID, Data, Urgencia, Prioridade, Paciente) VALUES (152, "27/5/2007 20:46:55", 0, 3, 286);
INSERT INTO Admissao (AdmissaoID, Data, Urgencia, Prioridade, Paciente) VALUES (153, "15/9/1963 5:18:36", 2, 0, 292);
INSERT INTO Admissao (AdmissaoID, Data, Urgencia, Prioridade, Paciente) VALUES (154, "10/4/1969 18:54:8", 2, 1, 74);
INSERT INTO Admissao (AdmissaoID, Data, Urgencia, Prioridade, Paciente) VALUES (155, "15/2/1969 6:53:37", 2, 2, 89);
INSERT INTO Admissao (AdmissaoID, Data, Urgencia, Prioridade, Paciente) VALUES (156, "4/9/2009 15:18:45", 3, 1, 211);
INSERT INTO Admissao (AdmissaoID, Data, Urgencia, Prioridade, Paciente) VALUES (157, "11/9/1982 12:41:4", 0, 0, 9);
INSERT INTO Admissao (AdmissaoID, Data, Urgencia, Prioridade, Paciente) VALUES (158, "28/9/1979 12:59:11", 1, 0, 261);
INSERT INTO Admissao (AdmissaoID, Data, Urgencia, Prioridade, Paciente) VALUES (159, "22/6/1978 22:15:54", 0, 2, 169);
INSERT INTO Admissao (AdmissaoID, Data, Urgencia, Prioridade, Paciente) VALUES (160, "2/7/1971 5:51:20", 0, 2, 106);
INSERT INTO Admissao (AdmissaoID, Data, Urgencia, Prioridade, Paciente) VALUES (161, "8/5/1990 0:31:49", 0, 3, 87);
INSERT INTO Admissao (AdmissaoID, Data, Urgencia, Prioridade, Paciente) VALUES (162, "10/8/2016 9:16:13", 0, 2, 41);
INSERT INTO Admissao (AdmissaoID, Data, Urgencia, Prioridade, Paciente) VALUES (163, "14/12/2018 23:18:28", 1, 3, 2);
INSERT INTO Admissao (AdmissaoID, Data, Urgencia, Prioridade, Paciente) VALUES (164, "6/9/2018 9:42:26", 1, 1, 200);
INSERT INTO Admissao (AdmissaoID, Data, Urgencia, Prioridade, Paciente) VALUES (165, "5/9/2014 18:11:49", 0, 0, 59);
INSERT INTO Admissao (AdmissaoID, Data, Urgencia, Prioridade, Paciente) VALUES (166, "12/3/2016 9:59:38", 3, 2, 146);
INSERT INTO Admissao (AdmissaoID, Data, Urgencia, Prioridade, Paciente) VALUES (167, "16/5/2016 2:6:31", 2, 0, 138);
INSERT INTO Admissao (AdmissaoID, Data, Urgencia, Prioridade, Paciente) VALUES (168, "25/9/2005 2:23:58", 3, 1, 37);
INSERT INTO Admissao (AdmissaoID, Data, Urgencia, Prioridade, Paciente) VALUES (169, "1/5/1963 9:0:29", 2, 1, 216);
INSERT INTO Admissao (AdmissaoID, Data, Urgencia, Prioridade, Paciente) VALUES (170, "17/12/1985 12:54:47", 2, 3, 52);
INSERT INTO Admissao (AdmissaoID, Data, Urgencia, Prioridade, Paciente) VALUES (171, "21/5/1969 6:11:24", 2, 1, 51);
INSERT INTO Admissao (AdmissaoID, Data, Urgencia, Prioridade, Paciente) VALUES (172, "20/9/1971 1:39:51", 2, 1, 54);
INSERT INTO Admissao (AdmissaoID, Data, Urgencia, Prioridade, Paciente) VALUES (173, "17/8/2012 23:47:44", 0, 3, 98);
INSERT INTO Admissao (AdmissaoID, Data, Urgencia, Prioridade, Paciente) VALUES (174, "4/2/1993 15:17:42", 0, 1, 186);
INSERT INTO Admissao (AdmissaoID, Data, Urgencia, Prioridade, Paciente) VALUES (175, "13/1/1980 14:38:50", 3, 2, 239);
INSERT INTO Admissao (AdmissaoID, Data, Urgencia, Prioridade, Paciente) VALUES (176, "28/3/2010 18:42:35", 2, 3, 109);
INSERT INTO Admissao (AdmissaoID, Data, Urgencia, Prioridade, Paciente) VALUES (177, "12/8/2017 5:31:37", 0, 0, 59);
INSERT INTO Admissao (AdmissaoID, Data, Urgencia, Prioridade, Paciente) VALUES (178, "10/1/2015 13:7:55", 1, 3, 141);
INSERT INTO Admissao (AdmissaoID, Data, Urgencia, Prioridade, Paciente) VALUES (179, "21/9/2016 19:21:52", 0, 0, 225);
INSERT INTO Admissao (AdmissaoID, Data, Urgencia, Prioridade, Paciente) VALUES (180, "24/1/1965 8:6:14", 3, 0, 188);
INSERT INTO Admissao (AdmissaoID, Data, Urgencia, Prioridade, Paciente) VALUES (181, "21/9/2011 15:34:2", 3, 1, 120);
INSERT INTO Admissao (AdmissaoID, Data, Urgencia, Prioridade, Paciente) VALUES (182, "13/8/1980 6:44:52", 1, 3, 94);
INSERT INTO Admissao (AdmissaoID, Data, Urgencia, Prioridade, Paciente) VALUES (183, "24/3/1968 5:44:45", 1, 0, 187);
INSERT INTO Admissao (AdmissaoID, Data, Urgencia, Prioridade, Paciente) VALUES (184, "12/3/1987 14:1:34", 1, 2, 45);
INSERT INTO Admissao (AdmissaoID, Data, Urgencia, Prioridade, Paciente) VALUES (185, "4/10/1980 6:58:50", 0, 3, 111);
INSERT INTO Admissao (AdmissaoID, Data, Urgencia, Prioridade, Paciente) VALUES (186, "27/12/1970 0:8:9", 0, 2, 293);
INSERT INTO Admissao (AdmissaoID, Data, Urgencia, Prioridade, Paciente) VALUES (187, "15/8/2002 1:43:1", 1, 2, 40);
INSERT INTO Admissao (AdmissaoID, Data, Urgencia, Prioridade, Paciente) VALUES (188, "23/4/1972 4:45:40", 0, 0, 163);
INSERT INTO Admissao (AdmissaoID, Data, Urgencia, Prioridade, Paciente) VALUES (189, "14/3/1989 15:15:8", 1, 2, 225);
INSERT INTO Admissao (AdmissaoID, Data, Urgencia, Prioridade, Paciente) VALUES (190, "2/1/1966 17:19:47", 0, 0, 86);
INSERT INTO Admissao (AdmissaoID, Data, Urgencia, Prioridade, Paciente) VALUES (191, "5/8/1969 8:16:34", 1, 0, 203);
INSERT INTO Admissao (AdmissaoID, Data, Urgencia, Prioridade, Paciente) VALUES (192, "8/11/1989 11:15:22", 2, 1, 293);
INSERT INTO Admissao (AdmissaoID, Data, Urgencia, Prioridade, Paciente) VALUES (193, "24/1/1987 7:16:25", 2, 1, 82);
INSERT INTO Admissao (AdmissaoID, Data, Urgencia, Prioridade, Paciente) VALUES (194, "3/5/1977 2:51:15", 0, 3, 95);
INSERT INTO Admissao (AdmissaoID, Data, Urgencia, Prioridade, Paciente) VALUES (195, "28/12/1976 0:58:24", 2, 1, 28);
INSERT INTO Admissao (AdmissaoID, Data, Urgencia, Prioridade, Paciente) VALUES (196, "17/11/1970 20:30:58", 3, 2, 90);
INSERT INTO Admissao (AdmissaoID, Data, Urgencia, Prioridade, Paciente) VALUES (197, "11/4/1986 23:8:12", 2, 0, 198);
INSERT INTO Admissao (AdmissaoID, Data, Urgencia, Prioridade, Paciente) VALUES (198, "23/5/1972 2:21:8", 0, 3, 141);
INSERT INTO Admissao (AdmissaoID, Data, Urgencia, Prioridade, Paciente) VALUES (199, "15/3/1985 15:41:19", 0, 2, 183);
INSERT INTO Admissao (AdmissaoID, Data, Urgencia, Prioridade, Paciente) VALUES (200, "10/8/1962 9:2:44", 0, 0, 135);
INSERT INTO Admissao (AdmissaoID, Data, Urgencia, Prioridade, Paciente) VALUES (201, "12/6/1979 22:17:26", 1, 3, 226);
INSERT INTO Admissao (AdmissaoID, Data, Urgencia, Prioridade, Paciente) VALUES (202, "1/2/2004 1:28:22", 3, 3, 112);
INSERT INTO Admissao (AdmissaoID, Data, Urgencia, Prioridade, Paciente) VALUES (203, "28/10/2008 3:54:19", 2, 3, 123);
INSERT INTO Admissao (AdmissaoID, Data, Urgencia, Prioridade, Paciente) VALUES (204, "4/3/1976 6:26:10", 1, 0, 42);
INSERT INTO Admissao (AdmissaoID, Data, Urgencia, Prioridade, Paciente) VALUES (205, "27/4/2012 12:4:49", 0, 0, 90);
INSERT INTO Admissao (AdmissaoID, Data, Urgencia, Prioridade, Paciente) VALUES (206, "23/10/1969 18:1:9", 2, 1, 107);
INSERT INTO Admissao (AdmissaoID, Data, Urgencia, Prioridade, Paciente) VALUES (207, "22/5/1962 2:16:43", 1, 1, 165);
INSERT INTO Admissao (AdmissaoID, Data, Urgencia, Prioridade, Paciente) VALUES (208, "6/12/1972 1:37:2", 1, 0, 163);
INSERT INTO Admissao (AdmissaoID, Data, Urgencia, Prioridade, Paciente) VALUES (209, "19/12/1972 13:51:2", 0, 2, 300);
INSERT INTO Admissao (AdmissaoID, Data, Urgencia, Prioridade, Paciente) VALUES (210, "28/8/1972 23:23:52", 2, 0, 127);
INSERT INTO Admissao (AdmissaoID, Data, Urgencia, Prioridade, Paciente) VALUES (211, "5/8/1965 20:56:21", 2, 0, 113);
INSERT INTO Admissao (AdmissaoID, Data, Urgencia, Prioridade, Paciente) VALUES (212, "18/9/2010 1:41:9", 3, 2, 253);
INSERT INTO Admissao (AdmissaoID, Data, Urgencia, Prioridade, Paciente) VALUES (213, "2/7/1967 16:28:39", 2, 1, 141);
INSERT INTO Admissao (AdmissaoID, Data, Urgencia, Prioridade, Paciente) VALUES (214, "15/8/1968 15:21:19", 2, 2, 68);
INSERT INTO Admissao (AdmissaoID, Data, Urgencia, Prioridade, Paciente) VALUES (215, "23/5/1998 7:39:55", 2, 3, 123);
INSERT INTO Admissao (AdmissaoID, Data, Urgencia, Prioridade, Paciente) VALUES (216, "1/1/1979 9:36:0", 1, 2, 260);
INSERT INTO Admissao (AdmissaoID, Data, Urgencia, Prioridade, Paciente) VALUES (217, "19/6/2009 8:34:21", 1, 1, 100);
INSERT INTO Admissao (AdmissaoID, Data, Urgencia, Prioridade, Paciente) VALUES (218, "17/2/1983 21:27:41", 3, 0, 78);
INSERT INTO Admissao (AdmissaoID, Data, Urgencia, Prioridade, Paciente) VALUES (219, "7/8/1963 10:55:53", 1, 2, 25);
INSERT INTO Admissao (AdmissaoID, Data, Urgencia, Prioridade, Paciente) VALUES (220, "13/9/1970 11:4:17", 1, 2, 48);
INSERT INTO Admissao (AdmissaoID, Data, Urgencia, Prioridade, Paciente) VALUES (221, "10/9/1993 0:41:29", 1, 1, 167);
INSERT INTO Admissao (AdmissaoID, Data, Urgencia, Prioridade, Paciente) VALUES (222, "7/12/1994 13:48:22", 1, 3, 294);
INSERT INTO Admissao (AdmissaoID, Data, Urgencia, Prioridade, Paciente) VALUES (223, "5/3/1963 19:3:22", 3, 0, 68);
INSERT INTO Admissao (AdmissaoID, Data, Urgencia, Prioridade, Paciente) VALUES (224, "5/1/2015 17:9:37", 1, 0, 243);
INSERT INTO Admissao (AdmissaoID, Data, Urgencia, Prioridade, Paciente) VALUES (225, "25/5/1987 13:11:12", 1, 0, 210);
INSERT INTO Admissao (AdmissaoID, Data, Urgencia, Prioridade, Paciente) VALUES (226, "14/8/2004 0:9:10", 1, 1, 58);
INSERT INTO Admissao (AdmissaoID, Data, Urgencia, Prioridade, Paciente) VALUES (227, "5/8/1977 3:1:16", 0, 2, 11);
INSERT INTO Admissao (AdmissaoID, Data, Urgencia, Prioridade, Paciente) VALUES (228, "20/10/2001 1:6:51", 3, 1, 275);
INSERT INTO Admissao (AdmissaoID, Data, Urgencia, Prioridade, Paciente) VALUES (229, "22/8/1994 9:45:55", 2, 2, 36);
INSERT INTO Admissao (AdmissaoID, Data, Urgencia, Prioridade, Paciente) VALUES (230, "17/11/2001 3:33:55", 1, 2, 89);
INSERT INTO Admissao (AdmissaoID, Data, Urgencia, Prioridade, Paciente) VALUES (231, "10/5/1997 9:48:48", 0, 1, 120);
INSERT INTO Admissao (AdmissaoID, Data, Urgencia, Prioridade, Paciente) VALUES (232, "7/10/1975 5:37:32", 1, 3, 211);
INSERT INTO Admissao (AdmissaoID, Data, Urgencia, Prioridade, Paciente) VALUES (233, "1/10/2005 9:45:32", 3, 1, 79);
INSERT INTO Admissao (AdmissaoID, Data, Urgencia, Prioridade, Paciente) VALUES (234, "22/3/1960 14:46:26", 1, 3, 19);
INSERT INTO Admissao (AdmissaoID, Data, Urgencia, Prioridade, Paciente) VALUES (235, "13/12/1978 23:33:25", 2, 1, 195);
INSERT INTO Admissao (AdmissaoID, Data, Urgencia, Prioridade, Paciente) VALUES (236, "27/4/1980 5:2:23", 0, 3, 115);
INSERT INTO Admissao (AdmissaoID, Data, Urgencia, Prioridade, Paciente) VALUES (237, "10/6/1962 14:25:17", 3, 3, 172);
INSERT INTO Admissao (AdmissaoID, Data, Urgencia, Prioridade, Paciente) VALUES (238, "24/10/1992 10:25:34", 0, 2, 20);
INSERT INTO Admissao (AdmissaoID, Data, Urgencia, Prioridade, Paciente) VALUES (239, "19/5/2005 14:6:30", 1, 2, 52);
INSERT INTO Admissao (AdmissaoID, Data, Urgencia, Prioridade, Paciente) VALUES (240, "23/8/2005 1:32:42", 0, 3, 214);
INSERT INTO Admissao (AdmissaoID, Data, Urgencia, Prioridade, Paciente) VALUES (241, "12/2/2003 15:27:48", 0, 0, 174);
INSERT INTO Admissao (AdmissaoID, Data, Urgencia, Prioridade, Paciente) VALUES (242, "18/11/1968 10:20:9", 0, 3, 246);
INSERT INTO Admissao (AdmissaoID, Data, Urgencia, Prioridade, Paciente) VALUES (243, "20/12/1966 9:6:52", 3, 0, 207);
INSERT INTO Admissao (AdmissaoID, Data, Urgencia, Prioridade, Paciente) VALUES (244, "21/10/1976 13:26:18", 1, 3, 153);
INSERT INTO Admissao (AdmissaoID, Data, Urgencia, Prioridade, Paciente) VALUES (245, "5/1/2006 9:24:11", 0, 2, 95);
INSERT INTO Admissao (AdmissaoID, Data, Urgencia, Prioridade, Paciente) VALUES (246, "19/7/1965 3:6:14", 0, 0, 103);
INSERT INTO Admissao (AdmissaoID, Data, Urgencia, Prioridade, Paciente) VALUES (247, "27/4/2011 0:4:17", 2, 0, 18);
INSERT INTO Admissao (AdmissaoID, Data, Urgencia, Prioridade, Paciente) VALUES (248, "23/10/1986 20:21:56", 3, 2, 42);
INSERT INTO Admissao (AdmissaoID, Data, Urgencia, Prioridade, Paciente) VALUES (249, "23/4/2009 10:32:15", 3, 0, 127);
INSERT INTO Admissao (AdmissaoID, Data, Urgencia, Prioridade, Paciente) VALUES (250, "12/11/1972 19:36:26", 0, 2, 283);
INSERT INTO Admissao (AdmissaoID, Data, Urgencia, Prioridade, Paciente) VALUES (251, "1/10/2018 23:53:23", 1, 2, 164);
INSERT INTO Admissao (AdmissaoID, Data, Urgencia, Prioridade, Paciente) VALUES (252, "9/12/1963 7:18:34", 2, 3, 200);
INSERT INTO Admissao (AdmissaoID, Data, Urgencia, Prioridade, Paciente) VALUES (253, "21/11/1984 9:24:29", 3, 0, 86);
INSERT INTO Admissao (AdmissaoID, Data, Urgencia, Prioridade, Paciente) VALUES (254, "12/10/1995 18:48:49", 2, 0, 186);
INSERT INTO Admissao (AdmissaoID, Data, Urgencia, Prioridade, Paciente) VALUES (255, "24/11/1966 6:57:9", 3, 1, 170);
INSERT INTO Admissao (AdmissaoID, Data, Urgencia, Prioridade, Paciente) VALUES (256, "28/11/1989 3:44:12", 3, 2, 144);
INSERT INTO Admissao (AdmissaoID, Data, Urgencia, Prioridade, Paciente) VALUES (257, "3/12/1986 12:30:58", 0, 1, 196);
INSERT INTO Admissao (AdmissaoID, Data, Urgencia, Prioridade, Paciente) VALUES (258, "7/2/1987 3:36:44", 1, 1, 274);
INSERT INTO Admissao (AdmissaoID, Data, Urgencia, Prioridade, Paciente) VALUES (259, "13/2/2003 9:49:59", 1, 2, 137);
INSERT INTO Admissao (AdmissaoID, Data, Urgencia, Prioridade, Paciente) VALUES (260, "14/10/1985 6:15:37", 3, 2, 177);
INSERT INTO Admissao (AdmissaoID, Data, Urgencia, Prioridade, Paciente) VALUES (261, "12/5/1995 7:15:10", 3, 2, 137);
INSERT INTO Admissao (AdmissaoID, Data, Urgencia, Prioridade, Paciente) VALUES (262, "8/2/1970 8:22:40", 1, 1, 142);
INSERT INTO Admissao (AdmissaoID, Data, Urgencia, Prioridade, Paciente) VALUES (263, "19/2/2012 17:14:30", 0, 2, 129);
INSERT INTO Admissao (AdmissaoID, Data, Urgencia, Prioridade, Paciente) VALUES (264, "27/8/2008 0:4:25", 2, 3, 7);
INSERT INTO Admissao (AdmissaoID, Data, Urgencia, Prioridade, Paciente) VALUES (265, "7/5/1973 21:47:47", 1, 3, 273);
INSERT INTO Admissao (AdmissaoID, Data, Urgencia, Prioridade, Paciente) VALUES (266, "7/2/2000 22:32:52", 2, 3, 256);
INSERT INTO Admissao (AdmissaoID, Data, Urgencia, Prioridade, Paciente) VALUES (267, "26/3/1989 2:8:13", 3, 1, 246);
INSERT INTO Admissao (AdmissaoID, Data, Urgencia, Prioridade, Paciente) VALUES (268, "26/7/1963 21:25:5", 3, 2, 267);
INSERT INTO Admissao (AdmissaoID, Data, Urgencia, Prioridade, Paciente) VALUES (269, "9/10/1985 19:27:54", 3, 0, 243);
INSERT INTO Admissao (AdmissaoID, Data, Urgencia, Prioridade, Paciente) VALUES (270, "12/8/1989 9:9:6", 0, 3, 124);
INSERT INTO Admissao (AdmissaoID, Data, Urgencia, Prioridade, Paciente) VALUES (271, "20/5/1996 4:46:47", 0, 2, 170);
INSERT INTO Admissao (AdmissaoID, Data, Urgencia, Prioridade, Paciente) VALUES (272, "22/10/2016 6:56:25", 0, 3, 117);
INSERT INTO Admissao (AdmissaoID, Data, Urgencia, Prioridade, Paciente) VALUES (273, "21/9/1982 9:9:10", 0, 3, 122);
INSERT INTO Admissao (AdmissaoID, Data, Urgencia, Prioridade, Paciente) VALUES (274, "27/9/2008 15:7:40", 1, 3, 270);
INSERT INTO Admissao (AdmissaoID, Data, Urgencia, Prioridade, Paciente) VALUES (275, "5/2/2016 6:26:10", 2, 2, 12);
INSERT INTO Admissao (AdmissaoID, Data, Urgencia, Prioridade, Paciente) VALUES (276, "21/5/1969 2:5:9", 2, 3, 251);
INSERT INTO Admissao (AdmissaoID, Data, Urgencia, Prioridade, Paciente) VALUES (277, "16/11/1988 14:11:44", 1, 1, 222);
INSERT INTO Admissao (AdmissaoID, Data, Urgencia, Prioridade, Paciente) VALUES (278, "13/4/2007 16:52:56", 1, 0, 178);
INSERT INTO Admissao (AdmissaoID, Data, Urgencia, Prioridade, Paciente) VALUES (279, "15/1/1986 21:33:47", 2, 0, 61);
INSERT INTO Admissao (AdmissaoID, Data, Urgencia, Prioridade, Paciente) VALUES (280, "5/10/1992 21:15:45", 3, 3, 220);
INSERT INTO Admissao (AdmissaoID, Data, Urgencia, Prioridade, Paciente) VALUES (281, "9/4/2016 13:48:33", 2, 0, 102);
INSERT INTO Admissao (AdmissaoID, Data, Urgencia, Prioridade, Paciente) VALUES (282, "28/7/1999 10:13:25", 1, 1, 191);
INSERT INTO Admissao (AdmissaoID, Data, Urgencia, Prioridade, Paciente) VALUES (283, "3/6/1990 22:16:50", 2, 2, 217);
INSERT INTO Admissao (AdmissaoID, Data, Urgencia, Prioridade, Paciente) VALUES (284, "18/1/2015 23:0:32", 3, 1, 300);
INSERT INTO Admissao (AdmissaoID, Data, Urgencia, Prioridade, Paciente) VALUES (285, "2/11/1961 9:17:43", 0, 0, 135);
INSERT INTO Admissao (AdmissaoID, Data, Urgencia, Prioridade, Paciente) VALUES (286, "5/11/1969 15:27:20", 0, 0, 192);
INSERT INTO Admissao (AdmissaoID, Data, Urgencia, Prioridade, Paciente) VALUES (287, "25/3/1986 14:0:34", 3, 3, 173);
INSERT INTO Admissao (AdmissaoID, Data, Urgencia, Prioridade, Paciente) VALUES (288, "27/5/1972 2:20:56", 2, 1, 158);
INSERT INTO Admissao (AdmissaoID, Data, Urgencia, Prioridade, Paciente) VALUES (289, "22/11/1965 9:31:29", 1, 2, 121);
INSERT INTO Admissao (AdmissaoID, Data, Urgencia, Prioridade, Paciente) VALUES (290, "15/3/1994 20:49:42", 0, 2, 81);
INSERT INTO Admissao (AdmissaoID, Data, Urgencia, Prioridade, Paciente) VALUES (291, "27/7/1986 0:34:3", 0, 3, 248);
INSERT INTO Admissao (AdmissaoID, Data, Urgencia, Prioridade, Paciente) VALUES (292, "28/5/1977 13:25:21", 2, 2, 264);
INSERT INTO Admissao (AdmissaoID, Data, Urgencia, Prioridade, Paciente) VALUES (293, "27/8/1964 6:45:10", 0, 3, 295);
INSERT INTO Admissao (AdmissaoID, Data, Urgencia, Prioridade, Paciente) VALUES (294, "21/2/2010 7:3:4", 0, 0, 60);
INSERT INTO Admissao (AdmissaoID, Data, Urgencia, Prioridade, Paciente) VALUES (295, "4/4/2012 13:24:35", 0, 0, 131);
INSERT INTO Admissao (AdmissaoID, Data, Urgencia, Prioridade, Paciente) VALUES (296, "11/7/1967 21:39:16", 1, 3, 38);
INSERT INTO Admissao (AdmissaoID, Data, Urgencia, Prioridade, Paciente) VALUES (297, "26/4/1997 1:35:13", 0, 3, 212);
INSERT INTO Admissao (AdmissaoID, Data, Urgencia, Prioridade, Paciente) VALUES (298, "11/2/1966 15:28:40", 2, 0, 166);
INSERT INTO Admissao (AdmissaoID, Data, Urgencia, Prioridade, Paciente) VALUES (299, "13/2/1978 11:59:5", 2, 1, 300);
INSERT INTO Admissao (AdmissaoID, Data, Urgencia, Prioridade, Paciente) VALUES (300, "17/10/1970 17:27:43", 0, 3, 283);
INSERT INTO Admissao (AdmissaoID, Data, Urgencia, Prioridade, Paciente) VALUES (301, "10/7/1991 2:19:31", 3, 3, 148);
INSERT INTO Admissao (AdmissaoID, Data, Urgencia, Prioridade, Paciente) VALUES (302, "1/1/1997 16:28:50", 2, 2, 298);
INSERT INTO Admissao (AdmissaoID, Data, Urgencia, Prioridade, Paciente) VALUES (303, "27/3/2014 7:7:22", 3, 1, 9);
INSERT INTO Admissao (AdmissaoID, Data, Urgencia, Prioridade, Paciente) VALUES (304, "18/5/2003 20:17:32", 1, 1, 290);
INSERT INTO Admissao (AdmissaoID, Data, Urgencia, Prioridade, Paciente) VALUES (305, "15/8/1980 17:24:26", 2, 3, 166);
INSERT INTO Admissao (AdmissaoID, Data, Urgencia, Prioridade, Paciente) VALUES (306, "17/8/1986 6:58:55", 1, 3, 64);
INSERT INTO Admissao (AdmissaoID, Data, Urgencia, Prioridade, Paciente) VALUES (307, "20/7/2010 17:20:27", 3, 2, 55);
INSERT INTO Admissao (AdmissaoID, Data, Urgencia, Prioridade, Paciente) VALUES (308, "2/12/1981 19:22:7", 0, 0, 108);
INSERT INTO Admissao (AdmissaoID, Data, Urgencia, Prioridade, Paciente) VALUES (309, "26/3/2019 3:39:39", 2, 0, 38);
INSERT INTO Admissao (AdmissaoID, Data, Urgencia, Prioridade, Paciente) VALUES (310, "19/6/1997 5:52:59", 2, 2, 256);
INSERT INTO Admissao (AdmissaoID, Data, Urgencia, Prioridade, Paciente) VALUES (311, "1/10/1982 23:29:59", 3, 2, 210);
INSERT INTO Admissao (AdmissaoID, Data, Urgencia, Prioridade, Paciente) VALUES (312, "6/12/1999 18:7:26", 1, 2, 218);
INSERT INTO Admissao (AdmissaoID, Data, Urgencia, Prioridade, Paciente) VALUES (313, "22/1/1967 22:34:1", 1, 2, 228);
INSERT INTO Admissao (AdmissaoID, Data, Urgencia, Prioridade, Paciente) VALUES (314, "8/5/1967 11:25:3", 0, 3, 276);
INSERT INTO Admissao (AdmissaoID, Data, Urgencia, Prioridade, Paciente) VALUES (315, "1/9/1998 12:33:12", 2, 2, 15);
INSERT INTO Admissao (AdmissaoID, Data, Urgencia, Prioridade, Paciente) VALUES (316, "5/4/1972 7:52:40", 3, 3, 55);
INSERT INTO Admissao (AdmissaoID, Data, Urgencia, Prioridade, Paciente) VALUES (317, "5/12/1979 9:22:23", 2, 1, 213);
INSERT INTO Admissao (AdmissaoID, Data, Urgencia, Prioridade, Paciente) VALUES (318, "27/1/1981 3:28:5", 3, 2, 46);
INSERT INTO Admissao (AdmissaoID, Data, Urgencia, Prioridade, Paciente) VALUES (319, "22/12/2017 18:37:16", 0, 2, 52);
INSERT INTO Admissao (AdmissaoID, Data, Urgencia, Prioridade, Paciente) VALUES (320, "24/5/1968 11:9:9", 1, 1, 230);
INSERT INTO Admissao (AdmissaoID, Data, Urgencia, Prioridade, Paciente) VALUES (321, "28/3/1969 1:46:12", 0, 1, 84);
INSERT INTO Admissao (AdmissaoID, Data, Urgencia, Prioridade, Paciente) VALUES (322, "28/8/1997 11:51:41", 1, 1, 14);
INSERT INTO Admissao (AdmissaoID, Data, Urgencia, Prioridade, Paciente) VALUES (323, "2/11/1963 21:2:40", 0, 2, 45);
INSERT INTO Admissao (AdmissaoID, Data, Urgencia, Prioridade, Paciente) VALUES (324, "7/3/1975 23:37:7", 3, 3, 203);
INSERT INTO Admissao (AdmissaoID, Data, Urgencia, Prioridade, Paciente) VALUES (325, "9/6/2016 1:2:35", 2, 1, 143);
INSERT INTO Admissao (AdmissaoID, Data, Urgencia, Prioridade, Paciente) VALUES (326, "6/7/1971 11:21:47", 3, 3, 238);
INSERT INTO Admissao (AdmissaoID, Data, Urgencia, Prioridade, Paciente) VALUES (327, "22/9/1967 10:33:27", 1, 0, 192);
INSERT INTO Admissao (AdmissaoID, Data, Urgencia, Prioridade, Paciente) VALUES (328, "15/5/1979 10:3:2", 2, 0, 138);
INSERT INTO Admissao (AdmissaoID, Data, Urgencia, Prioridade, Paciente) VALUES (329, "17/3/1987 2:56:55", 0, 3, 7);
INSERT INTO Admissao (AdmissaoID, Data, Urgencia, Prioridade, Paciente) VALUES (330, "7/6/1989 23:51:28", 0, 0, 179);
INSERT INTO Admissao (AdmissaoID, Data, Urgencia, Prioridade, Paciente) VALUES (331, "23/10/1988 22:34:40", 2, 2, 14);
INSERT INTO Admissao (AdmissaoID, Data, Urgencia, Prioridade, Paciente) VALUES (332, "8/3/1993 6:53:16", 0, 2, 21);
INSERT INTO Admissao (AdmissaoID, Data, Urgencia, Prioridade, Paciente) VALUES (333, "19/10/1975 19:47:39", 3, 3, 9);
INSERT INTO Admissao (AdmissaoID, Data, Urgencia, Prioridade, Paciente) VALUES (334, "3/10/1966 6:34:59", 3, 2, 257);
INSERT INTO Admissao (AdmissaoID, Data, Urgencia, Prioridade, Paciente) VALUES (335, "12/2/1990 23:48:45", 3, 3, 193);
INSERT INTO Admissao (AdmissaoID, Data, Urgencia, Prioridade, Paciente) VALUES (336, "10/9/1999 12:53:4", 1, 0, 240);
INSERT INTO Admissao (AdmissaoID, Data, Urgencia, Prioridade, Paciente) VALUES (337, "12/2/2010 14:26:6", 2, 3, 193);
INSERT INTO Admissao (AdmissaoID, Data, Urgencia, Prioridade, Paciente) VALUES (338, "11/12/1973 0:14:14", 0, 0, 50);
INSERT INTO Admissao (AdmissaoID, Data, Urgencia, Prioridade, Paciente) VALUES (339, "26/5/2015 3:32:40", 1, 1, 259);
INSERT INTO Admissao (AdmissaoID, Data, Urgencia, Prioridade, Paciente) VALUES (340, "19/4/1988 7:40:26", 3, 1, 225);
INSERT INTO Admissao (AdmissaoID, Data, Urgencia, Prioridade, Paciente) VALUES (341, "26/1/2000 5:35:20", 3, 2, 55);
INSERT INTO Admissao (AdmissaoID, Data, Urgencia, Prioridade, Paciente) VALUES (342, "7/4/2013 4:7:46", 1, 3, 120);
INSERT INTO Admissao (AdmissaoID, Data, Urgencia, Prioridade, Paciente) VALUES (343, "24/3/1981 10:40:10", 0, 2, 179);
INSERT INTO Admissao (AdmissaoID, Data, Urgencia, Prioridade, Paciente) VALUES (344, "26/10/1987 9:28:54", 0, 1, 100);
INSERT INTO Admissao (AdmissaoID, Data, Urgencia, Prioridade, Paciente) VALUES (345, "21/10/2000 23:54:7", 3, 3, 147);
INSERT INTO Admissao (AdmissaoID, Data, Urgencia, Prioridade, Paciente) VALUES (346, "17/6/2019 15:56:14", 1, 3, 231);
INSERT INTO Admissao (AdmissaoID, Data, Urgencia, Prioridade, Paciente) VALUES (347, "24/6/2009 19:32:28", 3, 1, 218);
INSERT INTO Admissao (AdmissaoID, Data, Urgencia, Prioridade, Paciente) VALUES (348, "22/9/2003 7:54:11", 3, 1, 208);
INSERT INTO Admissao (AdmissaoID, Data, Urgencia, Prioridade, Paciente) VALUES (349, "5/7/1982 13:1:28", 3, 0, 96);
INSERT INTO Admissao (AdmissaoID, Data, Urgencia, Prioridade, Paciente) VALUES (350, "17/6/2008 18:49:54", 3, 1, 28);
INSERT INTO Admissao (AdmissaoID, Data, Urgencia, Prioridade, Paciente) VALUES (351, "8/8/2004 8:18:25", 0, 1, 34);
INSERT INTO Admissao (AdmissaoID, Data, Urgencia, Prioridade, Paciente) VALUES (352, "3/2/1980 7:46:2", 2, 0, 145);
INSERT INTO Admissao (AdmissaoID, Data, Urgencia, Prioridade, Paciente) VALUES (353, "22/4/1968 6:8:25", 1, 2, 46);
INSERT INTO Admissao (AdmissaoID, Data, Urgencia, Prioridade, Paciente) VALUES (354, "11/3/1961 14:6:14", 3, 1, 15);
INSERT INTO Admissao (AdmissaoID, Data, Urgencia, Prioridade, Paciente) VALUES (355, "24/6/1967 18:18:31", 0, 2, 132);
INSERT INTO Admissao (AdmissaoID, Data, Urgencia, Prioridade, Paciente) VALUES (356, "16/5/1962 9:49:53", 1, 2, 81);
INSERT INTO Admissao (AdmissaoID, Data, Urgencia, Prioridade, Paciente) VALUES (357, "11/12/1998 5:45:36", 1, 3, 39);
INSERT INTO Admissao (AdmissaoID, Data, Urgencia, Prioridade, Paciente) VALUES (358, "3/5/1978 3:32:50", 2, 2, 231);
INSERT INTO Admissao (AdmissaoID, Data, Urgencia, Prioridade, Paciente) VALUES (359, "15/11/1994 8:49:35", 2, 2, 192);
INSERT INTO Admissao (AdmissaoID, Data, Urgencia, Prioridade, Paciente) VALUES (360, "27/11/1963 18:17:0", 2, 3, 117);
INSERT INTO Admissao (AdmissaoID, Data, Urgencia, Prioridade, Paciente) VALUES (361, "7/9/1961 13:40:30", 1, 1, 29);
INSERT INTO Admissao (AdmissaoID, Data, Urgencia, Prioridade, Paciente) VALUES (362, "10/10/1966 22:42:15", 0, 3, 40);
INSERT INTO Admissao (AdmissaoID, Data, Urgencia, Prioridade, Paciente) VALUES (363, "9/5/1961 20:8:36", 3, 1, 181);
INSERT INTO Admissao (AdmissaoID, Data, Urgencia, Prioridade, Paciente) VALUES (364, "4/7/1965 4:18:56", 0, 3, 215);
INSERT INTO Admissao (AdmissaoID, Data, Urgencia, Prioridade, Paciente) VALUES (365, "13/6/2004 8:53:12", 1, 2, 120);
INSERT INTO Admissao (AdmissaoID, Data, Urgencia, Prioridade, Paciente) VALUES (366, "26/6/1966 4:18:53", 2, 1, 231);
INSERT INTO Admissao (AdmissaoID, Data, Urgencia, Prioridade, Paciente) VALUES (367, "12/6/2016 22:21:7", 1, 1, 24);
INSERT INTO Admissao (AdmissaoID, Data, Urgencia, Prioridade, Paciente) VALUES (368, "9/4/2015 22:37:4", 1, 0, 193);
INSERT INTO Admissao (AdmissaoID, Data, Urgencia, Prioridade, Paciente) VALUES (369, "3/5/1971 2:27:28", 2, 1, 126);
INSERT INTO Admissao (AdmissaoID, Data, Urgencia, Prioridade, Paciente) VALUES (370, "7/6/2012 23:57:46", 2, 3, 247);
INSERT INTO Admissao (AdmissaoID, Data, Urgencia, Prioridade, Paciente) VALUES (371, "7/11/1962 23:37:30", 3, 2, 36);
INSERT INTO Admissao (AdmissaoID, Data, Urgencia, Prioridade, Paciente) VALUES (372, "15/10/2010 5:3:9", 2, 1, 137);
INSERT INTO Admissao (AdmissaoID, Data, Urgencia, Prioridade, Paciente) VALUES (373, "1/4/1970 11:39:12", 0, 0, 19);
INSERT INTO Admissao (AdmissaoID, Data, Urgencia, Prioridade, Paciente) VALUES (374, "4/9/2005 12:40:36", 2, 3, 250);
INSERT INTO Admissao (AdmissaoID, Data, Urgencia, Prioridade, Paciente) VALUES (375, "22/6/1968 19:55:5", 3, 2, 211);
INSERT INTO Admissao (AdmissaoID, Data, Urgencia, Prioridade, Paciente) VALUES (376, "9/12/1965 1:15:31", 0, 0, 219);
INSERT INTO Admissao (AdmissaoID, Data, Urgencia, Prioridade, Paciente) VALUES (377, "28/4/1998 11:14:9", 3, 3, 190);
INSERT INTO Admissao (AdmissaoID, Data, Urgencia, Prioridade, Paciente) VALUES (378, "26/7/1996 6:11:25", 0, 3, 120);
INSERT INTO Admissao (AdmissaoID, Data, Urgencia, Prioridade, Paciente) VALUES (379, "19/10/1979 11:35:18", 0, 2, 141);
INSERT INTO Admissao (AdmissaoID, Data, Urgencia, Prioridade, Paciente) VALUES (380, "19/5/2013 16:4:4", 2, 2, 100);
INSERT INTO Admissao (AdmissaoID, Data, Urgencia, Prioridade, Paciente) VALUES (381, "5/10/1998 15:56:23", 3, 0, 29);
INSERT INTO Admissao (AdmissaoID, Data, Urgencia, Prioridade, Paciente) VALUES (382, "22/7/1968 10:21:46", 3, 3, 136);
INSERT INTO Admissao (AdmissaoID, Data, Urgencia, Prioridade, Paciente) VALUES (383, "12/1/1964 7:39:32", 3, 3, 254);
INSERT INTO Admissao (AdmissaoID, Data, Urgencia, Prioridade, Paciente) VALUES (384, "8/12/2010 19:13:41", 0, 0, 67);
INSERT INTO Admissao (AdmissaoID, Data, Urgencia, Prioridade, Paciente) VALUES (385, "10/12/2007 2:23:51", 0, 3, 73);
INSERT INTO Admissao (AdmissaoID, Data, Urgencia, Prioridade, Paciente) VALUES (386, "12/8/1983 0:45:32", 0, 2, 60);
INSERT INTO Admissao (AdmissaoID, Data, Urgencia, Prioridade, Paciente) VALUES (387, "14/10/2019 22:15:52", 2, 0, 196);
INSERT INTO Admissao (AdmissaoID, Data, Urgencia, Prioridade, Paciente) VALUES (388, "16/3/2015 23:35:45", 3, 1, 174);
INSERT INTO Admissao (AdmissaoID, Data, Urgencia, Prioridade, Paciente) VALUES (389, "19/1/2019 3:52:18", 0, 2, 21);
INSERT INTO Admissao (AdmissaoID, Data, Urgencia, Prioridade, Paciente) VALUES (390, "12/9/2011 22:38:42", 1, 0, 229);
INSERT INTO Admissao (AdmissaoID, Data, Urgencia, Prioridade, Paciente) VALUES (391, "4/9/1976 19:52:33", 1, 2, 296);
INSERT INTO Admissao (AdmissaoID, Data, Urgencia, Prioridade, Paciente) VALUES (392, "19/8/1993 19:31:14", 1, 0, 252);
INSERT INTO Admissao (AdmissaoID, Data, Urgencia, Prioridade, Paciente) VALUES (393, "2/9/1969 14:49:0", 3, 3, 209);
INSERT INTO Admissao (AdmissaoID, Data, Urgencia, Prioridade, Paciente) VALUES (394, "5/6/2011 2:59:1", 2, 3, 42);
INSERT INTO Admissao (AdmissaoID, Data, Urgencia, Prioridade, Paciente) VALUES (395, "5/3/1971 19:57:46", 0, 3, 167);
INSERT INTO Admissao (AdmissaoID, Data, Urgencia, Prioridade, Paciente) VALUES (396, "24/11/2012 14:24:36", 2, 3, 187);
INSERT INTO Admissao (AdmissaoID, Data, Urgencia, Prioridade, Paciente) VALUES (397, "11/3/1970 17:20:21", 0, 1, 66);
INSERT INTO Admissao (AdmissaoID, Data, Urgencia, Prioridade, Paciente) VALUES (398, "26/12/1972 19:14:55", 3, 1, 200);
INSERT INTO Admissao (AdmissaoID, Data, Urgencia, Prioridade, Paciente) VALUES (399, "3/7/2015 23:37:46", 3, 0, 293);
INSERT INTO Admissao (AdmissaoID, Data, Urgencia, Prioridade, Paciente) VALUES (400, "22/7/1978 13:44:59", 3, 1, 107);
INSERT INTO Admissao (AdmissaoID, Data, Urgencia, Prioridade, Paciente) VALUES (401, "22/3/1967 3:3:13", 3, 3, 162);
INSERT INTO Admissao (AdmissaoID, Data, Urgencia, Prioridade, Paciente) VALUES (402, "19/5/1992 10:40:53", 0, 2, 146);
INSERT INTO Admissao (AdmissaoID, Data, Urgencia, Prioridade, Paciente) VALUES (403, "2/10/2001 11:34:0", 1, 1, 163);
INSERT INTO Admissao (AdmissaoID, Data, Urgencia, Prioridade, Paciente) VALUES (404, "25/7/1988 3:8:46", 3, 1, 102);
INSERT INTO Admissao (AdmissaoID, Data, Urgencia, Prioridade, Paciente) VALUES (405, "17/7/1983 8:48:51", 3, 1, 248);
INSERT INTO Admissao (AdmissaoID, Data, Urgencia, Prioridade, Paciente) VALUES (406, "12/12/1968 20:51:19", 1, 2, 143);
INSERT INTO Admissao (AdmissaoID, Data, Urgencia, Prioridade, Paciente) VALUES (407, "6/4/1995 14:45:6", 2, 3, 48);
INSERT INTO Admissao (AdmissaoID, Data, Urgencia, Prioridade, Paciente) VALUES (408, "28/9/1969 22:22:8", 3, 1, 107);
INSERT INTO Admissao (AdmissaoID, Data, Urgencia, Prioridade, Paciente) VALUES (409, "26/6/2016 10:36:38", 2, 3, 256);
INSERT INTO Admissao (AdmissaoID, Data, Urgencia, Prioridade, Paciente) VALUES (410, "23/10/1993 20:18:31", 3, 3, 142);
INSERT INTO Admissao (AdmissaoID, Data, Urgencia, Prioridade, Paciente) VALUES (411, "14/6/1993 20:19:23", 0, 1, 54);
INSERT INTO Admissao (AdmissaoID, Data, Urgencia, Prioridade, Paciente) VALUES (412, "21/6/2009 17:20:59", 2, 3, 175);
INSERT INTO Admissao (AdmissaoID, Data, Urgencia, Prioridade, Paciente) VALUES (413, "18/11/1984 14:23:38", 1, 3, 109);
INSERT INTO Admissao (AdmissaoID, Data, Urgencia, Prioridade, Paciente) VALUES (414, "26/5/1995 13:42:57", 2, 3, 275);
INSERT INTO Admissao (AdmissaoID, Data, Urgencia, Prioridade, Paciente) VALUES (415, "20/4/2010 20:5:23", 3, 2, 216);
INSERT INTO Admissao (AdmissaoID, Data, Urgencia, Prioridade, Paciente) VALUES (416, "14/7/1960 7:33:39", 1, 1, 70);
INSERT INTO Admissao (AdmissaoID, Data, Urgencia, Prioridade, Paciente) VALUES (417, "24/8/2014 16:20:1", 3, 1, 89);
INSERT INTO Admissao (AdmissaoID, Data, Urgencia, Prioridade, Paciente) VALUES (418, "11/8/1961 12:12:56", 2, 1, 7);
INSERT INTO Admissao (AdmissaoID, Data, Urgencia, Prioridade, Paciente) VALUES (419, "20/1/1995 4:37:33", 1, 0, 96);
INSERT INTO Admissao (AdmissaoID, Data, Urgencia, Prioridade, Paciente) VALUES (420, "2/9/2005 1:9:43", 2, 3, 122);
INSERT INTO Admissao (AdmissaoID, Data, Urgencia, Prioridade, Paciente) VALUES (421, "12/2/1977 19:18:42", 3, 0, 203);
INSERT INTO Admissao (AdmissaoID, Data, Urgencia, Prioridade, Paciente) VALUES (422, "7/6/1989 6:39:37", 1, 2, 281);
INSERT INTO Admissao (AdmissaoID, Data, Urgencia, Prioridade, Paciente) VALUES (423, "8/11/1988 2:31:37", 0, 1, 46);
INSERT INTO Admissao (AdmissaoID, Data, Urgencia, Prioridade, Paciente) VALUES (424, "15/2/2012 3:19:37", 2, 2, 19);
INSERT INTO Admissao (AdmissaoID, Data, Urgencia, Prioridade, Paciente) VALUES (425, "4/10/1989 22:20:34", 3, 1, 203);
INSERT INTO Admissao (AdmissaoID, Data, Urgencia, Prioridade, Paciente) VALUES (426, "20/1/1983 4:39:41", 0, 1, 65);
INSERT INTO Admissao (AdmissaoID, Data, Urgencia, Prioridade, Paciente) VALUES (427, "15/7/1973 6:7:28", 2, 3, 205);
INSERT INTO Admissao (AdmissaoID, Data, Urgencia, Prioridade, Paciente) VALUES (428, "23/2/1974 18:0:18", 0, 3, 32);
INSERT INTO Admissao (AdmissaoID, Data, Urgencia, Prioridade, Paciente) VALUES (429, "20/12/1992 10:30:11", 1, 1, 68);
INSERT INTO Admissao (AdmissaoID, Data, Urgencia, Prioridade, Paciente) VALUES (430, "12/9/1971 8:22:40", 0, 3, 224);
INSERT INTO Admissao (AdmissaoID, Data, Urgencia, Prioridade, Paciente) VALUES (431, "1/10/1965 6:4:37", 1, 0, 36);
INSERT INTO Admissao (AdmissaoID, Data, Urgencia, Prioridade, Paciente) VALUES (432, "28/3/2016 16:25:21", 2, 0, 69);
INSERT INTO Admissao (AdmissaoID, Data, Urgencia, Prioridade, Paciente) VALUES (433, "14/3/2001 8:24:25", 3, 2, 33);
INSERT INTO Admissao (AdmissaoID, Data, Urgencia, Prioridade, Paciente) VALUES (434, "4/6/1983 7:47:50", 2, 3, 101);
INSERT INTO Admissao (AdmissaoID, Data, Urgencia, Prioridade, Paciente) VALUES (435, "20/5/1975 14:57:41", 2, 3, 287);
INSERT INTO Admissao (AdmissaoID, Data, Urgencia, Prioridade, Paciente) VALUES (436, "12/10/2016 14:7:36", 2, 2, 66);
INSERT INTO Admissao (AdmissaoID, Data, Urgencia, Prioridade, Paciente) VALUES (437, "5/9/1984 9:17:41", 2, 2, 27);
INSERT INTO Admissao (AdmissaoID, Data, Urgencia, Prioridade, Paciente) VALUES (438, "25/12/1979 23:18:32", 1, 0, 23);
INSERT INTO Admissao (AdmissaoID, Data, Urgencia, Prioridade, Paciente) VALUES (439, "11/12/1978 12:43:30", 3, 3, 148);
INSERT INTO Admissao (AdmissaoID, Data, Urgencia, Prioridade, Paciente) VALUES (440, "22/5/1983 20:47:35", 1, 1, 248);
INSERT INTO Admissao (AdmissaoID, Data, Urgencia, Prioridade, Paciente) VALUES (441, "20/3/2009 13:48:32", 0, 3, 132);
INSERT INTO Admissao (AdmissaoID, Data, Urgencia, Prioridade, Paciente) VALUES (442, "13/6/1991 13:14:51", 0, 0, 247);
INSERT INTO Admissao (AdmissaoID, Data, Urgencia, Prioridade, Paciente) VALUES (443, "11/8/2012 19:38:32", 0, 1, 55);
INSERT INTO Admissao (AdmissaoID, Data, Urgencia, Prioridade, Paciente) VALUES (444, "6/7/2019 7:28:40", 3, 2, 121);
INSERT INTO Admissao (AdmissaoID, Data, Urgencia, Prioridade, Paciente) VALUES (445, "15/11/1998 11:7:3", 3, 0, 169);
INSERT INTO Admissao (AdmissaoID, Data, Urgencia, Prioridade, Paciente) VALUES (446, "21/2/1967 22:22:44", 3, 0, 177);
INSERT INTO Admissao (AdmissaoID, Data, Urgencia, Prioridade, Paciente) VALUES (447, "7/5/1988 4:22:40", 3, 1, 265);
INSERT INTO Admissao (AdmissaoID, Data, Urgencia, Prioridade, Paciente) VALUES (448, "21/3/1980 14:19:30", 0, 3, 293);
INSERT INTO Admissao (AdmissaoID, Data, Urgencia, Prioridade, Paciente) VALUES (449, "4/6/2005 18:20:27", 0, 0, 173);
INSERT INTO Admissao (AdmissaoID, Data, Urgencia, Prioridade, Paciente) VALUES (450, "10/6/2018 23:3:52", 3, 1, 86);
INSERT INTO Admissao (AdmissaoID, Data, Urgencia, Prioridade, Paciente) VALUES (451, "5/4/1989 19:55:19", 0, 3, 22);
INSERT INTO Admissao (AdmissaoID, Data, Urgencia, Prioridade, Paciente) VALUES (452, "25/11/1980 17:10:23", 2, 1, 7);
INSERT INTO Admissao (AdmissaoID, Data, Urgencia, Prioridade, Paciente) VALUES (453, "7/1/2006 17:45:1", 1, 0, 216);
INSERT INTO Admissao (AdmissaoID, Data, Urgencia, Prioridade, Paciente) VALUES (454, "21/10/2015 13:1:28", 1, 1, 51);
INSERT INTO Admissao (AdmissaoID, Data, Urgencia, Prioridade, Paciente) VALUES (455, "21/8/2013 13:24:28", 2, 3, 131);
INSERT INTO Admissao (AdmissaoID, Data, Urgencia, Prioridade, Paciente) VALUES (456, "14/5/2000 5:52:19", 1, 2, 192);
INSERT INTO Admissao (AdmissaoID, Data, Urgencia, Prioridade, Paciente) VALUES (457, "25/4/1964 23:51:59", 1, 3, 278);
INSERT INTO Admissao (AdmissaoID, Data, Urgencia, Prioridade, Paciente) VALUES (458, "20/2/2019 18:4:15", 0, 3, 210);
INSERT INTO Admissao (AdmissaoID, Data, Urgencia, Prioridade, Paciente) VALUES (459, "27/1/1997 2:23:10", 0, 1, 33);
INSERT INTO Admissao (AdmissaoID, Data, Urgencia, Prioridade, Paciente) VALUES (460, "9/2/1994 11:0:50", 3, 1, 146);
INSERT INTO Admissao (AdmissaoID, Data, Urgencia, Prioridade, Paciente) VALUES (461, "1/6/1999 21:44:34", 2, 0, 241);
INSERT INTO Admissao (AdmissaoID, Data, Urgencia, Prioridade, Paciente) VALUES (462, "3/9/1989 10:33:52", 0, 3, 197);
INSERT INTO Admissao (AdmissaoID, Data, Urgencia, Prioridade, Paciente) VALUES (463, "2/6/1987 17:14:52", 1, 2, 37);
INSERT INTO Admissao (AdmissaoID, Data, Urgencia, Prioridade, Paciente) VALUES (464, "16/7/1970 12:9:59", 0, 1, 280);
INSERT INTO Admissao (AdmissaoID, Data, Urgencia, Prioridade, Paciente) VALUES (465, "20/12/2009 22:6:46", 0, 1, 258);
INSERT INTO Admissao (AdmissaoID, Data, Urgencia, Prioridade, Paciente) VALUES (466, "18/5/1971 14:29:18", 1, 0, 38);
INSERT INTO Admissao (AdmissaoID, Data, Urgencia, Prioridade, Paciente) VALUES (467, "11/4/2002 1:32:59", 0, 3, 300);
INSERT INTO Admissao (AdmissaoID, Data, Urgencia, Prioridade, Paciente) VALUES (468, "15/4/2011 10:52:51", 2, 1, 54);
INSERT INTO Admissao (AdmissaoID, Data, Urgencia, Prioridade, Paciente) VALUES (469, "16/1/1968 19:38:54", 1, 1, 105);
INSERT INTO Admissao (AdmissaoID, Data, Urgencia, Prioridade, Paciente) VALUES (470, "26/8/1968 21:54:21", 0, 0, 18);
INSERT INTO Admissao (AdmissaoID, Data, Urgencia, Prioridade, Paciente) VALUES (471, "17/6/1976 12:57:17", 1, 2, 1);
INSERT INTO Admissao (AdmissaoID, Data, Urgencia, Prioridade, Paciente) VALUES (472, "28/12/1967 9:25:58", 0, 2, 43);
INSERT INTO Admissao (AdmissaoID, Data, Urgencia, Prioridade, Paciente) VALUES (473, "24/6/1984 21:6:52", 0, 0, 103);
INSERT INTO Admissao (AdmissaoID, Data, Urgencia, Prioridade, Paciente) VALUES (474, "11/10/2003 19:15:39", 2, 0, 171);
INSERT INTO Admissao (AdmissaoID, Data, Urgencia, Prioridade, Paciente) VALUES (475, "20/11/1974 8:27:27", 1, 1, 222);
INSERT INTO Admissao (AdmissaoID, Data, Urgencia, Prioridade, Paciente) VALUES (476, "25/7/1965 3:28:9", 0, 3, 98);
INSERT INTO Admissao (AdmissaoID, Data, Urgencia, Prioridade, Paciente) VALUES (477, "9/11/2000 8:16:34", 1, 1, 62);
INSERT INTO Admissao (AdmissaoID, Data, Urgencia, Prioridade, Paciente) VALUES (478, "5/4/1973 13:53:16", 2, 3, 49);
INSERT INTO Admissao (AdmissaoID, Data, Urgencia, Prioridade, Paciente) VALUES (479, "11/8/1965 21:27:17", 0, 0, 273);
INSERT INTO Admissao (AdmissaoID, Data, Urgencia, Prioridade, Paciente) VALUES (480, "8/2/2001 11:21:55", 1, 2, 260);
INSERT INTO Admissao (AdmissaoID, Data, Urgencia, Prioridade, Paciente) VALUES (481, "20/9/1977 22:31:10", 2, 2, 99);
INSERT INTO Admissao (AdmissaoID, Data, Urgencia, Prioridade, Paciente) VALUES (482, "26/5/1977 5:3:54", 3, 0, 266);
INSERT INTO Admissao (AdmissaoID, Data, Urgencia, Prioridade, Paciente) VALUES (483, "10/6/2009 7:26:11", 1, 1, 203);
INSERT INTO Admissao (AdmissaoID, Data, Urgencia, Prioridade, Paciente) VALUES (484, "11/1/1962 6:36:27", 3, 0, 72);
INSERT INTO Admissao (AdmissaoID, Data, Urgencia, Prioridade, Paciente) VALUES (485, "7/5/1995 0:33:49", 0, 1, 139);
INSERT INTO Admissao (AdmissaoID, Data, Urgencia, Prioridade, Paciente) VALUES (486, "19/9/1968 7:44:25", 2, 1, 24);
INSERT INTO Admissao (AdmissaoID, Data, Urgencia, Prioridade, Paciente) VALUES (487, "17/6/1976 18:31:2", 1, 1, 133);
INSERT INTO Admissao (AdmissaoID, Data, Urgencia, Prioridade, Paciente) VALUES (488, "9/10/2001 23:23:2", 3, 1, 143);
INSERT INTO Admissao (AdmissaoID, Data, Urgencia, Prioridade, Paciente) VALUES (489, "15/2/2011 21:19:24", 3, 2, 142);
INSERT INTO Admissao (AdmissaoID, Data, Urgencia, Prioridade, Paciente) VALUES (490, "12/3/1985 2:36:15", 2, 3, 40);
INSERT INTO Admissao (AdmissaoID, Data, Urgencia, Prioridade, Paciente) VALUES (491, "9/3/1990 0:53:48", 2, 1, 196);
INSERT INTO Admissao (AdmissaoID, Data, Urgencia, Prioridade, Paciente) VALUES (492, "27/9/2017 17:49:32", 1, 2, 206);
INSERT INTO Admissao (AdmissaoID, Data, Urgencia, Prioridade, Paciente) VALUES (493, "15/1/1961 6:56:33", 2, 1, 140);
INSERT INTO Admissao (AdmissaoID, Data, Urgencia, Prioridade, Paciente) VALUES (494, "11/6/1989 0:14:47", 1, 1, 123);
INSERT INTO Admissao (AdmissaoID, Data, Urgencia, Prioridade, Paciente) VALUES (495, "4/3/1986 18:6:40", 3, 3, 37);
INSERT INTO Admissao (AdmissaoID, Data, Urgencia, Prioridade, Paciente) VALUES (496, "25/11/1963 18:8:1", 1, 3, 212);
INSERT INTO Admissao (AdmissaoID, Data, Urgencia, Prioridade, Paciente) VALUES (497, "3/7/1967 3:0:31", 1, 1, 61);
INSERT INTO Admissao (AdmissaoID, Data, Urgencia, Prioridade, Paciente) VALUES (498, "24/11/2015 8:6:50", 3, 1, 116);
INSERT INTO Admissao (AdmissaoID, Data, Urgencia, Prioridade, Paciente) VALUES (499, "14/5/2008 2:37:57", 3, 1, 102);
INSERT INTO Admissao (AdmissaoID, Data, Urgencia, Prioridade, Paciente) VALUES (500, "10/12/1973 14:33:49", 3, 0, 124);

-- Occurrence
INSERT INTO Ocorrencia(OcorrenciaID, DataInicio, DataFim, Paciente, Doenca) VALUES (1, "3/7/1967 11:2:20", "6/9/1970 13:5:42", 56, 147);
INSERT INTO Ocorrencia(OcorrenciaID, DataInicio, DataFim, Paciente, Doenca) VALUES (2, "18/9/1993 3:29:8", "19/9/1993 4:47:16", 280, 125);
INSERT INTO Ocorrencia(OcorrenciaID, DataInicio, DataFim, Paciente, Doenca) VALUES (3, "6/5/1983 13:7:23", "9/5/1984 14:23:42", 289, 136);
INSERT INTO Ocorrencia(OcorrenciaID, DataInicio, DataFim, Paciente, Doenca) VALUES (4, "23/9/1998 7:14:6", "26/10/2001 9:30:18", 283, 23);
INSERT INTO Ocorrencia(OcorrenciaID, DataInicio, DataFim, Paciente, Doenca) VALUES (5, "24/9/1979 9:18:20", "24/10/1981 10:19:45", 185, 164);
INSERT INTO Ocorrencia(OcorrenciaID, DataInicio, DataFim, Paciente, Doenca) VALUES (6, "25/3/2003 13:17:15", "28/3/2004 15:23:18", 81, 28);
INSERT INTO Ocorrencia(OcorrenciaID, DataInicio, DataFim, Paciente, Doenca) VALUES (7, "22/9/1970 5:26:13", "22/10/1972 7:36:26", 44, 131);
INSERT INTO Ocorrencia(OcorrenciaID, DataInicio, DataFim, Paciente, Doenca) VALUES (8, "17/8/1995 21:2:16", "17/9/1997 22:13:16", 226, 43);
INSERT INTO Ocorrencia(OcorrenciaID, DataInicio, DataFim, Paciente, Doenca) VALUES (9, "13/4/2013 6:3:22", "14/4/2016 7:28:24", 145, 67);
INSERT INTO Ocorrencia(OcorrenciaID, DataInicio, DataFim, Paciente, Doenca) VALUES (10, "25/3/1962 15:23:22", "25/3/1965 17:53:39", 282, 226);
INSERT INTO Ocorrencia(OcorrenciaID, DataInicio, DataFim, Paciente, Doenca) VALUES (11, "23/5/1986 18:1:12", "25/5/1989 19:1:22", 64, 68);
INSERT INTO Ocorrencia(OcorrenciaID, DataInicio, DataFim, Paciente, Doenca) VALUES (12, "4/8/1968 16:12:0", "5/9/1968 18:19:7", 273, 182);
INSERT INTO Ocorrencia(OcorrenciaID, DataInicio, DataFim, Paciente, Doenca) VALUES (13, "19/5/2011 21:7:23", "22/6/2012 22:21:32", 195, 128);
INSERT INTO Ocorrencia(OcorrenciaID, DataInicio, DataFim, Paciente, Doenca) VALUES (14, "10/3/1998 20:24:24", "11/5/1998 22:37:34", 84, 103);
INSERT INTO Ocorrencia(OcorrenciaID, DataInicio, DataFim, Paciente, Doenca) VALUES (15, "20/4/1997 1:7:0", "20/4/1998 3:36:21", 205, 160);
INSERT INTO Ocorrencia(OcorrenciaID, DataInicio, DataFim, Paciente, Doenca) VALUES (16, "5/6/1971 4:10:25", "7/7/1973 5:26:39", 107, 6);
INSERT INTO Ocorrencia(OcorrenciaID, DataInicio, DataFim, Paciente, Doenca) VALUES (17, "5/2/1980 18:26:29", "8/2/1983 19:40:44", 16, 36);
INSERT INTO Ocorrencia(OcorrenciaID, DataInicio, DataFim, Paciente, Doenca) VALUES (18, "21/3/1982 6:9:29", "21/3/1982 7:27:43", 139, 10);
INSERT INTO Ocorrencia(OcorrenciaID, DataInicio, DataFim, Paciente, Doenca) VALUES (19, "1/5/1996 1:0:26", "3/7/1996 3:16:39", 152, 202);
INSERT INTO Ocorrencia(OcorrenciaID, DataInicio, DataFim, Paciente, Doenca) VALUES (20, "13/5/1997 0:0:20", "13/6/2000 1:16:22", 161, 100);
INSERT INTO Ocorrencia(OcorrenciaID, DataInicio, DataFim, Paciente, Doenca) VALUES (21, "21/1/2009 3:7:7", "22/1/2012 5:29:19", 28, 108);
INSERT INTO Ocorrencia(OcorrenciaID, DataInicio, DataFim, Paciente, Doenca) VALUES (22, "18/9/2005 15:2:2", "20/9/2006 17:18:22", 22, 151);
INSERT INTO Ocorrencia(OcorrenciaID, DataInicio, DataFim, Paciente, Doenca) VALUES (23, "9/6/2004 2:13:13", "11/7/2004 4:41:31", 288, 11);
INSERT INTO Ocorrencia(OcorrenciaID, DataInicio, DataFim, Paciente, Doenca) VALUES (24, "3/1/1970 17:16:3", "5/3/1970 18:27:33", 272, 209);
INSERT INTO Ocorrencia(OcorrenciaID, DataInicio, DataFim, Paciente, Doenca) VALUES (25, "15/7/1993 13:29:27", "17/7/1996 15:43:48", 252, 12);
INSERT INTO Ocorrencia(OcorrenciaID, DataInicio, DataFim, Paciente, Doenca) VALUES (26, "14/10/1976 8:12:3", "14/10/1977 10:33:16", 135, 121);
INSERT INTO Ocorrencia(OcorrenciaID, DataInicio, DataFim, Paciente, Doenca) VALUES (27, "4/4/1964 13:17:2", "4/5/1967 15:43:10", 203, 158);
INSERT INTO Ocorrencia(OcorrenciaID, DataInicio, DataFim, Paciente, Doenca) VALUES (28, "5/4/1978 1:18:1", "7/6/1981 2:35:2", 246, 34);
INSERT INTO Ocorrencia(OcorrenciaID, DataInicio, DataFim, Paciente, Doenca) VALUES (29, "15/4/1982 3:19:3", "16/6/1985 5:22:6", 46, 166);
INSERT INTO Ocorrencia(OcorrenciaID, DataInicio, DataFim, Paciente, Doenca) VALUES (30, "1/7/1998 14:14:25", "2/7/1998 15:44:30", 224, 123);
INSERT INTO Ocorrencia(OcorrenciaID, DataInicio, DataFim, Paciente, Doenca) VALUES (31, "18/6/1988 10:27:12", "19/8/1990 12:41:41", 290, 18);
INSERT INTO Ocorrencia(OcorrenciaID, DataInicio, DataFim, Paciente, Doenca) VALUES (32, "6/1/1994 12:16:12", "8/1/1997 13:29:42", 15, 228);
INSERT INTO Ocorrencia(OcorrenciaID, DataInicio, DataFim, Paciente, Doenca) VALUES (33, "16/1/1980 16:29:5", "19/3/1982 18:35:12", 152, 224);
INSERT INTO Ocorrencia(OcorrenciaID, DataInicio, DataFim, Paciente, Doenca) VALUES (34, "1/1/1966 11:4:3", "3/1/1968 12:23:28", 166, 112);
INSERT INTO Ocorrencia(OcorrenciaID, DataInicio, DataFim, Paciente, Doenca) VALUES (35, "8/7/2015 9:1:22", "9/7/2015 10:6:27", 161, 53);
INSERT INTO Ocorrencia(OcorrenciaID, DataInicio, DataFim, Paciente, Doenca) VALUES (36, "15/1/1984 9:2:24", "18/2/1984 10:10:34", 174, 45);
INSERT INTO Ocorrencia(OcorrenciaID, DataInicio, DataFim, Paciente, Doenca) VALUES (37, "21/3/2003 12:18:21", "24/5/2004 13:42:33", 119, 70);
INSERT INTO Ocorrencia(OcorrenciaID, DataInicio, DataFim, Paciente, Doenca) VALUES (38, "11/9/1981 7:23:7", "13/11/1982 9:37:25", 6, 100);
INSERT INTO Ocorrencia(OcorrenciaID, DataInicio, DataFim, Paciente, Doenca) VALUES (39, "19/6/1993 4:6:14", "21/7/1995 6:14:15", 72, 177);
INSERT INTO Ocorrencia(OcorrenciaID, DataInicio, DataFim, Paciente, Doenca) VALUES (40, "5/5/1968 1:6:5", "8/6/1969 2:30:34", 259, 126);
INSERT INTO Ocorrencia(OcorrenciaID, DataInicio, DataFim, Paciente, Doenca) VALUES (41, "13/10/1987 1:5:27", "15/10/1988 3:7:41", 11, 150);
INSERT INTO Ocorrencia(OcorrenciaID, DataInicio, DataFim, Paciente, Doenca) VALUES (42, "21/1/1995 14:21:23", "23/3/1996 16:24:27", 69, 210);
INSERT INTO Ocorrencia(OcorrenciaID, DataInicio, DataFim, Paciente, Doenca) VALUES (43, "9/3/1985 16:0:13", "10/5/1986 17:19:35", 134, 218);
INSERT INTO Ocorrencia(OcorrenciaID, DataInicio, DataFim, Paciente, Doenca) VALUES (44, "17/3/1979 18:29:24", "19/5/1982 19:56:45", 232, 20);
INSERT INTO Ocorrencia(OcorrenciaID, DataInicio, DataFim, Paciente, Doenca) VALUES (45, "1/3/1980 11:0:7", "4/4/1983 13:4:15", 278, 88);
INSERT INTO Ocorrencia(OcorrenciaID, DataInicio, DataFim, Paciente, Doenca) VALUES (46, "3/1/1974 8:10:3", "4/2/1976 10:40:27", 105, 29);
INSERT INTO Ocorrencia(OcorrenciaID, DataInicio, DataFim, Paciente, Doenca) VALUES (47, "3/1/1967 6:5:25", "5/1/1970 8:10:38", 220, 108);
INSERT INTO Ocorrencia(OcorrenciaID, DataInicio, DataFim, Paciente, Doenca) VALUES (48, "3/5/1998 10:6:26", "6/6/2000 12:26:45", 108, 7);
INSERT INTO Ocorrencia(OcorrenciaID, DataInicio, DataFim, Paciente, Doenca) VALUES (49, "20/9/1993 15:2:24", "23/11/1993 16:30:34", 101, 7);
INSERT INTO Ocorrencia(OcorrenciaID, DataInicio, DataFim, Paciente, Doenca) VALUES (50, "12/7/1996 19:17:0", "14/9/1997 20:46:7", 46, 6);
INSERT INTO Ocorrencia(OcorrenciaID, DataInicio, DataFim, Paciente, Doenca) VALUES (51, "13/1/1970 4:20:13", "16/2/1971 6:31:29", 284, 54);
INSERT INTO Ocorrencia(OcorrenciaID, DataInicio, DataFim, Paciente, Doenca) VALUES (52, "6/4/1974 12:7:10", "8/5/1976 14:36:37", 89, 173);
INSERT INTO Ocorrencia(OcorrenciaID, DataInicio, DataFim, Paciente, Doenca) VALUES (53, "1/8/1977 12:29:20", "3/10/1977 14:30:34", 53, 5);
INSERT INTO Ocorrencia(OcorrenciaID, DataInicio, DataFim, Paciente, Doenca) VALUES (54, "10/4/1988 18:24:15", "10/5/1988 19:37:33", 297, 100);
INSERT INTO Ocorrencia(OcorrenciaID, DataInicio, DataFim, Paciente, Doenca) VALUES (55, "16/5/1980 17:28:21", "17/6/1980 18:37:43", 68, 167);
INSERT INTO Ocorrencia(OcorrenciaID, DataInicio, DataFim, Paciente, Doenca) VALUES (56, "3/4/1974 21:7:28", "3/6/1976 22:24:33", 198, 19);
INSERT INTO Ocorrencia(OcorrenciaID, DataInicio, DataFim, Paciente, Doenca) VALUES (57, "22/6/1976 9:15:29", "23/8/1977 10:34:49", 54, 137);
INSERT INTO Ocorrencia(OcorrenciaID, DataInicio, DataFim, Paciente, Doenca) VALUES (58, "7/8/1973 15:5:14", "7/10/1973 17:18:36", 40, 150);
INSERT INTO Ocorrencia(OcorrenciaID, DataInicio, DataFim, Paciente, Doenca) VALUES (59, "25/9/1981 5:11:24", "28/11/1983 7:40:47", 256, 40);
INSERT INTO Ocorrencia(OcorrenciaID, DataInicio, DataFim, Paciente, Doenca) VALUES (60, "3/1/2009 2:8:10", "4/3/2011 4:11:38", 112, 160);
INSERT INTO Ocorrencia(OcorrenciaID, DataInicio, DataFim, Paciente, Doenca) VALUES (61, "22/2/1971 21:6:1", "23/3/1971 22:16:28", 272, 191);
INSERT INTO Ocorrencia(OcorrenciaID, DataInicio, DataFim, Paciente, Doenca) VALUES (62, "16/7/1987 4:10:19", "19/9/1989 6:23:42", 61, 124);
INSERT INTO Ocorrencia(OcorrenciaID, DataInicio, DataFim, Paciente, Doenca) VALUES (63, "17/4/1975 16:13:6", "19/4/1977 18:31:23", 180, 212);
INSERT INTO Ocorrencia(OcorrenciaID, DataInicio, DataFim, Paciente, Doenca) VALUES (64, "11/2/1960 10:23:23", "13/4/1961 11:47:36", 113, 147);
INSERT INTO Ocorrencia(OcorrenciaID, DataInicio, DataFim, Paciente, Doenca) VALUES (65, "20/5/1994 14:6:26", "21/5/1995 16:6:41", 244, 182);
INSERT INTO Ocorrencia(OcorrenciaID, DataInicio, DataFim, Paciente, Doenca) VALUES (66, "12/10/2006 17:8:27", "14/11/2006 19:30:55", 190, 201);
INSERT INTO Ocorrencia(OcorrenciaID, DataInicio, DataFim, Paciente, Doenca) VALUES (67, "4/6/1979 11:7:26", "7/8/1979 12:32:48", 38, 199);
INSERT INTO Ocorrencia(OcorrenciaID, DataInicio, DataFim, Paciente, Doenca) VALUES (68, "7/10/2006 21:18:26", "8/12/2007 22:39:54", 265, 79);
INSERT INTO Ocorrencia(OcorrenciaID, DataInicio, DataFim, Paciente, Doenca) VALUES (69, "7/5/1975 18:15:2", "9/7/1978 20:42:19", 246, 8);
INSERT INTO Ocorrencia(OcorrenciaID, DataInicio, DataFim, Paciente, Doenca) VALUES (70, "20/6/1970 17:26:25", "23/6/1971 18:37:47", 178, 180);
INSERT INTO Ocorrencia(OcorrenciaID, DataInicio, DataFim, Paciente, Doenca) VALUES (71, "17/8/1960 17:17:0", "19/8/1963 19:23:18", 113, 20);
INSERT INTO Ocorrencia(OcorrenciaID, DataInicio, DataFim, Paciente, Doenca) VALUES (72, "9/2/1990 15:14:18", "12/4/1992 17:20:26", 84, 230);
INSERT INTO Ocorrencia(OcorrenciaID, DataInicio, DataFim, Paciente, Doenca) VALUES (73, "21/7/2008 9:12:26", "21/9/2008 11:20:28", 99, 204);
INSERT INTO Ocorrencia(OcorrenciaID, DataInicio, DataFim, Paciente, Doenca) VALUES (74, "12/3/2018 10:11:4", "14/5/2020 12:31:33", 18, 222);
INSERT INTO Ocorrencia(OcorrenciaID, DataInicio, DataFim, Paciente, Doenca) VALUES (75, "19/1/2003 17:3:2", "19/2/2005 18:23:10", 140, 5);
INSERT INTO Ocorrencia(OcorrenciaID, DataInicio, DataFim, Paciente, Doenca) VALUES (76, "15/9/1964 2:8:23", "15/9/1964 4:28:35", 281, 136);
INSERT INTO Ocorrencia(OcorrenciaID, DataInicio, DataFim, Paciente, Doenca) VALUES (77, "24/2/1964 5:29:15", "24/2/1966 7:37:18", 142, 153);
INSERT INTO Ocorrencia(OcorrenciaID, DataInicio, DataFim, Paciente, Doenca) VALUES (78, "20/2/1985 18:23:0", "23/2/1986 20:45:19", 85, 189);
INSERT INTO Ocorrencia(OcorrenciaID, DataInicio, DataFim, Paciente, Doenca) VALUES (79, "4/8/1968 2:20:4", "5/8/1969 3:40:23", 184, 125);
INSERT INTO Ocorrencia(OcorrenciaID, DataInicio, DataFim, Paciente, Doenca) VALUES (80, "13/3/1960 13:0:4", "14/5/1960 15:12:27", 89, 215);
INSERT INTO Ocorrencia(OcorrenciaID, DataInicio, DataFim, Paciente, Doenca) VALUES (81, "22/4/2002 14:17:19", "22/6/2004 16:18:22", 185, 184);
INSERT INTO Ocorrencia(OcorrenciaID, DataInicio, DataFim, Paciente, Doenca) VALUES (82, "2/5/2008 19:8:10", "5/6/2009 20:32:13", 276, 21);
INSERT INTO Ocorrencia(OcorrenciaID, DataInicio, DataFim, Paciente, Doenca) VALUES (83, "11/7/2007 4:8:9", "13/9/2007 6:35:36", 55, 100);
INSERT INTO Ocorrencia(OcorrenciaID, DataInicio, DataFim, Paciente, Doenca) VALUES (84, "13/10/1977 21:12:4", "15/10/1978 23:38:15", 263, 74);
INSERT INTO Ocorrencia(OcorrenciaID, DataInicio, DataFim, Paciente, Doenca) VALUES (85, "13/9/2016 6:22:3", "13/10/2018 8:40:33", 112, 33);
INSERT INTO Ocorrencia(OcorrenciaID, DataInicio, DataFim, Paciente, Doenca) VALUES (86, "4/2/2014 14:20:13", "6/2/2017 16:21:24", 237, 161);
INSERT INTO Ocorrencia(OcorrenciaID, DataInicio, DataFim, Paciente, Doenca) VALUES (87, "25/10/1978 15:6:4", "25/10/1980 17:26:25", 130, 53);
INSERT INTO Ocorrencia(OcorrenciaID, DataInicio, DataFim, Paciente, Doenca) VALUES (88, "15/9/1982 16:17:18", "16/9/1983 17:32:29", 213, 24);
INSERT INTO Ocorrencia(OcorrenciaID, DataInicio, DataFim, Paciente, Doenca) VALUES (89, "19/6/1998 10:3:20", "20/7/1998 12:16:33", 85, 132);
INSERT INTO Ocorrencia(OcorrenciaID, DataInicio, DataFim, Paciente, Doenca) VALUES (90, "24/9/1972 5:25:22", "24/11/1975 7:46:24", 268, 22);
INSERT INTO Ocorrencia(OcorrenciaID, DataInicio, DataFim, Paciente, Doenca) VALUES (91, "11/4/1973 1:0:23", "12/6/1975 2:15:41", 80, 144);
INSERT INTO Ocorrencia(OcorrenciaID, DataInicio, DataFim, Paciente, Doenca) VALUES (92, "12/10/2015 17:26:2", "14/10/2016 18:37:3", 46, 202);
INSERT INTO Ocorrencia(OcorrenciaID, DataInicio, DataFim, Paciente, Doenca) VALUES (93, "12/10/1969 4:0:26", "12/10/1972 5:10:56", 299, 13);
INSERT INTO Ocorrencia(OcorrenciaID, DataInicio, DataFim, Paciente, Doenca) VALUES (94, "21/8/1965 5:7:14", "22/9/1965 6:35:14", 18, 85);
INSERT INTO Ocorrencia(OcorrenciaID, DataInicio, DataFim, Paciente, Doenca) VALUES (95, "12/3/1961 17:25:24", "15/3/1962 18:45:25", 37, 228);
INSERT INTO Ocorrencia(OcorrenciaID, DataInicio, DataFim, Paciente, Doenca) VALUES (96, "14/9/1971 9:3:23", "15/10/1974 11:11:45", 142, 185);
INSERT INTO Ocorrencia(OcorrenciaID, DataInicio, DataFim, Paciente, Doenca) VALUES (97, "1/10/2013 0:29:22", "1/12/2013 2:51:26", 150, 9);
INSERT INTO Ocorrencia(OcorrenciaID, DataInicio, DataFim, Paciente, Doenca) VALUES (98, "1/1/1976 8:23:11", "4/1/1979 10:45:34", 36, 96);
INSERT INTO Ocorrencia(OcorrenciaID, DataInicio, DataFim, Paciente, Doenca) VALUES (99, "11/10/1976 20:12:14", "13/10/1979 21:28:25", 93, 63);
INSERT INTO Ocorrencia(OcorrenciaID, DataInicio, DataFim, Paciente, Doenca) VALUES (100, "19/1/2010 19:18:25", "19/1/2010 21:34:33", 139, 15);
INSERT INTO Ocorrencia(OcorrenciaID, DataInicio, DataFim, Paciente, Doenca) VALUES (101, "12/8/2003 16:2:12", "14/8/2006 17:30:36", 31, 16);
INSERT INTO Ocorrencia(OcorrenciaID, DataInicio, DataFim, Paciente, Doenca) VALUES (102, "1/4/2000 19:27:7", "2/4/2001 21:54:36", 108, 86);
INSERT INTO Ocorrencia(OcorrenciaID, DataInicio, DataFim, Paciente, Doenca) VALUES (103, "4/10/2015 13:4:11", "7/11/2016 15:12:35", 29, 58);
INSERT INTO Ocorrencia(OcorrenciaID, DataInicio, DataFim, Paciente, Doenca) VALUES (104, "12/7/2011 9:23:23", "12/7/2012 11:27:39", 73, 80);
INSERT INTO Ocorrencia(OcorrenciaID, DataInicio, DataFim, Paciente, Doenca) VALUES (105, "11/6/1960 10:5:11", "12/7/1962 12:34:24", 16, 183);
INSERT INTO Ocorrencia(OcorrenciaID, DataInicio, DataFim, Paciente, Doenca) VALUES (106, "5/6/1976 6:28:22", "6/7/1977 8:28:25", 125, 185);
INSERT INTO Ocorrencia(OcorrenciaID, DataInicio, DataFim, Paciente, Doenca) VALUES (107, "8/10/1983 9:7:11", "9/12/1985 10:28:26", 2, 195);
INSERT INTO Ocorrencia(OcorrenciaID, DataInicio, DataFim, Paciente, Doenca) VALUES (108, "21/9/2007 15:4:0", "21/11/2007 16:32:21", 264, 223);
INSERT INTO Ocorrencia(OcorrenciaID, DataInicio, DataFim, Paciente, Doenca) VALUES (109, "22/8/1997 12:10:27", "22/9/2000 13:28:48", 28, 22);
INSERT INTO Ocorrencia(OcorrenciaID, DataInicio, DataFim, Paciente, Doenca) VALUES (110, "4/7/1995 16:28:11", "6/9/1996 18:48:11", 57, 148);
INSERT INTO Ocorrencia(OcorrenciaID, DataInicio, DataFim, Paciente, Doenca) VALUES (111, "21/10/1987 19:29:16", "21/12/1988 21:52:29", 181, 83);
INSERT INTO Ocorrencia(OcorrenciaID, DataInicio, DataFim, Paciente, Doenca) VALUES (112, "18/5/1961 18:22:23", "18/6/1962 19:27:29", 2, 50);
INSERT INTO Ocorrencia(OcorrenciaID, DataInicio, DataFim, Paciente, Doenca) VALUES (113, "23/5/1982 16:7:12", "24/6/1982 18:32:13", 280, 227);
INSERT INTO Ocorrencia(OcorrenciaID, DataInicio, DataFim, Paciente, Doenca) VALUES (114, "24/3/1978 1:18:29", "27/4/1979 3:26:59", 279, 188);
INSERT INTO Ocorrencia(OcorrenciaID, DataInicio, DataFim, Paciente, Doenca) VALUES (115, "17/8/1994 14:15:4", "20/9/1996 15:26:20", 218, 21);
INSERT INTO Ocorrencia(OcorrenciaID, DataInicio, DataFim, Paciente, Doenca) VALUES (116, "1/3/2008 20:0:11", "4/3/2010 21:28:30", 153, 179);
INSERT INTO Ocorrencia(OcorrenciaID, DataInicio, DataFim, Paciente, Doenca) VALUES (117, "14/6/2010 16:2:19", "15/6/2011 17:22:26", 226, 14);
INSERT INTO Ocorrencia(OcorrenciaID, DataInicio, DataFim, Paciente, Doenca) VALUES (118, "25/9/1985 17:4:15", "26/10/1985 18:29:33", 4, 164);
INSERT INTO Ocorrencia(OcorrenciaID, DataInicio, DataFim, Paciente, Doenca) VALUES (119, "14/5/2001 14:15:22", "17/7/2001 15:34:47", 277, 124);
INSERT INTO Ocorrencia(OcorrenciaID, DataInicio, DataFim, Paciente, Doenca) VALUES (120, "11/6/2014 1:22:14", "13/7/2015 3:35:16", 285, 56);
INSERT INTO Ocorrencia(OcorrenciaID, DataInicio, DataFim, Paciente, Doenca) VALUES (121, "3/2/1971 17:29:1", "3/4/1971 19:42:12", 75, 189);
INSERT INTO Ocorrencia(OcorrenciaID, DataInicio, DataFim, Paciente, Doenca) VALUES (122, "11/10/1992 1:10:22", "11/10/1994 2:11:30", 50, 207);
INSERT INTO Ocorrencia(OcorrenciaID, DataInicio, DataFim, Paciente, Doenca) VALUES (123, "8/9/1981 21:9:8", "10/10/1981 23:33:31", 10, 126);
INSERT INTO Ocorrencia(OcorrenciaID, DataInicio, DataFim, Paciente, Doenca) VALUES (124, "17/6/1988 19:19:0", "20/7/1990 21:34:28", 289, 2);
INSERT INTO Ocorrencia(OcorrenciaID, DataInicio, DataFim, Paciente, Doenca) VALUES (125, "3/7/1972 15:4:4", "4/8/1975 17:10:23", 122, 195);
INSERT INTO Ocorrencia(OcorrenciaID, DataInicio, DataFim, Paciente, Doenca) VALUES (126, "14/5/1963 16:7:14", "16/6/1965 18:21:22", 222, 30);
INSERT INTO Ocorrencia(OcorrenciaID, DataInicio, DataFim, Paciente, Doenca) VALUES (127, "6/8/1997 7:12:10", "9/10/1997 9:28:18", 291, 127);
INSERT INTO Ocorrencia(OcorrenciaID, DataInicio, DataFim, Paciente, Doenca) VALUES (128, "23/7/2013 15:4:25", "26/9/2015 17:26:54", 276, 161);
INSERT INTO Ocorrencia(OcorrenciaID, DataInicio, DataFim, Paciente, Doenca) VALUES (129, "14/3/1983 5:1:8", "17/5/1984 7:5:17", 151, 220);
INSERT INTO Ocorrencia(OcorrenciaID, DataInicio, DataFim, Paciente, Doenca) VALUES (130, "7/2/1988 5:22:15", "10/2/1988 6:47:34", 263, 178);
INSERT INTO Ocorrencia(OcorrenciaID, DataInicio, DataFim, Paciente, Doenca) VALUES (131, "9/8/1991 5:29:4", "10/9/1993 7:49:13", 299, 34);
INSERT INTO Ocorrencia(OcorrenciaID, DataInicio, DataFim, Paciente, Doenca) VALUES (132, "16/5/2010 18:11:20", "16/7/2010 19:28:49", 133, 130);
INSERT INTO Ocorrencia(OcorrenciaID, DataInicio, DataFim, Paciente, Doenca) VALUES (133, "1/7/2010 17:13:12", "1/7/2011 19:25:35", 118, 68);
INSERT INTO Ocorrencia(OcorrenciaID, DataInicio, DataFim, Paciente, Doenca) VALUES (134, "4/10/1977 20:0:8", "4/11/1980 21:12:32", 6, 159);
INSERT INTO Ocorrencia(OcorrenciaID, DataInicio, DataFim, Paciente, Doenca) VALUES (135, "17/8/2001 11:2:19", "19/9/2003 13:25:38", 88, 172);
INSERT INTO Ocorrencia(OcorrenciaID, DataInicio, DataFim, Paciente, Doenca) VALUES (136, "20/10/1990 20:28:13", "20/12/1990 22:57:29", 243, 123);
INSERT INTO Ocorrencia(OcorrenciaID, DataInicio, DataFim, Paciente, Doenca) VALUES (137, "17/9/1968 3:0:17", "20/9/1970 4:24:31", 241, 17);
INSERT INTO Ocorrencia(OcorrenciaID, DataInicio, DataFim, Paciente, Doenca) VALUES (138, "13/3/2012 10:20:27", "14/3/2014 12:42:34", 95, 131);
INSERT INTO Ocorrencia(OcorrenciaID, DataInicio, DataFim, Paciente, Doenca) VALUES (139, "6/7/1978 15:11:9", "9/8/1978 16:21:17", 196, 19);
INSERT INTO Ocorrencia(OcorrenciaID, DataInicio, DataFim, Paciente, Doenca) VALUES (140, "10/6/1977 4:22:23", "11/6/1977 6:30:33", 171, 16);
INSERT INTO Ocorrencia(OcorrenciaID, DataInicio, DataFim, Paciente, Doenca) VALUES (141, "13/6/1991 4:12:23", "13/7/1992 6:39:40", 120, 60);
INSERT INTO Ocorrencia(OcorrenciaID, DataInicio, DataFim, Paciente, Doenca) VALUES (142, "12/6/2015 13:11:23", "15/8/2017 14:11:43", 269, 221);
INSERT INTO Ocorrencia(OcorrenciaID, DataInicio, DataFim, Paciente, Doenca) VALUES (143, "6/4/2009 9:16:18", "8/5/2011 10:22:22", 174, 4);
INSERT INTO Ocorrencia(OcorrenciaID, DataInicio, DataFim, Paciente, Doenca) VALUES (144, "7/1/2006 19:14:27", "9/2/2007 20:32:35", 259, 5);
INSERT INTO Ocorrencia(OcorrenciaID, DataInicio, DataFim, Paciente, Doenca) VALUES (145, "12/5/2000 7:3:19", "15/5/2001 8:20:24", 109, 45);
INSERT INTO Ocorrencia(OcorrenciaID, DataInicio, DataFim, Paciente, Doenca) VALUES (146, "17/7/2006 0:27:16", "20/8/2007 2:49:21", 281, 29);
INSERT INTO Ocorrencia(OcorrenciaID, DataInicio, DataFim, Paciente, Doenca) VALUES (147, "9/8/1996 21:24:10", "11/9/1997 23:36:24", 148, 230);
INSERT INTO Ocorrencia(OcorrenciaID, DataInicio, DataFim, Paciente, Doenca) VALUES (148, "14/6/1974 5:3:7", "14/8/1975 7:16:12", 174, 177);
INSERT INTO Ocorrencia(OcorrenciaID, DataInicio, DataFim, Paciente, Doenca) VALUES (149, "1/5/2012 17:21:17", "2/6/2015 18:32:42", 232, 173);
INSERT INTO Ocorrencia(OcorrenciaID, DataInicio, DataFim, Paciente, Doenca) VALUES (150, "13/9/1963 14:20:27", "16/10/1963 15:38:34", 287, 138);
INSERT INTO Ocorrencia(OcorrenciaID, DataInicio, DataFim, Paciente, Doenca) VALUES (151, "11/6/1986 19:4:9", "13/6/1986 20:23:32", 198, 31);
INSERT INTO Ocorrencia(OcorrenciaID, DataInicio, DataFim, Paciente, Doenca) VALUES (152, "17/4/1971 20:16:20", "18/6/1974 21:41:47", 242, 195);
INSERT INTO Ocorrencia(OcorrenciaID, DataInicio, DataFim, Paciente, Doenca) VALUES (153, "18/6/2002 17:22:7", "18/8/2003 18:45:22", 264, 177);
INSERT INTO Ocorrencia(OcorrenciaID, DataInicio, DataFim, Paciente, Doenca) VALUES (154, "16/1/1993 5:19:24", "17/3/1993 7:21:34", 202, 177);
INSERT INTO Ocorrencia(OcorrenciaID, DataInicio, DataFim, Paciente, Doenca) VALUES (155, "1/2/2009 5:22:22", "3/2/2012 6:48:27", 22, 71);
INSERT INTO Ocorrencia(OcorrenciaID, DataInicio, DataFim, Paciente, Doenca) VALUES (156, "22/1/1993 12:4:6", "22/3/1996 14:21:6", 49, 135);
INSERT INTO Ocorrencia(OcorrenciaID, DataInicio, DataFim, Paciente, Doenca) VALUES (157, "2/7/2004 13:7:6", "2/8/2007 14:27:24", 183, 5);
INSERT INTO Ocorrencia(OcorrenciaID, DataInicio, DataFim, Paciente, Doenca) VALUES (158, "18/2/2002 5:25:3", "18/2/2005 6:36:16", 66, 198);
INSERT INTO Ocorrencia(OcorrenciaID, DataInicio, DataFim, Paciente, Doenca) VALUES (159, "8/2/1974 8:9:25", "11/2/1975 9:12:28", 211, 86);
INSERT INTO Ocorrencia(OcorrenciaID, DataInicio, DataFim, Paciente, Doenca) VALUES (160, "6/6/2016 1:5:24", "8/7/2016 3:10:40", 177, 3);
INSERT INTO Ocorrencia(OcorrenciaID, DataInicio, DataFim, Paciente, Doenca) VALUES (161, "11/4/1969 6:5:14", "12/6/1972 8:30:18", 108, 211);
INSERT INTO Ocorrencia(OcorrenciaID, DataInicio, DataFim, Paciente, Doenca) VALUES (162, "6/5/2010 0:16:2", "6/5/2011 1:34:14", 195, 12);
INSERT INTO Ocorrencia(OcorrenciaID, DataInicio, DataFim, Paciente, Doenca) VALUES (163, "16/4/1965 8:25:5", "16/4/1967 9:40:10", 28, 103);
INSERT INTO Ocorrencia(OcorrenciaID, DataInicio, DataFim, Paciente, Doenca) VALUES (164, "23/3/1971 21:26:17", "23/4/1974 22:32:33", 148, 72);
INSERT INTO Ocorrencia(OcorrenciaID, DataInicio, DataFim, Paciente, Doenca) VALUES (165, "24/5/1993 12:22:16", "27/6/1996 14:24:38", 69, 71);
INSERT INTO Ocorrencia(OcorrenciaID, DataInicio, DataFim, Paciente, Doenca) VALUES (166, "1/10/1978 14:6:18", "3/11/1979 15:10:38", 118, 198);
INSERT INTO Ocorrencia(OcorrenciaID, DataInicio, DataFim, Paciente, Doenca) VALUES (167, "1/6/1974 19:22:12", "1/8/1976 21:48:32", 26, 200);
INSERT INTO Ocorrencia(OcorrenciaID, DataInicio, DataFim, Paciente, Doenca) VALUES (168, "9/9/2007 14:12:14", "9/11/2009 15:20:44", 196, 1);
INSERT INTO Ocorrencia(OcorrenciaID, DataInicio, DataFim, Paciente, Doenca) VALUES (169, "23/7/1984 0:23:25", "25/9/1987 2:39:26", 159, 118);
INSERT INTO Ocorrencia(OcorrenciaID, DataInicio, DataFim, Paciente, Doenca) VALUES (170, "24/9/2006 0:9:0", "27/9/2006 1:39:0", 71, 121);
INSERT INTO Ocorrencia(OcorrenciaID, DataInicio, DataFim, Paciente, Doenca) VALUES (171, "8/1/1977 19:29:17", "10/1/1977 20:40:19", 201, 159);
INSERT INTO Ocorrencia(OcorrenciaID, DataInicio, DataFim, Paciente, Doenca) VALUES (172, "5/1/1995 2:8:3", "5/2/1995 3:15:24", 204, 78);
INSERT INTO Ocorrencia(OcorrenciaID, DataInicio, DataFim, Paciente, Doenca) VALUES (173, "20/4/1961 2:4:17", "20/4/1962 3:16:42", 137, 181);
INSERT INTO Ocorrencia(OcorrenciaID, DataInicio, DataFim, Paciente, Doenca) VALUES (174, "22/4/1989 5:19:21", "23/6/1990 7:37:32", 76, 14);
INSERT INTO Ocorrencia(OcorrenciaID, DataInicio, DataFim, Paciente, Doenca) VALUES (175, "19/8/2007 2:9:17", "20/8/2008 3:11:43", 186, 196);
INSERT INTO Ocorrencia(OcorrenciaID, DataInicio, DataFim, Paciente, Doenca) VALUES (176, "23/10/2009 10:9:8", "25/12/2011 12:31:38", 251, 25);
INSERT INTO Ocorrencia(OcorrenciaID, DataInicio, DataFim, Paciente, Doenca) VALUES (177, "3/5/1983 12:26:20", "4/5/1984 14:27:26", 2, 31);
INSERT INTO Ocorrencia(OcorrenciaID, DataInicio, DataFim, Paciente, Doenca) VALUES (178, "16/10/1972 9:13:6", "16/11/1972 10:16:7", 224, 177);
INSERT INTO Ocorrencia(OcorrenciaID, DataInicio, DataFim, Paciente, Doenca) VALUES (179, "12/4/1985 2:24:8", "14/5/1987 3:52:29", 155, 137);
INSERT INTO Ocorrencia(OcorrenciaID, DataInicio, DataFim, Paciente, Doenca) VALUES (180, "10/1/2009 5:5:28", "11/1/2010 6:6:39", 155, 19);
INSERT INTO Ocorrencia(OcorrenciaID, DataInicio, DataFim, Paciente, Doenca) VALUES (181, "20/5/2018 18:8:28", "22/6/2019 20:29:42", 216, 210);
INSERT INTO Ocorrencia(OcorrenciaID, DataInicio, DataFim, Paciente, Doenca) VALUES (182, "11/1/1983 16:12:24", "11/1/1984 18:39:34", 71, 178);
INSERT INTO Ocorrencia(OcorrenciaID, DataInicio, DataFim, Paciente, Doenca) VALUES (183, "19/1/1974 6:23:8", "21/3/1975 7:30:11", 130, 95);
INSERT INTO Ocorrencia(OcorrenciaID, DataInicio, DataFim, Paciente, Doenca) VALUES (184, "20/10/1978 20:20:24", "23/12/1981 21:30:48", 161, 216);
INSERT INTO Ocorrencia(OcorrenciaID, DataInicio, DataFim, Paciente, Doenca) VALUES (185, "17/9/1975 0:23:23", "17/9/1976 1:23:43", 121, 220);
INSERT INTO Ocorrencia(OcorrenciaID, DataInicio, DataFim, Paciente, Doenca) VALUES (186, "3/5/1966 13:20:24", "5/6/1967 14:20:28", 271, 36);
INSERT INTO Ocorrencia(OcorrenciaID, DataInicio, DataFim, Paciente, Doenca) VALUES (187, "23/4/1975 10:14:19", "25/4/1978 12:38:24", 294, 62);
INSERT INTO Ocorrencia(OcorrenciaID, DataInicio, DataFim, Paciente, Doenca) VALUES (188, "8/3/2007 15:27:10", "9/3/2008 17:56:14", 22, 166);
INSERT INTO Ocorrencia(OcorrenciaID, DataInicio, DataFim, Paciente, Doenca) VALUES (189, "25/6/1962 11:9:0", "26/7/1964 13:17:6", 290, 47);
INSERT INTO Ocorrencia(OcorrenciaID, DataInicio, DataFim, Paciente, Doenca) VALUES (190, "3/8/1986 17:2:20", "3/10/1986 19:22:42", 253, 95);
INSERT INTO Ocorrencia(OcorrenciaID, DataInicio, DataFim, Paciente, Doenca) VALUES (191, "21/6/2005 10:1:28", "22/6/2006 11:22:33", 247, 208);
INSERT INTO Ocorrencia(OcorrenciaID, DataInicio, DataFim, Paciente, Doenca) VALUES (192, "6/6/1970 7:0:23", "7/8/1970 9:26:25", 93, 4);
INSERT INTO Ocorrencia(OcorrenciaID, DataInicio, DataFim, Paciente, Doenca) VALUES (193, "16/3/1974 3:18:25", "18/3/1974 5:38:49", 267, 75);
INSERT INTO Ocorrencia(OcorrenciaID, DataInicio, DataFim, Paciente, Doenca) VALUES (194, "12/6/2004 6:11:23", "15/8/2006 7:35:36", 232, 7);
INSERT INTO Ocorrencia(OcorrenciaID, DataInicio, DataFim, Paciente, Doenca) VALUES (195, "7/7/1994 5:13:28", "8/8/1997 7:33:55", 124, 67);
INSERT INTO Ocorrencia(OcorrenciaID, DataInicio, DataFim, Paciente, Doenca) VALUES (196, "11/8/1992 19:10:3", "11/10/1994 20:19:32", 7, 93);
INSERT INTO Ocorrencia(OcorrenciaID, DataInicio, DataFim, Paciente, Doenca) VALUES (197, "22/4/2016 2:9:4", "23/4/2017 3:25:11", 249, 65);
INSERT INTO Ocorrencia(OcorrenciaID, DataInicio, DataFim, Paciente, Doenca) VALUES (198, "17/2/1977 12:15:7", "19/2/1978 13:28:24", 171, 89);
INSERT INTO Ocorrencia(OcorrenciaID, DataInicio, DataFim, Paciente, Doenca) VALUES (199, "4/8/1992 10:0:24", "5/8/1992 12:23:44", 140, 49);
INSERT INTO Ocorrencia(OcorrenciaID, DataInicio, DataFim, Paciente, Doenca) VALUES (200, "5/2/2014 14:0:5", "5/4/2017 16:21:26", 284, 67);
INSERT INTO Ocorrencia(OcorrenciaID, DataInicio, DataFim, Paciente, Doenca) VALUES (201, "1/1/1986 18:10:10", "3/2/1989 19:16:27", 278, 204);
INSERT INTO Ocorrencia(OcorrenciaID, DataInicio, DataFim, Paciente, Doenca) VALUES (202, "16/2/1994 21:25:14", "18/4/1996 22:52:39", 202, 149);
INSERT INTO Ocorrencia(OcorrenciaID, DataInicio, DataFim, Paciente, Doenca) VALUES (203, "7/10/1978 1:4:17", "7/11/1978 2:6:29", 23, 50);
INSERT INTO Ocorrencia(OcorrenciaID, DataInicio, DataFim, Paciente, Doenca) VALUES (204, "21/5/1984 3:12:8", "23/5/1986 4:14:36", 87, 24);
INSERT INTO Ocorrencia(OcorrenciaID, DataInicio, DataFim, Paciente, Doenca) VALUES (205, "3/5/2004 16:28:10", "6/7/2005 18:40:14", 91, 57);
INSERT INTO Ocorrencia(OcorrenciaID, DataInicio, DataFim, Paciente, Doenca) VALUES (206, "9/1/1971 17:20:15", "10/1/1971 18:36:29", 7, 64);
INSERT INTO Ocorrencia(OcorrenciaID, DataInicio, DataFim, Paciente, Doenca) VALUES (207, "21/2/2003 13:9:22", "21/4/2006 15:26:29", 232, 79);
INSERT INTO Ocorrencia(OcorrenciaID, DataInicio, DataFim, Paciente, Doenca) VALUES (208, "23/8/1971 12:3:3", "23/10/1974 14:9:3", 96, 105);
INSERT INTO Ocorrencia(OcorrenciaID, DataInicio, DataFim, Paciente, Doenca) VALUES (209, "4/3/2004 21:24:4", "5/4/2006 23:33:29", 13, 130);
INSERT INTO Ocorrencia(OcorrenciaID, DataInicio, DataFim, Paciente, Doenca) VALUES (210, "16/2/2012 3:4:12", "17/3/2013 5:5:31", 108, 225);
INSERT INTO Ocorrencia(OcorrenciaID, DataInicio, DataFim, Paciente, Doenca) VALUES (211, "17/9/1986 5:19:9", "20/11/1987 6:24:29", 87, 148);
INSERT INTO Ocorrencia(OcorrenciaID, DataInicio, DataFim, Paciente, Doenca) VALUES (212, "22/6/2007 11:19:24", "23/8/2007 13:28:43", 246, 7);
INSERT INTO Ocorrencia(OcorrenciaID, DataInicio, DataFim, Paciente, Doenca) VALUES (213, "4/7/2016 20:13:9", "6/7/2019 22:25:9", 17, 194);
INSERT INTO Ocorrencia(OcorrenciaID, DataInicio, DataFim, Paciente, Doenca) VALUES (214, "15/3/1970 19:6:16", "16/5/1972 21:7:24", 171, 43);
INSERT INTO Ocorrencia(OcorrenciaID, DataInicio, DataFim, Paciente, Doenca) VALUES (215, "15/3/1969 0:2:22", "15/4/1972 1:16:33", 255, 131);
INSERT INTO Ocorrencia(OcorrenciaID, DataInicio, DataFim, Paciente, Doenca) VALUES (216, "9/5/1964 5:15:28", "10/5/1964 7:45:55", 184, 92);
INSERT INTO Ocorrencia(OcorrenciaID, DataInicio, DataFim, Paciente, Doenca) VALUES (217, "5/7/1968 11:24:19", "5/8/1969 12:42:47", 242, 207);
INSERT INTO Ocorrencia(OcorrenciaID, DataInicio, DataFim, Paciente, Doenca) VALUES (218, "21/7/2018 13:14:5", "23/9/2018 15:23:32", 59, 3);
INSERT INTO Ocorrencia(OcorrenciaID, DataInicio, DataFim, Paciente, Doenca) VALUES (219, "5/2/2011 4:14:26", "6/3/2014 5:21:35", 182, 136);
INSERT INTO Ocorrencia(OcorrenciaID, DataInicio, DataFim, Paciente, Doenca) VALUES (220, "8/8/2018 14:22:14", "8/10/2020 15:52:25", 74, 141);
INSERT INTO Ocorrencia(OcorrenciaID, DataInicio, DataFim, Paciente, Doenca) VALUES (221, "21/8/1993 16:4:28", "22/10/1996 18:25:54", 33, 89);
INSERT INTO Ocorrencia(OcorrenciaID, DataInicio, DataFim, Paciente, Doenca) VALUES (222, "14/1/1997 8:15:23", "14/1/1998 10:18:44", 146, 151);
INSERT INTO Ocorrencia(OcorrenciaID, DataInicio, DataFim, Paciente, Doenca) VALUES (223, "14/9/1985 6:8:3", "14/11/1986 8:25:18", 279, 213);
INSERT INTO Ocorrencia(OcorrenciaID, DataInicio, DataFim, Paciente, Doenca) VALUES (224, "24/5/1987 11:10:0", "24/5/1987 12:30:5", 131, 152);
INSERT INTO Ocorrencia(OcorrenciaID, DataInicio, DataFim, Paciente, Doenca) VALUES (225, "20/8/1978 21:25:8", "22/10/1980 22:37:13", 140, 219);
INSERT INTO Ocorrencia(OcorrenciaID, DataInicio, DataFim, Paciente, Doenca) VALUES (226, "25/9/1961 19:3:15", "25/9/1961 20:21:26", 139, 128);
INSERT INTO Ocorrencia(OcorrenciaID, DataInicio, DataFim, Paciente, Doenca) VALUES (227, "16/9/2007 18:1:15", "16/10/2008 20:26:42", 185, 63);
INSERT INTO Ocorrencia(OcorrenciaID, DataInicio, DataFim, Paciente, Doenca) VALUES (228, "24/5/1999 8:23:9", "27/7/2001 9:31:28", 56, 161);
INSERT INTO Ocorrencia(OcorrenciaID, DataInicio, DataFim, Paciente, Doenca) VALUES (229, "13/8/1962 3:8:22", "15/8/1962 5:35:51", 156, 86);
INSERT INTO Ocorrencia(OcorrenciaID, DataInicio, DataFim, Paciente, Doenca) VALUES (230, "15/5/1976 9:9:25", "18/7/1978 10:34:51", 230, 195);
INSERT INTO Ocorrencia(OcorrenciaID, DataInicio, DataFim, Paciente, Doenca) VALUES (231, "10/6/1999 6:10:1", "10/6/2002 8:28:7", 102, 125);
INSERT INTO Ocorrencia(OcorrenciaID, DataInicio, DataFim, Paciente, Doenca) VALUES (232, "4/10/1981 5:4:5", "4/11/1981 6:24:35", 125, 84);
INSERT INTO Ocorrencia(OcorrenciaID, DataInicio, DataFim, Paciente, Doenca) VALUES (233, "1/6/1961 21:8:7", "3/6/1964 22:21:32", 154, 163);
INSERT INTO Ocorrencia(OcorrenciaID, DataInicio, DataFim, Paciente, Doenca) VALUES (234, "16/10/1998 20:17:12", "17/12/1998 22:42:18", 245, 110);
INSERT INTO Ocorrencia(OcorrenciaID, DataInicio, DataFim, Paciente, Doenca) VALUES (235, "21/9/2012 1:2:12", "22/11/2012 2:22:21", 299, 27);
INSERT INTO Ocorrencia(OcorrenciaID, DataInicio, DataFim, Paciente, Doenca) VALUES (236, "13/8/2006 21:25:12", "15/10/2008 22:46:21", 231, 120);
INSERT INTO Ocorrencia(OcorrenciaID, DataInicio, DataFim, Paciente, Doenca) VALUES (237, "25/5/1984 11:22:25", "28/7/1987 12:28:38", 87, 138);
INSERT INTO Ocorrencia(OcorrenciaID, DataInicio, DataFim, Paciente, Doenca) VALUES (238, "11/4/2000 8:9:11", "14/5/2003 9:20:35", 119, 22);
INSERT INTO Ocorrencia(OcorrenciaID, DataInicio, DataFim, Paciente, Doenca) VALUES (239, "7/3/1998 21:17:29", "7/3/1999 22:35:45", 288, 29);
INSERT INTO Ocorrencia(OcorrenciaID, DataInicio, DataFim, Paciente, Doenca) VALUES (240, "14/8/1993 13:4:17", "17/8/1993 14:13:39", 258, 20);
INSERT INTO Ocorrencia(OcorrenciaID, DataInicio, DataFim, Paciente, Doenca) VALUES (241, "8/10/1996 11:2:2", "11/10/1997 13:6:28", 136, 108);
INSERT INTO Ocorrencia(OcorrenciaID, DataInicio, DataFim, Paciente, Doenca) VALUES (242, "15/1/2006 7:22:3", "15/2/2007 8:34:17", 245, 81);
INSERT INTO Ocorrencia(OcorrenciaID, DataInicio, DataFim, Paciente, Doenca) VALUES (243, "8/6/1975 8:7:21", "10/7/1976 9:27:23", 21, 32);
INSERT INTO Ocorrencia(OcorrenciaID, DataInicio, DataFim, Paciente, Doenca) VALUES (244, "4/5/1984 2:27:18", "7/5/1984 3:27:18", 261, 106);
INSERT INTO Ocorrencia(OcorrenciaID, DataInicio, DataFim, Paciente, Doenca) VALUES (245, "1/1/2017 13:13:29", "2/2/2018 15:38:58", 195, 7);
INSERT INTO Ocorrencia(OcorrenciaID, DataInicio, DataFim, Paciente, Doenca) VALUES (246, "8/10/2010 19:6:24", "8/11/2012 20:25:26", 64, 187);
INSERT INTO Ocorrencia(OcorrenciaID, DataInicio, DataFim, Paciente, Doenca) VALUES (247, "24/1/1960 2:0:15", "24/2/1961 3:5:31", 139, 152);
INSERT INTO Ocorrencia(OcorrenciaID, DataInicio, DataFim, Paciente, Doenca) VALUES (248, "6/8/2001 14:11:14", "8/9/2003 16:18:24", 26, 93);
INSERT INTO Ocorrencia(OcorrenciaID, DataInicio, DataFim, Paciente, Doenca) VALUES (249, "16/4/1975 19:28:0", "16/5/1976 20:31:8", 16, 6);
INSERT INTO Ocorrencia(OcorrenciaID, DataInicio, DataFim, Paciente, Doenca) VALUES (250, "2/8/2000 19:21:4", "5/10/2003 21:38:32", 259, 38);
INSERT INTO Ocorrencia(OcorrenciaID, DataInicio, DataFim, Paciente, Doenca) VALUES (251, "22/8/1963 5:16:25", "22/8/1966 6:40:42", 127, 192);
INSERT INTO Ocorrencia(OcorrenciaID, DataInicio, DataFim, Paciente, Doenca) VALUES (252, "14/8/1980 8:20:9", "16/10/1982 10:50:36", 106, 183);
INSERT INTO Ocorrencia(OcorrenciaID, DataInicio, DataFim, Paciente, Doenca) VALUES (253, "7/8/1963 19:11:29", "9/9/1963 21:39:29", 194, 2);
INSERT INTO Ocorrencia(OcorrenciaID, DataInicio, DataFim, Paciente, Doenca) VALUES (254, "14/4/1989 9:2:22", "15/6/1991 11:6:34", 147, 84);
INSERT INTO Ocorrencia(OcorrenciaID, DataInicio, DataFim, Paciente, Doenca) VALUES (255, "12/3/2016 8:24:22", "13/4/2016 10:35:25", 198, 63);
INSERT INTO Ocorrencia(OcorrenciaID, DataInicio, DataFim, Paciente, Doenca) VALUES (256, "15/9/1985 10:3:20", "16/9/1987 11:9:41", 22, 196);
INSERT INTO Ocorrencia(OcorrenciaID, DataInicio, DataFim, Paciente, Doenca) VALUES (257, "10/5/1993 4:24:21", "10/6/1996 5:40:25", 281, 79);
INSERT INTO Ocorrencia(OcorrenciaID, DataInicio, DataFim, Paciente, Doenca) VALUES (258, "7/6/1981 11:9:20", "8/6/1982 13:35:36", 281, 220);
INSERT INTO Ocorrencia(OcorrenciaID, DataInicio, DataFim, Paciente, Doenca) VALUES (259, "5/5/1999 16:21:26", "6/7/2000 18:31:39", 178, 164);
INSERT INTO Ocorrencia(OcorrenciaID, DataInicio, DataFim, Paciente, Doenca) VALUES (260, "4/10/2007 12:11:28", "5/11/2010 13:31:45", 17, 210);
INSERT INTO Ocorrencia(OcorrenciaID, DataInicio, DataFim, Paciente, Doenca) VALUES (261, "8/4/1987 1:28:1", "8/4/1989 3:50:3", 114, 42);
INSERT INTO Ocorrencia(OcorrenciaID, DataInicio, DataFim, Paciente, Doenca) VALUES (262, "18/9/2009 19:28:28", "18/9/2010 21:33:54", 98, 211);
INSERT INTO Ocorrencia(OcorrenciaID, DataInicio, DataFim, Paciente, Doenca) VALUES (263, "23/2/1979 8:14:1", "25/4/1981 10:30:20", 71, 122);
INSERT INTO Ocorrencia(OcorrenciaID, DataInicio, DataFim, Paciente, Doenca) VALUES (264, "13/1/1971 15:22:19", "16/2/1973 16:36:21", 89, 71);
INSERT INTO Ocorrencia(OcorrenciaID, DataInicio, DataFim, Paciente, Doenca) VALUES (265, "21/8/2017 19:17:3", "22/9/2018 20:23:9", 136, 101);
INSERT INTO Ocorrencia(OcorrenciaID, DataInicio, DataFim, Paciente, Doenca) VALUES (266, "8/5/1982 9:10:5", "9/6/1984 10:30:23", 5, 121);
INSERT INTO Ocorrencia(OcorrenciaID, DataInicio, DataFim, Paciente, Doenca) VALUES (267, "21/5/1993 10:26:3", "22/6/1993 11:49:3", 137, 45);
INSERT INTO Ocorrencia(OcorrenciaID, DataInicio, DataFim, Paciente, Doenca) VALUES (268, "7/9/2004 8:1:29", "7/11/2005 9:26:50", 152, 59);
INSERT INTO Ocorrencia(OcorrenciaID, DataInicio, DataFim, Paciente, Doenca) VALUES (269, "19/1/1980 6:24:23", "22/1/1982 7:43:40", 207, 154);
INSERT INTO Ocorrencia(OcorrenciaID, DataInicio, DataFim, Paciente, Doenca) VALUES (270, "8/3/2003 7:14:2", "9/4/2004 8:39:16", 240, 227);
INSERT INTO Ocorrencia(OcorrenciaID, DataInicio, DataFim, Paciente, Doenca) VALUES (271, "9/2/2017 0:20:28", "12/3/2019 1:49:57", 297, 222);
INSERT INTO Ocorrencia(OcorrenciaID, DataInicio, DataFim, Paciente, Doenca) VALUES (272, "12/7/1994 20:20:19", "12/7/1994 22:34:20", 32, 201);
INSERT INTO Ocorrencia(OcorrenciaID, DataInicio, DataFim, Paciente, Doenca) VALUES (273, "7/10/2018 10:16:18", "7/11/2021 11:45:33", 29, 70);
INSERT INTO Ocorrencia(OcorrenciaID, DataInicio, DataFim, Paciente, Doenca) VALUES (274, "22/2/1978 16:24:11", "22/2/1981 18:54:41", 33, 57);
INSERT INTO Ocorrencia(OcorrenciaID, DataInicio, DataFim, Paciente, Doenca) VALUES (275, "3/8/1991 17:21:1", "4/8/1991 19:21:16", 90, 69);
INSERT INTO Ocorrencia(OcorrenciaID, DataInicio, DataFim, Paciente, Doenca) VALUES (276, "16/4/1975 11:19:3", "18/5/1978 12:40:24", 119, 177);
INSERT INTO Ocorrencia(OcorrenciaID, DataInicio, DataFim, Paciente, Doenca) VALUES (277, "5/6/1997 14:8:15", "6/6/1998 15:8:20", 218, 46);
INSERT INTO Ocorrencia(OcorrenciaID, DataInicio, DataFim, Paciente, Doenca) VALUES (278, "2/2/2007 21:18:4", "4/3/2009 22:19:33", 264, 158);
INSERT INTO Ocorrencia(OcorrenciaID, DataInicio, DataFim, Paciente, Doenca) VALUES (279, "16/7/1999 16:28:20", "17/9/2001 17:54:45", 114, 221);
INSERT INTO Ocorrencia(OcorrenciaID, DataInicio, DataFim, Paciente, Doenca) VALUES (280, "2/3/2008 14:23:14", "3/3/2009 16:26:29", 133, 188);
INSERT INTO Ocorrencia(OcorrenciaID, DataInicio, DataFim, Paciente, Doenca) VALUES (281, "11/7/1991 8:8:25", "12/9/1994 10:32:42", 293, 17);
INSERT INTO Ocorrencia(OcorrenciaID, DataInicio, DataFim, Paciente, Doenca) VALUES (282, "21/1/1968 12:27:13", "22/3/1969 14:39:34", 85, 161);
INSERT INTO Ocorrencia(OcorrenciaID, DataInicio, DataFim, Paciente, Doenca) VALUES (283, "22/3/1986 19:4:18", "24/5/1986 21:19:35", 77, 85);
INSERT INTO Ocorrencia(OcorrenciaID, DataInicio, DataFim, Paciente, Doenca) VALUES (284, "22/7/1999 7:28:14", "23/7/2000 8:56:20", 219, 170);
INSERT INTO Ocorrencia(OcorrenciaID, DataInicio, DataFim, Paciente, Doenca) VALUES (285, "12/1/1987 4:7:24", "12/3/1989 5:16:31", 127, 189);
INSERT INTO Ocorrencia(OcorrenciaID, DataInicio, DataFim, Paciente, Doenca) VALUES (286, "4/9/1986 1:22:19", "7/9/1986 2:36:24", 90, 88);
INSERT INTO Ocorrencia(OcorrenciaID, DataInicio, DataFim, Paciente, Doenca) VALUES (287, "25/3/1990 4:25:12", "26/3/1991 6:31:21", 42, 55);
INSERT INTO Ocorrencia(OcorrenciaID, DataInicio, DataFim, Paciente, Doenca) VALUES (288, "25/6/1981 18:20:21", "26/7/1982 19:32:24", 192, 19);
INSERT INTO Ocorrencia(OcorrenciaID, DataInicio, DataFim, Paciente, Doenca) VALUES (289, "2/4/1996 14:20:26", "3/4/1998 15:25:26", 75, 119);
INSERT INTO Ocorrencia(OcorrenciaID, DataInicio, DataFim, Paciente, Doenca) VALUES (290, "21/9/1996 11:27:17", "23/9/1999 12:46:34", 118, 96);
INSERT INTO Ocorrencia(OcorrenciaID, DataInicio, DataFim, Paciente, Doenca) VALUES (291, "10/6/2003 16:17:10", "11/7/2006 17:47:33", 135, 120);
INSERT INTO Ocorrencia(OcorrenciaID, DataInicio, DataFim, Paciente, Doenca) VALUES (292, "20/10/2003 8:25:4", "22/11/2004 9:29:16", 223, 18);
INSERT INTO Ocorrencia(OcorrenciaID, DataInicio, DataFim, Paciente, Doenca) VALUES (293, "7/3/1965 11:0:10", "7/4/1965 13:16:32", 147, 204);
INSERT INTO Ocorrencia(OcorrenciaID, DataInicio, DataFim, Paciente, Doenca) VALUES (294, "6/7/2012 5:15:3", "9/9/2014 7:23:29", 19, 111);
INSERT INTO Ocorrencia(OcorrenciaID, DataInicio, DataFim, Paciente, Doenca) VALUES (295, "21/8/1993 19:24:6", "22/9/1995 21:53:25", 159, 89);
INSERT INTO Ocorrencia(OcorrenciaID, DataInicio, DataFim, Paciente, Doenca) VALUES (296, "23/6/1983 10:0:9", "24/7/1984 12:1:37", 104, 31);
INSERT INTO Ocorrencia(OcorrenciaID, DataInicio, DataFim, Paciente, Doenca) VALUES (297, "11/2/1976 1:10:22", "14/2/1979 2:31:40", 144, 5);
INSERT INTO Ocorrencia(OcorrenciaID, DataInicio, DataFim, Paciente, Doenca) VALUES (298, "7/7/1970 12:21:26", "7/7/1971 13:22:40", 286, 57);
INSERT INTO Ocorrencia(OcorrenciaID, DataInicio, DataFim, Paciente, Doenca) VALUES (299, "10/4/1968 5:1:22", "11/6/1968 6:17:51", 262, 183);
INSERT INTO Ocorrencia(OcorrenciaID, DataInicio, DataFim, Paciente, Doenca) VALUES (300, "4/7/1969 11:3:8", "4/7/1969 13:4:22", 265, 190);
INSERT INTO Ocorrencia(OcorrenciaID, DataInicio, DataFim, Paciente, Doenca) VALUES (301, "16/5/1989 14:25:21", "18/5/1989 15:51:30", 258, 128);
INSERT INTO Ocorrencia(OcorrenciaID, DataInicio, DataFim, Paciente, Doenca) VALUES (302, "22/2/1973 18:16:24", "25/3/1976 20:28:51", 153, 30);
INSERT INTO Ocorrencia(OcorrenciaID, DataInicio, DataFim, Paciente, Doenca) VALUES (303, "8/1/1985 2:1:6", "9/1/1988 3:9:24", 256, 186);
INSERT INTO Ocorrencia(OcorrenciaID, DataInicio, DataFim, Paciente, Doenca) VALUES (304, "6/8/1960 9:22:4", "9/10/1960 10:43:30", 151, 41);
INSERT INTO Ocorrencia(OcorrenciaID, DataInicio, DataFim, Paciente, Doenca) VALUES (305, "18/7/1981 20:9:0", "21/7/1981 22:11:16", 188, 26);
INSERT INTO Ocorrencia(OcorrenciaID, DataInicio, DataFim, Paciente, Doenca) VALUES (306, "25/9/1976 21:18:8", "25/11/1977 22:27:25", 34, 53);
INSERT INTO Ocorrencia(OcorrenciaID, DataInicio, DataFim, Paciente, Doenca) VALUES (307, "8/2/1981 7:20:8", "10/3/1981 8:23:22", 66, 226);
INSERT INTO Ocorrencia(OcorrenciaID, DataInicio, DataFim, Paciente, Doenca) VALUES (308, "8/6/1974 19:16:18", "8/8/1974 21:45:24", 45, 22);
INSERT INTO Ocorrencia(OcorrenciaID, DataInicio, DataFim, Paciente, Doenca) VALUES (309, "4/6/1986 11:0:17", "6/7/1988 12:0:28", 145, 186);
INSERT INTO Ocorrencia(OcorrenciaID, DataInicio, DataFim, Paciente, Doenca) VALUES (310, "19/9/2016 17:22:14", "22/10/2016 19:48:36", 173, 176);
INSERT INTO Ocorrencia(OcorrenciaID, DataInicio, DataFim, Paciente, Doenca) VALUES (311, "14/8/1984 0:24:16", "17/9/1986 1:34:38", 244, 168);
INSERT INTO Ocorrencia(OcorrenciaID, DataInicio, DataFim, Paciente, Doenca) VALUES (312, "7/7/1994 20:11:6", "10/9/1995 21:40:12", 37, 198);
INSERT INTO Ocorrencia(OcorrenciaID, DataInicio, DataFim, Paciente, Doenca) VALUES (313, "22/6/1971 20:11:18", "25/6/1972 21:25:22", 294, 81);
INSERT INTO Ocorrencia(OcorrenciaID, DataInicio, DataFim, Paciente, Doenca) VALUES (314, "17/5/1962 5:18:13", "20/5/1964 7:25:14", 174, 169);
INSERT INTO Ocorrencia(OcorrenciaID, DataInicio, DataFim, Paciente, Doenca) VALUES (315, "16/4/1993 8:26:10", "17/6/1993 9:49:19", 193, 145);
INSERT INTO Ocorrencia(OcorrenciaID, DataInicio, DataFim, Paciente, Doenca) VALUES (316, "17/5/1984 19:16:12", "18/5/1986 20:32:27", 111, 161);
INSERT INTO Ocorrencia(OcorrenciaID, DataInicio, DataFim, Paciente, Doenca) VALUES (317, "2/3/2003 20:28:14", "5/3/2006 22:49:44", 178, 169);
INSERT INTO Ocorrencia(OcorrenciaID, DataInicio, DataFim, Paciente, Doenca) VALUES (318, "13/5/1962 0:28:12", "15/6/1962 2:44:35", 112, 223);
INSERT INTO Ocorrencia(OcorrenciaID, DataInicio, DataFim, Paciente, Doenca) VALUES (319, "3/1/1969 12:4:2", "4/3/1969 13:7:12", 48, 207);
INSERT INTO Ocorrencia(OcorrenciaID, DataInicio, DataFim, Paciente, Doenca) VALUES (320, "14/4/1975 7:28:7", "16/6/1976 9:32:11", 40, 55);
INSERT INTO Ocorrencia(OcorrenciaID, DataInicio, DataFim, Paciente, Doenca) VALUES (321, "9/2/2008 8:20:8", "10/4/2011 10:28:28", 178, 50);
INSERT INTO Ocorrencia(OcorrenciaID, DataInicio, DataFim, Paciente, Doenca) VALUES (322, "6/10/1974 15:11:5", "9/11/1976 17:29:5", 53, 81);
INSERT INTO Ocorrencia(OcorrenciaID, DataInicio, DataFim, Paciente, Doenca) VALUES (323, "13/6/1981 6:26:4", "15/8/1983 8:54:4", 278, 179);
INSERT INTO Ocorrencia(OcorrenciaID, DataInicio, DataFim, Paciente, Doenca) VALUES (324, "24/4/1977 18:9:4", "25/5/1980 20:26:19", 21, 92);
INSERT INTO Ocorrencia(OcorrenciaID, DataInicio, DataFim, Paciente, Doenca) VALUES (325, "12/4/2000 8:26:8", "13/5/2000 10:45:20", 170, 13);
INSERT INTO Ocorrencia(OcorrenciaID, DataInicio, DataFim, Paciente, Doenca) VALUES (326, "8/5/1988 16:4:0", "11/6/1991 18:4:17", 167, 108);
INSERT INTO Ocorrencia(OcorrenciaID, DataInicio, DataFim, Paciente, Doenca) VALUES (327, "20/7/1991 4:23:24", "23/7/1992 6:33:31", 296, 178);
INSERT INTO Ocorrencia(OcorrenciaID, DataInicio, DataFim, Paciente, Doenca) VALUES (328, "5/10/1967 5:9:15", "8/12/1970 6:28:33", 109, 213);
INSERT INTO Ocorrencia(OcorrenciaID, DataInicio, DataFim, Paciente, Doenca) VALUES (329, "17/9/1980 16:9:16", "19/10/1980 17:13:34", 45, 68);
INSERT INTO Ocorrencia(OcorrenciaID, DataInicio, DataFim, Paciente, Doenca) VALUES (330, "7/6/1991 1:17:23", "8/6/1993 3:28:46", 8, 39);
INSERT INTO Ocorrencia(OcorrenciaID, DataInicio, DataFim, Paciente, Doenca) VALUES (331, "3/5/1997 21:4:23", "6/5/1999 23:17:40", 184, 155);
INSERT INTO Ocorrencia(OcorrenciaID, DataInicio, DataFim, Paciente, Doenca) VALUES (332, "6/3/1976 13:14:28", "8/3/1978 14:42:42", 96, 38);
INSERT INTO Ocorrencia(OcorrenciaID, DataInicio, DataFim, Paciente, Doenca) VALUES (333, "17/6/1990 2:28:10", "18/8/1992 4:41:37", 148, 137);
INSERT INTO Ocorrencia(OcorrenciaID, DataInicio, DataFim, Paciente, Doenca) VALUES (334, "2/10/1999 3:19:8", "3/12/2001 5:28:16", 191, 169);
INSERT INTO Ocorrencia(OcorrenciaID, DataInicio, DataFim, Paciente, Doenca) VALUES (335, "22/2/1973 5:14:3", "22/2/1974 6:44:18", 244, 225);
INSERT INTO Ocorrencia(OcorrenciaID, DataInicio, DataFim, Paciente, Doenca) VALUES (336, "5/2/1976 6:9:20", "8/4/1978 7:16:50", 76, 182);
INSERT INTO Ocorrencia(OcorrenciaID, DataInicio, DataFim, Paciente, Doenca) VALUES (337, "14/1/2002 8:1:26", "14/2/2004 10:23:29", 87, 59);
INSERT INTO Ocorrencia(OcorrenciaID, DataInicio, DataFim, Paciente, Doenca) VALUES (338, "9/5/1985 17:9:8", "11/5/1988 18:32:17", 113, 122);
INSERT INTO Ocorrencia(OcorrenciaID, DataInicio, DataFim, Paciente, Doenca) VALUES (339, "23/1/1993 6:29:24", "23/1/1994 8:43:52", 34, 12);
INSERT INTO Ocorrencia(OcorrenciaID, DataInicio, DataFim, Paciente, Doenca) VALUES (340, "18/4/1970 6:11:18", "20/4/1972 7:25:36", 206, 31);
INSERT INTO Ocorrencia(OcorrenciaID, DataInicio, DataFim, Paciente, Doenca) VALUES (341, "2/1/1978 9:27:2", "2/2/1980 10:29:29", 224, 88);
INSERT INTO Ocorrencia(OcorrenciaID, DataInicio, DataFim, Paciente, Doenca) VALUES (342, "17/9/1986 15:21:9", "18/9/1987 17:29:11", 244, 200);
INSERT INTO Ocorrencia(OcorrenciaID, DataInicio, DataFim, Paciente, Doenca) VALUES (343, "9/2/1962 16:2:28", "12/4/1964 17:24:57", 215, 71);
INSERT INTO Ocorrencia(OcorrenciaID, DataInicio, DataFim, Paciente, Doenca) VALUES (344, "13/7/1995 6:3:6", "15/7/1996 8:23:29", 163, 75);
INSERT INTO Ocorrencia(OcorrenciaID, DataInicio, DataFim, Paciente, Doenca) VALUES (345, "11/1/1998 5:29:11", "12/2/2000 6:57:26", 9, 217);
INSERT INTO Ocorrencia(OcorrenciaID, DataInicio, DataFim, Paciente, Doenca) VALUES (346, "24/5/2006 1:2:25", "25/5/2006 2:26:34", 237, 128);
INSERT INTO Ocorrencia(OcorrenciaID, DataInicio, DataFim, Paciente, Doenca) VALUES (347, "6/10/1986 16:20:5", "6/10/1989 18:36:34", 42, 138);
INSERT INTO Ocorrencia(OcorrenciaID, DataInicio, DataFim, Paciente, Doenca) VALUES (348, "22/1/2000 18:2:10", "24/3/2003 19:20:10", 181, 59);
INSERT INTO Ocorrencia(OcorrenciaID, DataInicio, DataFim, Paciente, Doenca) VALUES (349, "4/3/1970 16:0:28", "6/5/1970 18:5:43", 88, 81);
INSERT INTO Ocorrencia(OcorrenciaID, DataInicio, DataFim, Paciente, Doenca) VALUES (350, "20/9/2017 3:25:20", "21/9/2018 4:44:32", 47, 60);
INSERT INTO Ocorrencia(OcorrenciaID, DataInicio, DataFim, Paciente, Doenca) VALUES (351, "7/6/1990 0:3:19", "10/8/1993 1:16:23", 197, 13);
INSERT INTO Ocorrencia(OcorrenciaID, DataInicio, DataFim, Paciente, Doenca) VALUES (352, "12/9/2007 17:9:14", "13/10/2010 19:29:44", 121, 77);
INSERT INTO Ocorrencia(OcorrenciaID, DataInicio, DataFim, Paciente, Doenca) VALUES (353, "4/3/2003 1:6:18", "6/5/2003 2:21:27", 267, 126);
INSERT INTO Ocorrencia(OcorrenciaID, DataInicio, DataFim, Paciente, Doenca) VALUES (354, "1/8/1962 3:22:5", "4/9/1963 5:45:31", 164, 154);
INSERT INTO Ocorrencia(OcorrenciaID, DataInicio, DataFim, Paciente, Doenca) VALUES (355, "25/5/1970 19:10:5", "25/7/1972 20:21:6", 14, 190);
INSERT INTO Ocorrencia(OcorrenciaID, DataInicio, DataFim, Paciente, Doenca) VALUES (356, "5/9/1991 15:15:5", "7/11/1993 17:37:28", 167, 19);
INSERT INTO Ocorrencia(OcorrenciaID, DataInicio, DataFim, Paciente, Doenca) VALUES (357, "6/6/2004 18:20:20", "8/7/2005 19:48:47", 53, 26);
INSERT INTO Ocorrencia(OcorrenciaID, DataInicio, DataFim, Paciente, Doenca) VALUES (358, "7/9/1984 8:3:6", "10/9/1987 9:31:28", 17, 165);
INSERT INTO Ocorrencia(OcorrenciaID, DataInicio, DataFim, Paciente, Doenca) VALUES (359, "24/4/2011 14:27:24", "25/6/2014 15:50:34", 139, 157);
INSERT INTO Ocorrencia(OcorrenciaID, DataInicio, DataFim, Paciente, Doenca) VALUES (360, "17/7/2008 8:22:19", "18/7/2011 9:27:38", 284, 74);
INSERT INTO Ocorrencia(OcorrenciaID, DataInicio, DataFim, Paciente, Doenca) VALUES (361, "12/4/1970 9:13:15", "14/4/1970 11:36:19", 167, 141);
INSERT INTO Ocorrencia(OcorrenciaID, DataInicio, DataFim, Paciente, Doenca) VALUES (362, "20/8/1964 15:4:18", "21/9/1964 17:18:28", 78, 155);
INSERT INTO Ocorrencia(OcorrenciaID, DataInicio, DataFim, Paciente, Doenca) VALUES (363, "7/2/1990 1:19:22", "7/2/1993 3:26:36", 1, 98);
INSERT INTO Ocorrencia(OcorrenciaID, DataInicio, DataFim, Paciente, Doenca) VALUES (364, "17/4/1971 14:16:29", "18/4/1973 15:43:40", 251, 147);
INSERT INTO Ocorrencia(OcorrenciaID, DataInicio, DataFim, Paciente, Doenca) VALUES (365, "3/4/2014 18:19:28", "6/4/2017 20:42:51", 7, 187);
INSERT INTO Ocorrencia(OcorrenciaID, DataInicio, DataFim, Paciente, Doenca) VALUES (366, "13/9/1983 9:18:15", "16/9/1986 10:33:32", 116, 97);
INSERT INTO Ocorrencia(OcorrenciaID, DataInicio, DataFim, Paciente, Doenca) VALUES (367, "18/4/2002 9:17:16", "20/5/2002 11:46:38", 22, 29);
INSERT INTO Ocorrencia(OcorrenciaID, DataInicio, DataFim, Paciente, Doenca) VALUES (368, "18/3/1967 7:27:10", "21/4/1968 9:45:12", 275, 138);
INSERT INTO Ocorrencia(OcorrenciaID, DataInicio, DataFim, Paciente, Doenca) VALUES (369, "22/8/1976 11:9:13", "22/9/1978 13:22:20", 34, 153);
INSERT INTO Ocorrencia(OcorrenciaID, DataInicio, DataFim, Paciente, Doenca) VALUES (370, "14/2/1988 5:18:19", "14/4/1990 7:19:27", 220, 36);
INSERT INTO Ocorrencia(OcorrenciaID, DataInicio, DataFim, Paciente, Doenca) VALUES (371, "22/6/2008 4:0:8", "22/8/2009 5:9:18", 152, 106);
INSERT INTO Ocorrencia(OcorrenciaID, DataInicio, DataFim, Paciente, Doenca) VALUES (372, "24/1/1977 7:0:23", "26/2/1979 9:22:35", 51, 144);
INSERT INTO Ocorrencia(OcorrenciaID, DataInicio, DataFim, Paciente, Doenca) VALUES (373, "24/2/2014 17:23:15", "25/2/2016 18:25:26", 94, 61);
INSERT INTO Ocorrencia(OcorrenciaID, DataInicio, DataFim, Paciente, Doenca) VALUES (374, "18/3/1984 4:14:24", "21/4/1985 6:40:41", 40, 97);
INSERT INTO Ocorrencia(OcorrenciaID, DataInicio, DataFim, Paciente, Doenca) VALUES (375, "19/2/1964 19:22:9", "20/3/1964 20:37:28", 257, 213);
INSERT INTO Ocorrencia(OcorrenciaID, DataInicio, DataFim, Paciente, Doenca) VALUES (376, "1/5/2003 3:28:8", "3/5/2006 4:44:29", 109, 187);
INSERT INTO Ocorrencia(OcorrenciaID, DataInicio, DataFim, Paciente, Doenca) VALUES (377, "9/9/2006 4:2:21", "12/10/2006 6:7:41", 90, 37);
INSERT INTO Ocorrencia(OcorrenciaID, DataInicio, DataFim, Paciente, Doenca) VALUES (378, "13/9/1993 14:4:9", "16/11/1996 15:16:30", 259, 186);
INSERT INTO Ocorrencia(OcorrenciaID, DataInicio, DataFim, Paciente, Doenca) VALUES (379, "3/2/1960 21:6:29", "4/4/1963 22:30:49", 152, 67);
INSERT INTO Ocorrencia(OcorrenciaID, DataInicio, DataFim, Paciente, Doenca) VALUES (380, "15/5/1987 20:10:5", "15/5/1988 22:23:26", 269, 128);
INSERT INTO Ocorrencia(OcorrenciaID, DataInicio, DataFim, Paciente, Doenca) VALUES (381, "15/10/1965 17:7:6", "16/10/1968 18:34:35", 274, 154);
INSERT INTO Ocorrencia(OcorrenciaID, DataInicio, DataFim, Paciente, Doenca) VALUES (382, "2/3/1965 21:28:4", "4/5/1967 22:39:21", 255, 143);
INSERT INTO Ocorrencia(OcorrenciaID, DataInicio, DataFim, Paciente, Doenca) VALUES (383, "7/3/1974 16:17:6", "10/4/1976 17:17:31", 184, 47);
INSERT INTO Ocorrencia(OcorrenciaID, DataInicio, DataFim, Paciente, Doenca) VALUES (384, "15/9/1972 19:17:18", "17/9/1973 20:24:46", 284, 58);
INSERT INTO Ocorrencia(OcorrenciaID, DataInicio, DataFim, Paciente, Doenca) VALUES (385, "19/10/2001 20:9:10", "20/10/2001 22:38:36", 51, 10);
INSERT INTO Ocorrencia(OcorrenciaID, DataInicio, DataFim, Paciente, Doenca) VALUES (386, "17/10/1993 20:6:9", "17/11/1996 21:9:12", 208, 20);
INSERT INTO Ocorrencia(OcorrenciaID, DataInicio, DataFim, Paciente, Doenca) VALUES (387, "21/9/1961 5:27:10", "23/9/1962 6:44:22", 217, 159);
INSERT INTO Ocorrencia(OcorrenciaID, DataInicio, DataFim, Paciente, Doenca) VALUES (388, "9/6/1980 2:8:20", "12/7/1982 4:34:34", 198, 80);
INSERT INTO Ocorrencia(OcorrenciaID, DataInicio, DataFim, Paciente, Doenca) VALUES (389, "16/1/1972 12:15:5", "18/1/1975 13:35:9", 124, 22);
INSERT INTO Ocorrencia(OcorrenciaID, DataInicio, DataFim, Paciente, Doenca) VALUES (390, "24/8/1973 18:8:19", "26/10/1976 20:19:19", 62, 157);
INSERT INTO Ocorrencia(OcorrenciaID, DataInicio, DataFim, Paciente, Doenca) VALUES (391, "1/7/1987 1:29:22", "4/7/1987 3:48:33", 4, 151);
INSERT INTO Ocorrencia(OcorrenciaID, DataInicio, DataFim, Paciente, Doenca) VALUES (392, "10/5/1981 10:9:20", "11/6/1983 11:18:24", 12, 107);
INSERT INTO Ocorrencia(OcorrenciaID, DataInicio, DataFim, Paciente, Doenca) VALUES (393, "14/5/1964 5:20:3", "16/5/1967 6:31:11", 153, 22);
INSERT INTO Ocorrencia(OcorrenciaID, DataInicio, DataFim, Paciente, Doenca) VALUES (394, "22/1/1971 12:9:26", "24/3/1972 13:24:32", 265, 193);
INSERT INTO Ocorrencia(OcorrenciaID, DataInicio, DataFim, Paciente, Doenca) VALUES (395, "8/8/1968 9:3:19", "9/9/1970 11:7:29", 134, 185);
INSERT INTO Ocorrencia(OcorrenciaID, DataInicio, DataFim, Paciente, Doenca) VALUES (396, "23/2/1960 10:15:5", "26/3/1960 12:15:10", 251, 204);
INSERT INTO Ocorrencia(OcorrenciaID, DataInicio, DataFim, Paciente, Doenca) VALUES (397, "3/2/1973 17:14:11", "3/4/1976 18:43:34", 110, 82);
INSERT INTO Ocorrencia(OcorrenciaID, DataInicio, DataFim, Paciente, Doenca) VALUES (398, "11/5/2013 20:1:3", "13/6/2013 21:9:7", 205, 118);
INSERT INTO Ocorrencia(OcorrenciaID, DataInicio, DataFim, Paciente, Doenca) VALUES (399, "1/8/2003 1:12:4", "4/10/2004 3:24:4", 35, 177);
INSERT INTO Ocorrencia(OcorrenciaID, DataInicio, DataFim, Paciente, Doenca) VALUES (400, "4/10/1988 2:27:14", "4/10/1989 3:30:36", 251, 165);
INSERT INTO Ocorrencia(OcorrenciaID, DataInicio, DataFim, Paciente, Doenca) VALUES (401, "15/10/2000 0:21:22", "16/10/2001 2:29:52", 263, 167);
INSERT INTO Ocorrencia(OcorrenciaID, DataInicio, DataFim, Paciente, Doenca) VALUES (402, "10/8/1966 16:29:19", "11/9/1967 17:58:30", 295, 58);
INSERT INTO Ocorrencia(OcorrenciaID, DataInicio, DataFim, Paciente, Doenca) VALUES (403, "22/7/2009 12:24:15", "23/7/2009 13:47:15", 27, 7);
INSERT INTO Ocorrencia(OcorrenciaID, DataInicio, DataFim, Paciente, Doenca) VALUES (404, "21/5/2004 8:29:23", "22/7/2007 10:44:37", 294, 199);
INSERT INTO Ocorrencia(OcorrenciaID, DataInicio, DataFim, Paciente, Doenca) VALUES (405, "5/6/1989 21:25:27", "7/6/1991 22:38:35", 44, 121);
INSERT INTO Ocorrencia(OcorrenciaID, DataInicio, DataFim, Paciente, Doenca) VALUES (406, "14/2/1991 19:26:16", "16/2/1992 20:54:37", 142, 13);
INSERT INTO Ocorrencia(OcorrenciaID, DataInicio, DataFim, Paciente, Doenca) VALUES (407, "24/9/1988 13:3:27", "24/11/1989 15:9:48", 97, 38);
INSERT INTO Ocorrencia(OcorrenciaID, DataInicio, DataFim, Paciente, Doenca) VALUES (408, "25/10/2016 10:22:17", "28/10/2018 12:22:26", 241, 41);
INSERT INTO Ocorrencia(OcorrenciaID, DataInicio, DataFim, Paciente, Doenca) VALUES (409, "3/4/1972 4:17:5", "4/5/1972 5:46:11", 123, 117);
INSERT INTO Ocorrencia(OcorrenciaID, DataInicio, DataFim, Paciente, Doenca) VALUES (410, "14/10/1974 14:8:0", "15/10/1975 15:35:26", 299, 109);
INSERT INTO Ocorrencia(OcorrenciaID, DataInicio, DataFim, Paciente, Doenca) VALUES (411, "15/2/1966 0:19:23", "17/4/1968 2:46:25", 52, 26);
INSERT INTO Ocorrencia(OcorrenciaID, DataInicio, DataFim, Paciente, Doenca) VALUES (412, "6/5/1995 21:13:23", "9/7/1995 23:39:49", 297, 17);
INSERT INTO Ocorrencia(OcorrenciaID, DataInicio, DataFim, Paciente, Doenca) VALUES (413, "14/4/1963 8:6:9", "14/6/1965 10:35:36", 255, 84);
INSERT INTO Ocorrencia(OcorrenciaID, DataInicio, DataFim, Paciente, Doenca) VALUES (414, "6/3/2012 20:7:8", "6/3/2014 22:30:16", 72, 158);
INSERT INTO Ocorrencia(OcorrenciaID, DataInicio, DataFim, Paciente, Doenca) VALUES (415, "25/9/2018 6:13:2", "26/11/2019 7:37:6", 78, 37);
INSERT INTO Ocorrencia(OcorrenciaID, DataInicio, DataFim, Paciente, Doenca) VALUES (416, "13/4/1967 16:18:19", "15/5/1968 18:30:46", 35, 186);
INSERT INTO Ocorrencia(OcorrenciaID, DataInicio, DataFim, Paciente, Doenca) VALUES (417, "3/7/1969 6:16:24", "3/9/1970 8:20:30", 225, 27);
INSERT INTO Ocorrencia(OcorrenciaID, DataInicio, DataFim, Paciente, Doenca) VALUES (418, "24/3/2008 5:8:8", "25/4/2009 6:11:23", 16, 104);
INSERT INTO Ocorrencia(OcorrenciaID, DataInicio, DataFim, Paciente, Doenca) VALUES (419, "23/8/1983 8:28:24", "24/8/1986 9:28:51", 8, 92);
INSERT INTO Ocorrencia(OcorrenciaID, DataInicio, DataFim, Paciente, Doenca) VALUES (420, "5/1/2015 1:23:5", "5/2/2017 2:46:24", 6, 185);
INSERT INTO Ocorrencia(OcorrenciaID, DataInicio, DataFim, Paciente, Doenca) VALUES (421, "21/5/2015 2:10:8", "21/6/2018 4:27:27", 142, 177);
INSERT INTO Ocorrencia(OcorrenciaID, DataInicio, DataFim, Paciente, Doenca) VALUES (422, "9/2/1978 12:0:18", "12/3/1978 13:9:19", 18, 11);
INSERT INTO Ocorrencia(OcorrenciaID, DataInicio, DataFim, Paciente, Doenca) VALUES (423, "21/8/2000 14:3:22", "21/9/2003 15:24:41", 67, 90);
INSERT INTO Ocorrencia(OcorrenciaID, DataInicio, DataFim, Paciente, Doenca) VALUES (424, "22/10/1974 4:12:28", "25/12/1974 6:42:46", 245, 132);
INSERT INTO Ocorrencia(OcorrenciaID, DataInicio, DataFim, Paciente, Doenca) VALUES (425, "25/10/1983 10:18:2", "27/11/1986 12:26:18", 213, 223);
INSERT INTO Ocorrencia(OcorrenciaID, DataInicio, DataFim, Paciente, Doenca) VALUES (426, "15/1/1979 14:5:14", "16/2/1979 16:11:31", 200, 10);
INSERT INTO Ocorrencia(OcorrenciaID, DataInicio, DataFim, Paciente, Doenca) VALUES (427, "24/1/1970 3:10:20", "27/2/1973 5:20:22", 186, 230);
INSERT INTO Ocorrencia(OcorrenciaID, DataInicio, DataFim, Paciente, Doenca) VALUES (428, "1/10/1980 19:0:4", "3/10/1981 20:29:15", 228, 191);
INSERT INTO Ocorrencia(OcorrenciaID, DataInicio, DataFim, Paciente, Doenca) VALUES (429, "14/5/1991 8:18:2", "14/5/1994 9:19:14", 157, 19);
INSERT INTO Ocorrencia(OcorrenciaID, DataInicio, DataFim, Paciente, Doenca) VALUES (430, "6/6/1977 16:5:17", "8/7/1979 18:11:39", 246, 190);
INSERT INTO Ocorrencia(OcorrenciaID, DataInicio, DataFim, Paciente, Doenca) VALUES (431, "2/1/1985 9:7:25", "3/1/1987 11:35:38", 125, 2);
INSERT INTO Ocorrencia(OcorrenciaID, DataInicio, DataFim, Paciente, Doenca) VALUES (432, "8/7/2014 4:12:18", "11/9/2017 5:32:47", 264, 51);
INSERT INTO Ocorrencia(OcorrenciaID, DataInicio, DataFim, Paciente, Doenca) VALUES (433, "4/1/1964 19:11:11", "6/1/1966 20:25:37", 293, 132);
INSERT INTO Ocorrencia(OcorrenciaID, DataInicio, DataFim, Paciente, Doenca) VALUES (434, "11/5/1972 5:6:1", "14/6/1975 7:34:2", 171, 208);
INSERT INTO Ocorrencia(OcorrenciaID, DataInicio, DataFim, Paciente, Doenca) VALUES (435, "7/7/1968 2:3:21", "8/9/1968 4:4:35", 116, 176);
INSERT INTO Ocorrencia(OcorrenciaID, DataInicio, DataFim, Paciente, Doenca) VALUES (436, "21/5/2001 7:26:22", "22/6/2001 8:53:29", 105, 117);
INSERT INTO Ocorrencia(OcorrenciaID, DataInicio, DataFim, Paciente, Doenca) VALUES (437, "11/5/1978 2:25:7", "14/6/1979 4:31:12", 103, 85);
INSERT INTO Ocorrencia(OcorrenciaID, DataInicio, DataFim, Paciente, Doenca) VALUES (438, "15/3/1984 1:8:18", "18/3/1986 2:17:30", 195, 105);
INSERT INTO Ocorrencia(OcorrenciaID, DataInicio, DataFim, Paciente, Doenca) VALUES (439, "11/9/2015 3:3:28", "14/10/2016 5:21:53", 126, 188);
INSERT INTO Ocorrencia(OcorrenciaID, DataInicio, DataFim, Paciente, Doenca) VALUES (440, "2/8/1997 1:16:19", "2/10/1999 2:34:23", 132, 18);
INSERT INTO Ocorrencia(OcorrenciaID, DataInicio, DataFim, Paciente, Doenca) VALUES (441, "13/10/1963 10:6:8", "13/11/1963 12:19:18", 196, 10);
INSERT INTO Ocorrencia(OcorrenciaID, DataInicio, DataFim, Paciente, Doenca) VALUES (442, "17/5/2013 20:12:11", "17/6/2015 21:36:20", 48, 180);
INSERT INTO Ocorrencia(OcorrenciaID, DataInicio, DataFim, Paciente, Doenca) VALUES (443, "9/6/1968 2:16:20", "12/8/1968 3:20:21", 292, 182);
INSERT INTO Ocorrencia(OcorrenciaID, DataInicio, DataFim, Paciente, Doenca) VALUES (444, "22/8/1967 10:9:15", "25/8/1968 12:24:37", 59, 36);
INSERT INTO Ocorrencia(OcorrenciaID, DataInicio, DataFim, Paciente, Doenca) VALUES (445, "19/8/2012 17:21:21", "20/8/2015 18:31:45", 298, 105);
INSERT INTO Ocorrencia(OcorrenciaID, DataInicio, DataFim, Paciente, Doenca) VALUES (446, "6/7/1991 13:11:7", "8/8/1993 15:13:12", 39, 7);
INSERT INTO Ocorrencia(OcorrenciaID, DataInicio, DataFim, Paciente, Doenca) VALUES (447, "8/6/2006 1:11:18", "8/7/2009 3:18:33", 51, 175);
INSERT INTO Ocorrencia(OcorrenciaID, DataInicio, DataFim, Paciente, Doenca) VALUES (448, "6/5/2014 20:27:12", "9/5/2014 22:56:22", 2, 213);
INSERT INTO Ocorrencia(OcorrenciaID, DataInicio, DataFim, Paciente, Doenca) VALUES (449, "7/3/1962 6:26:24", "8/5/1964 8:33:45", 107, 107);
INSERT INTO Ocorrencia(OcorrenciaID, DataInicio, DataFim, Paciente, Doenca) VALUES (450, "9/3/2007 6:29:12", "11/5/2009 8:37:37", 243, 232);
INSERT INTO Ocorrencia(OcorrenciaID, DataInicio, DataFim, Paciente, Doenca) VALUES (451, "20/10/1963 19:3:14", "21/12/1963 20:4:39", 216, 33);
INSERT INTO Ocorrencia(OcorrenciaID, DataInicio, DataFim, Paciente, Doenca) VALUES (452, "8/10/1994 3:20:7", "11/11/1994 4:26:36", 140, 112);
INSERT INTO Ocorrencia(OcorrenciaID, DataInicio, DataFim, Paciente, Doenca) VALUES (453, "16/4/2015 7:19:7", "18/5/2018 9:34:35", 198, 210);
INSERT INTO Ocorrencia(OcorrenciaID, DataInicio, DataFim, Paciente, Doenca) VALUES (454, "17/9/1981 17:28:22", "20/11/1983 18:34:30", 291, 142);
INSERT INTO Ocorrencia(OcorrenciaID, DataInicio, DataFim, Paciente, Doenca) VALUES (455, "13/5/2013 10:26:0", "16/5/2013 12:33:12", 55, 151);
INSERT INTO Ocorrencia(OcorrenciaID, DataInicio, DataFim, Paciente, Doenca) VALUES (456, "9/3/2015 7:28:19", "10/3/2017 8:42:33", 28, 34);
INSERT INTO Ocorrencia(OcorrenciaID, DataInicio, DataFim, Paciente, Doenca) VALUES (457, "13/4/1975 19:2:2", "14/4/1978 21:18:23", 3, 156);
INSERT INTO Ocorrencia(OcorrenciaID, DataInicio, DataFim, Paciente, Doenca) VALUES (458, "7/4/2017 15:5:27", "7/4/2020 17:9:48", 289, 54);
INSERT INTO Ocorrencia(OcorrenciaID, DataInicio, DataFim, Paciente, Doenca) VALUES (459, "9/4/1990 1:8:9", "10/5/1992 3:27:35", 171, 42);
INSERT INTO Ocorrencia(OcorrenciaID, DataInicio, DataFim, Paciente, Doenca) VALUES (460, "15/10/1984 11:15:19", "17/10/1987 13:44:32", 3, 209);
INSERT INTO Ocorrencia(OcorrenciaID, DataInicio, DataFim, Paciente, Doenca) VALUES (461, "15/6/2002 12:24:26", "18/7/2003 14:41:31", 86, 59);
INSERT INTO Ocorrencia(OcorrenciaID, DataInicio, DataFim, Paciente, Doenca) VALUES (462, "19/10/2001 17:17:19", "19/12/2003 19:39:36", 127, 112);
INSERT INTO Ocorrencia(OcorrenciaID, DataInicio, DataFim, Paciente, Doenca) VALUES (463, "22/3/1964 0:3:26", "23/3/1965 1:26:34", 134, 86);
INSERT INTO Ocorrencia(OcorrenciaID, DataInicio, DataFim, Paciente, Doenca) VALUES (464, "16/2/1989 8:23:9", "16/4/1991 9:36:28", 231, 47);
INSERT INTO Ocorrencia(OcorrenciaID, DataInicio, DataFim, Paciente, Doenca) VALUES (465, "2/7/2013 2:24:22", "5/9/2014 3:40:27", 200, 222);
INSERT INTO Ocorrencia(OcorrenciaID, DataInicio, DataFim, Paciente, Doenca) VALUES (466, "2/3/1993 3:11:19", "4/4/1995 5:25:41", 180, 89);
INSERT INTO Ocorrencia(OcorrenciaID, DataInicio, DataFim, Paciente, Doenca) VALUES (467, "3/7/2018 6:20:20", "4/8/2020 7:42:26", 110, 35);
INSERT INTO Ocorrencia(OcorrenciaID, DataInicio, DataFim, Paciente, Doenca) VALUES (468, "25/7/2006 20:9:13", "27/8/2006 21:11:29", 67, 13);
INSERT INTO Ocorrencia(OcorrenciaID, DataInicio, DataFim, Paciente, Doenca) VALUES (469, "16/6/1995 7:16:15", "17/7/1997 8:18:18", 122, 198);
INSERT INTO Ocorrencia(OcorrenciaID, DataInicio, DataFim, Paciente, Doenca) VALUES (470, "23/10/1994 16:2:29", "23/10/1995 18:31:34", 232, 227);
INSERT INTO Ocorrencia(OcorrenciaID, DataInicio, DataFim, Paciente, Doenca) VALUES (471, "15/9/1988 17:16:11", "15/10/1988 19:24:23", 49, 49);
INSERT INTO Ocorrencia(OcorrenciaID, DataInicio, DataFim, Paciente, Doenca) VALUES (472, "18/3/2004 12:1:0", "21/5/2005 14:24:12", 276, 58);
INSERT INTO Ocorrencia(OcorrenciaID, DataInicio, DataFim, Paciente, Doenca) VALUES (473, "10/8/1971 0:13:25", "10/10/1971 1:41:39", 192, 24);
INSERT INTO Ocorrencia(OcorrenciaID, DataInicio, DataFim, Paciente, Doenca) VALUES (474, "19/8/2001 4:3:9", "22/9/2003 5:23:38", 232, 125);
INSERT INTO Ocorrencia(OcorrenciaID, DataInicio, DataFim, Paciente, Doenca) VALUES (475, "15/8/2013 12:21:25", "16/8/2013 14:34:54", 268, 184);
INSERT INTO Ocorrencia(OcorrenciaID, DataInicio, DataFim, Paciente, Doenca) VALUES (476, "5/6/1981 12:16:12", "6/7/1982 14:40:14", 188, 25);
INSERT INTO Ocorrencia(OcorrenciaID, DataInicio, DataFim, Paciente, Doenca) VALUES (477, "15/6/1962 8:23:23", "17/6/1964 9:32:52", 297, 188);
INSERT INTO Ocorrencia(OcorrenciaID, DataInicio, DataFim, Paciente, Doenca) VALUES (478, "5/4/1999 18:12:8", "8/4/1999 20:12:28", 211, 162);
INSERT INTO Ocorrencia(OcorrenciaID, DataInicio, DataFim, Paciente, Doenca) VALUES (479, "5/2/1984 18:9:25", "7/2/1985 19:21:32", 157, 57);
INSERT INTO Ocorrencia(OcorrenciaID, DataInicio, DataFim, Paciente, Doenca) VALUES (480, "8/5/1961 11:17:0", "8/7/1964 13:38:24", 132, 35);
INSERT INTO Ocorrencia(OcorrenciaID, DataInicio, DataFim, Paciente, Doenca) VALUES (481, "12/7/1961 1:26:1", "12/9/1964 3:38:8", 35, 47);
INSERT INTO Ocorrencia(OcorrenciaID, DataInicio, DataFim, Paciente, Doenca) VALUES (482, "20/2/1960 16:25:15", "20/2/1963 18:34:43", 229, 57);
INSERT INTO Ocorrencia(OcorrenciaID, DataInicio, DataFim, Paciente, Doenca) VALUES (483, "20/1/1992 13:10:15", "20/3/1993 15:39:18", 94, 151);
INSERT INTO Ocorrencia(OcorrenciaID, DataInicio, DataFim, Paciente, Doenca) VALUES (484, "15/3/1986 21:1:29", "16/4/1987 22:3:39", 129, 178);
INSERT INTO Ocorrencia(OcorrenciaID, DataInicio, DataFim, Paciente, Doenca) VALUES (485, "24/9/1999 11:11:18", "27/11/1999 13:18:47", 129, 186);
INSERT INTO Ocorrencia(OcorrenciaID, DataInicio, DataFim, Paciente, Doenca) VALUES (486, "15/4/2008 19:7:22", "15/4/2011 20:15:26", 31, 69);
INSERT INTO Ocorrencia(OcorrenciaID, DataInicio, DataFim, Paciente, Doenca) VALUES (487, "2/10/1982 19:21:14", "4/12/1985 21:44:17", 124, 226);
INSERT INTO Ocorrencia(OcorrenciaID, DataInicio, DataFim, Paciente, Doenca) VALUES (488, "12/9/1985 11:0:19", "14/10/1988 12:20:22", 167, 142);
INSERT INTO Ocorrencia(OcorrenciaID, DataInicio, DataFim, Paciente, Doenca) VALUES (489, "18/3/1997 8:25:7", "19/5/1998 9:32:36", 229, 175);
INSERT INTO Ocorrencia(OcorrenciaID, DataInicio, DataFim, Paciente, Doenca) VALUES (490, "1/3/2018 10:28:24", "3/3/2018 12:40:26", 287, 100);
INSERT INTO Ocorrencia(OcorrenciaID, DataInicio, DataFim, Paciente, Doenca) VALUES (491, "23/8/2014 5:29:20", "24/8/2014 7:49:20", 86, 220);
INSERT INTO Ocorrencia(OcorrenciaID, DataInicio, DataFim, Paciente, Doenca) VALUES (492, "24/4/1972 1:9:11", "26/4/1973 3:29:24", 161, 2);
INSERT INTO Ocorrencia(OcorrenciaID, DataInicio, DataFim, Paciente, Doenca) VALUES (493, "15/7/1993 3:11:19", "15/7/1994 5:25:48", 126, 139);
INSERT INTO Ocorrencia(OcorrenciaID, DataInicio, DataFim, Paciente, Doenca) VALUES (494, "15/7/2018 20:9:12", "18/8/2021 22:17:31", 109, 71);
INSERT INTO Ocorrencia(OcorrenciaID, DataInicio, DataFim, Paciente, Doenca) VALUES (495, "15/7/1975 9:18:5", "16/7/1978 11:30:15", 104, 3);
INSERT INTO Ocorrencia(OcorrenciaID, DataInicio, DataFim, Paciente, Doenca) VALUES (496, "12/10/2006 20:3:23", "12/10/2006 21:19:36", 116, 169);
INSERT INTO Ocorrencia(OcorrenciaID, DataInicio, DataFim, Paciente, Doenca) VALUES (497, "12/7/1976 15:21:1", "14/7/1977 17:47:23", 34, 220);
INSERT INTO Ocorrencia(OcorrenciaID, DataInicio, DataFim, Paciente, Doenca) VALUES (498, "19/9/1976 5:1:3", "22/9/1976 6:10:32", 5, 181);
INSERT INTO Ocorrencia(OcorrenciaID, DataInicio, DataFim, Paciente, Doenca) VALUES (499, "7/6/1963 11:14:26", "7/7/1965 13:36:44", 267, 77);
INSERT INTO Ocorrencia(OcorrenciaID, DataInicio, DataFim, Paciente, Doenca) VALUES (500, "23/5/1999 12:24:0", "23/7/1999 13:41:19", 125, 138);


-- Nurse Intervention
INSERT INTO Evento(EventoID,Descricao, Data, Admissao, Quarto) VALUES (1, "descricao","1/8/1965 0:28:7" ,177, 169);
INSERT INTO Intervencao( EventoID, Descricao) VALUES (1,"descricao");
INSERT INTO EnfermeiroInterv( EnfermeiroID, IntervID) VALUES (328,1);
INSERT INTO Evento(EventoID,Descricao, Data, Admissao, Quarto) VALUES (2, "descricao","3/10/1962 12:15:0" ,451, 129);
INSERT INTO Intervencao( EventoID, Descricao) VALUES (2,"descricao");
INSERT INTO EnfermeiroInterv( EnfermeiroID, IntervID) VALUES (364,2);
INSERT INTO Evento(EventoID,Descricao, Data, Admissao, Quarto) VALUES (3, "descricao","12/2/2005 21:15:44" ,457, 172);
INSERT INTO Intervencao( EventoID, Descricao) VALUES (3,"descricao");
INSERT INTO EnfermeiroInterv( EnfermeiroID, IntervID) VALUES (305,3);
INSERT INTO Evento(EventoID,Descricao, Data, Admissao, Quarto) VALUES (4, "descricao","27/6/2017 9:55:17" ,28, 171);
INSERT INTO Intervencao( EventoID, Descricao) VALUES (4,"descricao");
INSERT INTO EnfermeiroInterv( EnfermeiroID, IntervID) VALUES (345,4);
INSERT INTO Evento(EventoID,Descricao, Data, Admissao, Quarto) VALUES (5, "descricao","1/6/2009 22:9:51" ,203, 198);
INSERT INTO Intervencao( EventoID, Descricao) VALUES (5,"descricao");
INSERT INTO EnfermeiroInterv( EnfermeiroID, IntervID) VALUES (360,5);
INSERT INTO Evento(EventoID,Descricao, Data, Admissao, Quarto) VALUES (6, "descricao","24/4/1999 13:49:49" ,457, 176);
INSERT INTO Intervencao( EventoID, Descricao) VALUES (6,"descricao");
INSERT INTO EnfermeiroInterv( EnfermeiroID, IntervID) VALUES (366,6);
INSERT INTO Evento(EventoID,Descricao, Data, Admissao, Quarto) VALUES (7, "descricao","8/4/1961 11:49:42" ,24, 129);
INSERT INTO Intervencao( EventoID, Descricao) VALUES (7,"descricao");
INSERT INTO EnfermeiroInterv( EnfermeiroID, IntervID) VALUES (359,7);
INSERT INTO Evento(EventoID,Descricao, Data, Admissao, Quarto) VALUES (8, "descricao","17/1/1980 23:11:4" ,287, 224);
INSERT INTO Intervencao( EventoID, Descricao) VALUES (8,"descricao");
INSERT INTO EnfermeiroInterv( EnfermeiroID, IntervID) VALUES (360,8);
INSERT INTO Evento(EventoID,Descricao, Data, Admissao, Quarto) VALUES (9, "descricao","23/6/1974 3:51:57" ,339, 186);
INSERT INTO Intervencao( EventoID, Descricao) VALUES (9,"descricao");
INSERT INTO EnfermeiroInterv( EnfermeiroID, IntervID) VALUES (334,9);
INSERT INTO Evento(EventoID,Descricao, Data, Admissao, Quarto) VALUES (10, "descricao","25/9/1973 21:25:58" ,288, 244);
INSERT INTO Intervencao( EventoID, Descricao) VALUES (10,"descricao");
INSERT INTO EnfermeiroInterv( EnfermeiroID, IntervID) VALUES (305,10);
INSERT INTO Evento(EventoID,Descricao, Data, Admissao, Quarto) VALUES (11, "descricao","26/10/2017 18:39:8" ,159, 119);
INSERT INTO Intervencao( EventoID, Descricao) VALUES (11,"descricao");
INSERT INTO EnfermeiroInterv( EnfermeiroID, IntervID) VALUES (326,11);
INSERT INTO Evento(EventoID,Descricao, Data, Admissao, Quarto) VALUES (12, "descricao","1/4/2007 14:43:27" ,219, 105);
INSERT INTO Intervencao( EventoID, Descricao) VALUES (12,"descricao");
INSERT INTO EnfermeiroInterv( EnfermeiroID, IntervID) VALUES (316,12);
INSERT INTO Evento(EventoID,Descricao, Data, Admissao, Quarto) VALUES (13, "descricao","26/12/1993 15:0:57" ,33, 157);
INSERT INTO Intervencao( EventoID, Descricao) VALUES (13,"descricao");
INSERT INTO EnfermeiroInterv( EnfermeiroID, IntervID) VALUES (333,13);
INSERT INTO Evento(EventoID,Descricao, Data, Admissao, Quarto) VALUES (14, "descricao","16/11/2011 19:47:29" ,45, 141);
INSERT INTO Intervencao( EventoID, Descricao) VALUES (14,"descricao");
INSERT INTO EnfermeiroInterv( EnfermeiroID, IntervID) VALUES (307,14);
INSERT INTO Evento(EventoID,Descricao, Data, Admissao, Quarto) VALUES (15, "descricao","15/10/1982 4:54:5" ,363, 189);
INSERT INTO Intervencao( EventoID, Descricao) VALUES (15,"descricao");
INSERT INTO EnfermeiroInterv( EnfermeiroID, IntervID) VALUES (324,15);
INSERT INTO Evento(EventoID,Descricao, Data, Admissao, Quarto) VALUES (16, "descricao","24/10/1998 6:44:15" ,58, 177);
INSERT INTO Intervencao( EventoID, Descricao) VALUES (16,"descricao");
INSERT INTO EnfermeiroInterv( EnfermeiroID, IntervID) VALUES (358,16);
INSERT INTO Evento(EventoID,Descricao, Data, Admissao, Quarto) VALUES (17, "descricao","16/6/1960 3:57:32" ,344, 144);
INSERT INTO Intervencao( EventoID, Descricao) VALUES (17,"descricao");
INSERT INTO EnfermeiroInterv( EnfermeiroID, IntervID) VALUES (364,17);
INSERT INTO Evento(EventoID,Descricao, Data, Admissao, Quarto) VALUES (18, "descricao","15/5/2007 1:20:19" ,424, 111);
INSERT INTO Intervencao( EventoID, Descricao) VALUES (18,"descricao");
INSERT INTO EnfermeiroInterv( EnfermeiroID, IntervID) VALUES (319,18);
INSERT INTO Evento(EventoID,Descricao, Data, Admissao, Quarto) VALUES (19, "descricao","21/11/1981 6:37:8" ,308, 210);
INSERT INTO Intervencao( EventoID, Descricao) VALUES (19,"descricao");
INSERT INTO EnfermeiroInterv( EnfermeiroID, IntervID) VALUES (351,19);
INSERT INTO Evento(EventoID,Descricao, Data, Admissao, Quarto) VALUES (20, "descricao","27/8/1985 9:38:4" ,476, 120);
INSERT INTO Intervencao( EventoID, Descricao) VALUES (20,"descricao");
INSERT INTO EnfermeiroInterv( EnfermeiroID, IntervID) VALUES (361,20);
INSERT INTO Evento(EventoID,Descricao, Data, Admissao, Quarto) VALUES (21, "descricao","15/3/1994 14:30:59" ,361, 247);
INSERT INTO Intervencao( EventoID, Descricao) VALUES (21,"descricao");
INSERT INTO EnfermeiroInterv( EnfermeiroID, IntervID) VALUES (313,21);
INSERT INTO Evento(EventoID,Descricao, Data, Admissao, Quarto) VALUES (22, "descricao","20/5/1969 2:18:45" ,474, 169);
INSERT INTO Intervencao( EventoID, Descricao) VALUES (22,"descricao");
INSERT INTO EnfermeiroInterv( EnfermeiroID, IntervID) VALUES (309,22);
INSERT INTO Evento(EventoID,Descricao, Data, Admissao, Quarto) VALUES (23, "descricao","28/9/1989 15:30:58" ,315, 209);
INSERT INTO Intervencao( EventoID, Descricao) VALUES (23,"descricao");
INSERT INTO EnfermeiroInterv( EnfermeiroID, IntervID) VALUES (339,23);
INSERT INTO Evento(EventoID,Descricao, Data, Admissao, Quarto) VALUES (24, "descricao","14/5/1972 22:34:59" ,97, 126);
INSERT INTO Intervencao( EventoID, Descricao) VALUES (24,"descricao");
INSERT INTO EnfermeiroInterv( EnfermeiroID, IntervID) VALUES (331,24);
INSERT INTO Evento(EventoID,Descricao, Data, Admissao, Quarto) VALUES (25, "descricao","12/7/2006 19:17:11" ,197, 141);
INSERT INTO Intervencao( EventoID, Descricao) VALUES (25,"descricao");
INSERT INTO EnfermeiroInterv( EnfermeiroID, IntervID) VALUES (338,25);
INSERT INTO Evento(EventoID,Descricao, Data, Admissao, Quarto) VALUES (26, "descricao","6/7/2002 15:24:47" ,74, 246);
INSERT INTO Intervencao( EventoID, Descricao) VALUES (26,"descricao");
INSERT INTO EnfermeiroInterv( EnfermeiroID, IntervID) VALUES (308,26);
INSERT INTO Evento(EventoID,Descricao, Data, Admissao, Quarto) VALUES (27, "descricao","5/3/1976 15:16:54" ,320, 121);
INSERT INTO Intervencao( EventoID, Descricao) VALUES (27,"descricao");
INSERT INTO EnfermeiroInterv( EnfermeiroID, IntervID) VALUES (321,27);
INSERT INTO Evento(EventoID,Descricao, Data, Admissao, Quarto) VALUES (28, "descricao","26/11/1981 16:46:1" ,390, 177);
INSERT INTO Intervencao( EventoID, Descricao) VALUES (28,"descricao");
INSERT INTO EnfermeiroInterv( EnfermeiroID, IntervID) VALUES (310,28);
INSERT INTO Evento(EventoID,Descricao, Data, Admissao, Quarto) VALUES (29, "descricao","13/9/1992 5:12:8" ,227, 241);
INSERT INTO Intervencao( EventoID, Descricao) VALUES (29,"descricao");
INSERT INTO EnfermeiroInterv( EnfermeiroID, IntervID) VALUES (345,29);
INSERT INTO Evento(EventoID,Descricao, Data, Admissao, Quarto) VALUES (30, "descricao","6/12/2004 17:53:27" ,443, 165);
INSERT INTO Intervencao( EventoID, Descricao) VALUES (30,"descricao");
INSERT INTO EnfermeiroInterv( EnfermeiroID, IntervID) VALUES (303,30);
INSERT INTO Evento(EventoID,Descricao, Data, Admissao, Quarto) VALUES (31, "descricao","26/12/1981 13:47:13" ,449, 195);
INSERT INTO Intervencao( EventoID, Descricao) VALUES (31,"descricao");
INSERT INTO EnfermeiroInterv( EnfermeiroID, IntervID) VALUES (343,31);
INSERT INTO Evento(EventoID,Descricao, Data, Admissao, Quarto) VALUES (32, "descricao","26/12/1970 23:49:35" ,456, 230);
INSERT INTO Intervencao( EventoID, Descricao) VALUES (32,"descricao");
INSERT INTO EnfermeiroInterv( EnfermeiroID, IntervID) VALUES (343,32);
INSERT INTO Evento(EventoID,Descricao, Data, Admissao, Quarto) VALUES (33, "descricao","5/2/1992 1:34:51" ,104, 144);
INSERT INTO Intervencao( EventoID, Descricao) VALUES (33,"descricao");
INSERT INTO EnfermeiroInterv( EnfermeiroID, IntervID) VALUES (312,33);
INSERT INTO Evento(EventoID,Descricao, Data, Admissao, Quarto) VALUES (34, "descricao","1/4/2002 8:21:13" ,467, 166);
INSERT INTO Intervencao( EventoID, Descricao) VALUES (34,"descricao");
INSERT INTO EnfermeiroInterv( EnfermeiroID, IntervID) VALUES (331,34);
INSERT INTO Evento(EventoID,Descricao, Data, Admissao, Quarto) VALUES (35, "descricao","1/12/1962 19:0:45" ,388, 186);
INSERT INTO Intervencao( EventoID, Descricao) VALUES (35,"descricao");
INSERT INTO EnfermeiroInterv( EnfermeiroID, IntervID) VALUES (349,35);
INSERT INTO Evento(EventoID,Descricao, Data, Admissao, Quarto) VALUES (36, "descricao","10/6/2014 19:9:51" ,76, 172);
INSERT INTO Intervencao( EventoID, Descricao) VALUES (36,"descricao");
INSERT INTO EnfermeiroInterv( EnfermeiroID, IntervID) VALUES (353,36);
INSERT INTO Evento(EventoID,Descricao, Data, Admissao, Quarto) VALUES (37, "descricao","22/1/1998 18:42:19" ,469, 105);
INSERT INTO Intervencao( EventoID, Descricao) VALUES (37,"descricao");
INSERT INTO EnfermeiroInterv( EnfermeiroID, IntervID) VALUES (366,37);
INSERT INTO Evento(EventoID,Descricao, Data, Admissao, Quarto) VALUES (38, "descricao","19/1/1984 5:16:3" ,228, 176);
INSERT INTO Intervencao( EventoID, Descricao) VALUES (38,"descricao");
INSERT INTO EnfermeiroInterv( EnfermeiroID, IntervID) VALUES (342,38);
INSERT INTO Evento(EventoID,Descricao, Data, Admissao, Quarto) VALUES (39, "descricao","9/9/2009 9:24:43" ,278, 249);
INSERT INTO Intervencao( EventoID, Descricao) VALUES (39,"descricao");
INSERT INTO EnfermeiroInterv( EnfermeiroID, IntervID) VALUES (308,39);
INSERT INTO Evento(EventoID,Descricao, Data, Admissao, Quarto) VALUES (40, "descricao","18/4/1966 19:31:16" ,362, 214);
INSERT INTO Intervencao( EventoID, Descricao) VALUES (40,"descricao");
INSERT INTO EnfermeiroInterv( EnfermeiroID, IntervID) VALUES (348,40);
INSERT INTO Evento(EventoID,Descricao, Data, Admissao, Quarto) VALUES (41, "descricao","10/6/2005 4:48:27" ,8, 132);
INSERT INTO Intervencao( EventoID, Descricao) VALUES (41,"descricao");
INSERT INTO EnfermeiroInterv( EnfermeiroID, IntervID) VALUES (365,41);
INSERT INTO Evento(EventoID,Descricao, Data, Admissao, Quarto) VALUES (42, "descricao","13/11/1990 14:3:58" ,466, 181);
INSERT INTO Intervencao( EventoID, Descricao) VALUES (42,"descricao");
INSERT INTO EnfermeiroInterv( EnfermeiroID, IntervID) VALUES (360,42);
INSERT INTO Evento(EventoID,Descricao, Data, Admissao, Quarto) VALUES (43, "descricao","18/7/1960 11:44:10" ,375, 234);
INSERT INTO Intervencao( EventoID, Descricao) VALUES (43,"descricao");
INSERT INTO EnfermeiroInterv( EnfermeiroID, IntervID) VALUES (301,43);
INSERT INTO Evento(EventoID,Descricao, Data, Admissao, Quarto) VALUES (44, "descricao","16/9/1986 5:54:16" ,200, 243);
INSERT INTO Intervencao( EventoID, Descricao) VALUES (44,"descricao");
INSERT INTO EnfermeiroInterv( EnfermeiroID, IntervID) VALUES (317,44);
INSERT INTO Evento(EventoID,Descricao, Data, Admissao, Quarto) VALUES (45, "descricao","11/6/1969 20:6:19" ,455, 151);
INSERT INTO Intervencao( EventoID, Descricao) VALUES (45,"descricao");
INSERT INTO EnfermeiroInterv( EnfermeiroID, IntervID) VALUES (335,45);
INSERT INTO Evento(EventoID,Descricao, Data, Admissao, Quarto) VALUES (46, "descricao","22/7/1983 6:39:33" ,466, 162);
INSERT INTO Intervencao( EventoID, Descricao) VALUES (46,"descricao");
INSERT INTO EnfermeiroInterv( EnfermeiroID, IntervID) VALUES (340,46);
INSERT INTO Evento(EventoID,Descricao, Data, Admissao, Quarto) VALUES (47, "descricao","21/7/2012 11:37:44" ,279, 174);
INSERT INTO Intervencao( EventoID, Descricao) VALUES (47,"descricao");
INSERT INTO EnfermeiroInterv( EnfermeiroID, IntervID) VALUES (325,47);
INSERT INTO Evento(EventoID,Descricao, Data, Admissao, Quarto) VALUES (48, "descricao","3/7/2009 11:44:59" ,453, 192);
INSERT INTO Intervencao( EventoID, Descricao) VALUES (48,"descricao");
INSERT INTO EnfermeiroInterv( EnfermeiroID, IntervID) VALUES (364,48);
INSERT INTO Evento(EventoID,Descricao, Data, Admissao, Quarto) VALUES (49, "descricao","3/8/1963 9:35:35" ,38, 177);
INSERT INTO Intervencao( EventoID, Descricao) VALUES (49,"descricao");
INSERT INTO EnfermeiroInterv( EnfermeiroID, IntervID) VALUES (304,49);
INSERT INTO Evento(EventoID,Descricao, Data, Admissao, Quarto) VALUES (50, "descricao","15/10/1986 4:27:3" ,45, 197);
INSERT INTO Intervencao( EventoID, Descricao) VALUES (50,"descricao");
INSERT INTO EnfermeiroInterv( EnfermeiroID, IntervID) VALUES (363,50);
INSERT INTO Evento(EventoID,Descricao, Data, Admissao, Quarto) VALUES (51, "descricao","16/12/1988 19:14:5" ,165, 164);
INSERT INTO Intervencao( EventoID, Descricao) VALUES (51,"descricao");
INSERT INTO EnfermeiroInterv( EnfermeiroID, IntervID) VALUES (332,51);
INSERT INTO Evento(EventoID,Descricao, Data, Admissao, Quarto) VALUES (52, "descricao","3/8/1976 7:19:57" ,433, 243);
INSERT INTO Intervencao( EventoID, Descricao) VALUES (52,"descricao");
INSERT INTO EnfermeiroInterv( EnfermeiroID, IntervID) VALUES (352,52);
INSERT INTO Evento(EventoID,Descricao, Data, Admissao, Quarto) VALUES (53, "descricao","20/10/2013 22:36:27" ,493, 239);
INSERT INTO Intervencao( EventoID, Descricao) VALUES (53,"descricao");
INSERT INTO EnfermeiroInterv( EnfermeiroID, IntervID) VALUES (362,53);
INSERT INTO Evento(EventoID,Descricao, Data, Admissao, Quarto) VALUES (54, "descricao","5/3/1966 7:19:54" ,283, 209);
INSERT INTO Intervencao( EventoID, Descricao) VALUES (54,"descricao");
INSERT INTO EnfermeiroInterv( EnfermeiroID, IntervID) VALUES (336,54);
INSERT INTO Evento(EventoID,Descricao, Data, Admissao, Quarto) VALUES (55, "descricao","14/7/1982 21:16:0" ,311, 147);
INSERT INTO Intervencao( EventoID, Descricao) VALUES (55,"descricao");
INSERT INTO EnfermeiroInterv( EnfermeiroID, IntervID) VALUES (345,55);
INSERT INTO Evento(EventoID,Descricao, Data, Admissao, Quarto) VALUES (56, "descricao","28/1/1965 23:11:49" ,239, 162);
INSERT INTO Intervencao( EventoID, Descricao) VALUES (56,"descricao");
INSERT INTO EnfermeiroInterv( EnfermeiroID, IntervID) VALUES (341,56);
INSERT INTO Evento(EventoID,Descricao, Data, Admissao, Quarto) VALUES (57, "descricao","1/11/1979 9:10:10" ,290, 146);
INSERT INTO Intervencao( EventoID, Descricao) VALUES (57,"descricao");
INSERT INTO EnfermeiroInterv( EnfermeiroID, IntervID) VALUES (333,57);
INSERT INTO Evento(EventoID,Descricao, Data, Admissao, Quarto) VALUES (58, "descricao","5/6/1994 23:35:57" ,165, 217);
INSERT INTO Intervencao( EventoID, Descricao) VALUES (58,"descricao");
INSERT INTO EnfermeiroInterv( EnfermeiroID, IntervID) VALUES (354,58);
INSERT INTO Evento(EventoID,Descricao, Data, Admissao, Quarto) VALUES (59, "descricao","10/5/1969 9:29:49" ,10, 188);
INSERT INTO Intervencao( EventoID, Descricao) VALUES (59,"descricao");
INSERT INTO EnfermeiroInterv( EnfermeiroID, IntervID) VALUES (334,59);
INSERT INTO Evento(EventoID,Descricao, Data, Admissao, Quarto) VALUES (60, "descricao","18/2/1987 2:4:34" ,263, 102);
INSERT INTO Intervencao( EventoID, Descricao) VALUES (60,"descricao");
INSERT INTO EnfermeiroInterv( EnfermeiroID, IntervID) VALUES (301,60);
INSERT INTO Evento(EventoID,Descricao, Data, Admissao, Quarto) VALUES (61, "descricao","8/3/1981 3:1:1" ,319, 110);
INSERT INTO Intervencao( EventoID, Descricao) VALUES (61,"descricao");
INSERT INTO EnfermeiroInterv( EnfermeiroID, IntervID) VALUES (365,61);
INSERT INTO Evento(EventoID,Descricao, Data, Admissao, Quarto) VALUES (62, "descricao","1/2/2009 14:40:43" ,224, 144);
INSERT INTO Intervencao( EventoID, Descricao) VALUES (62,"descricao");
INSERT INTO EnfermeiroInterv( EnfermeiroID, IntervID) VALUES (334,62);
INSERT INTO Evento(EventoID,Descricao, Data, Admissao, Quarto) VALUES (63, "descricao","15/12/1992 13:28:18" ,171, 155);
INSERT INTO Intervencao( EventoID, Descricao) VALUES (63,"descricao");
INSERT INTO EnfermeiroInterv( EnfermeiroID, IntervID) VALUES (358,63);
INSERT INTO Evento(EventoID,Descricao, Data, Admissao, Quarto) VALUES (64, "descricao","4/6/1971 2:38:29" ,320, 202);
INSERT INTO Intervencao( EventoID, Descricao) VALUES (64,"descricao");
INSERT INTO EnfermeiroInterv( EnfermeiroID, IntervID) VALUES (338,64);
INSERT INTO Evento(EventoID,Descricao, Data, Admissao, Quarto) VALUES (65, "descricao","2/6/1976 13:56:52" ,500, 110);
INSERT INTO Intervencao( EventoID, Descricao) VALUES (65,"descricao");
INSERT INTO EnfermeiroInterv( EnfermeiroID, IntervID) VALUES (343,65);
INSERT INTO Evento(EventoID,Descricao, Data, Admissao, Quarto) VALUES (66, "descricao","3/3/1984 23:0:45" ,92, 107);
INSERT INTO Intervencao( EventoID, Descricao) VALUES (66,"descricao");
INSERT INTO EnfermeiroInterv( EnfermeiroID, IntervID) VALUES (309,66);
INSERT INTO Evento(EventoID,Descricao, Data, Admissao, Quarto) VALUES (67, "descricao","11/12/1971 12:36:10" ,341, 173);
INSERT INTO Intervencao( EventoID, Descricao) VALUES (67,"descricao");
INSERT INTO EnfermeiroInterv( EnfermeiroID, IntervID) VALUES (317,67);
INSERT INTO Evento(EventoID,Descricao, Data, Admissao, Quarto) VALUES (68, "descricao","1/9/1965 15:7:58" ,313, 155);
INSERT INTO Intervencao( EventoID, Descricao) VALUES (68,"descricao");
INSERT INTO EnfermeiroInterv( EnfermeiroID, IntervID) VALUES (366,68);
INSERT INTO Evento(EventoID,Descricao, Data, Admissao, Quarto) VALUES (69, "descricao","13/3/1972 3:27:50" ,386, 229);
INSERT INTO Intervencao( EventoID, Descricao) VALUES (69,"descricao");
INSERT INTO EnfermeiroInterv( EnfermeiroID, IntervID) VALUES (333,69);
INSERT INTO Evento(EventoID,Descricao, Data, Admissao, Quarto) VALUES (70, "descricao","4/1/1970 22:31:59" ,499, 159);
INSERT INTO Intervencao( EventoID, Descricao) VALUES (70,"descricao");
INSERT INTO EnfermeiroInterv( EnfermeiroID, IntervID) VALUES (326,70);
INSERT INTO Evento(EventoID,Descricao, Data, Admissao, Quarto) VALUES (71, "descricao","16/8/2011 15:9:52" ,438, 167);
INSERT INTO Intervencao( EventoID, Descricao) VALUES (71,"descricao");
INSERT INTO EnfermeiroInterv( EnfermeiroID, IntervID) VALUES (330,71);
INSERT INTO Evento(EventoID,Descricao, Data, Admissao, Quarto) VALUES (72, "descricao","23/2/1966 16:17:31" ,334, 205);
INSERT INTO Intervencao( EventoID, Descricao) VALUES (72,"descricao");
INSERT INTO EnfermeiroInterv( EnfermeiroID, IntervID) VALUES (335,72);
INSERT INTO Evento(EventoID,Descricao, Data, Admissao, Quarto) VALUES (73, "descricao","4/6/2018 8:40:12" ,171, 244);
INSERT INTO Intervencao( EventoID, Descricao) VALUES (73,"descricao");
INSERT INTO EnfermeiroInterv( EnfermeiroID, IntervID) VALUES (320,73);
INSERT INTO Evento(EventoID,Descricao, Data, Admissao, Quarto) VALUES (74, "descricao","11/11/2007 2:53:32" ,351, 223);
INSERT INTO Intervencao( EventoID, Descricao) VALUES (74,"descricao");
INSERT INTO EnfermeiroInterv( EnfermeiroID, IntervID) VALUES (321,74);
INSERT INTO Evento(EventoID,Descricao, Data, Admissao, Quarto) VALUES (75, "descricao","14/4/1989 22:8:0" ,161, 115);
INSERT INTO Intervencao( EventoID, Descricao) VALUES (75,"descricao");
INSERT INTO EnfermeiroInterv( EnfermeiroID, IntervID) VALUES (338,75);
INSERT INTO Evento(EventoID,Descricao, Data, Admissao, Quarto) VALUES (76, "descricao","4/11/2013 11:42:6" ,465, 139);
INSERT INTO Intervencao( EventoID, Descricao) VALUES (76,"descricao");
INSERT INTO EnfermeiroInterv( EnfermeiroID, IntervID) VALUES (333,76);
INSERT INTO Evento(EventoID,Descricao, Data, Admissao, Quarto) VALUES (77, "descricao","3/4/1963 14:46:3" ,304, 165);
INSERT INTO Intervencao( EventoID, Descricao) VALUES (77,"descricao");
INSERT INTO EnfermeiroInterv( EnfermeiroID, IntervID) VALUES (355,77);
INSERT INTO Evento(EventoID,Descricao, Data, Admissao, Quarto) VALUES (78, "descricao","14/1/1977 21:19:12" ,281, 218);
INSERT INTO Intervencao( EventoID, Descricao) VALUES (78,"descricao");
INSERT INTO EnfermeiroInterv( EnfermeiroID, IntervID) VALUES (329,78);
INSERT INTO Evento(EventoID,Descricao, Data, Admissao, Quarto) VALUES (79, "descricao","26/7/1979 3:22:45" ,6, 183);
INSERT INTO Intervencao( EventoID, Descricao) VALUES (79,"descricao");
INSERT INTO EnfermeiroInterv( EnfermeiroID, IntervID) VALUES (345,79);
INSERT INTO Evento(EventoID,Descricao, Data, Admissao, Quarto) VALUES (80, "descricao","12/5/1961 15:0:24" ,176, 125);
INSERT INTO Intervencao( EventoID, Descricao) VALUES (80,"descricao");
INSERT INTO EnfermeiroInterv( EnfermeiroID, IntervID) VALUES (364,80);
INSERT INTO Evento(EventoID,Descricao, Data, Admissao, Quarto) VALUES (81, "descricao","23/3/2006 0:3:21" ,125, 195);
INSERT INTO Intervencao( EventoID, Descricao) VALUES (81,"descricao");
INSERT INTO EnfermeiroInterv( EnfermeiroID, IntervID) VALUES (314,81);
INSERT INTO Evento(EventoID,Descricao, Data, Admissao, Quarto) VALUES (82, "descricao","4/2/1997 17:6:51" ,2, 156);
INSERT INTO Intervencao( EventoID, Descricao) VALUES (82,"descricao");
INSERT INTO EnfermeiroInterv( EnfermeiroID, IntervID) VALUES (305,82);
INSERT INTO Evento(EventoID,Descricao, Data, Admissao, Quarto) VALUES (83, "descricao","18/12/1965 8:21:37" ,464, 232);
INSERT INTO Intervencao( EventoID, Descricao) VALUES (83,"descricao");
INSERT INTO EnfermeiroInterv( EnfermeiroID, IntervID) VALUES (333,83);
INSERT INTO Evento(EventoID,Descricao, Data, Admissao, Quarto) VALUES (84, "descricao","20/2/2008 2:31:14" ,335, 207);
INSERT INTO Intervencao( EventoID, Descricao) VALUES (84,"descricao");
INSERT INTO EnfermeiroInterv( EnfermeiroID, IntervID) VALUES (337,84);
INSERT INTO Evento(EventoID,Descricao, Data, Admissao, Quarto) VALUES (85, "descricao","21/11/2002 18:0:34" ,262, 208);
INSERT INTO Intervencao( EventoID, Descricao) VALUES (85,"descricao");
INSERT INTO EnfermeiroInterv( EnfermeiroID, IntervID) VALUES (327,85);
INSERT INTO Evento(EventoID,Descricao, Data, Admissao, Quarto) VALUES (86, "descricao","25/5/2006 10:48:24" ,354, 135);
INSERT INTO Intervencao( EventoID, Descricao) VALUES (86,"descricao");
INSERT INTO EnfermeiroInterv( EnfermeiroID, IntervID) VALUES (330,86);
INSERT INTO Evento(EventoID,Descricao, Data, Admissao, Quarto) VALUES (87, "descricao","19/5/1976 0:41:28" ,236, 213);
INSERT INTO Intervencao( EventoID, Descricao) VALUES (87,"descricao");
INSERT INTO EnfermeiroInterv( EnfermeiroID, IntervID) VALUES (365,87);
INSERT INTO Evento(EventoID,Descricao, Data, Admissao, Quarto) VALUES (88, "descricao","1/12/2009 21:51:24" ,270, 179);
INSERT INTO Intervencao( EventoID, Descricao) VALUES (88,"descricao");
INSERT INTO EnfermeiroInterv( EnfermeiroID, IntervID) VALUES (306,88);
INSERT INTO Evento(EventoID,Descricao, Data, Admissao, Quarto) VALUES (89, "descricao","17/6/2016 14:1:24" ,78, 140);
INSERT INTO Intervencao( EventoID, Descricao) VALUES (89,"descricao");
INSERT INTO EnfermeiroInterv( EnfermeiroID, IntervID) VALUES (346,89);
INSERT INTO Evento(EventoID,Descricao, Data, Admissao, Quarto) VALUES (90, "descricao","26/8/1966 0:38:48" ,62, 194);
INSERT INTO Intervencao( EventoID, Descricao) VALUES (90,"descricao");
INSERT INTO EnfermeiroInterv( EnfermeiroID, IntervID) VALUES (325,90);
INSERT INTO Evento(EventoID,Descricao, Data, Admissao, Quarto) VALUES (91, "descricao","25/5/2002 17:22:6" ,121, 195);
INSERT INTO Intervencao( EventoID, Descricao) VALUES (91,"descricao");
INSERT INTO EnfermeiroInterv( EnfermeiroID, IntervID) VALUES (323,91);
INSERT INTO Evento(EventoID,Descricao, Data, Admissao, Quarto) VALUES (92, "descricao","25/10/1982 11:10:33" ,106, 127);
INSERT INTO Intervencao( EventoID, Descricao) VALUES (92,"descricao");
INSERT INTO EnfermeiroInterv( EnfermeiroID, IntervID) VALUES (312,92);
INSERT INTO Evento(EventoID,Descricao, Data, Admissao, Quarto) VALUES (93, "descricao","6/9/1984 16:14:39" ,109, 221);
INSERT INTO Intervencao( EventoID, Descricao) VALUES (93,"descricao");
INSERT INTO EnfermeiroInterv( EnfermeiroID, IntervID) VALUES (364,93);
INSERT INTO Evento(EventoID,Descricao, Data, Admissao, Quarto) VALUES (94, "descricao","15/11/2007 14:47:59" ,248, 239);
INSERT INTO Intervencao( EventoID, Descricao) VALUES (94,"descricao");
INSERT INTO EnfermeiroInterv( EnfermeiroID, IntervID) VALUES (342,94);
INSERT INTO Evento(EventoID,Descricao, Data, Admissao, Quarto) VALUES (95, "descricao","2/3/1995 19:38:14" ,57, 110);
INSERT INTO Intervencao( EventoID, Descricao) VALUES (95,"descricao");
INSERT INTO EnfermeiroInterv( EnfermeiroID, IntervID) VALUES (322,95);
INSERT INTO Evento(EventoID,Descricao, Data, Admissao, Quarto) VALUES (96, "descricao","28/12/2014 8:38:48" ,427, 143);
INSERT INTO Intervencao( EventoID, Descricao) VALUES (96,"descricao");
INSERT INTO EnfermeiroInterv( EnfermeiroID, IntervID) VALUES (305,96);
INSERT INTO Evento(EventoID,Descricao, Data, Admissao, Quarto) VALUES (97, "descricao","9/4/2018 16:29:43" ,268, 196);
INSERT INTO Intervencao( EventoID, Descricao) VALUES (97,"descricao");
INSERT INTO EnfermeiroInterv( EnfermeiroID, IntervID) VALUES (325,97);
INSERT INTO Evento(EventoID,Descricao, Data, Admissao, Quarto) VALUES (98, "descricao","26/12/1988 1:57:47" ,479, 169);
INSERT INTO Intervencao( EventoID, Descricao) VALUES (98,"descricao");
INSERT INTO EnfermeiroInterv( EnfermeiroID, IntervID) VALUES (329,98);
INSERT INTO Evento(EventoID,Descricao, Data, Admissao, Quarto) VALUES (99, "descricao","15/4/1982 10:19:41" ,290, 237);
INSERT INTO Intervencao( EventoID, Descricao) VALUES (99,"descricao");
INSERT INTO EnfermeiroInterv( EnfermeiroID, IntervID) VALUES (310,99);
INSERT INTO Evento(EventoID,Descricao, Data, Admissao, Quarto) VALUES (100, "descricao","8/4/2018 17:19:29" ,229, 139);
INSERT INTO Intervencao( EventoID, Descricao) VALUES (100,"descricao");
INSERT INTO EnfermeiroInterv( EnfermeiroID, IntervID) VALUES (339,100);
INSERT INTO Evento(EventoID,Descricao, Data, Admissao, Quarto) VALUES (101, "descricao","27/11/1991 22:28:19" ,329, 235);
INSERT INTO Intervencao( EventoID, Descricao) VALUES (101,"descricao");
INSERT INTO EnfermeiroInterv( EnfermeiroID, IntervID) VALUES (356,101);
INSERT INTO Evento(EventoID,Descricao, Data, Admissao, Quarto) VALUES (102, "descricao","28/9/1962 9:18:18" ,446, 122);
INSERT INTO Intervencao( EventoID, Descricao) VALUES (102,"descricao");
INSERT INTO EnfermeiroInterv( EnfermeiroID, IntervID) VALUES (324,102);
INSERT INTO Evento(EventoID,Descricao, Data, Admissao, Quarto) VALUES (103, "descricao","5/1/1980 16:13:18" ,308, 139);
INSERT INTO Intervencao( EventoID, Descricao) VALUES (103,"descricao");
INSERT INTO EnfermeiroInterv( EnfermeiroID, IntervID) VALUES (339,103);
INSERT INTO Evento(EventoID,Descricao, Data, Admissao, Quarto) VALUES (104, "descricao","4/3/1990 17:45:27" ,112, 213);
INSERT INTO Intervencao( EventoID, Descricao) VALUES (104,"descricao");
INSERT INTO EnfermeiroInterv( EnfermeiroID, IntervID) VALUES (360,104);
INSERT INTO Evento(EventoID,Descricao, Data, Admissao, Quarto) VALUES (105, "descricao","15/5/2011 23:22:45" ,342, 171);
INSERT INTO Intervencao( EventoID, Descricao) VALUES (105,"descricao");
INSERT INTO EnfermeiroInterv( EnfermeiroID, IntervID) VALUES (346,105);
INSERT INTO Evento(EventoID,Descricao, Data, Admissao, Quarto) VALUES (106, "descricao","13/1/1968 23:25:10" ,422, 240);
INSERT INTO Intervencao( EventoID, Descricao) VALUES (106,"descricao");
INSERT INTO EnfermeiroInterv( EnfermeiroID, IntervID) VALUES (354,106);
INSERT INTO Evento(EventoID,Descricao, Data, Admissao, Quarto) VALUES (107, "descricao","9/11/2002 22:30:7" ,360, 128);
INSERT INTO Intervencao( EventoID, Descricao) VALUES (107,"descricao");
INSERT INTO EnfermeiroInterv( EnfermeiroID, IntervID) VALUES (344,107);
INSERT INTO Evento(EventoID,Descricao, Data, Admissao, Quarto) VALUES (108, "descricao","14/3/1967 14:30:44" ,462, 113);
INSERT INTO Intervencao( EventoID, Descricao) VALUES (108,"descricao");
INSERT INTO EnfermeiroInterv( EnfermeiroID, IntervID) VALUES (336,108);
INSERT INTO Evento(EventoID,Descricao, Data, Admissao, Quarto) VALUES (109, "descricao","12/10/1977 0:32:27" ,331, 177);
INSERT INTO Intervencao( EventoID, Descricao) VALUES (109,"descricao");
INSERT INTO EnfermeiroInterv( EnfermeiroID, IntervID) VALUES (356,109);
INSERT INTO Evento(EventoID,Descricao, Data, Admissao, Quarto) VALUES (110, "descricao","13/10/2004 2:6:51" ,234, 182);
INSERT INTO Intervencao( EventoID, Descricao) VALUES (110,"descricao");
INSERT INTO EnfermeiroInterv( EnfermeiroID, IntervID) VALUES (349,110);
INSERT INTO Evento(EventoID,Descricao, Data, Admissao, Quarto) VALUES (111, "descricao","16/8/1962 5:57:12" ,274, 167);
INSERT INTO Intervencao( EventoID, Descricao) VALUES (111,"descricao");
INSERT INTO EnfermeiroInterv( EnfermeiroID, IntervID) VALUES (342,111);
INSERT INTO Evento(EventoID,Descricao, Data, Admissao, Quarto) VALUES (112, "descricao","26/5/2011 19:19:51" ,136, 242);
INSERT INTO Intervencao( EventoID, Descricao) VALUES (112,"descricao");
INSERT INTO EnfermeiroInterv( EnfermeiroID, IntervID) VALUES (302,112);
INSERT INTO Evento(EventoID,Descricao, Data, Admissao, Quarto) VALUES (113, "descricao","13/6/1974 4:34:36" ,257, 133);
INSERT INTO Intervencao( EventoID, Descricao) VALUES (113,"descricao");
INSERT INTO EnfermeiroInterv( EnfermeiroID, IntervID) VALUES (345,113);
INSERT INTO Evento(EventoID,Descricao, Data, Admissao, Quarto) VALUES (114, "descricao","23/9/1964 23:12:43" ,451, 225);
INSERT INTO Intervencao( EventoID, Descricao) VALUES (114,"descricao");
INSERT INTO EnfermeiroInterv( EnfermeiroID, IntervID) VALUES (316,114);
INSERT INTO Evento(EventoID,Descricao, Data, Admissao, Quarto) VALUES (115, "descricao","3/5/1973 17:31:53" ,134, 178);
INSERT INTO Intervencao( EventoID, Descricao) VALUES (115,"descricao");
INSERT INTO EnfermeiroInterv( EnfermeiroID, IntervID) VALUES (314,115);
INSERT INTO Evento(EventoID,Descricao, Data, Admissao, Quarto) VALUES (116, "descricao","1/6/1983 16:39:19" ,298, 134);
INSERT INTO Intervencao( EventoID, Descricao) VALUES (116,"descricao");
INSERT INTO EnfermeiroInterv( EnfermeiroID, IntervID) VALUES (335,116);
INSERT INTO Evento(EventoID,Descricao, Data, Admissao, Quarto) VALUES (117, "descricao","20/7/1992 13:2:6" ,252, 232);
INSERT INTO Intervencao( EventoID, Descricao) VALUES (117,"descricao");
INSERT INTO EnfermeiroInterv( EnfermeiroID, IntervID) VALUES (349,117);
INSERT INTO Evento(EventoID,Descricao, Data, Admissao, Quarto) VALUES (118, "descricao","11/12/2005 9:48:49" ,58, 152);
INSERT INTO Intervencao( EventoID, Descricao) VALUES (118,"descricao");
INSERT INTO EnfermeiroInterv( EnfermeiroID, IntervID) VALUES (322,118);
INSERT INTO Evento(EventoID,Descricao, Data, Admissao, Quarto) VALUES (119, "descricao","5/3/1987 13:3:57" ,74, 188);
INSERT INTO Intervencao( EventoID, Descricao) VALUES (119,"descricao");
INSERT INTO EnfermeiroInterv( EnfermeiroID, IntervID) VALUES (346,119);
INSERT INTO Evento(EventoID,Descricao, Data, Admissao, Quarto) VALUES (120, "descricao","7/5/1971 3:29:56" ,416, 144);
INSERT INTO Intervencao( EventoID, Descricao) VALUES (120,"descricao");
INSERT INTO EnfermeiroInterv( EnfermeiroID, IntervID) VALUES (331,120);
INSERT INTO Evento(EventoID,Descricao, Data, Admissao, Quarto) VALUES (121, "descricao","24/8/1970 13:8:21" ,103, 142);
INSERT INTO Intervencao( EventoID, Descricao) VALUES (121,"descricao");
INSERT INTO EnfermeiroInterv( EnfermeiroID, IntervID) VALUES (313,121);
INSERT INTO Evento(EventoID,Descricao, Data, Admissao, Quarto) VALUES (122, "descricao","22/10/2002 19:26:30" ,339, 170);
INSERT INTO Intervencao( EventoID, Descricao) VALUES (122,"descricao");
INSERT INTO EnfermeiroInterv( EnfermeiroID, IntervID) VALUES (339,122);
INSERT INTO Evento(EventoID,Descricao, Data, Admissao, Quarto) VALUES (123, "descricao","2/12/1980 23:13:13" ,376, 167);
INSERT INTO Intervencao( EventoID, Descricao) VALUES (123,"descricao");
INSERT INTO EnfermeiroInterv( EnfermeiroID, IntervID) VALUES (357,123);
INSERT INTO Evento(EventoID,Descricao, Data, Admissao, Quarto) VALUES (124, "descricao","28/12/1992 7:5:26" ,189, 226);
INSERT INTO Intervencao( EventoID, Descricao) VALUES (124,"descricao");
INSERT INTO EnfermeiroInterv( EnfermeiroID, IntervID) VALUES (341,124);
INSERT INTO Evento(EventoID,Descricao, Data, Admissao, Quarto) VALUES (125, "descricao","2/4/1987 6:5:19" ,184, 188);
INSERT INTO Intervencao( EventoID, Descricao) VALUES (125,"descricao");
INSERT INTO EnfermeiroInterv( EnfermeiroID, IntervID) VALUES (307,125);
INSERT INTO Evento(EventoID,Descricao, Data, Admissao, Quarto) VALUES (126, "descricao","28/7/1989 18:34:40" ,370, 197);
INSERT INTO Intervencao( EventoID, Descricao) VALUES (126,"descricao");
INSERT INTO EnfermeiroInterv( EnfermeiroID, IntervID) VALUES (348,126);
INSERT INTO Evento(EventoID,Descricao, Data, Admissao, Quarto) VALUES (127, "descricao","9/4/2001 11:41:14" ,56, 125);
INSERT INTO Intervencao( EventoID, Descricao) VALUES (127,"descricao");
INSERT INTO EnfermeiroInterv( EnfermeiroID, IntervID) VALUES (356,127);
INSERT INTO Evento(EventoID,Descricao, Data, Admissao, Quarto) VALUES (128, "descricao","13/9/1994 8:13:35" ,274, 173);
INSERT INTO Intervencao( EventoID, Descricao) VALUES (128,"descricao");
INSERT INTO EnfermeiroInterv( EnfermeiroID, IntervID) VALUES (318,128);
INSERT INTO Evento(EventoID,Descricao, Data, Admissao, Quarto) VALUES (129, "descricao","2/10/1967 16:32:24" ,234, 135);
INSERT INTO Intervencao( EventoID, Descricao) VALUES (129,"descricao");
INSERT INTO EnfermeiroInterv( EnfermeiroID, IntervID) VALUES (330,129);
INSERT INTO Evento(EventoID,Descricao, Data, Admissao, Quarto) VALUES (130, "descricao","27/3/1985 20:23:46" ,430, 172);
INSERT INTO Intervencao( EventoID, Descricao) VALUES (130,"descricao");
INSERT INTO EnfermeiroInterv( EnfermeiroID, IntervID) VALUES (356,130);
INSERT INTO Evento(EventoID,Descricao, Data, Admissao, Quarto) VALUES (131, "descricao","20/1/2017 8:49:8" ,161, 107);
INSERT INTO Intervencao( EventoID, Descricao) VALUES (131,"descricao");
INSERT INTO EnfermeiroInterv( EnfermeiroID, IntervID) VALUES (301,131);
INSERT INTO Evento(EventoID,Descricao, Data, Admissao, Quarto) VALUES (132, "descricao","8/12/1989 20:16:54" ,217, 212);
INSERT INTO Intervencao( EventoID, Descricao) VALUES (132,"descricao");
INSERT INTO EnfermeiroInterv( EnfermeiroID, IntervID) VALUES (339,132);
INSERT INTO Evento(EventoID,Descricao, Data, Admissao, Quarto) VALUES (133, "descricao","8/1/2014 7:56:41" ,397, 187);
INSERT INTO Intervencao( EventoID, Descricao) VALUES (133,"descricao");
INSERT INTO EnfermeiroInterv( EnfermeiroID, IntervID) VALUES (325,133);
INSERT INTO Evento(EventoID,Descricao, Data, Admissao, Quarto) VALUES (134, "descricao","8/6/2012 20:52:17" ,488, 245);
INSERT INTO Intervencao( EventoID, Descricao) VALUES (134,"descricao");
INSERT INTO EnfermeiroInterv( EnfermeiroID, IntervID) VALUES (351,134);
INSERT INTO Evento(EventoID,Descricao, Data, Admissao, Quarto) VALUES (135, "descricao","7/2/2010 21:21:15" ,65, 146);
INSERT INTO Intervencao( EventoID, Descricao) VALUES (135,"descricao");
INSERT INTO EnfermeiroInterv( EnfermeiroID, IntervID) VALUES (340,135);
INSERT INTO Evento(EventoID,Descricao, Data, Admissao, Quarto) VALUES (136, "descricao","5/11/1987 17:16:18" ,129, 199);
INSERT INTO Intervencao( EventoID, Descricao) VALUES (136,"descricao");
INSERT INTO EnfermeiroInterv( EnfermeiroID, IntervID) VALUES (344,136);
INSERT INTO Evento(EventoID,Descricao, Data, Admissao, Quarto) VALUES (137, "descricao","6/4/1975 4:28:37" ,52, 133);
INSERT INTO Intervencao( EventoID, Descricao) VALUES (137,"descricao");
INSERT INTO EnfermeiroInterv( EnfermeiroID, IntervID) VALUES (310,137);
INSERT INTO Evento(EventoID,Descricao, Data, Admissao, Quarto) VALUES (138, "descricao","11/7/1988 12:36:21" ,322, 127);
INSERT INTO Intervencao( EventoID, Descricao) VALUES (138,"descricao");
INSERT INTO EnfermeiroInterv( EnfermeiroID, IntervID) VALUES (342,138);
INSERT INTO Evento(EventoID,Descricao, Data, Admissao, Quarto) VALUES (139, "descricao","25/4/1977 14:41:30" ,94, 143);
INSERT INTO Intervencao( EventoID, Descricao) VALUES (139,"descricao");
INSERT INTO EnfermeiroInterv( EnfermeiroID, IntervID) VALUES (346,139);
INSERT INTO Evento(EventoID,Descricao, Data, Admissao, Quarto) VALUES (140, "descricao","6/3/1986 8:20:46" ,205, 231);
INSERT INTO Intervencao( EventoID, Descricao) VALUES (140,"descricao");
INSERT INTO EnfermeiroInterv( EnfermeiroID, IntervID) VALUES (352,140);
INSERT INTO Evento(EventoID,Descricao, Data, Admissao, Quarto) VALUES (141, "descricao","15/10/1992 13:5:44" ,19, 154);
INSERT INTO Intervencao( EventoID, Descricao) VALUES (141,"descricao");
INSERT INTO EnfermeiroInterv( EnfermeiroID, IntervID) VALUES (311,141);
INSERT INTO Evento(EventoID,Descricao, Data, Admissao, Quarto) VALUES (142, "descricao","14/8/1981 9:20:30" ,331, 135);
INSERT INTO Intervencao( EventoID, Descricao) VALUES (142,"descricao");
INSERT INTO EnfermeiroInterv( EnfermeiroID, IntervID) VALUES (365,142);
INSERT INTO Evento(EventoID,Descricao, Data, Admissao, Quarto) VALUES (143, "descricao","20/2/2016 12:10:41" ,425, 172);
INSERT INTO Intervencao( EventoID, Descricao) VALUES (143,"descricao");
INSERT INTO EnfermeiroInterv( EnfermeiroID, IntervID) VALUES (343,143);
INSERT INTO Evento(EventoID,Descricao, Data, Admissao, Quarto) VALUES (144, "descricao","15/6/1982 7:0:49" ,350, 145);
INSERT INTO Intervencao( EventoID, Descricao) VALUES (144,"descricao");
INSERT INTO EnfermeiroInterv( EnfermeiroID, IntervID) VALUES (313,144);
INSERT INTO Evento(EventoID,Descricao, Data, Admissao, Quarto) VALUES (145, "descricao","19/12/1971 7:38:1" ,451, 165);
INSERT INTO Intervencao( EventoID, Descricao) VALUES (145,"descricao");
INSERT INTO EnfermeiroInterv( EnfermeiroID, IntervID) VALUES (311,145);
INSERT INTO Evento(EventoID,Descricao, Data, Admissao, Quarto) VALUES (146, "descricao","14/12/1961 20:20:55" ,327, 225);
INSERT INTO Intervencao( EventoID, Descricao) VALUES (146,"descricao");
INSERT INTO EnfermeiroInterv( EnfermeiroID, IntervID) VALUES (344,146);
INSERT INTO Evento(EventoID,Descricao, Data, Admissao, Quarto) VALUES (147, "descricao","2/6/2009 15:5:17" ,54, 166);
INSERT INTO Intervencao( EventoID, Descricao) VALUES (147,"descricao");
INSERT INTO EnfermeiroInterv( EnfermeiroID, IntervID) VALUES (334,147);
INSERT INTO Evento(EventoID,Descricao, Data, Admissao, Quarto) VALUES (148, "descricao","5/5/1987 2:51:54" ,319, 151);
INSERT INTO Intervencao( EventoID, Descricao) VALUES (148,"descricao");
INSERT INTO EnfermeiroInterv( EnfermeiroID, IntervID) VALUES (352,148);
INSERT INTO Evento(EventoID,Descricao, Data, Admissao, Quarto) VALUES (149, "descricao","6/3/2004 23:14:55" ,234, 148);
INSERT INTO Intervencao( EventoID, Descricao) VALUES (149,"descricao");
INSERT INTO EnfermeiroInterv( EnfermeiroID, IntervID) VALUES (333,149);
INSERT INTO Evento(EventoID,Descricao, Data, Admissao, Quarto) VALUES (150, "descricao","10/5/2013 11:12:3" ,130, 184);
INSERT INTO Intervencao( EventoID, Descricao) VALUES (150,"descricao");
INSERT INTO EnfermeiroInterv( EnfermeiroID, IntervID) VALUES (348,150);
INSERT INTO Evento(EventoID,Descricao, Data, Admissao, Quarto) VALUES (151, "descricao","3/2/1986 9:22:46" ,221, 126);
INSERT INTO Intervencao( EventoID, Descricao) VALUES (151,"descricao");
INSERT INTO EnfermeiroInterv( EnfermeiroID, IntervID) VALUES (364,151);
INSERT INTO Evento(EventoID,Descricao, Data, Admissao, Quarto) VALUES (152, "descricao","23/1/1964 9:4:1" ,76, 142);
INSERT INTO Intervencao( EventoID, Descricao) VALUES (152,"descricao");
INSERT INTO EnfermeiroInterv( EnfermeiroID, IntervID) VALUES (344,152);
INSERT INTO Evento(EventoID,Descricao, Data, Admissao, Quarto) VALUES (153, "descricao","5/2/2005 22:15:5" ,351, 112);
INSERT INTO Intervencao( EventoID, Descricao) VALUES (153,"descricao");
INSERT INTO EnfermeiroInterv( EnfermeiroID, IntervID) VALUES (325,153);
INSERT INTO Evento(EventoID,Descricao, Data, Admissao, Quarto) VALUES (154, "descricao","21/11/2009 20:12:11" ,317, 143);
INSERT INTO Intervencao( EventoID, Descricao) VALUES (154,"descricao");
INSERT INTO EnfermeiroInterv( EnfermeiroID, IntervID) VALUES (323,154);
INSERT INTO Evento(EventoID,Descricao, Data, Admissao, Quarto) VALUES (155, "descricao","16/3/2008 0:6:50" ,444, 209);
INSERT INTO Intervencao( EventoID, Descricao) VALUES (155,"descricao");
INSERT INTO EnfermeiroInterv( EnfermeiroID, IntervID) VALUES (322,155);
INSERT INTO Evento(EventoID,Descricao, Data, Admissao, Quarto) VALUES (156, "descricao","22/8/1972 23:16:6" ,265, 160);
INSERT INTO Intervencao( EventoID, Descricao) VALUES (156,"descricao");
INSERT INTO EnfermeiroInterv( EnfermeiroID, IntervID) VALUES (358,156);
INSERT INTO Evento(EventoID,Descricao, Data, Admissao, Quarto) VALUES (157, "descricao","21/7/1994 5:50:23" ,319, 167);
INSERT INTO Intervencao( EventoID, Descricao) VALUES (157,"descricao");
INSERT INTO EnfermeiroInterv( EnfermeiroID, IntervID) VALUES (325,157);
INSERT INTO Evento(EventoID,Descricao, Data, Admissao, Quarto) VALUES (158, "descricao","25/7/1969 22:42:25" ,75, 164);
INSERT INTO Intervencao( EventoID, Descricao) VALUES (158,"descricao");
INSERT INTO EnfermeiroInterv( EnfermeiroID, IntervID) VALUES (317,158);
INSERT INTO Evento(EventoID,Descricao, Data, Admissao, Quarto) VALUES (159, "descricao","15/6/2012 5:3:28" ,144, 132);
INSERT INTO Intervencao( EventoID, Descricao) VALUES (159,"descricao");
INSERT INTO EnfermeiroInterv( EnfermeiroID, IntervID) VALUES (328,159);
INSERT INTO Evento(EventoID,Descricao, Data, Admissao, Quarto) VALUES (160, "descricao","28/1/1997 19:16:37" ,207, 191);
INSERT INTO Intervencao( EventoID, Descricao) VALUES (160,"descricao");
INSERT INTO EnfermeiroInterv( EnfermeiroID, IntervID) VALUES (315,160);
INSERT INTO Evento(EventoID,Descricao, Data, Admissao, Quarto) VALUES (161, "descricao","1/3/1985 3:45:25" ,21, 185);
INSERT INTO Intervencao( EventoID, Descricao) VALUES (161,"descricao");
INSERT INTO EnfermeiroInterv( EnfermeiroID, IntervID) VALUES (318,161);
INSERT INTO Evento(EventoID,Descricao, Data, Admissao, Quarto) VALUES (162, "descricao","12/3/1988 7:25:2" ,215, 120);
INSERT INTO Intervencao( EventoID, Descricao) VALUES (162,"descricao");
INSERT INTO EnfermeiroInterv( EnfermeiroID, IntervID) VALUES (352,162);
INSERT INTO Evento(EventoID,Descricao, Data, Admissao, Quarto) VALUES (163, "descricao","16/6/1992 6:28:51" ,199, 182);
INSERT INTO Intervencao( EventoID, Descricao) VALUES (163,"descricao");
INSERT INTO EnfermeiroInterv( EnfermeiroID, IntervID) VALUES (334,163);
INSERT INTO Evento(EventoID,Descricao, Data, Admissao, Quarto) VALUES (164, "descricao","4/3/1996 7:32:49" ,309, 100);
INSERT INTO Intervencao( EventoID, Descricao) VALUES (164,"descricao");
INSERT INTO EnfermeiroInterv( EnfermeiroID, IntervID) VALUES (313,164);
INSERT INTO Evento(EventoID,Descricao, Data, Admissao, Quarto) VALUES (165, "descricao","25/11/1996 18:39:47" ,385, 206);
INSERT INTO Intervencao( EventoID, Descricao) VALUES (165,"descricao");
INSERT INTO EnfermeiroInterv( EnfermeiroID, IntervID) VALUES (328,165);
INSERT INTO Evento(EventoID,Descricao, Data, Admissao, Quarto) VALUES (166, "descricao","24/10/1980 0:34:17" ,65, 182);
INSERT INTO Intervencao( EventoID, Descricao) VALUES (166,"descricao");
INSERT INTO EnfermeiroInterv( EnfermeiroID, IntervID) VALUES (334,166);
INSERT INTO Evento(EventoID,Descricao, Data, Admissao, Quarto) VALUES (167, "descricao","27/7/1994 17:4:37" ,227, 200);
INSERT INTO Intervencao( EventoID, Descricao) VALUES (167,"descricao");
INSERT INTO EnfermeiroInterv( EnfermeiroID, IntervID) VALUES (319,167);
INSERT INTO Evento(EventoID,Descricao, Data, Admissao, Quarto) VALUES (168, "descricao","12/5/1998 18:4:28" ,342, 221);
INSERT INTO Intervencao( EventoID, Descricao) VALUES (168,"descricao");
INSERT INTO EnfermeiroInterv( EnfermeiroID, IntervID) VALUES (332,168);
INSERT INTO Evento(EventoID,Descricao, Data, Admissao, Quarto) VALUES (169, "descricao","24/12/2018 4:31:18" ,442, 139);
INSERT INTO Intervencao( EventoID, Descricao) VALUES (169,"descricao");
INSERT INTO EnfermeiroInterv( EnfermeiroID, IntervID) VALUES (303,169);
INSERT INTO Evento(EventoID,Descricao, Data, Admissao, Quarto) VALUES (170, "descricao","22/10/1980 11:12:51" ,132, 170);
INSERT INTO Intervencao( EventoID, Descricao) VALUES (170,"descricao");
INSERT INTO EnfermeiroInterv( EnfermeiroID, IntervID) VALUES (328,170);
INSERT INTO Evento(EventoID,Descricao, Data, Admissao, Quarto) VALUES (171, "descricao","23/9/1980 3:7:4" ,483, 239);
INSERT INTO Intervencao( EventoID, Descricao) VALUES (171,"descricao");
INSERT INTO EnfermeiroInterv( EnfermeiroID, IntervID) VALUES (352,171);
INSERT INTO Evento(EventoID,Descricao, Data, Admissao, Quarto) VALUES (172, "descricao","22/8/1992 11:28:49" ,333, 241);
INSERT INTO Intervencao( EventoID, Descricao) VALUES (172,"descricao");
INSERT INTO EnfermeiroInterv( EnfermeiroID, IntervID) VALUES (347,172);
INSERT INTO Evento(EventoID,Descricao, Data, Admissao, Quarto) VALUES (173, "descricao","22/10/2010 17:30:26" ,484, 194);
INSERT INTO Intervencao( EventoID, Descricao) VALUES (173,"descricao");
INSERT INTO EnfermeiroInterv( EnfermeiroID, IntervID) VALUES (363,173);
INSERT INTO Evento(EventoID,Descricao, Data, Admissao, Quarto) VALUES (174, "descricao","13/5/1970 15:30:29" ,500, 102);
INSERT INTO Intervencao( EventoID, Descricao) VALUES (174,"descricao");
INSERT INTO EnfermeiroInterv( EnfermeiroID, IntervID) VALUES (322,174);
INSERT INTO Evento(EventoID,Descricao, Data, Admissao, Quarto) VALUES (175, "descricao","26/7/2006 17:21:56" ,58, 103);
INSERT INTO Intervencao( EventoID, Descricao) VALUES (175,"descricao");
INSERT INTO EnfermeiroInterv( EnfermeiroID, IntervID) VALUES (351,175);
INSERT INTO Evento(EventoID,Descricao, Data, Admissao, Quarto) VALUES (176, "descricao","8/7/2005 13:42:49" ,462, 161);
INSERT INTO Intervencao( EventoID, Descricao) VALUES (176,"descricao");
INSERT INTO EnfermeiroInterv( EnfermeiroID, IntervID) VALUES (352,176);
INSERT INTO Evento(EventoID,Descricao, Data, Admissao, Quarto) VALUES (177, "descricao","28/10/2006 13:33:46" ,371, 195);
INSERT INTO Intervencao( EventoID, Descricao) VALUES (177,"descricao");
INSERT INTO EnfermeiroInterv( EnfermeiroID, IntervID) VALUES (301,177);
INSERT INTO Evento(EventoID,Descricao, Data, Admissao, Quarto) VALUES (178, "descricao","18/3/1981 5:5:27" ,227, 140);
INSERT INTO Intervencao( EventoID, Descricao) VALUES (178,"descricao");
INSERT INTO EnfermeiroInterv( EnfermeiroID, IntervID) VALUES (304,178);
INSERT INTO Evento(EventoID,Descricao, Data, Admissao, Quarto) VALUES (179, "descricao","13/4/1986 23:46:59" ,74, 231);
INSERT INTO Intervencao( EventoID, Descricao) VALUES (179,"descricao");
INSERT INTO EnfermeiroInterv( EnfermeiroID, IntervID) VALUES (362,179);
INSERT INTO Evento(EventoID,Descricao, Data, Admissao, Quarto) VALUES (180, "descricao","25/9/1968 4:30:22" ,474, 222);
INSERT INTO Intervencao( EventoID, Descricao) VALUES (180,"descricao");
INSERT INTO EnfermeiroInterv( EnfermeiroID, IntervID) VALUES (318,180);
INSERT INTO Evento(EventoID,Descricao, Data, Admissao, Quarto) VALUES (181, "descricao","11/4/1991 4:14:51" ,151, 147);
INSERT INTO Intervencao( EventoID, Descricao) VALUES (181,"descricao");
INSERT INTO EnfermeiroInterv( EnfermeiroID, IntervID) VALUES (341,181);
INSERT INTO Evento(EventoID,Descricao, Data, Admissao, Quarto) VALUES (182, "descricao","3/4/1987 15:37:1" ,412, 183);
INSERT INTO Intervencao( EventoID, Descricao) VALUES (182,"descricao");
INSERT INTO EnfermeiroInterv( EnfermeiroID, IntervID) VALUES (358,182);
INSERT INTO Evento(EventoID,Descricao, Data, Admissao, Quarto) VALUES (183, "descricao","10/8/1964 9:37:0" ,188, 245);
INSERT INTO Intervencao( EventoID, Descricao) VALUES (183,"descricao");
INSERT INTO EnfermeiroInterv( EnfermeiroID, IntervID) VALUES (356,183);
INSERT INTO Evento(EventoID,Descricao, Data, Admissao, Quarto) VALUES (184, "descricao","9/5/2005 1:31:35" ,96, 222);
INSERT INTO Intervencao( EventoID, Descricao) VALUES (184,"descricao");
INSERT INTO EnfermeiroInterv( EnfermeiroID, IntervID) VALUES (366,184);
INSERT INTO Evento(EventoID,Descricao, Data, Admissao, Quarto) VALUES (185, "descricao","18/10/1995 16:36:42" ,193, 124);
INSERT INTO Intervencao( EventoID, Descricao) VALUES (185,"descricao");
INSERT INTO EnfermeiroInterv( EnfermeiroID, IntervID) VALUES (312,185);
INSERT INTO Evento(EventoID,Descricao, Data, Admissao, Quarto) VALUES (186, "descricao","27/11/1963 0:22:33" ,154, 111);
INSERT INTO Intervencao( EventoID, Descricao) VALUES (186,"descricao");
INSERT INTO EnfermeiroInterv( EnfermeiroID, IntervID) VALUES (311,186);
INSERT INTO Evento(EventoID,Descricao, Data, Admissao, Quarto) VALUES (187, "descricao","11/12/1987 2:43:55" ,40, 227);
INSERT INTO Intervencao( EventoID, Descricao) VALUES (187,"descricao");
INSERT INTO EnfermeiroInterv( EnfermeiroID, IntervID) VALUES (352,187);
INSERT INTO Evento(EventoID,Descricao, Data, Admissao, Quarto) VALUES (188, "descricao","24/8/1988 17:2:42" ,173, 170);
INSERT INTO Intervencao( EventoID, Descricao) VALUES (188,"descricao");
INSERT INTO EnfermeiroInterv( EnfermeiroID, IntervID) VALUES (350,188);
INSERT INTO Evento(EventoID,Descricao, Data, Admissao, Quarto) VALUES (189, "descricao","8/11/2017 5:37:53" ,127, 162);
INSERT INTO Intervencao( EventoID, Descricao) VALUES (189,"descricao");
INSERT INTO EnfermeiroInterv( EnfermeiroID, IntervID) VALUES (362,189);
INSERT INTO Evento(EventoID,Descricao, Data, Admissao, Quarto) VALUES (190, "descricao","21/12/1968 12:25:43" ,493, 224);
INSERT INTO Intervencao( EventoID, Descricao) VALUES (190,"descricao");
INSERT INTO EnfermeiroInterv( EnfermeiroID, IntervID) VALUES (350,190);
INSERT INTO Evento(EventoID,Descricao, Data, Admissao, Quarto) VALUES (191, "descricao","7/2/1966 3:44:49" ,486, 173);
INSERT INTO Intervencao( EventoID, Descricao) VALUES (191,"descricao");
INSERT INTO EnfermeiroInterv( EnfermeiroID, IntervID) VALUES (331,191);
INSERT INTO Evento(EventoID,Descricao, Data, Admissao, Quarto) VALUES (192, "descricao","11/8/1989 21:11:2" ,348, 184);
INSERT INTO Intervencao( EventoID, Descricao) VALUES (192,"descricao");
INSERT INTO EnfermeiroInterv( EnfermeiroID, IntervID) VALUES (323,192);
INSERT INTO Evento(EventoID,Descricao, Data, Admissao, Quarto) VALUES (193, "descricao","11/12/1992 13:34:43" ,77, 228);
INSERT INTO Intervencao( EventoID, Descricao) VALUES (193,"descricao");
INSERT INTO EnfermeiroInterv( EnfermeiroID, IntervID) VALUES (327,193);
INSERT INTO Evento(EventoID,Descricao, Data, Admissao, Quarto) VALUES (194, "descricao","8/2/2016 18:10:32" ,343, 107);
INSERT INTO Intervencao( EventoID, Descricao) VALUES (194,"descricao");
INSERT INTO EnfermeiroInterv( EnfermeiroID, IntervID) VALUES (360,194);
INSERT INTO Evento(EventoID,Descricao, Data, Admissao, Quarto) VALUES (195, "descricao","3/8/1979 11:49:53" ,45, 122);
INSERT INTO Intervencao( EventoID, Descricao) VALUES (195,"descricao");
INSERT INTO EnfermeiroInterv( EnfermeiroID, IntervID) VALUES (340,195);
INSERT INTO Evento(EventoID,Descricao, Data, Admissao, Quarto) VALUES (196, "descricao","10/7/2008 13:40:10" ,323, 203);
INSERT INTO Intervencao( EventoID, Descricao) VALUES (196,"descricao");
INSERT INTO EnfermeiroInterv( EnfermeiroID, IntervID) VALUES (333,196);
INSERT INTO Evento(EventoID,Descricao, Data, Admissao, Quarto) VALUES (197, "descricao","7/1/1972 23:32:48" ,425, 193);
INSERT INTO Intervencao( EventoID, Descricao) VALUES (197,"descricao");
INSERT INTO EnfermeiroInterv( EnfermeiroID, IntervID) VALUES (337,197);
INSERT INTO Evento(EventoID,Descricao, Data, Admissao, Quarto) VALUES (198, "descricao","11/10/1988 4:5:47" ,489, 103);
INSERT INTO Intervencao( EventoID, Descricao) VALUES (198,"descricao");
INSERT INTO EnfermeiroInterv( EnfermeiroID, IntervID) VALUES (353,198);
INSERT INTO Evento(EventoID,Descricao, Data, Admissao, Quarto) VALUES (199, "descricao","14/7/2000 2:14:25" ,368, 246);
INSERT INTO Intervencao( EventoID, Descricao) VALUES (199,"descricao");
INSERT INTO EnfermeiroInterv( EnfermeiroID, IntervID) VALUES (348,199);

-- Tecnician Intervention
INSERT INTO Evento(EventoID,Descricao, Data, Admissao, Quarto) VALUES (200, "descricao","2/1/2010 14:23:20" ,364, 164);
INSERT INTO Intervencao( EventoID, Descricao) VALUES (200,"descricao");
INSERT INTO TecnicoInterv( TecnicoID, IntervID) VALUES (381,200);
INSERT INTO Evento(EventoID,Descricao, Data, Admissao, Quarto) VALUES (201, "descricao","16/3/2015 14:28:46" ,335, 122);
INSERT INTO Intervencao( EventoID, Descricao) VALUES (201,"descricao");
INSERT INTO TecnicoInterv( TecnicoID, IntervID) VALUES (374,201);
INSERT INTO Evento(EventoID,Descricao, Data, Admissao, Quarto) VALUES (202, "descricao","23/9/1967 9:54:24" ,229, 171);
INSERT INTO Intervencao( EventoID, Descricao) VALUES (202,"descricao");
INSERT INTO TecnicoInterv( TecnicoID, IntervID) VALUES (368,202);
INSERT INTO Evento(EventoID,Descricao, Data, Admissao, Quarto) VALUES (203, "descricao","13/1/2013 5:49:56" ,37, 227);
INSERT INTO Intervencao( EventoID, Descricao) VALUES (203,"descricao");
INSERT INTO TecnicoInterv( TecnicoID, IntervID) VALUES (375,203);
INSERT INTO Evento(EventoID,Descricao, Data, Admissao, Quarto) VALUES (204, "descricao","11/11/2016 21:30:14" ,134, 140);
INSERT INTO Intervencao( EventoID, Descricao) VALUES (204,"descricao");
INSERT INTO TecnicoInterv( TecnicoID, IntervID) VALUES (381,204);
INSERT INTO Evento(EventoID,Descricao, Data, Admissao, Quarto) VALUES (205, "descricao","22/5/2008 20:19:6" ,179, 129);
INSERT INTO Intervencao( EventoID, Descricao) VALUES (205,"descricao");
INSERT INTO TecnicoInterv( TecnicoID, IntervID) VALUES (374,205);
INSERT INTO Evento(EventoID,Descricao, Data, Admissao, Quarto) VALUES (206, "descricao","27/4/1998 20:1:14" ,444, 156);
INSERT INTO Intervencao( EventoID, Descricao) VALUES (206,"descricao");
INSERT INTO TecnicoInterv( TecnicoID, IntervID) VALUES (367,206);
INSERT INTO Evento(EventoID,Descricao, Data, Admissao, Quarto) VALUES (207, "descricao","10/10/1997 22:23:32" ,342, 145);
INSERT INTO Intervencao( EventoID, Descricao) VALUES (207,"descricao");
INSERT INTO TecnicoInterv( TecnicoID, IntervID) VALUES (380,207);
INSERT INTO Evento(EventoID,Descricao, Data, Admissao, Quarto) VALUES (208, "descricao","11/7/1996 5:30:9" ,449, 185);
INSERT INTO Intervencao( EventoID, Descricao) VALUES (208,"descricao");
INSERT INTO TecnicoInterv( TecnicoID, IntervID) VALUES (373,208);
INSERT INTO Evento(EventoID,Descricao, Data, Admissao, Quarto) VALUES (209, "descricao","5/2/2004 6:29:31" ,31, 151);
INSERT INTO Intervencao( EventoID, Descricao) VALUES (209,"descricao");
INSERT INTO TecnicoInterv( TecnicoID, IntervID) VALUES (382,209);
INSERT INTO Evento(EventoID,Descricao, Data, Admissao, Quarto) VALUES (210, "descricao","25/8/2006 20:38:0" ,121, 102);
INSERT INTO Intervencao( EventoID, Descricao) VALUES (210,"descricao");
INSERT INTO TecnicoInterv( TecnicoID, IntervID) VALUES (381,210);
INSERT INTO Evento(EventoID,Descricao, Data, Admissao, Quarto) VALUES (211, "descricao","13/11/1969 0:38:45" ,95, 134);
INSERT INTO Intervencao( EventoID, Descricao) VALUES (211,"descricao");
INSERT INTO TecnicoInterv( TecnicoID, IntervID) VALUES (368,211);
INSERT INTO Evento(EventoID,Descricao, Data, Admissao, Quarto) VALUES (212, "descricao","6/1/2015 14:47:19" ,39, 149);
INSERT INTO Intervencao( EventoID, Descricao) VALUES (212,"descricao");
INSERT INTO TecnicoInterv( TecnicoID, IntervID) VALUES (375,212);
INSERT INTO Evento(EventoID,Descricao, Data, Admissao, Quarto) VALUES (213, "descricao","18/10/2019 10:12:46" ,455, 199);
INSERT INTO Intervencao( EventoID, Descricao) VALUES (213,"descricao");
INSERT INTO TecnicoInterv( TecnicoID, IntervID) VALUES (377,213);
INSERT INTO Evento(EventoID,Descricao, Data, Admissao, Quarto) VALUES (214, "descricao","15/5/1994 19:12:39" ,148, 145);
INSERT INTO Intervencao( EventoID, Descricao) VALUES (214,"descricao");
INSERT INTO TecnicoInterv( TecnicoID, IntervID) VALUES (382,214);
INSERT INTO Evento(EventoID,Descricao, Data, Admissao, Quarto) VALUES (215, "descricao","11/5/1995 0:40:8" ,497, 126);
INSERT INTO Intervencao( EventoID, Descricao) VALUES (215,"descricao");
INSERT INTO TecnicoInterv( TecnicoID, IntervID) VALUES (370,215);
INSERT INTO Evento(EventoID,Descricao, Data, Admissao, Quarto) VALUES (216, "descricao","9/7/1997 11:17:56" ,425, 189);
INSERT INTO Intervencao( EventoID, Descricao) VALUES (216,"descricao");
INSERT INTO TecnicoInterv( TecnicoID, IntervID) VALUES (374,216);
INSERT INTO Evento(EventoID,Descricao, Data, Admissao, Quarto) VALUES (217, "descricao","15/11/1984 14:50:25" ,496, 165);
INSERT INTO Intervencao( EventoID, Descricao) VALUES (217,"descricao");
INSERT INTO TecnicoInterv( TecnicoID, IntervID) VALUES (379,217);
INSERT INTO Evento(EventoID,Descricao, Data, Admissao, Quarto) VALUES (218, "descricao","4/3/1987 12:46:17" ,420, 240);
INSERT INTO Intervencao( EventoID, Descricao) VALUES (218,"descricao");
INSERT INTO TecnicoInterv( TecnicoID, IntervID) VALUES (367,218);
INSERT INTO Evento(EventoID,Descricao, Data, Admissao, Quarto) VALUES (219, "descricao","21/2/1966 1:0:40" ,495, 228);
INSERT INTO Intervencao( EventoID, Descricao) VALUES (219,"descricao");
INSERT INTO TecnicoInterv( TecnicoID, IntervID) VALUES (376,219);
INSERT INTO Evento(EventoID,Descricao, Data, Admissao, Quarto) VALUES (220, "descricao","3/1/1975 7:49:52" ,96, 148);
INSERT INTO Intervencao( EventoID, Descricao) VALUES (220,"descricao");
INSERT INTO TecnicoInterv( TecnicoID, IntervID) VALUES (377,220);
INSERT INTO Evento(EventoID,Descricao, Data, Admissao, Quarto) VALUES (221, "descricao","16/6/1977 0:47:31" ,452, 237);
INSERT INTO Intervencao( EventoID, Descricao) VALUES (221,"descricao");
INSERT INTO TecnicoInterv( TecnicoID, IntervID) VALUES (367,221);
INSERT INTO Evento(EventoID,Descricao, Data, Admissao, Quarto) VALUES (222, "descricao","21/5/1984 23:8:53" ,150, 244);
INSERT INTO Intervencao( EventoID, Descricao) VALUES (222,"descricao");
INSERT INTO TecnicoInterv( TecnicoID, IntervID) VALUES (374,222);
INSERT INTO Evento(EventoID,Descricao, Data, Admissao, Quarto) VALUES (223, "descricao","6/8/1997 11:23:8" ,248, 180);
INSERT INTO Intervencao( EventoID, Descricao) VALUES (223,"descricao");
INSERT INTO TecnicoInterv( TecnicoID, IntervID) VALUES (377,223);
INSERT INTO Evento(EventoID,Descricao, Data, Admissao, Quarto) VALUES (224, "descricao","4/2/1966 5:20:35" ,6, 151);
INSERT INTO Intervencao( EventoID, Descricao) VALUES (224,"descricao");
INSERT INTO TecnicoInterv( TecnicoID, IntervID) VALUES (367,224);
INSERT INTO Evento(EventoID,Descricao, Data, Admissao, Quarto) VALUES (225, "descricao","25/3/1997 10:5:11" ,131, 167);
INSERT INTO Intervencao( EventoID, Descricao) VALUES (225,"descricao");
INSERT INTO TecnicoInterv( TecnicoID, IntervID) VALUES (373,225);
INSERT INTO Evento(EventoID,Descricao, Data, Admissao, Quarto) VALUES (226, "descricao","16/4/1969 22:19:56" ,373, 244);
INSERT INTO Intervencao( EventoID, Descricao) VALUES (226,"descricao");
INSERT INTO TecnicoInterv( TecnicoID, IntervID) VALUES (368,226);
INSERT INTO Evento(EventoID,Descricao, Data, Admissao, Quarto) VALUES (227, "descricao","21/7/2000 5:15:17" ,7, 119);
INSERT INTO Intervencao( EventoID, Descricao) VALUES (227,"descricao");
INSERT INTO TecnicoInterv( TecnicoID, IntervID) VALUES (371,227);
INSERT INTO Evento(EventoID,Descricao, Data, Admissao, Quarto) VALUES (228, "descricao","2/8/2004 5:21:13" ,426, 208);
INSERT INTO Intervencao( EventoID, Descricao) VALUES (228,"descricao");
INSERT INTO TecnicoInterv( TecnicoID, IntervID) VALUES (373,228);
INSERT INTO Evento(EventoID,Descricao, Data, Admissao, Quarto) VALUES (229, "descricao","25/8/2013 13:12:2" ,171, 109);
INSERT INTO Intervencao( EventoID, Descricao) VALUES (229,"descricao");
INSERT INTO TecnicoInterv( TecnicoID, IntervID) VALUES (370,229);
INSERT INTO Evento(EventoID,Descricao, Data, Admissao, Quarto) VALUES (230, "descricao","5/10/1964 20:35:10" ,269, 117);
INSERT INTO Intervencao( EventoID, Descricao) VALUES (230,"descricao");
INSERT INTO TecnicoInterv( TecnicoID, IntervID) VALUES (370,230);
INSERT INTO Evento(EventoID,Descricao, Data, Admissao, Quarto) VALUES (231, "descricao","27/1/1975 5:39:46" ,209, 119);
INSERT INTO Intervencao( EventoID, Descricao) VALUES (231,"descricao");
INSERT INTO TecnicoInterv( TecnicoID, IntervID) VALUES (380,231);
INSERT INTO Evento(EventoID,Descricao, Data, Admissao, Quarto) VALUES (232, "descricao","12/5/2002 16:21:22" ,277, 170);
INSERT INTO Intervencao( EventoID, Descricao) VALUES (232,"descricao");
INSERT INTO TecnicoInterv( TecnicoID, IntervID) VALUES (379,232);
INSERT INTO Evento(EventoID,Descricao, Data, Admissao, Quarto) VALUES (233, "descricao","13/5/1994 5:12:51" ,61, 161);
INSERT INTO Intervencao( EventoID, Descricao) VALUES (233,"descricao");
INSERT INTO TecnicoInterv( TecnicoID, IntervID) VALUES (378,233);
INSERT INTO Evento(EventoID,Descricao, Data, Admissao, Quarto) VALUES (234, "descricao","25/11/1965 1:56:50" ,13, 237);
INSERT INTO Intervencao( EventoID, Descricao) VALUES (234,"descricao");
INSERT INTO TecnicoInterv( TecnicoID, IntervID) VALUES (382,234);
INSERT INTO Evento(EventoID,Descricao, Data, Admissao, Quarto) VALUES (235, "descricao","28/1/2018 11:53:54" ,481, 176);
INSERT INTO Intervencao( EventoID, Descricao) VALUES (235,"descricao");
INSERT INTO TecnicoInterv( TecnicoID, IntervID) VALUES (379,235);
INSERT INTO Evento(EventoID,Descricao, Data, Admissao, Quarto) VALUES (236, "descricao","4/7/1965 12:52:12" ,365, 114);
INSERT INTO Intervencao( EventoID, Descricao) VALUES (236,"descricao");
INSERT INTO TecnicoInterv( TecnicoID, IntervID) VALUES (377,236);
INSERT INTO Evento(EventoID,Descricao, Data, Admissao, Quarto) VALUES (237, "descricao","13/4/1989 15:9:59" ,346, 160);
INSERT INTO Intervencao( EventoID, Descricao) VALUES (237,"descricao");
INSERT INTO TecnicoInterv( TecnicoID, IntervID) VALUES (374,237);
INSERT INTO Evento(EventoID,Descricao, Data, Admissao, Quarto) VALUES (238, "descricao","22/6/1967 5:58:14" ,392, 167);
INSERT INTO Intervencao( EventoID, Descricao) VALUES (238,"descricao");
INSERT INTO TecnicoInterv( TecnicoID, IntervID) VALUES (371,238);
INSERT INTO Evento(EventoID,Descricao, Data, Admissao, Quarto) VALUES (239, "descricao","9/11/1969 6:38:45" ,36, 240);
INSERT INTO Intervencao( EventoID, Descricao) VALUES (239,"descricao");
INSERT INTO TecnicoInterv( TecnicoID, IntervID) VALUES (374,239);
INSERT INTO Evento(EventoID,Descricao, Data, Admissao, Quarto) VALUES (240, "descricao","14/8/1979 4:6:14" ,91, 169);
INSERT INTO Intervencao( EventoID, Descricao) VALUES (240,"descricao");
INSERT INTO TecnicoInterv( TecnicoID, IntervID) VALUES (382,240);
INSERT INTO Evento(EventoID,Descricao, Data, Admissao, Quarto) VALUES (241, "descricao","9/7/2013 12:10:11" ,477, 128);
INSERT INTO Intervencao( EventoID, Descricao) VALUES (241,"descricao");
INSERT INTO TecnicoInterv( TecnicoID, IntervID) VALUES (379,241);
INSERT INTO Evento(EventoID,Descricao, Data, Admissao, Quarto) VALUES (242, "descricao","1/7/1965 1:52:24" ,406, 145);
INSERT INTO Intervencao( EventoID, Descricao) VALUES (242,"descricao");
INSERT INTO TecnicoInterv( TecnicoID, IntervID) VALUES (380,242);
INSERT INTO Evento(EventoID,Descricao, Data, Admissao, Quarto) VALUES (243, "descricao","23/12/2005 14:51:23" ,109, 223);
INSERT INTO Intervencao( EventoID, Descricao) VALUES (243,"descricao");
INSERT INTO TecnicoInterv( TecnicoID, IntervID) VALUES (375,243);
INSERT INTO Evento(EventoID,Descricao, Data, Admissao, Quarto) VALUES (244, "descricao","10/4/2006 15:54:15" ,162, 244);
INSERT INTO Intervencao( EventoID, Descricao) VALUES (244,"descricao");
INSERT INTO TecnicoInterv( TecnicoID, IntervID) VALUES (378,244);
INSERT INTO Evento(EventoID,Descricao, Data, Admissao, Quarto) VALUES (245, "descricao","8/1/1973 9:12:30" ,30, 169);
INSERT INTO Intervencao( EventoID, Descricao) VALUES (245,"descricao");
INSERT INTO TecnicoInterv( TecnicoID, IntervID) VALUES (378,245);
INSERT INTO Evento(EventoID,Descricao, Data, Admissao, Quarto) VALUES (246, "descricao","5/5/1974 1:42:34" ,384, 118);
INSERT INTO Intervencao( EventoID, Descricao) VALUES (246,"descricao");
INSERT INTO TecnicoInterv( TecnicoID, IntervID) VALUES (373,246);
INSERT INTO Evento(EventoID,Descricao, Data, Admissao, Quarto) VALUES (247, "descricao","3/6/1993 19:19:2" ,6, 243);
INSERT INTO Intervencao( EventoID, Descricao) VALUES (247,"descricao");
INSERT INTO TecnicoInterv( TecnicoID, IntervID) VALUES (378,247);
INSERT INTO Evento(EventoID,Descricao, Data, Admissao, Quarto) VALUES (248, "descricao","23/5/1984 3:25:14" ,263, 196);
INSERT INTO Intervencao( EventoID, Descricao) VALUES (248,"descricao");
INSERT INTO TecnicoInterv( TecnicoID, IntervID) VALUES (377,248);
INSERT INTO Evento(EventoID,Descricao, Data, Admissao, Quarto) VALUES (249, "descricao","25/8/1960 4:46:11" ,235, 240);
INSERT INTO Intervencao( EventoID, Descricao) VALUES (249,"descricao");
INSERT INTO TecnicoInterv( TecnicoID, IntervID) VALUES (371,249);
INSERT INTO Evento(EventoID,Descricao, Data, Admissao, Quarto) VALUES (250, "descricao","23/6/1960 23:27:48" ,73, 158);
INSERT INTO Intervencao( EventoID, Descricao) VALUES (250,"descricao");
INSERT INTO TecnicoInterv( TecnicoID, IntervID) VALUES (374,250);
INSERT INTO Evento(EventoID,Descricao, Data, Admissao, Quarto) VALUES (251, "descricao","10/9/1972 20:51:5" ,451, 146);
INSERT INTO Intervencao( EventoID, Descricao) VALUES (251,"descricao");
INSERT INTO TecnicoInterv( TecnicoID, IntervID) VALUES (372,251);
INSERT INTO Evento(EventoID,Descricao, Data, Admissao, Quarto) VALUES (252, "descricao","22/2/2015 4:29:28" ,159, 218);
INSERT INTO Intervencao( EventoID, Descricao) VALUES (252,"descricao");
INSERT INTO TecnicoInterv( TecnicoID, IntervID) VALUES (380,252);
INSERT INTO Evento(EventoID,Descricao, Data, Admissao, Quarto) VALUES (253, "descricao","25/1/1993 4:49:21" ,106, 220);
INSERT INTO Intervencao( EventoID, Descricao) VALUES (253,"descricao");
INSERT INTO TecnicoInterv( TecnicoID, IntervID) VALUES (374,253);
INSERT INTO Evento(EventoID,Descricao, Data, Admissao, Quarto) VALUES (254, "descricao","22/9/1994 15:9:5" ,201, 236);
INSERT INTO Intervencao( EventoID, Descricao) VALUES (254,"descricao");
INSERT INTO TecnicoInterv( TecnicoID, IntervID) VALUES (381,254);
INSERT INTO Evento(EventoID,Descricao, Data, Admissao, Quarto) VALUES (255, "descricao","25/10/1967 7:11:57" ,117, 167);
INSERT INTO Intervencao( EventoID, Descricao) VALUES (255,"descricao");
INSERT INTO TecnicoInterv( TecnicoID, IntervID) VALUES (378,255);
INSERT INTO Evento(EventoID,Descricao, Data, Admissao, Quarto) VALUES (256, "descricao","26/1/1965 2:40:14" ,343, 245);
INSERT INTO Intervencao( EventoID, Descricao) VALUES (256,"descricao");
INSERT INTO TecnicoInterv( TecnicoID, IntervID) VALUES (380,256);
INSERT INTO Evento(EventoID,Descricao, Data, Admissao, Quarto) VALUES (257, "descricao","14/10/1985 8:39:44" ,470, 193);
INSERT INTO Intervencao( EventoID, Descricao) VALUES (257,"descricao");
INSERT INTO TecnicoInterv( TecnicoID, IntervID) VALUES (374,257);
INSERT INTO Evento(EventoID,Descricao, Data, Admissao, Quarto) VALUES (258, "descricao","2/11/1984 17:17:43" ,191, 205);
INSERT INTO Intervencao( EventoID, Descricao) VALUES (258,"descricao");
INSERT INTO TecnicoInterv( TecnicoID, IntervID) VALUES (380,258);
INSERT INTO Evento(EventoID,Descricao, Data, Admissao, Quarto) VALUES (259, "descricao","7/2/1968 2:51:51" ,289, 162);
INSERT INTO Intervencao( EventoID, Descricao) VALUES (259,"descricao");
INSERT INTO TecnicoInterv( TecnicoID, IntervID) VALUES (376,259);
INSERT INTO Evento(EventoID,Descricao, Data, Admissao, Quarto) VALUES (260, "descricao","14/9/2013 3:16:35" ,183, 143);
INSERT INTO Intervencao( EventoID, Descricao) VALUES (260,"descricao");
INSERT INTO TecnicoInterv( TecnicoID, IntervID) VALUES (368,260);
INSERT INTO Evento(EventoID,Descricao, Data, Admissao, Quarto) VALUES (261, "descricao","2/6/1999 4:18:10" ,193, 145);
INSERT INTO Intervencao( EventoID, Descricao) VALUES (261,"descricao");
INSERT INTO TecnicoInterv( TecnicoID, IntervID) VALUES (381,261);
INSERT INTO Evento(EventoID,Descricao, Data, Admissao, Quarto) VALUES (262, "descricao","21/3/1996 3:5:2" ,448, 215);
INSERT INTO Intervencao( EventoID, Descricao) VALUES (262,"descricao");
INSERT INTO TecnicoInterv( TecnicoID, IntervID) VALUES (370,262);
INSERT INTO Evento(EventoID,Descricao, Data, Admissao, Quarto) VALUES (263, "descricao","3/1/1972 18:12:29" ,400, 193);
INSERT INTO Intervencao( EventoID, Descricao) VALUES (263,"descricao");
INSERT INTO TecnicoInterv( TecnicoID, IntervID) VALUES (375,263);
INSERT INTO Evento(EventoID,Descricao, Data, Admissao, Quarto) VALUES (264, "descricao","12/4/1972 7:59:50" ,32, 138);
INSERT INTO Intervencao( EventoID, Descricao) VALUES (264,"descricao");
INSERT INTO TecnicoInterv( TecnicoID, IntervID) VALUES (381,264);
INSERT INTO Evento(EventoID,Descricao, Data, Admissao, Quarto) VALUES (265, "descricao","26/10/1996 0:4:59" ,229, 204);
INSERT INTO Intervencao( EventoID, Descricao) VALUES (265,"descricao");
INSERT INTO TecnicoInterv( TecnicoID, IntervID) VALUES (376,265);
INSERT INTO Evento(EventoID,Descricao, Data, Admissao, Quarto) VALUES (266, "descricao","16/4/1989 23:12:51" ,298, 203);
INSERT INTO Intervencao( EventoID, Descricao) VALUES (266,"descricao");
INSERT INTO TecnicoInterv( TecnicoID, IntervID) VALUES (379,266);
INSERT INTO Evento(EventoID,Descricao, Data, Admissao, Quarto) VALUES (267, "descricao","16/12/1995 9:25:52" ,443, 223);
INSERT INTO Intervencao( EventoID, Descricao) VALUES (267,"descricao");
INSERT INTO TecnicoInterv( TecnicoID, IntervID) VALUES (378,267);
INSERT INTO Evento(EventoID,Descricao, Data, Admissao, Quarto) VALUES (268, "descricao","18/1/2014 2:4:6" ,238, 167);
INSERT INTO Intervencao( EventoID, Descricao) VALUES (268,"descricao");
INSERT INTO TecnicoInterv( TecnicoID, IntervID) VALUES (369,268);
INSERT INTO Evento(EventoID,Descricao, Data, Admissao, Quarto) VALUES (269, "descricao","26/12/2004 9:50:30" ,441, 209);
INSERT INTO Intervencao( EventoID, Descricao) VALUES (269,"descricao");
INSERT INTO TecnicoInterv( TecnicoID, IntervID) VALUES (371,269);
INSERT INTO Evento(EventoID,Descricao, Data, Admissao, Quarto) VALUES (270, "descricao","19/3/2015 12:23:38" ,475, 100);
INSERT INTO Intervencao( EventoID, Descricao) VALUES (270,"descricao");
INSERT INTO TecnicoInterv( TecnicoID, IntervID) VALUES (368,270);
INSERT INTO Evento(EventoID,Descricao, Data, Admissao, Quarto) VALUES (271, "descricao","20/6/1989 14:43:12" ,218, 247);
INSERT INTO Intervencao( EventoID, Descricao) VALUES (271,"descricao");
INSERT INTO TecnicoInterv( TecnicoID, IntervID) VALUES (373,271);
INSERT INTO Evento(EventoID,Descricao, Data, Admissao, Quarto) VALUES (272, "descricao","28/5/2004 8:36:39" ,108, 229);
INSERT INTO Intervencao( EventoID, Descricao) VALUES (272,"descricao");
INSERT INTO TecnicoInterv( TecnicoID, IntervID) VALUES (382,272);
INSERT INTO Evento(EventoID,Descricao, Data, Admissao, Quarto) VALUES (273, "descricao","26/1/1988 12:52:29" ,290, 118);
INSERT INTO Intervencao( EventoID, Descricao) VALUES (273,"descricao");
INSERT INTO TecnicoInterv( TecnicoID, IntervID) VALUES (374,273);
INSERT INTO Evento(EventoID,Descricao, Data, Admissao, Quarto) VALUES (274, "descricao","22/4/1964 11:8:1" ,129, 166);
INSERT INTO Intervencao( EventoID, Descricao) VALUES (274,"descricao");
INSERT INTO TecnicoInterv( TecnicoID, IntervID) VALUES (380,274);
INSERT INTO Evento(EventoID,Descricao, Data, Admissao, Quarto) VALUES (275, "descricao","19/8/2002 3:38:37" ,382, 168);
INSERT INTO Intervencao( EventoID, Descricao) VALUES (275,"descricao");
INSERT INTO TecnicoInterv( TecnicoID, IntervID) VALUES (374,275);
INSERT INTO Evento(EventoID,Descricao, Data, Admissao, Quarto) VALUES (276, "descricao","19/7/2001 21:8:42" ,206, 202);
INSERT INTO Intervencao( EventoID, Descricao) VALUES (276,"descricao");
INSERT INTO TecnicoInterv( TecnicoID, IntervID) VALUES (369,276);
INSERT INTO Evento(EventoID,Descricao, Data, Admissao, Quarto) VALUES (277, "descricao","1/12/2005 11:20:47" ,153, 172);
INSERT INTO Intervencao( EventoID, Descricao) VALUES (277,"descricao");
INSERT INTO TecnicoInterv( TecnicoID, IntervID) VALUES (367,277);
INSERT INTO Evento(EventoID,Descricao, Data, Admissao, Quarto) VALUES (278, "descricao","15/10/1997 7:47:22" ,119, 162);
INSERT INTO Intervencao( EventoID, Descricao) VALUES (278,"descricao");
INSERT INTO TecnicoInterv( TecnicoID, IntervID) VALUES (377,278);
INSERT INTO Evento(EventoID,Descricao, Data, Admissao, Quarto) VALUES (279, "descricao","14/9/1985 21:25:12" ,23, 213);
INSERT INTO Intervencao( EventoID, Descricao) VALUES (279,"descricao");
INSERT INTO TecnicoInterv( TecnicoID, IntervID) VALUES (369,279);
INSERT INTO Evento(EventoID,Descricao, Data, Admissao, Quarto) VALUES (280, "descricao","11/3/1972 19:7:4" ,32, 217);
INSERT INTO Intervencao( EventoID, Descricao) VALUES (280,"descricao");
INSERT INTO TecnicoInterv( TecnicoID, IntervID) VALUES (374,280);
INSERT INTO Evento(EventoID,Descricao, Data, Admissao, Quarto) VALUES (281, "descricao","5/9/1966 6:4:11" ,105, 138);
INSERT INTO Intervencao( EventoID, Descricao) VALUES (281,"descricao");
INSERT INTO TecnicoInterv( TecnicoID, IntervID) VALUES (370,281);
INSERT INTO Evento(EventoID,Descricao, Data, Admissao, Quarto) VALUES (282, "descricao","18/7/1966 23:28:38" ,469, 209);
INSERT INTO Intervencao( EventoID, Descricao) VALUES (282,"descricao");
INSERT INTO TecnicoInterv( TecnicoID, IntervID) VALUES (380,282);
INSERT INTO Evento(EventoID,Descricao, Data, Admissao, Quarto) VALUES (283, "descricao","21/5/1963 10:22:17" ,95, 189);
INSERT INTO Intervencao( EventoID, Descricao) VALUES (283,"descricao");
INSERT INTO TecnicoInterv( TecnicoID, IntervID) VALUES (373,283);
INSERT INTO Evento(EventoID,Descricao, Data, Admissao, Quarto) VALUES (284, "descricao","20/2/1985 3:22:53" ,103, 111);
INSERT INTO Intervencao( EventoID, Descricao) VALUES (284,"descricao");
INSERT INTO TecnicoInterv( TecnicoID, IntervID) VALUES (375,284);
INSERT INTO Evento(EventoID,Descricao, Data, Admissao, Quarto) VALUES (285, "descricao","5/4/2008 14:55:46" ,186, 195);
INSERT INTO Intervencao( EventoID, Descricao) VALUES (285,"descricao");
INSERT INTO TecnicoInterv( TecnicoID, IntervID) VALUES (369,285);
INSERT INTO Evento(EventoID,Descricao, Data, Admissao, Quarto) VALUES (286, "descricao","6/4/1994 18:44:44" ,264, 183);
INSERT INTO Intervencao( EventoID, Descricao) VALUES (286,"descricao");
INSERT INTO TecnicoInterv( TecnicoID, IntervID) VALUES (376,286);
INSERT INTO Evento(EventoID,Descricao, Data, Admissao, Quarto) VALUES (287, "descricao","11/4/1998 5:30:35" ,199, 183);
INSERT INTO Intervencao( EventoID, Descricao) VALUES (287,"descricao");
INSERT INTO TecnicoInterv( TecnicoID, IntervID) VALUES (376,287);
INSERT INTO Evento(EventoID,Descricao, Data, Admissao, Quarto) VALUES (288, "descricao","19/12/1970 18:21:4" ,183, 106);
INSERT INTO Intervencao( EventoID, Descricao) VALUES (288,"descricao");
INSERT INTO TecnicoInterv( TecnicoID, IntervID) VALUES (376,288);
INSERT INTO Evento(EventoID,Descricao, Data, Admissao, Quarto) VALUES (289, "descricao","3/2/1963 4:47:53" ,207, 211);
INSERT INTO Intervencao( EventoID, Descricao) VALUES (289,"descricao");
INSERT INTO TecnicoInterv( TecnicoID, IntervID) VALUES (374,289);
INSERT INTO Evento(EventoID,Descricao, Data, Admissao, Quarto) VALUES (290, "descricao","8/4/1961 5:7:43" ,20, 159);
INSERT INTO Intervencao( EventoID, Descricao) VALUES (290,"descricao");
INSERT INTO TecnicoInterv( TecnicoID, IntervID) VALUES (375,290);
INSERT INTO Evento(EventoID,Descricao, Data, Admissao, Quarto) VALUES (291, "descricao","2/2/1961 19:8:2" ,74, 159);
INSERT INTO Intervencao( EventoID, Descricao) VALUES (291,"descricao");
INSERT INTO TecnicoInterv( TecnicoID, IntervID) VALUES (378,291);
INSERT INTO Evento(EventoID,Descricao, Data, Admissao, Quarto) VALUES (292, "descricao","7/4/1966 14:57:14" ,120, 155);
INSERT INTO Intervencao( EventoID, Descricao) VALUES (292,"descricao");
INSERT INTO TecnicoInterv( TecnicoID, IntervID) VALUES (379,292);
INSERT INTO Evento(EventoID,Descricao, Data, Admissao, Quarto) VALUES (293, "descricao","24/4/2010 4:22:56" ,189, 101);
INSERT INTO Intervencao( EventoID, Descricao) VALUES (293,"descricao");
INSERT INTO TecnicoInterv( TecnicoID, IntervID) VALUES (371,293);
INSERT INTO Evento(EventoID,Descricao, Data, Admissao, Quarto) VALUES (294, "descricao","10/6/2012 5:39:11" ,152, 173);
INSERT INTO Intervencao( EventoID, Descricao) VALUES (294,"descricao");
INSERT INTO TecnicoInterv( TecnicoID, IntervID) VALUES (373,294);
INSERT INTO Evento(EventoID,Descricao, Data, Admissao, Quarto) VALUES (295, "descricao","13/8/1972 8:36:6" ,499, 184);
INSERT INTO Intervencao( EventoID, Descricao) VALUES (295,"descricao");
INSERT INTO TecnicoInterv( TecnicoID, IntervID) VALUES (377,295);
INSERT INTO Evento(EventoID,Descricao, Data, Admissao, Quarto) VALUES (296, "descricao","17/5/1986 20:36:10" ,286, 111);
INSERT INTO Intervencao( EventoID, Descricao) VALUES (296,"descricao");
INSERT INTO TecnicoInterv( TecnicoID, IntervID) VALUES (375,296);
INSERT INTO Evento(EventoID,Descricao, Data, Admissao, Quarto) VALUES (297, "descricao","18/11/1961 1:10:15" ,396, 143);
INSERT INTO Intervencao( EventoID, Descricao) VALUES (297,"descricao");
INSERT INTO TecnicoInterv( TecnicoID, IntervID) VALUES (379,297);
INSERT INTO Evento(EventoID,Descricao, Data, Admissao, Quarto) VALUES (298, "descricao","6/11/2011 12:47:48" ,323, 115);
INSERT INTO Intervencao( EventoID, Descricao) VALUES (298,"descricao");
INSERT INTO TecnicoInterv( TecnicoID, IntervID) VALUES (370,298);
INSERT INTO Evento(EventoID,Descricao, Data, Admissao, Quarto) VALUES (299, "descricao","11/3/1971 13:52:15" ,279, 205);
INSERT INTO Intervencao( EventoID, Descricao) VALUES (299,"descricao");
INSERT INTO TecnicoInterv( TecnicoID, IntervID) VALUES (371,299);
INSERT INTO Evento(EventoID,Descricao, Data, Admissao, Quarto) VALUES (300, "descricao","6/9/1978 23:28:13" ,407, 244);
INSERT INTO Intervencao( EventoID, Descricao) VALUES (300,"descricao");
INSERT INTO TecnicoInterv( TecnicoID, IntervID) VALUES (382,300);
INSERT INTO Evento(EventoID,Descricao, Data, Admissao, Quarto) VALUES (301, "descricao","4/1/1964 16:32:31" ,178, 139);
INSERT INTO Intervencao( EventoID, Descricao) VALUES (301,"descricao");
INSERT INTO TecnicoInterv( TecnicoID, IntervID) VALUES (367,301);
INSERT INTO Evento(EventoID,Descricao, Data, Admissao, Quarto) VALUES (302, "descricao","9/8/2009 20:40:36" ,101, 217);
INSERT INTO Intervencao( EventoID, Descricao) VALUES (302,"descricao");
INSERT INTO TecnicoInterv( TecnicoID, IntervID) VALUES (375,302);
INSERT INTO Evento(EventoID,Descricao, Data, Admissao, Quarto) VALUES (303, "descricao","6/1/2011 14:38:19" ,330, 110);
INSERT INTO Intervencao( EventoID, Descricao) VALUES (303,"descricao");
INSERT INTO TecnicoInterv( TecnicoID, IntervID) VALUES (378,303);
INSERT INTO Evento(EventoID,Descricao, Data, Admissao, Quarto) VALUES (304, "descricao","8/10/2009 4:57:42" ,46, 154);
INSERT INTO Intervencao( EventoID, Descricao) VALUES (304,"descricao");
INSERT INTO TecnicoInterv( TecnicoID, IntervID) VALUES (380,304);
INSERT INTO Evento(EventoID,Descricao, Data, Admissao, Quarto) VALUES (305, "descricao","27/12/2013 12:23:56" ,116, 181);
INSERT INTO Intervencao( EventoID, Descricao) VALUES (305,"descricao");
INSERT INTO TecnicoInterv( TecnicoID, IntervID) VALUES (369,305);
INSERT INTO Evento(EventoID,Descricao, Data, Admissao, Quarto) VALUES (306, "descricao","26/9/1992 5:33:57" ,92, 239);
INSERT INTO Intervencao( EventoID, Descricao) VALUES (306,"descricao");
INSERT INTO TecnicoInterv( TecnicoID, IntervID) VALUES (381,306);
INSERT INTO Evento(EventoID,Descricao, Data, Admissao, Quarto) VALUES (307, "descricao","25/3/1983 22:38:45" ,95, 118);
INSERT INTO Intervencao( EventoID, Descricao) VALUES (307,"descricao");
INSERT INTO TecnicoInterv( TecnicoID, IntervID) VALUES (369,307);
INSERT INTO Evento(EventoID,Descricao, Data, Admissao, Quarto) VALUES (308, "descricao","6/11/1990 14:54:48" ,82, 175);
INSERT INTO Intervencao( EventoID, Descricao) VALUES (308,"descricao");
INSERT INTO TecnicoInterv( TecnicoID, IntervID) VALUES (370,308);
INSERT INTO Evento(EventoID,Descricao, Data, Admissao, Quarto) VALUES (309, "descricao","19/12/1991 6:41:28" ,491, 243);
INSERT INTO Intervencao( EventoID, Descricao) VALUES (309,"descricao");
INSERT INTO TecnicoInterv( TecnicoID, IntervID) VALUES (370,309);
INSERT INTO Evento(EventoID,Descricao, Data, Admissao, Quarto) VALUES (310, "descricao","25/10/1969 16:27:0" ,80, 104);
INSERT INTO Intervencao( EventoID, Descricao) VALUES (310,"descricao");
INSERT INTO TecnicoInterv( TecnicoID, IntervID) VALUES (372,310);
INSERT INTO Evento(EventoID,Descricao, Data, Admissao, Quarto) VALUES (311, "descricao","25/6/2001 5:30:38" ,124, 246);
INSERT INTO Intervencao( EventoID, Descricao) VALUES (311,"descricao");
INSERT INTO TecnicoInterv( TecnicoID, IntervID) VALUES (382,311);
INSERT INTO Evento(EventoID,Descricao, Data, Admissao, Quarto) VALUES (312, "descricao","5/1/1982 15:11:49" ,33, 186);
INSERT INTO Intervencao( EventoID, Descricao) VALUES (312,"descricao");
INSERT INTO TecnicoInterv( TecnicoID, IntervID) VALUES (375,312);
INSERT INTO Evento(EventoID,Descricao, Data, Admissao, Quarto) VALUES (313, "descricao","13/12/1973 21:54:59" ,200, 213);
INSERT INTO Intervencao( EventoID, Descricao) VALUES (313,"descricao");
INSERT INTO TecnicoInterv( TecnicoID, IntervID) VALUES (380,313);
INSERT INTO Evento(EventoID,Descricao, Data, Admissao, Quarto) VALUES (314, "descricao","14/6/2007 2:23:17" ,264, 149);
INSERT INTO Intervencao( EventoID, Descricao) VALUES (314,"descricao");
INSERT INTO TecnicoInterv( TecnicoID, IntervID) VALUES (368,314);
INSERT INTO Evento(EventoID,Descricao, Data, Admissao, Quarto) VALUES (315, "descricao","19/7/1991 0:31:36" ,44, 228);
INSERT INTO Intervencao( EventoID, Descricao) VALUES (315,"descricao");
INSERT INTO TecnicoInterv( TecnicoID, IntervID) VALUES (369,315);
INSERT INTO Evento(EventoID,Descricao, Data, Admissao, Quarto) VALUES (316, "descricao","4/9/1964 22:48:15" ,197, 162);
INSERT INTO Intervencao( EventoID, Descricao) VALUES (316,"descricao");
INSERT INTO TecnicoInterv( TecnicoID, IntervID) VALUES (373,316);
INSERT INTO Evento(EventoID,Descricao, Data, Admissao, Quarto) VALUES (317, "descricao","27/7/1989 1:49:0" ,74, 124);
INSERT INTO Intervencao( EventoID, Descricao) VALUES (317,"descricao");
INSERT INTO TecnicoInterv( TecnicoID, IntervID) VALUES (367,317);
INSERT INTO Evento(EventoID,Descricao, Data, Admissao, Quarto) VALUES (318, "descricao","24/3/2013 6:38:44" ,377, 139);
INSERT INTO Intervencao( EventoID, Descricao) VALUES (318,"descricao");
INSERT INTO TecnicoInterv( TecnicoID, IntervID) VALUES (377,318);
INSERT INTO Evento(EventoID,Descricao, Data, Admissao, Quarto) VALUES (319, "descricao","2/9/2017 7:53:55" ,465, 156);
INSERT INTO Intervencao( EventoID, Descricao) VALUES (319,"descricao");
INSERT INTO TecnicoInterv( TecnicoID, IntervID) VALUES (374,319);
INSERT INTO Evento(EventoID,Descricao, Data, Admissao, Quarto) VALUES (320, "descricao","10/5/1971 19:57:21" ,309, 192);
INSERT INTO Intervencao( EventoID, Descricao) VALUES (320,"descricao");
INSERT INTO TecnicoInterv( TecnicoID, IntervID) VALUES (368,320);
INSERT INTO Evento(EventoID,Descricao, Data, Admissao, Quarto) VALUES (321, "descricao","25/2/2016 6:47:53" ,196, 117);
INSERT INTO Intervencao( EventoID, Descricao) VALUES (321,"descricao");
INSERT INTO TecnicoInterv( TecnicoID, IntervID) VALUES (375,321);
INSERT INTO Evento(EventoID,Descricao, Data, Admissao, Quarto) VALUES (322, "descricao","7/4/2002 4:31:23" ,68, 158);
INSERT INTO Intervencao( EventoID, Descricao) VALUES (322,"descricao");
INSERT INTO TecnicoInterv( TecnicoID, IntervID) VALUES (372,322);
INSERT INTO Evento(EventoID,Descricao, Data, Admissao, Quarto) VALUES (323, "descricao","2/10/1972 20:30:12" ,182, 160);
INSERT INTO Intervencao( EventoID, Descricao) VALUES (323,"descricao");
INSERT INTO TecnicoInterv( TecnicoID, IntervID) VALUES (377,323);
INSERT INTO Evento(EventoID,Descricao, Data, Admissao, Quarto) VALUES (324, "descricao","13/4/1991 15:15:48" ,4, 200);
INSERT INTO Intervencao( EventoID, Descricao) VALUES (324,"descricao");
INSERT INTO TecnicoInterv( TecnicoID, IntervID) VALUES (374,324);
INSERT INTO Evento(EventoID,Descricao, Data, Admissao, Quarto) VALUES (325, "descricao","24/11/1994 21:9:54" ,336, 188);
INSERT INTO Intervencao( EventoID, Descricao) VALUES (325,"descricao");
INSERT INTO TecnicoInterv( TecnicoID, IntervID) VALUES (381,325);
INSERT INTO Evento(EventoID,Descricao, Data, Admissao, Quarto) VALUES (326, "descricao","14/2/1980 7:58:8" ,311, 129);
INSERT INTO Intervencao( EventoID, Descricao) VALUES (326,"descricao");
INSERT INTO TecnicoInterv( TecnicoID, IntervID) VALUES (373,326);
INSERT INTO Evento(EventoID,Descricao, Data, Admissao, Quarto) VALUES (327, "descricao","20/4/1998 23:30:13" ,244, 133);
INSERT INTO Intervencao( EventoID, Descricao) VALUES (327,"descricao");
INSERT INTO TecnicoInterv( TecnicoID, IntervID) VALUES (379,327);
INSERT INTO Evento(EventoID,Descricao, Data, Admissao, Quarto) VALUES (328, "descricao","25/6/1964 4:6:30" ,402, 115);
INSERT INTO Intervencao( EventoID, Descricao) VALUES (328,"descricao");
INSERT INTO TecnicoInterv( TecnicoID, IntervID) VALUES (382,328);
INSERT INTO Evento(EventoID,Descricao, Data, Admissao, Quarto) VALUES (329, "descricao","24/7/1984 22:31:21" ,489, 162);
INSERT INTO Intervencao( EventoID, Descricao) VALUES (329,"descricao");
INSERT INTO TecnicoInterv( TecnicoID, IntervID) VALUES (380,329);
INSERT INTO Evento(EventoID,Descricao, Data, Admissao, Quarto) VALUES (330, "descricao","13/1/1971 15:7:45" ,194, 193);
INSERT INTO Intervencao( EventoID, Descricao) VALUES (330,"descricao");
INSERT INTO TecnicoInterv( TecnicoID, IntervID) VALUES (379,330);
INSERT INTO Evento(EventoID,Descricao, Data, Admissao, Quarto) VALUES (331, "descricao","23/1/2009 18:53:56" ,15, 115);
INSERT INTO Intervencao( EventoID, Descricao) VALUES (331,"descricao");
INSERT INTO TecnicoInterv( TecnicoID, IntervID) VALUES (371,331);
INSERT INTO Evento(EventoID,Descricao, Data, Admissao, Quarto) VALUES (332, "descricao","4/4/1971 14:41:37" ,282, 194);
INSERT INTO Intervencao( EventoID, Descricao) VALUES (332,"descricao");
INSERT INTO TecnicoInterv( TecnicoID, IntervID) VALUES (373,332);
INSERT INTO Evento(EventoID,Descricao, Data, Admissao, Quarto) VALUES (333, "descricao","9/6/1974 20:15:41" ,242, 144);
INSERT INTO Intervencao( EventoID, Descricao) VALUES (333,"descricao");
INSERT INTO TecnicoInterv( TecnicoID, IntervID) VALUES (380,333);
INSERT INTO Evento(EventoID,Descricao, Data, Admissao, Quarto) VALUES (334, "descricao","28/8/1980 5:35:30" ,425, 248);
INSERT INTO Intervencao( EventoID, Descricao) VALUES (334,"descricao");
INSERT INTO TecnicoInterv( TecnicoID, IntervID) VALUES (378,334);
INSERT INTO Evento(EventoID,Descricao, Data, Admissao, Quarto) VALUES (335, "descricao","10/5/1971 4:23:57" ,461, 131);
INSERT INTO Intervencao( EventoID, Descricao) VALUES (335,"descricao");
INSERT INTO TecnicoInterv( TecnicoID, IntervID) VALUES (367,335);
INSERT INTO Evento(EventoID,Descricao, Data, Admissao, Quarto) VALUES (336, "descricao","5/12/1968 21:32:12" ,56, 124);
INSERT INTO Intervencao( EventoID, Descricao) VALUES (336,"descricao");
INSERT INTO TecnicoInterv( TecnicoID, IntervID) VALUES (367,336);
INSERT INTO Evento(EventoID,Descricao, Data, Admissao, Quarto) VALUES (337, "descricao","9/3/2019 17:14:31" ,156, 246);
INSERT INTO Intervencao( EventoID, Descricao) VALUES (337,"descricao");
INSERT INTO TecnicoInterv( TecnicoID, IntervID) VALUES (367,337);
INSERT INTO Evento(EventoID,Descricao, Data, Admissao, Quarto) VALUES (338, "descricao","25/12/2017 20:7:22" ,461, 152);
INSERT INTO Intervencao( EventoID, Descricao) VALUES (338,"descricao");
INSERT INTO TecnicoInterv( TecnicoID, IntervID) VALUES (376,338);
INSERT INTO Evento(EventoID,Descricao, Data, Admissao, Quarto) VALUES (339, "descricao","25/10/1990 15:4:27" ,2, 121);
INSERT INTO Intervencao( EventoID, Descricao) VALUES (339,"descricao");
INSERT INTO TecnicoInterv( TecnicoID, IntervID) VALUES (368,339);
INSERT INTO Evento(EventoID,Descricao, Data, Admissao, Quarto) VALUES (340, "descricao","14/6/1971 21:24:9" ,471, 141);
INSERT INTO Intervencao( EventoID, Descricao) VALUES (340,"descricao");
INSERT INTO TecnicoInterv( TecnicoID, IntervID) VALUES (377,340);
INSERT INTO Evento(EventoID,Descricao, Data, Admissao, Quarto) VALUES (341, "descricao","6/8/2009 19:27:19" ,369, 247);
INSERT INTO Intervencao( EventoID, Descricao) VALUES (341,"descricao");
INSERT INTO TecnicoInterv( TecnicoID, IntervID) VALUES (368,341);
INSERT INTO Evento(EventoID,Descricao, Data, Admissao, Quarto) VALUES (342, "descricao","21/9/1973 2:10:58" ,172, 109);
INSERT INTO Intervencao( EventoID, Descricao) VALUES (342,"descricao");
INSERT INTO TecnicoInterv( TecnicoID, IntervID) VALUES (371,342);
INSERT INTO Evento(EventoID,Descricao, Data, Admissao, Quarto) VALUES (343, "descricao","21/1/2006 17:6:26" ,23, 237);
INSERT INTO Intervencao( EventoID, Descricao) VALUES (343,"descricao");
INSERT INTO TecnicoInterv( TecnicoID, IntervID) VALUES (370,343);
INSERT INTO Evento(EventoID,Descricao, Data, Admissao, Quarto) VALUES (344, "descricao","13/12/1960 15:31:56" ,420, 230);
INSERT INTO Intervencao( EventoID, Descricao) VALUES (344,"descricao");
INSERT INTO TecnicoInterv( TecnicoID, IntervID) VALUES (377,344);
INSERT INTO Evento(EventoID,Descricao, Data, Admissao, Quarto) VALUES (345, "descricao","19/12/1965 20:20:24" ,319, 237);
INSERT INTO Intervencao( EventoID, Descricao) VALUES (345,"descricao");
INSERT INTO TecnicoInterv( TecnicoID, IntervID) VALUES (376,345);
INSERT INTO Evento(EventoID,Descricao, Data, Admissao, Quarto) VALUES (346, "descricao","2/3/2010 14:12:27" ,278, 209);
INSERT INTO Intervencao( EventoID, Descricao) VALUES (346,"descricao");
INSERT INTO TecnicoInterv( TecnicoID, IntervID) VALUES (379,346);
INSERT INTO Evento(EventoID,Descricao, Data, Admissao, Quarto) VALUES (347, "descricao","27/5/1985 8:30:11" ,145, 180);
INSERT INTO Intervencao( EventoID, Descricao) VALUES (347,"descricao");
INSERT INTO TecnicoInterv( TecnicoID, IntervID) VALUES (371,347);
INSERT INTO Evento(EventoID,Descricao, Data, Admissao, Quarto) VALUES (348, "descricao","8/6/1975 10:45:48" ,486, 124);
INSERT INTO Intervencao( EventoID, Descricao) VALUES (348,"descricao");
INSERT INTO TecnicoInterv( TecnicoID, IntervID) VALUES (381,348);
INSERT INTO Evento(EventoID,Descricao, Data, Admissao, Quarto) VALUES (349, "descricao","26/12/2005 10:28:7" ,294, 104);
INSERT INTO Intervencao( EventoID, Descricao) VALUES (349,"descricao");
INSERT INTO TecnicoInterv( TecnicoID, IntervID) VALUES (373,349);
INSERT INTO Evento(EventoID,Descricao, Data, Admissao, Quarto) VALUES (350, "descricao","9/7/2012 19:3:29" ,346, 186);
INSERT INTO Intervencao( EventoID, Descricao) VALUES (350,"descricao");
INSERT INTO TecnicoInterv( TecnicoID, IntervID) VALUES (367,350);
INSERT INTO Evento(EventoID,Descricao, Data, Admissao, Quarto) VALUES (351, "descricao","12/12/1972 1:18:41" ,153, 115);
INSERT INTO Intervencao( EventoID, Descricao) VALUES (351,"descricao");
INSERT INTO TecnicoInterv( TecnicoID, IntervID) VALUES (374,351);
INSERT INTO Evento(EventoID,Descricao, Data, Admissao, Quarto) VALUES (352, "descricao","2/7/1964 23:26:40" ,479, 203);
INSERT INTO Intervencao( EventoID, Descricao) VALUES (352,"descricao");
INSERT INTO TecnicoInterv( TecnicoID, IntervID) VALUES (381,352);
INSERT INTO Evento(EventoID,Descricao, Data, Admissao, Quarto) VALUES (353, "descricao","27/11/1970 22:12:18" ,3, 235);
INSERT INTO Intervencao( EventoID, Descricao) VALUES (353,"descricao");
INSERT INTO TecnicoInterv( TecnicoID, IntervID) VALUES (368,353);
INSERT INTO Evento(EventoID,Descricao, Data, Admissao, Quarto) VALUES (354, "descricao","10/5/2004 1:47:34" ,421, 113);
INSERT INTO Intervencao( EventoID, Descricao) VALUES (354,"descricao");
INSERT INTO TecnicoInterv( TecnicoID, IntervID) VALUES (378,354);
INSERT INTO Evento(EventoID,Descricao, Data, Admissao, Quarto) VALUES (355, "descricao","9/7/2014 10:7:16" ,263, 176);
INSERT INTO Intervencao( EventoID, Descricao) VALUES (355,"descricao");
INSERT INTO TecnicoInterv( TecnicoID, IntervID) VALUES (373,355);
INSERT INTO Evento(EventoID,Descricao, Data, Admissao, Quarto) VALUES (356, "descricao","3/5/1980 4:22:43" ,429, 213);
INSERT INTO Intervencao( EventoID, Descricao) VALUES (356,"descricao");
INSERT INTO TecnicoInterv( TecnicoID, IntervID) VALUES (375,356);
INSERT INTO Evento(EventoID,Descricao, Data, Admissao, Quarto) VALUES (357, "descricao","28/11/2005 13:53:16" ,258, 143);
INSERT INTO Intervencao( EventoID, Descricao) VALUES (357,"descricao");
INSERT INTO TecnicoInterv( TecnicoID, IntervID) VALUES (382,357);
INSERT INTO Evento(EventoID,Descricao, Data, Admissao, Quarto) VALUES (358, "descricao","2/10/1960 3:13:53" ,361, 152);
INSERT INTO Intervencao( EventoID, Descricao) VALUES (358,"descricao");
INSERT INTO TecnicoInterv( TecnicoID, IntervID) VALUES (369,358);
INSERT INTO Evento(EventoID,Descricao, Data, Admissao, Quarto) VALUES (359, "descricao","11/4/2001 3:9:58" ,395, 174);
INSERT INTO Intervencao( EventoID, Descricao) VALUES (359,"descricao");
INSERT INTO TecnicoInterv( TecnicoID, IntervID) VALUES (373,359);
INSERT INTO Evento(EventoID,Descricao, Data, Admissao, Quarto) VALUES (360, "descricao","5/6/1992 10:46:24" ,215, 210);
INSERT INTO Intervencao( EventoID, Descricao) VALUES (360,"descricao");
INSERT INTO TecnicoInterv( TecnicoID, IntervID) VALUES (380,360);
INSERT INTO Evento(EventoID,Descricao, Data, Admissao, Quarto) VALUES (361, "descricao","8/7/2006 8:25:14" ,218, 215);
INSERT INTO Intervencao( EventoID, Descricao) VALUES (361,"descricao");
INSERT INTO TecnicoInterv( TecnicoID, IntervID) VALUES (374,361);
INSERT INTO Evento(EventoID,Descricao, Data, Admissao, Quarto) VALUES (362, "descricao","10/4/1970 13:46:26" ,194, 231);
INSERT INTO Intervencao( EventoID, Descricao) VALUES (362,"descricao");
INSERT INTO TecnicoInterv( TecnicoID, IntervID) VALUES (371,362);
INSERT INTO Evento(EventoID,Descricao, Data, Admissao, Quarto) VALUES (363, "descricao","7/2/2011 18:47:11" ,428, 228);
INSERT INTO Intervencao( EventoID, Descricao) VALUES (363,"descricao");
INSERT INTO TecnicoInterv( TecnicoID, IntervID) VALUES (374,363);
INSERT INTO Evento(EventoID,Descricao, Data, Admissao, Quarto) VALUES (364, "descricao","13/2/2006 11:45:12" ,457, 157);
INSERT INTO Intervencao( EventoID, Descricao) VALUES (364,"descricao");
INSERT INTO TecnicoInterv( TecnicoID, IntervID) VALUES (374,364);
INSERT INTO Evento(EventoID,Descricao, Data, Admissao, Quarto) VALUES (365, "descricao","2/10/1980 18:27:2" ,272, 245);
INSERT INTO Intervencao( EventoID, Descricao) VALUES (365,"descricao");
INSERT INTO TecnicoInterv( TecnicoID, IntervID) VALUES (375,365);
INSERT INTO Evento(EventoID,Descricao, Data, Admissao, Quarto) VALUES (366, "descricao","21/1/2016 11:37:28" ,293, 223);
INSERT INTO Intervencao( EventoID, Descricao) VALUES (366,"descricao");
INSERT INTO TecnicoInterv( TecnicoID, IntervID) VALUES (377,366);
INSERT INTO Evento(EventoID,Descricao, Data, Admissao, Quarto) VALUES (367, "descricao","8/11/2009 5:7:23" ,244, 144);
INSERT INTO Intervencao( EventoID, Descricao) VALUES (367,"descricao");
INSERT INTO TecnicoInterv( TecnicoID, IntervID) VALUES (372,367);
INSERT INTO Evento(EventoID,Descricao, Data, Admissao, Quarto) VALUES (368, "descricao","28/4/1998 6:49:8" ,314, 229);
INSERT INTO Intervencao( EventoID, Descricao) VALUES (368,"descricao");
INSERT INTO TecnicoInterv( TecnicoID, IntervID) VALUES (377,368);
INSERT INTO Evento(EventoID,Descricao, Data, Admissao, Quarto) VALUES (369, "descricao","21/1/2000 8:54:22" ,434, 162);
INSERT INTO Intervencao( EventoID, Descricao) VALUES (369,"descricao");
INSERT INTO TecnicoInterv( TecnicoID, IntervID) VALUES (376,369);
INSERT INTO Evento(EventoID,Descricao, Data, Admissao, Quarto) VALUES (370, "descricao","6/1/1980 8:14:40" ,153, 108);
INSERT INTO Intervencao( EventoID, Descricao) VALUES (370,"descricao");
INSERT INTO TecnicoInterv( TecnicoID, IntervID) VALUES (372,370);
INSERT INTO Evento(EventoID,Descricao, Data, Admissao, Quarto) VALUES (371, "descricao","23/7/2007 6:49:50" ,297, 138);
INSERT INTO Intervencao( EventoID, Descricao) VALUES (371,"descricao");
INSERT INTO TecnicoInterv( TecnicoID, IntervID) VALUES (379,371);
INSERT INTO Evento(EventoID,Descricao, Data, Admissao, Quarto) VALUES (372, "descricao","14/2/2016 12:42:15" ,331, 130);
INSERT INTO Intervencao( EventoID, Descricao) VALUES (372,"descricao");
INSERT INTO TecnicoInterv( TecnicoID, IntervID) VALUES (378,372);
INSERT INTO Evento(EventoID,Descricao, Data, Admissao, Quarto) VALUES (373, "descricao","16/6/2016 6:21:20" ,242, 236);
INSERT INTO Intervencao( EventoID, Descricao) VALUES (373,"descricao");
INSERT INTO TecnicoInterv( TecnicoID, IntervID) VALUES (381,373);
INSERT INTO Evento(EventoID,Descricao, Data, Admissao, Quarto) VALUES (374, "descricao","3/5/1976 5:9:7" ,376, 153);
INSERT INTO Intervencao( EventoID, Descricao) VALUES (374,"descricao");
INSERT INTO TecnicoInterv( TecnicoID, IntervID) VALUES (372,374);
INSERT INTO Evento(EventoID,Descricao, Data, Admissao, Quarto) VALUES (375, "descricao","13/9/1961 13:37:57" ,355, 153);
INSERT INTO Intervencao( EventoID, Descricao) VALUES (375,"descricao");
INSERT INTO TecnicoInterv( TecnicoID, IntervID) VALUES (378,375);
INSERT INTO Evento(EventoID,Descricao, Data, Admissao, Quarto) VALUES (376, "descricao","13/12/2019 16:48:15" ,97, 133);
INSERT INTO Intervencao( EventoID, Descricao) VALUES (376,"descricao");
INSERT INTO TecnicoInterv( TecnicoID, IntervID) VALUES (381,376);
INSERT INTO Evento(EventoID,Descricao, Data, Admissao, Quarto) VALUES (377, "descricao","15/12/1995 8:8:18" ,7, 188);
INSERT INTO Intervencao( EventoID, Descricao) VALUES (377,"descricao");
INSERT INTO TecnicoInterv( TecnicoID, IntervID) VALUES (370,377);
INSERT INTO Evento(EventoID,Descricao, Data, Admissao, Quarto) VALUES (378, "descricao","23/5/1992 12:57:2" ,31, 178);
INSERT INTO Intervencao( EventoID, Descricao) VALUES (378,"descricao");
INSERT INTO TecnicoInterv( TecnicoID, IntervID) VALUES (370,378);
INSERT INTO Evento(EventoID,Descricao, Data, Admissao, Quarto) VALUES (379, "descricao","11/6/2005 20:13:19" ,152, 135);
INSERT INTO Intervencao( EventoID, Descricao) VALUES (379,"descricao");
INSERT INTO TecnicoInterv( TecnicoID, IntervID) VALUES (373,379);
INSERT INTO Evento(EventoID,Descricao, Data, Admissao, Quarto) VALUES (380, "descricao","21/7/2002 3:23:18" ,340, 150);
INSERT INTO Intervencao( EventoID, Descricao) VALUES (380,"descricao");
INSERT INTO TecnicoInterv( TecnicoID, IntervID) VALUES (381,380);
INSERT INTO Evento(EventoID,Descricao, Data, Admissao, Quarto) VALUES (381, "descricao","14/5/1962 13:46:46" ,320, 115);
INSERT INTO Intervencao( EventoID, Descricao) VALUES (381,"descricao");
INSERT INTO TecnicoInterv( TecnicoID, IntervID) VALUES (373,381);
INSERT INTO Evento(EventoID,Descricao, Data, Admissao, Quarto) VALUES (382, "descricao","23/11/1979 6:34:1" ,305, 171);
INSERT INTO Intervencao( EventoID, Descricao) VALUES (382,"descricao");
INSERT INTO TecnicoInterv( TecnicoID, IntervID) VALUES (382,382);
INSERT INTO Evento(EventoID,Descricao, Data, Admissao, Quarto) VALUES (383, "descricao","7/8/2001 11:54:59" ,307, 236);
INSERT INTO Intervencao( EventoID, Descricao) VALUES (383,"descricao");
INSERT INTO TecnicoInterv( TecnicoID, IntervID) VALUES (375,383);
INSERT INTO Evento(EventoID,Descricao, Data, Admissao, Quarto) VALUES (384, "descricao","12/5/1967 20:11:29" ,262, 140);
INSERT INTO Intervencao( EventoID, Descricao) VALUES (384,"descricao");
INSERT INTO TecnicoInterv( TecnicoID, IntervID) VALUES (368,384);
INSERT INTO Evento(EventoID,Descricao, Data, Admissao, Quarto) VALUES (385, "descricao","11/6/1999 16:44:25" ,351, 190);
INSERT INTO Intervencao( EventoID, Descricao) VALUES (385,"descricao");
INSERT INTO TecnicoInterv( TecnicoID, IntervID) VALUES (382,385);
INSERT INTO Evento(EventoID,Descricao, Data, Admissao, Quarto) VALUES (386, "descricao","17/4/2019 6:38:29" ,79, 136);
INSERT INTO Intervencao( EventoID, Descricao) VALUES (386,"descricao");
INSERT INTO TecnicoInterv( TecnicoID, IntervID) VALUES (377,386);
INSERT INTO Evento(EventoID,Descricao, Data, Admissao, Quarto) VALUES (387, "descricao","25/5/2001 7:33:9" ,378, 128);
INSERT INTO Intervencao( EventoID, Descricao) VALUES (387,"descricao");
INSERT INTO TecnicoInterv( TecnicoID, IntervID) VALUES (378,387);
INSERT INTO Evento(EventoID,Descricao, Data, Admissao, Quarto) VALUES (388, "descricao","15/1/1965 2:58:8" ,205, 167);
INSERT INTO Intervencao( EventoID, Descricao) VALUES (388,"descricao");
INSERT INTO TecnicoInterv( TecnicoID, IntervID) VALUES (382,388);
INSERT INTO Evento(EventoID,Descricao, Data, Admissao, Quarto) VALUES (389, "descricao","12/8/1985 1:19:47" ,311, 108);
INSERT INTO Intervencao( EventoID, Descricao) VALUES (389,"descricao");
INSERT INTO TecnicoInterv( TecnicoID, IntervID) VALUES (378,389);
INSERT INTO Evento(EventoID,Descricao, Data, Admissao, Quarto) VALUES (390, "descricao","4/6/1990 13:35:52" ,374, 247);
INSERT INTO Intervencao( EventoID, Descricao) VALUES (390,"descricao");
INSERT INTO TecnicoInterv( TecnicoID, IntervID) VALUES (378,390);
INSERT INTO Evento(EventoID,Descricao, Data, Admissao, Quarto) VALUES (391, "descricao","20/6/1990 0:56:58" ,21, 236);
INSERT INTO Intervencao( EventoID, Descricao) VALUES (391,"descricao");
INSERT INTO TecnicoInterv( TecnicoID, IntervID) VALUES (367,391);
INSERT INTO Evento(EventoID,Descricao, Data, Admissao, Quarto) VALUES (392, "descricao","12/5/2001 3:6:3" ,169, 209);
INSERT INTO Intervencao( EventoID, Descricao) VALUES (392,"descricao");
INSERT INTO TecnicoInterv( TecnicoID, IntervID) VALUES (372,392);
INSERT INTO Evento(EventoID,Descricao, Data, Admissao, Quarto) VALUES (393, "descricao","18/6/1980 9:21:57" ,262, 146);
INSERT INTO Intervencao( EventoID, Descricao) VALUES (393,"descricao");
INSERT INTO TecnicoInterv( TecnicoID, IntervID) VALUES (367,393);
INSERT INTO Evento(EventoID,Descricao, Data, Admissao, Quarto) VALUES (394, "descricao","11/3/2008 22:53:29" ,254, 102);
INSERT INTO Intervencao( EventoID, Descricao) VALUES (394,"descricao");
INSERT INTO TecnicoInterv( TecnicoID, IntervID) VALUES (380,394);
INSERT INTO Evento(EventoID,Descricao, Data, Admissao, Quarto) VALUES (395, "descricao","11/8/1962 8:15:45" ,342, 156);
INSERT INTO Intervencao( EventoID, Descricao) VALUES (395,"descricao");
INSERT INTO TecnicoInterv( TecnicoID, IntervID) VALUES (379,395);
INSERT INTO Evento(EventoID,Descricao, Data, Admissao, Quarto) VALUES (396, "descricao","28/12/2002 17:45:49" ,241, 160);
INSERT INTO Intervencao( EventoID, Descricao) VALUES (396,"descricao");
INSERT INTO TecnicoInterv( TecnicoID, IntervID) VALUES (374,396);
INSERT INTO Evento(EventoID,Descricao, Data, Admissao, Quarto) VALUES (397, "descricao","2/7/1996 2:23:4" ,283, 246);
INSERT INTO Intervencao( EventoID, Descricao) VALUES (397,"descricao");
INSERT INTO TecnicoInterv( TecnicoID, IntervID) VALUES (380,397);
INSERT INTO Evento(EventoID,Descricao, Data, Admissao, Quarto) VALUES (398, "descricao","6/7/1988 19:42:8" ,296, 105);
INSERT INTO Intervencao( EventoID, Descricao) VALUES (398,"descricao");
INSERT INTO TecnicoInterv( TecnicoID, IntervID) VALUES (371,398);
INSERT INTO Evento(EventoID,Descricao, Data, Admissao, Quarto) VALUES (399, "descricao","7/1/1970 11:48:52" ,220, 145);
INSERT INTO Intervencao( EventoID, Descricao) VALUES (399,"descricao");
INSERT INTO TecnicoInterv( TecnicoID, IntervID) VALUES (373,399);
INSERT INTO Evento(EventoID,Descricao, Data, Admissao, Quarto) VALUES (400, "descricao","8/9/2000 3:14:46" ,162, 189);
INSERT INTO Intervencao( EventoID, Descricao) VALUES (400,"descricao");
INSERT INTO TecnicoInterv( TecnicoID, IntervID) VALUES (368,400);
INSERT INTO Evento(EventoID,Descricao, Data, Admissao, Quarto) VALUES (401, "descricao","13/6/2019 14:7:18" ,397, 128);
INSERT INTO Intervencao( EventoID, Descricao) VALUES (401,"descricao");
INSERT INTO TecnicoInterv( TecnicoID, IntervID) VALUES (370,401);
INSERT INTO Evento(EventoID,Descricao, Data, Admissao, Quarto) VALUES (402, "descricao","7/7/1975 11:14:20" ,399, 144);
INSERT INTO Intervencao( EventoID, Descricao) VALUES (402,"descricao");
INSERT INTO TecnicoInterv( TecnicoID, IntervID) VALUES (369,402);
INSERT INTO Evento(EventoID,Descricao, Data, Admissao, Quarto) VALUES (403, "descricao","15/9/1990 21:56:40" ,470, 246);
INSERT INTO Intervencao( EventoID, Descricao) VALUES (403,"descricao");
INSERT INTO TecnicoInterv( TecnicoID, IntervID) VALUES (382,403);
INSERT INTO Evento(EventoID,Descricao, Data, Admissao, Quarto) VALUES (404, "descricao","26/1/2007 23:57:32" ,347, 159);
INSERT INTO Intervencao( EventoID, Descricao) VALUES (404,"descricao");
INSERT INTO TecnicoInterv( TecnicoID, IntervID) VALUES (375,404);
INSERT INTO Evento(EventoID,Descricao, Data, Admissao, Quarto) VALUES (405, "descricao","23/1/1980 2:23:51" ,472, 151);
INSERT INTO Intervencao( EventoID, Descricao) VALUES (405,"descricao");
INSERT INTO TecnicoInterv( TecnicoID, IntervID) VALUES (368,405);
INSERT INTO Evento(EventoID,Descricao, Data, Admissao, Quarto) VALUES (406, "descricao","9/2/1970 11:15:2" ,461, 137);
INSERT INTO Intervencao( EventoID, Descricao) VALUES (406,"descricao");
INSERT INTO TecnicoInterv( TecnicoID, IntervID) VALUES (375,406);
INSERT INTO Evento(EventoID,Descricao, Data, Admissao, Quarto) VALUES (407, "descricao","20/5/2018 19:3:17" ,227, 234);
INSERT INTO Intervencao( EventoID, Descricao) VALUES (407,"descricao");
INSERT INTO TecnicoInterv( TecnicoID, IntervID) VALUES (381,407);
INSERT INTO Evento(EventoID,Descricao, Data, Admissao, Quarto) VALUES (408, "descricao","3/11/1998 1:34:24" ,145, 206);
INSERT INTO Intervencao( EventoID, Descricao) VALUES (408,"descricao");
INSERT INTO TecnicoInterv( TecnicoID, IntervID) VALUES (376,408);
INSERT INTO Evento(EventoID,Descricao, Data, Admissao, Quarto) VALUES (409, "descricao","7/2/1976 20:18:36" ,276, 232);
INSERT INTO Intervencao( EventoID, Descricao) VALUES (409,"descricao");
INSERT INTO TecnicoInterv( TecnicoID, IntervID) VALUES (377,409);
INSERT INTO Evento(EventoID,Descricao, Data, Admissao, Quarto) VALUES (410, "descricao","17/1/1995 9:31:13" ,194, 160);
INSERT INTO Intervencao( EventoID, Descricao) VALUES (410,"descricao");
INSERT INTO TecnicoInterv( TecnicoID, IntervID) VALUES (369,410);
INSERT INTO Evento(EventoID,Descricao, Data, Admissao, Quarto) VALUES (411, "descricao","19/8/1996 10:37:51" ,106, 112);
INSERT INTO Intervencao( EventoID, Descricao) VALUES (411,"descricao");
INSERT INTO TecnicoInterv( TecnicoID, IntervID) VALUES (373,411);
INSERT INTO Evento(EventoID,Descricao, Data, Admissao, Quarto) VALUES (412, "descricao","13/7/2019 7:21:56" ,368, 151);
INSERT INTO Intervencao( EventoID, Descricao) VALUES (412,"descricao");
INSERT INTO TecnicoInterv( TecnicoID, IntervID) VALUES (367,412);
INSERT INTO Evento(EventoID,Descricao, Data, Admissao, Quarto) VALUES (413, "descricao","18/6/2019 11:18:57" ,19, 123);
INSERT INTO Intervencao( EventoID, Descricao) VALUES (413,"descricao");
INSERT INTO TecnicoInterv( TecnicoID, IntervID) VALUES (380,413);
INSERT INTO Evento(EventoID,Descricao, Data, Admissao, Quarto) VALUES (414, "descricao","2/7/2014 9:18:17" ,394, 148);
INSERT INTO Intervencao( EventoID, Descricao) VALUES (414,"descricao");
INSERT INTO TecnicoInterv( TecnicoID, IntervID) VALUES (369,414);
INSERT INTO Evento(EventoID,Descricao, Data, Admissao, Quarto) VALUES (415, "descricao","3/2/1988 9:1:54" ,199, 135);
INSERT INTO Intervencao( EventoID, Descricao) VALUES (415,"descricao");
INSERT INTO TecnicoInterv( TecnicoID, IntervID) VALUES (381,415);
INSERT INTO Evento(EventoID,Descricao, Data, Admissao, Quarto) VALUES (416, "descricao","20/8/2005 20:17:4" ,262, 121);
INSERT INTO Intervencao( EventoID, Descricao) VALUES (416,"descricao");
INSERT INTO TecnicoInterv( TecnicoID, IntervID) VALUES (382,416);
INSERT INTO Evento(EventoID,Descricao, Data, Admissao, Quarto) VALUES (417, "descricao","22/1/1989 22:6:36" ,52, 124);
INSERT INTO Intervencao( EventoID, Descricao) VALUES (417,"descricao");
INSERT INTO TecnicoInterv( TecnicoID, IntervID) VALUES (369,417);
INSERT INTO Evento(EventoID,Descricao, Data, Admissao, Quarto) VALUES (418, "descricao","1/12/1994 5:59:36" ,383, 196);
INSERT INTO Intervencao( EventoID, Descricao) VALUES (418,"descricao");
INSERT INTO TecnicoInterv( TecnicoID, IntervID) VALUES (378,418);
INSERT INTO Evento(EventoID,Descricao, Data, Admissao, Quarto) VALUES (419, "descricao","26/8/1974 3:32:11" ,430, 144);
INSERT INTO Intervencao( EventoID, Descricao) VALUES (419,"descricao");
INSERT INTO TecnicoInterv( TecnicoID, IntervID) VALUES (375,419);
INSERT INTO Evento(EventoID,Descricao, Data, Admissao, Quarto) VALUES (420, "descricao","21/1/1973 22:50:49" ,457, 145);
INSERT INTO Intervencao( EventoID, Descricao) VALUES (420,"descricao");
INSERT INTO TecnicoInterv( TecnicoID, IntervID) VALUES (368,420);
INSERT INTO Evento(EventoID,Descricao, Data, Admissao, Quarto) VALUES (421, "descricao","24/1/2010 8:0:51" ,460, 177);
INSERT INTO Intervencao( EventoID, Descricao) VALUES (421,"descricao");
INSERT INTO TecnicoInterv( TecnicoID, IntervID) VALUES (376,421);
INSERT INTO Evento(EventoID,Descricao, Data, Admissao, Quarto) VALUES (422, "descricao","17/10/2009 9:56:7" ,59, 158);
INSERT INTO Intervencao( EventoID, Descricao) VALUES (422,"descricao");
INSERT INTO TecnicoInterv( TecnicoID, IntervID) VALUES (367,422);
INSERT INTO Evento(EventoID,Descricao, Data, Admissao, Quarto) VALUES (423, "descricao","19/3/2003 23:3:2" ,273, 228);
INSERT INTO Intervencao( EventoID, Descricao) VALUES (423,"descricao");
INSERT INTO TecnicoInterv( TecnicoID, IntervID) VALUES (370,423);
INSERT INTO Evento(EventoID,Descricao, Data, Admissao, Quarto) VALUES (424, "descricao","22/10/2007 4:47:51" ,188, 160);
INSERT INTO Intervencao( EventoID, Descricao) VALUES (424,"descricao");
INSERT INTO TecnicoInterv( TecnicoID, IntervID) VALUES (367,424);
INSERT INTO Evento(EventoID,Descricao, Data, Admissao, Quarto) VALUES (425, "descricao","22/1/2011 5:33:22" ,453, 184);
INSERT INTO Intervencao( EventoID, Descricao) VALUES (425,"descricao");
INSERT INTO TecnicoInterv( TecnicoID, IntervID) VALUES (368,425);
INSERT INTO Evento(EventoID,Descricao, Data, Admissao, Quarto) VALUES (426, "descricao","19/1/1960 9:53:49" ,275, 137);
INSERT INTO Intervencao( EventoID, Descricao) VALUES (426,"descricao");
INSERT INTO TecnicoInterv( TecnicoID, IntervID) VALUES (373,426);
INSERT INTO Evento(EventoID,Descricao, Data, Admissao, Quarto) VALUES (427, "descricao","6/3/1985 10:32:11" ,17, 140);
INSERT INTO Intervencao( EventoID, Descricao) VALUES (427,"descricao");
INSERT INTO TecnicoInterv( TecnicoID, IntervID) VALUES (380,427);
INSERT INTO Evento(EventoID,Descricao, Data, Admissao, Quarto) VALUES (428, "descricao","11/8/1969 8:27:40" ,276, 127);
INSERT INTO Intervencao( EventoID, Descricao) VALUES (428,"descricao");
INSERT INTO TecnicoInterv( TecnicoID, IntervID) VALUES (375,428);
INSERT INTO Evento(EventoID,Descricao, Data, Admissao, Quarto) VALUES (429, "descricao","20/3/1963 22:58:8" ,97, 150);
INSERT INTO Intervencao( EventoID, Descricao) VALUES (429,"descricao");
INSERT INTO TecnicoInterv( TecnicoID, IntervID) VALUES (377,429);
INSERT INTO Evento(EventoID,Descricao, Data, Admissao, Quarto) VALUES (430, "descricao","20/8/1978 3:2:26" ,95, 108);
INSERT INTO Intervencao( EventoID, Descricao) VALUES (430,"descricao");
INSERT INTO TecnicoInterv( TecnicoID, IntervID) VALUES (375,430);
INSERT INTO Evento(EventoID,Descricao, Data, Admissao, Quarto) VALUES (431, "descricao","27/5/2010 15:55:19" ,287, 177);
INSERT INTO Intervencao( EventoID, Descricao) VALUES (431,"descricao");
INSERT INTO TecnicoInterv( TecnicoID, IntervID) VALUES (371,431);
INSERT INTO Evento(EventoID,Descricao, Data, Admissao, Quarto) VALUES (432, "descricao","25/8/1979 20:3:10" ,14, 220);
INSERT INTO Intervencao( EventoID, Descricao) VALUES (432,"descricao");
INSERT INTO TecnicoInterv( TecnicoID, IntervID) VALUES (378,432);
INSERT INTO Evento(EventoID,Descricao, Data, Admissao, Quarto) VALUES (433, "descricao","6/2/1977 6:50:37" ,442, 161);
INSERT INTO Intervencao( EventoID, Descricao) VALUES (433,"descricao");
INSERT INTO TecnicoInterv( TecnicoID, IntervID) VALUES (375,433);
INSERT INTO Evento(EventoID,Descricao, Data, Admissao, Quarto) VALUES (434, "descricao","21/5/1989 4:50:6" ,346, 187);
INSERT INTO Intervencao( EventoID, Descricao) VALUES (434,"descricao");
INSERT INTO TecnicoInterv( TecnicoID, IntervID) VALUES (382,434);
INSERT INTO Evento(EventoID,Descricao, Data, Admissao, Quarto) VALUES (435, "descricao","13/12/1964 10:5:1" ,82, 234);
INSERT INTO Intervencao( EventoID, Descricao) VALUES (435,"descricao");
INSERT INTO TecnicoInterv( TecnicoID, IntervID) VALUES (371,435);
INSERT INTO Evento(EventoID,Descricao, Data, Admissao, Quarto) VALUES (436, "descricao","1/10/1989 2:53:23" ,299, 154);
INSERT INTO Intervencao( EventoID, Descricao) VALUES (436,"descricao");
INSERT INTO TecnicoInterv( TecnicoID, IntervID) VALUES (378,436);
INSERT INTO Evento(EventoID,Descricao, Data, Admissao, Quarto) VALUES (437, "descricao","11/1/1989 5:22:45" ,17, 167);
INSERT INTO Intervencao( EventoID, Descricao) VALUES (437,"descricao");
INSERT INTO TecnicoInterv( TecnicoID, IntervID) VALUES (376,437);
INSERT INTO Evento(EventoID,Descricao, Data, Admissao, Quarto) VALUES (438, "descricao","15/2/2006 16:32:0" ,382, 103);
INSERT INTO Intervencao( EventoID, Descricao) VALUES (438,"descricao");
INSERT INTO TecnicoInterv( TecnicoID, IntervID) VALUES (376,438);
INSERT INTO Evento(EventoID,Descricao, Data, Admissao, Quarto) VALUES (439, "descricao","5/2/2014 8:15:0" ,262, 101);
INSERT INTO Intervencao( EventoID, Descricao) VALUES (439,"descricao");
INSERT INTO TecnicoInterv( TecnicoID, IntervID) VALUES (375,439);
INSERT INTO Evento(EventoID,Descricao, Data, Admissao, Quarto) VALUES (440, "descricao","6/10/2007 17:0:3" ,190, 217);
INSERT INTO Intervencao( EventoID, Descricao) VALUES (440,"descricao");
INSERT INTO TecnicoInterv( TecnicoID, IntervID) VALUES (372,440);
INSERT INTO Evento(EventoID,Descricao, Data, Admissao, Quarto) VALUES (441, "descricao","25/1/1975 16:20:35" ,4, 231);
INSERT INTO Intervencao( EventoID, Descricao) VALUES (441,"descricao");
INSERT INTO TecnicoInterv( TecnicoID, IntervID) VALUES (380,441);
INSERT INTO Evento(EventoID,Descricao, Data, Admissao, Quarto) VALUES (442, "descricao","15/5/1966 12:13:44" ,317, 242);
INSERT INTO Intervencao( EventoID, Descricao) VALUES (442,"descricao");
INSERT INTO TecnicoInterv( TecnicoID, IntervID) VALUES (374,442);
INSERT INTO Evento(EventoID,Descricao, Data, Admissao, Quarto) VALUES (443, "descricao","25/7/1989 7:25:18" ,477, 184);
INSERT INTO Intervencao( EventoID, Descricao) VALUES (443,"descricao");
INSERT INTO TecnicoInterv( TecnicoID, IntervID) VALUES (374,443);
INSERT INTO Evento(EventoID,Descricao, Data, Admissao, Quarto) VALUES (444, "descricao","10/6/1998 2:6:58" ,405, 110);
INSERT INTO Intervencao( EventoID, Descricao) VALUES (444,"descricao");
INSERT INTO TecnicoInterv( TecnicoID, IntervID) VALUES (374,444);
INSERT INTO Evento(EventoID,Descricao, Data, Admissao, Quarto) VALUES (445, "descricao","11/11/2003 13:7:1" ,490, 237);
INSERT INTO Intervencao( EventoID, Descricao) VALUES (445,"descricao");
INSERT INTO TecnicoInterv( TecnicoID, IntervID) VALUES (381,445);
INSERT INTO Evento(EventoID,Descricao, Data, Admissao, Quarto) VALUES (446, "descricao","1/12/2004 18:13:27" ,196, 196);
INSERT INTO Intervencao( EventoID, Descricao) VALUES (446,"descricao");
INSERT INTO TecnicoInterv( TecnicoID, IntervID) VALUES (368,446);
INSERT INTO Evento(EventoID,Descricao, Data, Admissao, Quarto) VALUES (447, "descricao","16/4/2015 7:35:50" ,336, 119);
INSERT INTO Intervencao( EventoID, Descricao) VALUES (447,"descricao");
INSERT INTO TecnicoInterv( TecnicoID, IntervID) VALUES (373,447);
INSERT INTO Evento(EventoID,Descricao, Data, Admissao, Quarto) VALUES (448, "descricao","8/8/1996 13:5:26" ,49, 186);
INSERT INTO Intervencao( EventoID, Descricao) VALUES (448,"descricao");
INSERT INTO TecnicoInterv( TecnicoID, IntervID) VALUES (376,448);
INSERT INTO Evento(EventoID,Descricao, Data, Admissao, Quarto) VALUES (449, "descricao","3/6/2004 22:48:22" ,284, 137);
INSERT INTO Intervencao( EventoID, Descricao) VALUES (449,"descricao");
INSERT INTO TecnicoInterv( TecnicoID, IntervID) VALUES (376,449);
INSERT INTO Evento(EventoID,Descricao, Data, Admissao, Quarto) VALUES (450, "descricao","18/12/1999 12:30:8" ,119, 192);
INSERT INTO Intervencao( EventoID, Descricao) VALUES (450,"descricao");
INSERT INTO TecnicoInterv( TecnicoID, IntervID) VALUES (373,450);
INSERT INTO Evento(EventoID,Descricao, Data, Admissao, Quarto) VALUES (451, "descricao","6/6/1988 2:51:4" ,297, 163);
INSERT INTO Intervencao( EventoID, Descricao) VALUES (451,"descricao");
INSERT INTO TecnicoInterv( TecnicoID, IntervID) VALUES (374,451);
INSERT INTO Evento(EventoID,Descricao, Data, Admissao, Quarto) VALUES (452, "descricao","18/12/2009 14:13:46" ,265, 117);
INSERT INTO Intervencao( EventoID, Descricao) VALUES (452,"descricao");
INSERT INTO TecnicoInterv( TecnicoID, IntervID) VALUES (373,452);
INSERT INTO Evento(EventoID,Descricao, Data, Admissao, Quarto) VALUES (453, "descricao","3/4/2005 2:28:24" ,2, 227);
INSERT INTO Intervencao( EventoID, Descricao) VALUES (453,"descricao");
INSERT INTO TecnicoInterv( TecnicoID, IntervID) VALUES (380,453);
INSERT INTO Evento(EventoID,Descricao, Data, Admissao, Quarto) VALUES (454, "descricao","2/1/1994 8:4:23" ,211, 238);
INSERT INTO Intervencao( EventoID, Descricao) VALUES (454,"descricao");
INSERT INTO TecnicoInterv( TecnicoID, IntervID) VALUES (373,454);
INSERT INTO Evento(EventoID,Descricao, Data, Admissao, Quarto) VALUES (455, "descricao","8/10/1975 2:39:57" ,28, 158);
INSERT INTO Intervencao( EventoID, Descricao) VALUES (455,"descricao");
INSERT INTO TecnicoInterv( TecnicoID, IntervID) VALUES (382,455);
INSERT INTO Evento(EventoID,Descricao, Data, Admissao, Quarto) VALUES (456, "descricao","8/9/1980 14:39:46" ,455, 206);
INSERT INTO Intervencao( EventoID, Descricao) VALUES (456,"descricao");
INSERT INTO TecnicoInterv( TecnicoID, IntervID) VALUES (367,456);
INSERT INTO Evento(EventoID,Descricao, Data, Admissao, Quarto) VALUES (457, "descricao","10/2/1987 7:29:36" ,379, 209);
INSERT INTO Intervencao( EventoID, Descricao) VALUES (457,"descricao");
INSERT INTO TecnicoInterv( TecnicoID, IntervID) VALUES (375,457);
INSERT INTO Evento(EventoID,Descricao, Data, Admissao, Quarto) VALUES (458, "descricao","4/10/1982 11:25:31" ,480, 198);
INSERT INTO Intervencao( EventoID, Descricao) VALUES (458,"descricao");
INSERT INTO TecnicoInterv( TecnicoID, IntervID) VALUES (370,458);
INSERT INTO Evento(EventoID,Descricao, Data, Admissao, Quarto) VALUES (459, "descricao","28/11/2017 10:17:21" ,343, 191);
INSERT INTO Intervencao( EventoID, Descricao) VALUES (459,"descricao");
INSERT INTO TecnicoInterv( TecnicoID, IntervID) VALUES (373,459);
INSERT INTO Evento(EventoID,Descricao, Data, Admissao, Quarto) VALUES (460, "descricao","11/11/1990 8:51:54" ,117, 112);
INSERT INTO Intervencao( EventoID, Descricao) VALUES (460,"descricao");
INSERT INTO TecnicoInterv( TecnicoID, IntervID) VALUES (380,460);
INSERT INTO Evento(EventoID,Descricao, Data, Admissao, Quarto) VALUES (461, "descricao","15/7/1961 4:9:51" ,72, 132);
INSERT INTO Intervencao( EventoID, Descricao) VALUES (461,"descricao");
INSERT INTO TecnicoInterv( TecnicoID, IntervID) VALUES (382,461);
INSERT INTO Evento(EventoID,Descricao, Data, Admissao, Quarto) VALUES (462, "descricao","24/4/2018 8:17:23" ,345, 161);
INSERT INTO Intervencao( EventoID, Descricao) VALUES (462,"descricao");
INSERT INTO TecnicoInterv( TecnicoID, IntervID) VALUES (374,462);
INSERT INTO Evento(EventoID,Descricao, Data, Admissao, Quarto) VALUES (463, "descricao","17/5/2014 10:31:22" ,471, 113);
INSERT INTO Intervencao( EventoID, Descricao) VALUES (463,"descricao");
INSERT INTO TecnicoInterv( TecnicoID, IntervID) VALUES (367,463);
INSERT INTO Evento(EventoID,Descricao, Data, Admissao, Quarto) VALUES (464, "descricao","8/4/2019 5:2:26" ,190, 163);
INSERT INTO Intervencao( EventoID, Descricao) VALUES (464,"descricao");
INSERT INTO TecnicoInterv( TecnicoID, IntervID) VALUES (368,464);
INSERT INTO Evento(EventoID,Descricao, Data, Admissao, Quarto) VALUES (465, "descricao","11/7/1980 0:32:8" ,412, 237);
INSERT INTO Intervencao( EventoID, Descricao) VALUES (465,"descricao");
INSERT INTO TecnicoInterv( TecnicoID, IntervID) VALUES (380,465);
INSERT INTO Evento(EventoID,Descricao, Data, Admissao, Quarto) VALUES (466, "descricao","4/9/1990 3:21:27" ,123, 230);
INSERT INTO Intervencao( EventoID, Descricao) VALUES (466,"descricao");
INSERT INTO TecnicoInterv( TecnicoID, IntervID) VALUES (368,466);
INSERT INTO Evento(EventoID,Descricao, Data, Admissao, Quarto) VALUES (467, "descricao","9/7/1978 7:6:9" ,321, 235);
INSERT INTO Intervencao( EventoID, Descricao) VALUES (467,"descricao");
INSERT INTO TecnicoInterv( TecnicoID, IntervID) VALUES (382,467);
INSERT INTO Evento(EventoID,Descricao, Data, Admissao, Quarto) VALUES (468, "descricao","24/7/1970 0:46:26" ,270, 110);
INSERT INTO Intervencao( EventoID, Descricao) VALUES (468,"descricao");
INSERT INTO TecnicoInterv( TecnicoID, IntervID) VALUES (378,468);
INSERT INTO Evento(EventoID,Descricao, Data, Admissao, Quarto) VALUES (469, "descricao","20/11/2018 20:55:39" ,448, 135);
INSERT INTO Intervencao( EventoID, Descricao) VALUES (469,"descricao");
INSERT INTO TecnicoInterv( TecnicoID, IntervID) VALUES (379,469);
INSERT INTO Evento(EventoID,Descricao, Data, Admissao, Quarto) VALUES (470, "descricao","25/4/1978 23:49:7" ,213, 135);
INSERT INTO Intervencao( EventoID, Descricao) VALUES (470,"descricao");
INSERT INTO TecnicoInterv( TecnicoID, IntervID) VALUES (381,470);
INSERT INTO Evento(EventoID,Descricao, Data, Admissao, Quarto) VALUES (471, "descricao","4/3/1968 4:0:58" ,134, 170);
INSERT INTO Intervencao( EventoID, Descricao) VALUES (471,"descricao");
INSERT INTO TecnicoInterv( TecnicoID, IntervID) VALUES (372,471);
INSERT INTO Evento(EventoID,Descricao, Data, Admissao, Quarto) VALUES (472, "descricao","13/4/1973 9:46:9" ,398, 134);
INSERT INTO Intervencao( EventoID, Descricao) VALUES (472,"descricao");
INSERT INTO TecnicoInterv( TecnicoID, IntervID) VALUES (374,472);
INSERT INTO Evento(EventoID,Descricao, Data, Admissao, Quarto) VALUES (473, "descricao","1/12/1997 13:18:45" ,419, 114);
INSERT INTO Intervencao( EventoID, Descricao) VALUES (473,"descricao");
INSERT INTO TecnicoInterv( TecnicoID, IntervID) VALUES (382,473);
INSERT INTO Evento(EventoID,Descricao, Data, Admissao, Quarto) VALUES (474, "descricao","10/12/2017 7:4:28" ,264, 161);
INSERT INTO Intervencao( EventoID, Descricao) VALUES (474,"descricao");
INSERT INTO TecnicoInterv( TecnicoID, IntervID) VALUES (371,474);
INSERT INTO Evento(EventoID,Descricao, Data, Admissao, Quarto) VALUES (475, "descricao","21/1/1973 19:48:11" ,485, 157);
INSERT INTO Intervencao( EventoID, Descricao) VALUES (475,"descricao");
INSERT INTO TecnicoInterv( TecnicoID, IntervID) VALUES (377,475);
INSERT INTO Evento(EventoID,Descricao, Data, Admissao, Quarto) VALUES (476, "descricao","11/6/2013 19:9:49" ,477, 152);
INSERT INTO Intervencao( EventoID, Descricao) VALUES (476,"descricao");
INSERT INTO TecnicoInterv( TecnicoID, IntervID) VALUES (380,476);
INSERT INTO Evento(EventoID,Descricao, Data, Admissao, Quarto) VALUES (477, "descricao","25/6/1975 9:9:25" ,41, 140);
INSERT INTO Intervencao( EventoID, Descricao) VALUES (477,"descricao");
INSERT INTO TecnicoInterv( TecnicoID, IntervID) VALUES (376,477);
INSERT INTO Evento(EventoID,Descricao, Data, Admissao, Quarto) VALUES (478, "descricao","28/7/2010 1:6:38" ,387, 104);
INSERT INTO Intervencao( EventoID, Descricao) VALUES (478,"descricao");
INSERT INTO TecnicoInterv( TecnicoID, IntervID) VALUES (374,478);
INSERT INTO Evento(EventoID,Descricao, Data, Admissao, Quarto) VALUES (479, "descricao","15/12/1998 0:36:40" ,375, 137);
INSERT INTO Intervencao( EventoID, Descricao) VALUES (479,"descricao");
INSERT INTO TecnicoInterv( TecnicoID, IntervID) VALUES (369,479);
INSERT INTO Evento(EventoID,Descricao, Data, Admissao, Quarto) VALUES (480, "descricao","27/6/1999 13:15:4" ,431, 187);
INSERT INTO Intervencao( EventoID, Descricao) VALUES (480,"descricao");
INSERT INTO TecnicoInterv( TecnicoID, IntervID) VALUES (372,480);
INSERT INTO Evento(EventoID,Descricao, Data, Admissao, Quarto) VALUES (481, "descricao","18/5/1969 9:7:46" ,500, 191);
INSERT INTO Intervencao( EventoID, Descricao) VALUES (481,"descricao");
INSERT INTO TecnicoInterv( TecnicoID, IntervID) VALUES (378,481);
INSERT INTO Evento(EventoID,Descricao, Data, Admissao, Quarto) VALUES (482, "descricao","23/11/1963 20:45:54" ,184, 249);
INSERT INTO Intervencao( EventoID, Descricao) VALUES (482,"descricao");
INSERT INTO TecnicoInterv( TecnicoID, IntervID) VALUES (377,482);
INSERT INTO Evento(EventoID,Descricao, Data, Admissao, Quarto) VALUES (483, "descricao","3/3/1998 14:40:23" ,367, 174);
INSERT INTO Intervencao( EventoID, Descricao) VALUES (483,"descricao");
INSERT INTO TecnicoInterv( TecnicoID, IntervID) VALUES (371,483);
INSERT INTO Evento(EventoID,Descricao, Data, Admissao, Quarto) VALUES (484, "descricao","27/3/1993 11:48:38" ,193, 172);
INSERT INTO Intervencao( EventoID, Descricao) VALUES (484,"descricao");
INSERT INTO TecnicoInterv( TecnicoID, IntervID) VALUES (369,484);
INSERT INTO Evento(EventoID,Descricao, Data, Admissao, Quarto) VALUES (485, "descricao","8/9/1969 11:23:44" ,494, 246);
INSERT INTO Intervencao( EventoID, Descricao) VALUES (485,"descricao");
INSERT INTO TecnicoInterv( TecnicoID, IntervID) VALUES (381,485);
INSERT INTO Evento(EventoID,Descricao, Data, Admissao, Quarto) VALUES (486, "descricao","3/3/1960 3:17:4" ,303, 169);
INSERT INTO Intervencao( EventoID, Descricao) VALUES (486,"descricao");
INSERT INTO TecnicoInterv( TecnicoID, IntervID) VALUES (372,486);
INSERT INTO Evento(EventoID,Descricao, Data, Admissao, Quarto) VALUES (487, "descricao","13/4/2008 10:45:6" ,396, 108);
INSERT INTO Intervencao( EventoID, Descricao) VALUES (487,"descricao");
INSERT INTO TecnicoInterv( TecnicoID, IntervID) VALUES (369,487);
INSERT INTO Evento(EventoID,Descricao, Data, Admissao, Quarto) VALUES (488, "descricao","21/6/2001 23:2:34" ,201, 232);
INSERT INTO Intervencao( EventoID, Descricao) VALUES (488,"descricao");
INSERT INTO TecnicoInterv( TecnicoID, IntervID) VALUES (373,488);
INSERT INTO Evento(EventoID,Descricao, Data, Admissao, Quarto) VALUES (489, "descricao","19/6/1972 0:12:47" ,210, 225);
INSERT INTO Intervencao( EventoID, Descricao) VALUES (489,"descricao");
INSERT INTO TecnicoInterv( TecnicoID, IntervID) VALUES (372,489);
INSERT INTO Evento(EventoID,Descricao, Data, Admissao, Quarto) VALUES (490, "descricao","4/3/1992 6:8:32" ,364, 229);
INSERT INTO Intervencao( EventoID, Descricao) VALUES (490,"descricao");
INSERT INTO TecnicoInterv( TecnicoID, IntervID) VALUES (372,490);
INSERT INTO Evento(EventoID,Descricao, Data, Admissao, Quarto) VALUES (491, "descricao","18/7/1973 15:35:19" ,362, 207);
INSERT INTO Intervencao( EventoID, Descricao) VALUES (491,"descricao");
INSERT INTO TecnicoInterv( TecnicoID, IntervID) VALUES (370,491);
INSERT INTO Evento(EventoID,Descricao, Data, Admissao, Quarto) VALUES (492, "descricao","22/5/1973 10:25:24" ,459, 165);
INSERT INTO Intervencao( EventoID, Descricao) VALUES (492,"descricao");
INSERT INTO TecnicoInterv( TecnicoID, IntervID) VALUES (371,492);
INSERT INTO Evento(EventoID,Descricao, Data, Admissao, Quarto) VALUES (493, "descricao","21/12/1994 2:28:38" ,394, 190);
INSERT INTO Intervencao( EventoID, Descricao) VALUES (493,"descricao");
INSERT INTO TecnicoInterv( TecnicoID, IntervID) VALUES (382,493);
INSERT INTO Evento(EventoID,Descricao, Data, Admissao, Quarto) VALUES (494, "descricao","22/3/1997 9:24:50" ,163, 104);
INSERT INTO Intervencao( EventoID, Descricao) VALUES (494,"descricao");
INSERT INTO TecnicoInterv( TecnicoID, IntervID) VALUES (375,494);
INSERT INTO Evento(EventoID,Descricao, Data, Admissao, Quarto) VALUES (495, "descricao","3/2/1993 23:49:39" ,345, 108);
INSERT INTO Intervencao( EventoID, Descricao) VALUES (495,"descricao");
INSERT INTO TecnicoInterv( TecnicoID, IntervID) VALUES (374,495);
INSERT INTO Evento(EventoID,Descricao, Data, Admissao, Quarto) VALUES (496, "descricao","6/10/2017 11:41:19" ,190, 138);
INSERT INTO Intervencao( EventoID, Descricao) VALUES (496,"descricao");
INSERT INTO TecnicoInterv( TecnicoID, IntervID) VALUES (369,496);
INSERT INTO Evento(EventoID,Descricao, Data, Admissao, Quarto) VALUES (497, "descricao","6/3/1960 6:44:4" ,450, 192);
INSERT INTO Intervencao( EventoID, Descricao) VALUES (497,"descricao");
INSERT INTO TecnicoInterv( TecnicoID, IntervID) VALUES (370,497);
INSERT INTO Evento(EventoID,Descricao, Data, Admissao, Quarto) VALUES (498, "descricao","15/4/2002 0:13:55" ,143, 132);
INSERT INTO Intervencao( EventoID, Descricao) VALUES (498,"descricao");
INSERT INTO TecnicoInterv( TecnicoID, IntervID) VALUES (368,498);
INSERT INTO Evento(EventoID,Descricao, Data, Admissao, Quarto) VALUES (499, "descricao","12/2/2015 7:41:42" ,8, 195);
INSERT INTO Intervencao( EventoID, Descricao) VALUES (499,"descricao");
INSERT INTO TecnicoInterv( TecnicoID, IntervID) VALUES (370,499);

-- Medical Intervention
INSERT INTO Evento(EventoID,Descricao, Data, Admissao, Quarto) VALUES (500, "descricao","24/5/2007 10:32:7" ,186, 235);
INSERT INTO Intervencao( EventoID, Descricao) VALUES (500,"descricao");
INSERT INTO MedicoInterv( MedicoID, IntervID) VALUES (422,500);
INSERT INTO Evento(EventoID,Descricao, Data, Admissao, Quarto) VALUES (501, "descricao","2/2/1999 6:15:43" ,461, 241);
INSERT INTO Intervencao( EventoID, Descricao) VALUES (501,"descricao");
INSERT INTO MedicoInterv( MedicoID, IntervID) VALUES (411,501);
INSERT INTO Evento(EventoID,Descricao, Data, Admissao, Quarto) VALUES (502, "descricao","25/12/2010 7:19:42" ,185, 139);
INSERT INTO Intervencao( EventoID, Descricao) VALUES (502,"descricao");
INSERT INTO MedicoInterv( MedicoID, IntervID) VALUES (387,502);
INSERT INTO Evento(EventoID,Descricao, Data, Admissao, Quarto) VALUES (503, "descricao","12/8/2013 15:15:43" ,185, 182);
INSERT INTO Intervencao( EventoID, Descricao) VALUES (503,"descricao");
INSERT INTO MedicoInterv( MedicoID, IntervID) VALUES (426,503);
INSERT INTO Evento(EventoID,Descricao, Data, Admissao, Quarto) VALUES (504, "descricao","15/12/1969 18:53:50" ,37, 157);
INSERT INTO Intervencao( EventoID, Descricao) VALUES (504,"descricao");
INSERT INTO MedicoInterv( MedicoID, IntervID) VALUES (387,504);
INSERT INTO Evento(EventoID,Descricao, Data, Admissao, Quarto) VALUES (505, "descricao","17/5/1970 16:57:48" ,436, 148);
INSERT INTO Intervencao( EventoID, Descricao) VALUES (505,"descricao");
INSERT INTO MedicoInterv( MedicoID, IntervID) VALUES (395,505);
INSERT INTO Evento(EventoID,Descricao, Data, Admissao, Quarto) VALUES (506, "descricao","10/11/1999 6:34:27" ,456, 169);
INSERT INTO Intervencao( EventoID, Descricao) VALUES (506,"descricao");
INSERT INTO MedicoInterv( MedicoID, IntervID) VALUES (391,506);
INSERT INTO Evento(EventoID,Descricao, Data, Admissao, Quarto) VALUES (507, "descricao","11/1/1965 18:11:14" ,347, 223);
INSERT INTO Intervencao( EventoID, Descricao) VALUES (507,"descricao");
INSERT INTO MedicoInterv( MedicoID, IntervID) VALUES (419,507);
INSERT INTO Evento(EventoID,Descricao, Data, Admissao, Quarto) VALUES (508, "descricao","20/1/1965 15:53:6" ,349, 180);
INSERT INTO Intervencao( EventoID, Descricao) VALUES (508,"descricao");
INSERT INTO MedicoInterv( MedicoID, IntervID) VALUES (426,508);
INSERT INTO Evento(EventoID,Descricao, Data, Admissao, Quarto) VALUES (509, "descricao","8/2/1997 21:28:37" ,270, 197);
INSERT INTO Intervencao( EventoID, Descricao) VALUES (509,"descricao");
INSERT INTO MedicoInterv( MedicoID, IntervID) VALUES (413,509);
INSERT INTO Evento(EventoID,Descricao, Data, Admissao, Quarto) VALUES (510, "descricao","14/9/1962 5:9:3" ,399, 102);
INSERT INTO Intervencao( EventoID, Descricao) VALUES (510,"descricao");
INSERT INTO MedicoInterv( MedicoID, IntervID) VALUES (411,510);
INSERT INTO Evento(EventoID,Descricao, Data, Admissao, Quarto) VALUES (511, "descricao","21/11/1985 1:11:4" ,355, 126);
INSERT INTO Intervencao( EventoID, Descricao) VALUES (511,"descricao");
INSERT INTO MedicoInterv( MedicoID, IntervID) VALUES (416,511);
INSERT INTO Evento(EventoID,Descricao, Data, Admissao, Quarto) VALUES (512, "descricao","27/3/1979 4:7:36" ,306, 181);
INSERT INTO Intervencao( EventoID, Descricao) VALUES (512,"descricao");
INSERT INTO MedicoInterv( MedicoID, IntervID) VALUES (398,512);
INSERT INTO Evento(EventoID,Descricao, Data, Admissao, Quarto) VALUES (513, "descricao","22/1/1975 11:1:53" ,461, 207);
INSERT INTO Intervencao( EventoID, Descricao) VALUES (513,"descricao");
INSERT INTO MedicoInterv( MedicoID, IntervID) VALUES (399,513);
INSERT INTO Evento(EventoID,Descricao, Data, Admissao, Quarto) VALUES (514, "descricao","25/6/2018 16:46:31" ,41, 149);
INSERT INTO Intervencao( EventoID, Descricao) VALUES (514,"descricao");
INSERT INTO MedicoInterv( MedicoID, IntervID) VALUES (406,514);
INSERT INTO Evento(EventoID,Descricao, Data, Admissao, Quarto) VALUES (515, "descricao","27/4/1967 7:54:33" ,66, 207);
INSERT INTO Intervencao( EventoID, Descricao) VALUES (515,"descricao");
INSERT INTO MedicoInterv( MedicoID, IntervID) VALUES (401,515);
INSERT INTO Evento(EventoID,Descricao, Data, Admissao, Quarto) VALUES (516, "descricao","17/1/1981 0:6:8" ,53, 139);
INSERT INTO Intervencao( EventoID, Descricao) VALUES (516,"descricao");
INSERT INTO MedicoInterv( MedicoID, IntervID) VALUES (392,516);
INSERT INTO Evento(EventoID,Descricao, Data, Admissao, Quarto) VALUES (517, "descricao","1/4/1983 2:55:59" ,164, 153);
INSERT INTO Intervencao( EventoID, Descricao) VALUES (517,"descricao");
INSERT INTO MedicoInterv( MedicoID, IntervID) VALUES (414,517);
INSERT INTO Evento(EventoID,Descricao, Data, Admissao, Quarto) VALUES (518, "descricao","15/5/1977 10:48:24" ,394, 168);
INSERT INTO Intervencao( EventoID, Descricao) VALUES (518,"descricao");
INSERT INTO MedicoInterv( MedicoID, IntervID) VALUES (383,518);
INSERT INTO Evento(EventoID,Descricao, Data, Admissao, Quarto) VALUES (519, "descricao","14/12/1999 11:12:5" ,458, 178);
INSERT INTO Intervencao( EventoID, Descricao) VALUES (519,"descricao");
INSERT INTO MedicoInterv( MedicoID, IntervID) VALUES (402,519);
INSERT INTO Evento(EventoID,Descricao, Data, Admissao, Quarto) VALUES (520, "descricao","25/7/1982 9:7:59" ,479, 206);
INSERT INTO Intervencao( EventoID, Descricao) VALUES (520,"descricao");
INSERT INTO MedicoInterv( MedicoID, IntervID) VALUES (394,520);
INSERT INTO Evento(EventoID,Descricao, Data, Admissao, Quarto) VALUES (521, "descricao","27/9/1989 0:13:51" ,446, 111);
INSERT INTO Intervencao( EventoID, Descricao) VALUES (521,"descricao");
INSERT INTO MedicoInterv( MedicoID, IntervID) VALUES (405,521);
INSERT INTO Evento(EventoID,Descricao, Data, Admissao, Quarto) VALUES (522, "descricao","7/8/1980 16:48:34" ,317, 242);
INSERT INTO Intervencao( EventoID, Descricao) VALUES (522,"descricao");
INSERT INTO MedicoInterv( MedicoID, IntervID) VALUES (403,522);
INSERT INTO Evento(EventoID,Descricao, Data, Admissao, Quarto) VALUES (523, "descricao","23/7/2018 7:50:35" ,179, 102);
INSERT INTO Intervencao( EventoID, Descricao) VALUES (523,"descricao");
INSERT INTO MedicoInterv( MedicoID, IntervID) VALUES (416,523);
INSERT INTO Evento(EventoID,Descricao, Data, Admissao, Quarto) VALUES (524, "descricao","19/8/2012 8:31:26" ,361, 218);
INSERT INTO Intervencao( EventoID, Descricao) VALUES (524,"descricao");
INSERT INTO MedicoInterv( MedicoID, IntervID) VALUES (409,524);
INSERT INTO Evento(EventoID,Descricao, Data, Admissao, Quarto) VALUES (525, "descricao","13/7/2013 11:1:47" ,414, 146);
INSERT INTO Intervencao( EventoID, Descricao) VALUES (525,"descricao");
INSERT INTO MedicoInterv( MedicoID, IntervID) VALUES (412,525);
INSERT INTO Evento(EventoID,Descricao, Data, Admissao, Quarto) VALUES (526, "descricao","3/6/2009 2:53:55" ,20, 195);
INSERT INTO Intervencao( EventoID, Descricao) VALUES (526,"descricao");
INSERT INTO MedicoInterv( MedicoID, IntervID) VALUES (426,526);
INSERT INTO Evento(EventoID,Descricao, Data, Admissao, Quarto) VALUES (527, "descricao","9/7/1972 11:5:3" ,259, 247);
INSERT INTO Intervencao( EventoID, Descricao) VALUES (527,"descricao");
INSERT INTO MedicoInterv( MedicoID, IntervID) VALUES (403,527);
INSERT INTO Evento(EventoID,Descricao, Data, Admissao, Quarto) VALUES (528, "descricao","13/3/2014 18:41:37" ,71, 196);
INSERT INTO Intervencao( EventoID, Descricao) VALUES (528,"descricao");
INSERT INTO MedicoInterv( MedicoID, IntervID) VALUES (426,528);
INSERT INTO Evento(EventoID,Descricao, Data, Admissao, Quarto) VALUES (529, "descricao","8/3/1970 5:51:3" ,463, 133);
INSERT INTO Intervencao( EventoID, Descricao) VALUES (529,"descricao");
INSERT INTO MedicoInterv( MedicoID, IntervID) VALUES (387,529);
INSERT INTO Evento(EventoID,Descricao, Data, Admissao, Quarto) VALUES (530, "descricao","27/12/1992 6:41:33" ,246, 248);
INSERT INTO Intervencao( EventoID, Descricao) VALUES (530,"descricao");
INSERT INTO MedicoInterv( MedicoID, IntervID) VALUES (389,530);
INSERT INTO Evento(EventoID,Descricao, Data, Admissao, Quarto) VALUES (531, "descricao","23/12/1978 16:23:33" ,148, 186);
INSERT INTO Intervencao( EventoID, Descricao) VALUES (531,"descricao");
INSERT INTO MedicoInterv( MedicoID, IntervID) VALUES (383,531);
INSERT INTO Evento(EventoID,Descricao, Data, Admissao, Quarto) VALUES (532, "descricao","28/10/1979 17:11:0" ,227, 159);
INSERT INTO Intervencao( EventoID, Descricao) VALUES (532,"descricao");
INSERT INTO MedicoInterv( MedicoID, IntervID) VALUES (387,532);
INSERT INTO Evento(EventoID,Descricao, Data, Admissao, Quarto) VALUES (533, "descricao","28/10/1974 3:28:5" ,62, 139);
INSERT INTO Intervencao( EventoID, Descricao) VALUES (533,"descricao");
INSERT INTO MedicoInterv( MedicoID, IntervID) VALUES (395,533);
INSERT INTO Evento(EventoID,Descricao, Data, Admissao, Quarto) VALUES (534, "descricao","14/12/1989 4:59:17" ,292, 201);
INSERT INTO Intervencao( EventoID, Descricao) VALUES (534,"descricao");
INSERT INTO MedicoInterv( MedicoID, IntervID) VALUES (401,534);
INSERT INTO Evento(EventoID,Descricao, Data, Admissao, Quarto) VALUES (535, "descricao","1/8/1981 13:12:58" ,349, 109);
INSERT INTO Intervencao( EventoID, Descricao) VALUES (535,"descricao");
INSERT INTO MedicoInterv( MedicoID, IntervID) VALUES (401,535);
INSERT INTO Evento(EventoID,Descricao, Data, Admissao, Quarto) VALUES (536, "descricao","19/5/2001 12:54:25" ,5, 135);
INSERT INTO Intervencao( EventoID, Descricao) VALUES (536,"descricao");
INSERT INTO MedicoInterv( MedicoID, IntervID) VALUES (393,536);
INSERT INTO Evento(EventoID,Descricao, Data, Admissao, Quarto) VALUES (537, "descricao","26/2/1999 22:52:22" ,353, 188);
INSERT INTO Intervencao( EventoID, Descricao) VALUES (537,"descricao");
INSERT INTO MedicoInterv( MedicoID, IntervID) VALUES (402,537);
INSERT INTO Evento(EventoID,Descricao, Data, Admissao, Quarto) VALUES (538, "descricao","23/6/2009 9:0:21" ,47, 183);
INSERT INTO Intervencao( EventoID, Descricao) VALUES (538,"descricao");
INSERT INTO MedicoInterv( MedicoID, IntervID) VALUES (413,538);
INSERT INTO Evento(EventoID,Descricao, Data, Admissao, Quarto) VALUES (539, "descricao","2/12/1963 1:15:39" ,367, 227);
INSERT INTO Intervencao( EventoID, Descricao) VALUES (539,"descricao");
INSERT INTO MedicoInterv( MedicoID, IntervID) VALUES (385,539);
INSERT INTO Evento(EventoID,Descricao, Data, Admissao, Quarto) VALUES (540, "descricao","7/1/2010 21:40:20" ,303, 135);
INSERT INTO Intervencao( EventoID, Descricao) VALUES (540,"descricao");
INSERT INTO MedicoInterv( MedicoID, IntervID) VALUES (392,540);
INSERT INTO Evento(EventoID,Descricao, Data, Admissao, Quarto) VALUES (541, "descricao","22/6/1986 20:40:51" ,97, 237);
INSERT INTO Intervencao( EventoID, Descricao) VALUES (541,"descricao");
INSERT INTO MedicoInterv( MedicoID, IntervID) VALUES (416,541);
INSERT INTO Evento(EventoID,Descricao, Data, Admissao, Quarto) VALUES (542, "descricao","24/11/2000 10:53:46" ,56, 146);
INSERT INTO Intervencao( EventoID, Descricao) VALUES (542,"descricao");
INSERT INTO MedicoInterv( MedicoID, IntervID) VALUES (394,542);
INSERT INTO Evento(EventoID,Descricao, Data, Admissao, Quarto) VALUES (543, "descricao","28/10/1998 20:59:33" ,194, 236);
INSERT INTO Intervencao( EventoID, Descricao) VALUES (543,"descricao");
INSERT INTO MedicoInterv( MedicoID, IntervID) VALUES (413,543);
INSERT INTO Evento(EventoID,Descricao, Data, Admissao, Quarto) VALUES (544, "descricao","8/3/1989 7:16:55" ,375, 143);
INSERT INTO Intervencao( EventoID, Descricao) VALUES (544,"descricao");
INSERT INTO MedicoInterv( MedicoID, IntervID) VALUES (398,544);
INSERT INTO Evento(EventoID,Descricao, Data, Admissao, Quarto) VALUES (545, "descricao","1/12/1966 12:49:27" ,316, 237);
INSERT INTO Intervencao( EventoID, Descricao) VALUES (545,"descricao");
INSERT INTO MedicoInterv( MedicoID, IntervID) VALUES (421,545);
INSERT INTO Evento(EventoID,Descricao, Data, Admissao, Quarto) VALUES (546, "descricao","4/6/2006 21:30:46" ,173, 164);
INSERT INTO Intervencao( EventoID, Descricao) VALUES (546,"descricao");
INSERT INTO MedicoInterv( MedicoID, IntervID) VALUES (384,546);
INSERT INTO Evento(EventoID,Descricao, Data, Admissao, Quarto) VALUES (547, "descricao","24/9/1993 18:25:35" ,229, 228);
INSERT INTO Intervencao( EventoID, Descricao) VALUES (547,"descricao");
INSERT INTO MedicoInterv( MedicoID, IntervID) VALUES (387,547);
INSERT INTO Evento(EventoID,Descricao, Data, Admissao, Quarto) VALUES (548, "descricao","24/10/1984 5:22:22" ,192, 205);
INSERT INTO Intervencao( EventoID, Descricao) VALUES (548,"descricao");
INSERT INTO MedicoInterv( MedicoID, IntervID) VALUES (384,548);
INSERT INTO Evento(EventoID,Descricao, Data, Admissao, Quarto) VALUES (549, "descricao","24/4/2004 4:35:24" ,225, 247);
INSERT INTO Intervencao( EventoID, Descricao) VALUES (549,"descricao");
INSERT INTO MedicoInterv( MedicoID, IntervID) VALUES (401,549);
INSERT INTO Evento(EventoID,Descricao, Data, Admissao, Quarto) VALUES (550, "descricao","4/3/1997 9:25:30" ,435, 150);
INSERT INTO Intervencao( EventoID, Descricao) VALUES (550,"descricao");
INSERT INTO MedicoInterv( MedicoID, IntervID) VALUES (386,550);
INSERT INTO Evento(EventoID,Descricao, Data, Admissao, Quarto) VALUES (551, "descricao","11/11/1997 15:55:56" ,317, 171);
INSERT INTO Intervencao( EventoID, Descricao) VALUES (551,"descricao");
INSERT INTO MedicoInterv( MedicoID, IntervID) VALUES (422,551);
INSERT INTO Evento(EventoID,Descricao, Data, Admissao, Quarto) VALUES (552, "descricao","1/5/2002 13:19:47" ,173, 106);
INSERT INTO Intervencao( EventoID, Descricao) VALUES (552,"descricao");
INSERT INTO MedicoInterv( MedicoID, IntervID) VALUES (392,552);
INSERT INTO Evento(EventoID,Descricao, Data, Admissao, Quarto) VALUES (553, "descricao","19/10/1997 4:39:7" ,89, 134);
INSERT INTO Intervencao( EventoID, Descricao) VALUES (553,"descricao");
INSERT INTO MedicoInterv( MedicoID, IntervID) VALUES (419,553);
INSERT INTO Evento(EventoID,Descricao, Data, Admissao, Quarto) VALUES (554, "descricao","25/5/1993 7:53:52" ,354, 191);
INSERT INTO Intervencao( EventoID, Descricao) VALUES (554,"descricao");
INSERT INTO MedicoInterv( MedicoID, IntervID) VALUES (402,554);
INSERT INTO Evento(EventoID,Descricao, Data, Admissao, Quarto) VALUES (555, "descricao","3/10/2004 16:14:32" ,97, 235);
INSERT INTO Intervencao( EventoID, Descricao) VALUES (555,"descricao");
INSERT INTO MedicoInterv( MedicoID, IntervID) VALUES (424,555);
INSERT INTO Evento(EventoID,Descricao, Data, Admissao, Quarto) VALUES (556, "descricao","8/1/1974 23:30:58" ,7, 135);
INSERT INTO Intervencao( EventoID, Descricao) VALUES (556,"descricao");
INSERT INTO MedicoInterv( MedicoID, IntervID) VALUES (406,556);
INSERT INTO Evento(EventoID,Descricao, Data, Admissao, Quarto) VALUES (557, "descricao","13/12/1999 2:6:43" ,234, 205);
INSERT INTO Intervencao( EventoID, Descricao) VALUES (557,"descricao");
INSERT INTO MedicoInterv( MedicoID, IntervID) VALUES (383,557);
INSERT INTO Evento(EventoID,Descricao, Data, Admissao, Quarto) VALUES (558, "descricao","20/10/2017 6:0:15" ,93, 158);
INSERT INTO Intervencao( EventoID, Descricao) VALUES (558,"descricao");
INSERT INTO MedicoInterv( MedicoID, IntervID) VALUES (419,558);
INSERT INTO Evento(EventoID,Descricao, Data, Admissao, Quarto) VALUES (559, "descricao","7/12/2009 23:4:47" ,258, 154);
INSERT INTO Intervencao( EventoID, Descricao) VALUES (559,"descricao");
INSERT INTO MedicoInterv( MedicoID, IntervID) VALUES (391,559);
INSERT INTO Evento(EventoID,Descricao, Data, Admissao, Quarto) VALUES (560, "descricao","15/4/1999 0:36:31" ,321, 127);
INSERT INTO Intervencao( EventoID, Descricao) VALUES (560,"descricao");
INSERT INTO MedicoInterv( MedicoID, IntervID) VALUES (383,560);
INSERT INTO Evento(EventoID,Descricao, Data, Admissao, Quarto) VALUES (561, "descricao","27/4/2012 5:0:48" ,292, 123);
INSERT INTO Intervencao( EventoID, Descricao) VALUES (561,"descricao");
INSERT INTO MedicoInterv( MedicoID, IntervID) VALUES (390,561);
INSERT INTO Evento(EventoID,Descricao, Data, Admissao, Quarto) VALUES (562, "descricao","23/5/2019 6:54:30" ,86, 204);
INSERT INTO Intervencao( EventoID, Descricao) VALUES (562,"descricao");
INSERT INTO MedicoInterv( MedicoID, IntervID) VALUES (407,562);
INSERT INTO Evento(EventoID,Descricao, Data, Admissao, Quarto) VALUES (563, "descricao","15/10/1993 23:0:11" ,330, 225);
INSERT INTO Intervencao( EventoID, Descricao) VALUES (563,"descricao");
INSERT INTO MedicoInterv( MedicoID, IntervID) VALUES (401,563);
INSERT INTO Evento(EventoID,Descricao, Data, Admissao, Quarto) VALUES (564, "descricao","19/6/1981 3:15:43" ,47, 206);
INSERT INTO Intervencao( EventoID, Descricao) VALUES (564,"descricao");
INSERT INTO MedicoInterv( MedicoID, IntervID) VALUES (383,564);
INSERT INTO Evento(EventoID,Descricao, Data, Admissao, Quarto) VALUES (565, "descricao","23/11/1962 4:59:16" ,434, 231);
INSERT INTO Intervencao( EventoID, Descricao) VALUES (565,"descricao");
INSERT INTO MedicoInterv( MedicoID, IntervID) VALUES (393,565);
INSERT INTO Evento(EventoID,Descricao, Data, Admissao, Quarto) VALUES (566, "descricao","14/10/1987 15:7:10" ,450, 161);
INSERT INTO Intervencao( EventoID, Descricao) VALUES (566,"descricao");
INSERT INTO MedicoInterv( MedicoID, IntervID) VALUES (389,566);
INSERT INTO Evento(EventoID,Descricao, Data, Admissao, Quarto) VALUES (567, "descricao","23/9/1966 13:28:9" ,143, 164);
INSERT INTO Intervencao( EventoID, Descricao) VALUES (567,"descricao");
INSERT INTO MedicoInterv( MedicoID, IntervID) VALUES (402,567);
INSERT INTO Evento(EventoID,Descricao, Data, Admissao, Quarto) VALUES (568, "descricao","18/6/2001 21:6:2" ,116, 197);
INSERT INTO Intervencao( EventoID, Descricao) VALUES (568,"descricao");
INSERT INTO MedicoInterv( MedicoID, IntervID) VALUES (384,568);
INSERT INTO Evento(EventoID,Descricao, Data, Admissao, Quarto) VALUES (569, "descricao","4/12/1998 9:21:59" ,278, 127);
INSERT INTO Intervencao( EventoID, Descricao) VALUES (569,"descricao");
INSERT INTO MedicoInterv( MedicoID, IntervID) VALUES (395,569);
INSERT INTO Evento(EventoID,Descricao, Data, Admissao, Quarto) VALUES (570, "descricao","27/10/1960 23:7:13" ,153, 183);
INSERT INTO Intervencao( EventoID, Descricao) VALUES (570,"descricao");
INSERT INTO MedicoInterv( MedicoID, IntervID) VALUES (411,570);
INSERT INTO Evento(EventoID,Descricao, Data, Admissao, Quarto) VALUES (571, "descricao","1/6/1974 10:35:46" ,201, 241);
INSERT INTO Intervencao( EventoID, Descricao) VALUES (571,"descricao");
INSERT INTO MedicoInterv( MedicoID, IntervID) VALUES (420,571);
INSERT INTO Evento(EventoID,Descricao, Data, Admissao, Quarto) VALUES (572, "descricao","9/9/2013 13:12:58" ,370, 195);
INSERT INTO Intervencao( EventoID, Descricao) VALUES (572,"descricao");
INSERT INTO MedicoInterv( MedicoID, IntervID) VALUES (408,572);
INSERT INTO Evento(EventoID,Descricao, Data, Admissao, Quarto) VALUES (573, "descricao","11/5/1960 3:28:32" ,135, 106);
INSERT INTO Intervencao( EventoID, Descricao) VALUES (573,"descricao");
INSERT INTO MedicoInterv( MedicoID, IntervID) VALUES (408,573);
INSERT INTO Evento(EventoID,Descricao, Data, Admissao, Quarto) VALUES (574, "descricao","12/2/1994 20:55:13" ,467, 247);
INSERT INTO Intervencao( EventoID, Descricao) VALUES (574,"descricao");
INSERT INTO MedicoInterv( MedicoID, IntervID) VALUES (391,574);
INSERT INTO Evento(EventoID,Descricao, Data, Admissao, Quarto) VALUES (575, "descricao","20/8/2015 19:12:51" ,426, 248);
INSERT INTO Intervencao( EventoID, Descricao) VALUES (575,"descricao");
INSERT INTO MedicoInterv( MedicoID, IntervID) VALUES (391,575);
INSERT INTO Evento(EventoID,Descricao, Data, Admissao, Quarto) VALUES (576, "descricao","16/6/1976 18:16:5" ,240, 249);
INSERT INTO Intervencao( EventoID, Descricao) VALUES (576,"descricao");
INSERT INTO MedicoInterv( MedicoID, IntervID) VALUES (398,576);
INSERT INTO Evento(EventoID,Descricao, Data, Admissao, Quarto) VALUES (577, "descricao","21/11/1999 13:26:10" ,462, 235);
INSERT INTO Intervencao( EventoID, Descricao) VALUES (577,"descricao");
INSERT INTO MedicoInterv( MedicoID, IntervID) VALUES (403,577);
INSERT INTO Evento(EventoID,Descricao, Data, Admissao, Quarto) VALUES (578, "descricao","18/8/1962 16:26:28" ,330, 151);
INSERT INTO Intervencao( EventoID, Descricao) VALUES (578,"descricao");
INSERT INTO MedicoInterv( MedicoID, IntervID) VALUES (384,578);
INSERT INTO Evento(EventoID,Descricao, Data, Admissao, Quarto) VALUES (579, "descricao","22/12/1986 23:24:17" ,267, 100);
INSERT INTO Intervencao( EventoID, Descricao) VALUES (579,"descricao");
INSERT INTO MedicoInterv( MedicoID, IntervID) VALUES (415,579);
INSERT INTO Evento(EventoID,Descricao, Data, Admissao, Quarto) VALUES (580, "descricao","14/6/1969 11:25:2" ,248, 174);
INSERT INTO Intervencao( EventoID, Descricao) VALUES (580,"descricao");
INSERT INTO MedicoInterv( MedicoID, IntervID) VALUES (416,580);
INSERT INTO Evento(EventoID,Descricao, Data, Admissao, Quarto) VALUES (581, "descricao","7/9/1987 5:43:50" ,483, 246);
INSERT INTO Intervencao( EventoID, Descricao) VALUES (581,"descricao");
INSERT INTO MedicoInterv( MedicoID, IntervID) VALUES (414,581);
INSERT INTO Evento(EventoID,Descricao, Data, Admissao, Quarto) VALUES (582, "descricao","23/3/1976 5:7:45" ,496, 227);
INSERT INTO Intervencao( EventoID, Descricao) VALUES (582,"descricao");
INSERT INTO MedicoInterv( MedicoID, IntervID) VALUES (386,582);
INSERT INTO Evento(EventoID,Descricao, Data, Admissao, Quarto) VALUES (583, "descricao","1/1/2003 20:12:5" ,155, 242);
INSERT INTO Intervencao( EventoID, Descricao) VALUES (583,"descricao");
INSERT INTO MedicoInterv( MedicoID, IntervID) VALUES (402,583);
INSERT INTO Evento(EventoID,Descricao, Data, Admissao, Quarto) VALUES (584, "descricao","19/10/1965 7:53:50" ,180, 168);
INSERT INTO Intervencao( EventoID, Descricao) VALUES (584,"descricao");
INSERT INTO MedicoInterv( MedicoID, IntervID) VALUES (411,584);
INSERT INTO Evento(EventoID,Descricao, Data, Admissao, Quarto) VALUES (585, "descricao","24/6/1970 19:12:15" ,427, 194);
INSERT INTO Intervencao( EventoID, Descricao) VALUES (585,"descricao");
INSERT INTO MedicoInterv( MedicoID, IntervID) VALUES (419,585);
INSERT INTO Evento(EventoID,Descricao, Data, Admissao, Quarto) VALUES (586, "descricao","16/6/1972 6:20:57" ,265, 121);
INSERT INTO Intervencao( EventoID, Descricao) VALUES (586,"descricao");
INSERT INTO MedicoInterv( MedicoID, IntervID) VALUES (404,586);
INSERT INTO Evento(EventoID,Descricao, Data, Admissao, Quarto) VALUES (587, "descricao","3/1/2007 13:48:51" ,42, 171);
INSERT INTO Intervencao( EventoID, Descricao) VALUES (587,"descricao");
INSERT INTO MedicoInterv( MedicoID, IntervID) VALUES (420,587);
INSERT INTO Evento(EventoID,Descricao, Data, Admissao, Quarto) VALUES (588, "descricao","17/9/1997 14:32:13" ,408, 225);
INSERT INTO Intervencao( EventoID, Descricao) VALUES (588,"descricao");
INSERT INTO MedicoInterv( MedicoID, IntervID) VALUES (403,588);
INSERT INTO Evento(EventoID,Descricao, Data, Admissao, Quarto) VALUES (589, "descricao","17/7/1969 12:51:10" ,438, 137);
INSERT INTO Intervencao( EventoID, Descricao) VALUES (589,"descricao");
INSERT INTO MedicoInterv( MedicoID, IntervID) VALUES (404,589);
INSERT INTO Evento(EventoID,Descricao, Data, Admissao, Quarto) VALUES (590, "descricao","6/2/1964 23:48:36" ,2, 118);
INSERT INTO Intervencao( EventoID, Descricao) VALUES (590,"descricao");
INSERT INTO MedicoInterv( MedicoID, IntervID) VALUES (400,590);
INSERT INTO Evento(EventoID,Descricao, Data, Admissao, Quarto) VALUES (591, "descricao","15/9/1997 16:34:30" ,275, 240);
INSERT INTO Intervencao( EventoID, Descricao) VALUES (591,"descricao");
INSERT INTO MedicoInterv( MedicoID, IntervID) VALUES (400,591);
INSERT INTO Evento(EventoID,Descricao, Data, Admissao, Quarto) VALUES (592, "descricao","8/12/1980 6:45:12" ,353, 121);
INSERT INTO Intervencao( EventoID, Descricao) VALUES (592,"descricao");
INSERT INTO MedicoInterv( MedicoID, IntervID) VALUES (417,592);
INSERT INTO Evento(EventoID,Descricao, Data, Admissao, Quarto) VALUES (593, "descricao","17/11/2017 0:57:39" ,179, 242);
INSERT INTO Intervencao( EventoID, Descricao) VALUES (593,"descricao");
INSERT INTO MedicoInterv( MedicoID, IntervID) VALUES (386,593);
INSERT INTO Evento(EventoID,Descricao, Data, Admissao, Quarto) VALUES (594, "descricao","22/12/1978 13:10:1" ,391, 173);
INSERT INTO Intervencao( EventoID, Descricao) VALUES (594,"descricao");
INSERT INTO MedicoInterv( MedicoID, IntervID) VALUES (418,594);
INSERT INTO Evento(EventoID,Descricao, Data, Admissao, Quarto) VALUES (595, "descricao","28/12/1991 18:40:8" ,74, 200);
INSERT INTO Intervencao( EventoID, Descricao) VALUES (595,"descricao");
INSERT INTO MedicoInterv( MedicoID, IntervID) VALUES (394,595);
INSERT INTO Evento(EventoID,Descricao, Data, Admissao, Quarto) VALUES (596, "descricao","7/8/2012 12:27:38" ,149, 110);
INSERT INTO Intervencao( EventoID, Descricao) VALUES (596,"descricao");
INSERT INTO MedicoInterv( MedicoID, IntervID) VALUES (422,596);
INSERT INTO Evento(EventoID,Descricao, Data, Admissao, Quarto) VALUES (597, "descricao","28/5/1974 0:46:33" ,40, 180);
INSERT INTO Intervencao( EventoID, Descricao) VALUES (597,"descricao");
INSERT INTO MedicoInterv( MedicoID, IntervID) VALUES (423,597);
INSERT INTO Evento(EventoID,Descricao, Data, Admissao, Quarto) VALUES (598, "descricao","28/2/1998 13:34:0" ,76, 226);
INSERT INTO Intervencao( EventoID, Descricao) VALUES (598,"descricao");
INSERT INTO MedicoInterv( MedicoID, IntervID) VALUES (395,598);
INSERT INTO Evento(EventoID,Descricao, Data, Admissao, Quarto) VALUES (599, "descricao","18/5/1979 8:19:57" ,78, 219);
INSERT INTO Intervencao( EventoID, Descricao) VALUES (599,"descricao");
INSERT INTO MedicoInterv( MedicoID, IntervID) VALUES (408,599);
INSERT INTO Evento(EventoID,Descricao, Data, Admissao, Quarto) VALUES (600, "descricao","21/10/2006 1:27:32" ,69, 177);
INSERT INTO Intervencao( EventoID, Descricao) VALUES (600,"descricao");
INSERT INTO MedicoInterv( MedicoID, IntervID) VALUES (424,600);
INSERT INTO Evento(EventoID,Descricao, Data, Admissao, Quarto) VALUES (601, "descricao","14/7/1965 12:16:47" ,431, 183);
INSERT INTO Intervencao( EventoID, Descricao) VALUES (601,"descricao");
INSERT INTO MedicoInterv( MedicoID, IntervID) VALUES (421,601);
INSERT INTO Evento(EventoID,Descricao, Data, Admissao, Quarto) VALUES (602, "descricao","24/6/1999 14:49:28" ,400, 145);
INSERT INTO Intervencao( EventoID, Descricao) VALUES (602,"descricao");
INSERT INTO MedicoInterv( MedicoID, IntervID) VALUES (423,602);
INSERT INTO Evento(EventoID,Descricao, Data, Admissao, Quarto) VALUES (603, "descricao","1/8/2007 11:13:19" ,315, 138);
INSERT INTO Intervencao( EventoID, Descricao) VALUES (603,"descricao");
INSERT INTO MedicoInterv( MedicoID, IntervID) VALUES (388,603);
INSERT INTO Evento(EventoID,Descricao, Data, Admissao, Quarto) VALUES (604, "descricao","21/7/1991 22:37:40" ,448, 133);
INSERT INTO Intervencao( EventoID, Descricao) VALUES (604,"descricao");
INSERT INTO MedicoInterv( MedicoID, IntervID) VALUES (392,604);
INSERT INTO Evento(EventoID,Descricao, Data, Admissao, Quarto) VALUES (605, "descricao","18/12/1967 3:7:59" ,419, 177);
INSERT INTO Intervencao( EventoID, Descricao) VALUES (605,"descricao");
INSERT INTO MedicoInterv( MedicoID, IntervID) VALUES (400,605);
INSERT INTO Evento(EventoID,Descricao, Data, Admissao, Quarto) VALUES (606, "descricao","4/2/1975 16:44:2" ,131, 187);
INSERT INTO Intervencao( EventoID, Descricao) VALUES (606,"descricao");
INSERT INTO MedicoInterv( MedicoID, IntervID) VALUES (389,606);
INSERT INTO Evento(EventoID,Descricao, Data, Admissao, Quarto) VALUES (607, "descricao","27/6/1982 7:24:2" ,110, 147);
INSERT INTO Intervencao( EventoID, Descricao) VALUES (607,"descricao");
INSERT INTO MedicoInterv( MedicoID, IntervID) VALUES (406,607);
INSERT INTO Evento(EventoID,Descricao, Data, Admissao, Quarto) VALUES (608, "descricao","27/3/2002 21:52:34" ,310, 123);
INSERT INTO Intervencao( EventoID, Descricao) VALUES (608,"descricao");
INSERT INTO MedicoInterv( MedicoID, IntervID) VALUES (408,608);
INSERT INTO Evento(EventoID,Descricao, Data, Admissao, Quarto) VALUES (609, "descricao","28/1/2005 9:12:22" ,249, 143);
INSERT INTO Intervencao( EventoID, Descricao) VALUES (609,"descricao");
INSERT INTO MedicoInterv( MedicoID, IntervID) VALUES (411,609);
INSERT INTO Evento(EventoID,Descricao, Data, Admissao, Quarto) VALUES (610, "descricao","27/3/2008 4:27:38" ,349, 188);
INSERT INTO Intervencao( EventoID, Descricao) VALUES (610,"descricao");
INSERT INTO MedicoInterv( MedicoID, IntervID) VALUES (385,610);
INSERT INTO Evento(EventoID,Descricao, Data, Admissao, Quarto) VALUES (611, "descricao","21/7/2018 15:3:22" ,308, 141);
INSERT INTO Intervencao( EventoID, Descricao) VALUES (611,"descricao");
INSERT INTO MedicoInterv( MedicoID, IntervID) VALUES (409,611);
INSERT INTO Evento(EventoID,Descricao, Data, Admissao, Quarto) VALUES (612, "descricao","28/11/2016 16:50:1" ,319, 235);
INSERT INTO Intervencao( EventoID, Descricao) VALUES (612,"descricao");
INSERT INTO MedicoInterv( MedicoID, IntervID) VALUES (399,612);
INSERT INTO Evento(EventoID,Descricao, Data, Admissao, Quarto) VALUES (613, "descricao","14/2/1960 8:25:55" ,51, 232);
INSERT INTO Intervencao( EventoID, Descricao) VALUES (613,"descricao");
INSERT INTO MedicoInterv( MedicoID, IntervID) VALUES (387,613);
INSERT INTO Evento(EventoID,Descricao, Data, Admissao, Quarto) VALUES (614, "descricao","19/2/1969 7:41:33" ,190, 216);
INSERT INTO Intervencao( EventoID, Descricao) VALUES (614,"descricao");
INSERT INTO MedicoInterv( MedicoID, IntervID) VALUES (403,614);
INSERT INTO Evento(EventoID,Descricao, Data, Admissao, Quarto) VALUES (615, "descricao","19/2/1961 0:8:49" ,112, 181);
INSERT INTO Intervencao( EventoID, Descricao) VALUES (615,"descricao");
INSERT INTO MedicoInterv( MedicoID, IntervID) VALUES (399,615);
INSERT INTO Evento(EventoID,Descricao, Data, Admissao, Quarto) VALUES (616, "descricao","28/10/1985 5:39:4" ,303, 223);
INSERT INTO Intervencao( EventoID, Descricao) VALUES (616,"descricao");
INSERT INTO MedicoInterv( MedicoID, IntervID) VALUES (416,616);
INSERT INTO Evento(EventoID,Descricao, Data, Admissao, Quarto) VALUES (617, "descricao","19/1/1988 17:1:36" ,133, 119);
INSERT INTO Intervencao( EventoID, Descricao) VALUES (617,"descricao");
INSERT INTO MedicoInterv( MedicoID, IntervID) VALUES (394,617);
INSERT INTO Evento(EventoID,Descricao, Data, Admissao, Quarto) VALUES (618, "descricao","26/9/1960 6:42:53" ,65, 211);
INSERT INTO Intervencao( EventoID, Descricao) VALUES (618,"descricao");
INSERT INTO MedicoInterv( MedicoID, IntervID) VALUES (407,618);
INSERT INTO Evento(EventoID,Descricao, Data, Admissao, Quarto) VALUES (619, "descricao","12/4/1979 15:1:12" ,102, 175);
INSERT INTO Intervencao( EventoID, Descricao) VALUES (619,"descricao");
INSERT INTO MedicoInterv( MedicoID, IntervID) VALUES (423,619);
INSERT INTO Evento(EventoID,Descricao, Data, Admissao, Quarto) VALUES (620, "descricao","18/12/2014 11:10:44" ,223, 182);
INSERT INTO Intervencao( EventoID, Descricao) VALUES (620,"descricao");
INSERT INTO MedicoInterv( MedicoID, IntervID) VALUES (383,620);
INSERT INTO Evento(EventoID,Descricao, Data, Admissao, Quarto) VALUES (621, "descricao","15/8/1995 13:58:33" ,88, 246);
INSERT INTO Intervencao( EventoID, Descricao) VALUES (621,"descricao");
INSERT INTO MedicoInterv( MedicoID, IntervID) VALUES (421,621);
INSERT INTO Evento(EventoID,Descricao, Data, Admissao, Quarto) VALUES (622, "descricao","10/10/1970 21:35:56" ,283, 184);
INSERT INTO Intervencao( EventoID, Descricao) VALUES (622,"descricao");
INSERT INTO MedicoInterv( MedicoID, IntervID) VALUES (402,622);
INSERT INTO Evento(EventoID,Descricao, Data, Admissao, Quarto) VALUES (623, "descricao","28/5/2004 23:2:43" ,73, 205);
INSERT INTO Intervencao( EventoID, Descricao) VALUES (623,"descricao");
INSERT INTO MedicoInterv( MedicoID, IntervID) VALUES (385,623);
INSERT INTO Evento(EventoID,Descricao, Data, Admissao, Quarto) VALUES (624, "descricao","5/5/1963 18:8:44" ,485, 141);
INSERT INTO Intervencao( EventoID, Descricao) VALUES (624,"descricao");
INSERT INTO MedicoInterv( MedicoID, IntervID) VALUES (416,624);
INSERT INTO Evento(EventoID,Descricao, Data, Admissao, Quarto) VALUES (625, "descricao","22/4/1973 9:10:24" ,361, 138);
INSERT INTO Intervencao( EventoID, Descricao) VALUES (625,"descricao");
INSERT INTO MedicoInterv( MedicoID, IntervID) VALUES (407,625);
INSERT INTO Evento(EventoID,Descricao, Data, Admissao, Quarto) VALUES (626, "descricao","10/11/1966 2:26:3" ,210, 172);
INSERT INTO Intervencao( EventoID, Descricao) VALUES (626,"descricao");
INSERT INTO MedicoInterv( MedicoID, IntervID) VALUES (386,626);
INSERT INTO Evento(EventoID,Descricao, Data, Admissao, Quarto) VALUES (627, "descricao","21/4/1991 6:16:32" ,281, 208);
INSERT INTO Intervencao( EventoID, Descricao) VALUES (627,"descricao");
INSERT INTO MedicoInterv( MedicoID, IntervID) VALUES (398,627);
INSERT INTO Evento(EventoID,Descricao, Data, Admissao, Quarto) VALUES (628, "descricao","2/7/1998 5:53:12" ,10, 175);
INSERT INTO Intervencao( EventoID, Descricao) VALUES (628,"descricao");
INSERT INTO MedicoInterv( MedicoID, IntervID) VALUES (407,628);
INSERT INTO Evento(EventoID,Descricao, Data, Admissao, Quarto) VALUES (629, "descricao","7/12/2017 11:33:36" ,4, 109);
INSERT INTO Intervencao( EventoID, Descricao) VALUES (629,"descricao");
INSERT INTO MedicoInterv( MedicoID, IntervID) VALUES (396,629);
INSERT INTO Evento(EventoID,Descricao, Data, Admissao, Quarto) VALUES (630, "descricao","10/11/1969 12:8:15" ,471, 207);
INSERT INTO Intervencao( EventoID, Descricao) VALUES (630,"descricao");
INSERT INTO MedicoInterv( MedicoID, IntervID) VALUES (421,630);
INSERT INTO Evento(EventoID,Descricao, Data, Admissao, Quarto) VALUES (631, "descricao","21/4/1965 19:18:58" ,336, 236);
INSERT INTO Intervencao( EventoID, Descricao) VALUES (631,"descricao");
INSERT INTO MedicoInterv( MedicoID, IntervID) VALUES (411,631);
INSERT INTO Evento(EventoID,Descricao, Data, Admissao, Quarto) VALUES (632, "descricao","11/11/2018 4:13:2" ,341, 137);
INSERT INTO Intervencao( EventoID, Descricao) VALUES (632,"descricao");
INSERT INTO MedicoInterv( MedicoID, IntervID) VALUES (385,632);
INSERT INTO Evento(EventoID,Descricao, Data, Admissao, Quarto) VALUES (633, "descricao","19/2/1974 9:1:8" ,57, 245);
INSERT INTO Intervencao( EventoID, Descricao) VALUES (633,"descricao");
INSERT INTO MedicoInterv( MedicoID, IntervID) VALUES (391,633);
INSERT INTO Evento(EventoID,Descricao, Data, Admissao, Quarto) VALUES (634, "descricao","18/5/1974 21:41:50" ,62, 178);
INSERT INTO Intervencao( EventoID, Descricao) VALUES (634,"descricao");
INSERT INTO MedicoInterv( MedicoID, IntervID) VALUES (417,634);
INSERT INTO Evento(EventoID,Descricao, Data, Admissao, Quarto) VALUES (635, "descricao","19/3/1970 1:25:10" ,57, 114);
INSERT INTO Intervencao( EventoID, Descricao) VALUES (635,"descricao");
INSERT INTO MedicoInterv( MedicoID, IntervID) VALUES (420,635);
INSERT INTO Evento(EventoID,Descricao, Data, Admissao, Quarto) VALUES (636, "descricao","8/8/2017 2:27:22" ,223, 185);
INSERT INTO Intervencao( EventoID, Descricao) VALUES (636,"descricao");
INSERT INTO MedicoInterv( MedicoID, IntervID) VALUES (414,636);
INSERT INTO Evento(EventoID,Descricao, Data, Admissao, Quarto) VALUES (637, "descricao","20/7/2001 6:27:32" ,399, 176);
INSERT INTO Intervencao( EventoID, Descricao) VALUES (637,"descricao");
INSERT INTO MedicoInterv( MedicoID, IntervID) VALUES (410,637);
INSERT INTO Evento(EventoID,Descricao, Data, Admissao, Quarto) VALUES (638, "descricao","27/6/1986 18:3:46" ,374, 116);
INSERT INTO Intervencao( EventoID, Descricao) VALUES (638,"descricao");
INSERT INTO MedicoInterv( MedicoID, IntervID) VALUES (406,638);
INSERT INTO Evento(EventoID,Descricao, Data, Admissao, Quarto) VALUES (639, "descricao","6/6/1962 5:2:16" ,262, 248);
INSERT INTO Intervencao( EventoID, Descricao) VALUES (639,"descricao");
INSERT INTO MedicoInterv( MedicoID, IntervID) VALUES (391,639);
INSERT INTO Evento(EventoID,Descricao, Data, Admissao, Quarto) VALUES (640, "descricao","14/11/2001 2:33:19" ,79, 150);
INSERT INTO Intervencao( EventoID, Descricao) VALUES (640,"descricao");
INSERT INTO MedicoInterv( MedicoID, IntervID) VALUES (406,640);
INSERT INTO Evento(EventoID,Descricao, Data, Admissao, Quarto) VALUES (641, "descricao","5/2/2010 1:4:28" ,67, 230);
INSERT INTO Intervencao( EventoID, Descricao) VALUES (641,"descricao");
INSERT INTO MedicoInterv( MedicoID, IntervID) VALUES (425,641);
INSERT INTO Evento(EventoID,Descricao, Data, Admissao, Quarto) VALUES (642, "descricao","2/4/1989 15:18:39" ,224, 123);
INSERT INTO Intervencao( EventoID, Descricao) VALUES (642,"descricao");
INSERT INTO MedicoInterv( MedicoID, IntervID) VALUES (388,642);
INSERT INTO Evento(EventoID,Descricao, Data, Admissao, Quarto) VALUES (643, "descricao","11/12/2000 5:51:12" ,188, 129);
INSERT INTO Intervencao( EventoID, Descricao) VALUES (643,"descricao");
INSERT INTO MedicoInterv( MedicoID, IntervID) VALUES (425,643);
INSERT INTO Evento(EventoID,Descricao, Data, Admissao, Quarto) VALUES (644, "descricao","4/6/2010 11:6:49" ,204, 123);
INSERT INTO Intervencao( EventoID, Descricao) VALUES (644,"descricao");
INSERT INTO MedicoInterv( MedicoID, IntervID) VALUES (414,644);
INSERT INTO Evento(EventoID,Descricao, Data, Admissao, Quarto) VALUES (645, "descricao","28/9/1975 5:46:35" ,275, 186);
INSERT INTO Intervencao( EventoID, Descricao) VALUES (645,"descricao");
INSERT INTO MedicoInterv( MedicoID, IntervID) VALUES (414,645);
INSERT INTO Evento(EventoID,Descricao, Data, Admissao, Quarto) VALUES (646, "descricao","19/12/2004 11:21:30" ,446, 202);
INSERT INTO Intervencao( EventoID, Descricao) VALUES (646,"descricao");
INSERT INTO MedicoInterv( MedicoID, IntervID) VALUES (421,646);
INSERT INTO Evento(EventoID,Descricao, Data, Admissao, Quarto) VALUES (647, "descricao","5/2/1992 17:5:31" ,120, 121);
INSERT INTO Intervencao( EventoID, Descricao) VALUES (647,"descricao");
INSERT INTO MedicoInterv( MedicoID, IntervID) VALUES (394,647);
INSERT INTO Evento(EventoID,Descricao, Data, Admissao, Quarto) VALUES (648, "descricao","16/5/1996 15:49:44" ,480, 197);
INSERT INTO Intervencao( EventoID, Descricao) VALUES (648,"descricao");
INSERT INTO MedicoInterv( MedicoID, IntervID) VALUES (416,648);
INSERT INTO Evento(EventoID,Descricao, Data, Admissao, Quarto) VALUES (649, "descricao","20/8/1995 11:18:32" ,92, 150);
INSERT INTO Intervencao( EventoID, Descricao) VALUES (649,"descricao");
INSERT INTO MedicoInterv( MedicoID, IntervID) VALUES (423,649);
INSERT INTO Evento(EventoID,Descricao, Data, Admissao, Quarto) VALUES (650, "descricao","10/9/1982 19:24:25" ,387, 117);
INSERT INTO Intervencao( EventoID, Descricao) VALUES (650,"descricao");
INSERT INTO MedicoInterv( MedicoID, IntervID) VALUES (415,650);
INSERT INTO Evento(EventoID,Descricao, Data, Admissao, Quarto) VALUES (651, "descricao","23/4/2008 15:14:18" ,292, 129);
INSERT INTO Intervencao( EventoID, Descricao) VALUES (651,"descricao");
INSERT INTO MedicoInterv( MedicoID, IntervID) VALUES (387,651);
INSERT INTO Evento(EventoID,Descricao, Data, Admissao, Quarto) VALUES (652, "descricao","28/4/1982 0:34:11" ,263, 193);
INSERT INTO Intervencao( EventoID, Descricao) VALUES (652,"descricao");
INSERT INTO MedicoInterv( MedicoID, IntervID) VALUES (397,652);
INSERT INTO Evento(EventoID,Descricao, Data, Admissao, Quarto) VALUES (653, "descricao","21/7/2006 9:23:48" ,8, 220);
INSERT INTO Intervencao( EventoID, Descricao) VALUES (653,"descricao");
INSERT INTO MedicoInterv( MedicoID, IntervID) VALUES (405,653);
INSERT INTO Evento(EventoID,Descricao, Data, Admissao, Quarto) VALUES (654, "descricao","9/3/1995 23:59:7" ,479, 165);
INSERT INTO Intervencao( EventoID, Descricao) VALUES (654,"descricao");
INSERT INTO MedicoInterv( MedicoID, IntervID) VALUES (405,654);
INSERT INTO Evento(EventoID,Descricao, Data, Admissao, Quarto) VALUES (655, "descricao","7/12/2016 21:38:25" ,176, 189);
INSERT INTO Intervencao( EventoID, Descricao) VALUES (655,"descricao");
INSERT INTO MedicoInterv( MedicoID, IntervID) VALUES (420,655);
INSERT INTO Evento(EventoID,Descricao, Data, Admissao, Quarto) VALUES (656, "descricao","13/2/2013 10:32:20" ,305, 144);
INSERT INTO Intervencao( EventoID, Descricao) VALUES (656,"descricao");
INSERT INTO MedicoInterv( MedicoID, IntervID) VALUES (403,656);
INSERT INTO Evento(EventoID,Descricao, Data, Admissao, Quarto) VALUES (657, "descricao","5/9/1993 4:43:29" ,454, 106);
INSERT INTO Intervencao( EventoID, Descricao) VALUES (657,"descricao");
INSERT INTO MedicoInterv( MedicoID, IntervID) VALUES (398,657);
INSERT INTO Evento(EventoID,Descricao, Data, Admissao, Quarto) VALUES (658, "descricao","12/8/1980 20:29:39" ,146, 177);
INSERT INTO Intervencao( EventoID, Descricao) VALUES (658,"descricao");
INSERT INTO MedicoInterv( MedicoID, IntervID) VALUES (405,658);
INSERT INTO Evento(EventoID,Descricao, Data, Admissao, Quarto) VALUES (659, "descricao","27/6/1968 1:23:35" ,477, 101);
INSERT INTO Intervencao( EventoID, Descricao) VALUES (659,"descricao");
INSERT INTO MedicoInterv( MedicoID, IntervID) VALUES (386,659);
INSERT INTO Evento(EventoID,Descricao, Data, Admissao, Quarto) VALUES (660, "descricao","10/4/1997 23:3:17" ,31, 190);
INSERT INTO Intervencao( EventoID, Descricao) VALUES (660,"descricao");
INSERT INTO MedicoInterv( MedicoID, IntervID) VALUES (411,660);
INSERT INTO Evento(EventoID,Descricao, Data, Admissao, Quarto) VALUES (661, "descricao","20/1/1986 8:13:0" ,284, 110);
INSERT INTO Intervencao( EventoID, Descricao) VALUES (661,"descricao");
INSERT INTO MedicoInterv( MedicoID, IntervID) VALUES (385,661);
INSERT INTO Evento(EventoID,Descricao, Data, Admissao, Quarto) VALUES (662, "descricao","19/1/1965 14:6:34" ,335, 216);
INSERT INTO Intervencao( EventoID, Descricao) VALUES (662,"descricao");
INSERT INTO MedicoInterv( MedicoID, IntervID) VALUES (415,662);
INSERT INTO Evento(EventoID,Descricao, Data, Admissao, Quarto) VALUES (663, "descricao","27/12/1977 1:5:33" ,99, 128);
INSERT INTO Intervencao( EventoID, Descricao) VALUES (663,"descricao");
INSERT INTO MedicoInterv( MedicoID, IntervID) VALUES (384,663);
INSERT INTO Evento(EventoID,Descricao, Data, Admissao, Quarto) VALUES (664, "descricao","16/5/1978 2:43:7" ,455, 233);
INSERT INTO Intervencao( EventoID, Descricao) VALUES (664,"descricao");
INSERT INTO MedicoInterv( MedicoID, IntervID) VALUES (383,664);
INSERT INTO Evento(EventoID,Descricao, Data, Admissao, Quarto) VALUES (665, "descricao","13/8/1963 12:51:23" ,236, 162);
INSERT INTO Intervencao( EventoID, Descricao) VALUES (665,"descricao");
INSERT INTO MedicoInterv( MedicoID, IntervID) VALUES (405,665);
INSERT INTO Evento(EventoID,Descricao, Data, Admissao, Quarto) VALUES (666, "descricao","22/4/1978 8:28:6" ,81, 116);
INSERT INTO Intervencao( EventoID, Descricao) VALUES (666,"descricao");
INSERT INTO MedicoInterv( MedicoID, IntervID) VALUES (416,666);
INSERT INTO Evento(EventoID,Descricao, Data, Admissao, Quarto) VALUES (667, "descricao","28/1/2006 14:56:4" ,350, 159);
INSERT INTO Intervencao( EventoID, Descricao) VALUES (667,"descricao");
INSERT INTO MedicoInterv( MedicoID, IntervID) VALUES (423,667);
INSERT INTO Evento(EventoID,Descricao, Data, Admissao, Quarto) VALUES (668, "descricao","5/5/1966 11:28:32" ,373, 195);
INSERT INTO Intervencao( EventoID, Descricao) VALUES (668,"descricao");
INSERT INTO MedicoInterv( MedicoID, IntervID) VALUES (411,668);
INSERT INTO Evento(EventoID,Descricao, Data, Admissao, Quarto) VALUES (669, "descricao","2/5/2018 0:28:36" ,341, 210);
INSERT INTO Intervencao( EventoID, Descricao) VALUES (669,"descricao");
INSERT INTO MedicoInterv( MedicoID, IntervID) VALUES (414,669);
INSERT INTO Evento(EventoID,Descricao, Data, Admissao, Quarto) VALUES (670, "descricao","20/9/2009 8:31:40" ,116, 154);
INSERT INTO Intervencao( EventoID, Descricao) VALUES (670,"descricao");
INSERT INTO MedicoInterv( MedicoID, IntervID) VALUES (393,670);
INSERT INTO Evento(EventoID,Descricao, Data, Admissao, Quarto) VALUES (671, "descricao","1/3/2017 7:38:15" ,495, 246);
INSERT INTO Intervencao( EventoID, Descricao) VALUES (671,"descricao");
INSERT INTO MedicoInterv( MedicoID, IntervID) VALUES (418,671);
INSERT INTO Evento(EventoID,Descricao, Data, Admissao, Quarto) VALUES (672, "descricao","23/10/2005 23:43:16" ,485, 149);
INSERT INTO Intervencao( EventoID, Descricao) VALUES (672,"descricao");
INSERT INTO MedicoInterv( MedicoID, IntervID) VALUES (396,672);
INSERT INTO Evento(EventoID,Descricao, Data, Admissao, Quarto) VALUES (673, "descricao","8/11/2008 15:26:3" ,215, 239);
INSERT INTO Intervencao( EventoID, Descricao) VALUES (673,"descricao");
INSERT INTO MedicoInterv( MedicoID, IntervID) VALUES (425,673);
INSERT INTO Evento(EventoID,Descricao, Data, Admissao, Quarto) VALUES (674, "descricao","13/7/2016 15:34:55" ,104, 229);
INSERT INTO Intervencao( EventoID, Descricao) VALUES (674,"descricao");
INSERT INTO MedicoInterv( MedicoID, IntervID) VALUES (425,674);
INSERT INTO Evento(EventoID,Descricao, Data, Admissao, Quarto) VALUES (675, "descricao","20/2/1976 5:11:20" ,27, 177);
INSERT INTO Intervencao( EventoID, Descricao) VALUES (675,"descricao");
INSERT INTO MedicoInterv( MedicoID, IntervID) VALUES (385,675);
INSERT INTO Evento(EventoID,Descricao, Data, Admissao, Quarto) VALUES (676, "descricao","28/7/2018 23:13:57" ,395, 202);
INSERT INTO Intervencao( EventoID, Descricao) VALUES (676,"descricao");
INSERT INTO MedicoInterv( MedicoID, IntervID) VALUES (400,676);
INSERT INTO Evento(EventoID,Descricao, Data, Admissao, Quarto) VALUES (677, "descricao","18/3/1965 7:19:26" ,427, 202);
INSERT INTO Intervencao( EventoID, Descricao) VALUES (677,"descricao");
INSERT INTO MedicoInterv( MedicoID, IntervID) VALUES (396,677);
INSERT INTO Evento(EventoID,Descricao, Data, Admissao, Quarto) VALUES (678, "descricao","8/7/1966 18:14:51" ,146, 168);
INSERT INTO Intervencao( EventoID, Descricao) VALUES (678,"descricao");
INSERT INTO MedicoInterv( MedicoID, IntervID) VALUES (394,678);
INSERT INTO Evento(EventoID,Descricao, Data, Admissao, Quarto) VALUES (679, "descricao","4/5/2011 13:16:57" ,333, 200);
INSERT INTO Intervencao( EventoID, Descricao) VALUES (679,"descricao");
INSERT INTO MedicoInterv( MedicoID, IntervID) VALUES (407,679);
INSERT INTO Evento(EventoID,Descricao, Data, Admissao, Quarto) VALUES (680, "descricao","19/11/1970 4:15:27" ,332, 244);
INSERT INTO Intervencao( EventoID, Descricao) VALUES (680,"descricao");
INSERT INTO MedicoInterv( MedicoID, IntervID) VALUES (389,680);
INSERT INTO Evento(EventoID,Descricao, Data, Admissao, Quarto) VALUES (681, "descricao","5/8/2016 22:21:20" ,260, 109);
INSERT INTO Intervencao( EventoID, Descricao) VALUES (681,"descricao");
INSERT INTO MedicoInterv( MedicoID, IntervID) VALUES (383,681);
INSERT INTO Evento(EventoID,Descricao, Data, Admissao, Quarto) VALUES (682, "descricao","18/5/1985 21:30:44" ,470, 133);
INSERT INTO Intervencao( EventoID, Descricao) VALUES (682,"descricao");
INSERT INTO MedicoInterv( MedicoID, IntervID) VALUES (424,682);
INSERT INTO Evento(EventoID,Descricao, Data, Admissao, Quarto) VALUES (683, "descricao","12/8/1975 21:31:22" ,368, 147);
INSERT INTO Intervencao( EventoID, Descricao) VALUES (683,"descricao");
INSERT INTO MedicoInterv( MedicoID, IntervID) VALUES (404,683);
INSERT INTO Evento(EventoID,Descricao, Data, Admissao, Quarto) VALUES (684, "descricao","28/3/1998 13:10:51" ,202, 152);
INSERT INTO Intervencao( EventoID, Descricao) VALUES (684,"descricao");
INSERT INTO MedicoInterv( MedicoID, IntervID) VALUES (390,684);
INSERT INTO Evento(EventoID,Descricao, Data, Admissao, Quarto) VALUES (685, "descricao","10/2/1981 6:36:28" ,441, 154);
INSERT INTO Intervencao( EventoID, Descricao) VALUES (685,"descricao");
INSERT INTO MedicoInterv( MedicoID, IntervID) VALUES (399,685);
INSERT INTO Evento(EventoID,Descricao, Data, Admissao, Quarto) VALUES (686, "descricao","1/3/2013 8:41:54" ,452, 189);
INSERT INTO Intervencao( EventoID, Descricao) VALUES (686,"descricao");
INSERT INTO MedicoInterv( MedicoID, IntervID) VALUES (410,686);
INSERT INTO Evento(EventoID,Descricao, Data, Admissao, Quarto) VALUES (687, "descricao","14/6/1988 5:9:53" ,244, 129);
INSERT INTO Intervencao( EventoID, Descricao) VALUES (687,"descricao");
INSERT INTO MedicoInterv( MedicoID, IntervID) VALUES (424,687);
INSERT INTO Evento(EventoID,Descricao, Data, Admissao, Quarto) VALUES (688, "descricao","10/5/1973 19:10:15" ,357, 206);
INSERT INTO Intervencao( EventoID, Descricao) VALUES (688,"descricao");
INSERT INTO MedicoInterv( MedicoID, IntervID) VALUES (387,688);
INSERT INTO Evento(EventoID,Descricao, Data, Admissao, Quarto) VALUES (689, "descricao","26/6/1977 7:38:4" ,55, 139);
INSERT INTO Intervencao( EventoID, Descricao) VALUES (689,"descricao");
INSERT INTO MedicoInterv( MedicoID, IntervID) VALUES (415,689);
INSERT INTO Evento(EventoID,Descricao, Data, Admissao, Quarto) VALUES (690, "descricao","10/12/1980 1:44:59" ,195, 105);
INSERT INTO Intervencao( EventoID, Descricao) VALUES (690,"descricao");
INSERT INTO MedicoInterv( MedicoID, IntervID) VALUES (389,690);
INSERT INTO Evento(EventoID,Descricao, Data, Admissao, Quarto) VALUES (691, "descricao","24/10/1994 4:13:12" ,480, 122);
INSERT INTO Intervencao( EventoID, Descricao) VALUES (691,"descricao");
INSERT INTO MedicoInterv( MedicoID, IntervID) VALUES (425,691);
INSERT INTO Evento(EventoID,Descricao, Data, Admissao, Quarto) VALUES (692, "descricao","3/7/1987 19:49:37" ,256, 195);
INSERT INTO Intervencao( EventoID, Descricao) VALUES (692,"descricao");
INSERT INTO MedicoInterv( MedicoID, IntervID) VALUES (404,692);
INSERT INTO Evento(EventoID,Descricao, Data, Admissao, Quarto) VALUES (693, "descricao","28/11/1986 15:56:50" ,435, 220);
INSERT INTO Intervencao( EventoID, Descricao) VALUES (693,"descricao");
INSERT INTO MedicoInterv( MedicoID, IntervID) VALUES (412,693);
INSERT INTO Evento(EventoID,Descricao, Data, Admissao, Quarto) VALUES (694, "descricao","9/12/2001 1:15:30" ,148, 248);
INSERT INTO Intervencao( EventoID, Descricao) VALUES (694,"descricao");
INSERT INTO MedicoInterv( MedicoID, IntervID) VALUES (388,694);
INSERT INTO Evento(EventoID,Descricao, Data, Admissao, Quarto) VALUES (695, "descricao","4/6/1960 1:41:44" ,423, 101);
INSERT INTO Intervencao( EventoID, Descricao) VALUES (695,"descricao");
INSERT INTO MedicoInterv( MedicoID, IntervID) VALUES (421,695);
INSERT INTO Evento(EventoID,Descricao, Data, Admissao, Quarto) VALUES (696, "descricao","8/7/1971 0:24:15" ,302, 141);
INSERT INTO Intervencao( EventoID, Descricao) VALUES (696,"descricao");
INSERT INTO MedicoInterv( MedicoID, IntervID) VALUES (397,696);
INSERT INTO Evento(EventoID,Descricao, Data, Admissao, Quarto) VALUES (697, "descricao","10/12/1970 23:53:21" ,436, 214);
INSERT INTO Intervencao( EventoID, Descricao) VALUES (697,"descricao");
INSERT INTO MedicoInterv( MedicoID, IntervID) VALUES (409,697);
INSERT INTO Evento(EventoID,Descricao, Data, Admissao, Quarto) VALUES (698, "descricao","4/6/2007 1:36:30" ,135, 178);
INSERT INTO Intervencao( EventoID, Descricao) VALUES (698,"descricao");
INSERT INTO MedicoInterv( MedicoID, IntervID) VALUES (425,698);
INSERT INTO Evento(EventoID,Descricao, Data, Admissao, Quarto) VALUES (699, "descricao","20/8/1964 3:17:56" ,105, 117);
INSERT INTO Intervencao( EventoID, Descricao) VALUES (699,"descricao");
INSERT INTO MedicoInterv( MedicoID, IntervID) VALUES (386,699);
INSERT INTO Evento(EventoID,Descricao, Data, Admissao, Quarto) VALUES (700, "descricao","19/3/2016 14:36:23" ,406, 140);
INSERT INTO Intervencao( EventoID, Descricao) VALUES (700,"descricao");
INSERT INTO MedicoInterv( MedicoID, IntervID) VALUES (415,700);
INSERT INTO Evento(EventoID,Descricao, Data, Admissao, Quarto) VALUES (701, "descricao","28/2/1978 12:50:20" ,295, 240);
INSERT INTO Intervencao( EventoID, Descricao) VALUES (701,"descricao");
INSERT INTO MedicoInterv( MedicoID, IntervID) VALUES (417,701);
INSERT INTO Evento(EventoID,Descricao, Data, Admissao, Quarto) VALUES (702, "descricao","8/9/1968 15:39:31" ,395, 209);
INSERT INTO Intervencao( EventoID, Descricao) VALUES (702,"descricao");
INSERT INTO MedicoInterv( MedicoID, IntervID) VALUES (405,702);
INSERT INTO Evento(EventoID,Descricao, Data, Admissao, Quarto) VALUES (703, "descricao","1/7/1988 21:32:13" ,224, 205);
INSERT INTO Intervencao( EventoID, Descricao) VALUES (703,"descricao");
INSERT INTO MedicoInterv( MedicoID, IntervID) VALUES (394,703);
INSERT INTO Evento(EventoID,Descricao, Data, Admissao, Quarto) VALUES (704, "descricao","12/12/1991 2:44:10" ,452, 195);
INSERT INTO Intervencao( EventoID, Descricao) VALUES (704,"descricao");
INSERT INTO MedicoInterv( MedicoID, IntervID) VALUES (390,704);
INSERT INTO Evento(EventoID,Descricao, Data, Admissao, Quarto) VALUES (705, "descricao","6/6/2009 7:21:34" ,289, 241);
INSERT INTO Intervencao( EventoID, Descricao) VALUES (705,"descricao");
INSERT INTO MedicoInterv( MedicoID, IntervID) VALUES (385,705);
INSERT INTO Evento(EventoID,Descricao, Data, Admissao, Quarto) VALUES (706, "descricao","24/1/1962 13:9:10" ,144, 172);
INSERT INTO Intervencao( EventoID, Descricao) VALUES (706,"descricao");
INSERT INTO MedicoInterv( MedicoID, IntervID) VALUES (416,706);
INSERT INTO Evento(EventoID,Descricao, Data, Admissao, Quarto) VALUES (707, "descricao","24/7/1973 6:23:40" ,172, 110);
INSERT INTO Intervencao( EventoID, Descricao) VALUES (707,"descricao");
INSERT INTO MedicoInterv( MedicoID, IntervID) VALUES (383,707);
INSERT INTO Evento(EventoID,Descricao, Data, Admissao, Quarto) VALUES (708, "descricao","24/5/1986 11:40:15" ,289, 245);
INSERT INTO Intervencao( EventoID, Descricao) VALUES (708,"descricao");
INSERT INTO MedicoInterv( MedicoID, IntervID) VALUES (398,708);
INSERT INTO Evento(EventoID,Descricao, Data, Admissao, Quarto) VALUES (709, "descricao","16/5/2004 9:19:0" ,289, 151);
INSERT INTO Intervencao( EventoID, Descricao) VALUES (709,"descricao");
INSERT INTO MedicoInterv( MedicoID, IntervID) VALUES (388,709);
INSERT INTO Evento(EventoID,Descricao, Data, Admissao, Quarto) VALUES (710, "descricao","26/9/1994 6:35:50" ,39, 130);
INSERT INTO Intervencao( EventoID, Descricao) VALUES (710,"descricao");
INSERT INTO MedicoInterv( MedicoID, IntervID) VALUES (410,710);
INSERT INTO Evento(EventoID,Descricao, Data, Admissao, Quarto) VALUES (711, "descricao","24/9/1989 11:44:39" ,25, 241);
INSERT INTO Intervencao( EventoID, Descricao) VALUES (711,"descricao");
INSERT INTO MedicoInterv( MedicoID, IntervID) VALUES (407,711);
INSERT INTO Evento(EventoID,Descricao, Data, Admissao, Quarto) VALUES (712, "descricao","21/10/1992 14:12:57" ,263, 184);
INSERT INTO Intervencao( EventoID, Descricao) VALUES (712,"descricao");
INSERT INTO MedicoInterv( MedicoID, IntervID) VALUES (393,712);
INSERT INTO Evento(EventoID,Descricao, Data, Admissao, Quarto) VALUES (713, "descricao","28/5/1979 20:21:50" ,463, 198);
INSERT INTO Intervencao( EventoID, Descricao) VALUES (713,"descricao");
INSERT INTO MedicoInterv( MedicoID, IntervID) VALUES (393,713);
INSERT INTO Evento(EventoID,Descricao, Data, Admissao, Quarto) VALUES (714, "descricao","7/7/1973 1:23:45" ,31, 183);
INSERT INTO Intervencao( EventoID, Descricao) VALUES (714,"descricao");
INSERT INTO MedicoInterv( MedicoID, IntervID) VALUES (399,714);
INSERT INTO Evento(EventoID,Descricao, Data, Admissao, Quarto) VALUES (715, "descricao","11/4/1986 11:24:50" ,412, 115);
INSERT INTO Intervencao( EventoID, Descricao) VALUES (715,"descricao");
INSERT INTO MedicoInterv( MedicoID, IntervID) VALUES (400,715);
INSERT INTO Evento(EventoID,Descricao, Data, Admissao, Quarto) VALUES (716, "descricao","18/9/2012 6:58:52" ,436, 247);
INSERT INTO Intervencao( EventoID, Descricao) VALUES (716,"descricao");
INSERT INTO MedicoInterv( MedicoID, IntervID) VALUES (390,716);
INSERT INTO Evento(EventoID,Descricao, Data, Admissao, Quarto) VALUES (717, "descricao","13/3/1984 19:46:31" ,32, 246);
INSERT INTO Intervencao( EventoID, Descricao) VALUES (717,"descricao");
INSERT INTO MedicoInterv( MedicoID, IntervID) VALUES (417,717);
INSERT INTO Evento(EventoID,Descricao, Data, Admissao, Quarto) VALUES (718, "descricao","21/9/2000 17:39:37" ,382, 176);
INSERT INTO Intervencao( EventoID, Descricao) VALUES (718,"descricao");
INSERT INTO MedicoInterv( MedicoID, IntervID) VALUES (424,718);
INSERT INTO Evento(EventoID,Descricao, Data, Admissao, Quarto) VALUES (719, "descricao","12/8/2010 4:15:12" ,6, 146);
INSERT INTO Intervencao( EventoID, Descricao) VALUES (719,"descricao");
INSERT INTO MedicoInterv( MedicoID, IntervID) VALUES (383,719);
INSERT INTO Evento(EventoID,Descricao, Data, Admissao, Quarto) VALUES (720, "descricao","26/11/2002 23:0:14" ,424, 128);
INSERT INTO Intervencao( EventoID, Descricao) VALUES (720,"descricao");
INSERT INTO MedicoInterv( MedicoID, IntervID) VALUES (423,720);
INSERT INTO Evento(EventoID,Descricao, Data, Admissao, Quarto) VALUES (721, "descricao","17/11/1963 11:8:16" ,334, 189);
INSERT INTO Intervencao( EventoID, Descricao) VALUES (721,"descricao");
INSERT INTO MedicoInterv( MedicoID, IntervID) VALUES (413,721);
INSERT INTO Evento(EventoID,Descricao, Data, Admissao, Quarto) VALUES (722, "descricao","20/3/1989 17:17:58" ,152, 225);
INSERT INTO Intervencao( EventoID, Descricao) VALUES (722,"descricao");
INSERT INTO MedicoInterv( MedicoID, IntervID) VALUES (391,722);
INSERT INTO Evento(EventoID,Descricao, Data, Admissao, Quarto) VALUES (723, "descricao","24/12/2003 3:6:36" ,344, 136);
INSERT INTO Intervencao( EventoID, Descricao) VALUES (723,"descricao");
INSERT INTO MedicoInterv( MedicoID, IntervID) VALUES (416,723);
INSERT INTO Evento(EventoID,Descricao, Data, Admissao, Quarto) VALUES (724, "descricao","6/9/1999 21:11:59" ,3, 246);
INSERT INTO Intervencao( EventoID, Descricao) VALUES (724,"descricao");
INSERT INTO MedicoInterv( MedicoID, IntervID) VALUES (410,724);
INSERT INTO Evento(EventoID,Descricao, Data, Admissao, Quarto) VALUES (725, "descricao","2/8/1996 22:7:29" ,102, 181);
INSERT INTO Intervencao( EventoID, Descricao) VALUES (725,"descricao");
INSERT INTO MedicoInterv( MedicoID, IntervID) VALUES (399,725);
INSERT INTO Evento(EventoID,Descricao, Data, Admissao, Quarto) VALUES (726, "descricao","9/1/1987 12:29:5" ,225, 243);
INSERT INTO Intervencao( EventoID, Descricao) VALUES (726,"descricao");
INSERT INTO MedicoInterv( MedicoID, IntervID) VALUES (388,726);
INSERT INTO Evento(EventoID,Descricao, Data, Admissao, Quarto) VALUES (727, "descricao","18/8/2015 7:3:33" ,223, 159);
INSERT INTO Intervencao( EventoID, Descricao) VALUES (727,"descricao");
INSERT INTO MedicoInterv( MedicoID, IntervID) VALUES (390,727);
INSERT INTO Evento(EventoID,Descricao, Data, Admissao, Quarto) VALUES (728, "descricao","20/11/1967 15:9:29" ,153, 203);
INSERT INTO Intervencao( EventoID, Descricao) VALUES (728,"descricao");
INSERT INTO MedicoInterv( MedicoID, IntervID) VALUES (415,728);
INSERT INTO Evento(EventoID,Descricao, Data, Admissao, Quarto) VALUES (729, "descricao","12/1/1993 16:5:24" ,218, 114);
INSERT INTO Intervencao( EventoID, Descricao) VALUES (729,"descricao");
INSERT INTO MedicoInterv( MedicoID, IntervID) VALUES (419,729);
INSERT INTO Evento(EventoID,Descricao, Data, Admissao, Quarto) VALUES (730, "descricao","23/6/1960 21:39:21" ,156, 137);
INSERT INTO Intervencao( EventoID, Descricao) VALUES (730,"descricao");
INSERT INTO MedicoInterv( MedicoID, IntervID) VALUES (422,730);
INSERT INTO Evento(EventoID,Descricao, Data, Admissao, Quarto) VALUES (731, "descricao","8/11/2005 8:29:29" ,474, 122);
INSERT INTO Intervencao( EventoID, Descricao) VALUES (731,"descricao");
INSERT INTO MedicoInterv( MedicoID, IntervID) VALUES (408,731);
INSERT INTO Evento(EventoID,Descricao, Data, Admissao, Quarto) VALUES (732, "descricao","11/8/1960 17:24:11" ,396, 199);
INSERT INTO Intervencao( EventoID, Descricao) VALUES (732,"descricao");
INSERT INTO MedicoInterv( MedicoID, IntervID) VALUES (401,732);
INSERT INTO Evento(EventoID,Descricao, Data, Admissao, Quarto) VALUES (733, "descricao","17/5/2002 15:29:55" ,199, 182);
INSERT INTO Intervencao( EventoID, Descricao) VALUES (733,"descricao");
INSERT INTO MedicoInterv( MedicoID, IntervID) VALUES (418,733);
INSERT INTO Evento(EventoID,Descricao, Data, Admissao, Quarto) VALUES (734, "descricao","27/4/1966 14:55:51" ,228, 179);
INSERT INTO Intervencao( EventoID, Descricao) VALUES (734,"descricao");
INSERT INTO MedicoInterv( MedicoID, IntervID) VALUES (384,734);
INSERT INTO Evento(EventoID,Descricao, Data, Admissao, Quarto) VALUES (735, "descricao","1/9/1964 23:1:2" ,346, 157);
INSERT INTO Intervencao( EventoID, Descricao) VALUES (735,"descricao");
INSERT INTO MedicoInterv( MedicoID, IntervID) VALUES (426,735);
INSERT INTO Evento(EventoID,Descricao, Data, Admissao, Quarto) VALUES (736, "descricao","21/10/1969 2:27:32" ,334, 223);
INSERT INTO Intervencao( EventoID, Descricao) VALUES (736,"descricao");
INSERT INTO MedicoInterv( MedicoID, IntervID) VALUES (423,736);
INSERT INTO Evento(EventoID,Descricao, Data, Admissao, Quarto) VALUES (737, "descricao","12/2/2005 2:50:46" ,212, 244);
INSERT INTO Intervencao( EventoID, Descricao) VALUES (737,"descricao");
INSERT INTO MedicoInterv( MedicoID, IntervID) VALUES (398,737);
INSERT INTO Evento(EventoID,Descricao, Data, Admissao, Quarto) VALUES (738, "descricao","24/8/2005 18:59:48" ,199, 153);
INSERT INTO Intervencao( EventoID, Descricao) VALUES (738,"descricao");
INSERT INTO MedicoInterv( MedicoID, IntervID) VALUES (411,738);
INSERT INTO Evento(EventoID,Descricao, Data, Admissao, Quarto) VALUES (739, "descricao","6/3/2016 14:33:24" ,369, 128);
INSERT INTO Intervencao( EventoID, Descricao) VALUES (739,"descricao");
INSERT INTO MedicoInterv( MedicoID, IntervID) VALUES (411,739);
INSERT INTO Evento(EventoID,Descricao, Data, Admissao, Quarto) VALUES (740, "descricao","3/2/1965 1:24:22" ,489, 101);
INSERT INTO Intervencao( EventoID, Descricao) VALUES (740,"descricao");
INSERT INTO MedicoInterv( MedicoID, IntervID) VALUES (417,740);
INSERT INTO Evento(EventoID,Descricao, Data, Admissao, Quarto) VALUES (741, "descricao","23/10/2011 21:29:0" ,447, 157);
INSERT INTO Intervencao( EventoID, Descricao) VALUES (741,"descricao");
INSERT INTO MedicoInterv( MedicoID, IntervID) VALUES (393,741);
INSERT INTO Evento(EventoID,Descricao, Data, Admissao, Quarto) VALUES (742, "descricao","18/4/1996 3:5:42" ,406, 108);
INSERT INTO Intervencao( EventoID, Descricao) VALUES (742,"descricao");
INSERT INTO MedicoInterv( MedicoID, IntervID) VALUES (385,742);
INSERT INTO Evento(EventoID,Descricao, Data, Admissao, Quarto) VALUES (743, "descricao","22/9/1990 19:10:26" ,273, 229);
INSERT INTO Intervencao( EventoID, Descricao) VALUES (743,"descricao");
INSERT INTO MedicoInterv( MedicoID, IntervID) VALUES (391,743);
INSERT INTO Evento(EventoID,Descricao, Data, Admissao, Quarto) VALUES (744, "descricao","10/2/1990 19:8:41" ,450, 173);
INSERT INTO Intervencao( EventoID, Descricao) VALUES (744,"descricao");
INSERT INTO MedicoInterv( MedicoID, IntervID) VALUES (409,744);
INSERT INTO Evento(EventoID,Descricao, Data, Admissao, Quarto) VALUES (745, "descricao","22/10/1964 18:53:17" ,301, 110);
INSERT INTO Intervencao( EventoID, Descricao) VALUES (745,"descricao");
INSERT INTO MedicoInterv( MedicoID, IntervID) VALUES (410,745);
INSERT INTO Evento(EventoID,Descricao, Data, Admissao, Quarto) VALUES (746, "descricao","8/3/1991 21:16:59" ,471, 162);
INSERT INTO Intervencao( EventoID, Descricao) VALUES (746,"descricao");
INSERT INTO MedicoInterv( MedicoID, IntervID) VALUES (423,746);
INSERT INTO Evento(EventoID,Descricao, Data, Admissao, Quarto) VALUES (747, "descricao","10/5/2004 17:25:25" ,6, 192);
INSERT INTO Intervencao( EventoID, Descricao) VALUES (747,"descricao");
INSERT INTO MedicoInterv( MedicoID, IntervID) VALUES (413,747);
INSERT INTO Evento(EventoID,Descricao, Data, Admissao, Quarto) VALUES (748, "descricao","26/5/1968 5:22:23" ,462, 139);
INSERT INTO Intervencao( EventoID, Descricao) VALUES (748,"descricao");
INSERT INTO MedicoInterv( MedicoID, IntervID) VALUES (411,748);
INSERT INTO Evento(EventoID,Descricao, Data, Admissao, Quarto) VALUES (749, "descricao","3/11/1983 0:47:40" ,28, 175);
INSERT INTO Intervencao( EventoID, Descricao) VALUES (749,"descricao");
INSERT INTO MedicoInterv( MedicoID, IntervID) VALUES (405,749);
INSERT INTO Evento(EventoID,Descricao, Data, Admissao, Quarto) VALUES (750, "descricao","7/10/1970 23:16:47" ,170, 179);
INSERT INTO Intervencao( EventoID, Descricao) VALUES (750,"descricao");
INSERT INTO MedicoInterv( MedicoID, IntervID) VALUES (393,750);
INSERT INTO Evento(EventoID,Descricao, Data, Admissao, Quarto) VALUES (751, "descricao","24/7/2000 4:50:11" ,278, 239);
INSERT INTO Intervencao( EventoID, Descricao) VALUES (751,"descricao");
INSERT INTO MedicoInterv( MedicoID, IntervID) VALUES (410,751);
INSERT INTO Evento(EventoID,Descricao, Data, Admissao, Quarto) VALUES (752, "descricao","8/7/2019 0:56:5" ,497, 126);
INSERT INTO Intervencao( EventoID, Descricao) VALUES (752,"descricao");
INSERT INTO MedicoInterv( MedicoID, IntervID) VALUES (391,752);
INSERT INTO Evento(EventoID,Descricao, Data, Admissao, Quarto) VALUES (753, "descricao","21/5/1964 21:8:18" ,97, 104);
INSERT INTO Intervencao( EventoID, Descricao) VALUES (753,"descricao");
INSERT INTO MedicoInterv( MedicoID, IntervID) VALUES (400,753);
INSERT INTO Evento(EventoID,Descricao, Data, Admissao, Quarto) VALUES (754, "descricao","18/12/1972 9:1:7" ,41, 228);
INSERT INTO Intervencao( EventoID, Descricao) VALUES (754,"descricao");
INSERT INTO MedicoInterv( MedicoID, IntervID) VALUES (419,754);
INSERT INTO Evento(EventoID,Descricao, Data, Admissao, Quarto) VALUES (755, "descricao","16/3/1980 13:18:58" ,67, 149);
INSERT INTO Intervencao( EventoID, Descricao) VALUES (755,"descricao");
INSERT INTO MedicoInterv( MedicoID, IntervID) VALUES (426,755);
INSERT INTO Evento(EventoID,Descricao, Data, Admissao, Quarto) VALUES (756, "descricao","24/1/1994 12:11:31" ,284, 241);
INSERT INTO Intervencao( EventoID, Descricao) VALUES (756,"descricao");
INSERT INTO MedicoInterv( MedicoID, IntervID) VALUES (420,756);
INSERT INTO Evento(EventoID,Descricao, Data, Admissao, Quarto) VALUES (757, "descricao","28/1/1996 4:54:16" ,346, 140);
INSERT INTO Intervencao( EventoID, Descricao) VALUES (757,"descricao");
INSERT INTO MedicoInterv( MedicoID, IntervID) VALUES (396,757);
INSERT INTO Evento(EventoID,Descricao, Data, Admissao, Quarto) VALUES (758, "descricao","15/5/2013 5:12:22" ,220, 132);
INSERT INTO Intervencao( EventoID, Descricao) VALUES (758,"descricao");
INSERT INTO MedicoInterv( MedicoID, IntervID) VALUES (415,758);
INSERT INTO Evento(EventoID,Descricao, Data, Admissao, Quarto) VALUES (759, "descricao","24/10/2016 16:30:51" ,257, 210);
INSERT INTO Intervencao( EventoID, Descricao) VALUES (759,"descricao");
INSERT INTO MedicoInterv( MedicoID, IntervID) VALUES (407,759);
INSERT INTO Evento(EventoID,Descricao, Data, Admissao, Quarto) VALUES (760, "descricao","28/5/2012 1:8:29" ,380, 201);
INSERT INTO Intervencao( EventoID, Descricao) VALUES (760,"descricao");
INSERT INTO MedicoInterv( MedicoID, IntervID) VALUES (410,760);
INSERT INTO Evento(EventoID,Descricao, Data, Admissao, Quarto) VALUES (761, "descricao","5/7/2003 6:25:9" ,115, 162);
INSERT INTO Intervencao( EventoID, Descricao) VALUES (761,"descricao");
INSERT INTO MedicoInterv( MedicoID, IntervID) VALUES (386,761);
INSERT INTO Evento(EventoID,Descricao, Data, Admissao, Quarto) VALUES (762, "descricao","3/10/1982 20:7:14" ,54, 154);
INSERT INTO Intervencao( EventoID, Descricao) VALUES (762,"descricao");
INSERT INTO MedicoInterv( MedicoID, IntervID) VALUES (411,762);
INSERT INTO Evento(EventoID,Descricao, Data, Admissao, Quarto) VALUES (763, "descricao","27/2/2002 15:58:17" ,80, 161);
INSERT INTO Intervencao( EventoID, Descricao) VALUES (763,"descricao");
INSERT INTO MedicoInterv( MedicoID, IntervID) VALUES (384,763);
INSERT INTO Evento(EventoID,Descricao, Data, Admissao, Quarto) VALUES (764, "descricao","16/4/1998 23:34:57" ,368, 189);
INSERT INTO Intervencao( EventoID, Descricao) VALUES (764,"descricao");
INSERT INTO MedicoInterv( MedicoID, IntervID) VALUES (397,764);
INSERT INTO Evento(EventoID,Descricao, Data, Admissao, Quarto) VALUES (765, "descricao","21/8/1964 9:10:4" ,42, 245);
INSERT INTO Intervencao( EventoID, Descricao) VALUES (765,"descricao");
INSERT INTO MedicoInterv( MedicoID, IntervID) VALUES (409,765);
INSERT INTO Evento(EventoID,Descricao, Data, Admissao, Quarto) VALUES (766, "descricao","19/9/2013 19:59:7" ,173, 155);
INSERT INTO Intervencao( EventoID, Descricao) VALUES (766,"descricao");
INSERT INTO MedicoInterv( MedicoID, IntervID) VALUES (400,766);
INSERT INTO Evento(EventoID,Descricao, Data, Admissao, Quarto) VALUES (767, "descricao","25/11/1974 17:54:6" ,471, 172);
INSERT INTO Intervencao( EventoID, Descricao) VALUES (767,"descricao");
INSERT INTO MedicoInterv( MedicoID, IntervID) VALUES (410,767);
INSERT INTO Evento(EventoID,Descricao, Data, Admissao, Quarto) VALUES (768, "descricao","2/3/1965 11:0:12" ,377, 107);
INSERT INTO Intervencao( EventoID, Descricao) VALUES (768,"descricao");
INSERT INTO MedicoInterv( MedicoID, IntervID) VALUES (387,768);
INSERT INTO Evento(EventoID,Descricao, Data, Admissao, Quarto) VALUES (769, "descricao","15/3/1985 19:40:0" ,51, 129);
INSERT INTO Intervencao( EventoID, Descricao) VALUES (769,"descricao");
INSERT INTO MedicoInterv( MedicoID, IntervID) VALUES (407,769);
INSERT INTO Evento(EventoID,Descricao, Data, Admissao, Quarto) VALUES (770, "descricao","28/9/2006 5:58:51" ,114, 218);
INSERT INTO Intervencao( EventoID, Descricao) VALUES (770,"descricao");
INSERT INTO MedicoInterv( MedicoID, IntervID) VALUES (392,770);
INSERT INTO Evento(EventoID,Descricao, Data, Admissao, Quarto) VALUES (771, "descricao","19/3/1977 10:19:9" ,403, 169);
INSERT INTO Intervencao( EventoID, Descricao) VALUES (771,"descricao");
INSERT INTO MedicoInterv( MedicoID, IntervID) VALUES (414,771);
INSERT INTO Evento(EventoID,Descricao, Data, Admissao, Quarto) VALUES (772, "descricao","9/9/1965 12:45:50" ,238, 157);
INSERT INTO Intervencao( EventoID, Descricao) VALUES (772,"descricao");
INSERT INTO MedicoInterv( MedicoID, IntervID) VALUES (396,772);
INSERT INTO Evento(EventoID,Descricao, Data, Admissao, Quarto) VALUES (773, "descricao","10/11/2017 7:11:27" ,199, 166);
INSERT INTO Intervencao( EventoID, Descricao) VALUES (773,"descricao");
INSERT INTO MedicoInterv( MedicoID, IntervID) VALUES (398,773);
INSERT INTO Evento(EventoID,Descricao, Data, Admissao, Quarto) VALUES (774, "descricao","11/5/2007 10:21:53" ,357, 184);
INSERT INTO Intervencao( EventoID, Descricao) VALUES (774,"descricao");
INSERT INTO MedicoInterv( MedicoID, IntervID) VALUES (426,774);
INSERT INTO Evento(EventoID,Descricao, Data, Admissao, Quarto) VALUES (775, "descricao","1/1/1995 6:25:37" ,411, 159);
INSERT INTO Intervencao( EventoID, Descricao) VALUES (775,"descricao");
INSERT INTO MedicoInterv( MedicoID, IntervID) VALUES (395,775);
INSERT INTO Evento(EventoID,Descricao, Data, Admissao, Quarto) VALUES (776, "descricao","1/10/1965 12:9:55" ,92, 196);
INSERT INTO Intervencao( EventoID, Descricao) VALUES (776,"descricao");
INSERT INTO MedicoInterv( MedicoID, IntervID) VALUES (418,776);
INSERT INTO Evento(EventoID,Descricao, Data, Admissao, Quarto) VALUES (777, "descricao","16/9/1984 15:6:2" ,384, 233);
INSERT INTO Intervencao( EventoID, Descricao) VALUES (777,"descricao");
INSERT INTO MedicoInterv( MedicoID, IntervID) VALUES (402,777);
INSERT INTO Evento(EventoID,Descricao, Data, Admissao, Quarto) VALUES (778, "descricao","26/1/2005 18:22:27" ,69, 183);
INSERT INTO Intervencao( EventoID, Descricao) VALUES (778,"descricao");
INSERT INTO MedicoInterv( MedicoID, IntervID) VALUES (407,778);
INSERT INTO Evento(EventoID,Descricao, Data, Admissao, Quarto) VALUES (779, "descricao","17/9/2008 15:56:4" ,240, 248);
INSERT INTO Intervencao( EventoID, Descricao) VALUES (779,"descricao");
INSERT INTO MedicoInterv( MedicoID, IntervID) VALUES (406,779);
INSERT INTO Evento(EventoID,Descricao, Data, Admissao, Quarto) VALUES (780, "descricao","5/7/2002 22:10:59" ,128, 133);
INSERT INTO Intervencao( EventoID, Descricao) VALUES (780,"descricao");
INSERT INTO MedicoInterv( MedicoID, IntervID) VALUES (419,780);
INSERT INTO Evento(EventoID,Descricao, Data, Admissao, Quarto) VALUES (781, "descricao","21/1/1961 5:47:28" ,404, 156);
INSERT INTO Intervencao( EventoID, Descricao) VALUES (781,"descricao");
INSERT INTO MedicoInterv( MedicoID, IntervID) VALUES (412,781);
INSERT INTO Evento(EventoID,Descricao, Data, Admissao, Quarto) VALUES (782, "descricao","21/2/1963 16:42:17" ,155, 181);
INSERT INTO Intervencao( EventoID, Descricao) VALUES (782,"descricao");
INSERT INTO MedicoInterv( MedicoID, IntervID) VALUES (401,782);
INSERT INTO Evento(EventoID,Descricao, Data, Admissao, Quarto) VALUES (783, "descricao","1/1/1972 7:19:9" ,365, 166);
INSERT INTO Intervencao( EventoID, Descricao) VALUES (783,"descricao");
INSERT INTO MedicoInterv( MedicoID, IntervID) VALUES (407,783);
INSERT INTO Evento(EventoID,Descricao, Data, Admissao, Quarto) VALUES (784, "descricao","28/4/2013 6:26:14" ,241, 179);
INSERT INTO Intervencao( EventoID, Descricao) VALUES (784,"descricao");
INSERT INTO MedicoInterv( MedicoID, IntervID) VALUES (415,784);
INSERT INTO Evento(EventoID,Descricao, Data, Admissao, Quarto) VALUES (785, "descricao","22/12/1975 19:35:49" ,159, 142);
INSERT INTO Intervencao( EventoID, Descricao) VALUES (785,"descricao");
INSERT INTO MedicoInterv( MedicoID, IntervID) VALUES (411,785);
INSERT INTO Evento(EventoID,Descricao, Data, Admissao, Quarto) VALUES (786, "descricao","24/6/2010 18:4:57" ,104, 151);
INSERT INTO Intervencao( EventoID, Descricao) VALUES (786,"descricao");
INSERT INTO MedicoInterv( MedicoID, IntervID) VALUES (408,786);
INSERT INTO Evento(EventoID,Descricao, Data, Admissao, Quarto) VALUES (787, "descricao","10/2/1965 1:7:42" ,395, 144);
INSERT INTO Intervencao( EventoID, Descricao) VALUES (787,"descricao");
INSERT INTO MedicoInterv( MedicoID, IntervID) VALUES (423,787);
INSERT INTO Evento(EventoID,Descricao, Data, Admissao, Quarto) VALUES (788, "descricao","23/12/1995 11:56:9" ,78, 246);
INSERT INTO Intervencao( EventoID, Descricao) VALUES (788,"descricao");
INSERT INTO MedicoInterv( MedicoID, IntervID) VALUES (391,788);
INSERT INTO Evento(EventoID,Descricao, Data, Admissao, Quarto) VALUES (789, "descricao","10/2/2001 21:8:30" ,312, 192);
INSERT INTO Intervencao( EventoID, Descricao) VALUES (789,"descricao");
INSERT INTO MedicoInterv( MedicoID, IntervID) VALUES (418,789);
INSERT INTO Evento(EventoID,Descricao, Data, Admissao, Quarto) VALUES (790, "descricao","13/11/1960 2:1:46" ,441, 240);
INSERT INTO Intervencao( EventoID, Descricao) VALUES (790,"descricao");
INSERT INTO MedicoInterv( MedicoID, IntervID) VALUES (403,790);
INSERT INTO Evento(EventoID,Descricao, Data, Admissao, Quarto) VALUES (791, "descricao","28/4/2004 22:57:29" ,385, 103);
INSERT INTO Intervencao( EventoID, Descricao) VALUES (791,"descricao");
INSERT INTO MedicoInterv( MedicoID, IntervID) VALUES (391,791);
INSERT INTO Evento(EventoID,Descricao, Data, Admissao, Quarto) VALUES (792, "descricao","1/2/1991 8:27:42" ,13, 139);
INSERT INTO Intervencao( EventoID, Descricao) VALUES (792,"descricao");
INSERT INTO MedicoInterv( MedicoID, IntervID) VALUES (396,792);
INSERT INTO Evento(EventoID,Descricao, Data, Admissao, Quarto) VALUES (793, "descricao","1/4/2012 18:14:53" ,291, 203);
INSERT INTO Intervencao( EventoID, Descricao) VALUES (793,"descricao");
INSERT INTO MedicoInterv( MedicoID, IntervID) VALUES (415,793);
INSERT INTO Evento(EventoID,Descricao, Data, Admissao, Quarto) VALUES (794, "descricao","26/3/1973 11:4:0" ,289, 132);
INSERT INTO Intervencao( EventoID, Descricao) VALUES (794,"descricao");
INSERT INTO MedicoInterv( MedicoID, IntervID) VALUES (395,794);
INSERT INTO Evento(EventoID,Descricao, Data, Admissao, Quarto) VALUES (795, "descricao","3/2/1973 10:36:11" ,57, 142);
INSERT INTO Intervencao( EventoID, Descricao) VALUES (795,"descricao");
INSERT INTO MedicoInterv( MedicoID, IntervID) VALUES (397,795);
INSERT INTO Evento(EventoID,Descricao, Data, Admissao, Quarto) VALUES (796, "descricao","3/2/1968 3:28:21" ,268, 225);
INSERT INTO Intervencao( EventoID, Descricao) VALUES (796,"descricao");
INSERT INTO MedicoInterv( MedicoID, IntervID) VALUES (423,796);
INSERT INTO Evento(EventoID,Descricao, Data, Admissao, Quarto) VALUES (797, "descricao","17/10/1999 3:55:59" ,351, 213);
INSERT INTO Intervencao( EventoID, Descricao) VALUES (797,"descricao");
INSERT INTO MedicoInterv( MedicoID, IntervID) VALUES (397,797);
INSERT INTO Evento(EventoID,Descricao, Data, Admissao, Quarto) VALUES (798, "descricao","5/1/1972 14:36:39" ,102, 206);
INSERT INTO Intervencao( EventoID, Descricao) VALUES (798,"descricao");
INSERT INTO MedicoInterv( MedicoID, IntervID) VALUES (425,798);
INSERT INTO Evento(EventoID,Descricao, Data, Admissao, Quarto) VALUES (799, "descricao","3/7/1998 1:35:21" ,495, 194);
INSERT INTO Intervencao( EventoID, Descricao) VALUES (799,"descricao");
INSERT INTO MedicoInterv( MedicoID, IntervID) VALUES (406,799);

-- Nurse Exam
INSERT INTO Evento(EventoID,Descricao, Data, Admissao, Quarto) VALUES (800, "descricao","19/3/2018 0:26:21" ,396, 173);
INSERT INTO Exame( EventoID, Nome, Descricao) VALUES (800,"laringoscopia","descricao");
INSERT INTO EnfermeiroExame( EnfermeiroID, ExameID) VALUES (362,800);
INSERT INTO Evento(EventoID,Descricao, Data, Admissao, Quarto) VALUES (801, "descricao","13/11/1962 18:37:57" ,337, 208);
INSERT INTO Exame( EventoID, Nome, Descricao) VALUES (801,"liquido sinovial","descricao");
INSERT INTO EnfermeiroExame( EnfermeiroID, ExameID) VALUES (306,801);
INSERT INTO Evento(EventoID,Descricao, Data, Admissao, Quarto) VALUES (802, "descricao","18/7/2009 23:16:7" ,202, 244);
INSERT INTO Exame( EventoID, Nome, Descricao) VALUES (802,"esofagoscopia","descricao");
INSERT INTO EnfermeiroExame( EnfermeiroID, ExameID) VALUES (308,802);
INSERT INTO Evento(EventoID,Descricao, Data, Admissao, Quarto) VALUES (803, "descricao","7/3/1994 22:36:28" ,380, 140);
INSERT INTO Exame( EventoID, Nome, Descricao) VALUES (803,"cistoscopia","descricao");
INSERT INTO EnfermeiroExame( EnfermeiroID, ExameID) VALUES (344,803);
INSERT INTO Evento(EventoID,Descricao, Data, Admissao, Quarto) VALUES (804, "descricao","9/5/1987 6:49:7" ,272, 138);
INSERT INTO Exame( EventoID, Nome, Descricao) VALUES (804,"laringoscopia","descricao");
INSERT INTO EnfermeiroExame( EnfermeiroID, ExameID) VALUES (311,804);
INSERT INTO Evento(EventoID,Descricao, Data, Admissao, Quarto) VALUES (805, "descricao","16/5/1972 23:56:4" ,126, 126);
INSERT INTO Exame( EventoID, Nome, Descricao) VALUES (805,"mediastinoscopia","descricao");
INSERT INTO EnfermeiroExame( EnfermeiroID, ExameID) VALUES (306,805);
INSERT INTO Evento(EventoID,Descricao, Data, Admissao, Quarto) VALUES (806, "descricao","13/6/1989 21:36:43" ,240, 208);
INSERT INTO Exame( EventoID, Nome, Descricao) VALUES (806,"liquido sinovial","descricao");
INSERT INTO EnfermeiroExame( EnfermeiroID, ExameID) VALUES (318,806);
INSERT INTO Evento(EventoID,Descricao, Data, Admissao, Quarto) VALUES (807, "descricao","2/2/2010 11:37:17" ,179, 201);
INSERT INTO Exame( EventoID, Nome, Descricao) VALUES (807,"esofagoscopia","descricao");
INSERT INTO EnfermeiroExame( EnfermeiroID, ExameID) VALUES (333,807);
INSERT INTO Evento(EventoID,Descricao, Data, Admissao, Quarto) VALUES (808, "descricao","14/3/1975 2:50:27" ,68, 197);
INSERT INTO Exame( EventoID, Nome, Descricao) VALUES (808,"Urina","descricao");
INSERT INTO EnfermeiroExame( EnfermeiroID, ExameID) VALUES (311,808);
INSERT INTO Evento(EventoID,Descricao, Data, Admissao, Quarto) VALUES (809, "descricao","25/11/2017 22:46:20" ,312, 104);
INSERT INTO Exame( EventoID, Nome, Descricao) VALUES (809,"cistoscopia","descricao");
INSERT INTO EnfermeiroExame( EnfermeiroID, ExameID) VALUES (314,809);
INSERT INTO Evento(EventoID,Descricao, Data, Admissao, Quarto) VALUES (810, "descricao","2/9/1990 21:34:19" ,390, 218);
INSERT INTO Exame( EventoID, Nome, Descricao) VALUES (810,"broncoscopia","descricao");
INSERT INTO EnfermeiroExame( EnfermeiroID, ExameID) VALUES (330,810);
INSERT INTO Evento(EventoID,Descricao, Data, Admissao, Quarto) VALUES (811, "descricao","6/1/1991 6:58:41" ,405, 162);
INSERT INTO Exame( EventoID, Nome, Descricao) VALUES (811,"mediastinoscopia","descricao");
INSERT INTO EnfermeiroExame( EnfermeiroID, ExameID) VALUES (327,811);
INSERT INTO Evento(EventoID,Descricao, Data, Admissao, Quarto) VALUES (812, "descricao","21/11/1964 0:28:47" ,356, 179);
INSERT INTO Exame( EventoID, Nome, Descricao) VALUES (812,"cistoscopia","descricao");
INSERT INTO EnfermeiroExame( EnfermeiroID, ExameID) VALUES (316,812);
INSERT INTO Evento(EventoID,Descricao, Data, Admissao, Quarto) VALUES (813, "descricao","15/1/1973 4:39:29" ,357, 224);
INSERT INTO Exame( EventoID, Nome, Descricao) VALUES (813,"Sangue","descricao");
INSERT INTO EnfermeiroExame( EnfermeiroID, ExameID) VALUES (312,813);
INSERT INTO Evento(EventoID,Descricao, Data, Admissao, Quarto) VALUES (814, "descricao","23/11/1997 18:55:39" ,129, 243);
INSERT INTO Exame( EventoID, Nome, Descricao) VALUES (814,"Sangue","descricao");
INSERT INTO EnfermeiroExame( EnfermeiroID, ExameID) VALUES (340,814);
INSERT INTO Evento(EventoID,Descricao, Data, Admissao, Quarto) VALUES (815, "descricao","7/11/1973 0:16:50" ,15, 114);
INSERT INTO Exame( EventoID, Nome, Descricao) VALUES (815,"Urina","descricao");
INSERT INTO EnfermeiroExame( EnfermeiroID, ExameID) VALUES (329,815);
INSERT INTO Evento(EventoID,Descricao, Data, Admissao, Quarto) VALUES (816, "descricao","17/2/1980 9:52:0" ,259, 199);
INSERT INTO Exame( EventoID, Nome, Descricao) VALUES (816,"laparoscopia","descricao");
INSERT INTO EnfermeiroExame( EnfermeiroID, ExameID) VALUES (305,816);
INSERT INTO Evento(EventoID,Descricao, Data, Admissao, Quarto) VALUES (817, "descricao","25/6/1968 8:27:52" ,203, 230);
INSERT INTO Exame( EventoID, Nome, Descricao) VALUES (817,"esofagoscopia","descricao");
INSERT INTO EnfermeiroExame( EnfermeiroID, ExameID) VALUES (365,817);
INSERT INTO Evento(EventoID,Descricao, Data, Admissao, Quarto) VALUES (818, "descricao","12/9/1973 16:0:15" ,36, 177);
INSERT INTO Exame( EventoID, Nome, Descricao) VALUES (818,"Urina","descricao");
INSERT INTO EnfermeiroExame( EnfermeiroID, ExameID) VALUES (348,818);
INSERT INTO Evento(EventoID,Descricao, Data, Admissao, Quarto) VALUES (819, "descricao","25/6/1965 4:32:47" ,34, 187);
INSERT INTO Exame( EventoID, Nome, Descricao) VALUES (819,"mediastinoscopia","descricao");
INSERT INTO EnfermeiroExame( EnfermeiroID, ExameID) VALUES (353,819);
INSERT INTO Evento(EventoID,Descricao, Data, Admissao, Quarto) VALUES (820, "descricao","24/10/1995 5:37:24" ,170, 119);
INSERT INTO Exame( EventoID, Nome, Descricao) VALUES (820,"Urina","descricao");
INSERT INTO EnfermeiroExame( EnfermeiroID, ExameID) VALUES (326,820);
INSERT INTO Evento(EventoID,Descricao, Data, Admissao, Quarto) VALUES (821, "descricao","26/12/1977 16:38:48" ,41, 137);
INSERT INTO Exame( EventoID, Nome, Descricao) VALUES (821,"Sangue","descricao");
INSERT INTO EnfermeiroExame( EnfermeiroID, ExameID) VALUES (311,821);
INSERT INTO Evento(EventoID,Descricao, Data, Admissao, Quarto) VALUES (822, "descricao","17/5/1974 12:5:57" ,80, 139);
INSERT INTO Exame( EventoID, Nome, Descricao) VALUES (822,"liquido sinovial","descricao");
INSERT INTO EnfermeiroExame( EnfermeiroID, ExameID) VALUES (341,822);
INSERT INTO Evento(EventoID,Descricao, Data, Admissao, Quarto) VALUES (823, "descricao","9/10/2019 20:16:33" ,352, 166);
INSERT INTO Exame( EventoID, Nome, Descricao) VALUES (823,"liquido sinovial","descricao");
INSERT INTO EnfermeiroExame( EnfermeiroID, ExameID) VALUES (336,823);
INSERT INTO Evento(EventoID,Descricao, Data, Admissao, Quarto) VALUES (824, "descricao","17/1/1963 6:59:44" ,414, 222);
INSERT INTO Exame( EventoID, Nome, Descricao) VALUES (824,"mediastinoscopia","descricao");
INSERT INTO EnfermeiroExame( EnfermeiroID, ExameID) VALUES (333,824);
INSERT INTO Evento(EventoID,Descricao, Data, Admissao, Quarto) VALUES (825, "descricao","17/12/2016 15:4:34" ,352, 136);
INSERT INTO Exame( EventoID, Nome, Descricao) VALUES (825,"Urina","descricao");
INSERT INTO EnfermeiroExame( EnfermeiroID, ExameID) VALUES (357,825);
INSERT INTO Evento(EventoID,Descricao, Data, Admissao, Quarto) VALUES (826, "descricao","12/8/2019 20:29:18" ,320, 233);
INSERT INTO Exame( EventoID, Nome, Descricao) VALUES (826,"cistoscopia","descricao");
INSERT INTO EnfermeiroExame( EnfermeiroID, ExameID) VALUES (310,826);
INSERT INTO Evento(EventoID,Descricao, Data, Admissao, Quarto) VALUES (827, "descricao","27/9/1986 23:42:20" ,55, 166);
INSERT INTO Exame( EventoID, Nome, Descricao) VALUES (827,"toracoscopia","descricao");
INSERT INTO EnfermeiroExame( EnfermeiroID, ExameID) VALUES (356,827);
INSERT INTO Evento(EventoID,Descricao, Data, Admissao, Quarto) VALUES (828, "descricao","13/11/1998 23:6:21" ,319, 115);
INSERT INTO Exame( EventoID, Nome, Descricao) VALUES (828,"esofagoscopia","descricao");
INSERT INTO EnfermeiroExame( EnfermeiroID, ExameID) VALUES (326,828);
INSERT INTO Evento(EventoID,Descricao, Data, Admissao, Quarto) VALUES (829, "descricao","9/9/1983 3:45:17" ,410, 202);
INSERT INTO Exame( EventoID, Nome, Descricao) VALUES (829,"mediastinoscopia","descricao");
INSERT INTO EnfermeiroExame( EnfermeiroID, ExameID) VALUES (336,829);
INSERT INTO Evento(EventoID,Descricao, Data, Admissao, Quarto) VALUES (830, "descricao","5/9/1988 11:41:9" ,263, 144);
INSERT INTO Exame( EventoID, Nome, Descricao) VALUES (830,"broncoscopia","descricao");
INSERT INTO EnfermeiroExame( EnfermeiroID, ExameID) VALUES (302,830);
INSERT INTO Evento(EventoID,Descricao, Data, Admissao, Quarto) VALUES (831, "descricao","28/8/1980 14:48:46" ,127, 190);
INSERT INTO Exame( EventoID, Nome, Descricao) VALUES (831,"broncoscopia","descricao");
INSERT INTO EnfermeiroExame( EnfermeiroID, ExameID) VALUES (313,831);
INSERT INTO Evento(EventoID,Descricao, Data, Admissao, Quarto) VALUES (832, "descricao","9/9/2017 22:26:47" ,210, 176);
INSERT INTO Exame( EventoID, Nome, Descricao) VALUES (832,"cistoscopia","descricao");
INSERT INTO EnfermeiroExame( EnfermeiroID, ExameID) VALUES (358,832);
INSERT INTO Evento(EventoID,Descricao, Data, Admissao, Quarto) VALUES (833, "descricao","7/12/1994 18:55:50" ,358, 182);
INSERT INTO Exame( EventoID, Nome, Descricao) VALUES (833,"Sangue","descricao");
INSERT INTO EnfermeiroExame( EnfermeiroID, ExameID) VALUES (305,833);
INSERT INTO Evento(EventoID,Descricao, Data, Admissao, Quarto) VALUES (834, "descricao","15/7/1965 17:29:4" ,242, 122);
INSERT INTO Exame( EventoID, Nome, Descricao) VALUES (834,"laringoscopia","descricao");
INSERT INTO EnfermeiroExame( EnfermeiroID, ExameID) VALUES (317,834);
INSERT INTO Evento(EventoID,Descricao, Data, Admissao, Quarto) VALUES (835, "descricao","11/8/2013 22:9:56" ,49, 153);
INSERT INTO Exame( EventoID, Nome, Descricao) VALUES (835,"liquido cefalorraquidiano","descricao");
INSERT INTO EnfermeiroExame( EnfermeiroID, ExameID) VALUES (364,835);
INSERT INTO Evento(EventoID,Descricao, Data, Admissao, Quarto) VALUES (836, "descricao","24/6/1987 15:32:8" ,158, 121);
INSERT INTO Exame( EventoID, Nome, Descricao) VALUES (836,"laparoscopia","descricao");
INSERT INTO EnfermeiroExame( EnfermeiroID, ExameID) VALUES (303,836);
INSERT INTO Evento(EventoID,Descricao, Data, Admissao, Quarto) VALUES (837, "descricao","20/10/1968 17:11:49" ,332, 214);
INSERT INTO Exame( EventoID, Nome, Descricao) VALUES (837,"esofagoscopia","descricao");
INSERT INTO EnfermeiroExame( EnfermeiroID, ExameID) VALUES (346,837);
INSERT INTO Evento(EventoID,Descricao, Data, Admissao, Quarto) VALUES (838, "descricao","5/4/2017 22:51:13" ,210, 102);
INSERT INTO Exame( EventoID, Nome, Descricao) VALUES (838,"laringoscopia","descricao");
INSERT INTO EnfermeiroExame( EnfermeiroID, ExameID) VALUES (327,838);
INSERT INTO Evento(EventoID,Descricao, Data, Admissao, Quarto) VALUES (839, "descricao","10/1/1970 17:37:21" ,197, 220);
INSERT INTO Exame( EventoID, Nome, Descricao) VALUES (839,"cistoscopia","descricao");
INSERT INTO EnfermeiroExame( EnfermeiroID, ExameID) VALUES (336,839);
INSERT INTO Evento(EventoID,Descricao, Data, Admissao, Quarto) VALUES (840, "descricao","1/7/1992 11:35:2" ,224, 221);
INSERT INTO Exame( EventoID, Nome, Descricao) VALUES (840,"broncoscopia","descricao");
INSERT INTO EnfermeiroExame( EnfermeiroID, ExameID) VALUES (352,840);
INSERT INTO Evento(EventoID,Descricao, Data, Admissao, Quarto) VALUES (841, "descricao","24/4/1969 8:6:51" ,245, 153);
INSERT INTO Exame( EventoID, Nome, Descricao) VALUES (841,"mediastinoscopia","descricao");
INSERT INTO EnfermeiroExame( EnfermeiroID, ExameID) VALUES (363,841);
INSERT INTO Evento(EventoID,Descricao, Data, Admissao, Quarto) VALUES (842, "descricao","11/8/1963 0:0:37" ,126, 173);
INSERT INTO Exame( EventoID, Nome, Descricao) VALUES (842,"mediastinoscopia","descricao");
INSERT INTO EnfermeiroExame( EnfermeiroID, ExameID) VALUES (314,842);
INSERT INTO Evento(EventoID,Descricao, Data, Admissao, Quarto) VALUES (843, "descricao","17/6/1998 10:25:18" ,390, 212);
INSERT INTO Exame( EventoID, Nome, Descricao) VALUES (843,"esofagoscopia","descricao");
INSERT INTO EnfermeiroExame( EnfermeiroID, ExameID) VALUES (365,843);
INSERT INTO Evento(EventoID,Descricao, Data, Admissao, Quarto) VALUES (844, "descricao","6/7/1996 14:15:53" ,427, 215);
INSERT INTO Exame( EventoID, Nome, Descricao) VALUES (844,"esofagoscopia","descricao");
INSERT INTO EnfermeiroExame( EnfermeiroID, ExameID) VALUES (311,844);
INSERT INTO Evento(EventoID,Descricao, Data, Admissao, Quarto) VALUES (845, "descricao","5/2/1964 16:55:33" ,319, 192);
INSERT INTO Exame( EventoID, Nome, Descricao) VALUES (845,"cistoscopia","descricao");
INSERT INTO EnfermeiroExame( EnfermeiroID, ExameID) VALUES (311,845);
INSERT INTO Evento(EventoID,Descricao, Data, Admissao, Quarto) VALUES (846, "descricao","25/2/2016 4:49:35" ,243, 102);
INSERT INTO Exame( EventoID, Nome, Descricao) VALUES (846,"liquido sinovial","descricao");
INSERT INTO EnfermeiroExame( EnfermeiroID, ExameID) VALUES (314,846);
INSERT INTO Evento(EventoID,Descricao, Data, Admissao, Quarto) VALUES (847, "descricao","23/10/1986 15:10:27" ,186, 166);
INSERT INTO Exame( EventoID, Nome, Descricao) VALUES (847,"Urina","descricao");
INSERT INTO EnfermeiroExame( EnfermeiroID, ExameID) VALUES (325,847);
INSERT INTO Evento(EventoID,Descricao, Data, Admissao, Quarto) VALUES (848, "descricao","9/8/1961 5:45:37" ,364, 240);
INSERT INTO Exame( EventoID, Nome, Descricao) VALUES (848,"laringoscopia","descricao");
INSERT INTO EnfermeiroExame( EnfermeiroID, ExameID) VALUES (321,848);
INSERT INTO Evento(EventoID,Descricao, Data, Admissao, Quarto) VALUES (849, "descricao","22/12/2018 20:51:58" ,123, 231);
INSERT INTO Exame( EventoID, Nome, Descricao) VALUES (849,"laringoscopia","descricao");
INSERT INTO EnfermeiroExame( EnfermeiroID, ExameID) VALUES (342,849);
INSERT INTO Evento(EventoID,Descricao, Data, Admissao, Quarto) VALUES (850, "descricao","4/4/2005 17:20:33" ,118, 187);
INSERT INTO Exame( EventoID, Nome, Descricao) VALUES (850,"mediastinoscopia","descricao");
INSERT INTO EnfermeiroExame( EnfermeiroID, ExameID) VALUES (342,850);
INSERT INTO Evento(EventoID,Descricao, Data, Admissao, Quarto) VALUES (851, "descricao","9/12/2004 0:50:5" ,361, 151);
INSERT INTO Exame( EventoID, Nome, Descricao) VALUES (851,"Sangue","descricao");
INSERT INTO EnfermeiroExame( EnfermeiroID, ExameID) VALUES (353,851);
INSERT INTO Evento(EventoID,Descricao, Data, Admissao, Quarto) VALUES (852, "descricao","23/1/2009 15:12:26" ,154, 208);
INSERT INTO Exame( EventoID, Nome, Descricao) VALUES (852,"toracoscopia","descricao");
INSERT INTO EnfermeiroExame( EnfermeiroID, ExameID) VALUES (363,852);
INSERT INTO Evento(EventoID,Descricao, Data, Admissao, Quarto) VALUES (853, "descricao","16/7/1967 23:11:45" ,471, 110);
INSERT INTO Exame( EventoID, Nome, Descricao) VALUES (853,"liquido cefalorraquidiano","descricao");
INSERT INTO EnfermeiroExame( EnfermeiroID, ExameID) VALUES (314,853);
INSERT INTO Evento(EventoID,Descricao, Data, Admissao, Quarto) VALUES (854, "descricao","6/10/2018 20:42:39" ,114, 223);
INSERT INTO Exame( EventoID, Nome, Descricao) VALUES (854,"esofagoscopia","descricao");
INSERT INTO EnfermeiroExame( EnfermeiroID, ExameID) VALUES (325,854);
INSERT INTO Evento(EventoID,Descricao, Data, Admissao, Quarto) VALUES (855, "descricao","15/7/2000 12:59:56" ,168, 228);
INSERT INTO Exame( EventoID, Nome, Descricao) VALUES (855,"mediastinoscopia","descricao");
INSERT INTO EnfermeiroExame( EnfermeiroID, ExameID) VALUES (338,855);
INSERT INTO Evento(EventoID,Descricao, Data, Admissao, Quarto) VALUES (856, "descricao","19/9/2014 8:36:20" ,161, 203);
INSERT INTO Exame( EventoID, Nome, Descricao) VALUES (856,"toracoscopia","descricao");
INSERT INTO EnfermeiroExame( EnfermeiroID, ExameID) VALUES (331,856);
INSERT INTO Evento(EventoID,Descricao, Data, Admissao, Quarto) VALUES (857, "descricao","15/6/1985 17:38:24" ,377, 238);
INSERT INTO Exame( EventoID, Nome, Descricao) VALUES (857,"laparoscopia","descricao");
INSERT INTO EnfermeiroExame( EnfermeiroID, ExameID) VALUES (360,857);
INSERT INTO Evento(EventoID,Descricao, Data, Admissao, Quarto) VALUES (858, "descricao","8/8/1974 15:6:15" ,224, 157);
INSERT INTO Exame( EventoID, Nome, Descricao) VALUES (858,"esofagoscopia","descricao");
INSERT INTO EnfermeiroExame( EnfermeiroID, ExameID) VALUES (330,858);
INSERT INTO Evento(EventoID,Descricao, Data, Admissao, Quarto) VALUES (859, "descricao","13/10/1963 17:44:52" ,473, 228);
INSERT INTO Exame( EventoID, Nome, Descricao) VALUES (859,"cistoscopia","descricao");
INSERT INTO EnfermeiroExame( EnfermeiroID, ExameID) VALUES (356,859);
INSERT INTO Evento(EventoID,Descricao, Data, Admissao, Quarto) VALUES (860, "descricao","2/7/1998 14:56:17" ,257, 109);
INSERT INTO Exame( EventoID, Nome, Descricao) VALUES (860,"liquido sinovial","descricao");
INSERT INTO EnfermeiroExame( EnfermeiroID, ExameID) VALUES (335,860);
INSERT INTO Evento(EventoID,Descricao, Data, Admissao, Quarto) VALUES (861, "descricao","27/1/1991 21:59:22" ,482, 144);
INSERT INTO Exame( EventoID, Nome, Descricao) VALUES (861,"esofagoscopia","descricao");
INSERT INTO EnfermeiroExame( EnfermeiroID, ExameID) VALUES (352,861);
INSERT INTO Evento(EventoID,Descricao, Data, Admissao, Quarto) VALUES (862, "descricao","6/12/1995 8:1:30" ,176, 113);
INSERT INTO Exame( EventoID, Nome, Descricao) VALUES (862,"toracoscopia","descricao");
INSERT INTO EnfermeiroExame( EnfermeiroID, ExameID) VALUES (301,862);
INSERT INTO Evento(EventoID,Descricao, Data, Admissao, Quarto) VALUES (863, "descricao","26/5/1970 11:38:13" ,363, 161);
INSERT INTO Exame( EventoID, Nome, Descricao) VALUES (863,"liquido sinovial","descricao");
INSERT INTO EnfermeiroExame( EnfermeiroID, ExameID) VALUES (326,863);
INSERT INTO Evento(EventoID,Descricao, Data, Admissao, Quarto) VALUES (864, "descricao","8/2/1965 2:48:18" ,236, 247);
INSERT INTO Exame( EventoID, Nome, Descricao) VALUES (864,"laparoscopia","descricao");
INSERT INTO EnfermeiroExame( EnfermeiroID, ExameID) VALUES (363,864);
INSERT INTO Evento(EventoID,Descricao, Data, Admissao, Quarto) VALUES (865, "descricao","22/9/1966 8:56:39" ,311, 161);
INSERT INTO Exame( EventoID, Nome, Descricao) VALUES (865,"toracoscopia","descricao");
INSERT INTO EnfermeiroExame( EnfermeiroID, ExameID) VALUES (315,865);
INSERT INTO Evento(EventoID,Descricao, Data, Admissao, Quarto) VALUES (866, "descricao","22/7/2002 5:3:25" ,66, 223);
INSERT INTO Exame( EventoID, Nome, Descricao) VALUES (866,"cistoscopia","descricao");
INSERT INTO EnfermeiroExame( EnfermeiroID, ExameID) VALUES (302,866);
INSERT INTO Evento(EventoID,Descricao, Data, Admissao, Quarto) VALUES (867, "descricao","18/8/1998 8:39:4" ,102, 139);
INSERT INTO Exame( EventoID, Nome, Descricao) VALUES (867,"laringoscopia","descricao");
INSERT INTO EnfermeiroExame( EnfermeiroID, ExameID) VALUES (364,867);
INSERT INTO Evento(EventoID,Descricao, Data, Admissao, Quarto) VALUES (868, "descricao","2/2/2014 1:9:58" ,52, 110);
INSERT INTO Exame( EventoID, Nome, Descricao) VALUES (868,"cistoscopia","descricao");
INSERT INTO EnfermeiroExame( EnfermeiroID, ExameID) VALUES (331,868);
INSERT INTO Evento(EventoID,Descricao, Data, Admissao, Quarto) VALUES (869, "descricao","26/3/1999 14:50:36" ,49, 132);
INSERT INTO Exame( EventoID, Nome, Descricao) VALUES (869,"laringoscopia","descricao");
INSERT INTO EnfermeiroExame( EnfermeiroID, ExameID) VALUES (354,869);
INSERT INTO Evento(EventoID,Descricao, Data, Admissao, Quarto) VALUES (870, "descricao","2/11/1998 2:19:35" ,157, 214);
INSERT INTO Exame( EventoID, Nome, Descricao) VALUES (870,"esofagoscopia","descricao");
INSERT INTO EnfermeiroExame( EnfermeiroID, ExameID) VALUES (315,870);
INSERT INTO Evento(EventoID,Descricao, Data, Admissao, Quarto) VALUES (871, "descricao","15/8/1981 16:30:38" ,384, 197);
INSERT INTO Exame( EventoID, Nome, Descricao) VALUES (871,"cistoscopia","descricao");
INSERT INTO EnfermeiroExame( EnfermeiroID, ExameID) VALUES (331,871);
INSERT INTO Evento(EventoID,Descricao, Data, Admissao, Quarto) VALUES (872, "descricao","3/11/1990 6:28:51" ,153, 225);
INSERT INTO Exame( EventoID, Nome, Descricao) VALUES (872,"liquido cefalorraquidiano","descricao");
INSERT INTO EnfermeiroExame( EnfermeiroID, ExameID) VALUES (362,872);
INSERT INTO Evento(EventoID,Descricao, Data, Admissao, Quarto) VALUES (873, "descricao","3/6/1991 17:30:30" ,199, 159);
INSERT INTO Exame( EventoID, Nome, Descricao) VALUES (873,"mediastinoscopia","descricao");
INSERT INTO EnfermeiroExame( EnfermeiroID, ExameID) VALUES (320,873);
INSERT INTO Evento(EventoID,Descricao, Data, Admissao, Quarto) VALUES (874, "descricao","4/5/1994 0:32:8" ,469, 146);
INSERT INTO Exame( EventoID, Nome, Descricao) VALUES (874,"esofagoscopia","descricao");
INSERT INTO EnfermeiroExame( EnfermeiroID, ExameID) VALUES (365,874);
INSERT INTO Evento(EventoID,Descricao, Data, Admissao, Quarto) VALUES (875, "descricao","11/11/1995 23:5:16" ,362, 119);
INSERT INTO Exame( EventoID, Nome, Descricao) VALUES (875,"mediastinoscopia","descricao");
INSERT INTO EnfermeiroExame( EnfermeiroID, ExameID) VALUES (311,875);
INSERT INTO Evento(EventoID,Descricao, Data, Admissao, Quarto) VALUES (876, "descricao","6/8/1978 18:31:51" ,266, 172);
INSERT INTO Exame( EventoID, Nome, Descricao) VALUES (876,"mediastinoscopia","descricao");
INSERT INTO EnfermeiroExame( EnfermeiroID, ExameID) VALUES (323,876);
INSERT INTO Evento(EventoID,Descricao, Data, Admissao, Quarto) VALUES (877, "descricao","18/2/1983 17:51:10" ,240, 179);
INSERT INTO Exame( EventoID, Nome, Descricao) VALUES (877,"toracoscopia","descricao");
INSERT INTO EnfermeiroExame( EnfermeiroID, ExameID) VALUES (316,877);
INSERT INTO Evento(EventoID,Descricao, Data, Admissao, Quarto) VALUES (878, "descricao","27/12/2006 14:31:38" ,489, 126);
INSERT INTO Exame( EventoID, Nome, Descricao) VALUES (878,"esofagoscopia","descricao");
INSERT INTO EnfermeiroExame( EnfermeiroID, ExameID) VALUES (349,878);
INSERT INTO Evento(EventoID,Descricao, Data, Admissao, Quarto) VALUES (879, "descricao","4/10/1975 14:27:29" ,285, 142);
INSERT INTO Exame( EventoID, Nome, Descricao) VALUES (879,"laparoscopia","descricao");
INSERT INTO EnfermeiroExame( EnfermeiroID, ExameID) VALUES (349,879);
INSERT INTO Evento(EventoID,Descricao, Data, Admissao, Quarto) VALUES (880, "descricao","16/4/2005 11:40:46" ,208, 139);
INSERT INTO Exame( EventoID, Nome, Descricao) VALUES (880,"mediastinoscopia","descricao");
INSERT INTO EnfermeiroExame( EnfermeiroID, ExameID) VALUES (357,880);
INSERT INTO Evento(EventoID,Descricao, Data, Admissao, Quarto) VALUES (881, "descricao","24/3/1983 14:18:24" ,349, 137);
INSERT INTO Exame( EventoID, Nome, Descricao) VALUES (881,"Sangue","descricao");
INSERT INTO EnfermeiroExame( EnfermeiroID, ExameID) VALUES (346,881);
INSERT INTO Evento(EventoID,Descricao, Data, Admissao, Quarto) VALUES (882, "descricao","8/4/1976 4:38:11" ,302, 236);
INSERT INTO Exame( EventoID, Nome, Descricao) VALUES (882,"Sangue","descricao");
INSERT INTO EnfermeiroExame( EnfermeiroID, ExameID) VALUES (307,882);
INSERT INTO Evento(EventoID,Descricao, Data, Admissao, Quarto) VALUES (883, "descricao","17/8/2002 13:36:7" ,134, 238);
INSERT INTO Exame( EventoID, Nome, Descricao) VALUES (883,"cistoscopia","descricao");
INSERT INTO EnfermeiroExame( EnfermeiroID, ExameID) VALUES (365,883);
INSERT INTO Evento(EventoID,Descricao, Data, Admissao, Quarto) VALUES (884, "descricao","19/6/2007 15:28:55" ,99, 182);
INSERT INTO Exame( EventoID, Nome, Descricao) VALUES (884,"esofagoscopia","descricao");
INSERT INTO EnfermeiroExame( EnfermeiroID, ExameID) VALUES (358,884);
INSERT INTO Evento(EventoID,Descricao, Data, Admissao, Quarto) VALUES (885, "descricao","20/3/1997 10:32:59" ,370, 144);
INSERT INTO Exame( EventoID, Nome, Descricao) VALUES (885,"toracoscopia","descricao");
INSERT INTO EnfermeiroExame( EnfermeiroID, ExameID) VALUES (313,885);
INSERT INTO Evento(EventoID,Descricao, Data, Admissao, Quarto) VALUES (886, "descricao","16/10/1980 5:6:51" ,237, 233);
INSERT INTO Exame( EventoID, Nome, Descricao) VALUES (886,"cistoscopia","descricao");
INSERT INTO EnfermeiroExame( EnfermeiroID, ExameID) VALUES (319,886);
INSERT INTO Evento(EventoID,Descricao, Data, Admissao, Quarto) VALUES (887, "descricao","19/5/1960 15:11:13" ,176, 154);
INSERT INTO Exame( EventoID, Nome, Descricao) VALUES (887,"Sangue","descricao");
INSERT INTO EnfermeiroExame( EnfermeiroID, ExameID) VALUES (350,887);
INSERT INTO Evento(EventoID,Descricao, Data, Admissao, Quarto) VALUES (888, "descricao","18/9/1966 5:2:29" ,39, 104);
INSERT INTO Exame( EventoID, Nome, Descricao) VALUES (888,"mediastinoscopia","descricao");
INSERT INTO EnfermeiroExame( EnfermeiroID, ExameID) VALUES (351,888);
INSERT INTO Evento(EventoID,Descricao, Data, Admissao, Quarto) VALUES (889, "descricao","25/8/1993 10:9:23" ,423, 149);
INSERT INTO Exame( EventoID, Nome, Descricao) VALUES (889,"cistoscopia","descricao");
INSERT INTO EnfermeiroExame( EnfermeiroID, ExameID) VALUES (324,889);
INSERT INTO Evento(EventoID,Descricao, Data, Admissao, Quarto) VALUES (890, "descricao","18/8/1971 0:50:48" ,9, 111);
INSERT INTO Exame( EventoID, Nome, Descricao) VALUES (890,"liquido cefalorraquidiano","descricao");
INSERT INTO EnfermeiroExame( EnfermeiroID, ExameID) VALUES (306,890);
INSERT INTO Evento(EventoID,Descricao, Data, Admissao, Quarto) VALUES (891, "descricao","21/3/2002 18:12:55" ,373, 236);
INSERT INTO Exame( EventoID, Nome, Descricao) VALUES (891,"laparoscopia","descricao");
INSERT INTO EnfermeiroExame( EnfermeiroID, ExameID) VALUES (364,891);
INSERT INTO Evento(EventoID,Descricao, Data, Admissao, Quarto) VALUES (892, "descricao","2/8/1986 4:9:42" ,369, 180);
INSERT INTO Exame( EventoID, Nome, Descricao) VALUES (892,"liquido cefalorraquidiano","descricao");
INSERT INTO EnfermeiroExame( EnfermeiroID, ExameID) VALUES (333,892);
INSERT INTO Evento(EventoID,Descricao, Data, Admissao, Quarto) VALUES (893, "descricao","10/4/2005 12:23:0" ,378, 151);
INSERT INTO Exame( EventoID, Nome, Descricao) VALUES (893,"laparoscopia","descricao");
INSERT INTO EnfermeiroExame( EnfermeiroID, ExameID) VALUES (362,893);
INSERT INTO Evento(EventoID,Descricao, Data, Admissao, Quarto) VALUES (894, "descricao","2/1/1973 13:58:53" ,6, 168);
INSERT INTO Exame( EventoID, Nome, Descricao) VALUES (894,"liquido cefalorraquidiano","descricao");
INSERT INTO EnfermeiroExame( EnfermeiroID, ExameID) VALUES (334,894);
INSERT INTO Evento(EventoID,Descricao, Data, Admissao, Quarto) VALUES (895, "descricao","10/8/2000 0:11:36" ,459, 232);
INSERT INTO Exame( EventoID, Nome, Descricao) VALUES (895,"Sangue","descricao");
INSERT INTO EnfermeiroExame( EnfermeiroID, ExameID) VALUES (312,895);
INSERT INTO Evento(EventoID,Descricao, Data, Admissao, Quarto) VALUES (896, "descricao","10/3/1968 1:22:21" ,120, 113);
INSERT INTO Exame( EventoID, Nome, Descricao) VALUES (896,"liquido sinovial","descricao");
INSERT INTO EnfermeiroExame( EnfermeiroID, ExameID) VALUES (314,896);
INSERT INTO Evento(EventoID,Descricao, Data, Admissao, Quarto) VALUES (897, "descricao","21/10/1983 23:54:42" ,495, 219);
INSERT INTO Exame( EventoID, Nome, Descricao) VALUES (897,"laringoscopia","descricao");
INSERT INTO EnfermeiroExame( EnfermeiroID, ExameID) VALUES (325,897);
INSERT INTO Evento(EventoID,Descricao, Data, Admissao, Quarto) VALUES (898, "descricao","14/12/1997 16:31:47" ,248, 206);
INSERT INTO Exame( EventoID, Nome, Descricao) VALUES (898,"Urina","descricao");
INSERT INTO EnfermeiroExame( EnfermeiroID, ExameID) VALUES (354,898);
INSERT INTO Evento(EventoID,Descricao, Data, Admissao, Quarto) VALUES (899, "descricao","17/11/1996 10:19:36" ,297, 179);
INSERT INTO Exame( EventoID, Nome, Descricao) VALUES (899,"Sangue","descricao");
INSERT INTO EnfermeiroExame( EnfermeiroID, ExameID) VALUES (348,899);
INSERT INTO Evento(EventoID,Descricao, Data, Admissao, Quarto) VALUES (900, "descricao","18/10/2003 1:4:8" ,46, 239);
INSERT INTO Exame( EventoID, Nome, Descricao) VALUES (900,"liquido cefalorraquidiano","descricao");
INSERT INTO EnfermeiroExame( EnfermeiroID, ExameID) VALUES (348,900);
INSERT INTO Evento(EventoID,Descricao, Data, Admissao, Quarto) VALUES (901, "descricao","20/11/1984 12:31:30" ,408, 125);
INSERT INTO Exame( EventoID, Nome, Descricao) VALUES (901,"cistoscopia","descricao");
INSERT INTO EnfermeiroExame( EnfermeiroID, ExameID) VALUES (325,901);
INSERT INTO Evento(EventoID,Descricao, Data, Admissao, Quarto) VALUES (902, "descricao","10/10/2017 20:26:56" ,57, 182);
INSERT INTO Exame( EventoID, Nome, Descricao) VALUES (902,"laparoscopia","descricao");
INSERT INTO EnfermeiroExame( EnfermeiroID, ExameID) VALUES (329,902);
INSERT INTO Evento(EventoID,Descricao, Data, Admissao, Quarto) VALUES (903, "descricao","14/1/1974 0:18:7" ,73, 204);
INSERT INTO Exame( EventoID, Nome, Descricao) VALUES (903,"esofagoscopia","descricao");
INSERT INTO EnfermeiroExame( EnfermeiroID, ExameID) VALUES (333,903);
INSERT INTO Evento(EventoID,Descricao, Data, Admissao, Quarto) VALUES (904, "descricao","25/12/1968 2:1:44" ,99, 107);
INSERT INTO Exame( EventoID, Nome, Descricao) VALUES (904,"liquido sinovial","descricao");
INSERT INTO EnfermeiroExame( EnfermeiroID, ExameID) VALUES (350,904);
INSERT INTO Evento(EventoID,Descricao, Data, Admissao, Quarto) VALUES (905, "descricao","10/12/1991 23:28:54" ,275, 242);
INSERT INTO Exame( EventoID, Nome, Descricao) VALUES (905,"liquido cefalorraquidiano","descricao");
INSERT INTO EnfermeiroExame( EnfermeiroID, ExameID) VALUES (304,905);
INSERT INTO Evento(EventoID,Descricao, Data, Admissao, Quarto) VALUES (906, "descricao","5/4/2017 8:2:48" ,383, 221);
INSERT INTO Exame( EventoID, Nome, Descricao) VALUES (906,"Sangue","descricao");
INSERT INTO EnfermeiroExame( EnfermeiroID, ExameID) VALUES (315,906);
INSERT INTO Evento(EventoID,Descricao, Data, Admissao, Quarto) VALUES (907, "descricao","24/3/1992 0:6:32" ,251, 161);
INSERT INTO Exame( EventoID, Nome, Descricao) VALUES (907,"toracoscopia","descricao");
INSERT INTO EnfermeiroExame( EnfermeiroID, ExameID) VALUES (328,907);
INSERT INTO Evento(EventoID,Descricao, Data, Admissao, Quarto) VALUES (908, "descricao","28/10/1970 8:37:22" ,364, 228);
INSERT INTO Exame( EventoID, Nome, Descricao) VALUES (908,"esofagoscopia","descricao");
INSERT INTO EnfermeiroExame( EnfermeiroID, ExameID) VALUES (366,908);
INSERT INTO Evento(EventoID,Descricao, Data, Admissao, Quarto) VALUES (909, "descricao","21/10/1967 0:41:16" ,24, 208);
INSERT INTO Exame( EventoID, Nome, Descricao) VALUES (909,"mediastinoscopia","descricao");
INSERT INTO EnfermeiroExame( EnfermeiroID, ExameID) VALUES (303,909);
INSERT INTO Evento(EventoID,Descricao, Data, Admissao, Quarto) VALUES (910, "descricao","10/7/1969 23:53:28" ,180, 204);
INSERT INTO Exame( EventoID, Nome, Descricao) VALUES (910,"Sangue","descricao");
INSERT INTO EnfermeiroExame( EnfermeiroID, ExameID) VALUES (352,910);
INSERT INTO Evento(EventoID,Descricao, Data, Admissao, Quarto) VALUES (911, "descricao","12/2/1986 2:12:59" ,382, 182);
INSERT INTO Exame( EventoID, Nome, Descricao) VALUES (911,"liquido sinovial","descricao");
INSERT INTO EnfermeiroExame( EnfermeiroID, ExameID) VALUES (306,911);
INSERT INTO Evento(EventoID,Descricao, Data, Admissao, Quarto) VALUES (912, "descricao","4/6/1963 15:17:23" ,80, 242);
INSERT INTO Exame( EventoID, Nome, Descricao) VALUES (912,"toracoscopia","descricao");
INSERT INTO EnfermeiroExame( EnfermeiroID, ExameID) VALUES (321,912);
INSERT INTO Evento(EventoID,Descricao, Data, Admissao, Quarto) VALUES (913, "descricao","19/2/1995 7:1:57" ,93, 164);
INSERT INTO Exame( EventoID, Nome, Descricao) VALUES (913,"Urina","descricao");
INSERT INTO EnfermeiroExame( EnfermeiroID, ExameID) VALUES (309,913);
INSERT INTO Evento(EventoID,Descricao, Data, Admissao, Quarto) VALUES (914, "descricao","26/3/1995 23:40:39" ,371, 154);
INSERT INTO Exame( EventoID, Nome, Descricao) VALUES (914,"liquido cefalorraquidiano","descricao");
INSERT INTO EnfermeiroExame( EnfermeiroID, ExameID) VALUES (351,914);
INSERT INTO Evento(EventoID,Descricao, Data, Admissao, Quarto) VALUES (915, "descricao","26/12/2011 9:3:13" ,278, 156);
INSERT INTO Exame( EventoID, Nome, Descricao) VALUES (915,"liquido sinovial","descricao");
INSERT INTO EnfermeiroExame( EnfermeiroID, ExameID) VALUES (332,915);
INSERT INTO Evento(EventoID,Descricao, Data, Admissao, Quarto) VALUES (916, "descricao","5/2/1971 18:25:42" ,97, 189);
INSERT INTO Exame( EventoID, Nome, Descricao) VALUES (916,"Urina","descricao");
INSERT INTO EnfermeiroExame( EnfermeiroID, ExameID) VALUES (353,916);
INSERT INTO Evento(EventoID,Descricao, Data, Admissao, Quarto) VALUES (917, "descricao","2/2/1976 21:28:14" ,396, 157);
INSERT INTO Exame( EventoID, Nome, Descricao) VALUES (917,"Sangue","descricao");
INSERT INTO EnfermeiroExame( EnfermeiroID, ExameID) VALUES (346,917);
INSERT INTO Evento(EventoID,Descricao, Data, Admissao, Quarto) VALUES (918, "descricao","17/5/1970 10:15:3" ,135, 206);
INSERT INTO Exame( EventoID, Nome, Descricao) VALUES (918,"Sangue","descricao");
INSERT INTO EnfermeiroExame( EnfermeiroID, ExameID) VALUES (322,918);
INSERT INTO Evento(EventoID,Descricao, Data, Admissao, Quarto) VALUES (919, "descricao","8/8/1973 3:34:22" ,208, 229);
INSERT INTO Exame( EventoID, Nome, Descricao) VALUES (919,"liquido cefalorraquidiano","descricao");
INSERT INTO EnfermeiroExame( EnfermeiroID, ExameID) VALUES (324,919);
INSERT INTO Evento(EventoID,Descricao, Data, Admissao, Quarto) VALUES (920, "descricao","26/4/2013 11:10:10" ,92, 169);
INSERT INTO Exame( EventoID, Nome, Descricao) VALUES (920,"liquido sinovial","descricao");
INSERT INTO EnfermeiroExame( EnfermeiroID, ExameID) VALUES (335,920);
INSERT INTO Evento(EventoID,Descricao, Data, Admissao, Quarto) VALUES (921, "descricao","21/2/1992 12:48:52" ,109, 179);
INSERT INTO Exame( EventoID, Nome, Descricao) VALUES (921,"mediastinoscopia","descricao");
INSERT INTO EnfermeiroExame( EnfermeiroID, ExameID) VALUES (339,921);
INSERT INTO Evento(EventoID,Descricao, Data, Admissao, Quarto) VALUES (922, "descricao","20/10/1960 1:34:47" ,249, 119);
INSERT INTO Exame( EventoID, Nome, Descricao) VALUES (922,"mediastinoscopia","descricao");
INSERT INTO EnfermeiroExame( EnfermeiroID, ExameID) VALUES (309,922);
INSERT INTO Evento(EventoID,Descricao, Data, Admissao, Quarto) VALUES (923, "descricao","5/8/2013 23:36:22" ,41, 193);
INSERT INTO Exame( EventoID, Nome, Descricao) VALUES (923,"broncoscopia","descricao");
INSERT INTO EnfermeiroExame( EnfermeiroID, ExameID) VALUES (348,923);
INSERT INTO Evento(EventoID,Descricao, Data, Admissao, Quarto) VALUES (924, "descricao","7/11/1999 3:4:23" ,168, 209);
INSERT INTO Exame( EventoID, Nome, Descricao) VALUES (924,"Sangue","descricao");
INSERT INTO EnfermeiroExame( EnfermeiroID, ExameID) VALUES (328,924);
INSERT INTO Evento(EventoID,Descricao, Data, Admissao, Quarto) VALUES (925, "descricao","20/4/2006 5:2:52" ,350, 104);
INSERT INTO Exame( EventoID, Nome, Descricao) VALUES (925,"Urina","descricao");
INSERT INTO EnfermeiroExame( EnfermeiroID, ExameID) VALUES (360,925);
INSERT INTO Evento(EventoID,Descricao, Data, Admissao, Quarto) VALUES (926, "descricao","9/8/1993 4:55:45" ,366, 238);
INSERT INTO Exame( EventoID, Nome, Descricao) VALUES (926,"broncoscopia","descricao");
INSERT INTO EnfermeiroExame( EnfermeiroID, ExameID) VALUES (339,926);
INSERT INTO Evento(EventoID,Descricao, Data, Admissao, Quarto) VALUES (927, "descricao","4/4/1986 15:14:53" ,396, 181);
INSERT INTO Exame( EventoID, Nome, Descricao) VALUES (927,"mediastinoscopia","descricao");
INSERT INTO EnfermeiroExame( EnfermeiroID, ExameID) VALUES (308,927);
INSERT INTO Evento(EventoID,Descricao, Data, Admissao, Quarto) VALUES (928, "descricao","6/9/1967 2:0:21" ,39, 137);
INSERT INTO Exame( EventoID, Nome, Descricao) VALUES (928,"laringoscopia","descricao");
INSERT INTO EnfermeiroExame( EnfermeiroID, ExameID) VALUES (312,928);
INSERT INTO Evento(EventoID,Descricao, Data, Admissao, Quarto) VALUES (929, "descricao","18/1/1999 8:46:27" ,88, 229);
INSERT INTO Exame( EventoID, Nome, Descricao) VALUES (929,"liquido sinovial","descricao");
INSERT INTO EnfermeiroExame( EnfermeiroID, ExameID) VALUES (343,929);
INSERT INTO Evento(EventoID,Descricao, Data, Admissao, Quarto) VALUES (930, "descricao","6/10/2003 1:49:58" ,130, 217);
INSERT INTO Exame( EventoID, Nome, Descricao) VALUES (930,"liquido cefalorraquidiano","descricao");
INSERT INTO EnfermeiroExame( EnfermeiroID, ExameID) VALUES (328,930);
INSERT INTO Evento(EventoID,Descricao, Data, Admissao, Quarto) VALUES (931, "descricao","22/12/1963 15:13:38" ,164, 188);
INSERT INTO Exame( EventoID, Nome, Descricao) VALUES (931,"liquido sinovial","descricao");
INSERT INTO EnfermeiroExame( EnfermeiroID, ExameID) VALUES (314,931);
INSERT INTO Evento(EventoID,Descricao, Data, Admissao, Quarto) VALUES (932, "descricao","11/11/1969 10:11:37" ,90, 193);
INSERT INTO Exame( EventoID, Nome, Descricao) VALUES (932,"laringoscopia","descricao");
INSERT INTO EnfermeiroExame( EnfermeiroID, ExameID) VALUES (314,932);
INSERT INTO Evento(EventoID,Descricao, Data, Admissao, Quarto) VALUES (933, "descricao","15/3/1975 18:25:47" ,222, 164);
INSERT INTO Exame( EventoID, Nome, Descricao) VALUES (933,"mediastinoscopia","descricao");
INSERT INTO EnfermeiroExame( EnfermeiroID, ExameID) VALUES (310,933);
INSERT INTO Evento(EventoID,Descricao, Data, Admissao, Quarto) VALUES (934, "descricao","18/1/1996 9:8:36" ,190, 166);
INSERT INTO Exame( EventoID, Nome, Descricao) VALUES (934,"laparoscopia","descricao");
INSERT INTO EnfermeiroExame( EnfermeiroID, ExameID) VALUES (334,934);
INSERT INTO Evento(EventoID,Descricao, Data, Admissao, Quarto) VALUES (935, "descricao","22/10/1991 1:53:12" ,188, 181);
INSERT INTO Exame( EventoID, Nome, Descricao) VALUES (935,"toracoscopia","descricao");
INSERT INTO EnfermeiroExame( EnfermeiroID, ExameID) VALUES (336,935);
INSERT INTO Evento(EventoID,Descricao, Data, Admissao, Quarto) VALUES (936, "descricao","24/12/2009 3:44:13" ,281, 246);
INSERT INTO Exame( EventoID, Nome, Descricao) VALUES (936,"mediastinoscopia","descricao");
INSERT INTO EnfermeiroExame( EnfermeiroID, ExameID) VALUES (327,936);
INSERT INTO Evento(EventoID,Descricao, Data, Admissao, Quarto) VALUES (937, "descricao","18/12/2013 20:40:0" ,238, 171);
INSERT INTO Exame( EventoID, Nome, Descricao) VALUES (937,"Sangue","descricao");
INSERT INTO EnfermeiroExame( EnfermeiroID, ExameID) VALUES (321,937);
INSERT INTO Evento(EventoID,Descricao, Data, Admissao, Quarto) VALUES (938, "descricao","21/7/2018 20:11:32" ,301, 176);
INSERT INTO Exame( EventoID, Nome, Descricao) VALUES (938,"Sangue","descricao");
INSERT INTO EnfermeiroExame( EnfermeiroID, ExameID) VALUES (363,938);
INSERT INTO Evento(EventoID,Descricao, Data, Admissao, Quarto) VALUES (939, "descricao","21/4/1977 8:24:20" ,260, 235);
INSERT INTO Exame( EventoID, Nome, Descricao) VALUES (939,"cistoscopia","descricao");
INSERT INTO EnfermeiroExame( EnfermeiroID, ExameID) VALUES (363,939);
INSERT INTO Evento(EventoID,Descricao, Data, Admissao, Quarto) VALUES (940, "descricao","3/1/1971 9:56:14" ,370, 138);
INSERT INTO Exame( EventoID, Nome, Descricao) VALUES (940,"laparoscopia","descricao");
INSERT INTO EnfermeiroExame( EnfermeiroID, ExameID) VALUES (353,940);
INSERT INTO Evento(EventoID,Descricao, Data, Admissao, Quarto) VALUES (941, "descricao","28/8/1990 1:7:45" ,35, 101);
INSERT INTO Exame( EventoID, Nome, Descricao) VALUES (941,"toracoscopia","descricao");
INSERT INTO EnfermeiroExame( EnfermeiroID, ExameID) VALUES (324,941);
INSERT INTO Evento(EventoID,Descricao, Data, Admissao, Quarto) VALUES (942, "descricao","4/6/1965 15:11:55" ,198, 197);
INSERT INTO Exame( EventoID, Nome, Descricao) VALUES (942,"cistoscopia","descricao");
INSERT INTO EnfermeiroExame( EnfermeiroID, ExameID) VALUES (310,942);
INSERT INTO Evento(EventoID,Descricao, Data, Admissao, Quarto) VALUES (943, "descricao","26/2/2016 7:26:52" ,198, 149);
INSERT INTO Exame( EventoID, Nome, Descricao) VALUES (943,"Sangue","descricao");
INSERT INTO EnfermeiroExame( EnfermeiroID, ExameID) VALUES (340,943);
INSERT INTO Evento(EventoID,Descricao, Data, Admissao, Quarto) VALUES (944, "descricao","26/3/1969 7:5:46" ,493, 185);
INSERT INTO Exame( EventoID, Nome, Descricao) VALUES (944,"laparoscopia","descricao");
INSERT INTO EnfermeiroExame( EnfermeiroID, ExameID) VALUES (355,944);
INSERT INTO Evento(EventoID,Descricao, Data, Admissao, Quarto) VALUES (945, "descricao","1/4/2010 14:27:38" ,302, 214);
INSERT INTO Exame( EventoID, Nome, Descricao) VALUES (945,"laringoscopia","descricao");
INSERT INTO EnfermeiroExame( EnfermeiroID, ExameID) VALUES (359,945);
INSERT INTO Evento(EventoID,Descricao, Data, Admissao, Quarto) VALUES (946, "descricao","27/8/2017 7:24:51" ,196, 120);
INSERT INTO Exame( EventoID, Nome, Descricao) VALUES (946,"cistoscopia","descricao");
INSERT INTO EnfermeiroExame( EnfermeiroID, ExameID) VALUES (331,946);
INSERT INTO Evento(EventoID,Descricao, Data, Admissao, Quarto) VALUES (947, "descricao","20/12/1993 1:5:15" ,186, 202);
INSERT INTO Exame( EventoID, Nome, Descricao) VALUES (947,"laringoscopia","descricao");
INSERT INTO EnfermeiroExame( EnfermeiroID, ExameID) VALUES (354,947);
INSERT INTO Evento(EventoID,Descricao, Data, Admissao, Quarto) VALUES (948, "descricao","26/8/2003 19:14:34" ,206, 152);
INSERT INTO Exame( EventoID, Nome, Descricao) VALUES (948,"laparoscopia","descricao");
INSERT INTO EnfermeiroExame( EnfermeiroID, ExameID) VALUES (365,948);
INSERT INTO Evento(EventoID,Descricao, Data, Admissao, Quarto) VALUES (949, "descricao","7/8/1967 9:12:5" ,405, 143);
INSERT INTO Exame( EventoID, Nome, Descricao) VALUES (949,"broncoscopia","descricao");
INSERT INTO EnfermeiroExame( EnfermeiroID, ExameID) VALUES (360,949);

-- Tecnician Exam
INSERT INTO Evento(EventoID,Descricao, Data, Admissao, Quarto) VALUES (950, "descricao","26/7/2002 11:54:49" ,339, 166);
INSERT INTO Exame( EventoID, Nome, Descricao) VALUES (950,"Urina","descricao");
INSERT INTO TecnicoExame( TecnicoID, ExameID) VALUES (376,950);
INSERT INTO Evento(EventoID,Descricao, Data, Admissao, Quarto) VALUES (951, "descricao","27/5/2017 17:13:35" ,431, 145);
INSERT INTO Exame( EventoID, Nome, Descricao) VALUES (951,"laparoscopia","descricao");
INSERT INTO TecnicoExame( TecnicoID, ExameID) VALUES (380,951);
INSERT INTO Evento(EventoID,Descricao, Data, Admissao, Quarto) VALUES (952, "descricao","26/7/2014 23:10:58" ,65, 161);
INSERT INTO Exame( EventoID, Nome, Descricao) VALUES (952,"cistoscopia","descricao");
INSERT INTO TecnicoExame( TecnicoID, ExameID) VALUES (382,952);
INSERT INTO Evento(EventoID,Descricao, Data, Admissao, Quarto) VALUES (953, "descricao","26/4/2005 1:25:43" ,337, 166);
INSERT INTO Exame( EventoID, Nome, Descricao) VALUES (953,"liquido sinovial","descricao");
INSERT INTO TecnicoExame( TecnicoID, ExameID) VALUES (373,953);
INSERT INTO Evento(EventoID,Descricao, Data, Admissao, Quarto) VALUES (954, "descricao","6/3/1984 8:12:3" ,90, 191);
INSERT INTO Exame( EventoID, Nome, Descricao) VALUES (954,"Sangue","descricao");
INSERT INTO TecnicoExame( TecnicoID, ExameID) VALUES (375,954);
INSERT INTO Evento(EventoID,Descricao, Data, Admissao, Quarto) VALUES (955, "descricao","16/11/1979 15:9:36" ,186, 123);
INSERT INTO Exame( EventoID, Nome, Descricao) VALUES (955,"mediastinoscopia","descricao");
INSERT INTO TecnicoExame( TecnicoID, ExameID) VALUES (381,955);
INSERT INTO Evento(EventoID,Descricao, Data, Admissao, Quarto) VALUES (956, "descricao","12/6/1978 3:51:50" ,429, 141);
INSERT INTO Exame( EventoID, Nome, Descricao) VALUES (956,"laparoscopia","descricao");
INSERT INTO TecnicoExame( TecnicoID, ExameID) VALUES (379,956);
INSERT INTO Evento(EventoID,Descricao, Data, Admissao, Quarto) VALUES (957, "descricao","15/12/2016 9:2:11" ,175, 203);
INSERT INTO Exame( EventoID, Nome, Descricao) VALUES (957,"mediastinoscopia","descricao");
INSERT INTO TecnicoExame( TecnicoID, ExameID) VALUES (372,957);
INSERT INTO Evento(EventoID,Descricao, Data, Admissao, Quarto) VALUES (958, "descricao","23/6/1986 7:43:36" ,467, 192);
INSERT INTO Exame( EventoID, Nome, Descricao) VALUES (958,"toracoscopia","descricao");
INSERT INTO TecnicoExame( TecnicoID, ExameID) VALUES (382,958);
INSERT INTO Evento(EventoID,Descricao, Data, Admissao, Quarto) VALUES (959, "descricao","1/10/1985 2:26:19" ,206, 183);
INSERT INTO Exame( EventoID, Nome, Descricao) VALUES (959,"Sangue","descricao");
INSERT INTO TecnicoExame( TecnicoID, ExameID) VALUES (369,959);
INSERT INTO Evento(EventoID,Descricao, Data, Admissao, Quarto) VALUES (960, "descricao","25/11/2002 7:13:8" ,208, 180);
INSERT INTO Exame( EventoID, Nome, Descricao) VALUES (960,"toracoscopia","descricao");
INSERT INTO TecnicoExame( TecnicoID, ExameID) VALUES (379,960);
INSERT INTO Evento(EventoID,Descricao, Data, Admissao, Quarto) VALUES (961, "descricao","19/12/1968 14:38:30" ,136, 248);
INSERT INTO Exame( EventoID, Nome, Descricao) VALUES (961,"Urina","descricao");
INSERT INTO TecnicoExame( TecnicoID, ExameID) VALUES (367,961);
INSERT INTO Evento(EventoID,Descricao, Data, Admissao, Quarto) VALUES (962, "descricao","9/1/2003 22:12:36" ,455, 234);
INSERT INTO Exame( EventoID, Nome, Descricao) VALUES (962,"broncoscopia","descricao");
INSERT INTO TecnicoExame( TecnicoID, ExameID) VALUES (382,962);
INSERT INTO Evento(EventoID,Descricao, Data, Admissao, Quarto) VALUES (963, "descricao","10/12/1994 22:21:3" ,158, 130);
INSERT INTO Exame( EventoID, Nome, Descricao) VALUES (963,"Sangue","descricao");
INSERT INTO TecnicoExame( TecnicoID, ExameID) VALUES (368,963);
INSERT INTO Evento(EventoID,Descricao, Data, Admissao, Quarto) VALUES (964, "descricao","11/12/1971 7:38:23" ,255, 211);
INSERT INTO Exame( EventoID, Nome, Descricao) VALUES (964,"laparoscopia","descricao");
INSERT INTO TecnicoExame( TecnicoID, ExameID) VALUES (377,964);
INSERT INTO Evento(EventoID,Descricao, Data, Admissao, Quarto) VALUES (965, "descricao","20/1/1989 10:34:43" ,289, 211);
INSERT INTO Exame( EventoID, Nome, Descricao) VALUES (965,"esofagoscopia","descricao");
INSERT INTO TecnicoExame( TecnicoID, ExameID) VALUES (373,965);
INSERT INTO Evento(EventoID,Descricao, Data, Admissao, Quarto) VALUES (966, "descricao","27/8/2011 21:50:38" ,306, 145);
INSERT INTO Exame( EventoID, Nome, Descricao) VALUES (966,"liquido cefalorraquidiano","descricao");
INSERT INTO TecnicoExame( TecnicoID, ExameID) VALUES (373,966);
INSERT INTO Evento(EventoID,Descricao, Data, Admissao, Quarto) VALUES (967, "descricao","23/1/1965 16:57:17" ,177, 224);
INSERT INTO Exame( EventoID, Nome, Descricao) VALUES (967,"liquido sinovial","descricao");
INSERT INTO TecnicoExame( TecnicoID, ExameID) VALUES (373,967);
INSERT INTO Evento(EventoID,Descricao, Data, Admissao, Quarto) VALUES (968, "descricao","8/5/2008 21:8:21" ,149, 238);
INSERT INTO Exame( EventoID, Nome, Descricao) VALUES (968,"cistoscopia","descricao");
INSERT INTO TecnicoExame( TecnicoID, ExameID) VALUES (367,968);
INSERT INTO Evento(EventoID,Descricao, Data, Admissao, Quarto) VALUES (969, "descricao","26/8/1975 7:19:33" ,451, 118);
INSERT INTO Exame( EventoID, Nome, Descricao) VALUES (969,"cistoscopia","descricao");
INSERT INTO TecnicoExame( TecnicoID, ExameID) VALUES (371,969);
INSERT INTO Evento(EventoID,Descricao, Data, Admissao, Quarto) VALUES (970, "descricao","28/12/1985 10:15:15" ,12, 139);
INSERT INTO Exame( EventoID, Nome, Descricao) VALUES (970,"broncoscopia","descricao");
INSERT INTO TecnicoExame( TecnicoID, ExameID) VALUES (373,970);
INSERT INTO Evento(EventoID,Descricao, Data, Admissao, Quarto) VALUES (971, "descricao","9/8/1989 7:37:59" ,124, 213);
INSERT INTO Exame( EventoID, Nome, Descricao) VALUES (971,"liquido cefalorraquidiano","descricao");
INSERT INTO TecnicoExame( TecnicoID, ExameID) VALUES (374,971);
INSERT INTO Evento(EventoID,Descricao, Data, Admissao, Quarto) VALUES (972, "descricao","6/9/2019 9:2:7" ,333, 234);
INSERT INTO Exame( EventoID, Nome, Descricao) VALUES (972,"laparoscopia","descricao");
INSERT INTO TecnicoExame( TecnicoID, ExameID) VALUES (370,972);
INSERT INTO Evento(EventoID,Descricao, Data, Admissao, Quarto) VALUES (973, "descricao","21/1/1970 7:5:39" ,279, 208);
INSERT INTO Exame( EventoID, Nome, Descricao) VALUES (973,"laparoscopia","descricao");
INSERT INTO TecnicoExame( TecnicoID, ExameID) VALUES (373,973);
INSERT INTO Evento(EventoID,Descricao, Data, Admissao, Quarto) VALUES (974, "descricao","2/10/1970 22:20:50" ,239, 147);
INSERT INTO Exame( EventoID, Nome, Descricao) VALUES (974,"liquido cefalorraquidiano","descricao");
INSERT INTO TecnicoExame( TecnicoID, ExameID) VALUES (372,974);
INSERT INTO Evento(EventoID,Descricao, Data, Admissao, Quarto) VALUES (975, "descricao","25/8/1968 11:17:20" ,449, 208);
INSERT INTO Exame( EventoID, Nome, Descricao) VALUES (975,"cistoscopia","descricao");
INSERT INTO TecnicoExame( TecnicoID, ExameID) VALUES (371,975);
INSERT INTO Evento(EventoID,Descricao, Data, Admissao, Quarto) VALUES (976, "descricao","28/5/2003 3:41:50" ,107, 169);
INSERT INTO Exame( EventoID, Nome, Descricao) VALUES (976,"mediastinoscopia","descricao");
INSERT INTO TecnicoExame( TecnicoID, ExameID) VALUES (368,976);
INSERT INTO Evento(EventoID,Descricao, Data, Admissao, Quarto) VALUES (977, "descricao","7/7/1983 3:29:50" ,492, 229);
INSERT INTO Exame( EventoID, Nome, Descricao) VALUES (977,"liquido sinovial","descricao");
INSERT INTO TecnicoExame( TecnicoID, ExameID) VALUES (367,977);
INSERT INTO Evento(EventoID,Descricao, Data, Admissao, Quarto) VALUES (978, "descricao","17/11/1989 20:30:54" ,72, 169);
INSERT INTO Exame( EventoID, Nome, Descricao) VALUES (978,"laparoscopia","descricao");
INSERT INTO TecnicoExame( TecnicoID, ExameID) VALUES (368,978);
INSERT INTO Evento(EventoID,Descricao, Data, Admissao, Quarto) VALUES (979, "descricao","27/7/2004 21:1:43" ,470, 242);
INSERT INTO Exame( EventoID, Nome, Descricao) VALUES (979,"Urina","descricao");
INSERT INTO TecnicoExame( TecnicoID, ExameID) VALUES (377,979);
INSERT INTO Evento(EventoID,Descricao, Data, Admissao, Quarto) VALUES (980, "descricao","18/6/2009 16:4:15" ,44, 138);
INSERT INTO Exame( EventoID, Nome, Descricao) VALUES (980,"liquido cefalorraquidiano","descricao");
INSERT INTO TecnicoExame( TecnicoID, ExameID) VALUES (373,980);
INSERT INTO Evento(EventoID,Descricao, Data, Admissao, Quarto) VALUES (981, "descricao","7/11/2009 8:16:8" ,68, 233);
INSERT INTO Exame( EventoID, Nome, Descricao) VALUES (981,"laparoscopia","descricao");
INSERT INTO TecnicoExame( TecnicoID, ExameID) VALUES (368,981);
INSERT INTO Evento(EventoID,Descricao, Data, Admissao, Quarto) VALUES (982, "descricao","16/4/2017 3:49:28" ,81, 134);
INSERT INTO Exame( EventoID, Nome, Descricao) VALUES (982,"liquido cefalorraquidiano","descricao");
INSERT INTO TecnicoExame( TecnicoID, ExameID) VALUES (373,982);
INSERT INTO Evento(EventoID,Descricao, Data, Admissao, Quarto) VALUES (983, "descricao","12/7/1984 10:23:26" ,382, 152);
INSERT INTO Exame( EventoID, Nome, Descricao) VALUES (983,"toracoscopia","descricao");
INSERT INTO TecnicoExame( TecnicoID, ExameID) VALUES (368,983);
INSERT INTO Evento(EventoID,Descricao, Data, Admissao, Quarto) VALUES (984, "descricao","5/4/2011 8:49:40" ,266, 243);
INSERT INTO Exame( EventoID, Nome, Descricao) VALUES (984,"liquido cefalorraquidiano","descricao");
INSERT INTO TecnicoExame( TecnicoID, ExameID) VALUES (376,984);
INSERT INTO Evento(EventoID,Descricao, Data, Admissao, Quarto) VALUES (985, "descricao","10/1/2008 10:12:6" ,490, 101);
INSERT INTO Exame( EventoID, Nome, Descricao) VALUES (985,"Sangue","descricao");
INSERT INTO TecnicoExame( TecnicoID, ExameID) VALUES (367,985);
INSERT INTO Evento(EventoID,Descricao, Data, Admissao, Quarto) VALUES (986, "descricao","4/2/1976 17:39:55" ,229, 200);
INSERT INTO Exame( EventoID, Nome, Descricao) VALUES (986,"laparoscopia","descricao");
INSERT INTO TecnicoExame( TecnicoID, ExameID) VALUES (372,986);
INSERT INTO Evento(EventoID,Descricao, Data, Admissao, Quarto) VALUES (987, "descricao","15/2/2002 6:41:26" ,325, 224);
INSERT INTO Exame( EventoID, Nome, Descricao) VALUES (987,"Urina","descricao");
INSERT INTO TecnicoExame( TecnicoID, ExameID) VALUES (374,987);
INSERT INTO Evento(EventoID,Descricao, Data, Admissao, Quarto) VALUES (988, "descricao","1/3/1992 20:13:26" ,373, 218);
INSERT INTO Exame( EventoID, Nome, Descricao) VALUES (988,"liquido cefalorraquidiano","descricao");
INSERT INTO TecnicoExame( TecnicoID, ExameID) VALUES (375,988);
INSERT INTO Evento(EventoID,Descricao, Data, Admissao, Quarto) VALUES (989, "descricao","21/7/1991 20:39:59" ,103, 102);
INSERT INTO Exame( EventoID, Nome, Descricao) VALUES (989,"liquido sinovial","descricao");
INSERT INTO TecnicoExame( TecnicoID, ExameID) VALUES (372,989);
INSERT INTO Evento(EventoID,Descricao, Data, Admissao, Quarto) VALUES (990, "descricao","10/11/2017 3:15:28" ,252, 248);
INSERT INTO Exame( EventoID, Nome, Descricao) VALUES (990,"Urina","descricao");
INSERT INTO TecnicoExame( TecnicoID, ExameID) VALUES (382,990);
INSERT INTO Evento(EventoID,Descricao, Data, Admissao, Quarto) VALUES (991, "descricao","21/5/1973 18:52:20" ,155, 155);
INSERT INTO Exame( EventoID, Nome, Descricao) VALUES (991,"Urina","descricao");
INSERT INTO TecnicoExame( TecnicoID, ExameID) VALUES (381,991);
INSERT INTO Evento(EventoID,Descricao, Data, Admissao, Quarto) VALUES (992, "descricao","27/6/1980 0:6:48" ,267, 179);
INSERT INTO Exame( EventoID, Nome, Descricao) VALUES (992,"broncoscopia","descricao");
INSERT INTO TecnicoExame( TecnicoID, ExameID) VALUES (373,992);
INSERT INTO Evento(EventoID,Descricao, Data, Admissao, Quarto) VALUES (993, "descricao","4/6/2015 5:36:52" ,259, 205);
INSERT INTO Exame( EventoID, Nome, Descricao) VALUES (993,"mediastinoscopia","descricao");
INSERT INTO TecnicoExame( TecnicoID, ExameID) VALUES (371,993);
INSERT INTO Evento(EventoID,Descricao, Data, Admissao, Quarto) VALUES (994, "descricao","16/10/2012 17:18:51" ,487, 238);
INSERT INTO Exame( EventoID, Nome, Descricao) VALUES (994,"toracoscopia","descricao");
INSERT INTO TecnicoExame( TecnicoID, ExameID) VALUES (380,994);
INSERT INTO Evento(EventoID,Descricao, Data, Admissao, Quarto) VALUES (995, "descricao","4/3/2012 18:46:16" ,272, 176);
INSERT INTO Exame( EventoID, Nome, Descricao) VALUES (995,"broncoscopia","descricao");
INSERT INTO TecnicoExame( TecnicoID, ExameID) VALUES (367,995);
INSERT INTO Evento(EventoID,Descricao, Data, Admissao, Quarto) VALUES (996, "descricao","7/7/2006 6:3:59" ,207, 197);
INSERT INTO Exame( EventoID, Nome, Descricao) VALUES (996,"mediastinoscopia","descricao");
INSERT INTO TecnicoExame( TecnicoID, ExameID) VALUES (381,996);
INSERT INTO Evento(EventoID,Descricao, Data, Admissao, Quarto) VALUES (997, "descricao","11/10/1986 12:53:2" ,375, 234);
INSERT INTO Exame( EventoID, Nome, Descricao) VALUES (997,"cistoscopia","descricao");
INSERT INTO TecnicoExame( TecnicoID, ExameID) VALUES (380,997);
INSERT INTO Evento(EventoID,Descricao, Data, Admissao, Quarto) VALUES (998, "descricao","21/5/1976 1:20:49" ,184, 158);
INSERT INTO Exame( EventoID, Nome, Descricao) VALUES (998,"toracoscopia","descricao");
INSERT INTO TecnicoExame( TecnicoID, ExameID) VALUES (382,998);
INSERT INTO Evento(EventoID,Descricao, Data, Admissao, Quarto) VALUES (999, "descricao","24/2/2014 22:27:46" ,319, 117);
INSERT INTO Exame( EventoID, Nome, Descricao) VALUES (999,"liquido cefalorraquidiano","descricao");
INSERT INTO TecnicoExame( TecnicoID, ExameID) VALUES (371,999);
INSERT INTO Evento(EventoID,Descricao, Data, Admissao, Quarto) VALUES (1000, "descricao","24/10/2014 11:22:49" ,35, 130);
INSERT INTO Exame( EventoID, Nome, Descricao) VALUES (1000,"Urina","descricao");
INSERT INTO TecnicoExame( TecnicoID, ExameID) VALUES (377,1000);
INSERT INTO Evento(EventoID,Descricao, Data, Admissao, Quarto) VALUES (1001, "descricao","22/11/1974 12:36:55" ,315, 210);
INSERT INTO Exame( EventoID, Nome, Descricao) VALUES (1001,"Sangue","descricao");
INSERT INTO TecnicoExame( TecnicoID, ExameID) VALUES (373,1001);
INSERT INTO Evento(EventoID,Descricao, Data, Admissao, Quarto) VALUES (1002, "descricao","4/10/1992 17:40:54" ,119, 110);
INSERT INTO Exame( EventoID, Nome, Descricao) VALUES (1002,"liquido cefalorraquidiano","descricao");
INSERT INTO TecnicoExame( TecnicoID, ExameID) VALUES (367,1002);
INSERT INTO Evento(EventoID,Descricao, Data, Admissao, Quarto) VALUES (1003, "descricao","16/3/1977 17:50:11" ,283, 248);
INSERT INTO Exame( EventoID, Nome, Descricao) VALUES (1003,"toracoscopia","descricao");
INSERT INTO TecnicoExame( TecnicoID, ExameID) VALUES (369,1003);
INSERT INTO Evento(EventoID,Descricao, Data, Admissao, Quarto) VALUES (1004, "descricao","3/12/2005 13:2:34" ,130, 184);
INSERT INTO Exame( EventoID, Nome, Descricao) VALUES (1004,"liquido sinovial","descricao");
INSERT INTO TecnicoExame( TecnicoID, ExameID) VALUES (369,1004);
INSERT INTO Evento(EventoID,Descricao, Data, Admissao, Quarto) VALUES (1005, "descricao","11/12/1994 3:34:11" ,402, 155);
INSERT INTO Exame( EventoID, Nome, Descricao) VALUES (1005,"laparoscopia","descricao");
INSERT INTO TecnicoExame( TecnicoID, ExameID) VALUES (368,1005);
INSERT INTO Evento(EventoID,Descricao, Data, Admissao, Quarto) VALUES (1006, "descricao","13/8/1988 2:34:32" ,400, 121);
INSERT INTO Exame( EventoID, Nome, Descricao) VALUES (1006,"mediastinoscopia","descricao");
INSERT INTO TecnicoExame( TecnicoID, ExameID) VALUES (370,1006);
INSERT INTO Evento(EventoID,Descricao, Data, Admissao, Quarto) VALUES (1007, "descricao","23/12/1974 21:47:53" ,346, 215);
INSERT INTO Exame( EventoID, Nome, Descricao) VALUES (1007,"liquido cefalorraquidiano","descricao");
INSERT INTO TecnicoExame( TecnicoID, ExameID) VALUES (369,1007);
INSERT INTO Evento(EventoID,Descricao, Data, Admissao, Quarto) VALUES (1008, "descricao","10/5/1985 7:58:50" ,287, 189);
INSERT INTO Exame( EventoID, Nome, Descricao) VALUES (1008,"mediastinoscopia","descricao");
INSERT INTO TecnicoExame( TecnicoID, ExameID) VALUES (377,1008);
INSERT INTO Evento(EventoID,Descricao, Data, Admissao, Quarto) VALUES (1009, "descricao","21/6/1985 4:56:37" ,90, 165);
INSERT INTO Exame( EventoID, Nome, Descricao) VALUES (1009,"toracoscopia","descricao");
INSERT INTO TecnicoExame( TecnicoID, ExameID) VALUES (367,1009);
INSERT INTO Evento(EventoID,Descricao, Data, Admissao, Quarto) VALUES (1010, "descricao","22/6/1969 12:24:19" ,161, 145);
INSERT INTO Exame( EventoID, Nome, Descricao) VALUES (1010,"laparoscopia","descricao");
INSERT INTO TecnicoExame( TecnicoID, ExameID) VALUES (372,1010);
INSERT INTO Evento(EventoID,Descricao, Data, Admissao, Quarto) VALUES (1011, "descricao","20/12/2013 7:45:20" ,76, 103);
INSERT INTO Exame( EventoID, Nome, Descricao) VALUES (1011,"Urina","descricao");
INSERT INTO TecnicoExame( TecnicoID, ExameID) VALUES (369,1011);
INSERT INTO Evento(EventoID,Descricao, Data, Admissao, Quarto) VALUES (1012, "descricao","7/1/2004 8:48:0" ,421, 171);
INSERT INTO Exame( EventoID, Nome, Descricao) VALUES (1012,"toracoscopia","descricao");
INSERT INTO TecnicoExame( TecnicoID, ExameID) VALUES (376,1012);
INSERT INTO Evento(EventoID,Descricao, Data, Admissao, Quarto) VALUES (1013, "descricao","25/11/1968 6:22:1" ,42, 229);
INSERT INTO Exame( EventoID, Nome, Descricao) VALUES (1013,"mediastinoscopia","descricao");
INSERT INTO TecnicoExame( TecnicoID, ExameID) VALUES (377,1013);
INSERT INTO Evento(EventoID,Descricao, Data, Admissao, Quarto) VALUES (1014, "descricao","7/12/2017 12:52:37" ,27, 139);
INSERT INTO Exame( EventoID, Nome, Descricao) VALUES (1014,"mediastinoscopia","descricao");
INSERT INTO TecnicoExame( TecnicoID, ExameID) VALUES (374,1014);
INSERT INTO Evento(EventoID,Descricao, Data, Admissao, Quarto) VALUES (1015, "descricao","17/3/2011 0:7:6" ,315, 119);
INSERT INTO Exame( EventoID, Nome, Descricao) VALUES (1015,"liquido cefalorraquidiano","descricao");
INSERT INTO TecnicoExame( TecnicoID, ExameID) VALUES (380,1015);
INSERT INTO Evento(EventoID,Descricao, Data, Admissao, Quarto) VALUES (1016, "descricao","14/10/1979 10:23:42" ,211, 182);
INSERT INTO Exame( EventoID, Nome, Descricao) VALUES (1016,"Sangue","descricao");
INSERT INTO TecnicoExame( TecnicoID, ExameID) VALUES (374,1016);
INSERT INTO Evento(EventoID,Descricao, Data, Admissao, Quarto) VALUES (1017, "descricao","25/5/1995 18:33:58" ,244, 232);
INSERT INTO Exame( EventoID, Nome, Descricao) VALUES (1017,"esofagoscopia","descricao");
INSERT INTO TecnicoExame( TecnicoID, ExameID) VALUES (378,1017);
INSERT INTO Evento(EventoID,Descricao, Data, Admissao, Quarto) VALUES (1018, "descricao","12/8/1961 19:57:18" ,177, 194);
INSERT INTO Exame( EventoID, Nome, Descricao) VALUES (1018,"esofagoscopia","descricao");
INSERT INTO TecnicoExame( TecnicoID, ExameID) VALUES (375,1018);
INSERT INTO Evento(EventoID,Descricao, Data, Admissao, Quarto) VALUES (1019, "descricao","25/1/1969 10:24:38" ,107, 142);
INSERT INTO Exame( EventoID, Nome, Descricao) VALUES (1019,"esofagoscopia","descricao");
INSERT INTO TecnicoExame( TecnicoID, ExameID) VALUES (367,1019);
INSERT INTO Evento(EventoID,Descricao, Data, Admissao, Quarto) VALUES (1020, "descricao","1/8/2014 20:34:14" ,384, 197);
INSERT INTO Exame( EventoID, Nome, Descricao) VALUES (1020,"Urina","descricao");
INSERT INTO TecnicoExame( TecnicoID, ExameID) VALUES (370,1020);
INSERT INTO Evento(EventoID,Descricao, Data, Admissao, Quarto) VALUES (1021, "descricao","21/11/2019 17:0:41" ,240, 134);
INSERT INTO Exame( EventoID, Nome, Descricao) VALUES (1021,"Sangue","descricao");
INSERT INTO TecnicoExame( TecnicoID, ExameID) VALUES (374,1021);
INSERT INTO Evento(EventoID,Descricao, Data, Admissao, Quarto) VALUES (1022, "descricao","20/11/1996 18:29:20" ,58, 232);
INSERT INTO Exame( EventoID, Nome, Descricao) VALUES (1022,"Urina","descricao");
INSERT INTO TecnicoExame( TecnicoID, ExameID) VALUES (375,1022);
INSERT INTO Evento(EventoID,Descricao, Data, Admissao, Quarto) VALUES (1023, "descricao","11/6/1996 19:25:39" ,423, 102);
INSERT INTO Exame( EventoID, Nome, Descricao) VALUES (1023,"liquido cefalorraquidiano","descricao");
INSERT INTO TecnicoExame( TecnicoID, ExameID) VALUES (372,1023);
INSERT INTO Evento(EventoID,Descricao, Data, Admissao, Quarto) VALUES (1024, "descricao","11/1/1961 22:8:8" ,394, 107);
INSERT INTO Exame( EventoID, Nome, Descricao) VALUES (1024,"laringoscopia","descricao");
INSERT INTO TecnicoExame( TecnicoID, ExameID) VALUES (373,1024);
INSERT INTO Evento(EventoID,Descricao, Data, Admissao, Quarto) VALUES (1025, "descricao","5/2/1978 9:7:25" ,51, 161);
INSERT INTO Exame( EventoID, Nome, Descricao) VALUES (1025,"Urina","descricao");
INSERT INTO TecnicoExame( TecnicoID, ExameID) VALUES (370,1025);
INSERT INTO Evento(EventoID,Descricao, Data, Admissao, Quarto) VALUES (1026, "descricao","8/10/1991 23:49:1" ,433, 145);
INSERT INTO Exame( EventoID, Nome, Descricao) VALUES (1026,"esofagoscopia","descricao");
INSERT INTO TecnicoExame( TecnicoID, ExameID) VALUES (368,1026);
INSERT INTO Evento(EventoID,Descricao, Data, Admissao, Quarto) VALUES (1027, "descricao","17/7/1968 13:37:27" ,393, 181);
INSERT INTO Exame( EventoID, Nome, Descricao) VALUES (1027,"Urina","descricao");
INSERT INTO TecnicoExame( TecnicoID, ExameID) VALUES (370,1027);
INSERT INTO Evento(EventoID,Descricao, Data, Admissao, Quarto) VALUES (1028, "descricao","28/1/1960 6:43:17" ,123, 237);
INSERT INTO Exame( EventoID, Nome, Descricao) VALUES (1028,"esofagoscopia","descricao");
INSERT INTO TecnicoExame( TecnicoID, ExameID) VALUES (368,1028);
INSERT INTO Evento(EventoID,Descricao, Data, Admissao, Quarto) VALUES (1029, "descricao","25/6/1964 20:17:6" ,35, 230);
INSERT INTO Exame( EventoID, Nome, Descricao) VALUES (1029,"laringoscopia","descricao");
INSERT INTO TecnicoExame( TecnicoID, ExameID) VALUES (379,1029);
INSERT INTO Evento(EventoID,Descricao, Data, Admissao, Quarto) VALUES (1030, "descricao","22/2/2011 9:33:20" ,31, 151);
INSERT INTO Exame( EventoID, Nome, Descricao) VALUES (1030,"esofagoscopia","descricao");
INSERT INTO TecnicoExame( TecnicoID, ExameID) VALUES (382,1030);
INSERT INTO Evento(EventoID,Descricao, Data, Admissao, Quarto) VALUES (1031, "descricao","19/3/1960 10:40:37" ,277, 248);
INSERT INTO Exame( EventoID, Nome, Descricao) VALUES (1031,"laringoscopia","descricao");
INSERT INTO TecnicoExame( TecnicoID, ExameID) VALUES (375,1031);
INSERT INTO Evento(EventoID,Descricao, Data, Admissao, Quarto) VALUES (1032, "descricao","19/8/1994 21:48:28" ,388, 137);
INSERT INTO Exame( EventoID, Nome, Descricao) VALUES (1032,"cistoscopia","descricao");
INSERT INTO TecnicoExame( TecnicoID, ExameID) VALUES (371,1032);
INSERT INTO Evento(EventoID,Descricao, Data, Admissao, Quarto) VALUES (1033, "descricao","14/3/1967 8:16:51" ,14, 233);
INSERT INTO Exame( EventoID, Nome, Descricao) VALUES (1033,"broncoscopia","descricao");
INSERT INTO TecnicoExame( TecnicoID, ExameID) VALUES (379,1033);
INSERT INTO Evento(EventoID,Descricao, Data, Admissao, Quarto) VALUES (1034, "descricao","15/2/2005 2:21:46" ,277, 242);
INSERT INTO Exame( EventoID, Nome, Descricao) VALUES (1034,"esofagoscopia","descricao");
INSERT INTO TecnicoExame( TecnicoID, ExameID) VALUES (371,1034);
INSERT INTO Evento(EventoID,Descricao, Data, Admissao, Quarto) VALUES (1035, "descricao","26/5/2017 22:49:20" ,103, 117);
INSERT INTO Exame( EventoID, Nome, Descricao) VALUES (1035,"esofagoscopia","descricao");
INSERT INTO TecnicoExame( TecnicoID, ExameID) VALUES (372,1035);
INSERT INTO Evento(EventoID,Descricao, Data, Admissao, Quarto) VALUES (1036, "descricao","20/8/1968 17:38:23" ,12, 137);
INSERT INTO Exame( EventoID, Nome, Descricao) VALUES (1036,"liquido sinovial","descricao");
INSERT INTO TecnicoExame( TecnicoID, ExameID) VALUES (368,1036);
INSERT INTO Evento(EventoID,Descricao, Data, Admissao, Quarto) VALUES (1037, "descricao","7/10/1966 5:17:19" ,483, 228);
INSERT INTO Exame( EventoID, Nome, Descricao) VALUES (1037,"broncoscopia","descricao");
INSERT INTO TecnicoExame( TecnicoID, ExameID) VALUES (373,1037);
INSERT INTO Evento(EventoID,Descricao, Data, Admissao, Quarto) VALUES (1038, "descricao","27/7/1988 12:34:44" ,489, 244);
INSERT INTO Exame( EventoID, Nome, Descricao) VALUES (1038,"laparoscopia","descricao");
INSERT INTO TecnicoExame( TecnicoID, ExameID) VALUES (367,1038);
INSERT INTO Evento(EventoID,Descricao, Data, Admissao, Quarto) VALUES (1039, "descricao","2/9/1974 3:49:29" ,154, 152);
INSERT INTO Exame( EventoID, Nome, Descricao) VALUES (1039,"mediastinoscopia","descricao");
INSERT INTO TecnicoExame( TecnicoID, ExameID) VALUES (380,1039);
INSERT INTO Evento(EventoID,Descricao, Data, Admissao, Quarto) VALUES (1040, "descricao","17/4/1972 21:32:26" ,427, 154);
INSERT INTO Exame( EventoID, Nome, Descricao) VALUES (1040,"cistoscopia","descricao");
INSERT INTO TecnicoExame( TecnicoID, ExameID) VALUES (370,1040);
INSERT INTO Evento(EventoID,Descricao, Data, Admissao, Quarto) VALUES (1041, "descricao","7/9/1977 18:44:13" ,360, 121);
INSERT INTO Exame( EventoID, Nome, Descricao) VALUES (1041,"toracoscopia","descricao");
INSERT INTO TecnicoExame( TecnicoID, ExameID) VALUES (372,1041);
INSERT INTO Evento(EventoID,Descricao, Data, Admissao, Quarto) VALUES (1042, "descricao","2/10/2016 3:50:30" ,175, 148);
INSERT INTO Exame( EventoID, Nome, Descricao) VALUES (1042,"broncoscopia","descricao");
INSERT INTO TecnicoExame( TecnicoID, ExameID) VALUES (372,1042);
INSERT INTO Evento(EventoID,Descricao, Data, Admissao, Quarto) VALUES (1043, "descricao","17/1/2002 0:44:1" ,36, 185);
INSERT INTO Exame( EventoID, Nome, Descricao) VALUES (1043,"Urina","descricao");
INSERT INTO TecnicoExame( TecnicoID, ExameID) VALUES (374,1043);
INSERT INTO Evento(EventoID,Descricao, Data, Admissao, Quarto) VALUES (1044, "descricao","17/1/1998 14:1:55" ,286, 244);
INSERT INTO Exame( EventoID, Nome, Descricao) VALUES (1044,"esofagoscopia","descricao");
INSERT INTO TecnicoExame( TecnicoID, ExameID) VALUES (374,1044);
INSERT INTO Evento(EventoID,Descricao, Data, Admissao, Quarto) VALUES (1045, "descricao","16/8/1987 22:28:59" ,326, 244);
INSERT INTO Exame( EventoID, Nome, Descricao) VALUES (1045,"liquido sinovial","descricao");
INSERT INTO TecnicoExame( TecnicoID, ExameID) VALUES (369,1045);
INSERT INTO Evento(EventoID,Descricao, Data, Admissao, Quarto) VALUES (1046, "descricao","25/4/2019 13:19:39" ,262, 149);
INSERT INTO Exame( EventoID, Nome, Descricao) VALUES (1046,"Sangue","descricao");
INSERT INTO TecnicoExame( TecnicoID, ExameID) VALUES (372,1046);
INSERT INTO Evento(EventoID,Descricao, Data, Admissao, Quarto) VALUES (1047, "descricao","26/7/1984 16:21:55" ,230, 169);
INSERT INTO Exame( EventoID, Nome, Descricao) VALUES (1047,"Sangue","descricao");
INSERT INTO TecnicoExame( TecnicoID, ExameID) VALUES (368,1047);
INSERT INTO Evento(EventoID,Descricao, Data, Admissao, Quarto) VALUES (1048, "descricao","20/3/2011 2:17:58" ,369, 227);
INSERT INTO Exame( EventoID, Nome, Descricao) VALUES (1048,"broncoscopia","descricao");
INSERT INTO TecnicoExame( TecnicoID, ExameID) VALUES (382,1048);
INSERT INTO Evento(EventoID,Descricao, Data, Admissao, Quarto) VALUES (1049, "descricao","1/7/1976 9:55:51" ,211, 202);
INSERT INTO Exame( EventoID, Nome, Descricao) VALUES (1049,"broncoscopia","descricao");
INSERT INTO TecnicoExame( TecnicoID, ExameID) VALUES (368,1049);
INSERT INTO Evento(EventoID,Descricao, Data, Admissao, Quarto) VALUES (1050, "descricao","9/1/1994 7:6:35" ,414, 236);
INSERT INTO Exame( EventoID, Nome, Descricao) VALUES (1050,"cistoscopia","descricao");
INSERT INTO TecnicoExame( TecnicoID, ExameID) VALUES (378,1050);
INSERT INTO Evento(EventoID,Descricao, Data, Admissao, Quarto) VALUES (1051, "descricao","7/2/2015 13:20:38" ,324, 218);
INSERT INTO Exame( EventoID, Nome, Descricao) VALUES (1051,"toracoscopia","descricao");
INSERT INTO TecnicoExame( TecnicoID, ExameID) VALUES (375,1051);
INSERT INTO Evento(EventoID,Descricao, Data, Admissao, Quarto) VALUES (1052, "descricao","5/9/1976 23:25:38" ,441, 131);
INSERT INTO Exame( EventoID, Nome, Descricao) VALUES (1052,"liquido sinovial","descricao");
INSERT INTO TecnicoExame( TecnicoID, ExameID) VALUES (372,1052);
INSERT INTO Evento(EventoID,Descricao, Data, Admissao, Quarto) VALUES (1053, "descricao","5/6/1982 13:20:4" ,268, 217);
INSERT INTO Exame( EventoID, Nome, Descricao) VALUES (1053,"laparoscopia","descricao");
INSERT INTO TecnicoExame( TecnicoID, ExameID) VALUES (371,1053);
INSERT INTO Evento(EventoID,Descricao, Data, Admissao, Quarto) VALUES (1054, "descricao","17/5/1965 23:5:9" ,226, 243);
INSERT INTO Exame( EventoID, Nome, Descricao) VALUES (1054,"toracoscopia","descricao");
INSERT INTO TecnicoExame( TecnicoID, ExameID) VALUES (372,1054);
INSERT INTO Evento(EventoID,Descricao, Data, Admissao, Quarto) VALUES (1055, "descricao","26/10/2015 4:50:21" ,378, 247);
INSERT INTO Exame( EventoID, Nome, Descricao) VALUES (1055,"mediastinoscopia","descricao");
INSERT INTO TecnicoExame( TecnicoID, ExameID) VALUES (371,1055);
INSERT INTO Evento(EventoID,Descricao, Data, Admissao, Quarto) VALUES (1056, "descricao","18/5/1960 18:45:28" ,434, 107);
INSERT INTO Exame( EventoID, Nome, Descricao) VALUES (1056,"liquido sinovial","descricao");
INSERT INTO TecnicoExame( TecnicoID, ExameID) VALUES (370,1056);
INSERT INTO Evento(EventoID,Descricao, Data, Admissao, Quarto) VALUES (1057, "descricao","20/5/1976 4:41:15" ,375, 136);
INSERT INTO Exame( EventoID, Nome, Descricao) VALUES (1057,"toracoscopia","descricao");
INSERT INTO TecnicoExame( TecnicoID, ExameID) VALUES (375,1057);
INSERT INTO Evento(EventoID,Descricao, Data, Admissao, Quarto) VALUES (1058, "descricao","26/11/2016 4:51:2" ,374, 128);
INSERT INTO Exame( EventoID, Nome, Descricao) VALUES (1058,"laparoscopia","descricao");
INSERT INTO TecnicoExame( TecnicoID, ExameID) VALUES (376,1058);
INSERT INTO Evento(EventoID,Descricao, Data, Admissao, Quarto) VALUES (1059, "descricao","20/7/2009 7:42:6" ,26, 170);
INSERT INTO Exame( EventoID, Nome, Descricao) VALUES (1059,"liquido cefalorraquidiano","descricao");
INSERT INTO TecnicoExame( TecnicoID, ExameID) VALUES (382,1059);
INSERT INTO Evento(EventoID,Descricao, Data, Admissao, Quarto) VALUES (1060, "descricao","24/1/1998 13:6:7" ,243, 155);
INSERT INTO Exame( EventoID, Nome, Descricao) VALUES (1060,"liquido cefalorraquidiano","descricao");
INSERT INTO TecnicoExame( TecnicoID, ExameID) VALUES (368,1060);
INSERT INTO Evento(EventoID,Descricao, Data, Admissao, Quarto) VALUES (1061, "descricao","21/10/2019 10:10:12" ,283, 123);
INSERT INTO Exame( EventoID, Nome, Descricao) VALUES (1061,"Urina","descricao");
INSERT INTO TecnicoExame( TecnicoID, ExameID) VALUES (369,1061);
INSERT INTO Evento(EventoID,Descricao, Data, Admissao, Quarto) VALUES (1062, "descricao","3/2/1963 19:39:1" ,28, 179);
INSERT INTO Exame( EventoID, Nome, Descricao) VALUES (1062,"laparoscopia","descricao");
INSERT INTO TecnicoExame( TecnicoID, ExameID) VALUES (374,1062);
INSERT INTO Evento(EventoID,Descricao, Data, Admissao, Quarto) VALUES (1063, "descricao","23/5/1961 23:12:59" ,169, 191);
INSERT INTO Exame( EventoID, Nome, Descricao) VALUES (1063,"Sangue","descricao");
INSERT INTO TecnicoExame( TecnicoID, ExameID) VALUES (382,1063);
INSERT INTO Evento(EventoID,Descricao, Data, Admissao, Quarto) VALUES (1064, "descricao","21/5/1963 20:24:17" ,438, 231);
INSERT INTO Exame( EventoID, Nome, Descricao) VALUES (1064,"mediastinoscopia","descricao");
INSERT INTO TecnicoExame( TecnicoID, ExameID) VALUES (371,1064);
INSERT INTO Evento(EventoID,Descricao, Data, Admissao, Quarto) VALUES (1065, "descricao","16/9/1977 9:26:47" ,465, 157);
INSERT INTO Exame( EventoID, Nome, Descricao) VALUES (1065,"Urina","descricao");
INSERT INTO TecnicoExame( TecnicoID, ExameID) VALUES (382,1065);
INSERT INTO Evento(EventoID,Descricao, Data, Admissao, Quarto) VALUES (1066, "descricao","8/8/1977 6:13:0" ,447, 131);
INSERT INTO Exame( EventoID, Nome, Descricao) VALUES (1066,"laparoscopia","descricao");
INSERT INTO TecnicoExame( TecnicoID, ExameID) VALUES (367,1066);
INSERT INTO Evento(EventoID,Descricao, Data, Admissao, Quarto) VALUES (1067, "descricao","14/5/2009 7:22:55" ,146, 110);
INSERT INTO Exame( EventoID, Nome, Descricao) VALUES (1067,"liquido cefalorraquidiano","descricao");
INSERT INTO TecnicoExame( TecnicoID, ExameID) VALUES (367,1067);
INSERT INTO Evento(EventoID,Descricao, Data, Admissao, Quarto) VALUES (1068, "descricao","12/5/1997 4:21:52" ,39, 142);
INSERT INTO Exame( EventoID, Nome, Descricao) VALUES (1068,"liquido sinovial","descricao");
INSERT INTO TecnicoExame( TecnicoID, ExameID) VALUES (370,1068);
INSERT INTO Evento(EventoID,Descricao, Data, Admissao, Quarto) VALUES (1069, "descricao","13/2/2013 5:42:55" ,311, 110);
INSERT INTO Exame( EventoID, Nome, Descricao) VALUES (1069,"esofagoscopia","descricao");
INSERT INTO TecnicoExame( TecnicoID, ExameID) VALUES (371,1069);
INSERT INTO Evento(EventoID,Descricao, Data, Admissao, Quarto) VALUES (1070, "descricao","27/8/1965 13:34:13" ,373, 139);
INSERT INTO Exame( EventoID, Nome, Descricao) VALUES (1070,"Sangue","descricao");
INSERT INTO TecnicoExame( TecnicoID, ExameID) VALUES (381,1070);
INSERT INTO Evento(EventoID,Descricao, Data, Admissao, Quarto) VALUES (1071, "descricao","9/6/2018 7:34:21" ,473, 232);
INSERT INTO Exame( EventoID, Nome, Descricao) VALUES (1071,"mediastinoscopia","descricao");
INSERT INTO TecnicoExame( TecnicoID, ExameID) VALUES (368,1071);
INSERT INTO Evento(EventoID,Descricao, Data, Admissao, Quarto) VALUES (1072, "descricao","20/7/1993 7:32:19" ,86, 240);
INSERT INTO Exame( EventoID, Nome, Descricao) VALUES (1072,"liquido cefalorraquidiano","descricao");
INSERT INTO TecnicoExame( TecnicoID, ExameID) VALUES (378,1072);
INSERT INTO Evento(EventoID,Descricao, Data, Admissao, Quarto) VALUES (1073, "descricao","12/5/2015 18:59:39" ,114, 149);
INSERT INTO Exame( EventoID, Nome, Descricao) VALUES (1073,"Urina","descricao");
INSERT INTO TecnicoExame( TecnicoID, ExameID) VALUES (378,1073);
INSERT INTO Evento(EventoID,Descricao, Data, Admissao, Quarto) VALUES (1074, "descricao","10/11/1991 3:32:9" ,385, 208);
INSERT INTO Exame( EventoID, Nome, Descricao) VALUES (1074,"cistoscopia","descricao");
INSERT INTO TecnicoExame( TecnicoID, ExameID) VALUES (376,1074);
INSERT INTO Evento(EventoID,Descricao, Data, Admissao, Quarto) VALUES (1075, "descricao","7/8/2005 17:14:55" ,308, 178);
INSERT INTO Exame( EventoID, Nome, Descricao) VALUES (1075,"mediastinoscopia","descricao");
INSERT INTO TecnicoExame( TecnicoID, ExameID) VALUES (367,1075);
INSERT INTO Evento(EventoID,Descricao, Data, Admissao, Quarto) VALUES (1076, "descricao","14/12/2003 9:38:9" ,96, 120);
INSERT INTO Exame( EventoID, Nome, Descricao) VALUES (1076,"Urina","descricao");
INSERT INTO TecnicoExame( TecnicoID, ExameID) VALUES (375,1076);
INSERT INTO Evento(EventoID,Descricao, Data, Admissao, Quarto) VALUES (1077, "descricao","6/5/1965 12:44:52" ,339, 168);
INSERT INTO Exame( EventoID, Nome, Descricao) VALUES (1077,"esofagoscopia","descricao");
INSERT INTO TecnicoExame( TecnicoID, ExameID) VALUES (375,1077);
INSERT INTO Evento(EventoID,Descricao, Data, Admissao, Quarto) VALUES (1078, "descricao","6/12/1997 0:28:39" ,69, 218);
INSERT INTO Exame( EventoID, Nome, Descricao) VALUES (1078,"mediastinoscopia","descricao");
INSERT INTO TecnicoExame( TecnicoID, ExameID) VALUES (381,1078);
INSERT INTO Evento(EventoID,Descricao, Data, Admissao, Quarto) VALUES (1079, "descricao","3/9/1979 21:35:51" ,51, 120);
INSERT INTO Exame( EventoID, Nome, Descricao) VALUES (1079,"cistoscopia","descricao");
INSERT INTO TecnicoExame( TecnicoID, ExameID) VALUES (367,1079);
INSERT INTO Evento(EventoID,Descricao, Data, Admissao, Quarto) VALUES (1080, "descricao","15/3/1986 6:22:40" ,258, 230);
INSERT INTO Exame( EventoID, Nome, Descricao) VALUES (1080,"cistoscopia","descricao");
INSERT INTO TecnicoExame( TecnicoID, ExameID) VALUES (370,1080);
INSERT INTO Evento(EventoID,Descricao, Data, Admissao, Quarto) VALUES (1081, "descricao","24/1/2006 2:12:20" ,338, 124);
INSERT INTO Exame( EventoID, Nome, Descricao) VALUES (1081,"mediastinoscopia","descricao");
INSERT INTO TecnicoExame( TecnicoID, ExameID) VALUES (375,1081);
INSERT INTO Evento(EventoID,Descricao, Data, Admissao, Quarto) VALUES (1082, "descricao","24/11/1989 16:19:10" ,182, 233);
INSERT INTO Exame( EventoID, Nome, Descricao) VALUES (1082,"esofagoscopia","descricao");
INSERT INTO TecnicoExame( TecnicoID, ExameID) VALUES (370,1082);
INSERT INTO Evento(EventoID,Descricao, Data, Admissao, Quarto) VALUES (1083, "descricao","10/4/1982 21:0:56" ,330, 150);
INSERT INTO Exame( EventoID, Nome, Descricao) VALUES (1083,"laparoscopia","descricao");
INSERT INTO TecnicoExame( TecnicoID, ExameID) VALUES (379,1083);
INSERT INTO Evento(EventoID,Descricao, Data, Admissao, Quarto) VALUES (1084, "descricao","16/8/1990 11:31:39" ,499, 117);
INSERT INTO Exame( EventoID, Nome, Descricao) VALUES (1084,"broncoscopia","descricao");
INSERT INTO TecnicoExame( TecnicoID, ExameID) VALUES (374,1084);
INSERT INTO Evento(EventoID,Descricao, Data, Admissao, Quarto) VALUES (1085, "descricao","21/3/2001 13:23:52" ,494, 242);
INSERT INTO Exame( EventoID, Nome, Descricao) VALUES (1085,"cistoscopia","descricao");
INSERT INTO TecnicoExame( TecnicoID, ExameID) VALUES (375,1085);
INSERT INTO Evento(EventoID,Descricao, Data, Admissao, Quarto) VALUES (1086, "descricao","13/3/1961 7:38:13" ,42, 174);
INSERT INTO Exame( EventoID, Nome, Descricao) VALUES (1086,"esofagoscopia","descricao");
INSERT INTO TecnicoExame( TecnicoID, ExameID) VALUES (381,1086);
INSERT INTO Evento(EventoID,Descricao, Data, Admissao, Quarto) VALUES (1087, "descricao","6/1/1976 15:36:47" ,416, 119);
INSERT INTO Exame( EventoID, Nome, Descricao) VALUES (1087,"laringoscopia","descricao");
INSERT INTO TecnicoExame( TecnicoID, ExameID) VALUES (381,1087);
INSERT INTO Evento(EventoID,Descricao, Data, Admissao, Quarto) VALUES (1088, "descricao","17/8/1962 14:2:48" ,258, 188);
INSERT INTO Exame( EventoID, Nome, Descricao) VALUES (1088,"mediastinoscopia","descricao");
INSERT INTO TecnicoExame( TecnicoID, ExameID) VALUES (372,1088);
INSERT INTO Evento(EventoID,Descricao, Data, Admissao, Quarto) VALUES (1089, "descricao","26/2/1969 10:32:23" ,316, 100);
INSERT INTO Exame( EventoID, Nome, Descricao) VALUES (1089,"toracoscopia","descricao");
INSERT INTO TecnicoExame( TecnicoID, ExameID) VALUES (378,1089);
INSERT INTO Evento(EventoID,Descricao, Data, Admissao, Quarto) VALUES (1090, "descricao","5/10/1980 2:2:40" ,59, 173);
INSERT INTO Exame( EventoID, Nome, Descricao) VALUES (1090,"mediastinoscopia","descricao");
INSERT INTO TecnicoExame( TecnicoID, ExameID) VALUES (374,1090);
INSERT INTO Evento(EventoID,Descricao, Data, Admissao, Quarto) VALUES (1091, "descricao","16/5/1972 19:18:54" ,477, 217);
INSERT INTO Exame( EventoID, Nome, Descricao) VALUES (1091,"liquido sinovial","descricao");
INSERT INTO TecnicoExame( TecnicoID, ExameID) VALUES (373,1091);
INSERT INTO Evento(EventoID,Descricao, Data, Admissao, Quarto) VALUES (1092, "descricao","14/4/1984 8:0:46" ,387, 150);
INSERT INTO Exame( EventoID, Nome, Descricao) VALUES (1092,"Urina","descricao");
INSERT INTO TecnicoExame( TecnicoID, ExameID) VALUES (378,1092);
INSERT INTO Evento(EventoID,Descricao, Data, Admissao, Quarto) VALUES (1093, "descricao","3/1/2011 18:29:55" ,134, 230);
INSERT INTO Exame( EventoID, Nome, Descricao) VALUES (1093,"esofagoscopia","descricao");
INSERT INTO TecnicoExame( TecnicoID, ExameID) VALUES (379,1093);
INSERT INTO Evento(EventoID,Descricao, Data, Admissao, Quarto) VALUES (1094, "descricao","4/7/1980 22:20:3" ,475, 194);
INSERT INTO Exame( EventoID, Nome, Descricao) VALUES (1094,"broncoscopia","descricao");
INSERT INTO TecnicoExame( TecnicoID, ExameID) VALUES (368,1094);
INSERT INTO Evento(EventoID,Descricao, Data, Admissao, Quarto) VALUES (1095, "descricao","22/9/1980 17:30:36" ,431, 176);
INSERT INTO Exame( EventoID, Nome, Descricao) VALUES (1095,"Sangue","descricao");
INSERT INTO TecnicoExame( TecnicoID, ExameID) VALUES (381,1095);
INSERT INTO Evento(EventoID,Descricao, Data, Admissao, Quarto) VALUES (1096, "descricao","1/5/1992 18:57:40" ,77, 108);
INSERT INTO Exame( EventoID, Nome, Descricao) VALUES (1096,"esofagoscopia","descricao");
INSERT INTO TecnicoExame( TecnicoID, ExameID) VALUES (377,1096);
INSERT INTO Evento(EventoID,Descricao, Data, Admissao, Quarto) VALUES (1097, "descricao","12/2/2006 12:23:46" ,474, 138);
INSERT INTO Exame( EventoID, Nome, Descricao) VALUES (1097,"liquido cefalorraquidiano","descricao");
INSERT INTO TecnicoExame( TecnicoID, ExameID) VALUES (367,1097);
INSERT INTO Evento(EventoID,Descricao, Data, Admissao, Quarto) VALUES (1098, "descricao","20/4/1976 13:15:42" ,191, 240);
INSERT INTO Exame( EventoID, Nome, Descricao) VALUES (1098,"Urina","descricao");
INSERT INTO TecnicoExame( TecnicoID, ExameID) VALUES (382,1098);
INSERT INTO Evento(EventoID,Descricao, Data, Admissao, Quarto) VALUES (1099, "descricao","12/9/1972 13:10:2" ,237, 220);
INSERT INTO Exame( EventoID, Nome, Descricao) VALUES (1099,"liquido cefalorraquidiano","descricao");
INSERT INTO TecnicoExame( TecnicoID, ExameID) VALUES (372,1099);
INSERT INTO Evento(EventoID,Descricao, Data, Admissao, Quarto) VALUES (1100, "descricao","16/2/1972 23:10:32" ,117, 202);
INSERT INTO Exame( EventoID, Nome, Descricao) VALUES (1100,"Urina","descricao");
INSERT INTO TecnicoExame( TecnicoID, ExameID) VALUES (382,1100);
INSERT INTO Evento(EventoID,Descricao, Data, Admissao, Quarto) VALUES (1101, "descricao","2/11/1984 22:33:38" ,45, 159);
INSERT INTO Exame( EventoID, Nome, Descricao) VALUES (1101,"cistoscopia","descricao");
INSERT INTO TecnicoExame( TecnicoID, ExameID) VALUES (369,1101);
INSERT INTO Evento(EventoID,Descricao, Data, Admissao, Quarto) VALUES (1102, "descricao","4/11/1996 23:42:32" ,312, 193);
INSERT INTO Exame( EventoID, Nome, Descricao) VALUES (1102,"laparoscopia","descricao");
INSERT INTO TecnicoExame( TecnicoID, ExameID) VALUES (378,1102);
INSERT INTO Evento(EventoID,Descricao, Data, Admissao, Quarto) VALUES (1103, "descricao","26/8/1989 9:3:39" ,347, 193);
INSERT INTO Exame( EventoID, Nome, Descricao) VALUES (1103,"mediastinoscopia","descricao");
INSERT INTO TecnicoExame( TecnicoID, ExameID) VALUES (374,1103);
INSERT INTO Evento(EventoID,Descricao, Data, Admissao, Quarto) VALUES (1104, "descricao","1/2/2019 23:35:4" ,197, 168);
INSERT INTO Exame( EventoID, Nome, Descricao) VALUES (1104,"liquido sinovial","descricao");
INSERT INTO TecnicoExame( TecnicoID, ExameID) VALUES (372,1104);
INSERT INTO Evento(EventoID,Descricao, Data, Admissao, Quarto) VALUES (1105, "descricao","14/12/2003 1:8:55" ,340, 209);
INSERT INTO Exame( EventoID, Nome, Descricao) VALUES (1105,"liquido cefalorraquidiano","descricao");
INSERT INTO TecnicoExame( TecnicoID, ExameID) VALUES (368,1105);
INSERT INTO Evento(EventoID,Descricao, Data, Admissao, Quarto) VALUES (1106, "descricao","12/9/1998 7:38:25" ,22, 146);
INSERT INTO Exame( EventoID, Nome, Descricao) VALUES (1106,"toracoscopia","descricao");
INSERT INTO TecnicoExame( TecnicoID, ExameID) VALUES (381,1106);
INSERT INTO Evento(EventoID,Descricao, Data, Admissao, Quarto) VALUES (1107, "descricao","5/1/2005 3:42:2" ,322, 190);
INSERT INTO Exame( EventoID, Nome, Descricao) VALUES (1107,"cistoscopia","descricao");
INSERT INTO TecnicoExame( TecnicoID, ExameID) VALUES (373,1107);
INSERT INTO Evento(EventoID,Descricao, Data, Admissao, Quarto) VALUES (1108, "descricao","23/6/1974 0:21:42" ,361, 100);
INSERT INTO Exame( EventoID, Nome, Descricao) VALUES (1108,"broncoscopia","descricao");
INSERT INTO TecnicoExame( TecnicoID, ExameID) VALUES (374,1108);
INSERT INTO Evento(EventoID,Descricao, Data, Admissao, Quarto) VALUES (1109, "descricao","3/4/1976 20:47:30" ,119, 139);
INSERT INTO Exame( EventoID, Nome, Descricao) VALUES (1109,"esofagoscopia","descricao");
INSERT INTO TecnicoExame( TecnicoID, ExameID) VALUES (370,1109);
INSERT INTO Evento(EventoID,Descricao, Data, Admissao, Quarto) VALUES (1110, "descricao","9/1/1972 6:48:27" ,26, 248);
INSERT INTO Exame( EventoID, Nome, Descricao) VALUES (1110,"liquido sinovial","descricao");
INSERT INTO TecnicoExame( TecnicoID, ExameID) VALUES (373,1110);
INSERT INTO Evento(EventoID,Descricao, Data, Admissao, Quarto) VALUES (1111, "descricao","12/5/1973 4:5:23" ,397, 223);
INSERT INTO Exame( EventoID, Nome, Descricao) VALUES (1111,"broncoscopia","descricao");
INSERT INTO TecnicoExame( TecnicoID, ExameID) VALUES (371,1111);
INSERT INTO Evento(EventoID,Descricao, Data, Admissao, Quarto) VALUES (1112, "descricao","25/9/2006 12:48:34" ,266, 179);
INSERT INTO Exame( EventoID, Nome, Descricao) VALUES (1112,"laparoscopia","descricao");
INSERT INTO TecnicoExame( TecnicoID, ExameID) VALUES (368,1112);
INSERT INTO Evento(EventoID,Descricao, Data, Admissao, Quarto) VALUES (1113, "descricao","16/5/1967 7:59:45" ,313, 126);
INSERT INTO Exame( EventoID, Nome, Descricao) VALUES (1113,"esofagoscopia","descricao");
INSERT INTO TecnicoExame( TecnicoID, ExameID) VALUES (380,1113);
INSERT INTO Evento(EventoID,Descricao, Data, Admissao, Quarto) VALUES (1114, "descricao","25/8/1995 1:1:42" ,288, 207);
INSERT INTO Exame( EventoID, Nome, Descricao) VALUES (1114,"Sangue","descricao");
INSERT INTO TecnicoExame( TecnicoID, ExameID) VALUES (379,1114);
INSERT INTO Evento(EventoID,Descricao, Data, Admissao, Quarto) VALUES (1115, "descricao","13/12/1976 17:18:51" ,159, 110);
INSERT INTO Exame( EventoID, Nome, Descricao) VALUES (1115,"esofagoscopia","descricao");
INSERT INTO TecnicoExame( TecnicoID, ExameID) VALUES (373,1115);
INSERT INTO Evento(EventoID,Descricao, Data, Admissao, Quarto) VALUES (1116, "descricao","6/4/1976 12:49:34" ,416, 241);
INSERT INTO Exame( EventoID, Nome, Descricao) VALUES (1116,"laparoscopia","descricao");
INSERT INTO TecnicoExame( TecnicoID, ExameID) VALUES (376,1116);
INSERT INTO Evento(EventoID,Descricao, Data, Admissao, Quarto) VALUES (1117, "descricao","26/6/1961 22:6:24" ,182, 172);
INSERT INTO Exame( EventoID, Nome, Descricao) VALUES (1117,"mediastinoscopia","descricao");
INSERT INTO TecnicoExame( TecnicoID, ExameID) VALUES (369,1117);
INSERT INTO Evento(EventoID,Descricao, Data, Admissao, Quarto) VALUES (1118, "descricao","11/12/1999 19:13:11" ,247, 205);
INSERT INTO Exame( EventoID, Nome, Descricao) VALUES (1118,"esofagoscopia","descricao");
INSERT INTO TecnicoExame( TecnicoID, ExameID) VALUES (367,1118);
INSERT INTO Evento(EventoID,Descricao, Data, Admissao, Quarto) VALUES (1119, "descricao","7/12/1992 20:12:40" ,61, 155);
INSERT INTO Exame( EventoID, Nome, Descricao) VALUES (1119,"Urina","descricao");
INSERT INTO TecnicoExame( TecnicoID, ExameID) VALUES (370,1119);
INSERT INTO Evento(EventoID,Descricao, Data, Admissao, Quarto) VALUES (1120, "descricao","3/8/2003 16:48:52" ,105, 117);
INSERT INTO Exame( EventoID, Nome, Descricao) VALUES (1120,"cistoscopia","descricao");
INSERT INTO TecnicoExame( TecnicoID, ExameID) VALUES (376,1120);
INSERT INTO Evento(EventoID,Descricao, Data, Admissao, Quarto) VALUES (1121, "descricao","25/6/2016 20:36:18" ,308, 124);
INSERT INTO Exame( EventoID, Nome, Descricao) VALUES (1121,"laringoscopia","descricao");
INSERT INTO TecnicoExame( TecnicoID, ExameID) VALUES (369,1121);
INSERT INTO Evento(EventoID,Descricao, Data, Admissao, Quarto) VALUES (1122, "descricao","24/3/2004 23:42:41" ,289, 144);
INSERT INTO Exame( EventoID, Nome, Descricao) VALUES (1122,"liquido sinovial","descricao");
INSERT INTO TecnicoExame( TecnicoID, ExameID) VALUES (377,1122);
INSERT INTO Evento(EventoID,Descricao, Data, Admissao, Quarto) VALUES (1123, "descricao","24/11/1967 16:41:11" ,267, 109);
INSERT INTO Exame( EventoID, Nome, Descricao) VALUES (1123,"cistoscopia","descricao");
INSERT INTO TecnicoExame( TecnicoID, ExameID) VALUES (376,1123);
INSERT INTO Evento(EventoID,Descricao, Data, Admissao, Quarto) VALUES (1124, "descricao","1/1/1970 17:9:43" ,167, 157);
INSERT INTO Exame( EventoID, Nome, Descricao) VALUES (1124,"liquido cefalorraquidiano","descricao");
INSERT INTO TecnicoExame( TecnicoID, ExameID) VALUES (378,1124);
INSERT INTO Evento(EventoID,Descricao, Data, Admissao, Quarto) VALUES (1125, "descricao","22/6/1968 4:47:12" ,302, 138);
INSERT INTO Exame( EventoID, Nome, Descricao) VALUES (1125,"laparoscopia","descricao");
INSERT INTO TecnicoExame( TecnicoID, ExameID) VALUES (367,1125);
INSERT INTO Evento(EventoID,Descricao, Data, Admissao, Quarto) VALUES (1126, "descricao","10/1/1977 20:4:20" ,473, 173);
INSERT INTO Exame( EventoID, Nome, Descricao) VALUES (1126,"liquido sinovial","descricao");
INSERT INTO TecnicoExame( TecnicoID, ExameID) VALUES (372,1126);
INSERT INTO Evento(EventoID,Descricao, Data, Admissao, Quarto) VALUES (1127, "descricao","22/7/1966 7:30:36" ,389, 165);
INSERT INTO Exame( EventoID, Nome, Descricao) VALUES (1127,"cistoscopia","descricao");
INSERT INTO TecnicoExame( TecnicoID, ExameID) VALUES (380,1127);
INSERT INTO Evento(EventoID,Descricao, Data, Admissao, Quarto) VALUES (1128, "descricao","16/6/2000 4:32:47" ,30, 107);
INSERT INTO Exame( EventoID, Nome, Descricao) VALUES (1128,"liquido sinovial","descricao");
INSERT INTO TecnicoExame( TecnicoID, ExameID) VALUES (370,1128);
INSERT INTO Evento(EventoID,Descricao, Data, Admissao, Quarto) VALUES (1129, "descricao","5/11/1999 18:41:59" ,328, 170);
INSERT INTO Exame( EventoID, Nome, Descricao) VALUES (1129,"esofagoscopia","descricao");
INSERT INTO TecnicoExame( TecnicoID, ExameID) VALUES (372,1129);
INSERT INTO Evento(EventoID,Descricao, Data, Admissao, Quarto) VALUES (1130, "descricao","19/6/1972 13:56:14" ,340, 127);
INSERT INTO Exame( EventoID, Nome, Descricao) VALUES (1130,"esofagoscopia","descricao");
INSERT INTO TecnicoExame( TecnicoID, ExameID) VALUES (372,1130);
INSERT INTO Evento(EventoID,Descricao, Data, Admissao, Quarto) VALUES (1131, "descricao","8/6/1986 11:11:2" ,424, 119);
INSERT INTO Exame( EventoID, Nome, Descricao) VALUES (1131,"cistoscopia","descricao");
INSERT INTO TecnicoExame( TecnicoID, ExameID) VALUES (367,1131);
INSERT INTO Evento(EventoID,Descricao, Data, Admissao, Quarto) VALUES (1132, "descricao","9/11/1988 5:55:56" ,392, 200);
INSERT INTO Exame( EventoID, Nome, Descricao) VALUES (1132,"laparoscopia","descricao");
INSERT INTO TecnicoExame( TecnicoID, ExameID) VALUES (371,1132);
INSERT INTO Evento(EventoID,Descricao, Data, Admissao, Quarto) VALUES (1133, "descricao","25/12/1972 23:15:4" ,107, 158);
INSERT INTO Exame( EventoID, Nome, Descricao) VALUES (1133,"Sangue","descricao");
INSERT INTO TecnicoExame( TecnicoID, ExameID) VALUES (370,1133);
INSERT INTO Evento(EventoID,Descricao, Data, Admissao, Quarto) VALUES (1134, "descricao","9/8/1993 8:18:20" ,360, 169);
INSERT INTO Exame( EventoID, Nome, Descricao) VALUES (1134,"toracoscopia","descricao");
INSERT INTO TecnicoExame( TecnicoID, ExameID) VALUES (382,1134);
INSERT INTO Evento(EventoID,Descricao, Data, Admissao, Quarto) VALUES (1135, "descricao","4/6/1963 17:26:52" ,396, 145);
INSERT INTO Exame( EventoID, Nome, Descricao) VALUES (1135,"Sangue","descricao");
INSERT INTO TecnicoExame( TecnicoID, ExameID) VALUES (381,1135);
INSERT INTO Evento(EventoID,Descricao, Data, Admissao, Quarto) VALUES (1136, "descricao","7/5/1969 8:7:21" ,422, 177);
INSERT INTO Exame( EventoID, Nome, Descricao) VALUES (1136,"toracoscopia","descricao");
INSERT INTO TecnicoExame( TecnicoID, ExameID) VALUES (374,1136);
INSERT INTO Evento(EventoID,Descricao, Data, Admissao, Quarto) VALUES (1137, "descricao","20/8/2008 19:34:51" ,306, 229);
INSERT INTO Exame( EventoID, Nome, Descricao) VALUES (1137,"toracoscopia","descricao");
INSERT INTO TecnicoExame( TecnicoID, ExameID) VALUES (371,1137);
INSERT INTO Evento(EventoID,Descricao, Data, Admissao, Quarto) VALUES (1138, "descricao","5/2/1981 0:8:5" ,343, 156);
INSERT INTO Exame( EventoID, Nome, Descricao) VALUES (1138,"liquido cefalorraquidiano","descricao");
INSERT INTO TecnicoExame( TecnicoID, ExameID) VALUES (373,1138);
INSERT INTO Evento(EventoID,Descricao, Data, Admissao, Quarto) VALUES (1139, "descricao","1/6/1971 6:50:14" ,360, 107);
INSERT INTO Exame( EventoID, Nome, Descricao) VALUES (1139,"mediastinoscopia","descricao");
INSERT INTO TecnicoExame( TecnicoID, ExameID) VALUES (375,1139);
INSERT INTO Evento(EventoID,Descricao, Data, Admissao, Quarto) VALUES (1140, "descricao","27/9/1998 6:4:30" ,73, 118);
INSERT INTO Exame( EventoID, Nome, Descricao) VALUES (1140,"cistoscopia","descricao");
INSERT INTO TecnicoExame( TecnicoID, ExameID) VALUES (382,1140);
INSERT INTO Evento(EventoID,Descricao, Data, Admissao, Quarto) VALUES (1141, "descricao","18/12/2010 22:48:25" ,12, 122);
INSERT INTO Exame( EventoID, Nome, Descricao) VALUES (1141,"liquido cefalorraquidiano","descricao");
INSERT INTO TecnicoExame( TecnicoID, ExameID) VALUES (370,1141);
INSERT INTO Evento(EventoID,Descricao, Data, Admissao, Quarto) VALUES (1142, "descricao","15/6/1969 4:3:26" ,139, 190);
INSERT INTO Exame( EventoID, Nome, Descricao) VALUES (1142,"laringoscopia","descricao");
INSERT INTO TecnicoExame( TecnicoID, ExameID) VALUES (379,1142);
INSERT INTO Evento(EventoID,Descricao, Data, Admissao, Quarto) VALUES (1143, "descricao","25/3/2005 13:12:15" ,410, 122);
INSERT INTO Exame( EventoID, Nome, Descricao) VALUES (1143,"esofagoscopia","descricao");
INSERT INTO TecnicoExame( TecnicoID, ExameID) VALUES (381,1143);
INSERT INTO Evento(EventoID,Descricao, Data, Admissao, Quarto) VALUES (1144, "descricao","3/7/2002 14:47:40" ,411, 243);
INSERT INTO Exame( EventoID, Nome, Descricao) VALUES (1144,"laringoscopia","descricao");
INSERT INTO TecnicoExame( TecnicoID, ExameID) VALUES (378,1144);
INSERT INTO Evento(EventoID,Descricao, Data, Admissao, Quarto) VALUES (1145, "descricao","12/3/1966 20:43:45" ,414, 121);
INSERT INTO Exame( EventoID, Nome, Descricao) VALUES (1145,"mediastinoscopia","descricao");
INSERT INTO TecnicoExame( TecnicoID, ExameID) VALUES (379,1145);
INSERT INTO Evento(EventoID,Descricao, Data, Admissao, Quarto) VALUES (1146, "descricao","8/4/1995 3:38:22" ,161, 150);
INSERT INTO Exame( EventoID, Nome, Descricao) VALUES (1146,"esofagoscopia","descricao");
INSERT INTO TecnicoExame( TecnicoID, ExameID) VALUES (382,1146);
INSERT INTO Evento(EventoID,Descricao, Data, Admissao, Quarto) VALUES (1147, "descricao","16/10/2000 17:18:15" ,218, 119);
INSERT INTO Exame( EventoID, Nome, Descricao) VALUES (1147,"liquido cefalorraquidiano","descricao");
INSERT INTO TecnicoExame( TecnicoID, ExameID) VALUES (375,1147);
INSERT INTO Evento(EventoID,Descricao, Data, Admissao, Quarto) VALUES (1148, "descricao","7/5/1972 22:34:45" ,362, 123);
INSERT INTO Exame( EventoID, Nome, Descricao) VALUES (1148,"Sangue","descricao");
INSERT INTO TecnicoExame( TecnicoID, ExameID) VALUES (380,1148);
INSERT INTO Evento(EventoID,Descricao, Data, Admissao, Quarto) VALUES (1149, "descricao","1/10/2007 8:44:28" ,436, 142);
INSERT INTO Exame( EventoID, Nome, Descricao) VALUES (1149,"laparoscopia","descricao");
INSERT INTO TecnicoExame( TecnicoID, ExameID) VALUES (381,1149);
INSERT INTO Evento(EventoID,Descricao, Data, Admissao, Quarto) VALUES (1150, "descricao","13/3/1971 7:46:7" ,427, 126);
INSERT INTO Exame( EventoID, Nome, Descricao) VALUES (1150,"toracoscopia","descricao");
INSERT INTO TecnicoExame( TecnicoID, ExameID) VALUES (374,1150);
INSERT INTO Evento(EventoID,Descricao, Data, Admissao, Quarto) VALUES (1151, "descricao","21/12/2007 18:20:47" ,148, 143);
INSERT INTO Exame( EventoID, Nome, Descricao) VALUES (1151,"laringoscopia","descricao");
INSERT INTO TecnicoExame( TecnicoID, ExameID) VALUES (369,1151);
INSERT INTO Evento(EventoID,Descricao, Data, Admissao, Quarto) VALUES (1152, "descricao","15/3/2010 22:12:9" ,456, 145);
INSERT INTO Exame( EventoID, Nome, Descricao) VALUES (1152,"Sangue","descricao");
INSERT INTO TecnicoExame( TecnicoID, ExameID) VALUES (369,1152);
INSERT INTO Evento(EventoID,Descricao, Data, Admissao, Quarto) VALUES (1153, "descricao","26/6/2008 21:39:43" ,252, 102);
INSERT INTO Exame( EventoID, Nome, Descricao) VALUES (1153,"broncoscopia","descricao");
INSERT INTO TecnicoExame( TecnicoID, ExameID) VALUES (380,1153);
INSERT INTO Evento(EventoID,Descricao, Data, Admissao, Quarto) VALUES (1154, "descricao","25/9/1990 19:39:22" ,213, 227);
INSERT INTO Exame( EventoID, Nome, Descricao) VALUES (1154,"liquido cefalorraquidiano","descricao");
INSERT INTO TecnicoExame( TecnicoID, ExameID) VALUES (376,1154);
INSERT INTO Evento(EventoID,Descricao, Data, Admissao, Quarto) VALUES (1155, "descricao","8/8/2014 19:26:13" ,482, 240);
INSERT INTO Exame( EventoID, Nome, Descricao) VALUES (1155,"liquido sinovial","descricao");
INSERT INTO TecnicoExame( TecnicoID, ExameID) VALUES (380,1155);
INSERT INTO Evento(EventoID,Descricao, Data, Admissao, Quarto) VALUES (1156, "descricao","6/3/1980 1:43:29" ,179, 184);
INSERT INTO Exame( EventoID, Nome, Descricao) VALUES (1156,"liquido cefalorraquidiano","descricao");
INSERT INTO TecnicoExame( TecnicoID, ExameID) VALUES (375,1156);
INSERT INTO Evento(EventoID,Descricao, Data, Admissao, Quarto) VALUES (1157, "descricao","25/6/2009 12:5:45" ,180, 210);
INSERT INTO Exame( EventoID, Nome, Descricao) VALUES (1157,"Urina","descricao");
INSERT INTO TecnicoExame( TecnicoID, ExameID) VALUES (367,1157);
INSERT INTO Evento(EventoID,Descricao, Data, Admissao, Quarto) VALUES (1158, "descricao","27/1/1992 15:57:33" ,257, 146);
INSERT INTO Exame( EventoID, Nome, Descricao) VALUES (1158,"mediastinoscopia","descricao");
INSERT INTO TecnicoExame( TecnicoID, ExameID) VALUES (378,1158);
INSERT INTO Evento(EventoID,Descricao, Data, Admissao, Quarto) VALUES (1159, "descricao","3/4/2008 22:35:9" ,16, 103);
INSERT INTO Exame( EventoID, Nome, Descricao) VALUES (1159,"mediastinoscopia","descricao");
INSERT INTO TecnicoExame( TecnicoID, ExameID) VALUES (372,1159);
INSERT INTO Evento(EventoID,Descricao, Data, Admissao, Quarto) VALUES (1160, "descricao","9/7/2006 1:10:52" ,219, 120);
INSERT INTO Exame( EventoID, Nome, Descricao) VALUES (1160,"toracoscopia","descricao");
INSERT INTO TecnicoExame( TecnicoID, ExameID) VALUES (370,1160);
INSERT INTO Evento(EventoID,Descricao, Data, Admissao, Quarto) VALUES (1161, "descricao","28/3/1971 6:2:47" ,227, 159);
INSERT INTO Exame( EventoID, Nome, Descricao) VALUES (1161,"esofagoscopia","descricao");
INSERT INTO TecnicoExame( TecnicoID, ExameID) VALUES (371,1161);
INSERT INTO Evento(EventoID,Descricao, Data, Admissao, Quarto) VALUES (1162, "descricao","20/5/1987 5:10:36" ,18, 119);
INSERT INTO Exame( EventoID, Nome, Descricao) VALUES (1162,"laringoscopia","descricao");
INSERT INTO TecnicoExame( TecnicoID, ExameID) VALUES (371,1162);
INSERT INTO Evento(EventoID,Descricao, Data, Admissao, Quarto) VALUES (1163, "descricao","27/5/1966 1:25:16" ,482, 214);
INSERT INTO Exame( EventoID, Nome, Descricao) VALUES (1163,"toracoscopia","descricao");
INSERT INTO TecnicoExame( TecnicoID, ExameID) VALUES (382,1163);
INSERT INTO Evento(EventoID,Descricao, Data, Admissao, Quarto) VALUES (1164, "descricao","23/2/1964 7:48:25" ,292, 159);
INSERT INTO Exame( EventoID, Nome, Descricao) VALUES (1164,"cistoscopia","descricao");
INSERT INTO TecnicoExame( TecnicoID, ExameID) VALUES (376,1164);
INSERT INTO Evento(EventoID,Descricao, Data, Admissao, Quarto) VALUES (1165, "descricao","15/6/2017 6:18:5" ,251, 244);
INSERT INTO Exame( EventoID, Nome, Descricao) VALUES (1165,"liquido sinovial","descricao");
INSERT INTO TecnicoExame( TecnicoID, ExameID) VALUES (377,1165);
INSERT INTO Evento(EventoID,Descricao, Data, Admissao, Quarto) VALUES (1166, "descricao","18/2/1966 18:45:19" ,198, 249);
INSERT INTO Exame( EventoID, Nome, Descricao) VALUES (1166,"broncoscopia","descricao");
INSERT INTO TecnicoExame( TecnicoID, ExameID) VALUES (376,1166);
INSERT INTO Evento(EventoID,Descricao, Data, Admissao, Quarto) VALUES (1167, "descricao","8/6/2001 4:42:21" ,494, 211);
INSERT INTO Exame( EventoID, Nome, Descricao) VALUES (1167,"laringoscopia","descricao");
INSERT INTO TecnicoExame( TecnicoID, ExameID) VALUES (374,1167);
INSERT INTO Evento(EventoID,Descricao, Data, Admissao, Quarto) VALUES (1168, "descricao","2/12/1973 16:32:18" ,356, 170);
INSERT INTO Exame( EventoID, Nome, Descricao) VALUES (1168,"Urina","descricao");
INSERT INTO TecnicoExame( TecnicoID, ExameID) VALUES (369,1168);
INSERT INTO Evento(EventoID,Descricao, Data, Admissao, Quarto) VALUES (1169, "descricao","9/8/2002 15:7:30" ,342, 228);
INSERT INTO Exame( EventoID, Nome, Descricao) VALUES (1169,"laparoscopia","descricao");
INSERT INTO TecnicoExame( TecnicoID, ExameID) VALUES (374,1169);
INSERT INTO Evento(EventoID,Descricao, Data, Admissao, Quarto) VALUES (1170, "descricao","28/1/1977 23:2:57" ,455, 129);
INSERT INTO Exame( EventoID, Nome, Descricao) VALUES (1170,"cistoscopia","descricao");
INSERT INTO TecnicoExame( TecnicoID, ExameID) VALUES (380,1170);
INSERT INTO Evento(EventoID,Descricao, Data, Admissao, Quarto) VALUES (1171, "descricao","22/11/2014 15:53:8" ,171, 170);
INSERT INTO Exame( EventoID, Nome, Descricao) VALUES (1171,"laparoscopia","descricao");
INSERT INTO TecnicoExame( TecnicoID, ExameID) VALUES (372,1171);
INSERT INTO Evento(EventoID,Descricao, Data, Admissao, Quarto) VALUES (1172, "descricao","21/11/1986 5:19:51" ,78, 188);
INSERT INTO Exame( EventoID, Nome, Descricao) VALUES (1172,"Urina","descricao");
INSERT INTO TecnicoExame( TecnicoID, ExameID) VALUES (371,1172);
INSERT INTO Evento(EventoID,Descricao, Data, Admissao, Quarto) VALUES (1173, "descricao","27/2/2018 9:21:57" ,378, 221);
INSERT INTO Exame( EventoID, Nome, Descricao) VALUES (1173,"cistoscopia","descricao");
INSERT INTO TecnicoExame( TecnicoID, ExameID) VALUES (367,1173);
INSERT INTO Evento(EventoID,Descricao, Data, Admissao, Quarto) VALUES (1174, "descricao","17/8/1978 3:4:4" ,491, 240);
INSERT INTO Exame( EventoID, Nome, Descricao) VALUES (1174,"laringoscopia","descricao");
INSERT INTO TecnicoExame( TecnicoID, ExameID) VALUES (375,1174);
INSERT INTO Evento(EventoID,Descricao, Data, Admissao, Quarto) VALUES (1175, "descricao","23/9/2001 5:2:28" ,341, 184);
INSERT INTO Exame( EventoID, Nome, Descricao) VALUES (1175,"Urina","descricao");
INSERT INTO TecnicoExame( TecnicoID, ExameID) VALUES (371,1175);
INSERT INTO Evento(EventoID,Descricao, Data, Admissao, Quarto) VALUES (1176, "descricao","10/4/1997 4:2:6" ,423, 136);
INSERT INTO Exame( EventoID, Nome, Descricao) VALUES (1176,"mediastinoscopia","descricao");
INSERT INTO TecnicoExame( TecnicoID, ExameID) VALUES (376,1176);
INSERT INTO Evento(EventoID,Descricao, Data, Admissao, Quarto) VALUES (1177, "descricao","16/12/1963 16:52:0" ,85, 204);
INSERT INTO Exame( EventoID, Nome, Descricao) VALUES (1177,"Urina","descricao");
INSERT INTO TecnicoExame( TecnicoID, ExameID) VALUES (381,1177);
INSERT INTO Evento(EventoID,Descricao, Data, Admissao, Quarto) VALUES (1178, "descricao","25/9/1998 15:38:10" ,232, 125);
INSERT INTO Exame( EventoID, Nome, Descricao) VALUES (1178,"cistoscopia","descricao");
INSERT INTO TecnicoExame( TecnicoID, ExameID) VALUES (367,1178);
INSERT INTO Evento(EventoID,Descricao, Data, Admissao, Quarto) VALUES (1179, "descricao","3/10/2002 23:17:56" ,214, 148);
INSERT INTO Exame( EventoID, Nome, Descricao) VALUES (1179,"liquido cefalorraquidiano","descricao");
INSERT INTO TecnicoExame( TecnicoID, ExameID) VALUES (372,1179);
INSERT INTO Evento(EventoID,Descricao, Data, Admissao, Quarto) VALUES (1180, "descricao","17/9/1982 3:4:41" ,364, 149);
INSERT INTO Exame( EventoID, Nome, Descricao) VALUES (1180,"laringoscopia","descricao");
INSERT INTO TecnicoExame( TecnicoID, ExameID) VALUES (374,1180);
INSERT INTO Evento(EventoID,Descricao, Data, Admissao, Quarto) VALUES (1181, "descricao","19/12/2001 8:7:13" ,233, 247);
INSERT INTO Exame( EventoID, Nome, Descricao) VALUES (1181,"laringoscopia","descricao");
INSERT INTO TecnicoExame( TecnicoID, ExameID) VALUES (367,1181);
INSERT INTO Evento(EventoID,Descricao, Data, Admissao, Quarto) VALUES (1182, "descricao","20/1/1997 9:12:37" ,500, 185);
INSERT INTO Exame( EventoID, Nome, Descricao) VALUES (1182,"toracoscopia","descricao");
INSERT INTO TecnicoExame( TecnicoID, ExameID) VALUES (371,1182);
INSERT INTO Evento(EventoID,Descricao, Data, Admissao, Quarto) VALUES (1183, "descricao","9/3/2009 2:37:19" ,136, 161);
INSERT INTO Exame( EventoID, Nome, Descricao) VALUES (1183,"toracoscopia","descricao");
INSERT INTO TecnicoExame( TecnicoID, ExameID) VALUES (377,1183);
INSERT INTO Evento(EventoID,Descricao, Data, Admissao, Quarto) VALUES (1184, "descricao","17/7/1990 9:44:28" ,259, 211);
INSERT INTO Exame( EventoID, Nome, Descricao) VALUES (1184,"cistoscopia","descricao");
INSERT INTO TecnicoExame( TecnicoID, ExameID) VALUES (367,1184);
INSERT INTO Evento(EventoID,Descricao, Data, Admissao, Quarto) VALUES (1185, "descricao","5/3/1969 14:54:16" ,2, 122);
INSERT INTO Exame( EventoID, Nome, Descricao) VALUES (1185,"Urina","descricao");
INSERT INTO TecnicoExame( TecnicoID, ExameID) VALUES (370,1185);
INSERT INTO Evento(EventoID,Descricao, Data, Admissao, Quarto) VALUES (1186, "descricao","16/9/1979 4:27:8" ,44, 183);
INSERT INTO Exame( EventoID, Nome, Descricao) VALUES (1186,"liquido sinovial","descricao");
INSERT INTO TecnicoExame( TecnicoID, ExameID) VALUES (375,1186);
INSERT INTO Evento(EventoID,Descricao, Data, Admissao, Quarto) VALUES (1187, "descricao","19/11/2015 16:17:6" ,227, 190);
INSERT INTO Exame( EventoID, Nome, Descricao) VALUES (1187,"broncoscopia","descricao");
INSERT INTO TecnicoExame( TecnicoID, ExameID) VALUES (379,1187);
INSERT INTO Evento(EventoID,Descricao, Data, Admissao, Quarto) VALUES (1188, "descricao","19/11/1976 12:2:12" ,265, 134);
INSERT INTO Exame( EventoID, Nome, Descricao) VALUES (1188,"liquido cefalorraquidiano","descricao");
INSERT INTO TecnicoExame( TecnicoID, ExameID) VALUES (373,1188);
INSERT INTO Evento(EventoID,Descricao, Data, Admissao, Quarto) VALUES (1189, "descricao","1/5/2018 14:54:43" ,343, 160);
INSERT INTO Exame( EventoID, Nome, Descricao) VALUES (1189,"toracoscopia","descricao");
INSERT INTO TecnicoExame( TecnicoID, ExameID) VALUES (374,1189);
INSERT INTO Evento(EventoID,Descricao, Data, Admissao, Quarto) VALUES (1190, "descricao","24/4/1990 23:58:37" ,20, 128);
INSERT INTO Exame( EventoID, Nome, Descricao) VALUES (1190,"laparoscopia","descricao");
INSERT INTO TecnicoExame( TecnicoID, ExameID) VALUES (377,1190);
INSERT INTO Evento(EventoID,Descricao, Data, Admissao, Quarto) VALUES (1191, "descricao","18/4/1974 11:33:27" ,42, 216);
INSERT INTO Exame( EventoID, Nome, Descricao) VALUES (1191,"Urina","descricao");
INSERT INTO TecnicoExame( TecnicoID, ExameID) VALUES (367,1191);
INSERT INTO Evento(EventoID,Descricao, Data, Admissao, Quarto) VALUES (1192, "descricao","16/6/1989 18:33:36" ,381, 183);
INSERT INTO Exame( EventoID, Nome, Descricao) VALUES (1192,"laparoscopia","descricao");
INSERT INTO TecnicoExame( TecnicoID, ExameID) VALUES (377,1192);
INSERT INTO Evento(EventoID,Descricao, Data, Admissao, Quarto) VALUES (1193, "descricao","3/11/2010 13:48:31" ,385, 115);
INSERT INTO Exame( EventoID, Nome, Descricao) VALUES (1193,"laparoscopia","descricao");
INSERT INTO TecnicoExame( TecnicoID, ExameID) VALUES (381,1193);
INSERT INTO Evento(EventoID,Descricao, Data, Admissao, Quarto) VALUES (1194, "descricao","21/9/2002 21:51:55" ,187, 181);
INSERT INTO Exame( EventoID, Nome, Descricao) VALUES (1194,"esofagoscopia","descricao");
INSERT INTO TecnicoExame( TecnicoID, ExameID) VALUES (368,1194);
INSERT INTO Evento(EventoID,Descricao, Data, Admissao, Quarto) VALUES (1195, "descricao","22/1/2016 9:30:13" ,217, 176);
INSERT INTO Exame( EventoID, Nome, Descricao) VALUES (1195,"liquido sinovial","descricao");
INSERT INTO TecnicoExame( TecnicoID, ExameID) VALUES (374,1195);
INSERT INTO Evento(EventoID,Descricao, Data, Admissao, Quarto) VALUES (1196, "descricao","25/2/2016 20:36:30" ,51, 134);
INSERT INTO Exame( EventoID, Nome, Descricao) VALUES (1196,"Sangue","descricao");
INSERT INTO TecnicoExame( TecnicoID, ExameID) VALUES (377,1196);
INSERT INTO Evento(EventoID,Descricao, Data, Admissao, Quarto) VALUES (1197, "descricao","18/7/1972 21:26:0" ,454, 241);
INSERT INTO Exame( EventoID, Nome, Descricao) VALUES (1197,"broncoscopia","descricao");
INSERT INTO TecnicoExame( TecnicoID, ExameID) VALUES (369,1197);
INSERT INTO Evento(EventoID,Descricao, Data, Admissao, Quarto) VALUES (1198, "descricao","20/11/1994 10:4:54" ,313, 114);
INSERT INTO Exame( EventoID, Nome, Descricao) VALUES (1198,"Urina","descricao");
INSERT INTO TecnicoExame( TecnicoID, ExameID) VALUES (381,1198);
INSERT INTO Evento(EventoID,Descricao, Data, Admissao, Quarto) VALUES (1199, "descricao","1/9/2011 3:6:37" ,305, 138);
INSERT INTO Exame( EventoID, Nome, Descricao) VALUES (1199,"Urina","descricao");
INSERT INTO TecnicoExame( TecnicoID, ExameID) VALUES (376,1199);
INSERT INTO Evento(EventoID,Descricao, Data, Admissao, Quarto) VALUES (1200, "descricao","21/9/2006 11:19:47" ,130, 245);
INSERT INTO Exame( EventoID, Nome, Descricao) VALUES (1200,"laringoscopia","descricao");
INSERT INTO TecnicoExame( TecnicoID, ExameID) VALUES (367,1200);
INSERT INTO Evento(EventoID,Descricao, Data, Admissao, Quarto) VALUES (1201, "descricao","11/5/2006 6:28:59" ,361, 210);
INSERT INTO Exame( EventoID, Nome, Descricao) VALUES (1201,"cistoscopia","descricao");
INSERT INTO TecnicoExame( TecnicoID, ExameID) VALUES (382,1201);
INSERT INTO Evento(EventoID,Descricao, Data, Admissao, Quarto) VALUES (1202, "descricao","6/11/2001 15:42:11" ,65, 219);
INSERT INTO Exame( EventoID, Nome, Descricao) VALUES (1202,"liquido sinovial","descricao");
INSERT INTO TecnicoExame( TecnicoID, ExameID) VALUES (381,1202);
INSERT INTO Evento(EventoID,Descricao, Data, Admissao, Quarto) VALUES (1203, "descricao","21/9/1993 20:6:12" ,494, 176);
INSERT INTO Exame( EventoID, Nome, Descricao) VALUES (1203,"esofagoscopia","descricao");
INSERT INTO TecnicoExame( TecnicoID, ExameID) VALUES (382,1203);
INSERT INTO Evento(EventoID,Descricao, Data, Admissao, Quarto) VALUES (1204, "descricao","27/2/2012 11:27:31" ,206, 136);
INSERT INTO Exame( EventoID, Nome, Descricao) VALUES (1204,"liquido sinovial","descricao");
INSERT INTO TecnicoExame( TecnicoID, ExameID) VALUES (371,1204);
INSERT INTO Evento(EventoID,Descricao, Data, Admissao, Quarto) VALUES (1205, "descricao","19/8/2001 10:27:45" ,456, 238);
INSERT INTO Exame( EventoID, Nome, Descricao) VALUES (1205,"mediastinoscopia","descricao");
INSERT INTO TecnicoExame( TecnicoID, ExameID) VALUES (380,1205);
INSERT INTO Evento(EventoID,Descricao, Data, Admissao, Quarto) VALUES (1206, "descricao","24/5/2014 17:58:56" ,67, 246);
INSERT INTO Exame( EventoID, Nome, Descricao) VALUES (1206,"cistoscopia","descricao");
INSERT INTO TecnicoExame( TecnicoID, ExameID) VALUES (372,1206);
INSERT INTO Evento(EventoID,Descricao, Data, Admissao, Quarto) VALUES (1207, "descricao","7/8/2009 12:58:46" ,63, 208);
INSERT INTO Exame( EventoID, Nome, Descricao) VALUES (1207,"Urina","descricao");
INSERT INTO TecnicoExame( TecnicoID, ExameID) VALUES (371,1207);
INSERT INTO Evento(EventoID,Descricao, Data, Admissao, Quarto) VALUES (1208, "descricao","19/6/1973 20:6:0" ,64, 245);
INSERT INTO Exame( EventoID, Nome, Descricao) VALUES (1208,"laparoscopia","descricao");
INSERT INTO TecnicoExame( TecnicoID, ExameID) VALUES (372,1208);
INSERT INTO Evento(EventoID,Descricao, Data, Admissao, Quarto) VALUES (1209, "descricao","27/6/1976 23:57:25" ,456, 245);
INSERT INTO Exame( EventoID, Nome, Descricao) VALUES (1209,"Sangue","descricao");
INSERT INTO TecnicoExame( TecnicoID, ExameID) VALUES (374,1209);
INSERT INTO Evento(EventoID,Descricao, Data, Admissao, Quarto) VALUES (1210, "descricao","16/2/1977 5:35:46" ,429, 104);
INSERT INTO Exame( EventoID, Nome, Descricao) VALUES (1210,"laringoscopia","descricao");
INSERT INTO TecnicoExame( TecnicoID, ExameID) VALUES (382,1210);

-- Medical Exam
INSERT INTO Evento(EventoID,Descricao, Data, Admissao, Quarto) VALUES (1211, "descricao","9/11/1993 1:15:10" ,418, 205);
INSERT INTO Exame( EventoID, Nome, Descricao) VALUES (1211,"broncoscopia","descricao");
INSERT INTO MedicoExame( MedicoID, ExameID) VALUES (389,1211);
INSERT INTO Evento(EventoID,Descricao, Data, Admissao, Quarto) VALUES (1212, "descricao","6/8/1975 7:19:54" ,383, 140);
INSERT INTO Exame( EventoID, Nome, Descricao) VALUES (1212,"cistoscopia","descricao");
INSERT INTO MedicoExame( MedicoID, ExameID) VALUES (391,1212);
INSERT INTO Evento(EventoID,Descricao, Data, Admissao, Quarto) VALUES (1213, "descricao","26/8/1981 15:16:48" ,206, 158);
INSERT INTO Exame( EventoID, Nome, Descricao) VALUES (1213,"toracoscopia","descricao");
INSERT INTO MedicoExame( MedicoID, ExameID) VALUES (388,1213);
INSERT INTO Evento(EventoID,Descricao, Data, Admissao, Quarto) VALUES (1214, "descricao","10/12/1997 21:58:36" ,36, 100);
INSERT INTO Exame( EventoID, Nome, Descricao) VALUES (1214,"toracoscopia","descricao");
INSERT INTO MedicoExame( MedicoID, ExameID) VALUES (403,1214);
INSERT INTO Evento(EventoID,Descricao, Data, Admissao, Quarto) VALUES (1215, "descricao","2/3/1970 16:32:53" ,376, 147);
INSERT INTO Exame( EventoID, Nome, Descricao) VALUES (1215,"cistoscopia","descricao");
INSERT INTO MedicoExame( MedicoID, ExameID) VALUES (403,1215);
INSERT INTO Evento(EventoID,Descricao, Data, Admissao, Quarto) VALUES (1216, "descricao","13/1/1996 3:25:40" ,262, 146);
INSERT INTO Exame( EventoID, Nome, Descricao) VALUES (1216,"laringoscopia","descricao");
INSERT INTO MedicoExame( MedicoID, ExameID) VALUES (398,1216);
INSERT INTO Evento(EventoID,Descricao, Data, Admissao, Quarto) VALUES (1217, "descricao","11/6/1971 16:32:30" ,357, 244);
INSERT INTO Exame( EventoID, Nome, Descricao) VALUES (1217,"laparoscopia","descricao");
INSERT INTO MedicoExame( MedicoID, ExameID) VALUES (383,1217);
INSERT INTO Evento(EventoID,Descricao, Data, Admissao, Quarto) VALUES (1218, "descricao","5/12/2004 15:40:12" ,439, 135);
INSERT INTO Exame( EventoID, Nome, Descricao) VALUES (1218,"esofagoscopia","descricao");
INSERT INTO MedicoExame( MedicoID, ExameID) VALUES (425,1218);
INSERT INTO Evento(EventoID,Descricao, Data, Admissao, Quarto) VALUES (1219, "descricao","1/7/1994 6:53:44" ,454, 152);
INSERT INTO Exame( EventoID, Nome, Descricao) VALUES (1219,"toracoscopia","descricao");
INSERT INTO MedicoExame( MedicoID, ExameID) VALUES (400,1219);
INSERT INTO Evento(EventoID,Descricao, Data, Admissao, Quarto) VALUES (1220, "descricao","24/3/1991 19:17:46" ,89, 174);
INSERT INTO Exame( EventoID, Nome, Descricao) VALUES (1220,"Sangue","descricao");
INSERT INTO MedicoExame( MedicoID, ExameID) VALUES (390,1220);
INSERT INTO Evento(EventoID,Descricao, Data, Admissao, Quarto) VALUES (1221, "descricao","10/5/2008 0:43:30" ,47, 134);
INSERT INTO Exame( EventoID, Nome, Descricao) VALUES (1221,"Sangue","descricao");
INSERT INTO MedicoExame( MedicoID, ExameID) VALUES (387,1221);
INSERT INTO Evento(EventoID,Descricao, Data, Admissao, Quarto) VALUES (1222, "descricao","16/12/1981 3:31:5" ,77, 107);
INSERT INTO Exame( EventoID, Nome, Descricao) VALUES (1222,"Urina","descricao");
INSERT INTO MedicoExame( MedicoID, ExameID) VALUES (410,1222);
INSERT INTO Evento(EventoID,Descricao, Data, Admissao, Quarto) VALUES (1223, "descricao","3/10/1987 14:33:57" ,246, 224);
INSERT INTO Exame( EventoID, Nome, Descricao) VALUES (1223,"cistoscopia","descricao");
INSERT INTO MedicoExame( MedicoID, ExameID) VALUES (404,1223);
INSERT INTO Evento(EventoID,Descricao, Data, Admissao, Quarto) VALUES (1224, "descricao","15/3/1982 13:13:55" ,172, 239);
INSERT INTO Exame( EventoID, Nome, Descricao) VALUES (1224,"liquido sinovial","descricao");
INSERT INTO MedicoExame( MedicoID, ExameID) VALUES (384,1224);
INSERT INTO Evento(EventoID,Descricao, Data, Admissao, Quarto) VALUES (1225, "descricao","6/11/2011 21:24:26" ,472, 209);
INSERT INTO Exame( EventoID, Nome, Descricao) VALUES (1225,"esofagoscopia","descricao");
INSERT INTO MedicoExame( MedicoID, ExameID) VALUES (417,1225);
INSERT INTO Evento(EventoID,Descricao, Data, Admissao, Quarto) VALUES (1226, "descricao","22/10/1970 15:48:38" ,72, 227);
INSERT INTO Exame( EventoID, Nome, Descricao) VALUES (1226,"broncoscopia","descricao");
INSERT INTO MedicoExame( MedicoID, ExameID) VALUES (402,1226);
INSERT INTO Evento(EventoID,Descricao, Data, Admissao, Quarto) VALUES (1227, "descricao","2/5/1981 11:0:22" ,425, 241);
INSERT INTO Exame( EventoID, Nome, Descricao) VALUES (1227,"esofagoscopia","descricao");
INSERT INTO MedicoExame( MedicoID, ExameID) VALUES (403,1227);
INSERT INTO Evento(EventoID,Descricao, Data, Admissao, Quarto) VALUES (1228, "descricao","1/7/1967 23:43:43" ,159, 147);
INSERT INTO Exame( EventoID, Nome, Descricao) VALUES (1228,"cistoscopia","descricao");
INSERT INTO MedicoExame( MedicoID, ExameID) VALUES (397,1228);
INSERT INTO Evento(EventoID,Descricao, Data, Admissao, Quarto) VALUES (1229, "descricao","10/6/1983 7:13:53" ,57, 249);
INSERT INTO Exame( EventoID, Nome, Descricao) VALUES (1229,"esofagoscopia","descricao");
INSERT INTO MedicoExame( MedicoID, ExameID) VALUES (384,1229);
INSERT INTO Evento(EventoID,Descricao, Data, Admissao, Quarto) VALUES (1230, "descricao","22/5/2010 11:29:29" ,140, 140);
INSERT INTO Exame( EventoID, Nome, Descricao) VALUES (1230,"liquido cefalorraquidiano","descricao");
INSERT INTO MedicoExame( MedicoID, ExameID) VALUES (384,1230);
INSERT INTO Evento(EventoID,Descricao, Data, Admissao, Quarto) VALUES (1231, "descricao","9/10/1968 20:17:32" ,395, 214);
INSERT INTO Exame( EventoID, Nome, Descricao) VALUES (1231,"liquido cefalorraquidiano","descricao");
INSERT INTO MedicoExame( MedicoID, ExameID) VALUES (421,1231);
INSERT INTO Evento(EventoID,Descricao, Data, Admissao, Quarto) VALUES (1232, "descricao","14/5/1971 22:9:26" ,130, 158);
INSERT INTO Exame( EventoID, Nome, Descricao) VALUES (1232,"cistoscopia","descricao");
INSERT INTO MedicoExame( MedicoID, ExameID) VALUES (403,1232);
INSERT INTO Evento(EventoID,Descricao, Data, Admissao, Quarto) VALUES (1233, "descricao","12/7/1989 21:2:45" ,3, 236);
INSERT INTO Exame( EventoID, Nome, Descricao) VALUES (1233,"liquido cefalorraquidiano","descricao");
INSERT INTO MedicoExame( MedicoID, ExameID) VALUES (391,1233);
INSERT INTO Evento(EventoID,Descricao, Data, Admissao, Quarto) VALUES (1234, "descricao","17/5/1975 12:2:21" ,338, 222);
INSERT INTO Exame( EventoID, Nome, Descricao) VALUES (1234,"mediastinoscopia","descricao");
INSERT INTO MedicoExame( MedicoID, ExameID) VALUES (387,1234);
INSERT INTO Evento(EventoID,Descricao, Data, Admissao, Quarto) VALUES (1235, "descricao","9/2/1994 11:34:48" ,9, 242);
INSERT INTO Exame( EventoID, Nome, Descricao) VALUES (1235,"liquido sinovial","descricao");
INSERT INTO MedicoExame( MedicoID, ExameID) VALUES (391,1235);
INSERT INTO Evento(EventoID,Descricao, Data, Admissao, Quarto) VALUES (1236, "descricao","10/8/2010 17:28:3" ,24, 185);
INSERT INTO Exame( EventoID, Nome, Descricao) VALUES (1236,"cistoscopia","descricao");
INSERT INTO MedicoExame( MedicoID, ExameID) VALUES (407,1236);
INSERT INTO Evento(EventoID,Descricao, Data, Admissao, Quarto) VALUES (1237, "descricao","6/2/1975 12:8:15" ,57, 165);
INSERT INTO Exame( EventoID, Nome, Descricao) VALUES (1237,"liquido sinovial","descricao");
INSERT INTO MedicoExame( MedicoID, ExameID) VALUES (410,1237);
INSERT INTO Evento(EventoID,Descricao, Data, Admissao, Quarto) VALUES (1238, "descricao","20/12/2018 10:6:8" ,365, 123);
INSERT INTO Exame( EventoID, Nome, Descricao) VALUES (1238,"Sangue","descricao");
INSERT INTO MedicoExame( MedicoID, ExameID) VALUES (408,1238);
INSERT INTO Evento(EventoID,Descricao, Data, Admissao, Quarto) VALUES (1239, "descricao","19/2/1977 3:51:24" ,244, 166);
INSERT INTO Exame( EventoID, Nome, Descricao) VALUES (1239,"Sangue","descricao");
INSERT INTO MedicoExame( MedicoID, ExameID) VALUES (404,1239);
INSERT INTO Evento(EventoID,Descricao, Data, Admissao, Quarto) VALUES (1240, "descricao","20/4/1988 12:47:51" ,484, 122);
INSERT INTO Exame( EventoID, Nome, Descricao) VALUES (1240,"liquido sinovial","descricao");
INSERT INTO MedicoExame( MedicoID, ExameID) VALUES (387,1240);
INSERT INTO Evento(EventoID,Descricao, Data, Admissao, Quarto) VALUES (1241, "descricao","14/6/2003 20:2:36" ,106, 219);
INSERT INTO Exame( EventoID, Nome, Descricao) VALUES (1241,"laringoscopia","descricao");
INSERT INTO MedicoExame( MedicoID, ExameID) VALUES (384,1241);
INSERT INTO Evento(EventoID,Descricao, Data, Admissao, Quarto) VALUES (1242, "descricao","27/6/1966 22:33:56" ,387, 229);
INSERT INTO Exame( EventoID, Nome, Descricao) VALUES (1242,"esofagoscopia","descricao");
INSERT INTO MedicoExame( MedicoID, ExameID) VALUES (405,1242);
INSERT INTO Evento(EventoID,Descricao, Data, Admissao, Quarto) VALUES (1243, "descricao","5/7/2018 20:3:39" ,50, 244);
INSERT INTO Exame( EventoID, Nome, Descricao) VALUES (1243,"toracoscopia","descricao");
INSERT INTO MedicoExame( MedicoID, ExameID) VALUES (418,1243);
INSERT INTO Evento(EventoID,Descricao, Data, Admissao, Quarto) VALUES (1244, "descricao","18/11/1960 3:16:29" ,337, 244);
INSERT INTO Exame( EventoID, Nome, Descricao) VALUES (1244,"Urina","descricao");
INSERT INTO MedicoExame( MedicoID, ExameID) VALUES (411,1244);
INSERT INTO Evento(EventoID,Descricao, Data, Admissao, Quarto) VALUES (1245, "descricao","1/4/2005 22:9:28" ,199, 173);
INSERT INTO Exame( EventoID, Nome, Descricao) VALUES (1245,"Sangue","descricao");
INSERT INTO MedicoExame( MedicoID, ExameID) VALUES (417,1245);
INSERT INTO Evento(EventoID,Descricao, Data, Admissao, Quarto) VALUES (1246, "descricao","25/5/2000 5:35:44" ,393, 226);
INSERT INTO Exame( EventoID, Nome, Descricao) VALUES (1246,"liquido cefalorraquidiano","descricao");
INSERT INTO MedicoExame( MedicoID, ExameID) VALUES (388,1246);
INSERT INTO Evento(EventoID,Descricao, Data, Admissao, Quarto) VALUES (1247, "descricao","8/10/1969 10:8:34" ,478, 176);
INSERT INTO Exame( EventoID, Nome, Descricao) VALUES (1247,"mediastinoscopia","descricao");
INSERT INTO MedicoExame( MedicoID, ExameID) VALUES (396,1247);
INSERT INTO Evento(EventoID,Descricao, Data, Admissao, Quarto) VALUES (1248, "descricao","21/3/2009 20:40:28" ,215, 119);
INSERT INTO Exame( EventoID, Nome, Descricao) VALUES (1248,"esofagoscopia","descricao");
INSERT INTO MedicoExame( MedicoID, ExameID) VALUES (406,1248);
INSERT INTO Evento(EventoID,Descricao, Data, Admissao, Quarto) VALUES (1249, "descricao","17/8/2009 13:4:35" ,367, 182);
INSERT INTO Exame( EventoID, Nome, Descricao) VALUES (1249,"mediastinoscopia","descricao");
INSERT INTO MedicoExame( MedicoID, ExameID) VALUES (395,1249);
INSERT INTO Evento(EventoID,Descricao, Data, Admissao, Quarto) VALUES (1250, "descricao","1/10/1964 17:5:19" ,306, 188);
INSERT INTO Exame( EventoID, Nome, Descricao) VALUES (1250,"broncoscopia","descricao");
INSERT INTO MedicoExame( MedicoID, ExameID) VALUES (409,1250);
INSERT INTO Evento(EventoID,Descricao, Data, Admissao, Quarto) VALUES (1251, "descricao","23/8/1996 7:32:52" ,316, 206);
INSERT INTO Exame( EventoID, Nome, Descricao) VALUES (1251,"toracoscopia","descricao");
INSERT INTO MedicoExame( MedicoID, ExameID) VALUES (425,1251);
INSERT INTO Evento(EventoID,Descricao, Data, Admissao, Quarto) VALUES (1252, "descricao","18/8/1963 14:20:26" ,244, 240);
INSERT INTO Exame( EventoID, Nome, Descricao) VALUES (1252,"Urina","descricao");
INSERT INTO MedicoExame( MedicoID, ExameID) VALUES (385,1252);
INSERT INTO Evento(EventoID,Descricao, Data, Admissao, Quarto) VALUES (1253, "descricao","5/4/1991 3:20:19" ,31, 223);
INSERT INTO Exame( EventoID, Nome, Descricao) VALUES (1253,"laparoscopia","descricao");
INSERT INTO MedicoExame( MedicoID, ExameID) VALUES (419,1253);
INSERT INTO Evento(EventoID,Descricao, Data, Admissao, Quarto) VALUES (1254, "descricao","22/8/1977 7:0:3" ,455, 214);
INSERT INTO Exame( EventoID, Nome, Descricao) VALUES (1254,"esofagoscopia","descricao");
INSERT INTO MedicoExame( MedicoID, ExameID) VALUES (400,1254);
INSERT INTO Evento(EventoID,Descricao, Data, Admissao, Quarto) VALUES (1255, "descricao","17/9/2006 20:3:56" ,490, 120);
INSERT INTO Exame( EventoID, Nome, Descricao) VALUES (1255,"toracoscopia","descricao");
INSERT INTO MedicoExame( MedicoID, ExameID) VALUES (401,1255);
INSERT INTO Evento(EventoID,Descricao, Data, Admissao, Quarto) VALUES (1256, "descricao","8/6/2000 1:3:5" ,177, 138);
INSERT INTO Exame( EventoID, Nome, Descricao) VALUES (1256,"laringoscopia","descricao");
INSERT INTO MedicoExame( MedicoID, ExameID) VALUES (401,1256);
INSERT INTO Evento(EventoID,Descricao, Data, Admissao, Quarto) VALUES (1257, "descricao","13/11/1998 11:38:49" ,258, 131);
INSERT INTO Exame( EventoID, Nome, Descricao) VALUES (1257,"toracoscopia","descricao");
INSERT INTO MedicoExame( MedicoID, ExameID) VALUES (387,1257);
INSERT INTO Evento(EventoID,Descricao, Data, Admissao, Quarto) VALUES (1258, "descricao","23/2/1983 5:29:41" ,143, 192);
INSERT INTO Exame( EventoID, Nome, Descricao) VALUES (1258,"Urina","descricao");
INSERT INTO MedicoExame( MedicoID, ExameID) VALUES (390,1258);
INSERT INTO Evento(EventoID,Descricao, Data, Admissao, Quarto) VALUES (1259, "descricao","27/11/2015 19:42:41" ,483, 164);
INSERT INTO Exame( EventoID, Nome, Descricao) VALUES (1259,"broncoscopia","descricao");
INSERT INTO MedicoExame( MedicoID, ExameID) VALUES (413,1259);
INSERT INTO Evento(EventoID,Descricao, Data, Admissao, Quarto) VALUES (1260, "descricao","10/11/1960 16:35:51" ,297, 234);
INSERT INTO Exame( EventoID, Nome, Descricao) VALUES (1260,"Sangue","descricao");
INSERT INTO MedicoExame( MedicoID, ExameID) VALUES (423,1260);
INSERT INTO Evento(EventoID,Descricao, Data, Admissao, Quarto) VALUES (1261, "descricao","16/6/2019 18:17:45" ,449, 225);
INSERT INTO Exame( EventoID, Nome, Descricao) VALUES (1261,"laparoscopia","descricao");
INSERT INTO MedicoExame( MedicoID, ExameID) VALUES (389,1261);
INSERT INTO Evento(EventoID,Descricao, Data, Admissao, Quarto) VALUES (1262, "descricao","7/11/1993 19:26:55" ,467, 136);
INSERT INTO Exame( EventoID, Nome, Descricao) VALUES (1262,"cistoscopia","descricao");
INSERT INTO MedicoExame( MedicoID, ExameID) VALUES (410,1262);
INSERT INTO Evento(EventoID,Descricao, Data, Admissao, Quarto) VALUES (1263, "descricao","13/10/2002 7:30:29" ,500, 201);
INSERT INTO Exame( EventoID, Nome, Descricao) VALUES (1263,"mediastinoscopia","descricao");
INSERT INTO MedicoExame( MedicoID, ExameID) VALUES (388,1263);
INSERT INTO Evento(EventoID,Descricao, Data, Admissao, Quarto) VALUES (1264, "descricao","8/7/1984 1:4:29" ,23, 125);
INSERT INTO Exame( EventoID, Nome, Descricao) VALUES (1264,"laringoscopia","descricao");
INSERT INTO MedicoExame( MedicoID, ExameID) VALUES (385,1264);
INSERT INTO Evento(EventoID,Descricao, Data, Admissao, Quarto) VALUES (1265, "descricao","6/6/1976 22:15:27" ,413, 236);
INSERT INTO Exame( EventoID, Nome, Descricao) VALUES (1265,"mediastinoscopia","descricao");
INSERT INTO MedicoExame( MedicoID, ExameID) VALUES (426,1265);
INSERT INTO Evento(EventoID,Descricao, Data, Admissao, Quarto) VALUES (1266, "descricao","11/1/2018 3:58:21" ,404, 224);
INSERT INTO Exame( EventoID, Nome, Descricao) VALUES (1266,"cistoscopia","descricao");
INSERT INTO MedicoExame( MedicoID, ExameID) VALUES (413,1266);
INSERT INTO Evento(EventoID,Descricao, Data, Admissao, Quarto) VALUES (1267, "descricao","26/2/1973 21:57:28" ,382, 143);
INSERT INTO Exame( EventoID, Nome, Descricao) VALUES (1267,"laparoscopia","descricao");
INSERT INTO MedicoExame( MedicoID, ExameID) VALUES (406,1267);
INSERT INTO Evento(EventoID,Descricao, Data, Admissao, Quarto) VALUES (1268, "descricao","2/8/2019 3:5:52" ,176, 174);
INSERT INTO Exame( EventoID, Nome, Descricao) VALUES (1268,"laringoscopia","descricao");
INSERT INTO MedicoExame( MedicoID, ExameID) VALUES (422,1268);
INSERT INTO Evento(EventoID,Descricao, Data, Admissao, Quarto) VALUES (1269, "descricao","9/1/1981 12:16:30" ,319, 156);
INSERT INTO Exame( EventoID, Nome, Descricao) VALUES (1269,"laparoscopia","descricao");
INSERT INTO MedicoExame( MedicoID, ExameID) VALUES (388,1269);
INSERT INTO Evento(EventoID,Descricao, Data, Admissao, Quarto) VALUES (1270, "descricao","3/9/1991 5:12:42" ,163, 170);
INSERT INTO Exame( EventoID, Nome, Descricao) VALUES (1270,"cistoscopia","descricao");
INSERT INTO MedicoExame( MedicoID, ExameID) VALUES (424,1270);
INSERT INTO Evento(EventoID,Descricao, Data, Admissao, Quarto) VALUES (1271, "descricao","16/8/1974 9:44:13" ,10, 247);
INSERT INTO Exame( EventoID, Nome, Descricao) VALUES (1271,"laringoscopia","descricao");
INSERT INTO MedicoExame( MedicoID, ExameID) VALUES (391,1271);
INSERT INTO Evento(EventoID,Descricao, Data, Admissao, Quarto) VALUES (1272, "descricao","5/3/2007 8:15:16" ,273, 131);
INSERT INTO Exame( EventoID, Nome, Descricao) VALUES (1272,"Urina","descricao");
INSERT INTO MedicoExame( MedicoID, ExameID) VALUES (406,1272);
INSERT INTO Evento(EventoID,Descricao, Data, Admissao, Quarto) VALUES (1273, "descricao","13/8/1974 7:41:34" ,227, 228);
INSERT INTO Exame( EventoID, Nome, Descricao) VALUES (1273,"laparoscopia","descricao");
INSERT INTO MedicoExame( MedicoID, ExameID) VALUES (408,1273);
INSERT INTO Evento(EventoID,Descricao, Data, Admissao, Quarto) VALUES (1274, "descricao","5/1/1999 10:44:51" ,335, 181);
INSERT INTO Exame( EventoID, Nome, Descricao) VALUES (1274,"liquido cefalorraquidiano","descricao");
INSERT INTO MedicoExame( MedicoID, ExameID) VALUES (408,1274);
INSERT INTO Evento(EventoID,Descricao, Data, Admissao, Quarto) VALUES (1275, "descricao","2/4/2009 10:43:52" ,378, 162);
INSERT INTO Exame( EventoID, Nome, Descricao) VALUES (1275,"mediastinoscopia","descricao");
INSERT INTO MedicoExame( MedicoID, ExameID) VALUES (397,1275);
INSERT INTO Evento(EventoID,Descricao, Data, Admissao, Quarto) VALUES (1276, "descricao","22/11/2014 20:26:45" ,39, 114);
INSERT INTO Exame( EventoID, Nome, Descricao) VALUES (1276,"liquido cefalorraquidiano","descricao");
INSERT INTO MedicoExame( MedicoID, ExameID) VALUES (408,1276);
INSERT INTO Evento(EventoID,Descricao, Data, Admissao, Quarto) VALUES (1277, "descricao","6/3/1980 7:15:8" ,143, 170);
INSERT INTO Exame( EventoID, Nome, Descricao) VALUES (1277,"liquido sinovial","descricao");
INSERT INTO MedicoExame( MedicoID, ExameID) VALUES (395,1277);
INSERT INTO Evento(EventoID,Descricao, Data, Admissao, Quarto) VALUES (1278, "descricao","13/9/1983 17:9:33" ,118, 218);
INSERT INTO Exame( EventoID, Nome, Descricao) VALUES (1278,"Urina","descricao");
INSERT INTO MedicoExame( MedicoID, ExameID) VALUES (389,1278);
INSERT INTO Evento(EventoID,Descricao, Data, Admissao, Quarto) VALUES (1279, "descricao","21/6/1991 10:59:44" ,29, 234);
INSERT INTO Exame( EventoID, Nome, Descricao) VALUES (1279,"Sangue","descricao");
INSERT INTO MedicoExame( MedicoID, ExameID) VALUES (414,1279);
INSERT INTO Evento(EventoID,Descricao, Data, Admissao, Quarto) VALUES (1280, "descricao","8/5/2004 12:40:57" ,330, 163);
INSERT INTO Exame( EventoID, Nome, Descricao) VALUES (1280,"Urina","descricao");
INSERT INTO MedicoExame( MedicoID, ExameID) VALUES (410,1280);
INSERT INTO Evento(EventoID,Descricao, Data, Admissao, Quarto) VALUES (1281, "descricao","20/11/2001 10:40:56" ,277, 111);
INSERT INTO Exame( EventoID, Nome, Descricao) VALUES (1281,"liquido sinovial","descricao");
INSERT INTO MedicoExame( MedicoID, ExameID) VALUES (416,1281);
INSERT INTO Evento(EventoID,Descricao, Data, Admissao, Quarto) VALUES (1282, "descricao","3/1/1999 20:52:46" ,114, 122);
INSERT INTO Exame( EventoID, Nome, Descricao) VALUES (1282,"Sangue","descricao");
INSERT INTO MedicoExame( MedicoID, ExameID) VALUES (384,1282);
INSERT INTO Evento(EventoID,Descricao, Data, Admissao, Quarto) VALUES (1283, "descricao","12/2/1994 11:15:34" ,48, 229);
INSERT INTO Exame( EventoID, Nome, Descricao) VALUES (1283,"cistoscopia","descricao");
INSERT INTO MedicoExame( MedicoID, ExameID) VALUES (392,1283);
INSERT INTO Evento(EventoID,Descricao, Data, Admissao, Quarto) VALUES (1284, "descricao","23/8/1960 10:58:0" ,388, 217);
INSERT INTO Exame( EventoID, Nome, Descricao) VALUES (1284,"broncoscopia","descricao");
INSERT INTO MedicoExame( MedicoID, ExameID) VALUES (406,1284);
INSERT INTO Evento(EventoID,Descricao, Data, Admissao, Quarto) VALUES (1285, "descricao","20/11/1971 14:37:38" ,366, 206);
INSERT INTO Exame( EventoID, Nome, Descricao) VALUES (1285,"broncoscopia","descricao");
INSERT INTO MedicoExame( MedicoID, ExameID) VALUES (407,1285);
INSERT INTO Evento(EventoID,Descricao, Data, Admissao, Quarto) VALUES (1286, "descricao","28/10/2018 22:13:40" ,425, 206);
INSERT INTO Exame( EventoID, Nome, Descricao) VALUES (1286,"mediastinoscopia","descricao");
INSERT INTO MedicoExame( MedicoID, ExameID) VALUES (409,1286);
INSERT INTO Evento(EventoID,Descricao, Data, Admissao, Quarto) VALUES (1287, "descricao","5/5/1983 19:18:16" ,424, 123);
INSERT INTO Exame( EventoID, Nome, Descricao) VALUES (1287,"laparoscopia","descricao");
INSERT INTO MedicoExame( MedicoID, ExameID) VALUES (397,1287);
INSERT INTO Evento(EventoID,Descricao, Data, Admissao, Quarto) VALUES (1288, "descricao","15/2/1965 0:11:48" ,158, 182);
INSERT INTO Exame( EventoID, Nome, Descricao) VALUES (1288,"Sangue","descricao");
INSERT INTO MedicoExame( MedicoID, ExameID) VALUES (420,1288);
INSERT INTO Evento(EventoID,Descricao, Data, Admissao, Quarto) VALUES (1289, "descricao","11/11/1986 15:38:53" ,342, 236);
INSERT INTO Exame( EventoID, Nome, Descricao) VALUES (1289,"liquido cefalorraquidiano","descricao");
INSERT INTO MedicoExame( MedicoID, ExameID) VALUES (418,1289);
INSERT INTO Evento(EventoID,Descricao, Data, Admissao, Quarto) VALUES (1290, "descricao","13/4/2008 20:41:44" ,132, 211);
INSERT INTO Exame( EventoID, Nome, Descricao) VALUES (1290,"laringoscopia","descricao");
INSERT INTO MedicoExame( MedicoID, ExameID) VALUES (426,1290);
INSERT INTO Evento(EventoID,Descricao, Data, Admissao, Quarto) VALUES (1291, "descricao","12/2/1966 10:3:16" ,363, 245);
INSERT INTO Exame( EventoID, Nome, Descricao) VALUES (1291,"Sangue","descricao");
INSERT INTO MedicoExame( MedicoID, ExameID) VALUES (395,1291);
INSERT INTO Evento(EventoID,Descricao, Data, Admissao, Quarto) VALUES (1292, "descricao","19/6/1980 17:42:15" ,269, 222);
INSERT INTO Exame( EventoID, Nome, Descricao) VALUES (1292,"liquido cefalorraquidiano","descricao");
INSERT INTO MedicoExame( MedicoID, ExameID) VALUES (398,1292);
INSERT INTO Evento(EventoID,Descricao, Data, Admissao, Quarto) VALUES (1293, "descricao","4/9/2005 13:6:55" ,362, 166);
INSERT INTO Exame( EventoID, Nome, Descricao) VALUES (1293,"esofagoscopia","descricao");
INSERT INTO MedicoExame( MedicoID, ExameID) VALUES (404,1293);
INSERT INTO Evento(EventoID,Descricao, Data, Admissao, Quarto) VALUES (1294, "descricao","3/7/1980 22:4:53" ,140, 187);
INSERT INTO Exame( EventoID, Nome, Descricao) VALUES (1294,"laringoscopia","descricao");
INSERT INTO MedicoExame( MedicoID, ExameID) VALUES (395,1294);
INSERT INTO Evento(EventoID,Descricao, Data, Admissao, Quarto) VALUES (1295, "descricao","1/1/2003 1:42:20" ,415, 163);
INSERT INTO Exame( EventoID, Nome, Descricao) VALUES (1295,"broncoscopia","descricao");
INSERT INTO MedicoExame( MedicoID, ExameID) VALUES (426,1295);
INSERT INTO Evento(EventoID,Descricao, Data, Admissao, Quarto) VALUES (1296, "descricao","1/5/1975 1:19:35" ,174, 241);
INSERT INTO Exame( EventoID, Nome, Descricao) VALUES (1296,"esofagoscopia","descricao");
INSERT INTO MedicoExame( MedicoID, ExameID) VALUES (396,1296);
INSERT INTO Evento(EventoID,Descricao, Data, Admissao, Quarto) VALUES (1297, "descricao","2/3/1984 7:14:52" ,35, 231);
INSERT INTO Exame( EventoID, Nome, Descricao) VALUES (1297,"mediastinoscopia","descricao");
INSERT INTO MedicoExame( MedicoID, ExameID) VALUES (384,1297);
INSERT INTO Evento(EventoID,Descricao, Data, Admissao, Quarto) VALUES (1298, "descricao","15/7/1981 2:16:41" ,10, 169);
INSERT INTO Exame( EventoID, Nome, Descricao) VALUES (1298,"liquido cefalorraquidiano","descricao");
INSERT INTO MedicoExame( MedicoID, ExameID) VALUES (417,1298);
INSERT INTO Evento(EventoID,Descricao, Data, Admissao, Quarto) VALUES (1299, "descricao","13/2/1990 15:58:25" ,417, 138);
INSERT INTO Exame( EventoID, Nome, Descricao) VALUES (1299,"laringoscopia","descricao");
INSERT INTO MedicoExame( MedicoID, ExameID) VALUES (388,1299);
INSERT INTO Evento(EventoID,Descricao, Data, Admissao, Quarto) VALUES (1300, "descricao","3/8/1981 11:58:10" ,236, 147);
INSERT INTO Exame( EventoID, Nome, Descricao) VALUES (1300,"mediastinoscopia","descricao");
INSERT INTO MedicoExame( MedicoID, ExameID) VALUES (415,1300);
INSERT INTO Evento(EventoID,Descricao, Data, Admissao, Quarto) VALUES (1301, "descricao","28/12/2017 12:47:12" ,312, 178);
INSERT INTO Exame( EventoID, Nome, Descricao) VALUES (1301,"toracoscopia","descricao");
INSERT INTO MedicoExame( MedicoID, ExameID) VALUES (401,1301);
INSERT INTO Evento(EventoID,Descricao, Data, Admissao, Quarto) VALUES (1302, "descricao","12/11/2013 0:35:6" ,483, 175);
INSERT INTO Exame( EventoID, Nome, Descricao) VALUES (1302,"laringoscopia","descricao");
INSERT INTO MedicoExame( MedicoID, ExameID) VALUES (405,1302);
INSERT INTO Evento(EventoID,Descricao, Data, Admissao, Quarto) VALUES (1303, "descricao","16/3/1998 20:47:6" ,82, 184);
INSERT INTO Exame( EventoID, Nome, Descricao) VALUES (1303,"esofagoscopia","descricao");
INSERT INTO MedicoExame( MedicoID, ExameID) VALUES (389,1303);
INSERT INTO Evento(EventoID,Descricao, Data, Admissao, Quarto) VALUES (1304, "descricao","26/11/1991 15:42:19" ,339, 167);
INSERT INTO Exame( EventoID, Nome, Descricao) VALUES (1304,"mediastinoscopia","descricao");
INSERT INTO MedicoExame( MedicoID, ExameID) VALUES (397,1304);
INSERT INTO Evento(EventoID,Descricao, Data, Admissao, Quarto) VALUES (1305, "descricao","16/3/1998 3:17:1" ,472, 198);
INSERT INTO Exame( EventoID, Nome, Descricao) VALUES (1305,"laringoscopia","descricao");
INSERT INTO MedicoExame( MedicoID, ExameID) VALUES (388,1305);
INSERT INTO Evento(EventoID,Descricao, Data, Admissao, Quarto) VALUES (1306, "descricao","8/12/1983 17:42:19" ,61, 198);
INSERT INTO Exame( EventoID, Nome, Descricao) VALUES (1306,"laringoscopia","descricao");
INSERT INTO MedicoExame( MedicoID, ExameID) VALUES (402,1306);
INSERT INTO Evento(EventoID,Descricao, Data, Admissao, Quarto) VALUES (1307, "descricao","11/8/1995 3:12:45" ,272, 164);
INSERT INTO Exame( EventoID, Nome, Descricao) VALUES (1307,"liquido sinovial","descricao");
INSERT INTO MedicoExame( MedicoID, ExameID) VALUES (409,1307);
INSERT INTO Evento(EventoID,Descricao, Data, Admissao, Quarto) VALUES (1308, "descricao","8/4/1987 21:12:46" ,228, 121);
INSERT INTO Exame( EventoID, Nome, Descricao) VALUES (1308,"toracoscopia","descricao");
INSERT INTO MedicoExame( MedicoID, ExameID) VALUES (409,1308);
INSERT INTO Evento(EventoID,Descricao, Data, Admissao, Quarto) VALUES (1309, "descricao","21/10/1967 5:58:44" ,444, 172);
INSERT INTO Exame( EventoID, Nome, Descricao) VALUES (1309,"laringoscopia","descricao");
INSERT INTO MedicoExame( MedicoID, ExameID) VALUES (411,1309);
INSERT INTO Evento(EventoID,Descricao, Data, Admissao, Quarto) VALUES (1310, "descricao","17/6/2015 7:3:35" ,56, 100);
INSERT INTO Exame( EventoID, Nome, Descricao) VALUES (1310,"Sangue","descricao");
INSERT INTO MedicoExame( MedicoID, ExameID) VALUES (412,1310);
INSERT INTO Evento(EventoID,Descricao, Data, Admissao, Quarto) VALUES (1311, "descricao","3/11/2000 7:33:39" ,281, 170);
INSERT INTO Exame( EventoID, Nome, Descricao) VALUES (1311,"broncoscopia","descricao");
INSERT INTO MedicoExame( MedicoID, ExameID) VALUES (384,1311);
INSERT INTO Evento(EventoID,Descricao, Data, Admissao, Quarto) VALUES (1312, "descricao","8/7/1963 15:42:1" ,162, 209);
INSERT INTO Exame( EventoID, Nome, Descricao) VALUES (1312,"Urina","descricao");
INSERT INTO MedicoExame( MedicoID, ExameID) VALUES (408,1312);
INSERT INTO Evento(EventoID,Descricao, Data, Admissao, Quarto) VALUES (1313, "descricao","28/1/2009 2:37:19" ,192, 237);
INSERT INTO Exame( EventoID, Nome, Descricao) VALUES (1313,"laparoscopia","descricao");
INSERT INTO MedicoExame( MedicoID, ExameID) VALUES (386,1313);
INSERT INTO Evento(EventoID,Descricao, Data, Admissao, Quarto) VALUES (1314, "descricao","1/1/1982 23:21:15" ,237, 137);
INSERT INTO Exame( EventoID, Nome, Descricao) VALUES (1314,"liquido sinovial","descricao");
INSERT INTO MedicoExame( MedicoID, ExameID) VALUES (388,1314);
INSERT INTO Evento(EventoID,Descricao, Data, Admissao, Quarto) VALUES (1315, "descricao","15/8/2017 23:9:26" ,348, 111);
INSERT INTO Exame( EventoID, Nome, Descricao) VALUES (1315,"toracoscopia","descricao");
INSERT INTO MedicoExame( MedicoID, ExameID) VALUES (391,1315);
INSERT INTO Evento(EventoID,Descricao, Data, Admissao, Quarto) VALUES (1316, "descricao","28/2/2008 19:51:32" ,320, 200);
INSERT INTO Exame( EventoID, Nome, Descricao) VALUES (1316,"Urina","descricao");
INSERT INTO MedicoExame( MedicoID, ExameID) VALUES (400,1316);
INSERT INTO Evento(EventoID,Descricao, Data, Admissao, Quarto) VALUES (1317, "descricao","25/3/1987 21:33:49" ,11, 156);
INSERT INTO Exame( EventoID, Nome, Descricao) VALUES (1317,"esofagoscopia","descricao");
INSERT INTO MedicoExame( MedicoID, ExameID) VALUES (396,1317);
INSERT INTO Evento(EventoID,Descricao, Data, Admissao, Quarto) VALUES (1318, "descricao","17/2/1974 22:10:46" ,330, 208);
INSERT INTO Exame( EventoID, Nome, Descricao) VALUES (1318,"laparoscopia","descricao");
INSERT INTO MedicoExame( MedicoID, ExameID) VALUES (396,1318);
INSERT INTO Evento(EventoID,Descricao, Data, Admissao, Quarto) VALUES (1319, "descricao","21/8/1987 23:43:45" ,142, 234);
INSERT INTO Exame( EventoID, Nome, Descricao) VALUES (1319,"toracoscopia","descricao");
INSERT INTO MedicoExame( MedicoID, ExameID) VALUES (403,1319);
INSERT INTO Evento(EventoID,Descricao, Data, Admissao, Quarto) VALUES (1320, "descricao","18/9/1978 5:22:4" ,4, 127);
INSERT INTO Exame( EventoID, Nome, Descricao) VALUES (1320,"cistoscopia","descricao");
INSERT INTO MedicoExame( MedicoID, ExameID) VALUES (423,1320);
INSERT INTO Evento(EventoID,Descricao, Data, Admissao, Quarto) VALUES (1321, "descricao","16/11/2018 7:6:4" ,189, 198);
INSERT INTO Exame( EventoID, Nome, Descricao) VALUES (1321,"Urina","descricao");
INSERT INTO MedicoExame( MedicoID, ExameID) VALUES (418,1321);
INSERT INTO Evento(EventoID,Descricao, Data, Admissao, Quarto) VALUES (1322, "descricao","15/4/1989 9:37:40" ,415, 164);
INSERT INTO Exame( EventoID, Nome, Descricao) VALUES (1322,"laringoscopia","descricao");
INSERT INTO MedicoExame( MedicoID, ExameID) VALUES (391,1322);
INSERT INTO Evento(EventoID,Descricao, Data, Admissao, Quarto) VALUES (1323, "descricao","21/9/1995 9:14:13" ,154, 208);
INSERT INTO Exame( EventoID, Nome, Descricao) VALUES (1323,"liquido sinovial","descricao");
INSERT INTO MedicoExame( MedicoID, ExameID) VALUES (423,1323);
INSERT INTO Evento(EventoID,Descricao, Data, Admissao, Quarto) VALUES (1324, "descricao","16/3/1982 2:57:43" ,240, 243);
INSERT INTO Exame( EventoID, Nome, Descricao) VALUES (1324,"esofagoscopia","descricao");
INSERT INTO MedicoExame( MedicoID, ExameID) VALUES (425,1324);
INSERT INTO Evento(EventoID,Descricao, Data, Admissao, Quarto) VALUES (1325, "descricao","11/10/2017 22:55:48" ,76, 156);
INSERT INTO Exame( EventoID, Nome, Descricao) VALUES (1325,"cistoscopia","descricao");
INSERT INTO MedicoExame( MedicoID, ExameID) VALUES (424,1325);
INSERT INTO Evento(EventoID,Descricao, Data, Admissao, Quarto) VALUES (1326, "descricao","23/11/1986 0:18:31" ,247, 204);
INSERT INTO Exame( EventoID, Nome, Descricao) VALUES (1326,"esofagoscopia","descricao");
INSERT INTO MedicoExame( MedicoID, ExameID) VALUES (395,1326);
INSERT INTO Evento(EventoID,Descricao, Data, Admissao, Quarto) VALUES (1327, "descricao","15/2/1989 7:32:59" ,467, 203);
INSERT INTO Exame( EventoID, Nome, Descricao) VALUES (1327,"toracoscopia","descricao");
INSERT INTO MedicoExame( MedicoID, ExameID) VALUES (403,1327);
INSERT INTO Evento(EventoID,Descricao, Data, Admissao, Quarto) VALUES (1328, "descricao","1/10/1964 4:16:35" ,108, 229);
INSERT INTO Exame( EventoID, Nome, Descricao) VALUES (1328,"cistoscopia","descricao");
INSERT INTO MedicoExame( MedicoID, ExameID) VALUES (416,1328);
INSERT INTO Evento(EventoID,Descricao, Data, Admissao, Quarto) VALUES (1329, "descricao","23/4/2013 7:32:1" ,168, 134);
INSERT INTO Exame( EventoID, Nome, Descricao) VALUES (1329,"toracoscopia","descricao");
INSERT INTO MedicoExame( MedicoID, ExameID) VALUES (395,1329);
INSERT INTO Evento(EventoID,Descricao, Data, Admissao, Quarto) VALUES (1330, "descricao","18/3/2002 19:14:6" ,66, 100);
INSERT INTO Exame( EventoID, Nome, Descricao) VALUES (1330,"broncoscopia","descricao");
INSERT INTO MedicoExame( MedicoID, ExameID) VALUES (408,1330);
INSERT INTO Evento(EventoID,Descricao, Data, Admissao, Quarto) VALUES (1331, "descricao","24/1/2016 9:3:45" ,438, 126);
INSERT INTO Exame( EventoID, Nome, Descricao) VALUES (1331,"cistoscopia","descricao");
INSERT INTO MedicoExame( MedicoID, ExameID) VALUES (426,1331);
INSERT INTO Evento(EventoID,Descricao, Data, Admissao, Quarto) VALUES (1332, "descricao","15/9/1981 6:56:5" ,98, 140);
INSERT INTO Exame( EventoID, Nome, Descricao) VALUES (1332,"Urina","descricao");
INSERT INTO MedicoExame( MedicoID, ExameID) VALUES (415,1332);
INSERT INTO Evento(EventoID,Descricao, Data, Admissao, Quarto) VALUES (1333, "descricao","27/4/1978 13:3:16" ,456, 231);
INSERT INTO Exame( EventoID, Nome, Descricao) VALUES (1333,"broncoscopia","descricao");
INSERT INTO MedicoExame( MedicoID, ExameID) VALUES (412,1333);
INSERT INTO Evento(EventoID,Descricao, Data, Admissao, Quarto) VALUES (1334, "descricao","9/4/1985 13:42:50" ,404, 188);
INSERT INTO Exame( EventoID, Nome, Descricao) VALUES (1334,"broncoscopia","descricao");
INSERT INTO MedicoExame( MedicoID, ExameID) VALUES (425,1334);
INSERT INTO Evento(EventoID,Descricao, Data, Admissao, Quarto) VALUES (1335, "descricao","15/4/1989 12:23:39" ,459, 243);
INSERT INTO Exame( EventoID, Nome, Descricao) VALUES (1335,"laparoscopia","descricao");
INSERT INTO MedicoExame( MedicoID, ExameID) VALUES (404,1335);
INSERT INTO Evento(EventoID,Descricao, Data, Admissao, Quarto) VALUES (1336, "descricao","24/6/2007 23:7:33" ,370, 133);
INSERT INTO Exame( EventoID, Nome, Descricao) VALUES (1336,"liquido sinovial","descricao");
INSERT INTO MedicoExame( MedicoID, ExameID) VALUES (391,1336);
INSERT INTO Evento(EventoID,Descricao, Data, Admissao, Quarto) VALUES (1337, "descricao","25/8/1960 14:58:17" ,415, 246);
INSERT INTO Exame( EventoID, Nome, Descricao) VALUES (1337,"toracoscopia","descricao");
INSERT INTO MedicoExame( MedicoID, ExameID) VALUES (387,1337);
INSERT INTO Evento(EventoID,Descricao, Data, Admissao, Quarto) VALUES (1338, "descricao","26/11/1977 5:9:53" ,304, 112);
INSERT INTO Exame( EventoID, Nome, Descricao) VALUES (1338,"liquido cefalorraquidiano","descricao");
INSERT INTO MedicoExame( MedicoID, ExameID) VALUES (423,1338);
INSERT INTO Evento(EventoID,Descricao, Data, Admissao, Quarto) VALUES (1339, "descricao","16/9/1967 7:10:11" ,346, 230);
INSERT INTO Exame( EventoID, Nome, Descricao) VALUES (1339,"laringoscopia","descricao");
INSERT INTO MedicoExame( MedicoID, ExameID) VALUES (411,1339);
INSERT INTO Evento(EventoID,Descricao, Data, Admissao, Quarto) VALUES (1340, "descricao","24/3/1961 12:39:22" ,323, 103);
INSERT INTO Exame( EventoID, Nome, Descricao) VALUES (1340,"Urina","descricao");
INSERT INTO MedicoExame( MedicoID, ExameID) VALUES (388,1340);
INSERT INTO Evento(EventoID,Descricao, Data, Admissao, Quarto) VALUES (1341, "descricao","27/10/1996 11:39:38" ,95, 163);
INSERT INTO Exame( EventoID, Nome, Descricao) VALUES (1341,"Sangue","descricao");
INSERT INTO MedicoExame( MedicoID, ExameID) VALUES (416,1341);
INSERT INTO Evento(EventoID,Descricao, Data, Admissao, Quarto) VALUES (1342, "descricao","14/11/1994 3:34:25" ,269, 110);
INSERT INTO Exame( EventoID, Nome, Descricao) VALUES (1342,"Urina","descricao");
INSERT INTO MedicoExame( MedicoID, ExameID) VALUES (392,1342);
INSERT INTO Evento(EventoID,Descricao, Data, Admissao, Quarto) VALUES (1343, "descricao","22/9/1984 7:21:23" ,148, 141);
INSERT INTO Exame( EventoID, Nome, Descricao) VALUES (1343,"toracoscopia","descricao");
INSERT INTO MedicoExame( MedicoID, ExameID) VALUES (397,1343);
INSERT INTO Evento(EventoID,Descricao, Data, Admissao, Quarto) VALUES (1344, "descricao","13/2/1965 1:56:29" ,427, 238);
INSERT INTO Exame( EventoID, Nome, Descricao) VALUES (1344,"laparoscopia","descricao");
INSERT INTO MedicoExame( MedicoID, ExameID) VALUES (386,1344);
INSERT INTO Evento(EventoID,Descricao, Data, Admissao, Quarto) VALUES (1345, "descricao","25/12/1985 17:8:32" ,395, 231);
INSERT INTO Exame( EventoID, Nome, Descricao) VALUES (1345,"Sangue","descricao");
INSERT INTO MedicoExame( MedicoID, ExameID) VALUES (399,1345);
INSERT INTO Evento(EventoID,Descricao, Data, Admissao, Quarto) VALUES (1346, "descricao","12/2/2019 10:32:54" ,357, 228);
INSERT INTO Exame( EventoID, Nome, Descricao) VALUES (1346,"mediastinoscopia","descricao");
INSERT INTO MedicoExame( MedicoID, ExameID) VALUES (419,1346);
INSERT INTO Evento(EventoID,Descricao, Data, Admissao, Quarto) VALUES (1347, "descricao","21/9/2011 10:49:25" ,388, 161);
INSERT INTO Exame( EventoID, Nome, Descricao) VALUES (1347,"liquido sinovial","descricao");
INSERT INTO MedicoExame( MedicoID, ExameID) VALUES (419,1347);
INSERT INTO Evento(EventoID,Descricao, Data, Admissao, Quarto) VALUES (1348, "descricao","1/2/1969 21:10:32" ,222, 248);
INSERT INTO Exame( EventoID, Nome, Descricao) VALUES (1348,"laringoscopia","descricao");
INSERT INTO MedicoExame( MedicoID, ExameID) VALUES (393,1348);
INSERT INTO Evento(EventoID,Descricao, Data, Admissao, Quarto) VALUES (1349, "descricao","27/5/1978 19:34:21" ,11, 193);
INSERT INTO Exame( EventoID, Nome, Descricao) VALUES (1349,"esofagoscopia","descricao");
INSERT INTO MedicoExame( MedicoID, ExameID) VALUES (395,1349);
INSERT INTO Evento(EventoID,Descricao, Data, Admissao, Quarto) VALUES (1350, "descricao","19/12/2013 18:52:43" ,265, 197);
INSERT INTO Exame( EventoID, Nome, Descricao) VALUES (1350,"broncoscopia","descricao");
INSERT INTO MedicoExame( MedicoID, ExameID) VALUES (388,1350);
INSERT INTO Evento(EventoID,Descricao, Data, Admissao, Quarto) VALUES (1351, "descricao","26/9/2019 1:11:20" ,217, 172);
INSERT INTO Exame( EventoID, Nome, Descricao) VALUES (1351,"laringoscopia","descricao");
INSERT INTO MedicoExame( MedicoID, ExameID) VALUES (400,1351);
INSERT INTO Evento(EventoID,Descricao, Data, Admissao, Quarto) VALUES (1352, "descricao","12/1/2019 1:16:34" ,40, 169);
INSERT INTO Exame( EventoID, Nome, Descricao) VALUES (1352,"toracoscopia","descricao");
INSERT INTO MedicoExame( MedicoID, ExameID) VALUES (397,1352);
INSERT INTO Evento(EventoID,Descricao, Data, Admissao, Quarto) VALUES (1353, "descricao","3/6/1966 16:40:17" ,56, 220);
INSERT INTO Exame( EventoID, Nome, Descricao) VALUES (1353,"toracoscopia","descricao");
INSERT INTO MedicoExame( MedicoID, ExameID) VALUES (385,1353);
INSERT INTO Evento(EventoID,Descricao, Data, Admissao, Quarto) VALUES (1354, "descricao","14/2/1986 5:37:48" ,39, 171);
INSERT INTO Exame( EventoID, Nome, Descricao) VALUES (1354,"toracoscopia","descricao");
INSERT INTO MedicoExame( MedicoID, ExameID) VALUES (418,1354);
INSERT INTO Evento(EventoID,Descricao, Data, Admissao, Quarto) VALUES (1355, "descricao","8/4/1995 13:53:26" ,424, 110);
INSERT INTO Exame( EventoID, Nome, Descricao) VALUES (1355,"cistoscopia","descricao");
INSERT INTO MedicoExame( MedicoID, ExameID) VALUES (409,1355);
INSERT INTO Evento(EventoID,Descricao, Data, Admissao, Quarto) VALUES (1356, "descricao","8/2/1972 0:56:26" ,34, 119);
INSERT INTO Exame( EventoID, Nome, Descricao) VALUES (1356,"toracoscopia","descricao");
INSERT INTO MedicoExame( MedicoID, ExameID) VALUES (383,1356);
INSERT INTO Evento(EventoID,Descricao, Data, Admissao, Quarto) VALUES (1357, "descricao","28/2/1963 4:43:23" ,244, 163);
INSERT INTO Exame( EventoID, Nome, Descricao) VALUES (1357,"laparoscopia","descricao");
INSERT INTO MedicoExame( MedicoID, ExameID) VALUES (395,1357);
INSERT INTO Evento(EventoID,Descricao, Data, Admissao, Quarto) VALUES (1358, "descricao","20/2/2017 20:16:26" ,4, 114);
INSERT INTO Exame( EventoID, Nome, Descricao) VALUES (1358,"laparoscopia","descricao");
INSERT INTO MedicoExame( MedicoID, ExameID) VALUES (383,1358);
INSERT INTO Evento(EventoID,Descricao, Data, Admissao, Quarto) VALUES (1359, "descricao","15/3/1961 15:27:40" ,279, 119);
INSERT INTO Exame( EventoID, Nome, Descricao) VALUES (1359,"laringoscopia","descricao");
INSERT INTO MedicoExame( MedicoID, ExameID) VALUES (417,1359);
INSERT INTO Evento(EventoID,Descricao, Data, Admissao, Quarto) VALUES (1360, "descricao","8/11/1979 0:49:32" ,244, 224);
INSERT INTO Exame( EventoID, Nome, Descricao) VALUES (1360,"liquido cefalorraquidiano","descricao");
INSERT INTO MedicoExame( MedicoID, ExameID) VALUES (405,1360);
INSERT INTO Evento(EventoID,Descricao, Data, Admissao, Quarto) VALUES (1361, "descricao","26/6/1981 15:52:51" ,236, 154);
INSERT INTO Exame( EventoID, Nome, Descricao) VALUES (1361,"liquido cefalorraquidiano","descricao");
INSERT INTO MedicoExame( MedicoID, ExameID) VALUES (402,1361);
INSERT INTO Evento(EventoID,Descricao, Data, Admissao, Quarto) VALUES (1362, "descricao","23/12/1966 16:59:31" ,361, 183);
INSERT INTO Exame( EventoID, Nome, Descricao) VALUES (1362,"broncoscopia","descricao");
INSERT INTO MedicoExame( MedicoID, ExameID) VALUES (383,1362);
INSERT INTO Evento(EventoID,Descricao, Data, Admissao, Quarto) VALUES (1363, "descricao","25/2/2004 10:38:1" ,262, 221);
INSERT INTO Exame( EventoID, Nome, Descricao) VALUES (1363,"Sangue","descricao");
INSERT INTO MedicoExame( MedicoID, ExameID) VALUES (386,1363);
INSERT INTO Evento(EventoID,Descricao, Data, Admissao, Quarto) VALUES (1364, "descricao","5/1/2005 18:30:45" ,423, 228);
INSERT INTO Exame( EventoID, Nome, Descricao) VALUES (1364,"cistoscopia","descricao");
INSERT INTO MedicoExame( MedicoID, ExameID) VALUES (422,1364);
INSERT INTO Evento(EventoID,Descricao, Data, Admissao, Quarto) VALUES (1365, "descricao","19/3/1986 23:47:45" ,274, 202);
INSERT INTO Exame( EventoID, Nome, Descricao) VALUES (1365,"mediastinoscopia","descricao");
INSERT INTO MedicoExame( MedicoID, ExameID) VALUES (399,1365);
INSERT INTO Evento(EventoID,Descricao, Data, Admissao, Quarto) VALUES (1366, "descricao","8/8/1967 1:29:58" ,236, 116);
INSERT INTO Exame( EventoID, Nome, Descricao) VALUES (1366,"esofagoscopia","descricao");
INSERT INTO MedicoExame( MedicoID, ExameID) VALUES (395,1366);
INSERT INTO Evento(EventoID,Descricao, Data, Admissao, Quarto) VALUES (1367, "descricao","25/7/1986 1:21:29" ,450, 176);
INSERT INTO Exame( EventoID, Nome, Descricao) VALUES (1367,"liquido cefalorraquidiano","descricao");
INSERT INTO MedicoExame( MedicoID, ExameID) VALUES (405,1367);
INSERT INTO Evento(EventoID,Descricao, Data, Admissao, Quarto) VALUES (1368, "descricao","16/3/2002 6:2:15" ,415, 177);
INSERT INTO Exame( EventoID, Nome, Descricao) VALUES (1368,"laparoscopia","descricao");
INSERT INTO MedicoExame( MedicoID, ExameID) VALUES (394,1368);
INSERT INTO Evento(EventoID,Descricao, Data, Admissao, Quarto) VALUES (1369, "descricao","22/11/1989 21:51:29" ,289, 163);
INSERT INTO Exame( EventoID, Nome, Descricao) VALUES (1369,"Sangue","descricao");
INSERT INTO MedicoExame( MedicoID, ExameID) VALUES (426,1369);
INSERT INTO Evento(EventoID,Descricao, Data, Admissao, Quarto) VALUES (1370, "descricao","5/9/1962 5:16:48" ,219, 130);
INSERT INTO Exame( EventoID, Nome, Descricao) VALUES (1370,"Sangue","descricao");
INSERT INTO MedicoExame( MedicoID, ExameID) VALUES (426,1370);
INSERT INTO Evento(EventoID,Descricao, Data, Admissao, Quarto) VALUES (1371, "descricao","12/5/2004 14:30:33" ,205, 206);
INSERT INTO Exame( EventoID, Nome, Descricao) VALUES (1371,"laringoscopia","descricao");
INSERT INTO MedicoExame( MedicoID, ExameID) VALUES (392,1371);
INSERT INTO Evento(EventoID,Descricao, Data, Admissao, Quarto) VALUES (1372, "descricao","5/3/2002 2:34:5" ,9, 189);
INSERT INTO Exame( EventoID, Nome, Descricao) VALUES (1372,"cistoscopia","descricao");
INSERT INTO MedicoExame( MedicoID, ExameID) VALUES (402,1372);
INSERT INTO Evento(EventoID,Descricao, Data, Admissao, Quarto) VALUES (1373, "descricao","17/3/1992 12:8:59" ,370, 199);
INSERT INTO Exame( EventoID, Nome, Descricao) VALUES (1373,"broncoscopia","descricao");
INSERT INTO MedicoExame( MedicoID, ExameID) VALUES (408,1373);
INSERT INTO Evento(EventoID,Descricao, Data, Admissao, Quarto) VALUES (1374, "descricao","14/1/1970 8:5:16" ,141, 246);
INSERT INTO Exame( EventoID, Nome, Descricao) VALUES (1374,"cistoscopia","descricao");
INSERT INTO MedicoExame( MedicoID, ExameID) VALUES (408,1374);
INSERT INTO Evento(EventoID,Descricao, Data, Admissao, Quarto) VALUES (1375, "descricao","10/8/2010 13:44:59" ,86, 246);
INSERT INTO Exame( EventoID, Nome, Descricao) VALUES (1375,"esofagoscopia","descricao");
INSERT INTO MedicoExame( MedicoID, ExameID) VALUES (406,1375);
INSERT INTO Evento(EventoID,Descricao, Data, Admissao, Quarto) VALUES (1376, "descricao","4/11/1989 10:3:40" ,146, 166);
INSERT INTO Exame( EventoID, Nome, Descricao) VALUES (1376,"mediastinoscopia","descricao");
INSERT INTO MedicoExame( MedicoID, ExameID) VALUES (394,1376);
INSERT INTO Evento(EventoID,Descricao, Data, Admissao, Quarto) VALUES (1377, "descricao","15/1/1992 4:50:21" ,25, 114);
INSERT INTO Exame( EventoID, Nome, Descricao) VALUES (1377,"cistoscopia","descricao");
INSERT INTO MedicoExame( MedicoID, ExameID) VALUES (395,1377);
INSERT INTO Evento(EventoID,Descricao, Data, Admissao, Quarto) VALUES (1378, "descricao","17/4/1995 4:49:51" ,294, 121);
INSERT INTO Exame( EventoID, Nome, Descricao) VALUES (1378,"liquido cefalorraquidiano","descricao");
INSERT INTO MedicoExame( MedicoID, ExameID) VALUES (391,1378);
INSERT INTO Evento(EventoID,Descricao, Data, Admissao, Quarto) VALUES (1379, "descricao","21/5/2010 19:41:45" ,438, 239);
INSERT INTO Exame( EventoID, Nome, Descricao) VALUES (1379,"cistoscopia","descricao");
INSERT INTO MedicoExame( MedicoID, ExameID) VALUES (395,1379);
INSERT INTO Evento(EventoID,Descricao, Data, Admissao, Quarto) VALUES (1380, "descricao","15/3/1973 14:22:33" ,351, 102);
INSERT INTO Exame( EventoID, Nome, Descricao) VALUES (1380,"liquido cefalorraquidiano","descricao");
INSERT INTO MedicoExame( MedicoID, ExameID) VALUES (415,1380);
INSERT INTO Evento(EventoID,Descricao, Data, Admissao, Quarto) VALUES (1381, "descricao","18/5/1976 22:47:12" ,393, 206);
INSERT INTO Exame( EventoID, Nome, Descricao) VALUES (1381,"Urina","descricao");
INSERT INTO MedicoExame( MedicoID, ExameID) VALUES (397,1381);
INSERT INTO Evento(EventoID,Descricao, Data, Admissao, Quarto) VALUES (1382, "descricao","1/2/1965 17:18:12" ,265, 106);
INSERT INTO Exame( EventoID, Nome, Descricao) VALUES (1382,"esofagoscopia","descricao");
INSERT INTO MedicoExame( MedicoID, ExameID) VALUES (406,1382);
INSERT INTO Evento(EventoID,Descricao, Data, Admissao, Quarto) VALUES (1383, "descricao","23/6/2005 6:16:4" ,245, 151);
INSERT INTO Exame( EventoID, Nome, Descricao) VALUES (1383,"laparoscopia","descricao");
INSERT INTO MedicoExame( MedicoID, ExameID) VALUES (387,1383);
INSERT INTO Evento(EventoID,Descricao, Data, Admissao, Quarto) VALUES (1384, "descricao","24/10/1988 20:58:8" ,361, 144);
INSERT INTO Exame( EventoID, Nome, Descricao) VALUES (1384,"esofagoscopia","descricao");
INSERT INTO MedicoExame( MedicoID, ExameID) VALUES (398,1384);
INSERT INTO Evento(EventoID,Descricao, Data, Admissao, Quarto) VALUES (1385, "descricao","28/8/2013 15:58:2" ,370, 198);
INSERT INTO Exame( EventoID, Nome, Descricao) VALUES (1385,"liquido sinovial","descricao");
INSERT INTO MedicoExame( MedicoID, ExameID) VALUES (401,1385);
INSERT INTO Evento(EventoID,Descricao, Data, Admissao, Quarto) VALUES (1386, "descricao","23/2/1960 23:25:37" ,469, 144);
INSERT INTO Exame( EventoID, Nome, Descricao) VALUES (1386,"Urina","descricao");
INSERT INTO MedicoExame( MedicoID, ExameID) VALUES (398,1386);
INSERT INTO Evento(EventoID,Descricao, Data, Admissao, Quarto) VALUES (1387, "descricao","15/11/1986 9:19:29" ,313, 216);
INSERT INTO Exame( EventoID, Nome, Descricao) VALUES (1387,"liquido sinovial","descricao");
INSERT INTO MedicoExame( MedicoID, ExameID) VALUES (388,1387);
INSERT INTO Evento(EventoID,Descricao, Data, Admissao, Quarto) VALUES (1388, "descricao","19/9/1992 14:50:36" ,250, 153);
INSERT INTO Exame( EventoID, Nome, Descricao) VALUES (1388,"cistoscopia","descricao");
INSERT INTO MedicoExame( MedicoID, ExameID) VALUES (425,1388);
INSERT INTO Evento(EventoID,Descricao, Data, Admissao, Quarto) VALUES (1389, "descricao","5/7/1960 17:28:40" ,420, 242);
INSERT INTO Exame( EventoID, Nome, Descricao) VALUES (1389,"liquido cefalorraquidiano","descricao");
INSERT INTO MedicoExame( MedicoID, ExameID) VALUES (414,1389);
INSERT INTO Evento(EventoID,Descricao, Data, Admissao, Quarto) VALUES (1390, "descricao","6/8/1962 1:54:31" ,46, 134);
INSERT INTO Exame( EventoID, Nome, Descricao) VALUES (1390,"broncoscopia","descricao");
INSERT INTO MedicoExame( MedicoID, ExameID) VALUES (404,1390);
INSERT INTO Evento(EventoID,Descricao, Data, Admissao, Quarto) VALUES (1391, "descricao","23/7/2010 8:20:53" ,486, 218);
INSERT INTO Exame( EventoID, Nome, Descricao) VALUES (1391,"Sangue","descricao");
INSERT INTO MedicoExame( MedicoID, ExameID) VALUES (408,1391);
INSERT INTO Evento(EventoID,Descricao, Data, Admissao, Quarto) VALUES (1392, "descricao","8/10/1973 17:28:26" ,363, 116);
INSERT INTO Exame( EventoID, Nome, Descricao) VALUES (1392,"liquido cefalorraquidiano","descricao");
INSERT INTO MedicoExame( MedicoID, ExameID) VALUES (387,1392);
INSERT INTO Evento(EventoID,Descricao, Data, Admissao, Quarto) VALUES (1393, "descricao","26/9/2005 4:55:38" ,185, 165);
INSERT INTO Exame( EventoID, Nome, Descricao) VALUES (1393,"Sangue","descricao");
INSERT INTO MedicoExame( MedicoID, ExameID) VALUES (396,1393);
INSERT INTO Evento(EventoID,Descricao, Data, Admissao, Quarto) VALUES (1394, "descricao","10/4/1963 3:49:43" ,381, 191);
INSERT INTO Exame( EventoID, Nome, Descricao) VALUES (1394,"liquido sinovial","descricao");
INSERT INTO MedicoExame( MedicoID, ExameID) VALUES (415,1394);
INSERT INTO Evento(EventoID,Descricao, Data, Admissao, Quarto) VALUES (1395, "descricao","12/3/2008 6:8:49" ,470, 194);
INSERT INTO Exame( EventoID, Nome, Descricao) VALUES (1395,"Urina","descricao");
INSERT INTO MedicoExame( MedicoID, ExameID) VALUES (411,1395);
INSERT INTO Evento(EventoID,Descricao, Data, Admissao, Quarto) VALUES (1396, "descricao","17/2/1983 13:19:54" ,397, 200);
INSERT INTO Exame( EventoID, Nome, Descricao) VALUES (1396,"liquido sinovial","descricao");
INSERT INTO MedicoExame( MedicoID, ExameID) VALUES (405,1396);
INSERT INTO Evento(EventoID,Descricao, Data, Admissao, Quarto) VALUES (1397, "descricao","7/8/1999 1:22:32" ,450, 226);
INSERT INTO Exame( EventoID, Nome, Descricao) VALUES (1397,"liquido sinovial","descricao");
INSERT INTO MedicoExame( MedicoID, ExameID) VALUES (426,1397);
INSERT INTO Evento(EventoID,Descricao, Data, Admissao, Quarto) VALUES (1398, "descricao","18/12/2006 12:46:33" ,280, 178);
INSERT INTO Exame( EventoID, Nome, Descricao) VALUES (1398,"liquido sinovial","descricao");
INSERT INTO MedicoExame( MedicoID, ExameID) VALUES (421,1398);
INSERT INTO Evento(EventoID,Descricao, Data, Admissao, Quarto) VALUES (1399, "descricao","16/7/1967 23:1:9" ,293, 117);
INSERT INTO Exame( EventoID, Nome, Descricao) VALUES (1399,"cistoscopia","descricao");
INSERT INTO MedicoExame( MedicoID, ExameID) VALUES (406,1399);
INSERT INTO Evento(EventoID,Descricao, Data, Admissao, Quarto) VALUES (1400, "descricao","3/9/1966 2:2:13" ,161, 226);
INSERT INTO Exame( EventoID, Nome, Descricao) VALUES (1400,"toracoscopia","descricao");
INSERT INTO MedicoExame( MedicoID, ExameID) VALUES (417,1400);
INSERT INTO Evento(EventoID,Descricao, Data, Admissao, Quarto) VALUES (1401, "descricao","2/7/2006 8:58:32" ,478, 109);
INSERT INTO Exame( EventoID, Nome, Descricao) VALUES (1401,"laringoscopia","descricao");
INSERT INTO MedicoExame( MedicoID, ExameID) VALUES (386,1401);
INSERT INTO Evento(EventoID,Descricao, Data, Admissao, Quarto) VALUES (1402, "descricao","24/1/1969 11:26:13" ,121, 223);
INSERT INTO Exame( EventoID, Nome, Descricao) VALUES (1402,"liquido cefalorraquidiano","descricao");
INSERT INTO MedicoExame( MedicoID, ExameID) VALUES (407,1402);
INSERT INTO Evento(EventoID,Descricao, Data, Admissao, Quarto) VALUES (1403, "descricao","22/8/1995 18:35:3" ,17, 228);
INSERT INTO Exame( EventoID, Nome, Descricao) VALUES (1403,"liquido cefalorraquidiano","descricao");
INSERT INTO MedicoExame( MedicoID, ExameID) VALUES (412,1403);
INSERT INTO Evento(EventoID,Descricao, Data, Admissao, Quarto) VALUES (1404, "descricao","26/6/1995 10:49:39" ,98, 115);
INSERT INTO Exame( EventoID, Nome, Descricao) VALUES (1404,"Sangue","descricao");
INSERT INTO MedicoExame( MedicoID, ExameID) VALUES (384,1404);
INSERT INTO Evento(EventoID,Descricao, Data, Admissao, Quarto) VALUES (1405, "descricao","16/1/2018 10:56:25" ,251, 168);
INSERT INTO Exame( EventoID, Nome, Descricao) VALUES (1405,"toracoscopia","descricao");
INSERT INTO MedicoExame( MedicoID, ExameID) VALUES (384,1405);
INSERT INTO Evento(EventoID,Descricao, Data, Admissao, Quarto) VALUES (1406, "descricao","21/8/1960 5:41:35" ,232, 116);
INSERT INTO Exame( EventoID, Nome, Descricao) VALUES (1406,"laringoscopia","descricao");
INSERT INTO MedicoExame( MedicoID, ExameID) VALUES (410,1406);
INSERT INTO Evento(EventoID,Descricao, Data, Admissao, Quarto) VALUES (1407, "descricao","7/11/2002 20:23:57" ,354, 110);
INSERT INTO Exame( EventoID, Nome, Descricao) VALUES (1407,"broncoscopia","descricao");
INSERT INTO MedicoExame( MedicoID, ExameID) VALUES (394,1407);
INSERT INTO Evento(EventoID,Descricao, Data, Admissao, Quarto) VALUES (1408, "descricao","7/8/1977 5:15:29" ,101, 191);
INSERT INTO Exame( EventoID, Nome, Descricao) VALUES (1408,"laringoscopia","descricao");
INSERT INTO MedicoExame( MedicoID, ExameID) VALUES (425,1408);
INSERT INTO Evento(EventoID,Descricao, Data, Admissao, Quarto) VALUES (1409, "descricao","22/1/1970 12:45:18" ,394, 168);
INSERT INTO Exame( EventoID, Nome, Descricao) VALUES (1409,"laringoscopia","descricao");
INSERT INTO MedicoExame( MedicoID, ExameID) VALUES (420,1409);
INSERT INTO Evento(EventoID,Descricao, Data, Admissao, Quarto) VALUES (1410, "descricao","4/9/1997 5:7:8" ,243, 244);
INSERT INTO Exame( EventoID, Nome, Descricao) VALUES (1410,"liquido sinovial","descricao");
INSERT INTO MedicoExame( MedicoID, ExameID) VALUES (407,1410);
INSERT INTO Evento(EventoID,Descricao, Data, Admissao, Quarto) VALUES (1411, "descricao","17/6/1965 2:33:29" ,11, 107);
INSERT INTO Exame( EventoID, Nome, Descricao) VALUES (1411,"liquido sinovial","descricao");
INSERT INTO MedicoExame( MedicoID, ExameID) VALUES (392,1411);
INSERT INTO Evento(EventoID,Descricao, Data, Admissao, Quarto) VALUES (1412, "descricao","16/10/1984 14:4:39" ,317, 111);
INSERT INTO Exame( EventoID, Nome, Descricao) VALUES (1412,"laparoscopia","descricao");
INSERT INTO MedicoExame( MedicoID, ExameID) VALUES (392,1412);
INSERT INTO Evento(EventoID,Descricao, Data, Admissao, Quarto) VALUES (1413, "descricao","12/2/1990 5:21:0" ,103, 200);
INSERT INTO Exame( EventoID, Nome, Descricao) VALUES (1413,"laparoscopia","descricao");
INSERT INTO MedicoExame( MedicoID, ExameID) VALUES (393,1413);
INSERT INTO Evento(EventoID,Descricao, Data, Admissao, Quarto) VALUES (1414, "descricao","24/11/1996 5:2:55" ,247, 155);
INSERT INTO Exame( EventoID, Nome, Descricao) VALUES (1414,"laparoscopia","descricao");
INSERT INTO MedicoExame( MedicoID, ExameID) VALUES (408,1414);
INSERT INTO Evento(EventoID,Descricao, Data, Admissao, Quarto) VALUES (1415, "descricao","20/5/2005 18:50:58" ,123, 219);
INSERT INTO Exame( EventoID, Nome, Descricao) VALUES (1415,"liquido sinovial","descricao");
INSERT INTO MedicoExame( MedicoID, ExameID) VALUES (387,1415);
INSERT INTO Evento(EventoID,Descricao, Data, Admissao, Quarto) VALUES (1416, "descricao","15/10/2003 19:41:28" ,226, 150);
INSERT INTO Exame( EventoID, Nome, Descricao) VALUES (1416,"esofagoscopia","descricao");
INSERT INTO MedicoExame( MedicoID, ExameID) VALUES (418,1416);
INSERT INTO Evento(EventoID,Descricao, Data, Admissao, Quarto) VALUES (1417, "descricao","28/7/1970 10:9:59" ,418, 175);
INSERT INTO Exame( EventoID, Nome, Descricao) VALUES (1417,"Sangue","descricao");
INSERT INTO MedicoExame( MedicoID, ExameID) VALUES (417,1417);
INSERT INTO Evento(EventoID,Descricao, Data, Admissao, Quarto) VALUES (1418, "descricao","18/10/1989 8:49:14" ,476, 121);
INSERT INTO Exame( EventoID, Nome, Descricao) VALUES (1418,"liquido sinovial","descricao");
INSERT INTO MedicoExame( MedicoID, ExameID) VALUES (402,1418);
INSERT INTO Evento(EventoID,Descricao, Data, Admissao, Quarto) VALUES (1419, "descricao","7/4/2006 3:6:2" ,425, 139);
INSERT INTO Exame( EventoID, Nome, Descricao) VALUES (1419,"toracoscopia","descricao");
INSERT INTO MedicoExame( MedicoID, ExameID) VALUES (419,1419);
INSERT INTO Evento(EventoID,Descricao, Data, Admissao, Quarto) VALUES (1420, "descricao","15/1/1969 17:29:14" ,85, 193);
INSERT INTO Exame( EventoID, Nome, Descricao) VALUES (1420,"Urina","descricao");
INSERT INTO MedicoExame( MedicoID, ExameID) VALUES (386,1420);
INSERT INTO Evento(EventoID,Descricao, Data, Admissao, Quarto) VALUES (1421, "descricao","24/5/2013 2:35:19" ,40, 247);
INSERT INTO Exame( EventoID, Nome, Descricao) VALUES (1421,"toracoscopia","descricao");
INSERT INTO MedicoExame( MedicoID, ExameID) VALUES (403,1421);
INSERT INTO Evento(EventoID,Descricao, Data, Admissao, Quarto) VALUES (1422, "descricao","15/5/1974 21:11:43" ,278, 208);
INSERT INTO Exame( EventoID, Nome, Descricao) VALUES (1422,"liquido sinovial","descricao");
INSERT INTO MedicoExame( MedicoID, ExameID) VALUES (422,1422);
INSERT INTO Evento(EventoID,Descricao, Data, Admissao, Quarto) VALUES (1423, "descricao","17/11/1976 14:58:54" ,28, 200);
INSERT INTO Exame( EventoID, Nome, Descricao) VALUES (1423,"laparoscopia","descricao");
INSERT INTO MedicoExame( MedicoID, ExameID) VALUES (398,1423);
INSERT INTO Evento(EventoID,Descricao, Data, Admissao, Quarto) VALUES (1424, "descricao","3/10/1990 9:31:11" ,443, 212);
INSERT INTO Exame( EventoID, Nome, Descricao) VALUES (1424,"liquido cefalorraquidiano","descricao");
INSERT INTO MedicoExame( MedicoID, ExameID) VALUES (418,1424);
INSERT INTO Evento(EventoID,Descricao, Data, Admissao, Quarto) VALUES (1425, "descricao","22/11/2010 9:45:11" ,481, 108);
INSERT INTO Exame( EventoID, Nome, Descricao) VALUES (1425,"mediastinoscopia","descricao");
INSERT INTO MedicoExame( MedicoID, ExameID) VALUES (419,1425);
INSERT INTO Evento(EventoID,Descricao, Data, Admissao, Quarto) VALUES (1426, "descricao","26/2/1978 15:18:13" ,346, 222);
INSERT INTO Exame( EventoID, Nome, Descricao) VALUES (1426,"laringoscopia","descricao");
INSERT INTO MedicoExame( MedicoID, ExameID) VALUES (424,1426);
INSERT INTO Evento(EventoID,Descricao, Data, Admissao, Quarto) VALUES (1427, "descricao","4/9/1994 11:35:14" ,230, 102);
INSERT INTO Exame( EventoID, Nome, Descricao) VALUES (1427,"mediastinoscopia","descricao");
INSERT INTO MedicoExame( MedicoID, ExameID) VALUES (422,1427);
INSERT INTO Evento(EventoID,Descricao, Data, Admissao, Quarto) VALUES (1428, "descricao","3/2/1983 2:20:16" ,262, 150);
INSERT INTO Exame( EventoID, Nome, Descricao) VALUES (1428,"toracoscopia","descricao");
INSERT INTO MedicoExame( MedicoID, ExameID) VALUES (397,1428);
INSERT INTO Evento(EventoID,Descricao, Data, Admissao, Quarto) VALUES (1429, "descricao","6/8/2016 8:51:2" ,477, 220);
INSERT INTO Exame( EventoID, Nome, Descricao) VALUES (1429,"laringoscopia","descricao");
INSERT INTO MedicoExame( MedicoID, ExameID) VALUES (404,1429);
INSERT INTO Evento(EventoID,Descricao, Data, Admissao, Quarto) VALUES (1430, "descricao","5/4/2012 2:22:33" ,101, 197);
INSERT INTO Exame( EventoID, Nome, Descricao) VALUES (1430,"broncoscopia","descricao");
INSERT INTO MedicoExame( MedicoID, ExameID) VALUES (408,1430);
INSERT INTO Evento(EventoID,Descricao, Data, Admissao, Quarto) VALUES (1431, "descricao","8/8/1968 9:41:18" ,357, 150);
INSERT INTO Exame( EventoID, Nome, Descricao) VALUES (1431,"esofagoscopia","descricao");
INSERT INTO MedicoExame( MedicoID, ExameID) VALUES (387,1431);
INSERT INTO Evento(EventoID,Descricao, Data, Admissao, Quarto) VALUES (1432, "descricao","3/7/1990 2:20:0" ,228, 215);
INSERT INTO Exame( EventoID, Nome, Descricao) VALUES (1432,"toracoscopia","descricao");
INSERT INTO MedicoExame( MedicoID, ExameID) VALUES (424,1432);
INSERT INTO Evento(EventoID,Descricao, Data, Admissao, Quarto) VALUES (1433, "descricao","25/8/2008 11:2:18" ,384, 122);
INSERT INTO Exame( EventoID, Nome, Descricao) VALUES (1433,"liquido cefalorraquidiano","descricao");
INSERT INTO MedicoExame( MedicoID, ExameID) VALUES (390,1433);
INSERT INTO Evento(EventoID,Descricao, Data, Admissao, Quarto) VALUES (1434, "descricao","23/12/1963 12:14:16" ,126, 244);
INSERT INTO Exame( EventoID, Nome, Descricao) VALUES (1434,"liquido sinovial","descricao");
INSERT INTO MedicoExame( MedicoID, ExameID) VALUES (395,1434);
INSERT INTO Evento(EventoID,Descricao, Data, Admissao, Quarto) VALUES (1435, "descricao","26/10/2003 3:7:55" ,387, 233);
INSERT INTO Exame( EventoID, Nome, Descricao) VALUES (1435,"laringoscopia","descricao");
INSERT INTO MedicoExame( MedicoID, ExameID) VALUES (403,1435);
INSERT INTO Evento(EventoID,Descricao, Data, Admissao, Quarto) VALUES (1436, "descricao","27/9/1999 7:48:44" ,444, 152);
INSERT INTO Exame( EventoID, Nome, Descricao) VALUES (1436,"cistoscopia","descricao");
INSERT INTO MedicoExame( MedicoID, ExameID) VALUES (386,1436);
INSERT INTO Evento(EventoID,Descricao, Data, Admissao, Quarto) VALUES (1437, "descricao","7/4/1981 23:52:54" ,332, 133);
INSERT INTO Exame( EventoID, Nome, Descricao) VALUES (1437,"liquido cefalorraquidiano","descricao");
INSERT INTO MedicoExame( MedicoID, ExameID) VALUES (391,1437);
INSERT INTO Evento(EventoID,Descricao, Data, Admissao, Quarto) VALUES (1438, "descricao","1/1/2005 15:28:1" ,380, 157);
INSERT INTO Exame( EventoID, Nome, Descricao) VALUES (1438,"Urina","descricao");
INSERT INTO MedicoExame( MedicoID, ExameID) VALUES (404,1438);
INSERT INTO Evento(EventoID,Descricao, Data, Admissao, Quarto) VALUES (1439, "descricao","14/12/2011 5:13:26" ,323, 191);
INSERT INTO Exame( EventoID, Nome, Descricao) VALUES (1439,"Sangue","descricao");
INSERT INTO MedicoExame( MedicoID, ExameID) VALUES (418,1439);
INSERT INTO Evento(EventoID,Descricao, Data, Admissao, Quarto) VALUES (1440, "descricao","20/1/1974 17:34:49" ,265, 166);
INSERT INTO Exame( EventoID, Nome, Descricao) VALUES (1440,"Sangue","descricao");
INSERT INTO MedicoExame( MedicoID, ExameID) VALUES (389,1440);
INSERT INTO Evento(EventoID,Descricao, Data, Admissao, Quarto) VALUES (1441, "descricao","9/12/1960 8:21:24" ,194, 199);
INSERT INTO Exame( EventoID, Nome, Descricao) VALUES (1441,"esofagoscopia","descricao");
INSERT INTO MedicoExame( MedicoID, ExameID) VALUES (418,1441);
INSERT INTO Evento(EventoID,Descricao, Data, Admissao, Quarto) VALUES (1442, "descricao","22/9/2003 19:59:3" ,409, 222);
INSERT INTO Exame( EventoID, Nome, Descricao) VALUES (1442,"Urina","descricao");
INSERT INTO MedicoExame( MedicoID, ExameID) VALUES (383,1442);
INSERT INTO Evento(EventoID,Descricao, Data, Admissao, Quarto) VALUES (1443, "descricao","16/3/1985 16:37:26" ,383, 103);
INSERT INTO Exame( EventoID, Nome, Descricao) VALUES (1443,"broncoscopia","descricao");
INSERT INTO MedicoExame( MedicoID, ExameID) VALUES (393,1443);
INSERT INTO Evento(EventoID,Descricao, Data, Admissao, Quarto) VALUES (1444, "descricao","25/2/1985 5:54:51" ,267, 200);
INSERT INTO Exame( EventoID, Nome, Descricao) VALUES (1444,"cistoscopia","descricao");
INSERT INTO MedicoExame( MedicoID, ExameID) VALUES (396,1444);
INSERT INTO Evento(EventoID,Descricao, Data, Admissao, Quarto) VALUES (1445, "descricao","3/5/1976 10:53:47" ,311, 208);
INSERT INTO Exame( EventoID, Nome, Descricao) VALUES (1445,"liquido cefalorraquidiano","descricao");
INSERT INTO MedicoExame( MedicoID, ExameID) VALUES (426,1445);
INSERT INTO Evento(EventoID,Descricao, Data, Admissao, Quarto) VALUES (1446, "descricao","7/12/1990 0:52:37" ,268, 105);
INSERT INTO Exame( EventoID, Nome, Descricao) VALUES (1446,"liquido cefalorraquidiano","descricao");
INSERT INTO MedicoExame( MedicoID, ExameID) VALUES (384,1446);
INSERT INTO Evento(EventoID,Descricao, Data, Admissao, Quarto) VALUES (1447, "descricao","21/8/1965 8:14:7" ,306, 179);
INSERT INTO Exame( EventoID, Nome, Descricao) VALUES (1447,"Sangue","descricao");
INSERT INTO MedicoExame( MedicoID, ExameID) VALUES (423,1447);
INSERT INTO Evento(EventoID,Descricao, Data, Admissao, Quarto) VALUES (1448, "descricao","19/3/1999 7:48:14" ,260, 110);
INSERT INTO Exame( EventoID, Nome, Descricao) VALUES (1448,"laringoscopia","descricao");
INSERT INTO MedicoExame( MedicoID, ExameID) VALUES (422,1448);
INSERT INTO Evento(EventoID,Descricao, Data, Admissao, Quarto) VALUES (1449, "descricao","15/12/1993 8:6:12" ,466, 137);
INSERT INTO Exame( EventoID, Nome, Descricao) VALUES (1449,"toracoscopia","descricao");
INSERT INTO MedicoExame( MedicoID, ExameID) VALUES (426,1449);
INSERT INTO Evento(EventoID,Descricao, Data, Admissao, Quarto) VALUES (1450, "descricao","8/12/2008 3:47:36" ,432, 123);
INSERT INTO Exame( EventoID, Nome, Descricao) VALUES (1450,"cistoscopia","descricao");
INSERT INTO MedicoExame( MedicoID, ExameID) VALUES (385,1450);
INSERT INTO Evento(EventoID,Descricao, Data, Admissao, Quarto) VALUES (1451, "descricao","13/6/2011 22:54:15" ,132, 174);
INSERT INTO Exame( EventoID, Nome, Descricao) VALUES (1451,"mediastinoscopia","descricao");
INSERT INTO MedicoExame( MedicoID, ExameID) VALUES (397,1451);
INSERT INTO Evento(EventoID,Descricao, Data, Admissao, Quarto) VALUES (1452, "descricao","18/5/1971 2:40:45" ,266, 175);
INSERT INTO Exame( EventoID, Nome, Descricao) VALUES (1452,"mediastinoscopia","descricao");
INSERT INTO MedicoExame( MedicoID, ExameID) VALUES (383,1452);
INSERT INTO Evento(EventoID,Descricao, Data, Admissao, Quarto) VALUES (1453, "descricao","11/5/1985 21:4:40" ,75, 187);
INSERT INTO Exame( EventoID, Nome, Descricao) VALUES (1453,"Sangue","descricao");
INSERT INTO MedicoExame( MedicoID, ExameID) VALUES (387,1453);
INSERT INTO Evento(EventoID,Descricao, Data, Admissao, Quarto) VALUES (1454, "descricao","6/10/2018 19:21:40" ,412, 212);
INSERT INTO Exame( EventoID, Nome, Descricao) VALUES (1454,"laringoscopia","descricao");
INSERT INTO MedicoExame( MedicoID, ExameID) VALUES (388,1454);
INSERT INTO Evento(EventoID,Descricao, Data, Admissao, Quarto) VALUES (1455, "descricao","27/3/1980 10:12:11" ,205, 190);
INSERT INTO Exame( EventoID, Nome, Descricao) VALUES (1455,"laparoscopia","descricao");
INSERT INTO MedicoExame( MedicoID, ExameID) VALUES (413,1455);
INSERT INTO Evento(EventoID,Descricao, Data, Admissao, Quarto) VALUES (1456, "descricao","3/12/2008 11:13:2" ,247, 215);
INSERT INTO Exame( EventoID, Nome, Descricao) VALUES (1456,"laparoscopia","descricao");
INSERT INTO MedicoExame( MedicoID, ExameID) VALUES (416,1456);
INSERT INTO Evento(EventoID,Descricao, Data, Admissao, Quarto) VALUES (1457, "descricao","2/3/1964 8:38:26" ,15, 201);
INSERT INTO Exame( EventoID, Nome, Descricao) VALUES (1457,"mediastinoscopia","descricao");
INSERT INTO MedicoExame( MedicoID, ExameID) VALUES (385,1457);
INSERT INTO Evento(EventoID,Descricao, Data, Admissao, Quarto) VALUES (1458, "descricao","4/7/1985 11:54:22" ,218, 197);
INSERT INTO Exame( EventoID, Nome, Descricao) VALUES (1458,"Urina","descricao");
INSERT INTO MedicoExame( MedicoID, ExameID) VALUES (387,1458);
INSERT INTO Evento(EventoID,Descricao, Data, Admissao, Quarto) VALUES (1459, "descricao","10/3/1986 12:39:41" ,137, 170);
INSERT INTO Exame( EventoID, Nome, Descricao) VALUES (1459,"broncoscopia","descricao");
INSERT INTO MedicoExame( MedicoID, ExameID) VALUES (420,1459);
INSERT INTO Evento(EventoID,Descricao, Data, Admissao, Quarto) VALUES (1460, "descricao","25/8/1982 0:52:32" ,270, 137);
INSERT INTO Exame( EventoID, Nome, Descricao) VALUES (1460,"liquido sinovial","descricao");
INSERT INTO MedicoExame( MedicoID, ExameID) VALUES (385,1460);
INSERT INTO Evento(EventoID,Descricao, Data, Admissao, Quarto) VALUES (1461, "descricao","17/2/2001 22:41:56" ,405, 230);
INSERT INTO Exame( EventoID, Nome, Descricao) VALUES (1461,"liquido cefalorraquidiano","descricao");
INSERT INTO MedicoExame( MedicoID, ExameID) VALUES (424,1461);
INSERT INTO Evento(EventoID,Descricao, Data, Admissao, Quarto) VALUES (1462, "descricao","23/4/1976 13:11:44" ,129, 152);
INSERT INTO Exame( EventoID, Nome, Descricao) VALUES (1462,"esofagoscopia","descricao");
INSERT INTO MedicoExame( MedicoID, ExameID) VALUES (389,1462);
INSERT INTO Evento(EventoID,Descricao, Data, Admissao, Quarto) VALUES (1463, "descricao","21/7/1985 14:55:17" ,47, 108);
INSERT INTO Exame( EventoID, Nome, Descricao) VALUES (1463,"cistoscopia","descricao");
INSERT INTO MedicoExame( MedicoID, ExameID) VALUES (426,1463);
INSERT INTO Evento(EventoID,Descricao, Data, Admissao, Quarto) VALUES (1464, "descricao","8/7/2007 0:42:53" ,182, 231);
INSERT INTO Exame( EventoID, Nome, Descricao) VALUES (1464,"toracoscopia","descricao");
INSERT INTO MedicoExame( MedicoID, ExameID) VALUES (424,1464);
INSERT INTO Evento(EventoID,Descricao, Data, Admissao, Quarto) VALUES (1465, "descricao","13/9/1962 8:52:46" ,298, 103);
INSERT INTO Exame( EventoID, Nome, Descricao) VALUES (1465,"liquido cefalorraquidiano","descricao");
INSERT INTO MedicoExame( MedicoID, ExameID) VALUES (384,1465);
INSERT INTO Evento(EventoID,Descricao, Data, Admissao, Quarto) VALUES (1466, "descricao","7/12/1967 14:48:26" ,234, 165);
INSERT INTO Exame( EventoID, Nome, Descricao) VALUES (1466,"laringoscopia","descricao");
INSERT INTO MedicoExame( MedicoID, ExameID) VALUES (415,1466);
INSERT INTO Evento(EventoID,Descricao, Data, Admissao, Quarto) VALUES (1467, "descricao","3/2/1991 22:55:52" ,235, 144);
INSERT INTO Exame( EventoID, Nome, Descricao) VALUES (1467,"Urina","descricao");
INSERT INTO MedicoExame( MedicoID, ExameID) VALUES (424,1467);
INSERT INTO Evento(EventoID,Descricao, Data, Admissao, Quarto) VALUES (1468, "descricao","28/11/1964 18:50:49" ,312, 220);
INSERT INTO Exame( EventoID, Nome, Descricao) VALUES (1468,"laparoscopia","descricao");
INSERT INTO MedicoExame( MedicoID, ExameID) VALUES (400,1468);
INSERT INTO Evento(EventoID,Descricao, Data, Admissao, Quarto) VALUES (1469, "descricao","25/10/1960 8:42:39" ,309, 248);
INSERT INTO Exame( EventoID, Nome, Descricao) VALUES (1469,"toracoscopia","descricao");
INSERT INTO MedicoExame( MedicoID, ExameID) VALUES (399,1469);
INSERT INTO Evento(EventoID,Descricao, Data, Admissao, Quarto) VALUES (1470, "descricao","13/12/2008 13:11:3" ,190, 191);
INSERT INTO Exame( EventoID, Nome, Descricao) VALUES (1470,"mediastinoscopia","descricao");
INSERT INTO MedicoExame( MedicoID, ExameID) VALUES (390,1470);
INSERT INTO Evento(EventoID,Descricao, Data, Admissao, Quarto) VALUES (1471, "descricao","15/3/1974 2:49:47" ,312, 223);
INSERT INTO Exame( EventoID, Nome, Descricao) VALUES (1471,"Urina","descricao");
INSERT INTO MedicoExame( MedicoID, ExameID) VALUES (419,1471);
INSERT INTO Evento(EventoID,Descricao, Data, Admissao, Quarto) VALUES (1472, "descricao","20/5/2013 1:57:45" ,104, 108);
INSERT INTO Exame( EventoID, Nome, Descricao) VALUES (1472,"Urina","descricao");
INSERT INTO MedicoExame( MedicoID, ExameID) VALUES (390,1472);
INSERT INTO Evento(EventoID,Descricao, Data, Admissao, Quarto) VALUES (1473, "descricao","4/11/1973 13:44:34" ,479, 125);
INSERT INTO Exame( EventoID, Nome, Descricao) VALUES (1473,"esofagoscopia","descricao");
INSERT INTO MedicoExame( MedicoID, ExameID) VALUES (386,1473);
INSERT INTO Evento(EventoID,Descricao, Data, Admissao, Quarto) VALUES (1474, "descricao","2/2/2004 7:23:6" ,498, 167);
INSERT INTO Exame( EventoID, Nome, Descricao) VALUES (1474,"cistoscopia","descricao");
INSERT INTO MedicoExame( MedicoID, ExameID) VALUES (386,1474);
INSERT INTO Evento(EventoID,Descricao, Data, Admissao, Quarto) VALUES (1475, "descricao","8/2/1991 2:19:25" ,367, 213);
INSERT INTO Exame( EventoID, Nome, Descricao) VALUES (1475,"Sangue","descricao");
INSERT INTO MedicoExame( MedicoID, ExameID) VALUES (401,1475);
INSERT INTO Evento(EventoID,Descricao, Data, Admissao, Quarto) VALUES (1476, "descricao","24/8/2008 11:3:34" ,490, 170);
INSERT INTO Exame( EventoID, Nome, Descricao) VALUES (1476,"liquido cefalorraquidiano","descricao");
INSERT INTO MedicoExame( MedicoID, ExameID) VALUES (424,1476);
INSERT INTO Evento(EventoID,Descricao, Data, Admissao, Quarto) VALUES (1477, "descricao","2/10/1988 20:28:24" ,271, 145);
INSERT INTO Exame( EventoID, Nome, Descricao) VALUES (1477,"cistoscopia","descricao");
INSERT INTO MedicoExame( MedicoID, ExameID) VALUES (387,1477);
INSERT INTO Evento(EventoID,Descricao, Data, Admissao, Quarto) VALUES (1478, "descricao","26/10/2014 4:30:28" ,396, 179);
INSERT INTO Exame( EventoID, Nome, Descricao) VALUES (1478,"broncoscopia","descricao");
INSERT INTO MedicoExame( MedicoID, ExameID) VALUES (404,1478);
INSERT INTO Evento(EventoID,Descricao, Data, Admissao, Quarto) VALUES (1479, "descricao","7/10/1984 1:25:8" ,439, 214);
INSERT INTO Exame( EventoID, Nome, Descricao) VALUES (1479,"liquido cefalorraquidiano","descricao");
INSERT INTO MedicoExame( MedicoID, ExameID) VALUES (419,1479);
INSERT INTO Evento(EventoID,Descricao, Data, Admissao, Quarto) VALUES (1480, "descricao","7/12/1975 23:54:59" ,382, 140);
INSERT INTO Exame( EventoID, Nome, Descricao) VALUES (1480,"broncoscopia","descricao");
INSERT INTO MedicoExame( MedicoID, ExameID) VALUES (400,1480);
INSERT INTO Evento(EventoID,Descricao, Data, Admissao, Quarto) VALUES (1481, "descricao","7/1/1965 4:16:17" ,323, 126);
INSERT INTO Exame( EventoID, Nome, Descricao) VALUES (1481,"toracoscopia","descricao");
INSERT INTO MedicoExame( MedicoID, ExameID) VALUES (408,1481);
INSERT INTO Evento(EventoID,Descricao, Data, Admissao, Quarto) VALUES (1482, "descricao","28/2/1990 22:2:37" ,133, 184);
INSERT INTO Exame( EventoID, Nome, Descricao) VALUES (1482,"cistoscopia","descricao");
INSERT INTO MedicoExame( MedicoID, ExameID) VALUES (391,1482);
INSERT INTO Evento(EventoID,Descricao, Data, Admissao, Quarto) VALUES (1483, "descricao","10/5/1971 19:32:20" ,449, 162);
INSERT INTO Exame( EventoID, Nome, Descricao) VALUES (1483,"mediastinoscopia","descricao");
INSERT INTO MedicoExame( MedicoID, ExameID) VALUES (420,1483);
INSERT INTO Evento(EventoID,Descricao, Data, Admissao, Quarto) VALUES (1484, "descricao","13/10/1977 2:21:48" ,422, 139);
INSERT INTO Exame( EventoID, Nome, Descricao) VALUES (1484,"laringoscopia","descricao");
INSERT INTO MedicoExame( MedicoID, ExameID) VALUES (395,1484);
INSERT INTO Evento(EventoID,Descricao, Data, Admissao, Quarto) VALUES (1485, "descricao","2/1/2015 22:23:12" ,2, 154);
INSERT INTO Exame( EventoID, Nome, Descricao) VALUES (1485,"liquido cefalorraquidiano","descricao");
INSERT INTO MedicoExame( MedicoID, ExameID) VALUES (419,1485);
INSERT INTO Evento(EventoID,Descricao, Data, Admissao, Quarto) VALUES (1486, "descricao","2/1/1987 19:40:14" ,149, 118);
INSERT INTO Exame( EventoID, Nome, Descricao) VALUES (1486,"esofagoscopia","descricao");
INSERT INTO MedicoExame( MedicoID, ExameID) VALUES (398,1486);
INSERT INTO Evento(EventoID,Descricao, Data, Admissao, Quarto) VALUES (1487, "descricao","2/11/1997 22:31:49" ,124, 182);
INSERT INTO Exame( EventoID, Nome, Descricao) VALUES (1487,"Sangue","descricao");
INSERT INTO MedicoExame( MedicoID, ExameID) VALUES (417,1487);
INSERT INTO Evento(EventoID,Descricao, Data, Admissao, Quarto) VALUES (1488, "descricao","3/3/1961 0:21:53" ,353, 200);
INSERT INTO Exame( EventoID, Nome, Descricao) VALUES (1488,"laparoscopia","descricao");
INSERT INTO MedicoExame( MedicoID, ExameID) VALUES (420,1488);
INSERT INTO Evento(EventoID,Descricao, Data, Admissao, Quarto) VALUES (1489, "descricao","21/11/1968 16:10:23" ,260, 151);
INSERT INTO Exame( EventoID, Nome, Descricao) VALUES (1489,"toracoscopia","descricao");
INSERT INTO MedicoExame( MedicoID, ExameID) VALUES (399,1489);
INSERT INTO Evento(EventoID,Descricao, Data, Admissao, Quarto) VALUES (1490, "descricao","5/9/2018 20:31:21" ,91, 190);
INSERT INTO Exame( EventoID, Nome, Descricao) VALUES (1490,"laparoscopia","descricao");
INSERT INTO MedicoExame( MedicoID, ExameID) VALUES (403,1490);
INSERT INTO Evento(EventoID,Descricao, Data, Admissao, Quarto) VALUES (1491, "descricao","27/10/1986 1:15:5" ,138, 147);
INSERT INTO Exame( EventoID, Nome, Descricao) VALUES (1491,"toracoscopia","descricao");
INSERT INTO MedicoExame( MedicoID, ExameID) VALUES (384,1491);
INSERT INTO Evento(EventoID,Descricao, Data, Admissao, Quarto) VALUES (1492, "descricao","25/11/1977 14:50:43" ,80, 121);
INSERT INTO Exame( EventoID, Nome, Descricao) VALUES (1492,"esofagoscopia","descricao");
INSERT INTO MedicoExame( MedicoID, ExameID) VALUES (421,1492);
INSERT INTO Evento(EventoID,Descricao, Data, Admissao, Quarto) VALUES (1493, "descricao","6/11/1961 6:58:52" ,158, 202);
INSERT INTO Exame( EventoID, Nome, Descricao) VALUES (1493,"laringoscopia","descricao");
INSERT INTO MedicoExame( MedicoID, ExameID) VALUES (400,1493);
INSERT INTO Evento(EventoID,Descricao, Data, Admissao, Quarto) VALUES (1494, "descricao","16/8/1991 6:40:39" ,30, 207);
INSERT INTO Exame( EventoID, Nome, Descricao) VALUES (1494,"Sangue","descricao");
INSERT INTO MedicoExame( MedicoID, ExameID) VALUES (414,1494);
INSERT INTO Evento(EventoID,Descricao, Data, Admissao, Quarto) VALUES (1495, "descricao","10/2/1985 0:45:6" ,45, 133);
INSERT INTO Exame( EventoID, Nome, Descricao) VALUES (1495,"laringoscopia","descricao");
INSERT INTO MedicoExame( MedicoID, ExameID) VALUES (399,1495);
INSERT INTO Evento(EventoID,Descricao, Data, Admissao, Quarto) VALUES (1496, "descricao","7/4/2014 23:39:44" ,190, 166);
INSERT INTO Exame( EventoID, Nome, Descricao) VALUES (1496,"broncoscopia","descricao");
INSERT INTO MedicoExame( MedicoID, ExameID) VALUES (418,1496);
INSERT INTO Evento(EventoID,Descricao, Data, Admissao, Quarto) VALUES (1497, "descricao","27/10/2015 23:6:46" ,493, 189);
INSERT INTO Exame( EventoID, Nome, Descricao) VALUES (1497,"laparoscopia","descricao");
INSERT INTO MedicoExame( MedicoID, ExameID) VALUES (389,1497);
INSERT INTO Evento(EventoID,Descricao, Data, Admissao, Quarto) VALUES (1498, "descricao","8/3/2009 9:47:40" ,23, 209);
INSERT INTO Exame( EventoID, Nome, Descricao) VALUES (1498,"liquido cefalorraquidiano","descricao");
INSERT INTO MedicoExame( MedicoID, ExameID) VALUES (424,1498);
INSERT INTO Evento(EventoID,Descricao, Data, Admissao, Quarto) VALUES (1499, "descricao","2/6/2001 10:47:22" ,423, 221);
INSERT INTO Exame( EventoID, Nome, Descricao) VALUES (1499,"liquido cefalorraquidiano","descricao");
INSERT INTO MedicoExame( MedicoID, ExameID) VALUES (418,1499);
INSERT INTO Evento(EventoID,Descricao, Data, Admissao, Quarto) VALUES (1500, "descricao","2/12/1965 18:23:19" ,278, 242);
INSERT INTO Exame( EventoID, Nome, Descricao) VALUES (1500,"liquido sinovial","descricao");
INSERT INTO MedicoExame( MedicoID, ExameID) VALUES (384,1500);
INSERT INTO Evento(EventoID,Descricao, Data, Admissao, Quarto) VALUES (1501, "descricao","4/3/2015 4:30:29" ,151, 216);
INSERT INTO Exame( EventoID, Nome, Descricao) VALUES (1501,"liquido cefalorraquidiano","descricao");
INSERT INTO MedicoExame( MedicoID, ExameID) VALUES (400,1501);
INSERT INTO Evento(EventoID,Descricao, Data, Admissao, Quarto) VALUES (1502, "descricao","14/7/1968 7:36:40" ,47, 233);
INSERT INTO Exame( EventoID, Nome, Descricao) VALUES (1502,"Urina","descricao");
INSERT INTO MedicoExame( MedicoID, ExameID) VALUES (399,1502);
INSERT INTO Evento(EventoID,Descricao, Data, Admissao, Quarto) VALUES (1503, "descricao","15/12/1991 6:42:20" ,150, 144);
INSERT INTO Exame( EventoID, Nome, Descricao) VALUES (1503,"esofagoscopia","descricao");
INSERT INTO MedicoExame( MedicoID, ExameID) VALUES (418,1503);
INSERT INTO Evento(EventoID,Descricao, Data, Admissao, Quarto) VALUES (1504, "descricao","1/6/1963 2:2:31" ,182, 200);
INSERT INTO Exame( EventoID, Nome, Descricao) VALUES (1504,"Urina","descricao");
INSERT INTO MedicoExame( MedicoID, ExameID) VALUES (403,1504);
INSERT INTO Evento(EventoID,Descricao, Data, Admissao, Quarto) VALUES (1505, "descricao","3/12/2008 23:39:33" ,138, 108);
INSERT INTO Exame( EventoID, Nome, Descricao) VALUES (1505,"cistoscopia","descricao");
INSERT INTO MedicoExame( MedicoID, ExameID) VALUES (416,1505);
INSERT INTO Evento(EventoID,Descricao, Data, Admissao, Quarto) VALUES (1506, "descricao","5/3/2005 5:23:38" ,18, 234);
INSERT INTO Exame( EventoID, Nome, Descricao) VALUES (1506,"cistoscopia","descricao");
INSERT INTO MedicoExame( MedicoID, ExameID) VALUES (390,1506);
INSERT INTO Evento(EventoID,Descricao, Data, Admissao, Quarto) VALUES (1507, "descricao","20/5/2006 18:4:8" ,116, 113);
INSERT INTO Exame( EventoID, Nome, Descricao) VALUES (1507,"broncoscopia","descricao");
INSERT INTO MedicoExame( MedicoID, ExameID) VALUES (396,1507);
INSERT INTO Evento(EventoID,Descricao, Data, Admissao, Quarto) VALUES (1508, "descricao","1/2/1974 2:34:37" ,225, 194);
INSERT INTO Exame( EventoID, Nome, Descricao) VALUES (1508,"toracoscopia","descricao");
INSERT INTO MedicoExame( MedicoID, ExameID) VALUES (401,1508);
INSERT INTO Evento(EventoID,Descricao, Data, Admissao, Quarto) VALUES (1509, "descricao","23/4/2014 9:10:24" ,63, 231);
INSERT INTO Exame( EventoID, Nome, Descricao) VALUES (1509,"laparoscopia","descricao");
INSERT INTO MedicoExame( MedicoID, ExameID) VALUES (404,1509);
INSERT INTO Evento(EventoID,Descricao, Data, Admissao, Quarto) VALUES (1510, "descricao","28/10/2004 14:58:22" ,364, 213);
INSERT INTO Exame( EventoID, Nome, Descricao) VALUES (1510,"laparoscopia","descricao");
INSERT INTO MedicoExame( MedicoID, ExameID) VALUES (404,1510);
INSERT INTO Evento(EventoID,Descricao, Data, Admissao, Quarto) VALUES (1511, "descricao","13/5/1964 12:9:15" ,415, 178);
INSERT INTO Exame( EventoID, Nome, Descricao) VALUES (1511,"cistoscopia","descricao");
INSERT INTO MedicoExame( MedicoID, ExameID) VALUES (395,1511);
INSERT INTO Evento(EventoID,Descricao, Data, Admissao, Quarto) VALUES (1512, "descricao","8/2/2013 3:2:7" ,217, 199);
INSERT INTO Exame( EventoID, Nome, Descricao) VALUES (1512,"laringoscopia","descricao");
INSERT INTO MedicoExame( MedicoID, ExameID) VALUES (411,1512);
INSERT INTO Evento(EventoID,Descricao, Data, Admissao, Quarto) VALUES (1513, "descricao","14/2/2002 11:40:24" ,340, 119);
INSERT INTO Exame( EventoID, Nome, Descricao) VALUES (1513,"broncoscopia","descricao");
INSERT INTO MedicoExame( MedicoID, ExameID) VALUES (399,1513);
INSERT INTO Evento(EventoID,Descricao, Data, Admissao, Quarto) VALUES (1514, "descricao","6/3/2004 8:48:5" ,6, 240);
INSERT INTO Exame( EventoID, Nome, Descricao) VALUES (1514,"Urina","descricao");
INSERT INTO MedicoExame( MedicoID, ExameID) VALUES (401,1514);
INSERT INTO Evento(EventoID,Descricao, Data, Admissao, Quarto) VALUES (1515, "descricao","9/6/2001 14:24:28" ,340, 149);
INSERT INTO Exame( EventoID, Nome, Descricao) VALUES (1515,"mediastinoscopia","descricao");
INSERT INTO MedicoExame( MedicoID, ExameID) VALUES (409,1515);
INSERT INTO Evento(EventoID,Descricao, Data, Admissao, Quarto) VALUES (1516, "descricao","3/1/2001 23:34:7" ,378, 152);
INSERT INTO Exame( EventoID, Nome, Descricao) VALUES (1516,"cistoscopia","descricao");
INSERT INTO MedicoExame( MedicoID, ExameID) VALUES (407,1516);
INSERT INTO Evento(EventoID,Descricao, Data, Admissao, Quarto) VALUES (1517, "descricao","12/12/2016 0:51:7" ,22, 242);
INSERT INTO Exame( EventoID, Nome, Descricao) VALUES (1517,"laringoscopia","descricao");
INSERT INTO MedicoExame( MedicoID, ExameID) VALUES (412,1517);
INSERT INTO Evento(EventoID,Descricao, Data, Admissao, Quarto) VALUES (1518, "descricao","3/3/1990 12:8:13" ,296, 241);
INSERT INTO Exame( EventoID, Nome, Descricao) VALUES (1518,"laringoscopia","descricao");
INSERT INTO MedicoExame( MedicoID, ExameID) VALUES (410,1518);
INSERT INTO Evento(EventoID,Descricao, Data, Admissao, Quarto) VALUES (1519, "descricao","11/9/1964 10:6:6" ,88, 147);
INSERT INTO Exame( EventoID, Nome, Descricao) VALUES (1519,"broncoscopia","descricao");
INSERT INTO MedicoExame( MedicoID, ExameID) VALUES (411,1519);
INSERT INTO Evento(EventoID,Descricao, Data, Admissao, Quarto) VALUES (1520, "descricao","21/12/2008 1:0:35" ,201, 161);
INSERT INTO Exame( EventoID, Nome, Descricao) VALUES (1520,"broncoscopia","descricao");
INSERT INTO MedicoExame( MedicoID, ExameID) VALUES (415,1520);
INSERT INTO Evento(EventoID,Descricao, Data, Admissao, Quarto) VALUES (1521, "descricao","13/3/1968 14:44:20" ,352, 225);
INSERT INTO Exame( EventoID, Nome, Descricao) VALUES (1521,"liquido sinovial","descricao");
INSERT INTO MedicoExame( MedicoID, ExameID) VALUES (404,1521);
INSERT INTO Evento(EventoID,Descricao, Data, Admissao, Quarto) VALUES (1522, "descricao","28/1/1987 23:10:41" ,393, 226);
INSERT INTO Exame( EventoID, Nome, Descricao) VALUES (1522,"Sangue","descricao");
INSERT INTO MedicoExame( MedicoID, ExameID) VALUES (404,1522);
INSERT INTO Evento(EventoID,Descricao, Data, Admissao, Quarto) VALUES (1523, "descricao","15/10/1994 11:46:5" ,87, 240);
INSERT INTO Exame( EventoID, Nome, Descricao) VALUES (1523,"esofagoscopia","descricao");
INSERT INTO MedicoExame( MedicoID, ExameID) VALUES (384,1523);
INSERT INTO Evento(EventoID,Descricao, Data, Admissao, Quarto) VALUES (1524, "descricao","9/8/1993 22:9:16" ,436, 181);
INSERT INTO Exame( EventoID, Nome, Descricao) VALUES (1524,"cistoscopia","descricao");
INSERT INTO MedicoExame( MedicoID, ExameID) VALUES (399,1524);
INSERT INTO Evento(EventoID,Descricao, Data, Admissao, Quarto) VALUES (1525, "descricao","11/3/1978 11:54:46" ,362, 187);
INSERT INTO Exame( EventoID, Nome, Descricao) VALUES (1525,"liquido sinovial","descricao");
INSERT INTO MedicoExame( MedicoID, ExameID) VALUES (411,1525);
INSERT INTO Evento(EventoID,Descricao, Data, Admissao, Quarto) VALUES (1526, "descricao","1/3/1970 15:20:1" ,178, 212);
INSERT INTO Exame( EventoID, Nome, Descricao) VALUES (1526,"cistoscopia","descricao");
INSERT INTO MedicoExame( MedicoID, ExameID) VALUES (420,1526);
INSERT INTO Evento(EventoID,Descricao, Data, Admissao, Quarto) VALUES (1527, "descricao","17/8/1979 12:7:10" ,4, 186);
INSERT INTO Exame( EventoID, Nome, Descricao) VALUES (1527,"laparoscopia","descricao");
INSERT INTO MedicoExame( MedicoID, ExameID) VALUES (412,1527);
INSERT INTO Evento(EventoID,Descricao, Data, Admissao, Quarto) VALUES (1528, "descricao","9/8/1993 10:23:52" ,439, 178);
INSERT INTO Exame( EventoID, Nome, Descricao) VALUES (1528,"Sangue","descricao");
INSERT INTO MedicoExame( MedicoID, ExameID) VALUES (421,1528);
INSERT INTO Evento(EventoID,Descricao, Data, Admissao, Quarto) VALUES (1529, "descricao","4/5/1997 6:27:27" ,66, 227);
INSERT INTO Exame( EventoID, Nome, Descricao) VALUES (1529,"laringoscopia","descricao");
INSERT INTO MedicoExame( MedicoID, ExameID) VALUES (395,1529);
INSERT INTO Evento(EventoID,Descricao, Data, Admissao, Quarto) VALUES (1530, "descricao","2/3/1962 3:39:12" ,400, 234);
INSERT INTO Exame( EventoID, Nome, Descricao) VALUES (1530,"liquido cefalorraquidiano","descricao");
INSERT INTO MedicoExame( MedicoID, ExameID) VALUES (389,1530);
INSERT INTO Evento(EventoID,Descricao, Data, Admissao, Quarto) VALUES (1531, "descricao","19/7/1996 4:25:59" ,27, 248);
INSERT INTO Exame( EventoID, Nome, Descricao) VALUES (1531,"mediastinoscopia","descricao");
INSERT INTO MedicoExame( MedicoID, ExameID) VALUES (389,1531);
INSERT INTO Evento(EventoID,Descricao, Data, Admissao, Quarto) VALUES (1532, "descricao","28/11/2014 22:37:7" ,499, 208);
INSERT INTO Exame( EventoID, Nome, Descricao) VALUES (1532,"laparoscopia","descricao");
INSERT INTO MedicoExame( MedicoID, ExameID) VALUES (391,1532);
INSERT INTO Evento(EventoID,Descricao, Data, Admissao, Quarto) VALUES (1533, "descricao","2/5/1962 18:53:20" ,19, 221);
INSERT INTO Exame( EventoID, Nome, Descricao) VALUES (1533,"Urina","descricao");
INSERT INTO MedicoExame( MedicoID, ExameID) VALUES (425,1533);
INSERT INTO Evento(EventoID,Descricao, Data, Admissao, Quarto) VALUES (1534, "descricao","25/2/2007 11:21:55" ,36, 247);
INSERT INTO Exame( EventoID, Nome, Descricao) VALUES (1534,"cistoscopia","descricao");
INSERT INTO MedicoExame( MedicoID, ExameID) VALUES (425,1534);
INSERT INTO Evento(EventoID,Descricao, Data, Admissao, Quarto) VALUES (1535, "descricao","24/2/1984 23:19:37" ,407, 204);
INSERT INTO Exame( EventoID, Nome, Descricao) VALUES (1535,"liquido cefalorraquidiano","descricao");
INSERT INTO MedicoExame( MedicoID, ExameID) VALUES (415,1535);
INSERT INTO Evento(EventoID,Descricao, Data, Admissao, Quarto) VALUES (1536, "descricao","8/3/1978 16:35:51" ,26, 210);
INSERT INTO Exame( EventoID, Nome, Descricao) VALUES (1536,"broncoscopia","descricao");
INSERT INTO MedicoExame( MedicoID, ExameID) VALUES (401,1536);
INSERT INTO Evento(EventoID,Descricao, Data, Admissao, Quarto) VALUES (1537, "descricao","4/2/1960 23:39:38" ,314, 153);
INSERT INTO Exame( EventoID, Nome, Descricao) VALUES (1537,"Urina","descricao");
INSERT INTO MedicoExame( MedicoID, ExameID) VALUES (416,1537);
INSERT INTO Evento(EventoID,Descricao, Data, Admissao, Quarto) VALUES (1538, "descricao","10/3/1969 5:43:32" ,12, 231);
INSERT INTO Exame( EventoID, Nome, Descricao) VALUES (1538,"toracoscopia","descricao");
INSERT INTO MedicoExame( MedicoID, ExameID) VALUES (400,1538);
INSERT INTO Evento(EventoID,Descricao, Data, Admissao, Quarto) VALUES (1539, "descricao","17/9/1975 6:17:35" ,271, 136);
INSERT INTO Exame( EventoID, Nome, Descricao) VALUES (1539,"esofagoscopia","descricao");
INSERT INTO MedicoExame( MedicoID, ExameID) VALUES (399,1539);
INSERT INTO Evento(EventoID,Descricao, Data, Admissao, Quarto) VALUES (1540, "descricao","2/4/1960 21:12:43" ,241, 168);
INSERT INTO Exame( EventoID, Nome, Descricao) VALUES (1540,"liquido cefalorraquidiano","descricao");
INSERT INTO MedicoExame( MedicoID, ExameID) VALUES (406,1540);
INSERT INTO Evento(EventoID,Descricao, Data, Admissao, Quarto) VALUES (1541, "descricao","14/8/1977 10:47:54" ,403, 158);
INSERT INTO Exame( EventoID, Nome, Descricao) VALUES (1541,"laparoscopia","descricao");
INSERT INTO MedicoExame( MedicoID, ExameID) VALUES (399,1541);
INSERT INTO Evento(EventoID,Descricao, Data, Admissao, Quarto) VALUES (1542, "descricao","8/6/1999 13:39:36" ,193, 200);
INSERT INTO Exame( EventoID, Nome, Descricao) VALUES (1542,"cistoscopia","descricao");
INSERT INTO MedicoExame( MedicoID, ExameID) VALUES (401,1542);
INSERT INTO Evento(EventoID,Descricao, Data, Admissao, Quarto) VALUES (1543, "descricao","25/5/2011 14:23:18" ,207, 237);
INSERT INTO Exame( EventoID, Nome, Descricao) VALUES (1543,"mediastinoscopia","descricao");
INSERT INTO MedicoExame( MedicoID, ExameID) VALUES (412,1543);
INSERT INTO Evento(EventoID,Descricao, Data, Admissao, Quarto) VALUES (1544, "descricao","4/3/2009 1:31:36" ,232, 152);
INSERT INTO Exame( EventoID, Nome, Descricao) VALUES (1544,"liquido sinovial","descricao");
INSERT INTO MedicoExame( MedicoID, ExameID) VALUES (390,1544);
INSERT INTO Evento(EventoID,Descricao, Data, Admissao, Quarto) VALUES (1545, "descricao","1/5/1999 13:8:26" ,337, 203);
INSERT INTO Exame( EventoID, Nome, Descricao) VALUES (1545,"cistoscopia","descricao");
INSERT INTO MedicoExame( MedicoID, ExameID) VALUES (416,1545);
INSERT INTO Evento(EventoID,Descricao, Data, Admissao, Quarto) VALUES (1546, "descricao","9/7/1989 2:30:50" ,264, 198);
INSERT INTO Exame( EventoID, Nome, Descricao) VALUES (1546,"laparoscopia","descricao");
INSERT INTO MedicoExame( MedicoID, ExameID) VALUES (414,1546);
INSERT INTO Evento(EventoID,Descricao, Data, Admissao, Quarto) VALUES (1547, "descricao","14/2/2012 12:56:6" ,99, 156);
INSERT INTO Exame( EventoID, Nome, Descricao) VALUES (1547,"laringoscopia","descricao");
INSERT INTO MedicoExame( MedicoID, ExameID) VALUES (417,1547);
INSERT INTO Evento(EventoID,Descricao, Data, Admissao, Quarto) VALUES (1548, "descricao","4/7/1987 20:47:51" ,465, 233);
INSERT INTO Exame( EventoID, Nome, Descricao) VALUES (1548,"broncoscopia","descricao");
INSERT INTO MedicoExame( MedicoID, ExameID) VALUES (395,1548);
INSERT INTO Evento(EventoID,Descricao, Data, Admissao, Quarto) VALUES (1549, "descricao","7/5/1991 16:24:59" ,14, 197);
INSERT INTO Exame( EventoID, Nome, Descricao) VALUES (1549,"liquido cefalorraquidiano","descricao");
INSERT INTO MedicoExame( MedicoID, ExameID) VALUES (418,1549);
INSERT INTO Evento(EventoID,Descricao, Data, Admissao, Quarto) VALUES (1550, "descricao","13/2/1981 17:39:18" ,307, 124);
INSERT INTO Exame( EventoID, Nome, Descricao) VALUES (1550,"laringoscopia","descricao");
INSERT INTO MedicoExame( MedicoID, ExameID) VALUES (389,1550);
INSERT INTO Evento(EventoID,Descricao, Data, Admissao, Quarto) VALUES (1551, "descricao","13/2/2009 13:37:47" ,317, 195);
INSERT INTO Exame( EventoID, Nome, Descricao) VALUES (1551,"laringoscopia","descricao");
INSERT INTO MedicoExame( MedicoID, ExameID) VALUES (423,1551);
INSERT INTO Evento(EventoID,Descricao, Data, Admissao, Quarto) VALUES (1552, "descricao","9/5/1994 10:27:10" ,387, 161);
INSERT INTO Exame( EventoID, Nome, Descricao) VALUES (1552,"mediastinoscopia","descricao");
INSERT INTO MedicoExame( MedicoID, ExameID) VALUES (403,1552);
INSERT INTO Evento(EventoID,Descricao, Data, Admissao, Quarto) VALUES (1553, "descricao","3/10/2006 13:52:30" ,326, 238);
INSERT INTO Exame( EventoID, Nome, Descricao) VALUES (1553,"laringoscopia","descricao");
INSERT INTO MedicoExame( MedicoID, ExameID) VALUES (412,1553);
INSERT INTO Evento(EventoID,Descricao, Data, Admissao, Quarto) VALUES (1554, "descricao","22/3/2014 7:11:11" ,4, 202);
INSERT INTO Exame( EventoID, Nome, Descricao) VALUES (1554,"laparoscopia","descricao");
INSERT INTO MedicoExame( MedicoID, ExameID) VALUES (415,1554);
INSERT INTO Evento(EventoID,Descricao, Data, Admissao, Quarto) VALUES (1555, "descricao","22/7/1979 15:12:30" ,266, 200);
INSERT INTO Exame( EventoID, Nome, Descricao) VALUES (1555,"esofagoscopia","descricao");
INSERT INTO MedicoExame( MedicoID, ExameID) VALUES (408,1555);
INSERT INTO Evento(EventoID,Descricao, Data, Admissao, Quarto) VALUES (1556, "descricao","8/2/2016 19:46:33" ,288, 176);
INSERT INTO Exame( EventoID, Nome, Descricao) VALUES (1556,"Sangue","descricao");
INSERT INTO MedicoExame( MedicoID, ExameID) VALUES (405,1556);
INSERT INTO Evento(EventoID,Descricao, Data, Admissao, Quarto) VALUES (1557, "descricao","23/3/1972 7:7:55" ,101, 107);
INSERT INTO Exame( EventoID, Nome, Descricao) VALUES (1557,"mediastinoscopia","descricao");
INSERT INTO MedicoExame( MedicoID, ExameID) VALUES (417,1557);
INSERT INTO Evento(EventoID,Descricao, Data, Admissao, Quarto) VALUES (1558, "descricao","18/5/1972 21:45:45" ,36, 122);
INSERT INTO Exame( EventoID, Nome, Descricao) VALUES (1558,"broncoscopia","descricao");
INSERT INTO MedicoExame( MedicoID, ExameID) VALUES (424,1558);
INSERT INTO Evento(EventoID,Descricao, Data, Admissao, Quarto) VALUES (1559, "descricao","11/11/1969 2:16:18" ,73, 161);
INSERT INTO Exame( EventoID, Nome, Descricao) VALUES (1559,"broncoscopia","descricao");
INSERT INTO MedicoExame( MedicoID, ExameID) VALUES (393,1559);
INSERT INTO Evento(EventoID,Descricao, Data, Admissao, Quarto) VALUES (1560, "descricao","9/12/1975 15:55:31" ,358, 235);
INSERT INTO Exame( EventoID, Nome, Descricao) VALUES (1560,"Sangue","descricao");
INSERT INTO MedicoExame( MedicoID, ExameID) VALUES (420,1560);
INSERT INTO Evento(EventoID,Descricao, Data, Admissao, Quarto) VALUES (1561, "descricao","3/11/1967 7:20:48" ,361, 161);
INSERT INTO Exame( EventoID, Nome, Descricao) VALUES (1561,"liquido sinovial","descricao");
INSERT INTO MedicoExame( MedicoID, ExameID) VALUES (397,1561);
INSERT INTO Evento(EventoID,Descricao, Data, Admissao, Quarto) VALUES (1562, "descricao","3/8/1978 1:50:1" ,236, 145);
INSERT INTO Exame( EventoID, Nome, Descricao) VALUES (1562,"liquido cefalorraquidiano","descricao");
INSERT INTO MedicoExame( MedicoID, ExameID) VALUES (392,1562);
INSERT INTO Evento(EventoID,Descricao, Data, Admissao, Quarto) VALUES (1563, "descricao","18/11/2009 9:1:8" ,416, 103);
INSERT INTO Exame( EventoID, Nome, Descricao) VALUES (1563,"esofagoscopia","descricao");
INSERT INTO MedicoExame( MedicoID, ExameID) VALUES (383,1563);
INSERT INTO Evento(EventoID,Descricao, Data, Admissao, Quarto) VALUES (1564, "descricao","26/2/1970 20:19:11" ,124, 189);
INSERT INTO Exame( EventoID, Nome, Descricao) VALUES (1564,"liquido sinovial","descricao");
INSERT INTO MedicoExame( MedicoID, ExameID) VALUES (384,1564);
INSERT INTO Evento(EventoID,Descricao, Data, Admissao, Quarto) VALUES (1565, "descricao","5/6/2007 13:51:17" ,123, 185);
INSERT INTO Exame( EventoID, Nome, Descricao) VALUES (1565,"laparoscopia","descricao");
INSERT INTO MedicoExame( MedicoID, ExameID) VALUES (418,1565);
INSERT INTO Evento(EventoID,Descricao, Data, Admissao, Quarto) VALUES (1566, "descricao","6/1/1994 7:14:0" ,496, 101);
INSERT INTO Exame( EventoID, Nome, Descricao) VALUES (1566,"mediastinoscopia","descricao");
INSERT INTO MedicoExame( MedicoID, ExameID) VALUES (416,1566);
INSERT INTO Evento(EventoID,Descricao, Data, Admissao, Quarto) VALUES (1567, "descricao","27/5/2012 13:19:30" ,369, 182);
INSERT INTO Exame( EventoID, Nome, Descricao) VALUES (1567,"liquido sinovial","descricao");
INSERT INTO MedicoExame( MedicoID, ExameID) VALUES (421,1567);
INSERT INTO Evento(EventoID,Descricao, Data, Admissao, Quarto) VALUES (1568, "descricao","14/12/1967 18:46:41" ,349, 236);
INSERT INTO Exame( EventoID, Nome, Descricao) VALUES (1568,"laringoscopia","descricao");
INSERT INTO MedicoExame( MedicoID, ExameID) VALUES (384,1568);
INSERT INTO Evento(EventoID,Descricao, Data, Admissao, Quarto) VALUES (1569, "descricao","9/1/2009 11:34:4" ,5, 209);
INSERT INTO Exame( EventoID, Nome, Descricao) VALUES (1569,"Urina","descricao");
INSERT INTO MedicoExame( MedicoID, ExameID) VALUES (404,1569);
INSERT INTO Evento(EventoID,Descricao, Data, Admissao, Quarto) VALUES (1570, "descricao","14/1/2009 2:20:46" ,15, 143);
INSERT INTO Exame( EventoID, Nome, Descricao) VALUES (1570,"liquido sinovial","descricao");
INSERT INTO MedicoExame( MedicoID, ExameID) VALUES (418,1570);
INSERT INTO Evento(EventoID,Descricao, Data, Admissao, Quarto) VALUES (1571, "descricao","18/8/1963 10:19:22" ,472, 173);
INSERT INTO Exame( EventoID, Nome, Descricao) VALUES (1571,"Sangue","descricao");
INSERT INTO MedicoExame( MedicoID, ExameID) VALUES (420,1571);
INSERT INTO Evento(EventoID,Descricao, Data, Admissao, Quarto) VALUES (1572, "descricao","4/2/1984 22:47:20" ,137, 123);
INSERT INTO Exame( EventoID, Nome, Descricao) VALUES (1572,"liquido cefalorraquidiano","descricao");
INSERT INTO MedicoExame( MedicoID, ExameID) VALUES (386,1572);
INSERT INTO Evento(EventoID,Descricao, Data, Admissao, Quarto) VALUES (1573, "descricao","6/4/1972 15:25:33" ,124, 138);
INSERT INTO Exame( EventoID, Nome, Descricao) VALUES (1573,"Urina","descricao");
INSERT INTO MedicoExame( MedicoID, ExameID) VALUES (408,1573);
INSERT INTO Evento(EventoID,Descricao, Data, Admissao, Quarto) VALUES (1574, "descricao","16/8/1971 17:19:35" ,221, 108);
INSERT INTO Exame( EventoID, Nome, Descricao) VALUES (1574,"toracoscopia","descricao");
INSERT INTO MedicoExame( MedicoID, ExameID) VALUES (425,1574);
INSERT INTO Evento(EventoID,Descricao, Data, Admissao, Quarto) VALUES (1575, "descricao","24/4/2002 7:11:6" ,152, 202);
INSERT INTO Exame( EventoID, Nome, Descricao) VALUES (1575,"laparoscopia","descricao");
INSERT INTO MedicoExame( MedicoID, ExameID) VALUES (384,1575);
INSERT INTO Evento(EventoID,Descricao, Data, Admissao, Quarto) VALUES (1576, "descricao","2/10/2003 4:43:25" ,44, 108);
INSERT INTO Exame( EventoID, Nome, Descricao) VALUES (1576,"toracoscopia","descricao");
INSERT INTO MedicoExame( MedicoID, ExameID) VALUES (395,1576);
INSERT INTO Evento(EventoID,Descricao, Data, Admissao, Quarto) VALUES (1577, "descricao","21/9/1969 14:41:35" ,222, 111);
INSERT INTO Exame( EventoID, Nome, Descricao) VALUES (1577,"cistoscopia","descricao");
INSERT INTO MedicoExame( MedicoID, ExameID) VALUES (388,1577);
INSERT INTO Evento(EventoID,Descricao, Data, Admissao, Quarto) VALUES (1578, "descricao","25/2/2019 13:10:21" ,29, 216);
INSERT INTO Exame( EventoID, Nome, Descricao) VALUES (1578,"Sangue","descricao");
INSERT INTO MedicoExame( MedicoID, ExameID) VALUES (388,1578);
INSERT INTO Evento(EventoID,Descricao, Data, Admissao, Quarto) VALUES (1579, "descricao","19/11/1996 13:26:0" ,26, 195);
INSERT INTO Exame( EventoID, Nome, Descricao) VALUES (1579,"cistoscopia","descricao");
INSERT INTO MedicoExame( MedicoID, ExameID) VALUES (402,1579);
INSERT INTO Evento(EventoID,Descricao, Data, Admissao, Quarto) VALUES (1580, "descricao","11/8/2015 4:34:3" ,141, 192);
INSERT INTO Exame( EventoID, Nome, Descricao) VALUES (1580,"liquido cefalorraquidiano","descricao");
INSERT INTO MedicoExame( MedicoID, ExameID) VALUES (397,1580);
INSERT INTO Evento(EventoID,Descricao, Data, Admissao, Quarto) VALUES (1581, "descricao","3/4/2011 22:3:46" ,274, 163);
INSERT INTO Exame( EventoID, Nome, Descricao) VALUES (1581,"laparoscopia","descricao");
INSERT INTO MedicoExame( MedicoID, ExameID) VALUES (416,1581);
INSERT INTO Evento(EventoID,Descricao, Data, Admissao, Quarto) VALUES (1582, "descricao","15/1/1983 17:49:26" ,226, 222);
INSERT INTO Exame( EventoID, Nome, Descricao) VALUES (1582,"broncoscopia","descricao");
INSERT INTO MedicoExame( MedicoID, ExameID) VALUES (398,1582);
INSERT INTO Evento(EventoID,Descricao, Data, Admissao, Quarto) VALUES (1583, "descricao","7/4/1983 6:52:53" ,416, 221);
INSERT INTO Exame( EventoID, Nome, Descricao) VALUES (1583,"laringoscopia","descricao");
INSERT INTO MedicoExame( MedicoID, ExameID) VALUES (388,1583);
INSERT INTO Evento(EventoID,Descricao, Data, Admissao, Quarto) VALUES (1584, "descricao","2/9/2016 2:12:4" ,129, 173);
INSERT INTO Exame( EventoID, Nome, Descricao) VALUES (1584,"broncoscopia","descricao");
INSERT INTO MedicoExame( MedicoID, ExameID) VALUES (384,1584);
INSERT INTO Evento(EventoID,Descricao, Data, Admissao, Quarto) VALUES (1585, "descricao","28/12/2000 11:26:9" ,185, 190);
INSERT INTO Exame( EventoID, Nome, Descricao) VALUES (1585,"esofagoscopia","descricao");
INSERT INTO MedicoExame( MedicoID, ExameID) VALUES (425,1585);
INSERT INTO Evento(EventoID,Descricao, Data, Admissao, Quarto) VALUES (1586, "descricao","27/1/1979 9:29:3" ,117, 221);
INSERT INTO Exame( EventoID, Nome, Descricao) VALUES (1586,"liquido cefalorraquidiano","descricao");
INSERT INTO MedicoExame( MedicoID, ExameID) VALUES (410,1586);
INSERT INTO Evento(EventoID,Descricao, Data, Admissao, Quarto) VALUES (1587, "descricao","28/1/2005 10:59:29" ,97, 208);
INSERT INTO Exame( EventoID, Nome, Descricao) VALUES (1587,"mediastinoscopia","descricao");
INSERT INTO MedicoExame( MedicoID, ExameID) VALUES (396,1587);
INSERT INTO Evento(EventoID,Descricao, Data, Admissao, Quarto) VALUES (1588, "descricao","16/8/1961 13:5:38" ,199, 244);
INSERT INTO Exame( EventoID, Nome, Descricao) VALUES (1588,"laparoscopia","descricao");
INSERT INTO MedicoExame( MedicoID, ExameID) VALUES (407,1588);
INSERT INTO Evento(EventoID,Descricao, Data, Admissao, Quarto) VALUES (1589, "descricao","3/4/1966 4:22:11" ,57, 103);
INSERT INTO Exame( EventoID, Nome, Descricao) VALUES (1589,"Sangue","descricao");
INSERT INTO MedicoExame( MedicoID, ExameID) VALUES (388,1589);
INSERT INTO Evento(EventoID,Descricao, Data, Admissao, Quarto) VALUES (1590, "descricao","5/8/1964 16:32:6" ,281, 105);
INSERT INTO Exame( EventoID, Nome, Descricao) VALUES (1590,"Urina","descricao");
INSERT INTO MedicoExame( MedicoID, ExameID) VALUES (388,1590);
INSERT INTO Evento(EventoID,Descricao, Data, Admissao, Quarto) VALUES (1591, "descricao","6/9/1982 3:31:35" ,461, 197);
INSERT INTO Exame( EventoID, Nome, Descricao) VALUES (1591,"laringoscopia","descricao");
INSERT INTO MedicoExame( MedicoID, ExameID) VALUES (393,1591);
INSERT INTO Evento(EventoID,Descricao, Data, Admissao, Quarto) VALUES (1592, "descricao","20/11/1986 14:44:36" ,92, 202);
INSERT INTO Exame( EventoID, Nome, Descricao) VALUES (1592,"laparoscopia","descricao");
INSERT INTO MedicoExame( MedicoID, ExameID) VALUES (394,1592);
INSERT INTO Evento(EventoID,Descricao, Data, Admissao, Quarto) VALUES (1593, "descricao","13/6/2011 2:17:56" ,77, 171);
INSERT INTO Exame( EventoID, Nome, Descricao) VALUES (1593,"esofagoscopia","descricao");
INSERT INTO MedicoExame( MedicoID, ExameID) VALUES (403,1593);
INSERT INTO Evento(EventoID,Descricao, Data, Admissao, Quarto) VALUES (1594, "descricao","20/7/2011 10:19:27" ,346, 136);
INSERT INTO Exame( EventoID, Nome, Descricao) VALUES (1594,"liquido sinovial","descricao");
INSERT INTO MedicoExame( MedicoID, ExameID) VALUES (390,1594);
INSERT INTO Evento(EventoID,Descricao, Data, Admissao, Quarto) VALUES (1595, "descricao","1/7/1991 8:45:14" ,154, 187);
INSERT INTO Exame( EventoID, Nome, Descricao) VALUES (1595,"liquido cefalorraquidiano","descricao");
INSERT INTO MedicoExame( MedicoID, ExameID) VALUES (423,1595);
INSERT INTO Evento(EventoID,Descricao, Data, Admissao, Quarto) VALUES (1596, "descricao","15/12/1974 1:35:5" ,44, 209);
INSERT INTO Exame( EventoID, Nome, Descricao) VALUES (1596,"esofagoscopia","descricao");
INSERT INTO MedicoExame( MedicoID, ExameID) VALUES (413,1596);
INSERT INTO Evento(EventoID,Descricao, Data, Admissao, Quarto) VALUES (1597, "descricao","19/4/1994 11:35:2" ,361, 137);
INSERT INTO Exame( EventoID, Nome, Descricao) VALUES (1597,"laringoscopia","descricao");
INSERT INTO MedicoExame( MedicoID, ExameID) VALUES (403,1597);
INSERT INTO Evento(EventoID,Descricao, Data, Admissao, Quarto) VALUES (1598, "descricao","18/7/2006 14:20:7" ,216, 110);
INSERT INTO Exame( EventoID, Nome, Descricao) VALUES (1598,"Urina","descricao");
INSERT INTO MedicoExame( MedicoID, ExameID) VALUES (419,1598);
INSERT INTO Evento(EventoID,Descricao, Data, Admissao, Quarto) VALUES (1599, "descricao","1/8/1970 0:56:57" ,162, 155);
INSERT INTO Exame( EventoID, Nome, Descricao) VALUES (1599,"mediastinoscopia","descricao");
INSERT INTO MedicoExame( MedicoID, ExameID) VALUES (384,1599);
INSERT INTO Evento(EventoID,Descricao, Data, Admissao, Quarto) VALUES (1600, "descricao","25/2/1973 13:35:17" ,489, 107);
INSERT INTO Exame( EventoID, Nome, Descricao) VALUES (1600,"liquido cefalorraquidiano","descricao");
INSERT INTO MedicoExame( MedicoID, ExameID) VALUES (418,1600);
INSERT INTO Evento(EventoID,Descricao, Data, Admissao, Quarto) VALUES (1601, "descricao","14/10/2006 3:7:7" ,279, 112);
INSERT INTO Exame( EventoID, Nome, Descricao) VALUES (1601,"laparoscopia","descricao");
INSERT INTO MedicoExame( MedicoID, ExameID) VALUES (392,1601);
INSERT INTO Evento(EventoID,Descricao, Data, Admissao, Quarto) VALUES (1602, "descricao","28/5/1991 10:42:40" ,255, 169);
INSERT INTO Exame( EventoID, Nome, Descricao) VALUES (1602,"laringoscopia","descricao");
INSERT INTO MedicoExame( MedicoID, ExameID) VALUES (405,1602);
INSERT INTO Evento(EventoID,Descricao, Data, Admissao, Quarto) VALUES (1603, "descricao","15/1/1998 19:27:49" ,281, 239);
INSERT INTO Exame( EventoID, Nome, Descricao) VALUES (1603,"mediastinoscopia","descricao");
INSERT INTO MedicoExame( MedicoID, ExameID) VALUES (422,1603);
INSERT INTO Evento(EventoID,Descricao, Data, Admissao, Quarto) VALUES (1604, "descricao","7/7/1967 16:12:27" ,6, 223);
INSERT INTO Exame( EventoID, Nome, Descricao) VALUES (1604,"esofagoscopia","descricao");
INSERT INTO MedicoExame( MedicoID, ExameID) VALUES (425,1604);
INSERT INTO Evento(EventoID,Descricao, Data, Admissao, Quarto) VALUES (1605, "descricao","6/1/2002 3:23:16" ,302, 209);
INSERT INTO Exame( EventoID, Nome, Descricao) VALUES (1605,"Sangue","descricao");
INSERT INTO MedicoExame( MedicoID, ExameID) VALUES (408,1605);
INSERT INTO Evento(EventoID,Descricao, Data, Admissao, Quarto) VALUES (1606, "descricao","11/9/1994 11:50:54" ,88, 229);
INSERT INTO Exame( EventoID, Nome, Descricao) VALUES (1606,"laringoscopia","descricao");
INSERT INTO MedicoExame( MedicoID, ExameID) VALUES (400,1606);
INSERT INTO Evento(EventoID,Descricao, Data, Admissao, Quarto) VALUES (1607, "descricao","19/12/2017 21:43:40" ,313, 223);
INSERT INTO Exame( EventoID, Nome, Descricao) VALUES (1607,"Urina","descricao");
INSERT INTO MedicoExame( MedicoID, ExameID) VALUES (419,1607);
INSERT INTO Evento(EventoID,Descricao, Data, Admissao, Quarto) VALUES (1608, "descricao","28/1/1971 18:50:42" ,16, 155);
INSERT INTO Exame( EventoID, Nome, Descricao) VALUES (1608,"broncoscopia","descricao");
INSERT INTO MedicoExame( MedicoID, ExameID) VALUES (416,1608);
INSERT INTO Evento(EventoID,Descricao, Data, Admissao, Quarto) VALUES (1609, "descricao","4/8/1993 16:20:36" ,63, 220);
INSERT INTO Exame( EventoID, Nome, Descricao) VALUES (1609,"broncoscopia","descricao");
INSERT INTO MedicoExame( MedicoID, ExameID) VALUES (411,1609);
INSERT INTO Evento(EventoID,Descricao, Data, Admissao, Quarto) VALUES (1610, "descricao","16/9/2018 23:24:48" ,32, 111);
INSERT INTO Exame( EventoID, Nome, Descricao) VALUES (1610,"laringoscopia","descricao");
INSERT INTO MedicoExame( MedicoID, ExameID) VALUES (417,1610);
INSERT INTO Evento(EventoID,Descricao, Data, Admissao, Quarto) VALUES (1611, "descricao","13/2/1972 3:47:12" ,244, 162);
INSERT INTO Exame( EventoID, Nome, Descricao) VALUES (1611,"mediastinoscopia","descricao");
INSERT INTO MedicoExame( MedicoID, ExameID) VALUES (403,1611);
INSERT INTO Evento(EventoID,Descricao, Data, Admissao, Quarto) VALUES (1612, "descricao","23/9/1985 20:21:25" ,352, 158);
INSERT INTO Exame( EventoID, Nome, Descricao) VALUES (1612,"laparoscopia","descricao");
INSERT INTO MedicoExame( MedicoID, ExameID) VALUES (384,1612);
INSERT INTO Evento(EventoID,Descricao, Data, Admissao, Quarto) VALUES (1613, "descricao","6/10/1986 1:3:16" ,117, 179);
INSERT INTO Exame( EventoID, Nome, Descricao) VALUES (1613,"esofagoscopia","descricao");
INSERT INTO MedicoExame( MedicoID, ExameID) VALUES (416,1613);
INSERT INTO Evento(EventoID,Descricao, Data, Admissao, Quarto) VALUES (1614, "descricao","26/10/1963 8:30:34" ,316, 158);
INSERT INTO Exame( EventoID, Nome, Descricao) VALUES (1614,"mediastinoscopia","descricao");
INSERT INTO MedicoExame( MedicoID, ExameID) VALUES (393,1614);
INSERT INTO Evento(EventoID,Descricao, Data, Admissao, Quarto) VALUES (1615, "descricao","18/9/1986 20:27:9" ,399, 117);
INSERT INTO Exame( EventoID, Nome, Descricao) VALUES (1615,"liquido sinovial","descricao");
INSERT INTO MedicoExame( MedicoID, ExameID) VALUES (384,1615);
INSERT INTO Evento(EventoID,Descricao, Data, Admissao, Quarto) VALUES (1616, "descricao","25/5/1992 4:30:41" ,36, 162);
INSERT INTO Exame( EventoID, Nome, Descricao) VALUES (1616,"cistoscopia","descricao");
INSERT INTO MedicoExame( MedicoID, ExameID) VALUES (401,1616);
INSERT INTO Evento(EventoID,Descricao, Data, Admissao, Quarto) VALUES (1617, "descricao","6/8/2001 19:12:33" ,236, 139);
INSERT INTO Exame( EventoID, Nome, Descricao) VALUES (1617,"broncoscopia","descricao");
INSERT INTO MedicoExame( MedicoID, ExameID) VALUES (418,1617);
INSERT INTO Evento(EventoID,Descricao, Data, Admissao, Quarto) VALUES (1618, "descricao","20/11/1994 23:42:3" ,444, 112);
INSERT INTO Exame( EventoID, Nome, Descricao) VALUES (1618,"esofagoscopia","descricao");
INSERT INTO MedicoExame( MedicoID, ExameID) VALUES (409,1618);
INSERT INTO Evento(EventoID,Descricao, Data, Admissao, Quarto) VALUES (1619, "descricao","24/2/2000 23:43:57" ,291, 181);
INSERT INTO Exame( EventoID, Nome, Descricao) VALUES (1619,"laparoscopia","descricao");
INSERT INTO MedicoExame( MedicoID, ExameID) VALUES (384,1619);
INSERT INTO Evento(EventoID,Descricao, Data, Admissao, Quarto) VALUES (1620, "descricao","2/7/2002 5:41:57" ,40, 245);
INSERT INTO Exame( EventoID, Nome, Descricao) VALUES (1620,"liquido cefalorraquidiano","descricao");
INSERT INTO MedicoExame( MedicoID, ExameID) VALUES (398,1620);
INSERT INTO Evento(EventoID,Descricao, Data, Admissao, Quarto) VALUES (1621, "descricao","21/4/1966 17:43:26" ,13, 173);
INSERT INTO Exame( EventoID, Nome, Descricao) VALUES (1621,"Sangue","descricao");
INSERT INTO MedicoExame( MedicoID, ExameID) VALUES (418,1621);
INSERT INTO Evento(EventoID,Descricao, Data, Admissao, Quarto) VALUES (1622, "descricao","28/8/1995 14:55:48" ,99, 225);
INSERT INTO Exame( EventoID, Nome, Descricao) VALUES (1622,"Urina","descricao");
INSERT INTO MedicoExame( MedicoID, ExameID) VALUES (388,1622);
INSERT INTO Evento(EventoID,Descricao, Data, Admissao, Quarto) VALUES (1623, "descricao","6/6/1974 6:44:43" ,277, 111);
INSERT INTO Exame( EventoID, Nome, Descricao) VALUES (1623,"laparoscopia","descricao");
INSERT INTO MedicoExame( MedicoID, ExameID) VALUES (426,1623);
INSERT INTO Evento(EventoID,Descricao, Data, Admissao, Quarto) VALUES (1624, "descricao","25/2/1984 20:4:41" ,403, 216);
INSERT INTO Exame( EventoID, Nome, Descricao) VALUES (1624,"laringoscopia","descricao");
INSERT INTO MedicoExame( MedicoID, ExameID) VALUES (396,1624);
INSERT INTO Evento(EventoID,Descricao, Data, Admissao, Quarto) VALUES (1625, "descricao","21/3/1996 4:0:22" ,361, 177);
INSERT INTO Exame( EventoID, Nome, Descricao) VALUES (1625,"mediastinoscopia","descricao");
INSERT INTO MedicoExame( MedicoID, ExameID) VALUES (395,1625);
INSERT INTO Evento(EventoID,Descricao, Data, Admissao, Quarto) VALUES (1626, "descricao","28/9/1998 11:21:5" ,47, 243);
INSERT INTO Exame( EventoID, Nome, Descricao) VALUES (1626,"Sangue","descricao");
INSERT INTO MedicoExame( MedicoID, ExameID) VALUES (400,1626);
INSERT INTO Evento(EventoID,Descricao, Data, Admissao, Quarto) VALUES (1627, "descricao","13/1/1972 17:33:49" ,419, 220);
INSERT INTO Exame( EventoID, Nome, Descricao) VALUES (1627,"laparoscopia","descricao");
INSERT INTO MedicoExame( MedicoID, ExameID) VALUES (405,1627);
INSERT INTO Evento(EventoID,Descricao, Data, Admissao, Quarto) VALUES (1628, "descricao","8/11/1969 2:49:4" ,135, 211);
INSERT INTO Exame( EventoID, Nome, Descricao) VALUES (1628,"cistoscopia","descricao");
INSERT INTO MedicoExame( MedicoID, ExameID) VALUES (417,1628);
INSERT INTO Evento(EventoID,Descricao, Data, Admissao, Quarto) VALUES (1629, "descricao","5/6/1962 4:57:7" ,478, 224);
INSERT INTO Exame( EventoID, Nome, Descricao) VALUES (1629,"broncoscopia","descricao");
INSERT INTO MedicoExame( MedicoID, ExameID) VALUES (405,1629);
INSERT INTO Evento(EventoID,Descricao, Data, Admissao, Quarto) VALUES (1630, "descricao","16/5/1977 19:34:26" ,287, 222);
INSERT INTO Exame( EventoID, Nome, Descricao) VALUES (1630,"laringoscopia","descricao");
INSERT INTO MedicoExame( MedicoID, ExameID) VALUES (399,1630);
INSERT INTO Evento(EventoID,Descricao, Data, Admissao, Quarto) VALUES (1631, "descricao","19/10/1989 3:2:0" ,26, 101);
INSERT INTO Exame( EventoID, Nome, Descricao) VALUES (1631,"toracoscopia","descricao");
INSERT INTO MedicoExame( MedicoID, ExameID) VALUES (425,1631);
INSERT INTO Evento(EventoID,Descricao, Data, Admissao, Quarto) VALUES (1632, "descricao","15/10/1988 1:55:26" ,187, 120);
INSERT INTO Exame( EventoID, Nome, Descricao) VALUES (1632,"laparoscopia","descricao");
INSERT INTO MedicoExame( MedicoID, ExameID) VALUES (399,1632);
INSERT INTO Evento(EventoID,Descricao, Data, Admissao, Quarto) VALUES (1633, "descricao","6/6/1983 15:38:39" ,210, 224);
INSERT INTO Exame( EventoID, Nome, Descricao) VALUES (1633,"Urina","descricao");
INSERT INTO MedicoExame( MedicoID, ExameID) VALUES (393,1633);
INSERT INTO Evento(EventoID,Descricao, Data, Admissao, Quarto) VALUES (1634, "descricao","19/3/2012 13:55:15" ,285, 185);
INSERT INTO Exame( EventoID, Nome, Descricao) VALUES (1634,"laringoscopia","descricao");
INSERT INTO MedicoExame( MedicoID, ExameID) VALUES (410,1634);
INSERT INTO Evento(EventoID,Descricao, Data, Admissao, Quarto) VALUES (1635, "descricao","17/1/1961 18:39:11" ,138, 219);
INSERT INTO Exame( EventoID, Nome, Descricao) VALUES (1635,"cistoscopia","descricao");
INSERT INTO MedicoExame( MedicoID, ExameID) VALUES (426,1635);
INSERT INTO Evento(EventoID,Descricao, Data, Admissao, Quarto) VALUES (1636, "descricao","3/12/1964 19:57:37" ,310, 121);
INSERT INTO Exame( EventoID, Nome, Descricao) VALUES (1636,"cistoscopia","descricao");
INSERT INTO MedicoExame( MedicoID, ExameID) VALUES (401,1636);
INSERT INTO Evento(EventoID,Descricao, Data, Admissao, Quarto) VALUES (1637, "descricao","21/3/1968 15:41:31" ,487, 119);
INSERT INTO Exame( EventoID, Nome, Descricao) VALUES (1637,"Urina","descricao");
INSERT INTO MedicoExame( MedicoID, ExameID) VALUES (412,1637);
INSERT INTO Evento(EventoID,Descricao, Data, Admissao, Quarto) VALUES (1638, "descricao","3/8/1997 5:41:55" ,374, 107);
INSERT INTO Exame( EventoID, Nome, Descricao) VALUES (1638,"Urina","descricao");
INSERT INTO MedicoExame( MedicoID, ExameID) VALUES (413,1638);
INSERT INTO Evento(EventoID,Descricao, Data, Admissao, Quarto) VALUES (1639, "descricao","9/4/1993 14:39:27" ,373, 130);
INSERT INTO Exame( EventoID, Nome, Descricao) VALUES (1639,"liquido sinovial","descricao");
INSERT INTO MedicoExame( MedicoID, ExameID) VALUES (391,1639);
INSERT INTO Evento(EventoID,Descricao, Data, Admissao, Quarto) VALUES (1640, "descricao","8/6/2002 3:4:50" ,325, 197);
INSERT INTO Exame( EventoID, Nome, Descricao) VALUES (1640,"mediastinoscopia","descricao");
INSERT INTO MedicoExame( MedicoID, ExameID) VALUES (387,1640);
INSERT INTO Evento(EventoID,Descricao, Data, Admissao, Quarto) VALUES (1641, "descricao","1/4/1991 20:48:34" ,331, 131);
INSERT INTO Exame( EventoID, Nome, Descricao) VALUES (1641,"laringoscopia","descricao");
INSERT INTO MedicoExame( MedicoID, ExameID) VALUES (414,1641);
INSERT INTO Evento(EventoID,Descricao, Data, Admissao, Quarto) VALUES (1642, "descricao","2/4/2015 2:58:10" ,124, 246);
INSERT INTO Exame( EventoID, Nome, Descricao) VALUES (1642,"mediastinoscopia","descricao");
INSERT INTO MedicoExame( MedicoID, ExameID) VALUES (385,1642);
INSERT INTO Evento(EventoID,Descricao, Data, Admissao, Quarto) VALUES (1643, "descricao","16/10/1984 9:39:15" ,268, 196);
INSERT INTO Exame( EventoID, Nome, Descricao) VALUES (1643,"broncoscopia","descricao");
INSERT INTO MedicoExame( MedicoID, ExameID) VALUES (420,1643);
INSERT INTO Evento(EventoID,Descricao, Data, Admissao, Quarto) VALUES (1644, "descricao","12/3/1968 2:36:30" ,189, 145);
INSERT INTO Exame( EventoID, Nome, Descricao) VALUES (1644,"mediastinoscopia","descricao");
INSERT INTO MedicoExame( MedicoID, ExameID) VALUES (405,1644);
INSERT INTO Evento(EventoID,Descricao, Data, Admissao, Quarto) VALUES (1645, "descricao","15/1/1983 17:36:26" ,43, 244);
INSERT INTO Exame( EventoID, Nome, Descricao) VALUES (1645,"esofagoscopia","descricao");
INSERT INTO MedicoExame( MedicoID, ExameID) VALUES (397,1645);
INSERT INTO Evento(EventoID,Descricao, Data, Admissao, Quarto) VALUES (1646, "descricao","5/10/2017 22:27:38" ,418, 146);
INSERT INTO Exame( EventoID, Nome, Descricao) VALUES (1646,"mediastinoscopia","descricao");
INSERT INTO MedicoExame( MedicoID, ExameID) VALUES (424,1646);
INSERT INTO Evento(EventoID,Descricao, Data, Admissao, Quarto) VALUES (1647, "descricao","18/1/1972 6:39:2" ,187, 134);
INSERT INTO Exame( EventoID, Nome, Descricao) VALUES (1647,"laringoscopia","descricao");
INSERT INTO MedicoExame( MedicoID, ExameID) VALUES (410,1647);
INSERT INTO Evento(EventoID,Descricao, Data, Admissao, Quarto) VALUES (1648, "descricao","3/12/1982 11:40:59" ,8, 117);
INSERT INTO Exame( EventoID, Nome, Descricao) VALUES (1648,"liquido cefalorraquidiano","descricao");
INSERT INTO MedicoExame( MedicoID, ExameID) VALUES (418,1648);
INSERT INTO Evento(EventoID,Descricao, Data, Admissao, Quarto) VALUES (1649, "descricao","12/6/1960 10:19:44" ,181, 155);
INSERT INTO Exame( EventoID, Nome, Descricao) VALUES (1649,"cistoscopia","descricao");
INSERT INTO MedicoExame( MedicoID, ExameID) VALUES (426,1649);
INSERT INTO Evento(EventoID,Descricao, Data, Admissao, Quarto) VALUES (1650, "descricao","27/9/1970 8:53:50" ,492, 165);
INSERT INTO Exame( EventoID, Nome, Descricao) VALUES (1650,"Sangue","descricao");
INSERT INTO MedicoExame( MedicoID, ExameID) VALUES (417,1650);
INSERT INTO Evento(EventoID,Descricao, Data, Admissao, Quarto) VALUES (1651, "descricao","13/4/1984 17:22:45" ,259, 186);
INSERT INTO Exame( EventoID, Nome, Descricao) VALUES (1651,"liquido cefalorraquidiano","descricao");
INSERT INTO MedicoExame( MedicoID, ExameID) VALUES (383,1651);
INSERT INTO Evento(EventoID,Descricao, Data, Admissao, Quarto) VALUES (1652, "descricao","22/10/2017 3:36:14" ,57, 222);
INSERT INTO Exame( EventoID, Nome, Descricao) VALUES (1652,"laparoscopia","descricao");
INSERT INTO MedicoExame( MedicoID, ExameID) VALUES (421,1652);
INSERT INTO Evento(EventoID,Descricao, Data, Admissao, Quarto) VALUES (1653, "descricao","11/10/1995 11:59:32" ,426, 115);
INSERT INTO Exame( EventoID, Nome, Descricao) VALUES (1653,"broncoscopia","descricao");
INSERT INTO MedicoExame( MedicoID, ExameID) VALUES (389,1653);
INSERT INTO Evento(EventoID,Descricao, Data, Admissao, Quarto) VALUES (1654, "descricao","4/12/1980 3:6:13" ,296, 180);
INSERT INTO Exame( EventoID, Nome, Descricao) VALUES (1654,"Sangue","descricao");
INSERT INTO MedicoExame( MedicoID, ExameID) VALUES (426,1654);
INSERT INTO Evento(EventoID,Descricao, Data, Admissao, Quarto) VALUES (1655, "descricao","2/7/2006 11:20:54" ,470, 142);
INSERT INTO Exame( EventoID, Nome, Descricao) VALUES (1655,"liquido sinovial","descricao");
INSERT INTO MedicoExame( MedicoID, ExameID) VALUES (394,1655);
INSERT INTO Evento(EventoID,Descricao, Data, Admissao, Quarto) VALUES (1656, "descricao","5/12/2017 13:5:46" ,487, 212);
INSERT INTO Exame( EventoID, Nome, Descricao) VALUES (1656,"laringoscopia","descricao");
INSERT INTO MedicoExame( MedicoID, ExameID) VALUES (386,1656);
INSERT INTO Evento(EventoID,Descricao, Data, Admissao, Quarto) VALUES (1657, "descricao","21/2/2010 16:9:19" ,271, 122);
INSERT INTO Exame( EventoID, Nome, Descricao) VALUES (1657,"Sangue","descricao");
INSERT INTO MedicoExame( MedicoID, ExameID) VALUES (401,1657);
INSERT INTO Evento(EventoID,Descricao, Data, Admissao, Quarto) VALUES (1658, "descricao","23/6/1971 18:55:13" ,167, 117);
INSERT INTO Exame( EventoID, Nome, Descricao) VALUES (1658,"liquido sinovial","descricao");
INSERT INTO MedicoExame( MedicoID, ExameID) VALUES (419,1658);
INSERT INTO Evento(EventoID,Descricao, Data, Admissao, Quarto) VALUES (1659, "descricao","28/2/1978 8:43:2" ,2, 249);
INSERT INTO Exame( EventoID, Nome, Descricao) VALUES (1659,"mediastinoscopia","descricao");
INSERT INTO MedicoExame( MedicoID, ExameID) VALUES (420,1659);
INSERT INTO Evento(EventoID,Descricao, Data, Admissao, Quarto) VALUES (1660, "descricao","5/8/2013 15:2:35" ,182, 211);
INSERT INTO Exame( EventoID, Nome, Descricao) VALUES (1660,"toracoscopia","descricao");
INSERT INTO MedicoExame( MedicoID, ExameID) VALUES (425,1660);
INSERT INTO Evento(EventoID,Descricao, Data, Admissao, Quarto) VALUES (1661, "descricao","14/7/2001 2:31:50" ,364, 110);
INSERT INTO Exame( EventoID, Nome, Descricao) VALUES (1661,"mediastinoscopia","descricao");
INSERT INTO MedicoExame( MedicoID, ExameID) VALUES (414,1661);
INSERT INTO Evento(EventoID,Descricao, Data, Admissao, Quarto) VALUES (1662, "descricao","6/12/1991 19:38:55" ,413, 187);
INSERT INTO Exame( EventoID, Nome, Descricao) VALUES (1662,"liquido cefalorraquidiano","descricao");
INSERT INTO MedicoExame( MedicoID, ExameID) VALUES (414,1662);
INSERT INTO Evento(EventoID,Descricao, Data, Admissao, Quarto) VALUES (1663, "descricao","27/7/1964 7:30:44" ,405, 188);
INSERT INTO Exame( EventoID, Nome, Descricao) VALUES (1663,"laparoscopia","descricao");
INSERT INTO MedicoExame( MedicoID, ExameID) VALUES (399,1663);
INSERT INTO Evento(EventoID,Descricao, Data, Admissao, Quarto) VALUES (1664, "descricao","3/10/2000 9:37:59" ,357, 221);
INSERT INTO Exame( EventoID, Nome, Descricao) VALUES (1664,"laringoscopia","descricao");
INSERT INTO MedicoExame( MedicoID, ExameID) VALUES (408,1664);
INSERT INTO Evento(EventoID,Descricao, Data, Admissao, Quarto) VALUES (1665, "descricao","4/6/1969 11:20:24" ,412, 176);
INSERT INTO Exame( EventoID, Nome, Descricao) VALUES (1665,"broncoscopia","descricao");
INSERT INTO MedicoExame( MedicoID, ExameID) VALUES (401,1665);
INSERT INTO Evento(EventoID,Descricao, Data, Admissao, Quarto) VALUES (1666, "descricao","8/5/1983 22:11:43" ,179, 201);
INSERT INTO Exame( EventoID, Nome, Descricao) VALUES (1666,"liquido sinovial","descricao");
INSERT INTO MedicoExame( MedicoID, ExameID) VALUES (421,1666);
INSERT INTO Evento(EventoID,Descricao, Data, Admissao, Quarto) VALUES (1667, "descricao","13/5/1992 19:5:48" ,89, 137);
INSERT INTO Exame( EventoID, Nome, Descricao) VALUES (1667,"cistoscopia","descricao");
INSERT INTO MedicoExame( MedicoID, ExameID) VALUES (383,1667);
INSERT INTO Evento(EventoID,Descricao, Data, Admissao, Quarto) VALUES (1668, "descricao","13/3/2009 1:54:33" ,59, 189);
INSERT INTO Exame( EventoID, Nome, Descricao) VALUES (1668,"liquido sinovial","descricao");
INSERT INTO MedicoExame( MedicoID, ExameID) VALUES (416,1668);
INSERT INTO Evento(EventoID,Descricao, Data, Admissao, Quarto) VALUES (1669, "descricao","8/6/2014 11:1:4" ,385, 156);
INSERT INTO Exame( EventoID, Nome, Descricao) VALUES (1669,"liquido cefalorraquidiano","descricao");
INSERT INTO MedicoExame( MedicoID, ExameID) VALUES (388,1669);
INSERT INTO Evento(EventoID,Descricao, Data, Admissao, Quarto) VALUES (1670, "descricao","26/5/1999 17:55:52" ,206, 213);
INSERT INTO Exame( EventoID, Nome, Descricao) VALUES (1670,"laringoscopia","descricao");
INSERT INTO MedicoExame( MedicoID, ExameID) VALUES (407,1670);
INSERT INTO Evento(EventoID,Descricao, Data, Admissao, Quarto) VALUES (1671, "descricao","21/10/1984 2:40:21" ,29, 170);
INSERT INTO Exame( EventoID, Nome, Descricao) VALUES (1671,"toracoscopia","descricao");
INSERT INTO MedicoExame( MedicoID, ExameID) VALUES (408,1671);
INSERT INTO Evento(EventoID,Descricao, Data, Admissao, Quarto) VALUES (1672, "descricao","20/5/1973 9:33:14" ,145, 161);
INSERT INTO Exame( EventoID, Nome, Descricao) VALUES (1672,"laparoscopia","descricao");
INSERT INTO MedicoExame( MedicoID, ExameID) VALUES (415,1672);
INSERT INTO Evento(EventoID,Descricao, Data, Admissao, Quarto) VALUES (1673, "descricao","9/2/1974 23:9:26" ,153, 243);
INSERT INTO Exame( EventoID, Nome, Descricao) VALUES (1673,"laparoscopia","descricao");
INSERT INTO MedicoExame( MedicoID, ExameID) VALUES (388,1673);
INSERT INTO Evento(EventoID,Descricao, Data, Admissao, Quarto) VALUES (1674, "descricao","7/12/1964 15:3:23" ,82, 195);
INSERT INTO Exame( EventoID, Nome, Descricao) VALUES (1674,"liquido cefalorraquidiano","descricao");
INSERT INTO MedicoExame( MedicoID, ExameID) VALUES (404,1674);
INSERT INTO Evento(EventoID,Descricao, Data, Admissao, Quarto) VALUES (1675, "descricao","27/9/2019 2:29:51" ,110, 142);
INSERT INTO Exame( EventoID, Nome, Descricao) VALUES (1675,"liquido sinovial","descricao");
INSERT INTO MedicoExame( MedicoID, ExameID) VALUES (423,1675);
INSERT INTO Evento(EventoID,Descricao, Data, Admissao, Quarto) VALUES (1676, "descricao","9/12/1977 2:11:3" ,495, 140);
INSERT INTO Exame( EventoID, Nome, Descricao) VALUES (1676,"mediastinoscopia","descricao");
INSERT INTO MedicoExame( MedicoID, ExameID) VALUES (395,1676);
INSERT INTO Evento(EventoID,Descricao, Data, Admissao, Quarto) VALUES (1677, "descricao","3/11/1971 8:50:43" ,471, 219);
INSERT INTO Exame( EventoID, Nome, Descricao) VALUES (1677,"broncoscopia","descricao");
INSERT INTO MedicoExame( MedicoID, ExameID) VALUES (389,1677);
INSERT INTO Evento(EventoID,Descricao, Data, Admissao, Quarto) VALUES (1678, "descricao","8/4/1984 23:20:27" ,233, 144);
INSERT INTO Exame( EventoID, Nome, Descricao) VALUES (1678,"esofagoscopia","descricao");
INSERT INTO MedicoExame( MedicoID, ExameID) VALUES (400,1678);
INSERT INTO Evento(EventoID,Descricao, Data, Admissao, Quarto) VALUES (1679, "descricao","28/1/1993 0:15:21" ,84, 136);
INSERT INTO Exame( EventoID, Nome, Descricao) VALUES (1679,"toracoscopia","descricao");
INSERT INTO MedicoExame( MedicoID, ExameID) VALUES (401,1679);
INSERT INTO Evento(EventoID,Descricao, Data, Admissao, Quarto) VALUES (1680, "descricao","17/6/1969 11:57:33" ,358, 175);
INSERT INTO Exame( EventoID, Nome, Descricao) VALUES (1680,"toracoscopia","descricao");
INSERT INTO MedicoExame( MedicoID, ExameID) VALUES (386,1680);
INSERT INTO Evento(EventoID,Descricao, Data, Admissao, Quarto) VALUES (1681, "descricao","13/8/1960 12:3:18" ,93, 235);
INSERT INTO Exame( EventoID, Nome, Descricao) VALUES (1681,"toracoscopia","descricao");
INSERT INTO MedicoExame( MedicoID, ExameID) VALUES (404,1681);
INSERT INTO Evento(EventoID,Descricao, Data, Admissao, Quarto) VALUES (1682, "descricao","21/2/1961 1:50:10" ,64, 173);
INSERT INTO Exame( EventoID, Nome, Descricao) VALUES (1682,"liquido cefalorraquidiano","descricao");
INSERT INTO MedicoExame( MedicoID, ExameID) VALUES (395,1682);
INSERT INTO Evento(EventoID,Descricao, Data, Admissao, Quarto) VALUES (1683, "descricao","4/7/1997 20:18:41" ,392, 227);
INSERT INTO Exame( EventoID, Nome, Descricao) VALUES (1683,"laringoscopia","descricao");
INSERT INTO MedicoExame( MedicoID, ExameID) VALUES (395,1683);
INSERT INTO Evento(EventoID,Descricao, Data, Admissao, Quarto) VALUES (1684, "descricao","28/5/1985 22:26:2" ,170, 134);
INSERT INTO Exame( EventoID, Nome, Descricao) VALUES (1684,"cistoscopia","descricao");
INSERT INTO MedicoExame( MedicoID, ExameID) VALUES (416,1684);
INSERT INTO Evento(EventoID,Descricao, Data, Admissao, Quarto) VALUES (1685, "descricao","25/5/2012 20:36:49" ,442, 123);
INSERT INTO Exame( EventoID, Nome, Descricao) VALUES (1685,"mediastinoscopia","descricao");
INSERT INTO MedicoExame( MedicoID, ExameID) VALUES (396,1685);
INSERT INTO Evento(EventoID,Descricao, Data, Admissao, Quarto) VALUES (1686, "descricao","6/11/2011 2:5:40" ,186, 148);
INSERT INTO Exame( EventoID, Nome, Descricao) VALUES (1686,"broncoscopia","descricao");
INSERT INTO MedicoExame( MedicoID, ExameID) VALUES (389,1686);
INSERT INTO Evento(EventoID,Descricao, Data, Admissao, Quarto) VALUES (1687, "descricao","7/11/1984 1:52:37" ,340, 234);
INSERT INTO Exame( EventoID, Nome, Descricao) VALUES (1687,"liquido sinovial","descricao");
INSERT INTO MedicoExame( MedicoID, ExameID) VALUES (410,1687);
INSERT INTO Evento(EventoID,Descricao, Data, Admissao, Quarto) VALUES (1688, "descricao","6/9/1998 12:56:33" ,408, 112);
INSERT INTO Exame( EventoID, Nome, Descricao) VALUES (1688,"mediastinoscopia","descricao");
INSERT INTO MedicoExame( MedicoID, ExameID) VALUES (391,1688);
INSERT INTO Evento(EventoID,Descricao, Data, Admissao, Quarto) VALUES (1689, "descricao","21/7/1973 17:24:29" ,406, 207);
INSERT INTO Exame( EventoID, Nome, Descricao) VALUES (1689,"broncoscopia","descricao");
INSERT INTO MedicoExame( MedicoID, ExameID) VALUES (410,1689);
INSERT INTO Evento(EventoID,Descricao, Data, Admissao, Quarto) VALUES (1690, "descricao","24/9/1976 7:21:17" ,493, 107);
INSERT INTO Exame( EventoID, Nome, Descricao) VALUES (1690,"cistoscopia","descricao");
INSERT INTO MedicoExame( MedicoID, ExameID) VALUES (413,1690);
INSERT INTO Evento(EventoID,Descricao, Data, Admissao, Quarto) VALUES (1691, "descricao","24/7/1977 1:4:39" ,411, 187);
INSERT INTO Exame( EventoID, Nome, Descricao) VALUES (1691,"Urina","descricao");
INSERT INTO MedicoExame( MedicoID, ExameID) VALUES (418,1691);
INSERT INTO Evento(EventoID,Descricao, Data, Admissao, Quarto) VALUES (1692, "descricao","11/6/2007 12:44:59" ,1, 109);
INSERT INTO Exame( EventoID, Nome, Descricao) VALUES (1692,"toracoscopia","descricao");
INSERT INTO MedicoExame( MedicoID, ExameID) VALUES (419,1692);
INSERT INTO Evento(EventoID,Descricao, Data, Admissao, Quarto) VALUES (1693, "descricao","1/1/2005 1:35:23" ,380, 145);
INSERT INTO Exame( EventoID, Nome, Descricao) VALUES (1693,"cistoscopia","descricao");
INSERT INTO MedicoExame( MedicoID, ExameID) VALUES (410,1693);
INSERT INTO Evento(EventoID,Descricao, Data, Admissao, Quarto) VALUES (1694, "descricao","7/2/1989 4:9:59" ,29, 116);
INSERT INTO Exame( EventoID, Nome, Descricao) VALUES (1694,"laparoscopia","descricao");
INSERT INTO MedicoExame( MedicoID, ExameID) VALUES (414,1694);
INSERT INTO Evento(EventoID,Descricao, Data, Admissao, Quarto) VALUES (1695, "descricao","15/1/1999 20:19:13" ,397, 158);
INSERT INTO Exame( EventoID, Nome, Descricao) VALUES (1695,"Sangue","descricao");
INSERT INTO MedicoExame( MedicoID, ExameID) VALUES (421,1695);
INSERT INTO Evento(EventoID,Descricao, Data, Admissao, Quarto) VALUES (1696, "descricao","1/5/1981 21:15:4" ,351, 104);
INSERT INTO Exame( EventoID, Nome, Descricao) VALUES (1696,"Urina","descricao");
INSERT INTO MedicoExame( MedicoID, ExameID) VALUES (385,1696);
INSERT INTO Evento(EventoID,Descricao, Data, Admissao, Quarto) VALUES (1697, "descricao","27/5/2007 0:27:45" ,315, 194);
INSERT INTO Exame( EventoID, Nome, Descricao) VALUES (1697,"esofagoscopia","descricao");
INSERT INTO MedicoExame( MedicoID, ExameID) VALUES (414,1697);
INSERT INTO Evento(EventoID,Descricao, Data, Admissao, Quarto) VALUES (1698, "descricao","23/5/1964 8:0:14" ,63, 198);
INSERT INTO Exame( EventoID, Nome, Descricao) VALUES (1698,"toracoscopia","descricao");
INSERT INTO MedicoExame( MedicoID, ExameID) VALUES (393,1698);
INSERT INTO Evento(EventoID,Descricao, Data, Admissao, Quarto) VALUES (1699, "descricao","20/11/2011 3:21:14" ,469, 166);
INSERT INTO Exame( EventoID, Nome, Descricao) VALUES (1699,"esofagoscopia","descricao");
INSERT INTO MedicoExame( MedicoID, ExameID) VALUES (397,1699);
INSERT INTO Evento(EventoID,Descricao, Data, Admissao, Quarto) VALUES (1700, "descricao","14/9/1997 6:33:10" ,177, 144);
INSERT INTO Exame( EventoID, Nome, Descricao) VALUES (1700,"laparoscopia","descricao");
INSERT INTO MedicoExame( MedicoID, ExameID) VALUES (409,1700);
INSERT INTO Evento(EventoID,Descricao, Data, Admissao, Quarto) VALUES (1701, "descricao","24/11/2016 9:47:18" ,160, 243);
INSERT INTO Exame( EventoID, Nome, Descricao) VALUES (1701,"Urina","descricao");
INSERT INTO MedicoExame( MedicoID, ExameID) VALUES (410,1701);
INSERT INTO Evento(EventoID,Descricao, Data, Admissao, Quarto) VALUES (1702, "descricao","12/2/1966 10:46:19" ,74, 210);
INSERT INTO Exame( EventoID, Nome, Descricao) VALUES (1702,"Urina","descricao");
INSERT INTO MedicoExame( MedicoID, ExameID) VALUES (393,1702);
INSERT INTO Evento(EventoID,Descricao, Data, Admissao, Quarto) VALUES (1703, "descricao","5/4/1971 16:30:50" ,314, 233);
INSERT INTO Exame( EventoID, Nome, Descricao) VALUES (1703,"liquido sinovial","descricao");
INSERT INTO MedicoExame( MedicoID, ExameID) VALUES (388,1703);
INSERT INTO Evento(EventoID,Descricao, Data, Admissao, Quarto) VALUES (1704, "descricao","5/2/1983 4:23:59" ,129, 175);
INSERT INTO Exame( EventoID, Nome, Descricao) VALUES (1704,"Urina","descricao");
INSERT INTO MedicoExame( MedicoID, ExameID) VALUES (397,1704);
INSERT INTO Evento(EventoID,Descricao, Data, Admissao, Quarto) VALUES (1705, "descricao","26/10/2018 8:49:51" ,28, 242);
INSERT INTO Exame( EventoID, Nome, Descricao) VALUES (1705,"liquido sinovial","descricao");
INSERT INTO MedicoExame( MedicoID, ExameID) VALUES (385,1705);
INSERT INTO Evento(EventoID,Descricao, Data, Admissao, Quarto) VALUES (1706, "descricao","1/5/1968 23:14:35" ,199, 246);
INSERT INTO Exame( EventoID, Nome, Descricao) VALUES (1706,"toracoscopia","descricao");
INSERT INTO MedicoExame( MedicoID, ExameID) VALUES (417,1706);
INSERT INTO Evento(EventoID,Descricao, Data, Admissao, Quarto) VALUES (1707, "descricao","12/3/2003 15:4:22" ,202, 137);
INSERT INTO Exame( EventoID, Nome, Descricao) VALUES (1707,"Sangue","descricao");
INSERT INTO MedicoExame( MedicoID, ExameID) VALUES (412,1707);
INSERT INTO Evento(EventoID,Descricao, Data, Admissao, Quarto) VALUES (1708, "descricao","27/7/1972 20:27:20" ,411, 188);
INSERT INTO Exame( EventoID, Nome, Descricao) VALUES (1708,"liquido cefalorraquidiano","descricao");
INSERT INTO MedicoExame( MedicoID, ExameID) VALUES (413,1708);
INSERT INTO Evento(EventoID,Descricao, Data, Admissao, Quarto) VALUES (1709, "descricao","25/12/1990 2:48:43" ,373, 145);
INSERT INTO Exame( EventoID, Nome, Descricao) VALUES (1709,"cistoscopia","descricao");
INSERT INTO MedicoExame( MedicoID, ExameID) VALUES (416,1709);
INSERT INTO Evento(EventoID,Descricao, Data, Admissao, Quarto) VALUES (1710, "descricao","3/9/2004 8:28:23" ,310, 195);
INSERT INTO Exame( EventoID, Nome, Descricao) VALUES (1710,"liquido sinovial","descricao");
INSERT INTO MedicoExame( MedicoID, ExameID) VALUES (401,1710);
INSERT INTO Evento(EventoID,Descricao, Data, Admissao, Quarto) VALUES (1711, "descricao","14/6/2008 16:35:6" ,178, 110);
INSERT INTO Exame( EventoID, Nome, Descricao) VALUES (1711,"cistoscopia","descricao");
INSERT INTO MedicoExame( MedicoID, ExameID) VALUES (400,1711);
INSERT INTO Evento(EventoID,Descricao, Data, Admissao, Quarto) VALUES (1712, "descricao","11/5/1961 4:36:45" ,308, 155);
INSERT INTO Exame( EventoID, Nome, Descricao) VALUES (1712,"Sangue","descricao");
INSERT INTO MedicoExame( MedicoID, ExameID) VALUES (394,1712);
INSERT INTO Evento(EventoID,Descricao, Data, Admissao, Quarto) VALUES (1713, "descricao","17/3/2010 14:5:14" ,310, 169);
INSERT INTO Exame( EventoID, Nome, Descricao) VALUES (1713,"laringoscopia","descricao");
INSERT INTO MedicoExame( MedicoID, ExameID) VALUES (413,1713);
INSERT INTO Evento(EventoID,Descricao, Data, Admissao, Quarto) VALUES (1714, "descricao","18/4/1970 19:44:29" ,123, 123);
INSERT INTO Exame( EventoID, Nome, Descricao) VALUES (1714,"toracoscopia","descricao");
INSERT INTO MedicoExame( MedicoID, ExameID) VALUES (426,1714);
INSERT INTO Evento(EventoID,Descricao, Data, Admissao, Quarto) VALUES (1715, "descricao","15/3/1975 4:1:48" ,298, 206);
INSERT INTO Exame( EventoID, Nome, Descricao) VALUES (1715,"laringoscopia","descricao");
INSERT INTO MedicoExame( MedicoID, ExameID) VALUES (425,1715);
INSERT INTO Evento(EventoID,Descricao, Data, Admissao, Quarto) VALUES (1716, "descricao","22/1/1966 15:36:37" ,146, 174);
INSERT INTO Exame( EventoID, Nome, Descricao) VALUES (1716,"esofagoscopia","descricao");
INSERT INTO MedicoExame( MedicoID, ExameID) VALUES (416,1716);
INSERT INTO Evento(EventoID,Descricao, Data, Admissao, Quarto) VALUES (1717, "descricao","7/3/1988 0:29:26" ,417, 211);
INSERT INTO Exame( EventoID, Nome, Descricao) VALUES (1717,"cistoscopia","descricao");
INSERT INTO MedicoExame( MedicoID, ExameID) VALUES (408,1717);
INSERT INTO Evento(EventoID,Descricao, Data, Admissao, Quarto) VALUES (1718, "descricao","10/6/1982 13:39:16" ,371, 248);
INSERT INTO Exame( EventoID, Nome, Descricao) VALUES (1718,"cistoscopia","descricao");
INSERT INTO MedicoExame( MedicoID, ExameID) VALUES (425,1718);
INSERT INTO Evento(EventoID,Descricao, Data, Admissao, Quarto) VALUES (1719, "descricao","6/12/1971 9:30:8" ,79, 207);
INSERT INTO Exame( EventoID, Nome, Descricao) VALUES (1719,"laringoscopia","descricao");
INSERT INTO MedicoExame( MedicoID, ExameID) VALUES (401,1719);
INSERT INTO Evento(EventoID,Descricao, Data, Admissao, Quarto) VALUES (1720, "descricao","2/10/1998 4:52:43" ,38, 216);
INSERT INTO Exame( EventoID, Nome, Descricao) VALUES (1720,"laparoscopia","descricao");
INSERT INTO MedicoExame( MedicoID, ExameID) VALUES (421,1720);
INSERT INTO Evento(EventoID,Descricao, Data, Admissao, Quarto) VALUES (1721, "descricao","15/5/1986 7:56:10" ,276, 147);
INSERT INTO Exame( EventoID, Nome, Descricao) VALUES (1721,"cistoscopia","descricao");
INSERT INTO MedicoExame( MedicoID, ExameID) VALUES (423,1721);
INSERT INTO Evento(EventoID,Descricao, Data, Admissao, Quarto) VALUES (1722, "descricao","11/4/1962 12:53:36" ,302, 116);
INSERT INTO Exame( EventoID, Nome, Descricao) VALUES (1722,"laparoscopia","descricao");
INSERT INTO MedicoExame( MedicoID, ExameID) VALUES (390,1722);
INSERT INTO Evento(EventoID,Descricao, Data, Admissao, Quarto) VALUES (1723, "descricao","10/3/1994 1:35:32" ,16, 145);
INSERT INTO Exame( EventoID, Nome, Descricao) VALUES (1723,"liquido sinovial","descricao");
INSERT INTO MedicoExame( MedicoID, ExameID) VALUES (387,1723);
INSERT INTO Evento(EventoID,Descricao, Data, Admissao, Quarto) VALUES (1724, "descricao","18/6/1978 19:54:55" ,67, 203);
INSERT INTO Exame( EventoID, Nome, Descricao) VALUES (1724,"laringoscopia","descricao");
INSERT INTO MedicoExame( MedicoID, ExameID) VALUES (406,1724);
INSERT INTO Evento(EventoID,Descricao, Data, Admissao, Quarto) VALUES (1725, "descricao","8/6/1974 5:18:11" ,497, 129);
INSERT INTO Exame( EventoID, Nome, Descricao) VALUES (1725,"laringoscopia","descricao");
INSERT INTO MedicoExame( MedicoID, ExameID) VALUES (424,1725);
INSERT INTO Evento(EventoID,Descricao, Data, Admissao, Quarto) VALUES (1726, "descricao","22/12/2011 3:18:3" ,193, 149);
INSERT INTO Exame( EventoID, Nome, Descricao) VALUES (1726,"mediastinoscopia","descricao");
INSERT INTO MedicoExame( MedicoID, ExameID) VALUES (418,1726);
INSERT INTO Evento(EventoID,Descricao, Data, Admissao, Quarto) VALUES (1727, "descricao","22/11/1975 14:55:10" ,59, 156);
INSERT INTO Exame( EventoID, Nome, Descricao) VALUES (1727,"liquido cefalorraquidiano","descricao");
INSERT INTO MedicoExame( MedicoID, ExameID) VALUES (410,1727);
INSERT INTO Evento(EventoID,Descricao, Data, Admissao, Quarto) VALUES (1728, "descricao","26/11/2005 0:14:22" ,195, 226);
INSERT INTO Exame( EventoID, Nome, Descricao) VALUES (1728,"liquido cefalorraquidiano","descricao");
INSERT INTO MedicoExame( MedicoID, ExameID) VALUES (405,1728);
INSERT INTO Evento(EventoID,Descricao, Data, Admissao, Quarto) VALUES (1729, "descricao","8/7/2001 19:5:42" ,341, 234);
INSERT INTO Exame( EventoID, Nome, Descricao) VALUES (1729,"laparoscopia","descricao");
INSERT INTO MedicoExame( MedicoID, ExameID) VALUES (414,1729);
INSERT INTO Evento(EventoID,Descricao, Data, Admissao, Quarto) VALUES (1730, "descricao","16/11/1965 3:59:15" ,336, 115);
INSERT INTO Exame( EventoID, Nome, Descricao) VALUES (1730,"cistoscopia","descricao");
INSERT INTO MedicoExame( MedicoID, ExameID) VALUES (406,1730);
INSERT INTO Evento(EventoID,Descricao, Data, Admissao, Quarto) VALUES (1731, "descricao","5/11/2001 7:30:32" ,7, 143);
INSERT INTO Exame( EventoID, Nome, Descricao) VALUES (1731,"liquido sinovial","descricao");
INSERT INTO MedicoExame( MedicoID, ExameID) VALUES (408,1731);
INSERT INTO Evento(EventoID,Descricao, Data, Admissao, Quarto) VALUES (1732, "descricao","19/7/2003 1:18:24" ,277, 229);
INSERT INTO Exame( EventoID, Nome, Descricao) VALUES (1732,"esofagoscopia","descricao");
INSERT INTO MedicoExame( MedicoID, ExameID) VALUES (387,1732);
INSERT INTO Evento(EventoID,Descricao, Data, Admissao, Quarto) VALUES (1733, "descricao","3/3/1974 18:25:54" ,422, 114);
INSERT INTO Exame( EventoID, Nome, Descricao) VALUES (1733,"liquido sinovial","descricao");
INSERT INTO MedicoExame( MedicoID, ExameID) VALUES (389,1733);
INSERT INTO Evento(EventoID,Descricao, Data, Admissao, Quarto) VALUES (1734, "descricao","3/6/2012 11:50:50" ,437, 166);
INSERT INTO Exame( EventoID, Nome, Descricao) VALUES (1734,"liquido sinovial","descricao");
INSERT INTO MedicoExame( MedicoID, ExameID) VALUES (385,1734);
INSERT INTO Evento(EventoID,Descricao, Data, Admissao, Quarto) VALUES (1735, "descricao","22/10/1971 6:39:30" ,204, 138);
INSERT INTO Exame( EventoID, Nome, Descricao) VALUES (1735,"Urina","descricao");
INSERT INTO MedicoExame( MedicoID, ExameID) VALUES (405,1735);
INSERT INTO Evento(EventoID,Descricao, Data, Admissao, Quarto) VALUES (1736, "descricao","11/4/2005 5:7:22" ,206, 196);
INSERT INTO Exame( EventoID, Nome, Descricao) VALUES (1736,"laringoscopia","descricao");
INSERT INTO MedicoExame( MedicoID, ExameID) VALUES (415,1736);
INSERT INTO Evento(EventoID,Descricao, Data, Admissao, Quarto) VALUES (1737, "descricao","12/8/1990 14:54:7" ,288, 173);
INSERT INTO Exame( EventoID, Nome, Descricao) VALUES (1737,"toracoscopia","descricao");
INSERT INTO MedicoExame( MedicoID, ExameID) VALUES (399,1737);
INSERT INTO Evento(EventoID,Descricao, Data, Admissao, Quarto) VALUES (1738, "descricao","28/9/1971 4:48:24" ,135, 231);
INSERT INTO Exame( EventoID, Nome, Descricao) VALUES (1738,"liquido sinovial","descricao");
INSERT INTO MedicoExame( MedicoID, ExameID) VALUES (426,1738);
INSERT INTO Evento(EventoID,Descricao, Data, Admissao, Quarto) VALUES (1739, "descricao","14/7/1986 0:1:13" ,7, 177);
INSERT INTO Exame( EventoID, Nome, Descricao) VALUES (1739,"Urina","descricao");
INSERT INTO MedicoExame( MedicoID, ExameID) VALUES (385,1739);
INSERT INTO Evento(EventoID,Descricao, Data, Admissao, Quarto) VALUES (1740, "descricao","21/2/1995 14:59:1" ,322, 132);
INSERT INTO Exame( EventoID, Nome, Descricao) VALUES (1740,"toracoscopia","descricao");
INSERT INTO MedicoExame( MedicoID, ExameID) VALUES (407,1740);
INSERT INTO Evento(EventoID,Descricao, Data, Admissao, Quarto) VALUES (1741, "descricao","24/7/1967 10:3:40" ,434, 165);
INSERT INTO Exame( EventoID, Nome, Descricao) VALUES (1741,"Sangue","descricao");
INSERT INTO MedicoExame( MedicoID, ExameID) VALUES (397,1741);
INSERT INTO Evento(EventoID,Descricao, Data, Admissao, Quarto) VALUES (1742, "descricao","7/11/1960 20:39:21" ,431, 119);
INSERT INTO Exame( EventoID, Nome, Descricao) VALUES (1742,"laparoscopia","descricao");
INSERT INTO MedicoExame( MedicoID, ExameID) VALUES (389,1742);
INSERT INTO Evento(EventoID,Descricao, Data, Admissao, Quarto) VALUES (1743, "descricao","3/9/1990 14:3:25" ,304, 184);
INSERT INTO Exame( EventoID, Nome, Descricao) VALUES (1743,"esofagoscopia","descricao");
INSERT INTO MedicoExame( MedicoID, ExameID) VALUES (386,1743);
INSERT INTO Evento(EventoID,Descricao, Data, Admissao, Quarto) VALUES (1744, "descricao","5/12/1980 4:16:2" ,232, 177);
INSERT INTO Exame( EventoID, Nome, Descricao) VALUES (1744,"laringoscopia","descricao");
INSERT INTO MedicoExame( MedicoID, ExameID) VALUES (391,1744);
INSERT INTO Evento(EventoID,Descricao, Data, Admissao, Quarto) VALUES (1745, "descricao","28/12/1990 7:1:48" ,147, 156);
INSERT INTO Exame( EventoID, Nome, Descricao) VALUES (1745,"mediastinoscopia","descricao");
INSERT INTO MedicoExame( MedicoID, ExameID) VALUES (410,1745);
INSERT INTO Evento(EventoID,Descricao, Data, Admissao, Quarto) VALUES (1746, "descricao","6/11/2001 4:21:42" ,101, 202);
INSERT INTO Exame( EventoID, Nome, Descricao) VALUES (1746,"laparoscopia","descricao");
INSERT INTO MedicoExame( MedicoID, ExameID) VALUES (415,1746);
INSERT INTO Evento(EventoID,Descricao, Data, Admissao, Quarto) VALUES (1747, "descricao","11/12/1979 18:16:30" ,149, 234);
INSERT INTO Exame( EventoID, Nome, Descricao) VALUES (1747,"mediastinoscopia","descricao");
INSERT INTO MedicoExame( MedicoID, ExameID) VALUES (421,1747);
INSERT INTO Evento(EventoID,Descricao, Data, Admissao, Quarto) VALUES (1748, "descricao","25/11/2008 17:59:55" ,432, 123);
INSERT INTO Exame( EventoID, Nome, Descricao) VALUES (1748,"laringoscopia","descricao");
INSERT INTO MedicoExame( MedicoID, ExameID) VALUES (415,1748);
INSERT INTO Evento(EventoID,Descricao, Data, Admissao, Quarto) VALUES (1749, "descricao","13/8/1998 7:58:29" ,175, 180);
INSERT INTO Exame( EventoID, Nome, Descricao) VALUES (1749,"laparoscopia","descricao");
INSERT INTO MedicoExame( MedicoID, ExameID) VALUES (383,1749);
INSERT INTO Evento(EventoID,Descricao, Data, Admissao, Quarto) VALUES (1750, "descricao","4/10/1984 2:32:26" ,197, 151);
INSERT INTO Exame( EventoID, Nome, Descricao) VALUES (1750,"laparoscopia","descricao");
INSERT INTO MedicoExame( MedicoID, ExameID) VALUES (403,1750);
INSERT INTO Evento(EventoID,Descricao, Data, Admissao, Quarto) VALUES (1751, "descricao","2/10/1961 18:49:32" ,189, 200);
INSERT INTO Exame( EventoID, Nome, Descricao) VALUES (1751,"Urina","descricao");
INSERT INTO MedicoExame( MedicoID, ExameID) VALUES (405,1751);
INSERT INTO Evento(EventoID,Descricao, Data, Admissao, Quarto) VALUES (1752, "descricao","8/8/1961 4:35:49" ,2, 115);
INSERT INTO Exame( EventoID, Nome, Descricao) VALUES (1752,"toracoscopia","descricao");
INSERT INTO MedicoExame( MedicoID, ExameID) VALUES (398,1752);
INSERT INTO Evento(EventoID,Descricao, Data, Admissao, Quarto) VALUES (1753, "descricao","24/3/1999 14:25:36" ,259, 202);
INSERT INTO Exame( EventoID, Nome, Descricao) VALUES (1753,"liquido sinovial","descricao");
INSERT INTO MedicoExame( MedicoID, ExameID) VALUES (411,1753);
INSERT INTO Evento(EventoID,Descricao, Data, Admissao, Quarto) VALUES (1754, "descricao","1/4/1971 14:37:14" ,63, 223);
INSERT INTO Exame( EventoID, Nome, Descricao) VALUES (1754,"laparoscopia","descricao");
INSERT INTO MedicoExame( MedicoID, ExameID) VALUES (409,1754);
INSERT INTO Evento(EventoID,Descricao, Data, Admissao, Quarto) VALUES (1755, "descricao","24/11/1970 8:34:11" ,75, 220);
INSERT INTO Exame( EventoID, Nome, Descricao) VALUES (1755,"cistoscopia","descricao");
INSERT INTO MedicoExame( MedicoID, ExameID) VALUES (387,1755);
INSERT INTO Evento(EventoID,Descricao, Data, Admissao, Quarto) VALUES (1756, "descricao","22/6/1967 16:42:15" ,299, 140);
INSERT INTO Exame( EventoID, Nome, Descricao) VALUES (1756,"mediastinoscopia","descricao");
INSERT INTO MedicoExame( MedicoID, ExameID) VALUES (400,1756);
INSERT INTO Evento(EventoID,Descricao, Data, Admissao, Quarto) VALUES (1757, "descricao","4/5/2018 5:30:52" ,475, 183);
INSERT INTO Exame( EventoID, Nome, Descricao) VALUES (1757,"mediastinoscopia","descricao");
INSERT INTO MedicoExame( MedicoID, ExameID) VALUES (406,1757);
INSERT INTO Evento(EventoID,Descricao, Data, Admissao, Quarto) VALUES (1758, "descricao","14/12/1976 11:28:16" ,493, 237);
INSERT INTO Exame( EventoID, Nome, Descricao) VALUES (1758,"toracoscopia","descricao");
INSERT INTO MedicoExame( MedicoID, ExameID) VALUES (395,1758);
INSERT INTO Evento(EventoID,Descricao, Data, Admissao, Quarto) VALUES (1759, "descricao","28/1/1973 18:21:47" ,420, 103);
INSERT INTO Exame( EventoID, Nome, Descricao) VALUES (1759,"liquido sinovial","descricao");
INSERT INTO MedicoExame( MedicoID, ExameID) VALUES (417,1759);
INSERT INTO Evento(EventoID,Descricao, Data, Admissao, Quarto) VALUES (1760, "descricao","14/1/1996 3:33:40" ,280, 156);
INSERT INTO Exame( EventoID, Nome, Descricao) VALUES (1760,"laparoscopia","descricao");
INSERT INTO MedicoExame( MedicoID, ExameID) VALUES (394,1760);
INSERT INTO Evento(EventoID,Descricao, Data, Admissao, Quarto) VALUES (1761, "descricao","22/7/1976 22:35:20" ,39, 241);
INSERT INTO Exame( EventoID, Nome, Descricao) VALUES (1761,"esofagoscopia","descricao");
INSERT INTO MedicoExame( MedicoID, ExameID) VALUES (408,1761);
INSERT INTO Evento(EventoID,Descricao, Data, Admissao, Quarto) VALUES (1762, "descricao","13/10/1977 0:59:59" ,406, 209);
INSERT INTO Exame( EventoID, Nome, Descricao) VALUES (1762,"laparoscopia","descricao");
INSERT INTO MedicoExame( MedicoID, ExameID) VALUES (417,1762);
INSERT INTO Evento(EventoID,Descricao, Data, Admissao, Quarto) VALUES (1763, "descricao","19/11/1975 4:33:22" ,459, 102);
INSERT INTO Exame( EventoID, Nome, Descricao) VALUES (1763,"cistoscopia","descricao");
INSERT INTO MedicoExame( MedicoID, ExameID) VALUES (393,1763);
INSERT INTO Evento(EventoID,Descricao, Data, Admissao, Quarto) VALUES (1764, "descricao","5/1/1971 3:48:31" ,268, 128);
INSERT INTO Exame( EventoID, Nome, Descricao) VALUES (1764,"Urina","descricao");
INSERT INTO MedicoExame( MedicoID, ExameID) VALUES (402,1764);
INSERT INTO Evento(EventoID,Descricao, Data, Admissao, Quarto) VALUES (1765, "descricao","7/7/1975 5:54:34" ,315, 104);
INSERT INTO Exame( EventoID, Nome, Descricao) VALUES (1765,"cistoscopia","descricao");
INSERT INTO MedicoExame( MedicoID, ExameID) VALUES (383,1765);
INSERT INTO Evento(EventoID,Descricao, Data, Admissao, Quarto) VALUES (1766, "descricao","11/12/1975 17:38:0" ,421, 132);
INSERT INTO Exame( EventoID, Nome, Descricao) VALUES (1766,"Urina","descricao");
INSERT INTO MedicoExame( MedicoID, ExameID) VALUES (416,1766);
INSERT INTO Evento(EventoID,Descricao, Data, Admissao, Quarto) VALUES (1767, "descricao","24/9/2018 11:5:36" ,419, 136);
INSERT INTO Exame( EventoID, Nome, Descricao) VALUES (1767,"liquido sinovial","descricao");
INSERT INTO MedicoExame( MedicoID, ExameID) VALUES (385,1767);
INSERT INTO Evento(EventoID,Descricao, Data, Admissao, Quarto) VALUES (1768, "descricao","21/3/2018 16:9:41" ,418, 237);
INSERT INTO Exame( EventoID, Nome, Descricao) VALUES (1768,"toracoscopia","descricao");
INSERT INTO MedicoExame( MedicoID, ExameID) VALUES (401,1768);
INSERT INTO Evento(EventoID,Descricao, Data, Admissao, Quarto) VALUES (1769, "descricao","23/6/1972 6:20:0" ,294, 115);
INSERT INTO Exame( EventoID, Nome, Descricao) VALUES (1769,"liquido cefalorraquidiano","descricao");
INSERT INTO MedicoExame( MedicoID, ExameID) VALUES (389,1769);
INSERT INTO Evento(EventoID,Descricao, Data, Admissao, Quarto) VALUES (1770, "descricao","15/1/1996 2:31:12" ,257, 116);
INSERT INTO Exame( EventoID, Nome, Descricao) VALUES (1770,"laringoscopia","descricao");
INSERT INTO MedicoExame( MedicoID, ExameID) VALUES (388,1770);
INSERT INTO Evento(EventoID,Descricao, Data, Admissao, Quarto) VALUES (1771, "descricao","5/12/1974 5:47:12" ,164, 164);
INSERT INTO Exame( EventoID, Nome, Descricao) VALUES (1771,"esofagoscopia","descricao");
INSERT INTO MedicoExame( MedicoID, ExameID) VALUES (420,1771);
INSERT INTO Evento(EventoID,Descricao, Data, Admissao, Quarto) VALUES (1772, "descricao","7/10/1991 3:0:36" ,1, 143);
INSERT INTO Exame( EventoID, Nome, Descricao) VALUES (1772,"liquido sinovial","descricao");
INSERT INTO MedicoExame( MedicoID, ExameID) VALUES (396,1772);
INSERT INTO Evento(EventoID,Descricao, Data, Admissao, Quarto) VALUES (1773, "descricao","21/4/1996 14:56:4" ,480, 245);
INSERT INTO Exame( EventoID, Nome, Descricao) VALUES (1773,"mediastinoscopia","descricao");
INSERT INTO MedicoExame( MedicoID, ExameID) VALUES (420,1773);
INSERT INTO Evento(EventoID,Descricao, Data, Admissao, Quarto) VALUES (1774, "descricao","17/3/1974 5:4:41" ,20, 158);
INSERT INTO Exame( EventoID, Nome, Descricao) VALUES (1774,"Urina","descricao");
INSERT INTO MedicoExame( MedicoID, ExameID) VALUES (398,1774);
INSERT INTO Evento(EventoID,Descricao, Data, Admissao, Quarto) VALUES (1775, "descricao","27/12/1991 0:36:8" ,276, 235);
INSERT INTO Exame( EventoID, Nome, Descricao) VALUES (1775,"laparoscopia","descricao");
INSERT INTO MedicoExame( MedicoID, ExameID) VALUES (424,1775);
INSERT INTO Evento(EventoID,Descricao, Data, Admissao, Quarto) VALUES (1776, "descricao","15/7/1965 15:18:24" ,315, 149);
INSERT INTO Exame( EventoID, Nome, Descricao) VALUES (1776,"liquido cefalorraquidiano","descricao");
INSERT INTO MedicoExame( MedicoID, ExameID) VALUES (394,1776);
INSERT INTO Evento(EventoID,Descricao, Data, Admissao, Quarto) VALUES (1777, "descricao","10/4/1991 22:10:20" ,473, 150);
INSERT INTO Exame( EventoID, Nome, Descricao) VALUES (1777,"mediastinoscopia","descricao");
INSERT INTO MedicoExame( MedicoID, ExameID) VALUES (402,1777);
INSERT INTO Evento(EventoID,Descricao, Data, Admissao, Quarto) VALUES (1778, "descricao","18/10/2007 14:9:31" ,139, 104);
INSERT INTO Exame( EventoID, Nome, Descricao) VALUES (1778,"mediastinoscopia","descricao");
INSERT INTO MedicoExame( MedicoID, ExameID) VALUES (394,1778);
INSERT INTO Evento(EventoID,Descricao, Data, Admissao, Quarto) VALUES (1779, "descricao","20/5/2002 12:52:37" ,257, 123);
INSERT INTO Exame( EventoID, Nome, Descricao) VALUES (1779,"toracoscopia","descricao");
INSERT INTO MedicoExame( MedicoID, ExameID) VALUES (411,1779);
INSERT INTO Evento(EventoID,Descricao, Data, Admissao, Quarto) VALUES (1780, "descricao","14/12/2007 9:20:3" ,393, 150);
INSERT INTO Exame( EventoID, Nome, Descricao) VALUES (1780,"laparoscopia","descricao");
INSERT INTO MedicoExame( MedicoID, ExameID) VALUES (410,1780);
INSERT INTO Evento(EventoID,Descricao, Data, Admissao, Quarto) VALUES (1781, "descricao","17/4/1978 7:46:11" ,192, 215);
INSERT INTO Exame( EventoID, Nome, Descricao) VALUES (1781,"toracoscopia","descricao");
INSERT INTO MedicoExame( MedicoID, ExameID) VALUES (413,1781);
INSERT INTO Evento(EventoID,Descricao, Data, Admissao, Quarto) VALUES (1782, "descricao","10/5/2009 15:21:0" ,369, 130);
INSERT INTO Exame( EventoID, Nome, Descricao) VALUES (1782,"esofagoscopia","descricao");
INSERT INTO MedicoExame( MedicoID, ExameID) VALUES (425,1782);
INSERT INTO Evento(EventoID,Descricao, Data, Admissao, Quarto) VALUES (1783, "descricao","2/10/1983 3:12:5" ,121, 131);
INSERT INTO Exame( EventoID, Nome, Descricao) VALUES (1783,"liquido sinovial","descricao");
INSERT INTO MedicoExame( MedicoID, ExameID) VALUES (392,1783);
INSERT INTO Evento(EventoID,Descricao, Data, Admissao, Quarto) VALUES (1784, "descricao","13/5/2006 8:3:31" ,222, 236);
INSERT INTO Exame( EventoID, Nome, Descricao) VALUES (1784,"liquido sinovial","descricao");
INSERT INTO MedicoExame( MedicoID, ExameID) VALUES (423,1784);
INSERT INTO Evento(EventoID,Descricao, Data, Admissao, Quarto) VALUES (1785, "descricao","15/12/1963 4:34:48" ,254, 217);
INSERT INTO Exame( EventoID, Nome, Descricao) VALUES (1785,"Sangue","descricao");
INSERT INTO MedicoExame( MedicoID, ExameID) VALUES (411,1785);
INSERT INTO Evento(EventoID,Descricao, Data, Admissao, Quarto) VALUES (1786, "descricao","22/9/1990 14:29:2" ,484, 207);
INSERT INTO Exame( EventoID, Nome, Descricao) VALUES (1786,"laringoscopia","descricao");
INSERT INTO MedicoExame( MedicoID, ExameID) VALUES (389,1786);
INSERT INTO Evento(EventoID,Descricao, Data, Admissao, Quarto) VALUES (1787, "descricao","10/12/2019 14:26:10" ,196, 113);
INSERT INTO Exame( EventoID, Nome, Descricao) VALUES (1787,"laparoscopia","descricao");
INSERT INTO MedicoExame( MedicoID, ExameID) VALUES (388,1787);
INSERT INTO Evento(EventoID,Descricao, Data, Admissao, Quarto) VALUES (1788, "descricao","28/10/1965 3:20:50" ,285, 221);
INSERT INTO Exame( EventoID, Nome, Descricao) VALUES (1788,"liquido cefalorraquidiano","descricao");
INSERT INTO MedicoExame( MedicoID, ExameID) VALUES (395,1788);
INSERT INTO Evento(EventoID,Descricao, Data, Admissao, Quarto) VALUES (1789, "descricao","4/9/2004 15:8:59" ,496, 185);
INSERT INTO Exame( EventoID, Nome, Descricao) VALUES (1789,"Sangue","descricao");
INSERT INTO MedicoExame( MedicoID, ExameID) VALUES (419,1789);
INSERT INTO Evento(EventoID,Descricao, Data, Admissao, Quarto) VALUES (1790, "descricao","26/8/2016 16:6:54" ,356, 246);
INSERT INTO Exame( EventoID, Nome, Descricao) VALUES (1790,"laparoscopia","descricao");
INSERT INTO MedicoExame( MedicoID, ExameID) VALUES (422,1790);
INSERT INTO Evento(EventoID,Descricao, Data, Admissao, Quarto) VALUES (1791, "descricao","7/3/1995 19:26:25" ,3, 201);
INSERT INTO Exame( EventoID, Nome, Descricao) VALUES (1791,"liquido cefalorraquidiano","descricao");
INSERT INTO MedicoExame( MedicoID, ExameID) VALUES (399,1791);
INSERT INTO Evento(EventoID,Descricao, Data, Admissao, Quarto) VALUES (1792, "descricao","26/1/1978 11:0:27" ,252, 186);
INSERT INTO Exame( EventoID, Nome, Descricao) VALUES (1792,"toracoscopia","descricao");
INSERT INTO MedicoExame( MedicoID, ExameID) VALUES (393,1792);
INSERT INTO Evento(EventoID,Descricao, Data, Admissao, Quarto) VALUES (1793, "descricao","3/9/1982 14:51:49" ,220, 153);
INSERT INTO Exame( EventoID, Nome, Descricao) VALUES (1793,"laringoscopia","descricao");
INSERT INTO MedicoExame( MedicoID, ExameID) VALUES (400,1793);
INSERT INTO Evento(EventoID,Descricao, Data, Admissao, Quarto) VALUES (1794, "descricao","25/6/1990 14:0:53" ,385, 200);
INSERT INTO Exame( EventoID, Nome, Descricao) VALUES (1794,"broncoscopia","descricao");
INSERT INTO MedicoExame( MedicoID, ExameID) VALUES (389,1794);
INSERT INTO Evento(EventoID,Descricao, Data, Admissao, Quarto) VALUES (1795, "descricao","27/12/1964 18:33:14" ,430, 245);
INSERT INTO Exame( EventoID, Nome, Descricao) VALUES (1795,"laparoscopia","descricao");
INSERT INTO MedicoExame( MedicoID, ExameID) VALUES (422,1795);
INSERT INTO Evento(EventoID,Descricao, Data, Admissao, Quarto) VALUES (1796, "descricao","2/9/1972 21:0:30" ,425, 141);
INSERT INTO Exame( EventoID, Nome, Descricao) VALUES (1796,"broncoscopia","descricao");
INSERT INTO MedicoExame( MedicoID, ExameID) VALUES (385,1796);
INSERT INTO Evento(EventoID,Descricao, Data, Admissao, Quarto) VALUES (1797, "descricao","19/11/1974 14:19:9" ,473, 187);
INSERT INTO Exame( EventoID, Nome, Descricao) VALUES (1797,"esofagoscopia","descricao");
INSERT INTO MedicoExame( MedicoID, ExameID) VALUES (414,1797);
INSERT INTO Evento(EventoID,Descricao, Data, Admissao, Quarto) VALUES (1798, "descricao","3/11/1987 3:34:54" ,155, 171);
INSERT INTO Exame( EventoID, Nome, Descricao) VALUES (1798,"mediastinoscopia","descricao");
INSERT INTO MedicoExame( MedicoID, ExameID) VALUES (411,1798);
INSERT INTO Evento(EventoID,Descricao, Data, Admissao, Quarto) VALUES (1799, "descricao","12/10/2000 5:47:46" ,109, 240);
INSERT INTO Exame( EventoID, Nome, Descricao) VALUES (1799,"laringoscopia","descricao");
INSERT INTO MedicoExame( MedicoID, ExameID) VALUES (408,1799);
INSERT INTO Evento(EventoID,Descricao, Data, Admissao, Quarto) VALUES (1800, "descricao","7/11/1972 18:36:35" ,121, 205);
INSERT INTO Exame( EventoID, Nome, Descricao) VALUES (1800,"laringoscopia","descricao");
INSERT INTO MedicoExame( MedicoID, ExameID) VALUES (404,1800);
INSERT INTO Evento(EventoID,Descricao, Data, Admissao, Quarto) VALUES (1801, "descricao","27/5/1990 11:52:22" ,16, 106);
INSERT INTO Exame( EventoID, Nome, Descricao) VALUES (1801,"mediastinoscopia","descricao");
INSERT INTO MedicoExame( MedicoID, ExameID) VALUES (400,1801);
INSERT INTO Evento(EventoID,Descricao, Data, Admissao, Quarto) VALUES (1802, "descricao","2/8/1999 6:42:34" ,231, 163);
INSERT INTO Exame( EventoID, Nome, Descricao) VALUES (1802,"cistoscopia","descricao");
INSERT INTO MedicoExame( MedicoID, ExameID) VALUES (389,1802);
INSERT INTO Evento(EventoID,Descricao, Data, Admissao, Quarto) VALUES (1803, "descricao","16/12/2003 1:4:10" ,278, 165);
INSERT INTO Exame( EventoID, Nome, Descricao) VALUES (1803,"liquido sinovial","descricao");
INSERT INTO MedicoExame( MedicoID, ExameID) VALUES (396,1803);
INSERT INTO Evento(EventoID,Descricao, Data, Admissao, Quarto) VALUES (1804, "descricao","5/11/1987 4:48:18" ,345, 110);
INSERT INTO Exame( EventoID, Nome, Descricao) VALUES (1804,"liquido sinovial","descricao");
INSERT INTO MedicoExame( MedicoID, ExameID) VALUES (383,1804);
INSERT INTO Evento(EventoID,Descricao, Data, Admissao, Quarto) VALUES (1805, "descricao","24/4/1985 5:45:57" ,169, 146);
INSERT INTO Exame( EventoID, Nome, Descricao) VALUES (1805,"esofagoscopia","descricao");
INSERT INTO MedicoExame( MedicoID, ExameID) VALUES (390,1805);
INSERT INTO Evento(EventoID,Descricao, Data, Admissao, Quarto) VALUES (1806, "descricao","26/4/1984 23:51:53" ,15, 204);
INSERT INTO Exame( EventoID, Nome, Descricao) VALUES (1806,"liquido sinovial","descricao");
INSERT INTO MedicoExame( MedicoID, ExameID) VALUES (388,1806);
INSERT INTO Evento(EventoID,Descricao, Data, Admissao, Quarto) VALUES (1807, "descricao","18/5/1968 2:25:57" ,226, 189);
INSERT INTO Exame( EventoID, Nome, Descricao) VALUES (1807,"cistoscopia","descricao");
INSERT INTO MedicoExame( MedicoID, ExameID) VALUES (411,1807);
INSERT INTO Evento(EventoID,Descricao, Data, Admissao, Quarto) VALUES (1808, "descricao","10/5/2003 6:38:56" ,437, 237);
INSERT INTO Exame( EventoID, Nome, Descricao) VALUES (1808,"mediastinoscopia","descricao");
INSERT INTO MedicoExame( MedicoID, ExameID) VALUES (389,1808);
INSERT INTO Evento(EventoID,Descricao, Data, Admissao, Quarto) VALUES (1809, "descricao","1/2/1985 9:38:2" ,383, 209);
INSERT INTO Exame( EventoID, Nome, Descricao) VALUES (1809,"laparoscopia","descricao");
INSERT INTO MedicoExame( MedicoID, ExameID) VALUES (387,1809);
INSERT INTO Evento(EventoID,Descricao, Data, Admissao, Quarto) VALUES (1810, "descricao","19/2/1979 6:34:33" ,350, 209);
INSERT INTO Exame( EventoID, Nome, Descricao) VALUES (1810,"laringoscopia","descricao");
INSERT INTO MedicoExame( MedicoID, ExameID) VALUES (411,1810);
INSERT INTO Evento(EventoID,Descricao, Data, Admissao, Quarto) VALUES (1811, "descricao","11/2/1974 9:59:57" ,495, 181);
INSERT INTO Exame( EventoID, Nome, Descricao) VALUES (1811,"laparoscopia","descricao");
INSERT INTO MedicoExame( MedicoID, ExameID) VALUES (395,1811);
INSERT INTO Evento(EventoID,Descricao, Data, Admissao, Quarto) VALUES (1812, "descricao","13/11/1997 19:25:26" ,50, 219);
INSERT INTO Exame( EventoID, Nome, Descricao) VALUES (1812,"liquido cefalorraquidiano","descricao");
INSERT INTO MedicoExame( MedicoID, ExameID) VALUES (421,1812);
INSERT INTO Evento(EventoID,Descricao, Data, Admissao, Quarto) VALUES (1813, "descricao","21/11/2003 9:23:41" ,31, 127);
INSERT INTO Exame( EventoID, Nome, Descricao) VALUES (1813,"toracoscopia","descricao");
INSERT INTO MedicoExame( MedicoID, ExameID) VALUES (418,1813);
INSERT INTO Evento(EventoID,Descricao, Data, Admissao, Quarto) VALUES (1814, "descricao","25/5/1961 4:54:28" ,192, 122);
INSERT INTO Exame( EventoID, Nome, Descricao) VALUES (1814,"broncoscopia","descricao");
INSERT INTO MedicoExame( MedicoID, ExameID) VALUES (393,1814);
INSERT INTO Evento(EventoID,Descricao, Data, Admissao, Quarto) VALUES (1815, "descricao","1/4/1974 5:47:5" ,18, 230);
INSERT INTO Exame( EventoID, Nome, Descricao) VALUES (1815,"Sangue","descricao");
INSERT INTO MedicoExame( MedicoID, ExameID) VALUES (417,1815);
INSERT INTO Evento(EventoID,Descricao, Data, Admissao, Quarto) VALUES (1816, "descricao","21/3/2010 22:47:25" ,474, 108);
INSERT INTO Exame( EventoID, Nome, Descricao) VALUES (1816,"cistoscopia","descricao");
INSERT INTO MedicoExame( MedicoID, ExameID) VALUES (424,1816);
INSERT INTO Evento(EventoID,Descricao, Data, Admissao, Quarto) VALUES (1817, "descricao","16/5/1998 21:9:51" ,180, 187);
INSERT INTO Exame( EventoID, Nome, Descricao) VALUES (1817,"toracoscopia","descricao");
INSERT INTO MedicoExame( MedicoID, ExameID) VALUES (391,1817);
INSERT INTO Evento(EventoID,Descricao, Data, Admissao, Quarto) VALUES (1818, "descricao","10/2/1980 22:22:31" ,163, 217);
INSERT INTO Exame( EventoID, Nome, Descricao) VALUES (1818,"Sangue","descricao");
INSERT INTO MedicoExame( MedicoID, ExameID) VALUES (397,1818);
INSERT INTO Evento(EventoID,Descricao, Data, Admissao, Quarto) VALUES (1819, "descricao","26/12/1971 4:15:41" ,41, 142);
INSERT INTO Exame( EventoID, Nome, Descricao) VALUES (1819,"esofagoscopia","descricao");
INSERT INTO MedicoExame( MedicoID, ExameID) VALUES (394,1819);
INSERT INTO Evento(EventoID,Descricao, Data, Admissao, Quarto) VALUES (1820, "descricao","6/11/1970 8:28:4" ,41, 175);
INSERT INTO Exame( EventoID, Nome, Descricao) VALUES (1820,"Sangue","descricao");
INSERT INTO MedicoExame( MedicoID, ExameID) VALUES (406,1820);
INSERT INTO Evento(EventoID,Descricao, Data, Admissao, Quarto) VALUES (1821, "descricao","8/7/2004 4:5:6" ,215, 219);
INSERT INTO Exame( EventoID, Nome, Descricao) VALUES (1821,"toracoscopia","descricao");
INSERT INTO MedicoExame( MedicoID, ExameID) VALUES (415,1821);
INSERT INTO Evento(EventoID,Descricao, Data, Admissao, Quarto) VALUES (1822, "descricao","16/9/2005 13:7:18" ,301, 165);
INSERT INTO Exame( EventoID, Nome, Descricao) VALUES (1822,"cistoscopia","descricao");
INSERT INTO MedicoExame( MedicoID, ExameID) VALUES (383,1822);
INSERT INTO Evento(EventoID,Descricao, Data, Admissao, Quarto) VALUES (1823, "descricao","9/11/1972 6:55:41" ,41, 168);
INSERT INTO Exame( EventoID, Nome, Descricao) VALUES (1823,"toracoscopia","descricao");
INSERT INTO MedicoExame( MedicoID, ExameID) VALUES (385,1823);
INSERT INTO Evento(EventoID,Descricao, Data, Admissao, Quarto) VALUES (1824, "descricao","10/3/2015 7:38:48" ,382, 157);
INSERT INTO Exame( EventoID, Nome, Descricao) VALUES (1824,"laringoscopia","descricao");
INSERT INTO MedicoExame( MedicoID, ExameID) VALUES (393,1824);
INSERT INTO Evento(EventoID,Descricao, Data, Admissao, Quarto) VALUES (1825, "descricao","13/6/2012 1:20:39" ,352, 183);
INSERT INTO Exame( EventoID, Nome, Descricao) VALUES (1825,"broncoscopia","descricao");
INSERT INTO MedicoExame( MedicoID, ExameID) VALUES (392,1825);
INSERT INTO Evento(EventoID,Descricao, Data, Admissao, Quarto) VALUES (1826, "descricao","27/3/1988 6:9:22" ,400, 127);
INSERT INTO Exame( EventoID, Nome, Descricao) VALUES (1826,"laringoscopia","descricao");
INSERT INTO MedicoExame( MedicoID, ExameID) VALUES (398,1826);
INSERT INTO Evento(EventoID,Descricao, Data, Admissao, Quarto) VALUES (1827, "descricao","26/6/2017 1:20:7" ,55, 134);
INSERT INTO Exame( EventoID, Nome, Descricao) VALUES (1827,"esofagoscopia","descricao");
INSERT INTO MedicoExame( MedicoID, ExameID) VALUES (423,1827);
INSERT INTO Evento(EventoID,Descricao, Data, Admissao, Quarto) VALUES (1828, "descricao","6/11/2001 23:23:1" ,171, 163);
INSERT INTO Exame( EventoID, Nome, Descricao) VALUES (1828,"liquido cefalorraquidiano","descricao");
INSERT INTO MedicoExame( MedicoID, ExameID) VALUES (401,1828);
INSERT INTO Evento(EventoID,Descricao, Data, Admissao, Quarto) VALUES (1829, "descricao","20/12/1974 5:42:10" ,54, 213);
INSERT INTO Exame( EventoID, Nome, Descricao) VALUES (1829,"broncoscopia","descricao");
INSERT INTO MedicoExame( MedicoID, ExameID) VALUES (406,1829);
INSERT INTO Evento(EventoID,Descricao, Data, Admissao, Quarto) VALUES (1830, "descricao","17/11/2010 11:27:1" ,88, 149);
INSERT INTO Exame( EventoID, Nome, Descricao) VALUES (1830,"cistoscopia","descricao");
INSERT INTO MedicoExame( MedicoID, ExameID) VALUES (404,1830);
INSERT INTO Evento(EventoID,Descricao, Data, Admissao, Quarto) VALUES (1831, "descricao","13/4/2009 11:9:32" ,239, 124);
INSERT INTO Exame( EventoID, Nome, Descricao) VALUES (1831,"laparoscopia","descricao");
INSERT INTO MedicoExame( MedicoID, ExameID) VALUES (424,1831);
INSERT INTO Evento(EventoID,Descricao, Data, Admissao, Quarto) VALUES (1832, "descricao","4/10/1960 2:11:33" ,334, 119);
INSERT INTO Exame( EventoID, Nome, Descricao) VALUES (1832,"liquido cefalorraquidiano","descricao");
INSERT INTO MedicoExame( MedicoID, ExameID) VALUES (390,1832);
INSERT INTO Evento(EventoID,Descricao, Data, Admissao, Quarto) VALUES (1833, "descricao","19/8/1964 2:1:57" ,34, 183);
INSERT INTO Exame( EventoID, Nome, Descricao) VALUES (1833,"laparoscopia","descricao");
INSERT INTO MedicoExame( MedicoID, ExameID) VALUES (394,1833);
INSERT INTO Evento(EventoID,Descricao, Data, Admissao, Quarto) VALUES (1834, "descricao","1/12/2008 20:2:53" ,124, 230);
INSERT INTO Exame( EventoID, Nome, Descricao) VALUES (1834,"Sangue","descricao");
INSERT INTO MedicoExame( MedicoID, ExameID) VALUES (394,1834);
INSERT INTO Evento(EventoID,Descricao, Data, Admissao, Quarto) VALUES (1835, "descricao","2/10/2019 15:28:7" ,331, 226);
INSERT INTO Exame( EventoID, Nome, Descricao) VALUES (1835,"broncoscopia","descricao");
INSERT INTO MedicoExame( MedicoID, ExameID) VALUES (424,1835);
INSERT INTO Evento(EventoID,Descricao, Data, Admissao, Quarto) VALUES (1836, "descricao","19/1/2000 12:34:45" ,93, 245);
INSERT INTO Exame( EventoID, Nome, Descricao) VALUES (1836,"laringoscopia","descricao");
INSERT INTO MedicoExame( MedicoID, ExameID) VALUES (405,1836);
INSERT INTO Evento(EventoID,Descricao, Data, Admissao, Quarto) VALUES (1837, "descricao","9/6/2012 15:35:56" ,131, 217);
INSERT INTO Exame( EventoID, Nome, Descricao) VALUES (1837,"cistoscopia","descricao");
INSERT INTO MedicoExame( MedicoID, ExameID) VALUES (404,1837);
INSERT INTO Evento(EventoID,Descricao, Data, Admissao, Quarto) VALUES (1838, "descricao","4/4/1961 14:56:8" ,253, 102);
INSERT INTO Exame( EventoID, Nome, Descricao) VALUES (1838,"broncoscopia","descricao");
INSERT INTO MedicoExame( MedicoID, ExameID) VALUES (395,1838);
INSERT INTO Evento(EventoID,Descricao, Data, Admissao, Quarto) VALUES (1839, "descricao","10/2/1995 6:20:28" ,415, 141);
INSERT INTO Exame( EventoID, Nome, Descricao) VALUES (1839,"mediastinoscopia","descricao");
INSERT INTO MedicoExame( MedicoID, ExameID) VALUES (392,1839);
INSERT INTO Evento(EventoID,Descricao, Data, Admissao, Quarto) VALUES (1840, "descricao","22/3/1977 11:16:19" ,480, 154);
INSERT INTO Exame( EventoID, Nome, Descricao) VALUES (1840,"liquido cefalorraquidiano","descricao");
INSERT INTO MedicoExame( MedicoID, ExameID) VALUES (413,1840);
INSERT INTO Evento(EventoID,Descricao, Data, Admissao, Quarto) VALUES (1841, "descricao","16/8/1999 16:21:50" ,236, 123);
INSERT INTO Exame( EventoID, Nome, Descricao) VALUES (1841,"liquido sinovial","descricao");
INSERT INTO MedicoExame( MedicoID, ExameID) VALUES (405,1841);
INSERT INTO Evento(EventoID,Descricao, Data, Admissao, Quarto) VALUES (1842, "descricao","8/12/2002 6:36:57" ,112, 234);
INSERT INTO Exame( EventoID, Nome, Descricao) VALUES (1842,"Urina","descricao");
INSERT INTO MedicoExame( MedicoID, ExameID) VALUES (403,1842);
INSERT INTO Evento(EventoID,Descricao, Data, Admissao, Quarto) VALUES (1843, "descricao","22/9/1966 22:19:13" ,223, 115);
INSERT INTO Exame( EventoID, Nome, Descricao) VALUES (1843,"liquido cefalorraquidiano","descricao");
INSERT INTO MedicoExame( MedicoID, ExameID) VALUES (416,1843);
INSERT INTO Evento(EventoID,Descricao, Data, Admissao, Quarto) VALUES (1844, "descricao","20/6/1960 16:9:58" ,472, 161);
INSERT INTO Exame( EventoID, Nome, Descricao) VALUES (1844,"esofagoscopia","descricao");
INSERT INTO MedicoExame( MedicoID, ExameID) VALUES (406,1844);
INSERT INTO Evento(EventoID,Descricao, Data, Admissao, Quarto) VALUES (1845, "descricao","21/2/2002 22:20:16" ,64, 241);
INSERT INTO Exame( EventoID, Nome, Descricao) VALUES (1845,"liquido sinovial","descricao");
INSERT INTO MedicoExame( MedicoID, ExameID) VALUES (396,1845);
INSERT INTO Evento(EventoID,Descricao, Data, Admissao, Quarto) VALUES (1846, "descricao","27/6/1983 21:13:32" ,406, 233);
INSERT INTO Exame( EventoID, Nome, Descricao) VALUES (1846,"mediastinoscopia","descricao");
INSERT INTO MedicoExame( MedicoID, ExameID) VALUES (392,1846);
INSERT INTO Evento(EventoID,Descricao, Data, Admissao, Quarto) VALUES (1847, "descricao","5/9/1981 17:59:32" ,412, 182);
INSERT INTO Exame( EventoID, Nome, Descricao) VALUES (1847,"broncoscopia","descricao");
INSERT INTO MedicoExame( MedicoID, ExameID) VALUES (384,1847);
INSERT INTO Evento(EventoID,Descricao, Data, Admissao, Quarto) VALUES (1848, "descricao","16/4/1988 23:5:6" ,36, 242);
INSERT INTO Exame( EventoID, Nome, Descricao) VALUES (1848,"Urina","descricao");
INSERT INTO MedicoExame( MedicoID, ExameID) VALUES (409,1848);
INSERT INTO Evento(EventoID,Descricao, Data, Admissao, Quarto) VALUES (1849, "descricao","11/2/1974 20:27:50" ,323, 216);
INSERT INTO Exame( EventoID, Nome, Descricao) VALUES (1849,"laringoscopia","descricao");
INSERT INTO MedicoExame( MedicoID, ExameID) VALUES (394,1849);

-- Consultation
INSERT INTO Evento(EventoID,Descricao, Data, Admissao, Quarto) VALUES (1850, "descricao","8/11/2005 2:20:52" ,467, 199);
INSERT INTO Consulta( EventoID, Diagnostico, Medico) VALUES (1850,"Ear infection",397);
INSERT INTO Evento(EventoID,Descricao, Data, Admissao, Quarto) VALUES (1851, "descricao","10/2/1968 23:52:14" ,318, 179);
INSERT INTO Consulta( EventoID, Diagnostico, Medico) VALUES (1851,"Metastatic cancer",387);
INSERT INTO Evento(EventoID,Descricao, Data, Admissao, Quarto) VALUES (1852, "descricao","4/9/1984 17:21:7" ,350, 233);
INSERT INTO Consulta( EventoID, Diagnostico, Medico) VALUES (1852,"Hypotonia",409);
INSERT INTO Evento(EventoID,Descricao, Data, Admissao, Quarto) VALUES (1853, "descricao","11/7/2011 23:42:26" ,358, 139);
INSERT INTO Consulta( EventoID, Diagnostico, Medico) VALUES (1853,"Viral meningitis",399);
INSERT INTO Evento(EventoID,Descricao, Data, Admissao, Quarto) VALUES (1854, "descricao","5/4/1983 23:10:55" ,484, 170);
INSERT INTO Consulta( EventoID, Diagnostico, Medico) VALUES (1854,"Mad cow disease",416);
INSERT INTO Evento(EventoID,Descricao, Data, Admissao, Quarto) VALUES (1855, "descricao","19/8/1987 18:59:5" ,46, 211);
INSERT INTO Consulta( EventoID, Diagnostico, Medico) VALUES (1855,"Melanoma",419);
INSERT INTO Evento(EventoID,Descricao, Data, Admissao, Quarto) VALUES (1856, "descricao","7/1/1969 21:3:50" ,462, 131);
INSERT INTO Consulta( EventoID, Diagnostico, Medico) VALUES (1856,"Chorea",409);
INSERT INTO Evento(EventoID,Descricao, Data, Admissao, Quarto) VALUES (1857, "descricao","15/7/2011 22:27:33" ,205, 178);
INSERT INTO Consulta( EventoID, Diagnostico, Medico) VALUES (1857,"Ques fever",404);
INSERT INTO Evento(EventoID,Descricao, Data, Admissao, Quarto) VALUES (1858, "descricao","27/4/1961 9:3:49" ,66, 207);
INSERT INTO Consulta( EventoID, Diagnostico, Medico) VALUES (1858,"Thymoma",403);
INSERT INTO Evento(EventoID,Descricao, Data, Admissao, Quarto) VALUES (1859, "descricao","11/5/2011 21:41:18" ,499, 219);
INSERT INTO Consulta( EventoID, Diagnostico, Medico) VALUES (1859,"Multiple sclerosis",407);
INSERT INTO Evento(EventoID,Descricao, Data, Admissao, Quarto) VALUES (1860, "descricao","18/9/1979 8:56:40" ,117, 143);
INSERT INTO Consulta( EventoID, Diagnostico, Medico) VALUES (1860,"Virose",386);
INSERT INTO Evento(EventoID,Descricao, Data, Admissao, Quarto) VALUES (1861, "descricao","10/4/1977 17:34:29" ,191, 145);
INSERT INTO Consulta( EventoID, Diagnostico, Medico) VALUES (1861,"Indeterminado",407);
INSERT INTO Evento(EventoID,Descricao, Data, Admissao, Quarto) VALUES (1862, "descricao","18/10/1980 12:11:1" ,280, 208);
INSERT INTO Consulta( EventoID, Diagnostico, Medico) VALUES (1862,"Allergy",396);
INSERT INTO Evento(EventoID,Descricao, Data, Admissao, Quarto) VALUES (1863, "descricao","18/5/2006 9:16:48" ,334, 146);
INSERT INTO Consulta( EventoID, Diagnostico, Medico) VALUES (1863,"Myelitis",415);
INSERT INTO Evento(EventoID,Descricao, Data, Admissao, Quarto) VALUES (1864, "descricao","4/6/2011 6:51:22" ,346, 169);
INSERT INTO Consulta( EventoID, Diagnostico, Medico) VALUES (1864,"Meniere's disease",405);
INSERT INTO Evento(EventoID,Descricao, Data, Admissao, Quarto) VALUES (1865, "descricao","6/3/1967 23:56:14" ,242, 223);
INSERT INTO Consulta( EventoID, Diagnostico, Medico) VALUES (1865,"Circadian rhythm sleep disorder",424);
INSERT INTO Evento(EventoID,Descricao, Data, Admissao, Quarto) VALUES (1866, "descricao","16/3/1969 19:55:24" ,253, 243);
INSERT INTO Consulta( EventoID, Diagnostico, Medico) VALUES (1866,"Uremia",401);
INSERT INTO Evento(EventoID,Descricao, Data, Admissao, Quarto) VALUES (1867, "descricao","22/8/1971 11:1:56" ,88, 172);
INSERT INTO Consulta( EventoID, Diagnostico, Medico) VALUES (1867,"Leishmaniasis",403);
INSERT INTO Evento(EventoID,Descricao, Data, Admissao, Quarto) VALUES (1868, "descricao","6/10/1985 21:5:28" ,464, 159);
INSERT INTO Consulta( EventoID, Diagnostico, Medico) VALUES (1868,"Leukemia",426);
INSERT INTO Evento(EventoID,Descricao, Data, Admissao, Quarto) VALUES (1869, "descricao","5/10/1996 20:26:19" ,175, 109);
INSERT INTO Consulta( EventoID, Diagnostico, Medico) VALUES (1869,"Mal estar",392);
INSERT INTO Evento(EventoID,Descricao, Data, Admissao, Quarto) VALUES (1870, "descricao","15/2/1987 0:11:54" ,364, 231);
INSERT INTO Consulta( EventoID, Diagnostico, Medico) VALUES (1870,"Crohn's Disease",415);
INSERT INTO Evento(EventoID,Descricao, Data, Admissao, Quarto) VALUES (1871, "descricao","18/10/1966 18:1:2" ,255, 150);
INSERT INTO Consulta( EventoID, Diagnostico, Medico) VALUES (1871,"Beriberi",425);
INSERT INTO Evento(EventoID,Descricao, Data, Admissao, Quarto) VALUES (1872, "descricao","15/12/1982 10:34:30" ,453, 239);
INSERT INTO Consulta( EventoID, Diagnostico, Medico) VALUES (1872,"Osso quebrado",420);
INSERT INTO Evento(EventoID,Descricao, Data, Admissao, Quarto) VALUES (1873, "descricao","8/11/1966 10:21:37" ,102, 235);
INSERT INTO Consulta( EventoID, Diagnostico, Medico) VALUES (1873,"Cancer",393);
INSERT INTO Evento(EventoID,Descricao, Data, Admissao, Quarto) VALUES (1874, "descricao","4/5/1981 23:38:18" ,316, 128);
INSERT INTO Consulta( EventoID, Diagnostico, Medico) VALUES (1874,"Varicose veins",401);
INSERT INTO Evento(EventoID,Descricao, Data, Admissao, Quarto) VALUES (1875, "descricao","13/9/1993 6:17:52" ,211, 138);
INSERT INTO Consulta( EventoID, Diagnostico, Medico) VALUES (1875,"Allergy",393);
INSERT INTO Evento(EventoID,Descricao, Data, Admissao, Quarto) VALUES (1876, "descricao","8/12/1971 12:37:45" ,73, 161);
INSERT INTO Consulta( EventoID, Diagnostico, Medico) VALUES (1876,"Silicosis",399);
INSERT INTO Evento(EventoID,Descricao, Data, Admissao, Quarto) VALUES (1877, "descricao","3/1/1997 19:52:14" ,470, 191);
INSERT INTO Consulta( EventoID, Diagnostico, Medico) VALUES (1877,"Rheumatic heart",418);
INSERT INTO Evento(EventoID,Descricao, Data, Admissao, Quarto) VALUES (1878, "descricao","12/11/2015 8:37:47" ,481, 232);
INSERT INTO Consulta( EventoID, Diagnostico, Medico) VALUES (1878,"Rift Valley fever",392);
INSERT INTO Evento(EventoID,Descricao, Data, Admissao, Quarto) VALUES (1879, "descricao","11/11/1979 14:50:17" ,389, 240);
INSERT INTO Consulta( EventoID, Diagnostico, Medico) VALUES (1879,"Watkins",384);
INSERT INTO Evento(EventoID,Descricao, Data, Admissao, Quarto) VALUES (1880, "descricao","23/4/2005 9:52:58" ,204, 181);
INSERT INTO Consulta( EventoID, Diagnostico, Medico) VALUES (1880,"Psittacosis",422);
INSERT INTO Evento(EventoID,Descricao, Data, Admissao, Quarto) VALUES (1881, "descricao","3/11/2009 6:24:2" ,193, 181);
INSERT INTO Consulta( EventoID, Diagnostico, Medico) VALUES (1881,"Indeterminado",392);
INSERT INTO Evento(EventoID,Descricao, Data, Admissao, Quarto) VALUES (1882, "descricao","21/9/1977 9:49:40" ,419, 234);
INSERT INTO Consulta( EventoID, Diagnostico, Medico) VALUES (1882,"Lupus erythematosus",394);
INSERT INTO Evento(EventoID,Descricao, Data, Admissao, Quarto) VALUES (1883, "descricao","21/11/2001 3:35:34" ,187, 212);
INSERT INTO Consulta( EventoID, Diagnostico, Medico) VALUES (1883,"Warts",394);
INSERT INTO Evento(EventoID,Descricao, Data, Admissao, Quarto) VALUES (1884, "descricao","6/12/1993 17:57:31" ,239, 205);
INSERT INTO Consulta( EventoID, Diagnostico, Medico) VALUES (1884,"Candidiasis",391);
INSERT INTO Evento(EventoID,Descricao, Data, Admissao, Quarto) VALUES (1885, "descricao","14/1/2016 22:42:29" ,323, 135);
INSERT INTO Consulta( EventoID, Diagnostico, Medico) VALUES (1885,"Crohn's Disease",389);
INSERT INTO Evento(EventoID,Descricao, Data, Admissao, Quarto) VALUES (1886, "descricao","18/6/1984 6:30:56" ,16, 248);
INSERT INTO Consulta( EventoID, Diagnostico, Medico) VALUES (1886,"Mal estar",422);
INSERT INTO Evento(EventoID,Descricao, Data, Admissao, Quarto) VALUES (1887, "descricao","8/11/1962 17:3:7" ,475, 241);
INSERT INTO Consulta( EventoID, Diagnostico, Medico) VALUES (1887,"Dysentery",391);
INSERT INTO Evento(EventoID,Descricao, Data, Admissao, Quarto) VALUES (1888, "descricao","11/11/1975 14:49:3" ,148, 107);
INSERT INTO Consulta( EventoID, Diagnostico, Medico) VALUES (1888,"Uremia",390);
INSERT INTO Evento(EventoID,Descricao, Data, Admissao, Quarto) VALUES (1889, "descricao","7/5/2010 20:59:6" ,486, 163);
INSERT INTO Consulta( EventoID, Diagnostico, Medico) VALUES (1889,"Asthma",410);
INSERT INTO Evento(EventoID,Descricao, Data, Admissao, Quarto) VALUES (1890, "descricao","18/5/1982 17:17:35" ,375, 104);
INSERT INTO Consulta( EventoID, Diagnostico, Medico) VALUES (1890,"Osso quebrado",413);
INSERT INTO Evento(EventoID,Descricao, Data, Admissao, Quarto) VALUES (1891, "descricao","16/1/2009 16:9:12" ,344, 114);
INSERT INTO Consulta( EventoID, Diagnostico, Medico) VALUES (1891,"Syphilis",419);
INSERT INTO Evento(EventoID,Descricao, Data, Admissao, Quarto) VALUES (1892, "descricao","23/2/1995 11:13:3" ,367, 154);
INSERT INTO Consulta( EventoID, Diagnostico, Medico) VALUES (1892,"Mad cow disease",409);
INSERT INTO Evento(EventoID,Descricao, Data, Admissao, Quarto) VALUES (1893, "descricao","7/4/1988 3:3:48" ,36, 197);
INSERT INTO Consulta( EventoID, Diagnostico, Medico) VALUES (1893,"Repetitive strain injury",388);
INSERT INTO Evento(EventoID,Descricao, Data, Admissao, Quarto) VALUES (1894, "descricao","18/9/2004 21:24:1" ,264, 151);
INSERT INTO Consulta( EventoID, Diagnostico, Medico) VALUES (1894,"Trichomoniasis",414);
INSERT INTO Evento(EventoID,Descricao, Data, Admissao, Quarto) VALUES (1895, "descricao","9/10/1975 5:26:14" ,413, 128);
INSERT INTO Consulta( EventoID, Diagnostico, Medico) VALUES (1895,"Trichomoniasis",397);
INSERT INTO Evento(EventoID,Descricao, Data, Admissao, Quarto) VALUES (1896, "descricao","28/9/1989 12:52:40" ,54, 150);
INSERT INTO Consulta( EventoID, Diagnostico, Medico) VALUES (1896,"Mal estar",396);
INSERT INTO Evento(EventoID,Descricao, Data, Admissao, Quarto) VALUES (1897, "descricao","12/1/1977 9:11:7" ,284, 215);
INSERT INTO Consulta( EventoID, Diagnostico, Medico) VALUES (1897,"Fibromyalgia",407);
INSERT INTO Evento(EventoID,Descricao, Data, Admissao, Quarto) VALUES (1898, "descricao","28/5/1994 4:31:37" ,96, 177);
INSERT INTO Consulta( EventoID, Diagnostico, Medico) VALUES (1898,"Synovitis",403);
INSERT INTO Evento(EventoID,Descricao, Data, Admissao, Quarto) VALUES (1899, "descricao","21/1/1985 20:55:24" ,288, 213);
INSERT INTO Consulta( EventoID, Diagnostico, Medico) VALUES (1899,"Tonsillitis",406);
INSERT INTO Evento(EventoID,Descricao, Data, Admissao, Quarto) VALUES (1900, "descricao","18/2/1967 2:53:49" ,16, 140);
INSERT INTO Consulta( EventoID, Diagnostico, Medico) VALUES (1900,"Mal estar",406);
INSERT INTO Evento(EventoID,Descricao, Data, Admissao, Quarto) VALUES (1901, "descricao","27/10/1988 9:50:3" ,332, 142);
INSERT INTO Consulta( EventoID, Diagnostico, Medico) VALUES (1901,"Thrush",383);
INSERT INTO Evento(EventoID,Descricao, Data, Admissao, Quarto) VALUES (1902, "descricao","16/1/2019 4:27:4" ,222, 150);
INSERT INTO Consulta( EventoID, Diagnostico, Medico) VALUES (1902,"Chronic fatigue syndrome",415);
INSERT INTO Evento(EventoID,Descricao, Data, Admissao, Quarto) VALUES (1903, "descricao","27/7/1980 4:23:29" ,309, 175);
INSERT INTO Consulta( EventoID, Diagnostico, Medico) VALUES (1903,"Indeterminado",404);
INSERT INTO Evento(EventoID,Descricao, Data, Admissao, Quarto) VALUES (1904, "descricao","10/8/1961 12:13:15" ,239, 220);
INSERT INTO Consulta( EventoID, Diagnostico, Medico) VALUES (1904,"Rickets",425);
INSERT INTO Evento(EventoID,Descricao, Data, Admissao, Quarto) VALUES (1905, "descricao","12/11/2000 4:13:14" ,395, 206);
INSERT INTO Consulta( EventoID, Diagnostico, Medico) VALUES (1905,"Aseptic meningitis",390);
INSERT INTO Evento(EventoID,Descricao, Data, Admissao, Quarto) VALUES (1906, "descricao","13/8/2012 22:56:46" ,143, 116);
INSERT INTO Consulta( EventoID, Diagnostico, Medico) VALUES (1906,"Loiasis",398);
INSERT INTO Evento(EventoID,Descricao, Data, Admissao, Quarto) VALUES (1907, "descricao","4/9/2009 15:19:6" ,443, 109);
INSERT INTO Consulta( EventoID, Diagnostico, Medico) VALUES (1907,"Septicemia",386);
INSERT INTO Evento(EventoID,Descricao, Data, Admissao, Quarto) VALUES (1908, "descricao","4/12/2014 23:26:1" ,466, 228);
INSERT INTO Consulta( EventoID, Diagnostico, Medico) VALUES (1908,"Hypothyroid",394);
INSERT INTO Evento(EventoID,Descricao, Data, Admissao, Quarto) VALUES (1909, "descricao","15/7/1991 5:42:50" ,189, 109);
INSERT INTO Consulta( EventoID, Diagnostico, Medico) VALUES (1909,"Dehydration",391);
INSERT INTO Evento(EventoID,Descricao, Data, Admissao, Quarto) VALUES (1910, "descricao","23/1/2005 22:40:29" ,69, 231);
INSERT INTO Consulta( EventoID, Diagnostico, Medico) VALUES (1910,"Indeterminado",393);
INSERT INTO Evento(EventoID,Descricao, Data, Admissao, Quarto) VALUES (1911, "descricao","6/12/1983 1:51:45" ,368, 163);
INSERT INTO Consulta( EventoID, Diagnostico, Medico) VALUES (1911,"Osso quebrado",414);
INSERT INTO Evento(EventoID,Descricao, Data, Admissao, Quarto) VALUES (1912, "descricao","11/1/1976 13:57:1" ,445, 192);
INSERT INTO Consulta( EventoID, Diagnostico, Medico) VALUES (1912,"Lead poisoning",402);
INSERT INTO Evento(EventoID,Descricao, Data, Admissao, Quarto) VALUES (1913, "descricao","15/6/1997 9:45:39" ,381, 241);
INSERT INTO Consulta( EventoID, Diagnostico, Medico) VALUES (1913,"Paratyphoid fever",421);
INSERT INTO Evento(EventoID,Descricao, Data, Admissao, Quarto) VALUES (1914, "descricao","26/9/2000 14:17:53" ,170, 248);
INSERT INTO Consulta( EventoID, Diagnostico, Medico) VALUES (1914,"Septicemia",401);
INSERT INTO Evento(EventoID,Descricao, Data, Admissao, Quarto) VALUES (1915, "descricao","13/10/1974 18:23:1" ,355, 201);
INSERT INTO Consulta( EventoID, Diagnostico, Medico) VALUES (1915,"Human papillomavirus",425);
INSERT INTO Evento(EventoID,Descricao, Data, Admissao, Quarto) VALUES (1916, "descricao","3/6/2000 8:57:56" ,470, 133);
INSERT INTO Consulta( EventoID, Diagnostico, Medico) VALUES (1916,"Astigmatism",386);
INSERT INTO Evento(EventoID,Descricao, Data, Admissao, Quarto) VALUES (1917, "descricao","13/8/2013 16:23:38" ,460, 137);
INSERT INTO Consulta( EventoID, Diagnostico, Medico) VALUES (1917,"Tumor",423);
INSERT INTO Evento(EventoID,Descricao, Data, Admissao, Quarto) VALUES (1918, "descricao","16/8/1970 10:27:59" ,92, 162);
INSERT INTO Consulta( EventoID, Diagnostico, Medico) VALUES (1918,"Condyloma",403);
INSERT INTO Evento(EventoID,Descricao, Data, Admissao, Quarto) VALUES (1919, "descricao","5/12/1996 12:0:7" ,335, 106);
INSERT INTO Consulta( EventoID, Diagnostico, Medico) VALUES (1919,"Leprosy",392);
INSERT INTO Evento(EventoID,Descricao, Data, Admissao, Quarto) VALUES (1920, "descricao","11/10/1999 13:47:22" ,238, 110);
INSERT INTO Consulta( EventoID, Diagnostico, Medico) VALUES (1920,"Catapora",419);
INSERT INTO Evento(EventoID,Descricao, Data, Admissao, Quarto) VALUES (1921, "descricao","7/4/1967 9:33:4" ,342, 246);
INSERT INTO Consulta( EventoID, Diagnostico, Medico) VALUES (1921,"Mal estar",391);
INSERT INTO Evento(EventoID,Descricao, Data, Admissao, Quarto) VALUES (1922, "descricao","7/4/1978 12:46:29" ,213, 195);
INSERT INTO Consulta( EventoID, Diagnostico, Medico) VALUES (1922,"Stomach ulcers",424);
INSERT INTO Evento(EventoID,Descricao, Data, Admissao, Quarto) VALUES (1923, "descricao","9/12/1962 7:55:47" ,431, 199);
INSERT INTO Consulta( EventoID, Diagnostico, Medico) VALUES (1923,"Osso quebrado",411);
INSERT INTO Evento(EventoID,Descricao, Data, Admissao, Quarto) VALUES (1924, "descricao","28/1/2011 23:23:55" ,292, 115);
INSERT INTO Consulta( EventoID, Diagnostico, Medico) VALUES (1924,"Rheumatoid arthritis",394);
INSERT INTO Evento(EventoID,Descricao, Data, Admissao, Quarto) VALUES (1925, "descricao","22/1/2002 4:14:47" ,137, 201);
INSERT INTO Consulta( EventoID, Diagnostico, Medico) VALUES (1925,"Circadian rhythm sleep disorder",419);
INSERT INTO Evento(EventoID,Descricao, Data, Admissao, Quarto) VALUES (1926, "descricao","16/5/1984 20:56:36" ,236, 215);
INSERT INTO Consulta( EventoID, Diagnostico, Medico) VALUES (1926,"Human papillomavirus",394);
INSERT INTO Evento(EventoID,Descricao, Data, Admissao, Quarto) VALUES (1927, "descricao","15/4/2008 9:44:55" ,92, 233);
INSERT INTO Consulta( EventoID, Diagnostico, Medico) VALUES (1927,"Allergy",391);
INSERT INTO Evento(EventoID,Descricao, Data, Admissao, Quarto) VALUES (1928, "descricao","12/11/2010 6:25:16" ,70, 134);
INSERT INTO Consulta( EventoID, Diagnostico, Medico) VALUES (1928,"Migraine",423);
INSERT INTO Evento(EventoID,Descricao, Data, Admissao, Quarto) VALUES (1929, "descricao","2/4/1972 20:33:34" ,41, 194);
INSERT INTO Consulta( EventoID, Diagnostico, Medico) VALUES (1929,"Diabetes mellitus",395);
INSERT INTO Evento(EventoID,Descricao, Data, Admissao, Quarto) VALUES (1930, "descricao","11/5/2010 10:38:3" ,238, 192);
INSERT INTO Consulta( EventoID, Diagnostico, Medico) VALUES (1930,"Measles",397);
INSERT INTO Evento(EventoID,Descricao, Data, Admissao, Quarto) VALUES (1931, "descricao","12/5/1965 20:59:25" ,98, 161);
INSERT INTO Consulta( EventoID, Diagnostico, Medico) VALUES (1931,"Vasovagal syncope",390);
INSERT INTO Evento(EventoID,Descricao, Data, Admissao, Quarto) VALUES (1932, "descricao","25/11/2018 16:32:48" ,308, 242);
INSERT INTO Consulta( EventoID, Diagnostico, Medico) VALUES (1932,"Hepatitis D",388);
INSERT INTO Evento(EventoID,Descricao, Data, Admissao, Quarto) VALUES (1933, "descricao","13/9/1984 22:15:7" ,243, 162);
INSERT INTO Consulta( EventoID, Diagnostico, Medico) VALUES (1933,"Common cold",402);
INSERT INTO Evento(EventoID,Descricao, Data, Admissao, Quarto) VALUES (1934, "descricao","15/5/1989 9:35:58" ,112, 231);
INSERT INTO Consulta( EventoID, Diagnostico, Medico) VALUES (1934,"Typhoid fever",404);
INSERT INTO Evento(EventoID,Descricao, Data, Admissao, Quarto) VALUES (1935, "descricao","7/5/1962 21:21:18" ,63, 211);
INSERT INTO Consulta( EventoID, Diagnostico, Medico) VALUES (1935,"Iritis",390);
INSERT INTO Evento(EventoID,Descricao, Data, Admissao, Quarto) VALUES (1936, "descricao","26/11/2019 22:47:22" ,53, 224);
INSERT INTO Consulta( EventoID, Diagnostico, Medico) VALUES (1936,"Hepatitis E",419);
INSERT INTO Evento(EventoID,Descricao, Data, Admissao, Quarto) VALUES (1937, "descricao","17/5/2011 19:42:15" ,385, 174);
INSERT INTO Consulta( EventoID, Diagnostico, Medico) VALUES (1937,"Indeterminado",413);
INSERT INTO Evento(EventoID,Descricao, Data, Admissao, Quarto) VALUES (1938, "descricao","23/3/1969 5:50:24" ,430, 210);
INSERT INTO Consulta( EventoID, Diagnostico, Medico) VALUES (1938,"Rheumatoid arthritis",391);
INSERT INTO Evento(EventoID,Descricao, Data, Admissao, Quarto) VALUES (1939, "descricao","12/1/1979 13:27:52" ,48, 243);
INSERT INTO Consulta( EventoID, Diagnostico, Medico) VALUES (1939,"Shingles",412);
INSERT INTO Evento(EventoID,Descricao, Data, Admissao, Quarto) VALUES (1940, "descricao","7/2/1990 23:6:13" ,401, 117);
INSERT INTO Consulta( EventoID, Diagnostico, Medico) VALUES (1940,"Psoriasis",419);
INSERT INTO Evento(EventoID,Descricao, Data, Admissao, Quarto) VALUES (1941, "descricao","13/7/2004 5:59:15" ,344, 122);
INSERT INTO Consulta( EventoID, Diagnostico, Medico) VALUES (1941,"Catapora",422);
INSERT INTO Evento(EventoID,Descricao, Data, Admissao, Quarto) VALUES (1942, "descricao","21/3/1994 5:20:7" ,144, 214);
INSERT INTO Consulta( EventoID, Diagnostico, Medico) VALUES (1942,"Iron-deficiency anemia",402);
INSERT INTO Evento(EventoID,Descricao, Data, Admissao, Quarto) VALUES (1943, "descricao","9/5/1984 1:31:26" ,17, 116);
INSERT INTO Consulta( EventoID, Diagnostico, Medico) VALUES (1943,"Silicosis",398);
INSERT INTO Evento(EventoID,Descricao, Data, Admissao, Quarto) VALUES (1944, "descricao","15/9/1987 14:47:44" ,439, 225);
INSERT INTO Consulta( EventoID, Diagnostico, Medico) VALUES (1944,"Mal estar",392);
INSERT INTO Evento(EventoID,Descricao, Data, Admissao, Quarto) VALUES (1945, "descricao","15/1/2016 2:39:34" ,426, 179);
INSERT INTO Consulta( EventoID, Diagnostico, Medico) VALUES (1945,"Dysentery",402);
INSERT INTO Evento(EventoID,Descricao, Data, Admissao, Quarto) VALUES (1946, "descricao","26/9/2016 15:57:49" ,299, 143);
INSERT INTO Consulta( EventoID, Diagnostico, Medico) VALUES (1946,"Vasovagal syncope",383);
INSERT INTO Evento(EventoID,Descricao, Data, Admissao, Quarto) VALUES (1947, "descricao","6/8/1965 19:52:4" ,227, 215);
INSERT INTO Consulta( EventoID, Diagnostico, Medico) VALUES (1947,"SIDS",422);
INSERT INTO Evento(EventoID,Descricao, Data, Admissao, Quarto) VALUES (1948, "descricao","2/11/2010 10:41:47" ,130, 214);
INSERT INTO Consulta( EventoID, Diagnostico, Medico) VALUES (1948,"Pilia",412);
INSERT INTO Evento(EventoID,Descricao, Data, Admissao, Quarto) VALUES (1949, "descricao","9/10/1967 7:36:45" ,442, 172);
INSERT INTO Consulta( EventoID, Diagnostico, Medico) VALUES (1949,"Erectile dysfunction",401);
INSERT INTO Evento(EventoID,Descricao, Data, Admissao, Quarto) VALUES (1950, "descricao","16/11/2001 11:24:23" ,297, 179);
INSERT INTO Consulta( EventoID, Diagnostico, Medico) VALUES (1950,"Viral fever",401);
INSERT INTO Evento(EventoID,Descricao, Data, Admissao, Quarto) VALUES (1951, "descricao","11/5/1999 2:25:36" ,246, 144);
INSERT INTO Consulta( EventoID, Diagnostico, Medico) VALUES (1951,"Chorea",389);
INSERT INTO Evento(EventoID,Descricao, Data, Admissao, Quarto) VALUES (1952, "descricao","2/2/2003 10:36:54" ,339, 210);
INSERT INTO Consulta( EventoID, Diagnostico, Medico) VALUES (1952,"Osso quebrado",421);
INSERT INTO Evento(EventoID,Descricao, Data, Admissao, Quarto) VALUES (1953, "descricao","26/7/2018 18:38:17" ,397, 211);
INSERT INTO Consulta( EventoID, Diagnostico, Medico) VALUES (1953,"Rabies",383);
INSERT INTO Evento(EventoID,Descricao, Data, Admissao, Quarto) VALUES (1954, "descricao","18/1/1989 14:37:29" ,117, 151);
INSERT INTO Consulta( EventoID, Diagnostico, Medico) VALUES (1954,"Thalassaemia",394);
INSERT INTO Evento(EventoID,Descricao, Data, Admissao, Quarto) VALUES (1955, "descricao","8/1/2006 0:53:34" ,415, 175);
INSERT INTO Consulta( EventoID, Diagnostico, Medico) VALUES (1955,"Mal estar",394);
INSERT INTO Evento(EventoID,Descricao, Data, Admissao, Quarto) VALUES (1956, "descricao","7/5/1974 17:52:13" ,215, 147);
INSERT INTO Consulta( EventoID, Diagnostico, Medico) VALUES (1956,"Hypothyroid",410);
INSERT INTO Evento(EventoID,Descricao, Data, Admissao, Quarto) VALUES (1957, "descricao","14/2/1987 1:37:9" ,91, 112);
INSERT INTO Consulta( EventoID, Diagnostico, Medico) VALUES (1957,"Indeterminado",425);
INSERT INTO Evento(EventoID,Descricao, Data, Admissao, Quarto) VALUES (1958, "descricao","1/3/1968 9:9:38" ,44, 241);
INSERT INTO Consulta( EventoID, Diagnostico, Medico) VALUES (1958,"Chagas disease",404);
INSERT INTO Evento(EventoID,Descricao, Data, Admissao, Quarto) VALUES (1959, "descricao","11/4/1991 19:15:44" ,98, 206);
INSERT INTO Consulta( EventoID, Diagnostico, Medico) VALUES (1959,"Rocky Mountain spotted fever",402);
INSERT INTO Evento(EventoID,Descricao, Data, Admissao, Quarto) VALUES (1960, "descricao","20/10/1982 9:48:32" ,214, 178);
INSERT INTO Consulta( EventoID, Diagnostico, Medico) VALUES (1960,"Infeccao bacteriana",413);
INSERT INTO Evento(EventoID,Descricao, Data, Admissao, Quarto) VALUES (1961, "descricao","7/11/2012 13:41:21" ,211, 186);
INSERT INTO Consulta( EventoID, Diagnostico, Medico) VALUES (1961,"Foodborne illness",405);
INSERT INTO Evento(EventoID,Descricao, Data, Admissao, Quarto) VALUES (1962, "descricao","24/2/2016 22:25:17" ,88, 129);
INSERT INTO Consulta( EventoID, Diagnostico, Medico) VALUES (1962,"Warkany syndrome",424);
INSERT INTO Evento(EventoID,Descricao, Data, Admissao, Quarto) VALUES (1963, "descricao","6/10/1997 17:2:21" ,401, 238);
INSERT INTO Consulta( EventoID, Diagnostico, Medico) VALUES (1963,"Non-gonococcal urethritis",421);
INSERT INTO Evento(EventoID,Descricao, Data, Admissao, Quarto) VALUES (1964, "descricao","28/5/1993 1:53:39" ,367, 148);
INSERT INTO Consulta( EventoID, Diagnostico, Medico) VALUES (1964,"Poliomyelitis",408);
INSERT INTO Evento(EventoID,Descricao, Data, Admissao, Quarto) VALUES (1965, "descricao","25/5/1989 7:4:17" ,361, 134);
INSERT INTO Consulta( EventoID, Diagnostico, Medico) VALUES (1965,"Catapora",416);
INSERT INTO Evento(EventoID,Descricao, Data, Admissao, Quarto) VALUES (1966, "descricao","26/6/1971 2:2:16" ,224, 148);
INSERT INTO Consulta( EventoID, Diagnostico, Medico) VALUES (1966,"Virose",404);
INSERT INTO Evento(EventoID,Descricao, Data, Admissao, Quarto) VALUES (1967, "descricao","21/8/2004 7:26:13" ,234, 149);
INSERT INTO Consulta( EventoID, Diagnostico, Medico) VALUES (1967,"Streptococcal infection",418);
INSERT INTO Evento(EventoID,Descricao, Data, Admissao, Quarto) VALUES (1968, "descricao","19/3/1965 12:3:34" ,165, 148);
INSERT INTO Consulta( EventoID, Diagnostico, Medico) VALUES (1968,"Shin splints",405);
INSERT INTO Evento(EventoID,Descricao, Data, Admissao, Quarto) VALUES (1969, "descricao","21/4/1987 10:56:45" ,346, 108);
INSERT INTO Consulta( EventoID, Diagnostico, Medico) VALUES (1969,"Hepatitis D",401);
INSERT INTO Evento(EventoID,Descricao, Data, Admissao, Quarto) VALUES (1970, "descricao","14/3/1966 10:16:36" ,55, 198);
INSERT INTO Consulta( EventoID, Diagnostico, Medico) VALUES (1970,"Hypermetropia",402);
INSERT INTO Evento(EventoID,Descricao, Data, Admissao, Quarto) VALUES (1971, "descricao","7/9/1982 23:32:41" ,248, 149);
INSERT INTO Consulta( EventoID, Diagnostico, Medico) VALUES (1971,"Rickets",391);
INSERT INTO Evento(EventoID,Descricao, Data, Admissao, Quarto) VALUES (1972, "descricao","23/9/1988 22:52:20" ,260, 162);
INSERT INTO Consulta( EventoID, Diagnostico, Medico) VALUES (1972,"Hypothyroid",389);
INSERT INTO Evento(EventoID,Descricao, Data, Admissao, Quarto) VALUES (1973, "descricao","1/9/1985 16:24:0" ,356, 231);
INSERT INTO Consulta( EventoID, Diagnostico, Medico) VALUES (1973,"Infeccao bacteriana",412);
INSERT INTO Evento(EventoID,Descricao, Data, Admissao, Quarto) VALUES (1974, "descricao","25/3/2016 11:50:22" ,215, 175);
INSERT INTO Consulta( EventoID, Diagnostico, Medico) VALUES (1974,"Osso quebrado",412);
INSERT INTO Evento(EventoID,Descricao, Data, Admissao, Quarto) VALUES (1975, "descricao","8/3/1961 4:17:13" ,260, 155);
INSERT INTO Consulta( EventoID, Diagnostico, Medico) VALUES (1975,"Diphtheria",384);
INSERT INTO Evento(EventoID,Descricao, Data, Admissao, Quarto) VALUES (1976, "descricao","21/4/1980 7:53:45" ,338, 113);
INSERT INTO Consulta( EventoID, Diagnostico, Medico) VALUES (1976,"Hypothyroid",394);
INSERT INTO Evento(EventoID,Descricao, Data, Admissao, Quarto) VALUES (1977, "descricao","13/6/1961 4:45:33" ,453, 153);
INSERT INTO Consulta( EventoID, Diagnostico, Medico) VALUES (1977,"Thalassaemia",385);
INSERT INTO Evento(EventoID,Descricao, Data, Admissao, Quarto) VALUES (1978, "descricao","10/12/2005 16:14:36" ,102, 145);
INSERT INTO Consulta( EventoID, Diagnostico, Medico) VALUES (1978,"Lupus erythematosus",396);
INSERT INTO Evento(EventoID,Descricao, Data, Admissao, Quarto) VALUES (1979, "descricao","11/11/2016 19:7:13" ,312, 159);
INSERT INTO Consulta( EventoID, Diagnostico, Medico) VALUES (1979,"Synovitis",395);
INSERT INTO Evento(EventoID,Descricao, Data, Admissao, Quarto) VALUES (1980, "descricao","15/9/1996 4:7:8" ,345, 225);
INSERT INTO Consulta( EventoID, Diagnostico, Medico) VALUES (1980,"Interstitial cystitis",406);
INSERT INTO Evento(EventoID,Descricao, Data, Admissao, Quarto) VALUES (1981, "descricao","13/1/2013 9:46:36" ,387, 130);
INSERT INTO Consulta( EventoID, Diagnostico, Medico) VALUES (1981,"Scrapie",423);
INSERT INTO Evento(EventoID,Descricao, Data, Admissao, Quarto) VALUES (1982, "descricao","19/7/2019 16:29:38" ,436, 230);
INSERT INTO Consulta( EventoID, Diagnostico, Medico) VALUES (1982,"Stevens–Johnson syndrome",393);
INSERT INTO Evento(EventoID,Descricao, Data, Admissao, Quarto) VALUES (1983, "descricao","6/5/1975 12:52:7" ,22, 119);
INSERT INTO Consulta( EventoID, Diagnostico, Medico) VALUES (1983,"Limbtoosa",405);
INSERT INTO Evento(EventoID,Descricao, Data, Admissao, Quarto) VALUES (1984, "descricao","2/2/1997 22:0:33" ,150, 168);
INSERT INTO Consulta( EventoID, Diagnostico, Medico) VALUES (1984,"Stevens–Johnson syndrome",385);
INSERT INTO Evento(EventoID,Descricao, Data, Admissao, Quarto) VALUES (1985, "descricao","6/11/1964 0:54:36" ,294, 120);
INSERT INTO Consulta( EventoID, Diagnostico, Medico) VALUES (1985,"Catapora",396);
INSERT INTO Evento(EventoID,Descricao, Data, Admissao, Quarto) VALUES (1986, "descricao","22/8/2016 7:3:49" ,98, 123);
INSERT INTO Consulta( EventoID, Diagnostico, Medico) VALUES (1986,"Viral fever",387);
INSERT INTO Evento(EventoID,Descricao, Data, Admissao, Quarto) VALUES (1987, "descricao","28/1/2001 9:28:7" ,438, 149);
INSERT INTO Consulta( EventoID, Diagnostico, Medico) VALUES (1987,"Tumor",422);
INSERT INTO Evento(EventoID,Descricao, Data, Admissao, Quarto) VALUES (1988, "descricao","26/3/1966 2:26:33" ,471, 220);
INSERT INTO Consulta( EventoID, Diagnostico, Medico) VALUES (1988,"Indeterminado",404);
INSERT INTO Evento(EventoID,Descricao, Data, Admissao, Quarto) VALUES (1989, "descricao","11/7/1986 7:48:29" ,135, 209);
INSERT INTO Consulta( EventoID, Diagnostico, Medico) VALUES (1989,"Black Death",418);
INSERT INTO Evento(EventoID,Descricao, Data, Admissao, Quarto) VALUES (1990, "descricao","21/11/2014 9:50:30" ,243, 227);
INSERT INTO Consulta( EventoID, Diagnostico, Medico) VALUES (1990,"Hepatitis A",405);
INSERT INTO Evento(EventoID,Descricao, Data, Admissao, Quarto) VALUES (1991, "descricao","2/12/2019 21:55:2" ,248, 209);
INSERT INTO Consulta( EventoID, Diagnostico, Medico) VALUES (1991,"Astigmatism",408);
INSERT INTO Evento(EventoID,Descricao, Data, Admissao, Quarto) VALUES (1992, "descricao","5/7/1983 10:39:51" ,337, 158);
INSERT INTO Consulta( EventoID, Diagnostico, Medico) VALUES (1992,"Osteoporosis",385);
INSERT INTO Evento(EventoID,Descricao, Data, Admissao, Quarto) VALUES (1993, "descricao","6/5/2006 19:24:58" ,268, 121);
INSERT INTO Consulta( EventoID, Diagnostico, Medico) VALUES (1993,"Ignious Syndrome",416);
INSERT INTO Evento(EventoID,Descricao, Data, Admissao, Quarto) VALUES (1994, "descricao","4/12/2009 11:44:56" ,305, 120);
INSERT INTO Consulta( EventoID, Diagnostico, Medico) VALUES (1994,"Trichomoniasis",395);
INSERT INTO Evento(EventoID,Descricao, Data, Admissao, Quarto) VALUES (1995, "descricao","14/5/2010 0:23:48" ,95, 120);
INSERT INTO Consulta( EventoID, Diagnostico, Medico) VALUES (1995,"Laryngitis",385);
INSERT INTO Evento(EventoID,Descricao, Data, Admissao, Quarto) VALUES (1996, "descricao","1/4/1997 17:50:29" ,30, 129);
INSERT INTO Consulta( EventoID, Diagnostico, Medico) VALUES (1996,"Ebola",392);
INSERT INTO Evento(EventoID,Descricao, Data, Admissao, Quarto) VALUES (1997, "descricao","8/10/1977 6:36:9" ,446, 104);
INSERT INTO Consulta( EventoID, Diagnostico, Medico) VALUES (1997,"Catapora",411);
INSERT INTO Evento(EventoID,Descricao, Data, Admissao, Quarto) VALUES (1998, "descricao","6/7/1980 16:9:59" ,80, 104);
INSERT INTO Consulta( EventoID, Diagnostico, Medico) VALUES (1998,"Mal estar",412);
INSERT INTO Evento(EventoID,Descricao, Data, Admissao, Quarto) VALUES (1999, "descricao","24/9/1978 1:29:53" ,86, 207);
INSERT INTO Consulta( EventoID, Diagnostico, Medico) VALUES (1999,"Pubic lice",390);
INSERT INTO Evento(EventoID,Descricao, Data, Admissao, Quarto) VALUES (2000, "descricao","3/7/1987 21:28:52" ,104, 128);
INSERT INTO Consulta( EventoID, Diagnostico, Medico) VALUES (2000,"Trichomoniasis",384);
INSERT INTO Evento(EventoID,Descricao, Data, Admissao, Quarto) VALUES (2001, "descricao","19/6/2007 11:26:15" ,111, 165);
INSERT INTO Consulta( EventoID, Diagnostico, Medico) VALUES (2001,"Appendicitis",408);
INSERT INTO Evento(EventoID,Descricao, Data, Admissao, Quarto) VALUES (2002, "descricao","10/9/1994 6:23:16" ,271, 217);
INSERT INTO Consulta( EventoID, Diagnostico, Medico) VALUES (2002,"Erectile dysfunction",384);
INSERT INTO Evento(EventoID,Descricao, Data, Admissao, Quarto) VALUES (2003, "descricao","10/6/2013 21:40:7" ,29, 226);
INSERT INTO Consulta( EventoID, Diagnostico, Medico) VALUES (2003,"HIV",397);
INSERT INTO Evento(EventoID,Descricao, Data, Admissao, Quarto) VALUES (2004, "descricao","25/7/1997 0:2:45" ,17, 191);
INSERT INTO Consulta( EventoID, Diagnostico, Medico) VALUES (2004,"Osso quebrado",412);
INSERT INTO Evento(EventoID,Descricao, Data, Admissao, Quarto) VALUES (2005, "descricao","24/5/2003 12:15:43" ,391, 189);
INSERT INTO Consulta( EventoID, Diagnostico, Medico) VALUES (2005,"Obesity",416);
INSERT INTO Evento(EventoID,Descricao, Data, Admissao, Quarto) VALUES (2006, "descricao","7/5/1961 10:38:30" ,95, 192);
INSERT INTO Consulta( EventoID, Diagnostico, Medico) VALUES (2006,"Infeccao bacteriana",400);
INSERT INTO Evento(EventoID,Descricao, Data, Admissao, Quarto) VALUES (2007, "descricao","28/10/1996 9:56:14" ,144, 231);
INSERT INTO Consulta( EventoID, Diagnostico, Medico) VALUES (2007,"Osso quebrado",387);
INSERT INTO Evento(EventoID,Descricao, Data, Admissao, Quarto) VALUES (2008, "descricao","4/8/1997 3:7:7" ,341, 142);
INSERT INTO Consulta( EventoID, Diagnostico, Medico) VALUES (2008,"Leukemia",391);
INSERT INTO Evento(EventoID,Descricao, Data, Admissao, Quarto) VALUES (2009, "descricao","20/6/1996 3:1:31" ,238, 222);
INSERT INTO Consulta( EventoID, Diagnostico, Medico) VALUES (2009,"Lead poisoning",384);
INSERT INTO Evento(EventoID,Descricao, Data, Admissao, Quarto) VALUES (2010, "descricao","7/5/2019 9:52:29" ,250, 188);
INSERT INTO Consulta( EventoID, Diagnostico, Medico) VALUES (2010,"Hypotonia",426);
INSERT INTO Evento(EventoID,Descricao, Data, Admissao, Quarto) VALUES (2011, "descricao","3/6/2002 4:28:41" ,346, 125);
INSERT INTO Consulta( EventoID, Diagnostico, Medico) VALUES (2011,"Ulcerative colitis",414);
INSERT INTO Evento(EventoID,Descricao, Data, Admissao, Quarto) VALUES (2012, "descricao","4/7/1961 10:10:0" ,176, 236);
INSERT INTO Consulta( EventoID, Diagnostico, Medico) VALUES (2012,"Prostatitis",385);
INSERT INTO Evento(EventoID,Descricao, Data, Admissao, Quarto) VALUES (2013, "descricao","18/10/1977 22:17:32" ,401, 216);
INSERT INTO Consulta( EventoID, Diagnostico, Medico) VALUES (2013,"Catapora",416);
INSERT INTO Evento(EventoID,Descricao, Data, Admissao, Quarto) VALUES (2014, "descricao","28/4/1979 6:21:15" ,293, 156);
INSERT INTO Consulta( EventoID, Diagnostico, Medico) VALUES (2014,"Catapora",426);
INSERT INTO Evento(EventoID,Descricao, Data, Admissao, Quarto) VALUES (2015, "descricao","19/3/2006 4:44:3" ,161, 129);
INSERT INTO Consulta( EventoID, Diagnostico, Medico) VALUES (2015,"Kidney stone disease",426);
INSERT INTO Evento(EventoID,Descricao, Data, Admissao, Quarto) VALUES (2016, "descricao","22/6/2005 1:19:39" ,142, 146);
INSERT INTO Consulta( EventoID, Diagnostico, Medico) VALUES (2016,"Neoplasm",385);
INSERT INTO Evento(EventoID,Descricao, Data, Admissao, Quarto) VALUES (2017, "descricao","18/11/1969 7:6:51" ,24, 103);
INSERT INTO Consulta( EventoID, Diagnostico, Medico) VALUES (2017,"Progeria",392);
INSERT INTO Evento(EventoID,Descricao, Data, Admissao, Quarto) VALUES (2018, "descricao","23/11/2019 14:33:56" ,154, 129);
INSERT INTO Consulta( EventoID, Diagnostico, Medico) VALUES (2018,"Shin splints",397);
INSERT INTO Evento(EventoID,Descricao, Data, Admissao, Quarto) VALUES (2019, "descricao","16/9/1996 5:37:14" ,236, 198);
INSERT INTO Consulta( EventoID, Diagnostico, Medico) VALUES (2019,"Interstitial cystitis",415);
INSERT INTO Evento(EventoID,Descricao, Data, Admissao, Quarto) VALUES (2020, "descricao","1/9/1960 15:44:40" ,407, 117);
INSERT INTO Consulta( EventoID, Diagnostico, Medico) VALUES (2020,"Osso quebrado",386);
INSERT INTO Evento(EventoID,Descricao, Data, Admissao, Quarto) VALUES (2021, "descricao","27/10/1962 4:49:37" ,155, 142);
INSERT INTO Consulta( EventoID, Diagnostico, Medico) VALUES (2021,"Human papillomavirus",417);
INSERT INTO Evento(EventoID,Descricao, Data, Admissao, Quarto) VALUES (2022, "descricao","7/4/1988 0:38:45" ,454, 168);
INSERT INTO Consulta( EventoID, Diagnostico, Medico) VALUES (2022,"Iron-deficiency anemia",396);
INSERT INTO Evento(EventoID,Descricao, Data, Admissao, Quarto) VALUES (2023, "descricao","3/1/2000 4:49:20" ,410, 217);
INSERT INTO Consulta( EventoID, Diagnostico, Medico) VALUES (2023,"Leptospirosis",406);
INSERT INTO Evento(EventoID,Descricao, Data, Admissao, Quarto) VALUES (2024, "descricao","28/2/2019 16:48:57" ,18, 122);
INSERT INTO Consulta( EventoID, Diagnostico, Medico) VALUES (2024,"Breast cancer",407);
INSERT INTO Evento(EventoID,Descricao, Data, Admissao, Quarto) VALUES (2025, "descricao","26/11/2004 15:32:53" ,468, 170);
INSERT INTO Consulta( EventoID, Diagnostico, Medico) VALUES (2025,"Osso quebrado",394);
INSERT INTO Evento(EventoID,Descricao, Data, Admissao, Quarto) VALUES (2026, "descricao","22/4/1992 20:1:32" ,202, 220);
INSERT INTO Consulta( EventoID, Diagnostico, Medico) VALUES (2026,"Trichinosis",424);
INSERT INTO Evento(EventoID,Descricao, Data, Admissao, Quarto) VALUES (2027, "descricao","4/4/1976 0:48:28" ,155, 220);
INSERT INTO Consulta( EventoID, Diagnostico, Medico) VALUES (2027,"Psoriasis",390);
INSERT INTO Evento(EventoID,Descricao, Data, Admissao, Quarto) VALUES (2028, "descricao","10/3/1988 23:14:4" ,24, 120);
INSERT INTO Consulta( EventoID, Diagnostico, Medico) VALUES (2028,"Rubella",411);
INSERT INTO Evento(EventoID,Descricao, Data, Admissao, Quarto) VALUES (2029, "descricao","23/5/1982 23:6:43" ,196, 145);
INSERT INTO Consulta( EventoID, Diagnostico, Medico) VALUES (2029,"Viral meningitis",413);
INSERT INTO Evento(EventoID,Descricao, Data, Admissao, Quarto) VALUES (2030, "descricao","13/6/1993 17:32:18" ,318, 184);
INSERT INTO Consulta( EventoID, Diagnostico, Medico) VALUES (2030,"Pulmonary embolism",423);
INSERT INTO Evento(EventoID,Descricao, Data, Admissao, Quarto) VALUES (2031, "descricao","8/12/1989 3:48:51" ,138, 163);
INSERT INTO Consulta( EventoID, Diagnostico, Medico) VALUES (2031,"Human papillomavirus",404);
INSERT INTO Evento(EventoID,Descricao, Data, Admissao, Quarto) VALUES (2032, "descricao","5/9/2015 2:15:57" ,60, 247);
INSERT INTO Consulta( EventoID, Diagnostico, Medico) VALUES (2032,"Common cold",417);
INSERT INTO Evento(EventoID,Descricao, Data, Admissao, Quarto) VALUES (2033, "descricao","5/8/1963 20:11:8" ,397, 221);
INSERT INTO Consulta( EventoID, Diagnostico, Medico) VALUES (2033,"Mal estar",405);
INSERT INTO Evento(EventoID,Descricao, Data, Admissao, Quarto) VALUES (2034, "descricao","7/7/2013 22:11:25" ,253, 190);
INSERT INTO Consulta( EventoID, Diagnostico, Medico) VALUES (2034,"Indeterminado",394);
INSERT INTO Evento(EventoID,Descricao, Data, Admissao, Quarto) VALUES (2035, "descricao","15/5/2016 17:53:46" ,302, 209);
INSERT INTO Consulta( EventoID, Diagnostico, Medico) VALUES (2035,"Infeccao bacteriana",414);
INSERT INTO Evento(EventoID,Descricao, Data, Admissao, Quarto) VALUES (2036, "descricao","8/3/1962 20:11:31" ,451, 165);
INSERT INTO Consulta( EventoID, Diagnostico, Medico) VALUES (2036,"Appendicitis",405);
INSERT INTO Evento(EventoID,Descricao, Data, Admissao, Quarto) VALUES (2037, "descricao","21/10/2008 11:32:38" ,246, 169);
INSERT INTO Consulta( EventoID, Diagnostico, Medico) VALUES (2037,"Tinnitus",400);
INSERT INTO Evento(EventoID,Descricao, Data, Admissao, Quarto) VALUES (2038, "descricao","23/11/1967 10:13:4" ,54, 204);
INSERT INTO Consulta( EventoID, Diagnostico, Medico) VALUES (2038,"Tuberculosis",421);
INSERT INTO Evento(EventoID,Descricao, Data, Admissao, Quarto) VALUES (2039, "descricao","7/2/1973 5:0:51" ,297, 233);
INSERT INTO Consulta( EventoID, Diagnostico, Medico) VALUES (2039,"Progeria",407);
INSERT INTO Evento(EventoID,Descricao, Data, Admissao, Quarto) VALUES (2040, "descricao","26/4/1996 15:23:53" ,41, 196);
INSERT INTO Consulta( EventoID, Diagnostico, Medico) VALUES (2040,"Mononucleosis",421);
INSERT INTO Evento(EventoID,Descricao, Data, Admissao, Quarto) VALUES (2041, "descricao","4/11/2000 15:41:18" ,91, 204);
INSERT INTO Consulta( EventoID, Diagnostico, Medico) VALUES (2041,"Ear infection",419);
INSERT INTO Evento(EventoID,Descricao, Data, Admissao, Quarto) VALUES (2042, "descricao","5/11/1976 11:46:15" ,421, 136);
INSERT INTO Consulta( EventoID, Diagnostico, Medico) VALUES (2042,"Mal estar",402);
INSERT INTO Evento(EventoID,Descricao, Data, Admissao, Quarto) VALUES (2043, "descricao","21/1/1970 14:41:42" ,2, 182);
INSERT INTO Consulta( EventoID, Diagnostico, Medico) VALUES (2043,"Tetanus",425);
INSERT INTO Evento(EventoID,Descricao, Data, Admissao, Quarto) VALUES (2044, "descricao","3/2/2010 17:34:17" ,485, 218);
INSERT INTO Consulta( EventoID, Diagnostico, Medico) VALUES (2044,"Viral meningitis",391);
INSERT INTO Evento(EventoID,Descricao, Data, Admissao, Quarto) VALUES (2045, "descricao","21/8/2001 18:35:48" ,204, 114);
INSERT INTO Consulta( EventoID, Diagnostico, Medico) VALUES (2045,"Trichomoniasis",409);
INSERT INTO Evento(EventoID,Descricao, Data, Admissao, Quarto) VALUES (2046, "descricao","10/1/1979 9:47:20" ,241, 145);
INSERT INTO Consulta( EventoID, Diagnostico, Medico) VALUES (2046,"Indeterminado",418);
INSERT INTO Evento(EventoID,Descricao, Data, Admissao, Quarto) VALUES (2047, "descricao","14/9/1968 13:54:32" ,370, 204);
INSERT INTO Consulta( EventoID, Diagnostico, Medico) VALUES (2047,"Bunion",397);
INSERT INTO Evento(EventoID,Descricao, Data, Admissao, Quarto) VALUES (2048, "descricao","19/7/1989 23:45:35" ,48, 226);
INSERT INTO Consulta( EventoID, Diagnostico, Medico) VALUES (2048,"Indeterminado",420);
INSERT INTO Evento(EventoID,Descricao, Data, Admissao, Quarto) VALUES (2049, "descricao","27/8/1961 5:44:42" ,468, 221);
INSERT INTO Consulta( EventoID, Diagnostico, Medico) VALUES (2049,"Goitre",393);
INSERT INTO Evento(EventoID,Descricao, Data, Admissao, Quarto) VALUES (2050, "descricao","23/10/1972 13:34:5" ,272, 144);
INSERT INTO Consulta( EventoID, Diagnostico, Medico) VALUES (2050,"Parkinson's disease",407);
INSERT INTO Evento(EventoID,Descricao, Data, Admissao, Quarto) VALUES (2051, "descricao","17/6/1964 12:11:23" ,485, 156);
INSERT INTO Consulta( EventoID, Diagnostico, Medico) VALUES (2051,"Myopia",400);
INSERT INTO Evento(EventoID,Descricao, Data, Admissao, Quarto) VALUES (2052, "descricao","12/8/1970 6:17:30" ,110, 205);
INSERT INTO Consulta( EventoID, Diagnostico, Medico) VALUES (2052,"Bronchitis",411);
INSERT INTO Evento(EventoID,Descricao, Data, Admissao, Quarto) VALUES (2053, "descricao","21/2/1979 15:34:16" ,436, 136);
INSERT INTO Consulta( EventoID, Diagnostico, Medico) VALUES (2053,"Hepatitis D",399);
INSERT INTO Evento(EventoID,Descricao, Data, Admissao, Quarto) VALUES (2054, "descricao","13/6/1969 14:23:36" ,368, 127);
INSERT INTO Consulta( EventoID, Diagnostico, Medico) VALUES (2054,"Watkins",402);
INSERT INTO Evento(EventoID,Descricao, Data, Admissao, Quarto) VALUES (2055, "descricao","26/9/2002 6:46:15" ,99, 136);
INSERT INTO Consulta( EventoID, Diagnostico, Medico) VALUES (2055,"Atherosclerosis",394);
INSERT INTO Evento(EventoID,Descricao, Data, Admissao, Quarto) VALUES (2056, "descricao","2/3/1981 5:49:5" ,23, 116);
INSERT INTO Consulta( EventoID, Diagnostico, Medico) VALUES (2056,"Rheumatism",422);
INSERT INTO Evento(EventoID,Descricao, Data, Admissao, Quarto) VALUES (2057, "descricao","24/1/1996 8:32:49" ,329, 230);
INSERT INTO Consulta( EventoID, Diagnostico, Medico) VALUES (2057,"Hepatitis E",400);
INSERT INTO Evento(EventoID,Descricao, Data, Admissao, Quarto) VALUES (2058, "descricao","25/8/2010 0:11:47" ,479, 222);
INSERT INTO Consulta( EventoID, Diagnostico, Medico) VALUES (2058,"Bunion",423);
INSERT INTO Evento(EventoID,Descricao, Data, Admissao, Quarto) VALUES (2059, "descricao","26/7/1985 17:20:52" ,13, 201);
INSERT INTO Consulta( EventoID, Diagnostico, Medico) VALUES (2059,"Bronchitis",399);
INSERT INTO Evento(EventoID,Descricao, Data, Admissao, Quarto) VALUES (2060, "descricao","24/9/2006 4:56:8" ,259, 171);
INSERT INTO Consulta( EventoID, Diagnostico, Medico) VALUES (2060,"Indeterminado",407);
INSERT INTO Evento(EventoID,Descricao, Data, Admissao, Quarto) VALUES (2061, "descricao","4/12/1984 12:28:58" ,186, 180);
INSERT INTO Consulta( EventoID, Diagnostico, Medico) VALUES (2061,"Tungiasis",384);
INSERT INTO Evento(EventoID,Descricao, Data, Admissao, Quarto) VALUES (2062, "descricao","11/12/1991 19:7:58" ,259, 136);
INSERT INTO Consulta( EventoID, Diagnostico, Medico) VALUES (2062,"Hypotonia",395);
INSERT INTO Evento(EventoID,Descricao, Data, Admissao, Quarto) VALUES (2063, "descricao","25/4/1972 21:28:40" ,370, 145);
INSERT INTO Consulta( EventoID, Diagnostico, Medico) VALUES (2063,"Huntington's disease",407);
INSERT INTO Evento(EventoID,Descricao, Data, Admissao, Quarto) VALUES (2064, "descricao","12/10/1993 6:19:19" ,195, 128);
INSERT INTO Consulta( EventoID, Diagnostico, Medico) VALUES (2064,"Hypermetropia",393);
INSERT INTO Evento(EventoID,Descricao, Data, Admissao, Quarto) VALUES (2065, "descricao","3/2/1981 23:13:52" ,463, 112);
INSERT INTO Consulta( EventoID, Diagnostico, Medico) VALUES (2065,"Osso quebrado",403);
INSERT INTO Evento(EventoID,Descricao, Data, Admissao, Quarto) VALUES (2066, "descricao","27/11/2016 2:38:55" ,51, 104);
INSERT INTO Consulta( EventoID, Diagnostico, Medico) VALUES (2066,"Typhoid fever",392);
INSERT INTO Evento(EventoID,Descricao, Data, Admissao, Quarto) VALUES (2067, "descricao","21/2/1981 16:56:46" ,54, 133);
INSERT INTO Consulta( EventoID, Diagnostico, Medico) VALUES (2067,"Pulmonary embolism",405);
INSERT INTO Evento(EventoID,Descricao, Data, Admissao, Quarto) VALUES (2068, "descricao","2/10/1996 0:57:23" ,53, 191);
INSERT INTO Consulta( EventoID, Diagnostico, Medico) VALUES (2068,"Hyperopia",407);
INSERT INTO Evento(EventoID,Descricao, Data, Admissao, Quarto) VALUES (2069, "descricao","12/6/1981 9:8:14" ,446, 129);
INSERT INTO Consulta( EventoID, Diagnostico, Medico) VALUES (2069,"Lead poisoning",416);
INSERT INTO Evento(EventoID,Descricao, Data, Admissao, Quarto) VALUES (2070, "descricao","8/9/2006 18:40:2" ,381, 196);
INSERT INTO Consulta( EventoID, Diagnostico, Medico) VALUES (2070,"Metastatic cancer",384);
INSERT INTO Evento(EventoID,Descricao, Data, Admissao, Quarto) VALUES (2071, "descricao","18/8/1991 20:36:33" ,355, 200);
INSERT INTO Consulta( EventoID, Diagnostico, Medico) VALUES (2071,"Pulmonary embolism",385);
INSERT INTO Evento(EventoID,Descricao, Data, Admissao, Quarto) VALUES (2072, "descricao","5/2/2010 18:45:59" ,342, 201);
INSERT INTO Consulta( EventoID, Diagnostico, Medico) VALUES (2072,"Mad cow disease",408);
INSERT INTO Evento(EventoID,Descricao, Data, Admissao, Quarto) VALUES (2073, "descricao","16/7/1982 16:42:56" ,153, 152);
INSERT INTO Consulta( EventoID, Diagnostico, Medico) VALUES (2073,"Listeriosis",396);
INSERT INTO Evento(EventoID,Descricao, Data, Admissao, Quarto) VALUES (2074, "descricao","7/5/1993 4:46:49" ,173, 152);
INSERT INTO Consulta( EventoID, Diagnostico, Medico) VALUES (2074,"Tularemia",404);
INSERT INTO Evento(EventoID,Descricao, Data, Admissao, Quarto) VALUES (2075, "descricao","17/9/1961 1:22:30" ,281, 143);
INSERT INTO Consulta( EventoID, Diagnostico, Medico) VALUES (2075,"Measles",425);
INSERT INTO Evento(EventoID,Descricao, Data, Admissao, Quarto) VALUES (2076, "descricao","27/7/1961 4:58:54" ,181, 234);
INSERT INTO Consulta( EventoID, Diagnostico, Medico) VALUES (2076,"Mad cow disease",425);
INSERT INTO Evento(EventoID,Descricao, Data, Admissao, Quarto) VALUES (2077, "descricao","18/5/2010 15:26:6" ,22, 155);
INSERT INTO Consulta( EventoID, Diagnostico, Medico) VALUES (2077,"Gonorrhea",397);
INSERT INTO Evento(EventoID,Descricao, Data, Admissao, Quarto) VALUES (2078, "descricao","21/3/1968 19:43:30" ,35, 218);
INSERT INTO Consulta( EventoID, Diagnostico, Medico) VALUES (2078,"Sickle-cell anemia",403);
INSERT INTO Evento(EventoID,Descricao, Data, Admissao, Quarto) VALUES (2079, "descricao","18/1/1967 18:38:45" ,171, 136);
INSERT INTO Consulta( EventoID, Diagnostico, Medico) VALUES (2079,"Night blindness",409);
INSERT INTO Evento(EventoID,Descricao, Data, Admissao, Quarto) VALUES (2080, "descricao","26/11/1980 13:30:45" ,358, 193);
INSERT INTO Consulta( EventoID, Diagnostico, Medico) VALUES (2080,"Rheumatic heart",409);
INSERT INTO Evento(EventoID,Descricao, Data, Admissao, Quarto) VALUES (2081, "descricao","12/4/1964 11:49:49" ,336, 136);
INSERT INTO Consulta( EventoID, Diagnostico, Medico) VALUES (2081,"Thalassaemia",388);
INSERT INTO Evento(EventoID,Descricao, Data, Admissao, Quarto) VALUES (2082, "descricao","24/5/1996 17:35:9" ,155, 143);
INSERT INTO Consulta( EventoID, Diagnostico, Medico) VALUES (2082,"Catapora",392);
INSERT INTO Evento(EventoID,Descricao, Data, Admissao, Quarto) VALUES (2083, "descricao","11/3/1987 20:17:27" ,417, 189);
INSERT INTO Consulta( EventoID, Diagnostico, Medico) VALUES (2083,"Mal estar",419);
INSERT INTO Evento(EventoID,Descricao, Data, Admissao, Quarto) VALUES (2084, "descricao","7/5/1978 6:19:13" ,475, 185);
INSERT INTO Consulta( EventoID, Diagnostico, Medico) VALUES (2084,"Legionellosis",392);
INSERT INTO Evento(EventoID,Descricao, Data, Admissao, Quarto) VALUES (2085, "descricao","2/5/2010 20:59:34" ,72, 190);
INSERT INTO Consulta( EventoID, Diagnostico, Medico) VALUES (2085,"SARS",423);
INSERT INTO Evento(EventoID,Descricao, Data, Admissao, Quarto) VALUES (2086, "descricao","10/3/1986 0:53:2" ,140, 103);
INSERT INTO Consulta( EventoID, Diagnostico, Medico) VALUES (2086,"Shigellosis",424);
INSERT INTO Evento(EventoID,Descricao, Data, Admissao, Quarto) VALUES (2087, "descricao","28/12/1978 0:21:46" ,40, 136);
INSERT INTO Consulta( EventoID, Diagnostico, Medico) VALUES (2087,"Epilepsy",390);
INSERT INTO Evento(EventoID,Descricao, Data, Admissao, Quarto) VALUES (2088, "descricao","26/7/2013 9:19:33" ,498, 107);
INSERT INTO Consulta( EventoID, Diagnostico, Medico) VALUES (2088,"Virose",424);
INSERT INTO Evento(EventoID,Descricao, Data, Admissao, Quarto) VALUES (2089, "descricao","22/9/1966 16:18:14" ,372, 217);
INSERT INTO Consulta( EventoID, Diagnostico, Medico) VALUES (2089,"Virose",418);
INSERT INTO Evento(EventoID,Descricao, Data, Admissao, Quarto) VALUES (2090, "descricao","19/2/1981 23:22:53" ,108, 136);
INSERT INTO Consulta( EventoID, Diagnostico, Medico) VALUES (2090,"Shigellosis",423);
INSERT INTO Evento(EventoID,Descricao, Data, Admissao, Quarto) VALUES (2091, "descricao","3/10/1973 21:22:40" ,465, 120);
INSERT INTO Consulta( EventoID, Diagnostico, Medico) VALUES (2091,"GERD",420);
INSERT INTO Evento(EventoID,Descricao, Data, Admissao, Quarto) VALUES (2092, "descricao","21/2/2006 21:51:25" ,122, 223);
INSERT INTO Consulta( EventoID, Diagnostico, Medico) VALUES (2092,"Rheumatism",404);
INSERT INTO Evento(EventoID,Descricao, Data, Admissao, Quarto) VALUES (2093, "descricao","7/8/1977 21:10:2" ,461, 117);
INSERT INTO Consulta( EventoID, Diagnostico, Medico) VALUES (2093,"Paratyphoid fever",390);
INSERT INTO Evento(EventoID,Descricao, Data, Admissao, Quarto) VALUES (2094, "descricao","5/2/1991 3:49:5" ,124, 195);
INSERT INTO Consulta( EventoID, Diagnostico, Medico) VALUES (2094,"Stevens–Johnson syndrome",388);
INSERT INTO Evento(EventoID,Descricao, Data, Admissao, Quarto) VALUES (2095, "descricao","23/9/1990 14:0:25" ,359, 166);
INSERT INTO Consulta( EventoID, Diagnostico, Medico) VALUES (2095,"Bronchitis",410);
INSERT INTO Evento(EventoID,Descricao, Data, Admissao, Quarto) VALUES (2096, "descricao","14/1/1989 0:48:17" ,128, 144);
INSERT INTO Consulta( EventoID, Diagnostico, Medico) VALUES (2096,"Chlamydia trachomatis",420);
INSERT INTO Evento(EventoID,Descricao, Data, Admissao, Quarto) VALUES (2097, "descricao","28/12/1964 6:2:24" ,109, 154);
INSERT INTO Consulta( EventoID, Diagnostico, Medico) VALUES (2097,"Silicosis",400);
INSERT INTO Evento(EventoID,Descricao, Data, Admissao, Quarto) VALUES (2098, "descricao","3/1/1966 14:10:55" ,283, 230);
INSERT INTO Consulta( EventoID, Diagnostico, Medico) VALUES (2098,"Parkinson's disease",397);
INSERT INTO Evento(EventoID,Descricao, Data, Admissao, Quarto) VALUES (2099, "descricao","9/6/2007 8:50:36" ,417, 223);
INSERT INTO Consulta( EventoID, Diagnostico, Medico) VALUES (2099,"Leprosy",426);
INSERT INTO Evento(EventoID,Descricao, Data, Admissao, Quarto) VALUES (2100, "descricao","27/12/2013 14:53:38" ,355, 159);
INSERT INTO Consulta( EventoID, Diagnostico, Medico) VALUES (2100,"Phenylketonuria",391);
INSERT INTO Evento(EventoID,Descricao, Data, Admissao, Quarto) VALUES (2101, "descricao","8/1/2008 10:14:9" ,152, 167);
INSERT INTO Consulta( EventoID, Diagnostico, Medico) VALUES (2101,"Ebola",426);
INSERT INTO Evento(EventoID,Descricao, Data, Admissao, Quarto) VALUES (2102, "descricao","13/1/1977 14:7:51" ,158, 223);
INSERT INTO Consulta( EventoID, Diagnostico, Medico) VALUES (2102,"Streptococcal infection",394);
INSERT INTO Evento(EventoID,Descricao, Data, Admissao, Quarto) VALUES (2103, "descricao","17/9/2019 20:51:3" ,88, 113);
INSERT INTO Consulta( EventoID, Diagnostico, Medico) VALUES (2103,"Vasovagal syncope",394);
INSERT INTO Evento(EventoID,Descricao, Data, Admissao, Quarto) VALUES (2104, "descricao","23/7/1979 9:32:20" ,172, 238);
INSERT INTO Consulta( EventoID, Diagnostico, Medico) VALUES (2104,"Hypothyroid",404);
INSERT INTO Evento(EventoID,Descricao, Data, Admissao, Quarto) VALUES (2105, "descricao","17/12/1976 17:21:32" ,261, 171);
INSERT INTO Consulta( EventoID, Diagnostico, Medico) VALUES (2105,"Streptococcal infection",394);
INSERT INTO Evento(EventoID,Descricao, Data, Admissao, Quarto) VALUES (2106, "descricao","28/2/1965 12:34:36" ,168, 213);
INSERT INTO Consulta( EventoID, Diagnostico, Medico) VALUES (2106,"Bronchitis",398);
INSERT INTO Evento(EventoID,Descricao, Data, Admissao, Quarto) VALUES (2107, "descricao","24/2/1971 12:21:5" ,209, 106);
INSERT INTO Consulta( EventoID, Diagnostico, Medico) VALUES (2107,"Hyperopia",401);
INSERT INTO Evento(EventoID,Descricao, Data, Admissao, Quarto) VALUES (2108, "descricao","19/8/1969 18:19:26" ,42, 138);
INSERT INTO Consulta( EventoID, Diagnostico, Medico) VALUES (2108,"Mattticular syndrome",391);
INSERT INTO Evento(EventoID,Descricao, Data, Admissao, Quarto) VALUES (2109, "descricao","4/9/1988 23:55:18" ,320, 197);
INSERT INTO Consulta( EventoID, Diagnostico, Medico) VALUES (2109,"Melanoma",395);
INSERT INTO Evento(EventoID,Descricao, Data, Admissao, Quarto) VALUES (2110, "descricao","24/12/2010 22:49:37" ,406, 140);
INSERT INTO Consulta( EventoID, Diagnostico, Medico) VALUES (2110,"Indeterminado",394);
INSERT INTO Evento(EventoID,Descricao, Data, Admissao, Quarto) VALUES (2111, "descricao","18/9/2009 6:45:50" ,452, 249);
INSERT INTO Consulta( EventoID, Diagnostico, Medico) VALUES (2111,"Catapora",412);
INSERT INTO Evento(EventoID,Descricao, Data, Admissao, Quarto) VALUES (2112, "descricao","28/2/1998 8:49:45" ,111, 104);
INSERT INTO Consulta( EventoID, Diagnostico, Medico) VALUES (2112,"Pertussis",384);
INSERT INTO Evento(EventoID,Descricao, Data, Admissao, Quarto) VALUES (2113, "descricao","19/9/2014 20:0:58" ,288, 155);
INSERT INTO Consulta( EventoID, Diagnostico, Medico) VALUES (2113,"Warkany syndrome",400);
INSERT INTO Evento(EventoID,Descricao, Data, Admissao, Quarto) VALUES (2114, "descricao","19/11/2015 23:11:31" ,151, 202);
INSERT INTO Consulta( EventoID, Diagnostico, Medico) VALUES (2114,"Rheumatic heart",393);
INSERT INTO Evento(EventoID,Descricao, Data, Admissao, Quarto) VALUES (2115, "descricao","3/6/2004 12:35:11" ,223, 183);
INSERT INTO Consulta( EventoID, Diagnostico, Medico) VALUES (2115,"Virose",421);
INSERT INTO Evento(EventoID,Descricao, Data, Admissao, Quarto) VALUES (2116, "descricao","8/1/1962 13:13:40" ,319, 248);
INSERT INTO Consulta( EventoID, Diagnostico, Medico) VALUES (2116,"Melanoma",420);
INSERT INTO Evento(EventoID,Descricao, Data, Admissao, Quarto) VALUES (2117, "descricao","9/12/1995 14:48:11" ,30, 228);
INSERT INTO Consulta( EventoID, Diagnostico, Medico) VALUES (2117,"Gonorrhea",417);
INSERT INTO Evento(EventoID,Descricao, Data, Admissao, Quarto) VALUES (2118, "descricao","27/6/2015 22:11:43" ,292, 126);
INSERT INTO Consulta( EventoID, Diagnostico, Medico) VALUES (2118,"Diabetes mellitus",398);
INSERT INTO Evento(EventoID,Descricao, Data, Admissao, Quarto) VALUES (2119, "descricao","6/1/2008 7:28:32" ,217, 193);
INSERT INTO Consulta( EventoID, Diagnostico, Medico) VALUES (2119,"Osso quebrado",394);
INSERT INTO Evento(EventoID,Descricao, Data, Admissao, Quarto) VALUES (2120, "descricao","21/1/2009 18:3:44" ,418, 149);
INSERT INTO Consulta( EventoID, Diagnostico, Medico) VALUES (2120,"Heart disease",425);
INSERT INTO Evento(EventoID,Descricao, Data, Admissao, Quarto) VALUES (2121, "descricao","23/12/1967 13:37:14" ,60, 191);
INSERT INTO Consulta( EventoID, Diagnostico, Medico) VALUES (2121,"Osso quebrado",419);
INSERT INTO Evento(EventoID,Descricao, Data, Admissao, Quarto) VALUES (2122, "descricao","12/2/2002 11:4:51" ,135, 118);
INSERT INTO Consulta( EventoID, Diagnostico, Medico) VALUES (2122,"Rubella",406);
INSERT INTO Evento(EventoID,Descricao, Data, Admissao, Quarto) VALUES (2123, "descricao","5/2/1982 15:38:4" ,387, 218);
INSERT INTO Consulta( EventoID, Diagnostico, Medico) VALUES (2123,"Non-gonococcal urethritis",412);
INSERT INTO Evento(EventoID,Descricao, Data, Admissao, Quarto) VALUES (2124, "descricao","23/5/2000 6:16:51" ,103, 137);
INSERT INTO Consulta( EventoID, Diagnostico, Medico) VALUES (2124,"Osso quebrado",421);
INSERT INTO Evento(EventoID,Descricao, Data, Admissao, Quarto) VALUES (2125, "descricao","3/6/1989 12:16:56" ,400, 100);
INSERT INTO Consulta( EventoID, Diagnostico, Medico) VALUES (2125,"Gangrene",393);
INSERT INTO Evento(EventoID,Descricao, Data, Admissao, Quarto) VALUES (2126, "descricao","12/4/1992 16:21:45" ,133, 205);
INSERT INTO Consulta( EventoID, Diagnostico, Medico) VALUES (2126,"Indeterminado",410);
INSERT INTO Evento(EventoID,Descricao, Data, Admissao, Quarto) VALUES (2127, "descricao","21/11/1961 5:14:21" ,98, 238);
INSERT INTO Consulta( EventoID, Diagnostico, Medico) VALUES (2127,"Tinnitus",426);
INSERT INTO Evento(EventoID,Descricao, Data, Admissao, Quarto) VALUES (2128, "descricao","9/10/1965 21:37:10" ,34, 136);
INSERT INTO Consulta( EventoID, Diagnostico, Medico) VALUES (2128,"Goitre",425);
INSERT INTO Evento(EventoID,Descricao, Data, Admissao, Quarto) VALUES (2129, "descricao","21/7/2003 2:35:17" ,155, 107);
INSERT INTO Consulta( EventoID, Diagnostico, Medico) VALUES (2129,"Mal estar",423);
INSERT INTO Evento(EventoID,Descricao, Data, Admissao, Quarto) VALUES (2130, "descricao","1/2/1986 17:55:14" ,333, 182);
INSERT INTO Consulta( EventoID, Diagnostico, Medico) VALUES (2130,"Emphysema",397);
INSERT INTO Evento(EventoID,Descricao, Data, Admissao, Quarto) VALUES (2131, "descricao","7/11/1982 4:40:37" ,135, 105);
INSERT INTO Consulta( EventoID, Diagnostico, Medico) VALUES (2131,"Iron-deficiency anemia",401);
INSERT INTO Evento(EventoID,Descricao, Data, Admissao, Quarto) VALUES (2132, "descricao","24/9/2001 13:36:23" ,362, 171);
INSERT INTO Consulta( EventoID, Diagnostico, Medico) VALUES (2132,"Stomach flu",397);
INSERT INTO Evento(EventoID,Descricao, Data, Admissao, Quarto) VALUES (2133, "descricao","22/9/1989 14:14:40" ,499, 247);
INSERT INTO Consulta( EventoID, Diagnostico, Medico) VALUES (2133,"Dengue Fever",406);
INSERT INTO Evento(EventoID,Descricao, Data, Admissao, Quarto) VALUES (2134, "descricao","20/6/1991 10:0:29" ,162, 211);
INSERT INTO Consulta( EventoID, Diagnostico, Medico) VALUES (2134,"Mal estar",419);
INSERT INTO Evento(EventoID,Descricao, Data, Admissao, Quarto) VALUES (2135, "descricao","15/4/1960 22:47:8" ,191, 116);
INSERT INTO Consulta( EventoID, Diagnostico, Medico) VALUES (2135,"Arthritis",396);
INSERT INTO Evento(EventoID,Descricao, Data, Admissao, Quarto) VALUES (2136, "descricao","1/9/1999 14:41:28" ,468, 178);
INSERT INTO Consulta( EventoID, Diagnostico, Medico) VALUES (2136,"Osso quebrado",411);
INSERT INTO Evento(EventoID,Descricao, Data, Admissao, Quarto) VALUES (2137, "descricao","18/11/1993 21:15:11" ,411, 224);
INSERT INTO Consulta( EventoID, Diagnostico, Medico) VALUES (2137,"Dysentery",386);
INSERT INTO Evento(EventoID,Descricao, Data, Admissao, Quarto) VALUES (2138, "descricao","8/10/1990 17:23:16" ,62, 109);
INSERT INTO Consulta( EventoID, Diagnostico, Medico) VALUES (2138,"Pilia",392);
INSERT INTO Evento(EventoID,Descricao, Data, Admissao, Quarto) VALUES (2139, "descricao","14/6/1988 13:33:54" ,494, 179);
INSERT INTO Consulta( EventoID, Diagnostico, Medico) VALUES (2139,"Streptococcal infection",391);
INSERT INTO Evento(EventoID,Descricao, Data, Admissao, Quarto) VALUES (2140, "descricao","18/5/2001 21:4:9" ,275, 226);
INSERT INTO Consulta( EventoID, Diagnostico, Medico) VALUES (2140,"Indeterminado",401);
INSERT INTO Evento(EventoID,Descricao, Data, Admissao, Quarto) VALUES (2141, "descricao","12/6/1977 19:28:21" ,490, 189);
INSERT INTO Consulta( EventoID, Diagnostico, Medico) VALUES (2141,"Virose",398);
INSERT INTO Evento(EventoID,Descricao, Data, Admissao, Quarto) VALUES (2142, "descricao","2/7/1971 6:6:40" ,301, 191);
INSERT INTO Consulta( EventoID, Diagnostico, Medico) VALUES (2142,"Dengue Fever",398);
INSERT INTO Evento(EventoID,Descricao, Data, Admissao, Quarto) VALUES (2143, "descricao","10/1/1999 5:38:14" ,164, 216);
INSERT INTO Consulta( EventoID, Diagnostico, Medico) VALUES (2143,"Campylobacter infection",398);
INSERT INTO Evento(EventoID,Descricao, Data, Admissao, Quarto) VALUES (2144, "descricao","25/4/2011 11:48:43" ,73, 112);
INSERT INTO Consulta( EventoID, Diagnostico, Medico) VALUES (2144,"Trichinosis",400);
INSERT INTO Evento(EventoID,Descricao, Data, Admissao, Quarto) VALUES (2145, "descricao","15/9/1992 3:0:44" ,34, 146);
INSERT INTO Consulta( EventoID, Diagnostico, Medico) VALUES (2145,"Lyme disease",396);
INSERT INTO Evento(EventoID,Descricao, Data, Admissao, Quarto) VALUES (2146, "descricao","16/9/1988 2:21:28" ,307, 158);
INSERT INTO Consulta( EventoID, Diagnostico, Medico) VALUES (2146,"Ulcerative colitis",384);
INSERT INTO Evento(EventoID,Descricao, Data, Admissao, Quarto) VALUES (2147, "descricao","16/6/2014 9:33:23" ,450, 191);
INSERT INTO Consulta( EventoID, Diagnostico, Medico) VALUES (2147,"Heart disease",392);
INSERT INTO Evento(EventoID,Descricao, Data, Admissao, Quarto) VALUES (2148, "descricao","13/8/1970 0:41:8" ,37, 199);
INSERT INTO Consulta( EventoID, Diagnostico, Medico) VALUES (2148,"Psoriasis",397);
INSERT INTO Evento(EventoID,Descricao, Data, Admissao, Quarto) VALUES (2149, "descricao","18/12/2012 13:11:9" ,9, 117);
INSERT INTO Consulta( EventoID, Diagnostico, Medico) VALUES (2149,"Infeccao bacteriana",391);
INSERT INTO Evento(EventoID,Descricao, Data, Admissao, Quarto) VALUES (2150, "descricao","9/7/2016 19:58:15" ,314, 159);
INSERT INTO Consulta( EventoID, Diagnostico, Medico) VALUES (2150,"Mal estar",424);
INSERT INTO Evento(EventoID,Descricao, Data, Admissao, Quarto) VALUES (2151, "descricao","10/4/1976 20:37:9" ,490, 156);
INSERT INTO Consulta( EventoID, Diagnostico, Medico) VALUES (2151,"Stevens–Johnson syndrome",384);
INSERT INTO Evento(EventoID,Descricao, Data, Admissao, Quarto) VALUES (2152, "descricao","2/4/1997 15:24:24" ,417, 189);
INSERT INTO Consulta( EventoID, Diagnostico, Medico) VALUES (2152,"Osso quebrado",385);
INSERT INTO Evento(EventoID,Descricao, Data, Admissao, Quarto) VALUES (2153, "descricao","18/8/1998 8:8:29" ,61, 138);
INSERT INTO Consulta( EventoID, Diagnostico, Medico) VALUES (2153,"Kidney stone disease",390);
INSERT INTO Evento(EventoID,Descricao, Data, Admissao, Quarto) VALUES (2154, "descricao","19/4/1984 7:39:14" ,400, 142);
INSERT INTO Consulta( EventoID, Diagnostico, Medico) VALUES (2154,"Osso quebrado",411);
INSERT INTO Evento(EventoID,Descricao, Data, Admissao, Quarto) VALUES (2155, "descricao","8/3/1972 11:38:9" ,83, 191);
INSERT INTO Consulta( EventoID, Diagnostico, Medico) VALUES (2155,"Virose",406);
INSERT INTO Evento(EventoID,Descricao, Data, Admissao, Quarto) VALUES (2156, "descricao","21/8/2001 7:16:37" ,247, 195);
INSERT INTO Consulta( EventoID, Diagnostico, Medico) VALUES (2156,"Meningitis",426);
INSERT INTO Evento(EventoID,Descricao, Data, Admissao, Quarto) VALUES (2157, "descricao","9/7/1993 2:22:33" ,31, 159);
INSERT INTO Consulta( EventoID, Diagnostico, Medico) VALUES (2157,"Tumor",395);
INSERT INTO Evento(EventoID,Descricao, Data, Admissao, Quarto) VALUES (2158, "descricao","1/8/1974 13:2:49" ,445, 223);
INSERT INTO Consulta( EventoID, Diagnostico, Medico) VALUES (2158,"Peritonitis",386);
INSERT INTO Evento(EventoID,Descricao, Data, Admissao, Quarto) VALUES (2159, "descricao","15/11/2012 20:25:13" ,427, 228);
INSERT INTO Consulta( EventoID, Diagnostico, Medico) VALUES (2159,"Lyme disease",424);
INSERT INTO Evento(EventoID,Descricao, Data, Admissao, Quarto) VALUES (2160, "descricao","10/7/2013 16:49:1" ,473, 126);
INSERT INTO Consulta( EventoID, Diagnostico, Medico) VALUES (2160,"Periodontal disease",407);
INSERT INTO Evento(EventoID,Descricao, Data, Admissao, Quarto) VALUES (2161, "descricao","12/4/1978 4:59:51" ,68, 115);
INSERT INTO Consulta( EventoID, Diagnostico, Medico) VALUES (2161,"Iritis",392);
INSERT INTO Evento(EventoID,Descricao, Data, Admissao, Quarto) VALUES (2162, "descricao","1/8/2007 14:16:9" ,474, 110);
INSERT INTO Consulta( EventoID, Diagnostico, Medico) VALUES (2162,"Ques fever",402);
INSERT INTO Evento(EventoID,Descricao, Data, Admissao, Quarto) VALUES (2163, "descricao","12/4/1964 16:31:51" ,394, 160);
INSERT INTO Consulta( EventoID, Diagnostico, Medico) VALUES (2163,"Osso quebrado",420);
INSERT INTO Evento(EventoID,Descricao, Data, Admissao, Quarto) VALUES (2164, "descricao","11/2/1968 10:4:53" ,405, 142);
INSERT INTO Consulta( EventoID, Diagnostico, Medico) VALUES (2164,"Osso quebrado",401);
INSERT INTO Evento(EventoID,Descricao, Data, Admissao, Quarto) VALUES (2165, "descricao","14/8/1963 20:16:46" ,255, 185);
INSERT INTO Consulta( EventoID, Diagnostico, Medico) VALUES (2165,"Iritis",403);
INSERT INTO Evento(EventoID,Descricao, Data, Admissao, Quarto) VALUES (2166, "descricao","23/2/2019 19:20:24" ,435, 113);
INSERT INTO Consulta( EventoID, Diagnostico, Medico) VALUES (2166,"SARS",407);
INSERT INTO Evento(EventoID,Descricao, Data, Admissao, Quarto) VALUES (2167, "descricao","6/12/2004 16:1:49" ,353, 164);
INSERT INTO Consulta( EventoID, Diagnostico, Medico) VALUES (2167,"Osso quebrado",387);
INSERT INTO Evento(EventoID,Descricao, Data, Admissao, Quarto) VALUES (2168, "descricao","21/3/1981 20:41:32" ,499, 162);
INSERT INTO Consulta( EventoID, Diagnostico, Medico) VALUES (2168,"GERD",419);
INSERT INTO Evento(EventoID,Descricao, Data, Admissao, Quarto) VALUES (2169, "descricao","23/12/1994 4:3:24" ,106, 218);
INSERT INTO Consulta( EventoID, Diagnostico, Medico) VALUES (2169,"Non-gonococcal urethritis",416);
INSERT INTO Evento(EventoID,Descricao, Data, Admissao, Quarto) VALUES (2170, "descricao","2/5/1990 1:23:23" ,413, 156);
INSERT INTO Consulta( EventoID, Diagnostico, Medico) VALUES (2170,"Loiasis",385);
INSERT INTO Evento(EventoID,Descricao, Data, Admissao, Quarto) VALUES (2171, "descricao","15/2/1972 6:52:17" ,111, 144);
INSERT INTO Consulta( EventoID, Diagnostico, Medico) VALUES (2171,"Allergy",384);
INSERT INTO Evento(EventoID,Descricao, Data, Admissao, Quarto) VALUES (2172, "descricao","27/6/2010 6:58:37" ,47, 189);
INSERT INTO Consulta( EventoID, Diagnostico, Medico) VALUES (2172,"Trichinosis",395);
INSERT INTO Evento(EventoID,Descricao, Data, Admissao, Quarto) VALUES (2173, "descricao","23/4/2015 19:28:38" ,200, 151);
INSERT INTO Consulta( EventoID, Diagnostico, Medico) VALUES (2173,"Infeccao bacteriana",383);
INSERT INTO Evento(EventoID,Descricao, Data, Admissao, Quarto) VALUES (2174, "descricao","25/6/1971 14:36:54" ,493, 164);
INSERT INTO Consulta( EventoID, Diagnostico, Medico) VALUES (2174,"Multiple sclerosis",409);
INSERT INTO Evento(EventoID,Descricao, Data, Admissao, Quarto) VALUES (2175, "descricao","21/12/1965 13:5:5" ,109, 108);
INSERT INTO Consulta( EventoID, Diagnostico, Medico) VALUES (2175,"Vasovagal syncope",418);
INSERT INTO Evento(EventoID,Descricao, Data, Admissao, Quarto) VALUES (2176, "descricao","10/4/1960 10:23:9" ,113, 136);
INSERT INTO Consulta( EventoID, Diagnostico, Medico) VALUES (2176,"Prostatitis",405);
INSERT INTO Evento(EventoID,Descricao, Data, Admissao, Quarto) VALUES (2177, "descricao","8/1/1990 18:7:25" ,153, 117);
INSERT INTO Consulta( EventoID, Diagnostico, Medico) VALUES (2177,"Strep throat",415);
INSERT INTO Evento(EventoID,Descricao, Data, Admissao, Quarto) VALUES (2178, "descricao","13/9/1979 3:14:19" ,169, 201);
INSERT INTO Consulta( EventoID, Diagnostico, Medico) VALUES (2178,"Iron-deficiency anemia",394);
INSERT INTO Evento(EventoID,Descricao, Data, Admissao, Quarto) VALUES (2179, "descricao","2/10/1996 21:12:21" ,299, 122);
INSERT INTO Consulta( EventoID, Diagnostico, Medico) VALUES (2179,"Rheumatism",420);
INSERT INTO Evento(EventoID,Descricao, Data, Admissao, Quarto) VALUES (2180, "descricao","2/8/1996 6:48:58" ,303, 221);
INSERT INTO Consulta( EventoID, Diagnostico, Medico) VALUES (2180,"Mattticular syndrome",384);
INSERT INTO Evento(EventoID,Descricao, Data, Admissao, Quarto) VALUES (2181, "descricao","7/2/1976 13:8:59" ,52, 181);
INSERT INTO Consulta( EventoID, Diagnostico, Medico) VALUES (2181,"Campylobacter infection",395);
INSERT INTO Evento(EventoID,Descricao, Data, Admissao, Quarto) VALUES (2182, "descricao","1/5/2004 10:42:15" ,235, 195);
INSERT INTO Consulta( EventoID, Diagnostico, Medico) VALUES (2182,"Gonorrhea",413);
INSERT INTO Evento(EventoID,Descricao, Data, Admissao, Quarto) VALUES (2183, "descricao","15/11/1999 5:28:46" ,487, 145);
INSERT INTO Consulta( EventoID, Diagnostico, Medico) VALUES (2183,"Indeterminado",404);
INSERT INTO Evento(EventoID,Descricao, Data, Admissao, Quarto) VALUES (2184, "descricao","12/10/1970 2:27:16" ,495, 228);
INSERT INTO Consulta( EventoID, Diagnostico, Medico) VALUES (2184,"Cerebral palsy",406);
INSERT INTO Evento(EventoID,Descricao, Data, Admissao, Quarto) VALUES (2185, "descricao","9/7/1993 20:6:27" ,401, 217);
INSERT INTO Consulta( EventoID, Diagnostico, Medico) VALUES (2185,"Brucellosis",403);
INSERT INTO Evento(EventoID,Descricao, Data, Admissao, Quarto) VALUES (2186, "descricao","15/2/1963 3:29:40" ,457, 243);
INSERT INTO Consulta( EventoID, Diagnostico, Medico) VALUES (2186,"Catapora",426);
INSERT INTO Evento(EventoID,Descricao, Data, Admissao, Quarto) VALUES (2187, "descricao","8/12/1995 2:8:23" ,226, 239);
INSERT INTO Consulta( EventoID, Diagnostico, Medico) VALUES (2187,"Diabetes mellitus",412);
INSERT INTO Evento(EventoID,Descricao, Data, Admissao, Quarto) VALUES (2188, "descricao","20/1/1994 2:57:16" ,295, 247);
INSERT INTO Consulta( EventoID, Diagnostico, Medico) VALUES (2188,"Trichomoniasis",414);
INSERT INTO Evento(EventoID,Descricao, Data, Admissao, Quarto) VALUES (2189, "descricao","19/10/1961 12:12:57" ,359, 118);
INSERT INTO Consulta( EventoID, Diagnostico, Medico) VALUES (2189,"Rheumatism",416);
INSERT INTO Evento(EventoID,Descricao, Data, Admissao, Quarto) VALUES (2190, "descricao","10/10/1977 8:53:24" ,20, 222);
INSERT INTO Consulta( EventoID, Diagnostico, Medico) VALUES (2190,"Osso quebrado",399);
INSERT INTO Evento(EventoID,Descricao, Data, Admissao, Quarto) VALUES (2191, "descricao","13/6/2000 11:55:31" ,221, 186);
INSERT INTO Consulta( EventoID, Diagnostico, Medico) VALUES (2191,"Fibromyalgia",402);
INSERT INTO Evento(EventoID,Descricao, Data, Admissao, Quarto) VALUES (2192, "descricao","15/9/1991 10:56:29" ,260, 122);
INSERT INTO Consulta( EventoID, Diagnostico, Medico) VALUES (2192,"Osso quebrado",405);
INSERT INTO Evento(EventoID,Descricao, Data, Admissao, Quarto) VALUES (2193, "descricao","14/6/1960 17:42:42" ,346, 138);
INSERT INTO Consulta( EventoID, Diagnostico, Medico) VALUES (2193,"Morquio Syndrome",385);
INSERT INTO Evento(EventoID,Descricao, Data, Admissao, Quarto) VALUES (2194, "descricao","27/6/1978 7:18:13" ,142, 108);
INSERT INTO Consulta( EventoID, Diagnostico, Medico) VALUES (2194,"Sepsis",425);
INSERT INTO Evento(EventoID,Descricao, Data, Admissao, Quarto) VALUES (2195, "descricao","3/9/1967 0:9:51" ,129, 190);
INSERT INTO Consulta( EventoID, Diagnostico, Medico) VALUES (2195,"Stomach flu",397);
INSERT INTO Evento(EventoID,Descricao, Data, Admissao, Quarto) VALUES (2196, "descricao","6/10/1990 13:19:43" ,7, 119);
INSERT INTO Consulta( EventoID, Diagnostico, Medico) VALUES (2196,"Condyloma",416);
INSERT INTO Evento(EventoID,Descricao, Data, Admissao, Quarto) VALUES (2197, "descricao","23/9/1966 12:19:39" ,429, 148);
INSERT INTO Consulta( EventoID, Diagnostico, Medico) VALUES (2197,"Infeccao bacteriana",387);
INSERT INTO Evento(EventoID,Descricao, Data, Admissao, Quarto) VALUES (2198, "descricao","13/9/1968 9:34:2" ,359, 115);
INSERT INTO Consulta( EventoID, Diagnostico, Medico) VALUES (2198,"Asthma",422);
INSERT INTO Evento(EventoID,Descricao, Data, Admissao, Quarto) VALUES (2199, "descricao","9/12/1970 0:51:34" ,50, 235);
INSERT INTO Consulta( EventoID, Diagnostico, Medico) VALUES (2199,"Beriberi",426);
INSERT INTO Evento(EventoID,Descricao, Data, Admissao, Quarto) VALUES (2200, "descricao","21/9/1964 10:28:4" ,72, 109);
INSERT INTO Consulta( EventoID, Diagnostico, Medico) VALUES (2200,"Laryngitis",418);
INSERT INTO Evento(EventoID,Descricao, Data, Admissao, Quarto) VALUES (2201, "descricao","14/4/1997 22:15:1" ,171, 235);
INSERT INTO Consulta( EventoID, Diagnostico, Medico) VALUES (2201,"Paratyphoid fever",403);
INSERT INTO Evento(EventoID,Descricao, Data, Admissao, Quarto) VALUES (2202, "descricao","3/10/1967 6:53:11" ,240, 172);
INSERT INTO Consulta( EventoID, Diagnostico, Medico) VALUES (2202,"Kidney stone disease",425);
INSERT INTO Evento(EventoID,Descricao, Data, Admissao, Quarto) VALUES (2203, "descricao","4/11/2014 4:14:50" ,315, 248);
INSERT INTO Consulta( EventoID, Diagnostico, Medico) VALUES (2203,"Crohn's Disease",407);
INSERT INTO Evento(EventoID,Descricao, Data, Admissao, Quarto) VALUES (2204, "descricao","3/12/2000 4:26:19" ,460, 220);
INSERT INTO Consulta( EventoID, Diagnostico, Medico) VALUES (2204,"Hepatitis A",406);
INSERT INTO Evento(EventoID,Descricao, Data, Admissao, Quarto) VALUES (2205, "descricao","10/3/2016 1:36:30" ,40, 181);
INSERT INTO Consulta( EventoID, Diagnostico, Medico) VALUES (2205,"Heart disease",408);
INSERT INTO Evento(EventoID,Descricao, Data, Admissao, Quarto) VALUES (2206, "descricao","12/5/1996 12:35:37" ,375, 152);
INSERT INTO Consulta( EventoID, Diagnostico, Medico) VALUES (2206,"Infeccao bacteriana",425);
INSERT INTO Evento(EventoID,Descricao, Data, Admissao, Quarto) VALUES (2207, "descricao","17/3/1980 13:6:36" ,461, 127);
INSERT INTO Consulta( EventoID, Diagnostico, Medico) VALUES (2207,"Indeterminado",406);
INSERT INTO Evento(EventoID,Descricao, Data, Admissao, Quarto) VALUES (2208, "descricao","6/4/2017 22:15:31" ,463, 211);
INSERT INTO Consulta( EventoID, Diagnostico, Medico) VALUES (2208,"Osso quebrado",419);
INSERT INTO Evento(EventoID,Descricao, Data, Admissao, Quarto) VALUES (2209, "descricao","7/9/1998 4:19:34" ,180, 184);
INSERT INTO Consulta( EventoID, Diagnostico, Medico) VALUES (2209,"Viral meningitis",417);
INSERT INTO Evento(EventoID,Descricao, Data, Admissao, Quarto) VALUES (2210, "descricao","1/10/2015 9:46:40" ,99, 210);
INSERT INTO Consulta( EventoID, Diagnostico, Medico) VALUES (2210,"Congestive heart disease",408);
INSERT INTO Evento(EventoID,Descricao, Data, Admissao, Quarto) VALUES (2211, "descricao","3/10/2009 22:57:30" ,174, 207);
INSERT INTO Consulta( EventoID, Diagnostico, Medico) VALUES (2211,"Measles",416);
INSERT INTO Evento(EventoID,Descricao, Data, Admissao, Quarto) VALUES (2212, "descricao","18/9/1979 2:10:43" ,386, 189);
INSERT INTO Consulta( EventoID, Diagnostico, Medico) VALUES (2212,"Varicose veins",424);
INSERT INTO Evento(EventoID,Descricao, Data, Admissao, Quarto) VALUES (2213, "descricao","24/7/1967 1:20:34" ,414, 158);
INSERT INTO Consulta( EventoID, Diagnostico, Medico) VALUES (2213,"Ebola",401);
INSERT INTO Evento(EventoID,Descricao, Data, Admissao, Quarto) VALUES (2214, "descricao","20/12/1992 18:15:31" ,34, 188);
INSERT INTO Consulta( EventoID, Diagnostico, Medico) VALUES (2214,"Tay-Sachs disease",386);
INSERT INTO Evento(EventoID,Descricao, Data, Admissao, Quarto) VALUES (2215, "descricao","9/12/2012 13:30:49" ,160, 223);
INSERT INTO Consulta( EventoID, Diagnostico, Medico) VALUES (2215,"SARS",407);
INSERT INTO Evento(EventoID,Descricao, Data, Admissao, Quarto) VALUES (2216, "descricao","26/7/1983 2:5:36" ,324, 167);
INSERT INTO Consulta( EventoID, Diagnostico, Medico) VALUES (2216,"Virose",398);
INSERT INTO Evento(EventoID,Descricao, Data, Admissao, Quarto) VALUES (2217, "descricao","27/11/1987 1:41:17" ,42, 166);
INSERT INTO Consulta( EventoID, Diagnostico, Medico) VALUES (2217,"Hepatitis E",404);
INSERT INTO Evento(EventoID,Descricao, Data, Admissao, Quarto) VALUES (2218, "descricao","2/11/1976 23:4:54" ,410, 245);
INSERT INTO Consulta( EventoID, Diagnostico, Medico) VALUES (2218,"Tay-Sachs disease",405);
INSERT INTO Evento(EventoID,Descricao, Data, Admissao, Quarto) VALUES (2219, "descricao","4/10/2000 14:17:8" ,489, 248);
INSERT INTO Consulta( EventoID, Diagnostico, Medico) VALUES (2219,"Rift Valley fever",421);
INSERT INTO Evento(EventoID,Descricao, Data, Admissao, Quarto) VALUES (2220, "descricao","14/3/1986 9:34:58" ,317, 208);
INSERT INTO Consulta( EventoID, Diagnostico, Medico) VALUES (2220,"Obesity",421);
INSERT INTO Evento(EventoID,Descricao, Data, Admissao, Quarto) VALUES (2221, "descricao","7/7/1994 22:9:0" ,211, 242);
INSERT INTO Consulta( EventoID, Diagnostico, Medico) VALUES (2221,"Sciatica",406);
INSERT INTO Evento(EventoID,Descricao, Data, Admissao, Quarto) VALUES (2222, "descricao","23/2/1973 4:17:47" ,296, 139);
INSERT INTO Consulta( EventoID, Diagnostico, Medico) VALUES (2222,"Lice",416);
INSERT INTO Evento(EventoID,Descricao, Data, Admissao, Quarto) VALUES (2223, "descricao","27/12/1978 16:52:49" ,115, 235);
INSERT INTO Consulta( EventoID, Diagnostico, Medico) VALUES (2223,"Trichinosis",417);
INSERT INTO Evento(EventoID,Descricao, Data, Admissao, Quarto) VALUES (2224, "descricao","23/3/2002 4:4:57" ,279, 159);
INSERT INTO Consulta( EventoID, Diagnostico, Medico) VALUES (2224,"Gonorrhea",388);
INSERT INTO Evento(EventoID,Descricao, Data, Admissao, Quarto) VALUES (2225, "descricao","7/7/1983 8:43:17" ,245, 214);
INSERT INTO Consulta( EventoID, Diagnostico, Medico) VALUES (2225,"GERD",424);
INSERT INTO Evento(EventoID,Descricao, Data, Admissao, Quarto) VALUES (2226, "descricao","11/10/1979 11:51:32" ,382, 110);
INSERT INTO Consulta( EventoID, Diagnostico, Medico) VALUES (2226,"Myasthenia gravis",396);
INSERT INTO Evento(EventoID,Descricao, Data, Admissao, Quarto) VALUES (2227, "descricao","12/5/2006 18:17:53" ,329, 108);
INSERT INTO Consulta( EventoID, Diagnostico, Medico) VALUES (2227,"Chagas disease",425);
INSERT INTO Evento(EventoID,Descricao, Data, Admissao, Quarto) VALUES (2228, "descricao","7/5/2002 20:43:38" ,199, 101);
INSERT INTO Consulta( EventoID, Diagnostico, Medico) VALUES (2228,"Silicosis",403);
INSERT INTO Evento(EventoID,Descricao, Data, Admissao, Quarto) VALUES (2229, "descricao","6/7/1986 22:16:56" ,108, 244);
INSERT INTO Consulta( EventoID, Diagnostico, Medico) VALUES (2229,"Scarlet fever",411);
INSERT INTO Evento(EventoID,Descricao, Data, Admissao, Quarto) VALUES (2230, "descricao","24/3/1964 3:5:19" ,307, 138);
INSERT INTO Consulta( EventoID, Diagnostico, Medico) VALUES (2230,"COVID-19",412);
INSERT INTO Evento(EventoID,Descricao, Data, Admissao, Quarto) VALUES (2231, "descricao","10/11/1960 17:31:41" ,445, 121);
INSERT INTO Consulta( EventoID, Diagnostico, Medico) VALUES (2231,"Indeterminado",424);
INSERT INTO Evento(EventoID,Descricao, Data, Admissao, Quarto) VALUES (2232, "descricao","12/4/2016 23:21:27" ,313, 169);
INSERT INTO Consulta( EventoID, Diagnostico, Medico) VALUES (2232,"Synovitis",414);
INSERT INTO Evento(EventoID,Descricao, Data, Admissao, Quarto) VALUES (2233, "descricao","18/12/1973 21:30:2" ,352, 233);
INSERT INTO Consulta( EventoID, Diagnostico, Medico) VALUES (2233,"Trichinosis",408);
INSERT INTO Evento(EventoID,Descricao, Data, Admissao, Quarto) VALUES (2234, "descricao","7/12/1997 23:6:18" ,301, 217);
INSERT INTO Consulta( EventoID, Diagnostico, Medico) VALUES (2234,"Coeliac disease",419);
INSERT INTO Evento(EventoID,Descricao, Data, Admissao, Quarto) VALUES (2235, "descricao","13/7/1980 8:33:13" ,252, 205);
INSERT INTO Consulta( EventoID, Diagnostico, Medico) VALUES (2235,"Candidiasis",421);
INSERT INTO Evento(EventoID,Descricao, Data, Admissao, Quarto) VALUES (2236, "descricao","1/11/1982 5:38:29" ,156, 236);
INSERT INTO Consulta( EventoID, Diagnostico, Medico) VALUES (2236,"Virose",412);
INSERT INTO Evento(EventoID,Descricao, Data, Admissao, Quarto) VALUES (2237, "descricao","6/10/1990 3:13:9" ,262, 169);
INSERT INTO Consulta( EventoID, Diagnostico, Medico) VALUES (2237,"Shigellosis",406);
INSERT INTO Evento(EventoID,Descricao, Data, Admissao, Quarto) VALUES (2238, "descricao","18/1/1970 6:44:47" ,369, 126);
INSERT INTO Consulta( EventoID, Diagnostico, Medico) VALUES (2238,"Shin splints",423);
INSERT INTO Evento(EventoID,Descricao, Data, Admissao, Quarto) VALUES (2239, "descricao","9/12/2019 5:33:32" ,62, 127);
INSERT INTO Consulta( EventoID, Diagnostico, Medico) VALUES (2239,"pneumonia",390);
INSERT INTO Evento(EventoID,Descricao, Data, Admissao, Quarto) VALUES (2240, "descricao","2/7/1997 12:42:16" ,256, 217);
INSERT INTO Consulta( EventoID, Diagnostico, Medico) VALUES (2240,"Osso quebrado",392);
INSERT INTO Evento(EventoID,Descricao, Data, Admissao, Quarto) VALUES (2241, "descricao","12/1/1987 8:4:14" ,299, 228);
INSERT INTO Consulta( EventoID, Diagnostico, Medico) VALUES (2241,"Listeriosis",408);
INSERT INTO Evento(EventoID,Descricao, Data, Admissao, Quarto) VALUES (2242, "descricao","26/3/1998 4:9:10" ,379, 220);
INSERT INTO Consulta( EventoID, Diagnostico, Medico) VALUES (2242,"Osso quebrado",390);
INSERT INTO Evento(EventoID,Descricao, Data, Admissao, Quarto) VALUES (2243, "descricao","18/8/2007 8:41:51" ,56, 229);
INSERT INTO Consulta( EventoID, Diagnostico, Medico) VALUES (2243,"Pulmonary embolism",424);
INSERT INTO Evento(EventoID,Descricao, Data, Admissao, Quarto) VALUES (2244, "descricao","15/5/2018 13:10:59" ,184, 209);
INSERT INTO Consulta( EventoID, Diagnostico, Medico) VALUES (2244,"SIDS",405);
INSERT INTO Evento(EventoID,Descricao, Data, Admissao, Quarto) VALUES (2245, "descricao","22/4/1968 11:55:29" ,285, 245);
INSERT INTO Consulta( EventoID, Diagnostico, Medico) VALUES (2245,"Teratoma",395);
INSERT INTO Evento(EventoID,Descricao, Data, Admissao, Quarto) VALUES (2246, "descricao","16/3/2014 20:24:8" ,324, 105);
INSERT INTO Consulta( EventoID, Diagnostico, Medico) VALUES (2246,"Tetanus",406);
INSERT INTO Evento(EventoID,Descricao, Data, Admissao, Quarto) VALUES (2247, "descricao","9/4/1963 4:28:8" ,356, 238);
INSERT INTO Consulta( EventoID, Diagnostico, Medico) VALUES (2247,"Osso quebrado",392);
INSERT INTO Evento(EventoID,Descricao, Data, Admissao, Quarto) VALUES (2248, "descricao","19/3/2007 5:56:14" ,355, 113);
INSERT INTO Consulta( EventoID, Diagnostico, Medico) VALUES (2248,"Marburg fever",390);
INSERT INTO Evento(EventoID,Descricao, Data, Admissao, Quarto) VALUES (2249, "descricao","3/3/1999 1:21:43" ,244, 109);
INSERT INTO Consulta( EventoID, Diagnostico, Medico) VALUES (2249,"Coronary heart disease",398);
INSERT INTO Evento(EventoID,Descricao, Data, Admissao, Quarto) VALUES (2250, "descricao","9/4/1980 12:5:30" ,260, 101);
INSERT INTO Consulta( EventoID, Diagnostico, Medico) VALUES (2250,"Osteoarthritis",417);
INSERT INTO Evento(EventoID,Descricao, Data, Admissao, Quarto) VALUES (2251, "descricao","19/2/1999 17:15:8" ,383, 159);
INSERT INTO Consulta( EventoID, Diagnostico, Medico) VALUES (2251,"Lymphogranuloma venereum",422);
INSERT INTO Evento(EventoID,Descricao, Data, Admissao, Quarto) VALUES (2252, "descricao","25/8/1975 22:24:21" ,182, 152);
INSERT INTO Consulta( EventoID, Diagnostico, Medico) VALUES (2252,"Shigellosis",396);
INSERT INTO Evento(EventoID,Descricao, Data, Admissao, Quarto) VALUES (2253, "descricao","22/8/2011 21:26:28" ,62, 169);
INSERT INTO Consulta( EventoID, Diagnostico, Medico) VALUES (2253,"Ulcers",415);
INSERT INTO Evento(EventoID,Descricao, Data, Admissao, Quarto) VALUES (2254, "descricao","15/1/1983 5:39:19" ,440, 197);
INSERT INTO Consulta( EventoID, Diagnostico, Medico) VALUES (2254,"Epilepsy",403);
INSERT INTO Evento(EventoID,Descricao, Data, Admissao, Quarto) VALUES (2255, "descricao","13/2/2004 12:30:26" ,259, 101);
INSERT INTO Consulta( EventoID, Diagnostico, Medico) VALUES (2255,"Morquio Syndrome",386);
INSERT INTO Evento(EventoID,Descricao, Data, Admissao, Quarto) VALUES (2256, "descricao","8/11/2012 2:20:36" ,426, 207);
INSERT INTO Consulta( EventoID, Diagnostico, Medico) VALUES (2256,"Swine influenza",395);
INSERT INTO Evento(EventoID,Descricao, Data, Admissao, Quarto) VALUES (2257, "descricao","9/6/2009 7:16:8" ,176, 232);
INSERT INTO Consulta( EventoID, Diagnostico, Medico) VALUES (2257,"Malaria",411);
INSERT INTO Evento(EventoID,Descricao, Data, Admissao, Quarto) VALUES (2258, "descricao","21/2/2015 5:6:46" ,343, 222);
INSERT INTO Consulta( EventoID, Diagnostico, Medico) VALUES (2258,"Tonsillitis",419);
INSERT INTO Evento(EventoID,Descricao, Data, Admissao, Quarto) VALUES (2259, "descricao","23/10/1967 10:35:30" ,213, 171);
INSERT INTO Consulta( EventoID, Diagnostico, Medico) VALUES (2259,"Astigmatism",416);
INSERT INTO Evento(EventoID,Descricao, Data, Admissao, Quarto) VALUES (2260, "descricao","28/8/2015 14:24:55" ,141, 152);
INSERT INTO Consulta( EventoID, Diagnostico, Medico) VALUES (2260,"Leishmaniasis",421);
INSERT INTO Evento(EventoID,Descricao, Data, Admissao, Quarto) VALUES (2261, "descricao","24/5/1995 18:38:5" ,236, 231);
INSERT INTO Consulta( EventoID, Diagnostico, Medico) VALUES (2261,"Multiple myeloma",413);
INSERT INTO Evento(EventoID,Descricao, Data, Admissao, Quarto) VALUES (2262, "descricao","5/4/2008 9:56:36" ,216, 248);
INSERT INTO Consulta( EventoID, Diagnostico, Medico) VALUES (2262,"Hyperthyroidism",406);
INSERT INTO Evento(EventoID,Descricao, Data, Admissao, Quarto) VALUES (2263, "descricao","5/2/1985 3:33:35" ,347, 208);
INSERT INTO Consulta( EventoID, Diagnostico, Medico) VALUES (2263,"Pubic lice",394);
INSERT INTO Evento(EventoID,Descricao, Data, Admissao, Quarto) VALUES (2264, "descricao","5/4/1962 20:34:41" ,33, 110);
INSERT INTO Consulta( EventoID, Diagnostico, Medico) VALUES (2264,"Ques fever",389);
INSERT INTO Evento(EventoID,Descricao, Data, Admissao, Quarto) VALUES (2265, "descricao","23/2/1977 7:7:2" ,340, 217);
INSERT INTO Consulta( EventoID, Diagnostico, Medico) VALUES (2265,"Tooth decay",384);
INSERT INTO Evento(EventoID,Descricao, Data, Admissao, Quarto) VALUES (2266, "descricao","2/5/2000 13:18:2" ,353, 188);
INSERT INTO Consulta( EventoID, Diagnostico, Medico) VALUES (2266,"Tungiasis",410);
INSERT INTO Evento(EventoID,Descricao, Data, Admissao, Quarto) VALUES (2267, "descricao","3/10/1999 5:53:45" ,69, 153);
INSERT INTO Consulta( EventoID, Diagnostico, Medico) VALUES (2267,"Urticaria",391);
INSERT INTO Evento(EventoID,Descricao, Data, Admissao, Quarto) VALUES (2268, "descricao","20/2/1984 10:7:7" ,332, 240);
INSERT INTO Consulta( EventoID, Diagnostico, Medico) VALUES (2268,"Jaundice",415);
INSERT INTO Evento(EventoID,Descricao, Data, Admissao, Quarto) VALUES (2269, "descricao","21/4/1985 23:42:47" ,292, 106);
INSERT INTO Consulta( EventoID, Diagnostico, Medico) VALUES (2269,"Tennis elbow",408);
INSERT INTO Evento(EventoID,Descricao, Data, Admissao, Quarto) VALUES (2270, "descricao","19/10/1989 4:46:3" ,429, 178);
INSERT INTO Consulta( EventoID, Diagnostico, Medico) VALUES (2270,"Chagas disease",401);
INSERT INTO Evento(EventoID,Descricao, Data, Admissao, Quarto) VALUES (2271, "descricao","15/3/2007 13:40:57" ,347, 116);
INSERT INTO Consulta( EventoID, Diagnostico, Medico) VALUES (2271,"Congestive heart disease",385);
INSERT INTO Evento(EventoID,Descricao, Data, Admissao, Quarto) VALUES (2272, "descricao","7/1/1996 15:21:16" ,202, 167);
INSERT INTO Consulta( EventoID, Diagnostico, Medico) VALUES (2272,"Measles",416);
INSERT INTO Evento(EventoID,Descricao, Data, Admissao, Quarto) VALUES (2273, "descricao","11/12/1989 14:52:56" ,399, 124);
INSERT INTO Consulta( EventoID, Diagnostico, Medico) VALUES (2273,"Uveitis",405);
INSERT INTO Evento(EventoID,Descricao, Data, Admissao, Quarto) VALUES (2274, "descricao","19/3/1975 21:44:13" ,138, 167);
INSERT INTO Consulta( EventoID, Diagnostico, Medico) VALUES (2274,"Multiple myeloma",413);
INSERT INTO Evento(EventoID,Descricao, Data, Admissao, Quarto) VALUES (2275, "descricao","7/5/1976 2:53:33" ,29, 126);
INSERT INTO Consulta( EventoID, Diagnostico, Medico) VALUES (2275,"Pulmonary embolism",396);
INSERT INTO Evento(EventoID,Descricao, Data, Admissao, Quarto) VALUES (2276, "descricao","28/9/1984 5:18:21" ,177, 157);
INSERT INTO Consulta( EventoID, Diagnostico, Medico) VALUES (2276,"Erectile dysfunction",415);
INSERT INTO Evento(EventoID,Descricao, Data, Admissao, Quarto) VALUES (2277, "descricao","1/10/1984 19:58:8" ,260, 147);
INSERT INTO Consulta( EventoID, Diagnostico, Medico) VALUES (2277,"Psittacosis",408);
INSERT INTO Evento(EventoID,Descricao, Data, Admissao, Quarto) VALUES (2278, "descricao","6/2/1991 16:36:41" ,432, 157);
INSERT INTO Consulta( EventoID, Diagnostico, Medico) VALUES (2278,"Trisomy",417);
INSERT INTO Evento(EventoID,Descricao, Data, Admissao, Quarto) VALUES (2279, "descricao","3/2/1981 22:58:26" ,429, 159);
INSERT INTO Consulta( EventoID, Diagnostico, Medico) VALUES (2279,"Tennis elbow",402);
INSERT INTO Evento(EventoID,Descricao, Data, Admissao, Quarto) VALUES (2280, "descricao","22/10/1995 10:18:24" ,100, 204);
INSERT INTO Consulta( EventoID, Diagnostico, Medico) VALUES (2280,"Rheumatism",425);
INSERT INTO Evento(EventoID,Descricao, Data, Admissao, Quarto) VALUES (2281, "descricao","2/10/1984 16:6:7" ,126, 201);
INSERT INTO Consulta( EventoID, Diagnostico, Medico) VALUES (2281,"GERD",393);
INSERT INTO Evento(EventoID,Descricao, Data, Admissao, Quarto) VALUES (2282, "descricao","15/10/2004 5:0:51" ,31, 204);
INSERT INTO Consulta( EventoID, Diagnostico, Medico) VALUES (2282,"Infertility",393);
INSERT INTO Evento(EventoID,Descricao, Data, Admissao, Quarto) VALUES (2283, "descricao","5/1/1965 16:25:5" ,161, 240);
INSERT INTO Consulta( EventoID, Diagnostico, Medico) VALUES (2283,"Warts",418);
INSERT INTO Evento(EventoID,Descricao, Data, Admissao, Quarto) VALUES (2284, "descricao","20/10/1982 8:27:44" ,46, 248);
INSERT INTO Consulta( EventoID, Diagnostico, Medico) VALUES (2284,"Mad cow disease",392);
INSERT INTO Evento(EventoID,Descricao, Data, Admissao, Quarto) VALUES (2285, "descricao","3/5/1978 2:51:20" ,403, 216);
INSERT INTO Consulta( EventoID, Diagnostico, Medico) VALUES (2285,"Catapora",403);
INSERT INTO Evento(EventoID,Descricao, Data, Admissao, Quarto) VALUES (2286, "descricao","18/12/1964 20:45:35" ,375, 190);
INSERT INTO Consulta( EventoID, Diagnostico, Medico) VALUES (2286,"Parkinson's disease",390);
INSERT INTO Evento(EventoID,Descricao, Data, Admissao, Quarto) VALUES (2287, "descricao","1/8/1983 3:31:33" ,430, 248);
INSERT INTO Consulta( EventoID, Diagnostico, Medico) VALUES (2287,"Parkinson's disease",408);
INSERT INTO Evento(EventoID,Descricao, Data, Admissao, Quarto) VALUES (2288, "descricao","9/7/2012 14:45:24" ,198, 241);
INSERT INTO Consulta( EventoID, Diagnostico, Medico) VALUES (2288,"Mal estar",423);
INSERT INTO Evento(EventoID,Descricao, Data, Admissao, Quarto) VALUES (2289, "descricao","13/6/1973 7:40:44" ,109, 117);
INSERT INTO Consulta( EventoID, Diagnostico, Medico) VALUES (2289,"Atherosclerosis",394);
INSERT INTO Evento(EventoID,Descricao, Data, Admissao, Quarto) VALUES (2290, "descricao","3/7/1978 6:54:12" ,324, 176);
INSERT INTO Consulta( EventoID, Diagnostico, Medico) VALUES (2290,"Myelitis",400);
INSERT INTO Evento(EventoID,Descricao, Data, Admissao, Quarto) VALUES (2291, "descricao","1/11/2017 4:31:25" ,350, 184);
INSERT INTO Consulta( EventoID, Diagnostico, Medico) VALUES (2291,"Hyperopia",421);
INSERT INTO Evento(EventoID,Descricao, Data, Admissao, Quarto) VALUES (2292, "descricao","17/1/2006 2:34:2" ,128, 242);
INSERT INTO Consulta( EventoID, Diagnostico, Medico) VALUES (2292,"Siderosis",419);
INSERT INTO Evento(EventoID,Descricao, Data, Admissao, Quarto) VALUES (2293, "descricao","21/1/1964 0:9:27" ,132, 143);
INSERT INTO Consulta( EventoID, Diagnostico, Medico) VALUES (2293,"Leishmaniasis",388);
INSERT INTO Evento(EventoID,Descricao, Data, Admissao, Quarto) VALUES (2294, "descricao","4/4/1966 12:30:57" ,43, 207);
INSERT INTO Consulta( EventoID, Diagnostico, Medico) VALUES (2294,"Typhus",419);
INSERT INTO Evento(EventoID,Descricao, Data, Admissao, Quarto) VALUES (2295, "descricao","3/7/2016 10:57:5" ,441, 135);
INSERT INTO Consulta( EventoID, Diagnostico, Medico) VALUES (2295,"Indeterminado",419);
INSERT INTO Evento(EventoID,Descricao, Data, Admissao, Quarto) VALUES (2296, "descricao","20/1/2011 2:54:8" ,293, 213);
INSERT INTO Consulta( EventoID, Diagnostico, Medico) VALUES (2296,"Catapora",411);
INSERT INTO Evento(EventoID,Descricao, Data, Admissao, Quarto) VALUES (2297, "descricao","6/6/1985 16:17:41" ,66, 178);
INSERT INTO Consulta( EventoID, Diagnostico, Medico) VALUES (2297,"Mal estar",395);
INSERT INTO Evento(EventoID,Descricao, Data, Admissao, Quarto) VALUES (2298, "descricao","26/1/1981 14:5:36" ,170, 124);
INSERT INTO Consulta( EventoID, Diagnostico, Medico) VALUES (2298,"Bronchitis",400);
INSERT INTO Evento(EventoID,Descricao, Data, Admissao, Quarto) VALUES (2299, "descricao","8/12/2002 7:0:2" ,499, 175);
INSERT INTO Consulta( EventoID, Diagnostico, Medico) VALUES (2299,"Myoclonus",426);

-- Internamento
INSERT INTO Evento(EventoID,Descricao, Data, Admissao, Quarto) VALUES (1850, "descricao","25/5/1990 17:50:43" ,479, 234);
INSERT INTO Internamento( EventoID, Motivo, DataFim, Ativo) VALUES (1850,"Rickets","27/7/1990 19:61:56",0);
INSERT INTO Evento(EventoID,Descricao, Data, Admissao, Quarto) VALUES (1851, "descricao","28/3/2005 9:16:18" ,450, 188);
INSERT INTO Internamento( EventoID, Motivo, DataFim, Ativo) VALUES (1851,"Encephalitis",NULL,1);
INSERT INTO Evento(EventoID,Descricao, Data, Admissao, Quarto) VALUES (1852, "descricao","11/9/1982 4:22:20" ,368, 101);
INSERT INTO Internamento( EventoID, Motivo, DataFim, Ativo) VALUES (1852,"Varicose veins","13/9/1982 5:50:34",0);
INSERT INTO Evento(EventoID,Descricao, Data, Admissao, Quarto) VALUES (1853, "descricao","26/1/1979 20:25:1" ,458, 228);
INSERT INTO Internamento( EventoID, Motivo, DataFim, Ativo) VALUES (1853,"Dysentery",NULL,1);
INSERT INTO Evento(EventoID,Descricao, Data, Admissao, Quarto) VALUES (1854, "descricao","18/3/2016 21:56:15" ,449, 189);
INSERT INTO Internamento( EventoID, Motivo, DataFim, Ativo) VALUES (1854,"Heart disease",NULL,1);
INSERT INTO Evento(EventoID,Descricao, Data, Admissao, Quarto) VALUES (1855, "descricao","12/4/1982 23:58:43" ,464, 111);
INSERT INTO Internamento( EventoID, Motivo, DataFim, Ativo) VALUES (1855,"Bubonic plague",NULL,1);
INSERT INTO Evento(EventoID,Descricao, Data, Admissao, Quarto) VALUES (1856, "descricao","21/1/2015 7:25:37" ,85, 196);
INSERT INTO Internamento( EventoID, Motivo, DataFim, Ativo) VALUES (1856,"Meniere's disease","21/2/2018 8:44:48",0);
INSERT INTO Evento(EventoID,Descricao, Data, Admissao, Quarto) VALUES (1857, "descricao","16/2/2016 13:53:19" ,259, 201);
INSERT INTO Internamento( EventoID, Motivo, DataFim, Ativo) VALUES (1857,"Dengue Fever",NULL,1);
INSERT INTO Evento(EventoID,Descricao, Data, Admissao, Quarto) VALUES (1858, "descricao","4/10/2009 15:2:2" ,94, 205);
INSERT INTO Internamento( EventoID, Motivo, DataFim, Ativo) VALUES (1858,"Leukemia",NULL,1);
INSERT INTO Evento(EventoID,Descricao, Data, Admissao, Quarto) VALUES (1859, "descricao","1/7/1963 7:4:40" ,233, 231);
INSERT INTO Internamento( EventoID, Motivo, DataFim, Ativo) VALUES (1859,"Q fever",NULL,1);
INSERT INTO Evento(EventoID,Descricao, Data, Admissao, Quarto) VALUES (1860, "descricao","4/7/2016 1:10:26" ,103, 171);
INSERT INTO Internamento( EventoID, Motivo, DataFim, Ativo) VALUES (1860,"Mad cow disease","6/8/2016 3:34:35",0);
INSERT INTO Evento(EventoID,Descricao, Data, Admissao, Quarto) VALUES (1861, "descricao","24/11/2005 6:5:23" ,6, 168);
INSERT INTO Internamento( EventoID, Motivo, DataFim, Ativo) VALUES (1861,"Campylobacter infection","24/11/2005 8:33:45",0);
INSERT INTO Evento(EventoID,Descricao, Data, Admissao, Quarto) VALUES (1862, "descricao","21/7/1996 8:16:56" ,490, 155);
INSERT INTO Internamento( EventoID, Motivo, DataFim, Ativo) VALUES (1862,"Chickenpox","22/8/1998 9:46:57",0);
INSERT INTO Evento(EventoID,Descricao, Data, Admissao, Quarto) VALUES (1863, "descricao","25/8/1993 16:59:45" ,467, 153);
INSERT INTO Internamento( EventoID, Motivo, DataFim, Ativo) VALUES (1863,"Urticaria",NULL,1);
INSERT INTO Evento(EventoID,Descricao, Data, Admissao, Quarto) VALUES (1864, "descricao","23/5/1982 4:22:57" ,207, 247);
INSERT INTO Internamento( EventoID, Motivo, DataFim, Ativo) VALUES (1864,"Shin splints","25/6/1984 6:23:68",0);
INSERT INTO Evento(EventoID,Descricao, Data, Admissao, Quarto) VALUES (1865, "descricao","7/12/2016 12:7:43" ,292, 114);
INSERT INTO Internamento( EventoID, Motivo, DataFim, Ativo) VALUES (1865,"Siderosis","7/14/2019 14:20:58",0);
INSERT INTO Evento(EventoID,Descricao, Data, Admissao, Quarto) VALUES (1866, "descricao","4/8/1960 2:57:34" ,56, 168);
INSERT INTO Internamento( EventoID, Motivo, DataFim, Ativo) VALUES (1866,"Prostatitis","7/8/1960 4:58:53",0);
INSERT INTO Evento(EventoID,Descricao, Data, Admissao, Quarto) VALUES (1867, "descricao","2/5/1964 6:13:12" ,347, 121);
INSERT INTO Internamento( EventoID, Motivo, DataFim, Ativo) VALUES (1867,"Hypotonia","4/7/1966 8:31:37",0);
INSERT INTO Evento(EventoID,Descricao, Data, Admissao, Quarto) VALUES (1868, "descricao","26/4/2014 16:53:33" ,364, 232);
INSERT INTO Internamento( EventoID, Motivo, DataFim, Ativo) VALUES (1868,"Ques fever","29/6/2015 18:79:62",0);
INSERT INTO Evento(EventoID,Descricao, Data, Admissao, Quarto) VALUES (1869, "descricao","9/11/1976 17:9:8" ,245, 175);
INSERT INTO Internamento( EventoID, Motivo, DataFim, Ativo) VALUES (1869,"Hypothyroid","9/13/1976 19:26:31",0);
INSERT INTO Evento(EventoID,Descricao, Data, Admissao, Quarto) VALUES (1870, "descricao","13/8/1980 4:18:35" ,439, 175);
INSERT INTO Internamento( EventoID, Motivo, DataFim, Ativo) VALUES (1870,"Morquio Syndrome","14/10/1982 5:42:41",0);
INSERT INTO Evento(EventoID,Descricao, Data, Admissao, Quarto) VALUES (1871, "descricao","11/4/2007 9:55:31" ,190, 206);
INSERT INTO Internamento( EventoID, Motivo, DataFim, Ativo) VALUES (1871,"Obesity",NULL,1);
INSERT INTO Evento(EventoID,Descricao, Data, Admissao, Quarto) VALUES (1872, "descricao","26/9/2016 11:22:22" ,298, 122);
INSERT INTO Internamento( EventoID, Motivo, DataFim, Ativo) VALUES (1872,"Tetanus","28/10/2016 13:28:46",0);
INSERT INTO Evento(EventoID,Descricao, Data, Admissao, Quarto) VALUES (1873, "descricao","6/3/2016 20:5:53" ,97, 210);
INSERT INTO Internamento( EventoID, Motivo, DataFim, Ativo) VALUES (1873,"Meningitis",NULL,1);
INSERT INTO Evento(EventoID,Descricao, Data, Admissao, Quarto) VALUES (1874, "descricao","22/7/2005 16:18:39" ,331, 173);
INSERT INTO Internamento( EventoID, Motivo, DataFim, Ativo) VALUES (1874,"Emphysema",NULL,1);
INSERT INTO Evento(EventoID,Descricao, Data, Admissao, Quarto) VALUES (1875, "descricao","26/5/1979 18:58:18" ,200, 109);
INSERT INTO Internamento( EventoID, Motivo, DataFim, Ativo) VALUES (1875,"Cholera","29/6/1979 19:61:40",0);
INSERT INTO Evento(EventoID,Descricao, Data, Admissao, Quarto) VALUES (1876, "descricao","10/3/1986 9:9:41" ,451, 164);
INSERT INTO Internamento( EventoID, Motivo, DataFim, Ativo) VALUES (1876,"Varicella",NULL,1);
INSERT INTO Evento(EventoID,Descricao, Data, Admissao, Quarto) VALUES (1877, "descricao","26/8/1964 9:18:52" ,492, 226);
INSERT INTO Internamento( EventoID, Motivo, DataFim, Ativo) VALUES (1877,"pneumonia","26/8/1966 10:44:59",0);
INSERT INTO Evento(EventoID,Descricao, Data, Admissao, Quarto) VALUES (1878, "descricao","18/8/1982 23:28:29" ,71, 169);
INSERT INTO Internamento( EventoID, Motivo, DataFim, Ativo) VALUES (1878,"Kidney stone disease","19/9/1985 25:42:56",0);
INSERT INTO Evento(EventoID,Descricao, Data, Admissao, Quarto) VALUES (1879, "descricao","22/8/1983 7:55:50" ,439, 128);
INSERT INTO Internamento( EventoID, Motivo, DataFim, Ativo) VALUES (1879,"Vitiligo","24/9/1983 8:76:56",0);
INSERT INTO Evento(EventoID,Descricao, Data, Admissao, Quarto) VALUES (1880, "descricao","14/7/1988 19:17:58" ,281, 145);
INSERT INTO Internamento( EventoID, Motivo, DataFim, Ativo) VALUES (1880,"Vitiligo","16/7/1988 20:40:74",0);
INSERT INTO Evento(EventoID,Descricao, Data, Admissao, Quarto) VALUES (1881, "descricao","27/9/1968 2:11:40" ,273, 140);
INSERT INTO Internamento( EventoID, Motivo, DataFim, Ativo) VALUES (1881,"Lung cancer","29/9/1971 3:36:69",0);
INSERT INTO Evento(EventoID,Descricao, Data, Admissao, Quarto) VALUES (1882, "descricao","16/1/2016 14:4:44" ,7, 241);
INSERT INTO Internamento( EventoID, Motivo, DataFim, Ativo) VALUES (1882,"Chickenpox","16/1/2017 15:26:47",0);
INSERT INTO Evento(EventoID,Descricao, Data, Admissao, Quarto) VALUES (1883, "descricao","10/9/1983 7:35:20" ,460, 134);
INSERT INTO Internamento( EventoID, Motivo, DataFim, Ativo) VALUES (1883,"Irritable bowel syndrome",NULL,1);
INSERT INTO Evento(EventoID,Descricao, Data, Admissao, Quarto) VALUES (1884, "descricao","26/4/1989 11:37:5" ,333, 236);
INSERT INTO Internamento( EventoID, Motivo, DataFim, Ativo) VALUES (1884,"Laryngitis","27/6/1990 12:58:25",0);
INSERT INTO Evento(EventoID,Descricao, Data, Admissao, Quarto) VALUES (1885, "descricao","15/4/2017 1:8:57" ,320, 165);
INSERT INTO Internamento( EventoID, Motivo, DataFim, Ativo) VALUES (1885,"Abscess","15/5/2018 2:25:78",0);
INSERT INTO Evento(EventoID,Descricao, Data, Admissao, Quarto) VALUES (1886, "descricao","26/11/1982 10:36:2" ,330, 201);
INSERT INTO Internamento( EventoID, Motivo, DataFim, Ativo) VALUES (1886,"Muscular dystrophy",NULL,1);
INSERT INTO Evento(EventoID,Descricao, Data, Admissao, Quarto) VALUES (1887, "descricao","13/10/1997 15:55:16" ,230, 243);
INSERT INTO Internamento( EventoID, Motivo, DataFim, Ativo) VALUES (1887,"Cancer","13/10/2000 16:71:31",0);
INSERT INTO Evento(EventoID,Descricao, Data, Admissao, Quarto) VALUES (1888, "descricao","2/6/2012 13:9:54" ,346, 222);
INSERT INTO Internamento( EventoID, Motivo, DataFim, Ativo) VALUES (1888,"Hyperthyroidism","3/7/2012 15:26:60",0);
INSERT INTO Evento(EventoID,Descricao, Data, Admissao, Quarto) VALUES (1889, "descricao","15/11/2015 12:15:4" ,300, 102);
INSERT INTO Internamento( EventoID, Motivo, DataFim, Ativo) VALUES (1889,"Mumps","15/12/2016 13:16:29",0);
INSERT INTO Evento(EventoID,Descricao, Data, Admissao, Quarto) VALUES (1890, "descricao","14/8/1982 7:40:39" ,35, 234);
INSERT INTO Internamento( EventoID, Motivo, DataFim, Ativo) VALUES (1890,"Scabies","17/9/1984 8:54:61",0);
INSERT INTO Evento(EventoID,Descricao, Data, Admissao, Quarto) VALUES (1891, "descricao","24/5/1970 7:5:1" ,333, 161);
INSERT INTO Internamento( EventoID, Motivo, DataFim, Ativo) VALUES (1891,"Poliomyelitis","27/6/1973 8:7:3",0);
INSERT INTO Evento(EventoID,Descricao, Data, Admissao, Quarto) VALUES (1892, "descricao","20/1/1966 7:49:32" ,428, 133);
INSERT INTO Internamento( EventoID, Motivo, DataFim, Ativo) VALUES (1892,"Common cold","23/1/1966 8:49:37",0);
INSERT INTO Evento(EventoID,Descricao, Data, Admissao, Quarto) VALUES (1893, "descricao","10/2/2017 16:32:16" ,131, 240);
INSERT INTO Internamento( EventoID, Motivo, DataFim, Ativo) VALUES (1893,"Lice",NULL,1);
INSERT INTO Evento(EventoID,Descricao, Data, Admissao, Quarto) VALUES (1894, "descricao","23/3/1966 12:5:51" ,148, 171);
INSERT INTO Internamento( EventoID, Motivo, DataFim, Ativo) VALUES (1894,"Chronic fatigue syndrome","25/5/1969 14:12:71",0);
INSERT INTO Evento(EventoID,Descricao, Data, Admissao, Quarto) VALUES (1895, "descricao","21/9/1987 4:9:54" ,438, 166);
INSERT INTO Internamento( EventoID, Motivo, DataFim, Ativo) VALUES (1895,"Leukemia",NULL,1);
INSERT INTO Evento(EventoID,Descricao, Data, Admissao, Quarto) VALUES (1896, "descricao","24/5/1991 15:18:48" ,466, 175);
INSERT INTO Internamento( EventoID, Motivo, DataFim, Ativo) VALUES (1896,"Brucellosis","24/7/1992 17:23:59",0);
INSERT INTO Evento(EventoID,Descricao, Data, Admissao, Quarto) VALUES (1897, "descricao","3/12/1989 11:20:11" ,475, 243);
INSERT INTO Internamento( EventoID, Motivo, DataFim, Ativo) VALUES (1897,"Tumor",NULL,1);
INSERT INTO Evento(EventoID,Descricao, Data, Admissao, Quarto) VALUES (1898, "descricao","13/4/1994 22:0:36" ,165, 246);
INSERT INTO Internamento( EventoID, Motivo, DataFim, Ativo) VALUES (1898,"Appendicitis","15/5/1994 23:28:55",0);
INSERT INTO Evento(EventoID,Descricao, Data, Admissao, Quarto) VALUES (1899, "descricao","7/2/1972 14:30:0" ,461, 136);
INSERT INTO Internamento( EventoID, Motivo, DataFim, Ativo) VALUES (1899,"Chlamydia",NULL,1);
INSERT INTO Evento(EventoID,Descricao, Data, Admissao, Quarto) VALUES (1900, "descricao","11/8/1983 23:13:36" ,49, 214);
INSERT INTO Internamento( EventoID, Motivo, DataFim, Ativo) VALUES (1900,"Bronchitis",NULL,1);
INSERT INTO Evento(EventoID,Descricao, Data, Admissao, Quarto) VALUES (1901, "descricao","2/2/1976 15:19:6" ,250, 227);
INSERT INTO Internamento( EventoID, Motivo, DataFim, Ativo) VALUES (1901,"Tooth decay","5/3/1979 17:37:19",0);
INSERT INTO Evento(EventoID,Descricao, Data, Admissao, Quarto) VALUES (1902, "descricao","6/11/2016 11:24:36" ,360, 168);
INSERT INTO Internamento( EventoID, Motivo, DataFim, Ativo) VALUES (1902,"Cerebral palsy","6/12/2016 13:34:64",0);
INSERT INTO Evento(EventoID,Descricao, Data, Admissao, Quarto) VALUES (1903, "descricao","18/3/1990 17:44:29" ,119, 147);
INSERT INTO Internamento( EventoID, Motivo, DataFim, Ativo) VALUES (1903,"Pubic lice","18/5/1991 19:54:38",0);
INSERT INTO Evento(EventoID,Descricao, Data, Admissao, Quarto) VALUES (1904, "descricao","16/11/1999 0:48:46" ,325, 205);
INSERT INTO Internamento( EventoID, Motivo, DataFim, Ativo) VALUES (1904,"Uremia","19/11/1999 1:48:57",0);
INSERT INTO Evento(EventoID,Descricao, Data, Admissao, Quarto) VALUES (1905, "descricao","23/7/1990 5:11:52" ,371, 193);
INSERT INTO Internamento( EventoID, Motivo, DataFim, Ativo) VALUES (1905,"Ignious Syndrome","24/9/1990 7:37:63",0);
INSERT INTO Evento(EventoID,Descricao, Data, Admissao, Quarto) VALUES (1906, "descricao","14/11/1979 3:8:57" ,382, 135);
INSERT INTO Internamento( EventoID, Motivo, DataFim, Ativo) VALUES (1906,"Morquio Syndrome",NULL,1);
INSERT INTO Evento(EventoID,Descricao, Data, Admissao, Quarto) VALUES (1907, "descricao","4/7/1960 20:26:13" ,51, 176);
INSERT INTO Internamento( EventoID, Motivo, DataFim, Ativo) VALUES (1907,"Myasthenia gravis","7/7/1962 21:30:30",0);
INSERT INTO Evento(EventoID,Descricao, Data, Admissao, Quarto) VALUES (1908, "descricao","11/7/2019 19:37:10" ,83, 226);
INSERT INTO Internamento( EventoID, Motivo, DataFim, Ativo) VALUES (1908,"Salmonellosis",NULL,1);
INSERT INTO Evento(EventoID,Descricao, Data, Admissao, Quarto) VALUES (1909, "descricao","15/6/1961 12:4:10" ,166, 178);
INSERT INTO Internamento( EventoID, Motivo, DataFim, Ativo) VALUES (1909,"Bronchitis","17/8/1962 14:19:18",0);
INSERT INTO Evento(EventoID,Descricao, Data, Admissao, Quarto) VALUES (1910, "descricao","20/1/1994 19:53:14" ,207, 207);
INSERT INTO Internamento( EventoID, Motivo, DataFim, Ativo) VALUES (1910,"Strabismus",NULL,1);
INSERT INTO Evento(EventoID,Descricao, Data, Admissao, Quarto) VALUES (1911, "descricao","27/2/2005 1:51:36" ,113, 219);
INSERT INTO Internamento( EventoID, Motivo, DataFim, Ativo) VALUES (1911,"Impetigo","30/2/2005 3:58:39",0);
INSERT INTO Evento(EventoID,Descricao, Data, Admissao, Quarto) VALUES (1912, "descricao","24/11/1974 13:29:15" ,297, 140);
INSERT INTO Internamento( EventoID, Motivo, DataFim, Ativo) VALUES (1912,"Swine influenza","25/11/1974 15:47:30",0);
INSERT INTO Evento(EventoID,Descricao, Data, Admissao, Quarto) VALUES (1913, "descricao","1/4/1999 22:26:3" ,370, 225);
INSERT INTO Internamento( EventoID, Motivo, DataFim, Ativo) VALUES (1913,"Aseptic meningitis","4/6/2000 24:47:9",0);
INSERT INTO Evento(EventoID,Descricao, Data, Admissao, Quarto) VALUES (1914, "descricao","13/8/1972 3:25:38" ,345, 158);
INSERT INTO Internamento( EventoID, Motivo, DataFim, Ativo) VALUES (1914,"Hypermetropia","15/8/1972 5:44:65",0);
INSERT INTO Evento(EventoID,Descricao, Data, Admissao, Quarto) VALUES (1915, "descricao","14/7/1989 6:26:6" ,361, 219);
INSERT INTO Internamento( EventoID, Motivo, DataFim, Ativo) VALUES (1915,"Irritable bowel syndrome",NULL,1);
INSERT INTO Evento(EventoID,Descricao, Data, Admissao, Quarto) VALUES (1916, "descricao","15/11/1960 4:10:44" ,55, 165);
INSERT INTO Internamento( EventoID, Motivo, DataFim, Ativo) VALUES (1916,"Synovitis","18/11/1963 5:14:61",0);
INSERT INTO Evento(EventoID,Descricao, Data, Admissao, Quarto) VALUES (1917, "descricao","3/7/1978 22:38:57" ,107, 124);
INSERT INTO Internamento( EventoID, Motivo, DataFim, Ativo) VALUES (1917,"Stevens–Johnson syndrome","3/8/1979 24:53:82",0);
INSERT INTO Evento(EventoID,Descricao, Data, Admissao, Quarto) VALUES (1918, "descricao","20/11/1986 20:44:24" ,222, 106);
INSERT INTO Internamento( EventoID, Motivo, DataFim, Ativo) VALUES (1918,"Black Death","21/11/1989 22:45:53",0);
INSERT INTO Evento(EventoID,Descricao, Data, Admissao, Quarto) VALUES (1919, "descricao","12/7/1971 10:16:23" ,251, 217);
INSERT INTO Internamento( EventoID, Motivo, DataFim, Ativo) VALUES (1919,"Appendicitis","15/7/1974 12:26:34",0);
INSERT INTO Evento(EventoID,Descricao, Data, Admissao, Quarto) VALUES (1920, "descricao","26/11/2018 0:59:44" ,345, 189);
INSERT INTO Internamento( EventoID, Motivo, DataFim, Ativo) VALUES (1920,"Otitis","29/11/2021 1:88:72",0);
INSERT INTO Evento(EventoID,Descricao, Data, Admissao, Quarto) VALUES (1921, "descricao","27/5/2010 1:2:24" ,306, 165);
INSERT INTO Internamento( EventoID, Motivo, DataFim, Ativo) VALUES (1921,"Chlamydia",NULL,1);
INSERT INTO Evento(EventoID,Descricao, Data, Admissao, Quarto) VALUES (1922, "descricao","2/9/2016 7:14:44" ,153, 201);
INSERT INTO Internamento( EventoID, Motivo, DataFim, Ativo) VALUES (1922,"Tungiasis","4/9/2016 8:42:70",0);
INSERT INTO Evento(EventoID,Descricao, Data, Admissao, Quarto) VALUES (1923, "descricao","23/3/1983 17:44:54" ,393, 160);
INSERT INTO Internamento( EventoID, Motivo, DataFim, Ativo) VALUES (1923,"Meningitis","25/4/1983 18:46:75",0);
INSERT INTO Evento(EventoID,Descricao, Data, Admissao, Quarto) VALUES (1924, "descricao","18/12/2016 17:56:24" ,422, 245);
INSERT INTO Internamento( EventoID, Motivo, DataFim, Ativo) VALUES (1924,"Pubic lice","20/14/2019 19:60:49",0);
INSERT INTO Evento(EventoID,Descricao, Data, Admissao, Quarto) VALUES (1925, "descricao","2/3/1995 11:54:22" ,77, 114);
INSERT INTO Internamento( EventoID, Motivo, DataFim, Ativo) VALUES (1925,"Trisomy","4/4/1997 13:81:33",0);
INSERT INTO Evento(EventoID,Descricao, Data, Admissao, Quarto) VALUES (1926, "descricao","5/6/1960 11:19:1" ,306, 206);
INSERT INTO Internamento( EventoID, Motivo, DataFim, Ativo) VALUES (1926,"Leptospirosis","8/8/1960 13:19:11",0);
INSERT INTO Evento(EventoID,Descricao, Data, Admissao, Quarto) VALUES (1927, "descricao","16/8/1997 18:57:40" ,348, 160);
INSERT INTO Internamento( EventoID, Motivo, DataFim, Ativo) VALUES (1927,"Parkinson's disease","17/10/1998 20:82:42",0);
INSERT INTO Evento(EventoID,Descricao, Data, Admissao, Quarto) VALUES (1928, "descricao","18/7/1986 16:24:39" ,449, 139);
INSERT INTO Internamento( EventoID, Motivo, DataFim, Ativo) VALUES (1928,"Arthritis","18/9/1987 18:32:60",0);
INSERT INTO Evento(EventoID,Descricao, Data, Admissao, Quarto) VALUES (1929, "descricao","13/3/1968 21:33:39" ,236, 120);
INSERT INTO Internamento( EventoID, Motivo, DataFim, Ativo) VALUES (1929,"Vitiligo","14/3/1969 23:48:39",0);
INSERT INTO Evento(EventoID,Descricao, Data, Admissao, Quarto) VALUES (1930, "descricao","12/3/1965 4:1:24" ,272, 109);
INSERT INTO Internamento( EventoID, Motivo, DataFim, Ativo) VALUES (1930,"Urticaria","15/3/1966 5:12:51",0);
INSERT INTO Evento(EventoID,Descricao, Data, Admissao, Quarto) VALUES (1931, "descricao","6/9/1967 14:24:2" ,317, 142);
INSERT INTO Internamento( EventoID, Motivo, DataFim, Ativo) VALUES (1931,"Peritonitis",NULL,1);
INSERT INTO Evento(EventoID,Descricao, Data, Admissao, Quarto) VALUES (1932, "descricao","11/2/1993 17:18:40" ,221, 165);
INSERT INTO Internamento( EventoID, Motivo, DataFim, Ativo) VALUES (1932,"Stomach ulcers","12/2/1993 19:21:41",0);
INSERT INTO Evento(EventoID,Descricao, Data, Admissao, Quarto) VALUES (1933, "descricao","10/2/1976 15:12:37" ,475, 135);
INSERT INTO Internamento( EventoID, Motivo, DataFim, Ativo) VALUES (1933,"Allergy","11/4/1976 16:34:49",0);
INSERT INTO Evento(EventoID,Descricao, Data, Admissao, Quarto) VALUES (1934, "descricao","27/11/2004 6:34:33" ,221, 154);
INSERT INTO Internamento( EventoID, Motivo, DataFim, Ativo) VALUES (1934,"Tungiasis","27/12/2006 7:51:36",0);
INSERT INTO Evento(EventoID,Descricao, Data, Admissao, Quarto) VALUES (1935, "descricao","2/11/2017 13:20:28" ,496, 237);
INSERT INTO Internamento( EventoID, Motivo, DataFim, Ativo) VALUES (1935,"Ear infection","5/11/2020 15:25:36",0);
INSERT INTO Evento(EventoID,Descricao, Data, Admissao, Quarto) VALUES (1936, "descricao","16/8/1993 16:21:0" ,74, 238);
INSERT INTO Internamento( EventoID, Motivo, DataFim, Ativo) VALUES (1936,"Dysentery","16/10/1996 17:39:4",0);
INSERT INTO Evento(EventoID,Descricao, Data, Admissao, Quarto) VALUES (1937, "descricao","26/3/1968 20:9:52" ,295, 165);
INSERT INTO Internamento( EventoID, Motivo, DataFim, Ativo) VALUES (1937,"Influenza","27/5/1969 22:28:62",0);
INSERT INTO Evento(EventoID,Descricao, Data, Admissao, Quarto) VALUES (1938, "descricao","23/1/2011 1:31:1" ,204, 199);
INSERT INTO Internamento( EventoID, Motivo, DataFim, Ativo) VALUES (1938,"Sickle-cell anemia","25/1/2012 2:53:19",0);
INSERT INTO Evento(EventoID,Descricao, Data, Admissao, Quarto) VALUES (1939, "descricao","3/12/1994 13:20:42" ,58, 163);
INSERT INTO Internamento( EventoID, Motivo, DataFim, Ativo) VALUES (1939,"Epilepsy","3/12/1995 14:23:65",0);
INSERT INTO Evento(EventoID,Descricao, Data, Admissao, Quarto) VALUES (1940, "descricao","15/6/1968 15:14:53" ,10, 123);
INSERT INTO Internamento( EventoID, Motivo, DataFim, Ativo) VALUES (1940,"Q fever","17/8/1969 16:19:79",0);
INSERT INTO Evento(EventoID,Descricao, Data, Admissao, Quarto) VALUES (1941, "descricao","13/2/1970 13:16:58" ,383, 155);
INSERT INTO Internamento( EventoID, Motivo, DataFim, Ativo) VALUES (1941,"Dengue Fever","14/4/1972 14:41:75",0);
INSERT INTO Evento(EventoID,Descricao, Data, Admissao, Quarto) VALUES (1942, "descricao","15/9/2009 18:59:26" ,428, 219);
INSERT INTO Internamento( EventoID, Motivo, DataFim, Ativo) VALUES (1942,"Kwashiorkor","15/11/2009 20:82:50",0);
INSERT INTO Evento(EventoID,Descricao, Data, Admissao, Quarto) VALUES (1943, "descricao","2/12/1996 23:39:34" ,305, 214);
INSERT INTO Internamento( EventoID, Motivo, DataFim, Ativo) VALUES (1943,"Metastatic cancer",NULL,1);
INSERT INTO Evento(EventoID,Descricao, Data, Admissao, Quarto) VALUES (1944, "descricao","8/1/1973 8:9:57" ,366, 219);
INSERT INTO Internamento( EventoID, Motivo, DataFim, Ativo) VALUES (1944,"Psittacosis","8/1/1976 9:36:63",0);
INSERT INTO Evento(EventoID,Descricao, Data, Admissao, Quarto) VALUES (1945, "descricao","17/7/1960 23:44:54" ,98, 209);
INSERT INTO Internamento( EventoID, Motivo, DataFim, Ativo) VALUES (1945,"Osteoporosis","19/8/1963 25:56:64",0);
INSERT INTO Evento(EventoID,Descricao, Data, Admissao, Quarto) VALUES (1946, "descricao","12/12/2006 8:51:46" ,379, 114);
INSERT INTO Internamento( EventoID, Motivo, DataFim, Ativo) VALUES (1946,"Rabies","12/14/2008 9:62:57",0);
INSERT INTO Evento(EventoID,Descricao, Data, Admissao, Quarto) VALUES (1947, "descricao","6/9/2019 17:15:33" ,182, 224);
INSERT INTO Internamento( EventoID, Motivo, DataFim, Ativo) VALUES (1947,"Chorea","9/11/2022 19:33:58",0);
INSERT INTO Evento(EventoID,Descricao, Data, Admissao, Quarto) VALUES (1948, "descricao","19/10/1992 7:35:0" ,213, 108);
INSERT INTO Internamento( EventoID, Motivo, DataFim, Ativo) VALUES (1948,"Stevens–Johnson syndrome","19/12/1995 9:43:23",0);
INSERT INTO Evento(EventoID,Descricao, Data, Admissao, Quarto) VALUES (1949, "descricao","18/5/1982 5:43:49" ,52, 162);
INSERT INTO Internamento( EventoID, Motivo, DataFim, Ativo) VALUES (1949,"Varicose veins","21/7/1983 6:43:72",0);
INSERT INTO Evento(EventoID,Descricao, Data, Admissao, Quarto) VALUES (1950, "descricao","27/7/2006 0:16:49" ,319, 154);
INSERT INTO Internamento( EventoID, Motivo, DataFim, Ativo) VALUES (1950,"Myopia","28/9/2006 1:42:54",0);
INSERT INTO Evento(EventoID,Descricao, Data, Admissao, Quarto) VALUES (1951, "descricao","18/10/2000 2:4:53" ,289, 149);
INSERT INTO Internamento( EventoID, Motivo, DataFim, Ativo) VALUES (1951,"Tinnitus","21/11/2003 4:34:83",0);
INSERT INTO Evento(EventoID,Descricao, Data, Admissao, Quarto) VALUES (1952, "descricao","22/8/1963 21:21:20" ,100, 241);
INSERT INTO Internamento( EventoID, Motivo, DataFim, Ativo) VALUES (1952,"Coronary heart disease","23/9/1963 22:34:20",0);
INSERT INTO Evento(EventoID,Descricao, Data, Admissao, Quarto) VALUES (1953, "descricao","10/5/2011 13:0:29" ,480, 148);
INSERT INTO Internamento( EventoID, Motivo, DataFim, Ativo) VALUES (1953,"Hypotonia",NULL,1);
INSERT INTO Evento(EventoID,Descricao, Data, Admissao, Quarto) VALUES (1954, "descricao","24/10/1960 2:2:35" ,77, 202);
INSERT INTO Internamento( EventoID, Motivo, DataFim, Ativo) VALUES (1954,"Trichomoniasis","26/11/1962 4:29:62",0);
INSERT INTO Evento(EventoID,Descricao, Data, Admissao, Quarto) VALUES (1955, "descricao","17/4/1981 7:38:27" ,325, 179);
INSERT INTO Internamento( EventoID, Motivo, DataFim, Ativo) VALUES (1955,"Myelitis",NULL,1);
INSERT INTO Evento(EventoID,Descricao, Data, Admissao, Quarto) VALUES (1956, "descricao","15/5/2011 7:39:38" ,369, 158);
INSERT INTO Internamento( EventoID, Motivo, DataFim, Ativo) VALUES (1956,"Cerebral palsy","15/7/2013 8:62:44",0);
INSERT INTO Evento(EventoID,Descricao, Data, Admissao, Quarto) VALUES (1957, "descricao","3/6/1992 3:8:36" ,29, 232);
INSERT INTO Internamento( EventoID, Motivo, DataFim, Ativo) VALUES (1957,"Shingles",NULL,1);
INSERT INTO Evento(EventoID,Descricao, Data, Admissao, Quarto) VALUES (1958, "descricao","11/11/1989 11:57:56" ,297, 154);
INSERT INTO Internamento( EventoID, Motivo, DataFim, Ativo) VALUES (1958,"Strabismus","14/11/1990 12:74:61",0);
INSERT INTO Evento(EventoID,Descricao, Data, Admissao, Quarto) VALUES (1959, "descricao","16/6/1971 21:31:17" ,20, 181);
INSERT INTO Internamento( EventoID, Motivo, DataFim, Ativo) VALUES (1959,"Melanoma",NULL,1);
INSERT INTO Evento(EventoID,Descricao, Data, Admissao, Quarto) VALUES (1960, "descricao","20/9/1984 16:26:21" ,85, 249);
INSERT INTO Internamento( EventoID, Motivo, DataFim, Ativo) VALUES (1960,"Periodontal disease","22/10/1987 18:37:46",0);
INSERT INTO Evento(EventoID,Descricao, Data, Admissao, Quarto) VALUES (1961, "descricao","14/1/2001 22:50:53" ,236, 167);
INSERT INTO Internamento( EventoID, Motivo, DataFim, Ativo) VALUES (1961,"Rheumatoid arthritis",NULL,1);
INSERT INTO Evento(EventoID,Descricao, Data, Admissao, Quarto) VALUES (1962, "descricao","21/10/1991 6:10:33" ,129, 137);
INSERT INTO Internamento( EventoID, Motivo, DataFim, Ativo) VALUES (1962,"Limbtoosa",NULL,1);
INSERT INTO Evento(EventoID,Descricao, Data, Admissao, Quarto) VALUES (1963, "descricao","12/3/2019 16:10:58" ,245, 170);
INSERT INTO Internamento( EventoID, Motivo, DataFim, Ativo) VALUES (1963,"Otitis","13/3/2019 18:36:72",0);
INSERT INTO Evento(EventoID,Descricao, Data, Admissao, Quarto) VALUES (1964, "descricao","13/1/1971 15:58:48" ,29, 221);
INSERT INTO Internamento( EventoID, Motivo, DataFim, Ativo) VALUES (1964,"Cholera","16/3/1973 17:71:57",0);
INSERT INTO Evento(EventoID,Descricao, Data, Admissao, Quarto) VALUES (1965, "descricao","24/5/1979 16:15:48" ,322, 128);
INSERT INTO Internamento( EventoID, Motivo, DataFim, Ativo) VALUES (1965,"Smallpox",NULL,1);
INSERT INTO Evento(EventoID,Descricao, Data, Admissao, Quarto) VALUES (1966, "descricao","28/8/1968 15:50:27" ,349, 231);
INSERT INTO Internamento( EventoID, Motivo, DataFim, Ativo) VALUES (1966,"Infertility",NULL,1);
INSERT INTO Evento(EventoID,Descricao, Data, Admissao, Quarto) VALUES (1967, "descricao","2/10/1970 1:51:12" ,246, 182);
INSERT INTO Internamento( EventoID, Motivo, DataFim, Ativo) VALUES (1967,"Legionellosis",NULL,1);
INSERT INTO Evento(EventoID,Descricao, Data, Admissao, Quarto) VALUES (1968, "descricao","25/2/2014 18:20:4" ,358, 144);
INSERT INTO Internamento( EventoID, Motivo, DataFim, Ativo) VALUES (1968,"Morquio Syndrome","25/3/2017 19:27:4",0);
INSERT INTO Evento(EventoID,Descricao, Data, Admissao, Quarto) VALUES (1969, "descricao","18/12/1963 12:30:22" ,484, 143);
INSERT INTO Internamento( EventoID, Motivo, DataFim, Ativo) VALUES (1969,"Coeliac disease","18/13/1966 13:58:30",0);
INSERT INTO Evento(EventoID,Descricao, Data, Admissao, Quarto) VALUES (1970, "descricao","15/5/2007 21:38:41" ,66, 235);
INSERT INTO Internamento( EventoID, Motivo, DataFim, Ativo) VALUES (1970,"Kidney stone disease","17/5/2008 22:63:57",0);
INSERT INTO Evento(EventoID,Descricao, Data, Admissao, Quarto) VALUES (1971, "descricao","8/7/1969 18:55:20" ,7, 172);
INSERT INTO Internamento( EventoID, Motivo, DataFim, Ativo) VALUES (1971,"Obesity","11/9/1970 20:83:27",0);
INSERT INTO Evento(EventoID,Descricao, Data, Admissao, Quarto) VALUES (1972, "descricao","3/2/1971 7:50:49" ,178, 171);
INSERT INTO Internamento( EventoID, Motivo, DataFim, Ativo) VALUES (1972,"Limbtoosa","4/4/1971 9:80:50",0);
INSERT INTO Evento(EventoID,Descricao, Data, Admissao, Quarto) VALUES (1973, "descricao","22/1/1991 17:12:58" ,114, 209);
INSERT INTO Internamento( EventoID, Motivo, DataFim, Ativo) VALUES (1973,"Breast cancer","23/1/1994 19:14:71",0);
INSERT INTO Evento(EventoID,Descricao, Data, Admissao, Quarto) VALUES (1974, "descricao","16/9/2019 8:37:33" ,220, 171);
INSERT INTO Internamento( EventoID, Motivo, DataFim, Ativo) VALUES (1974,"Necrotizing Fasciitis","17/11/2019 9:44:33",0);
INSERT INTO Evento(EventoID,Descricao, Data, Admissao, Quarto) VALUES (1975, "descricao","14/4/2007 22:18:22" ,472, 190);
INSERT INTO Internamento( EventoID, Motivo, DataFim, Ativo) VALUES (1975,"Leprosy",NULL,1);
INSERT INTO Evento(EventoID,Descricao, Data, Admissao, Quarto) VALUES (1976, "descricao","18/1/1961 14:32:51" ,70, 170);
INSERT INTO Internamento( EventoID, Motivo, DataFim, Ativo) VALUES (1976,"Chagas disease","19/2/1961 16:54:81",0);
INSERT INTO Evento(EventoID,Descricao, Data, Admissao, Quarto) VALUES (1977, "descricao","24/10/1963 22:11:16" ,115, 201);
INSERT INTO Internamento( EventoID, Motivo, DataFim, Ativo) VALUES (1977,"Condyloma","26/10/1966 24:35:20",0);
INSERT INTO Evento(EventoID,Descricao, Data, Admissao, Quarto) VALUES (1978, "descricao","5/10/2015 12:25:31" ,175, 107);
INSERT INTO Internamento( EventoID, Motivo, DataFim, Ativo) VALUES (1978,"Tennis elbow","5/12/2016 14:42:48",0);
INSERT INTO Evento(EventoID,Descricao, Data, Admissao, Quarto) VALUES (1979, "descricao","1/8/1991 2:55:36" ,219, 188);
INSERT INTO Internamento( EventoID, Motivo, DataFim, Ativo) VALUES (1979,"Epilepsy","2/8/1993 4:60:56",0);
INSERT INTO Evento(EventoID,Descricao, Data, Admissao, Quarto) VALUES (1980, "descricao","13/6/1973 2:10:21" ,360, 131);
INSERT INTO Internamento( EventoID, Motivo, DataFim, Ativo) VALUES (1980,"Huntington's disease","15/6/1973 3:23:38",0);
INSERT INTO Evento(EventoID,Descricao, Data, Admissao, Quarto) VALUES (1981, "descricao","12/10/1988 1:51:40" ,307, 214);
INSERT INTO Internamento( EventoID, Motivo, DataFim, Ativo) VALUES (1981,"Lupus erythematosus",NULL,1);
INSERT INTO Evento(EventoID,Descricao, Data, Admissao, Quarto) VALUES (1982, "descricao","27/7/2002 19:23:53" ,161, 214);
INSERT INTO Internamento( EventoID, Motivo, DataFim, Ativo) VALUES (1982,"Coronary heart disease","28/7/2004 20:38:61",0);
INSERT INTO Evento(EventoID,Descricao, Data, Admissao, Quarto) VALUES (1983, "descricao","15/10/1965 1:29:0" ,254, 154);
INSERT INTO Internamento( EventoID, Motivo, DataFim, Ativo) VALUES (1983,"Viral meningitis","15/11/1966 2:34:16",0);
INSERT INTO Evento(EventoID,Descricao, Data, Admissao, Quarto) VALUES (1984, "descricao","12/1/2011 8:47:0" ,282, 239);
INSERT INTO Internamento( EventoID, Motivo, DataFim, Ativo) VALUES (1984,"Common cold","15/3/2011 9:69:21",0);
INSERT INTO Evento(EventoID,Descricao, Data, Admissao, Quarto) VALUES (1985, "descricao","5/9/2012 3:1:25" ,339, 109);
INSERT INTO Internamento( EventoID, Motivo, DataFim, Ativo) VALUES (1985,"Palindromic rheumatism","7/11/2012 4:7:46",0);
INSERT INTO Evento(EventoID,Descricao, Data, Admissao, Quarto) VALUES (1986, "descricao","2/3/2004 18:34:40" ,387, 232);
INSERT INTO Internamento( EventoID, Motivo, DataFim, Ativo) VALUES (1986,"Warkany syndrome",NULL,1);
INSERT INTO Evento(EventoID,Descricao, Data, Admissao, Quarto) VALUES (1987, "descricao","8/1/1990 2:12:40" ,22, 129);
INSERT INTO Internamento( EventoID, Motivo, DataFim, Ativo) VALUES (1987,"Psoriasis","10/1/1992 4:14:59",0);
INSERT INTO Evento(EventoID,Descricao, Data, Admissao, Quarto) VALUES (1988, "descricao","1/7/1998 21:20:38" ,211, 125);
INSERT INTO Internamento( EventoID, Motivo, DataFim, Ativo) VALUES (1988,"Hepatitis C",NULL,1);
INSERT INTO Evento(EventoID,Descricao, Data, Admissao, Quarto) VALUES (1989, "descricao","12/9/1987 20:21:55" ,257, 231);
INSERT INTO Internamento( EventoID, Motivo, DataFim, Ativo) VALUES (1989,"Limbtoosa",NULL,1);
INSERT INTO Evento(EventoID,Descricao, Data, Admissao, Quarto) VALUES (1990, "descricao","27/3/2018 14:8:16" ,410, 186);
INSERT INTO Internamento( EventoID, Motivo, DataFim, Ativo) VALUES (1990,"Stomach ulcers",NULL,1);
INSERT INTO Evento(EventoID,Descricao, Data, Admissao, Quarto) VALUES (1991, "descricao","5/6/1970 12:3:59" ,138, 119);
INSERT INTO Internamento( EventoID, Motivo, DataFim, Ativo) VALUES (1991,"Otitis","8/7/1971 14:3:84",0);
INSERT INTO Evento(EventoID,Descricao, Data, Admissao, Quarto) VALUES (1992, "descricao","26/3/2004 12:3:49" ,442, 172);
INSERT INTO Internamento( EventoID, Motivo, DataFim, Ativo) VALUES (1992,"Huntington's disease",NULL,1);
INSERT INTO Evento(EventoID,Descricao, Data, Admissao, Quarto) VALUES (1993, "descricao","10/1/2016 14:17:31" ,27, 168);
INSERT INTO Internamento( EventoID, Motivo, DataFim, Ativo) VALUES (1993,"Hepatitis C","11/3/2017 16:45:35",0);
INSERT INTO Evento(EventoID,Descricao, Data, Admissao, Quarto) VALUES (1994, "descricao","11/6/1973 19:36:29" ,400, 248);
INSERT INTO Internamento( EventoID, Motivo, DataFim, Ativo) VALUES (1994,"Shigellosis",NULL,1);
INSERT INTO Evento(EventoID,Descricao, Data, Admissao, Quarto) VALUES (1995, "descricao","16/2/1978 20:12:12" ,35, 170);
INSERT INTO Internamento( EventoID, Motivo, DataFim, Ativo) VALUES (1995,"Coronary heart disease","16/4/1980 21:40:42",0);
INSERT INTO Evento(EventoID,Descricao, Data, Admissao, Quarto) VALUES (1996, "descricao","6/8/1977 19:37:56" ,288, 184);
INSERT INTO Internamento( EventoID, Motivo, DataFim, Ativo) VALUES (1996,"Muscular dystrophy",NULL,1);
INSERT INTO Evento(EventoID,Descricao, Data, Admissao, Quarto) VALUES (1997, "descricao","22/2/1993 0:11:10" ,395, 164);
INSERT INTO Internamento( EventoID, Motivo, DataFim, Ativo) VALUES (1997,"Ear infection","24/2/1994 1:40:38",0);
INSERT INTO Evento(EventoID,Descricao, Data, Admissao, Quarto) VALUES (1998, "descricao","12/7/2016 3:23:18" ,63, 199);
INSERT INTO Internamento( EventoID, Motivo, DataFim, Ativo) VALUES (1998,"Atherosclerosis","12/7/2018 4:51:37",0);
INSERT INTO Evento(EventoID,Descricao, Data, Admissao, Quarto) VALUES (1999, "descricao","20/5/1960 6:8:7" ,250, 108);
INSERT INTO Internamento( EventoID, Motivo, DataFim, Ativo) VALUES (1999,"Typhus",NULL,1);
INSERT INTO Evento(EventoID,Descricao, Data, Admissao, Quarto) VALUES (2000, "descricao","20/11/2013 17:30:48" ,187, 223);
INSERT INTO Internamento( EventoID, Motivo, DataFim, Ativo) VALUES (2000,"Gastroenteritis","21/13/2014 18:49:56",0);
INSERT INTO Evento(EventoID,Descricao, Data, Admissao, Quarto) VALUES (2001, "descricao","23/6/2012 14:49:1" ,239, 199);
INSERT INTO Internamento( EventoID, Motivo, DataFim, Ativo) VALUES (2001,"Trichinosis","26/6/2014 16:54:10",0);
INSERT INTO Evento(EventoID,Descricao, Data, Admissao, Quarto) VALUES (2002, "descricao","1/9/2012 7:15:47" ,297, 156);
INSERT INTO Internamento( EventoID, Motivo, DataFim, Ativo) VALUES (2002,"Irritable bowel syndrome",NULL,1);
INSERT INTO Evento(EventoID,Descricao, Data, Admissao, Quarto) VALUES (2003, "descricao","8/2/1995 13:36:21" ,479, 191);
INSERT INTO Internamento( EventoID, Motivo, DataFim, Ativo) VALUES (2003,"Hepatitis B","8/2/1997 14:50:38",0);
INSERT INTO Evento(EventoID,Descricao, Data, Admissao, Quarto) VALUES (2004, "descricao","8/4/2010 20:39:21" ,241, 178);
INSERT INTO Internamento( EventoID, Motivo, DataFim, Ativo) VALUES (2004,"Plague","9/4/2010 21:59:24",0);
INSERT INTO Evento(EventoID,Descricao, Data, Admissao, Quarto) VALUES (2005, "descricao","3/4/1975 14:32:26" ,118, 239);
INSERT INTO Internamento( EventoID, Motivo, DataFim, Ativo) VALUES (2005,"Sepsis","5/6/1975 15:36:52",0);
INSERT INTO Evento(EventoID,Descricao, Data, Admissao, Quarto) VALUES (2006, "descricao","14/12/2019 14:24:5" ,186, 126);
INSERT INTO Internamento( EventoID, Motivo, DataFim, Ativo) VALUES (2006,"Influenza",NULL,1);
INSERT INTO Evento(EventoID,Descricao, Data, Admissao, Quarto) VALUES (2007, "descricao","4/4/2002 9:55:41" ,191, 217);
INSERT INTO Internamento( EventoID, Motivo, DataFim, Ativo) VALUES (2007,"Vitiligo","5/6/2003 11:67:56",0);
INSERT INTO Evento(EventoID,Descricao, Data, Admissao, Quarto) VALUES (2008, "descricao","9/12/1960 18:53:39" ,198, 162);
INSERT INTO Internamento( EventoID, Motivo, DataFim, Ativo) VALUES (2008,"Loiasis",NULL,1);
INSERT INTO Evento(EventoID,Descricao, Data, Admissao, Quarto) VALUES (2009, "descricao","1/5/1978 9:2:48" ,387, 199);
INSERT INTO Internamento( EventoID, Motivo, DataFim, Ativo) VALUES (2009,"Rift Valley fever","1/5/1980 11:25:72",0);
INSERT INTO Evento(EventoID,Descricao, Data, Admissao, Quarto) VALUES (2010, "descricao","15/5/2008 10:45:23" ,422, 228);
INSERT INTO Internamento( EventoID, Motivo, DataFim, Ativo) VALUES (2010,"Myxedema","15/7/2009 12:62:47",0);
INSERT INTO Evento(EventoID,Descricao, Data, Admissao, Quarto) VALUES (2011, "descricao","12/5/2000 22:1:14" ,33, 229);
INSERT INTO Internamento( EventoID, Motivo, DataFim, Ativo) VALUES (2011,"Irritable bowel syndrome","13/5/2002 24:16:40",0);
INSERT INTO Evento(EventoID,Descricao, Data, Admissao, Quarto) VALUES (2012, "descricao","28/9/1992 1:9:54" ,446, 218);
INSERT INTO Internamento( EventoID, Motivo, DataFim, Ativo) VALUES (2012,"Shigellosis","29/9/1992 2:30:65",0);
INSERT INTO Evento(EventoID,Descricao, Data, Admissao, Quarto) VALUES (2013, "descricao","24/9/2006 1:15:56" ,385, 239);
INSERT INTO Internamento( EventoID, Motivo, DataFim, Ativo) VALUES (2013,"Sciatica","25/9/2009 2:38:56",0);
INSERT INTO Evento(EventoID,Descricao, Data, Admissao, Quarto) VALUES (2014, "descricao","8/11/1977 20:53:31" ,449, 246);
INSERT INTO Internamento( EventoID, Motivo, DataFim, Ativo) VALUES (2014,"Silicosis","10/11/1979 21:62:55",0);
INSERT INTO Evento(EventoID,Descricao, Data, Admissao, Quarto) VALUES (2015, "descricao","7/7/2011 12:57:16" ,412, 173);
INSERT INTO Internamento( EventoID, Motivo, DataFim, Ativo) VALUES (2015,"Plague","7/9/2012 14:69:41",0);
INSERT INTO Evento(EventoID,Descricao, Data, Admissao, Quarto) VALUES (2016, "descricao","8/3/1982 1:46:49" ,206, 148);
INSERT INTO Internamento( EventoID, Motivo, DataFim, Ativo) VALUES (2016,"Salmonellosis","8/5/1985 3:74:69",0);
INSERT INTO Evento(EventoID,Descricao, Data, Admissao, Quarto) VALUES (2017, "descricao","25/8/1979 23:52:55" ,309, 249);
INSERT INTO Internamento( EventoID, Motivo, DataFim, Ativo) VALUES (2017,"Mad cow disease",NULL,1);
INSERT INTO Evento(EventoID,Descricao, Data, Admissao, Quarto) VALUES (2018, "descricao","26/5/1994 9:57:26" ,451, 197);
INSERT INTO Internamento( EventoID, Motivo, DataFim, Ativo) VALUES (2018,"Hepatitis B","27/5/1995 10:82:45",0);
INSERT INTO Evento(EventoID,Descricao, Data, Admissao, Quarto) VALUES (2019, "descricao","11/10/1972 2:53:47" ,443, 193);
INSERT INTO Internamento( EventoID, Motivo, DataFim, Ativo) VALUES (2019,"Scurvy","11/12/1972 4:54:53",0);
INSERT INTO Evento(EventoID,Descricao, Data, Admissao, Quarto) VALUES (2020, "descricao","18/5/1995 7:20:5" ,223, 233);
INSERT INTO Internamento( EventoID, Motivo, DataFim, Ativo) VALUES (2020,"Schizophrenia","18/5/1997 9:30:13",0);
INSERT INTO Evento(EventoID,Descricao, Data, Admissao, Quarto) VALUES (2021, "descricao","20/7/1962 15:9:49" ,216, 229);
INSERT INTO Internamento( EventoID, Motivo, DataFim, Ativo) VALUES (2021,"Hepatitis B","21/8/1965 16:33:73",0);
INSERT INTO Evento(EventoID,Descricao, Data, Admissao, Quarto) VALUES (2022, "descricao","1/5/2006 19:58:37" ,173, 161);
INSERT INTO Internamento( EventoID, Motivo, DataFim, Ativo) VALUES (2022,"Morquio Syndrome","4/7/2009 20:70:57",0);
INSERT INTO Evento(EventoID,Descricao, Data, Admissao, Quarto) VALUES (2023, "descricao","23/5/2009 14:21:16" ,424, 172);
INSERT INTO Internamento( EventoID, Motivo, DataFim, Ativo) VALUES (2023,"Malaria","26/5/2012 15:22:23",0);
INSERT INTO Evento(EventoID,Descricao, Data, Admissao, Quarto) VALUES (2024, "descricao","12/7/1972 22:57:40" ,247, 183);
INSERT INTO Internamento( EventoID, Motivo, DataFim, Ativo) VALUES (2024,"Rubella",NULL,1);
INSERT INTO Evento(EventoID,Descricao, Data, Admissao, Quarto) VALUES (2025, "descricao","12/4/1989 11:0:29" ,42, 238);
INSERT INTO Internamento( EventoID, Motivo, DataFim, Ativo) VALUES (2025,"Alzheimer's disease",NULL,1);
INSERT INTO Evento(EventoID,Descricao, Data, Admissao, Quarto) VALUES (2026, "descricao","25/9/1963 13:56:43" ,350, 206);
INSERT INTO Internamento( EventoID, Motivo, DataFim, Ativo) VALUES (2026,"Jaundice","27/9/1963 15:66:56",0);
INSERT INTO Evento(EventoID,Descricao, Data, Admissao, Quarto) VALUES (2027, "descricao","16/9/2005 9:3:12" ,350, 162);
INSERT INTO Internamento( EventoID, Motivo, DataFim, Ativo) VALUES (2027,"Thrush",NULL,1);
INSERT INTO Evento(EventoID,Descricao, Data, Admissao, Quarto) VALUES (2028, "descricao","20/6/1994 19:51:13" ,23, 182);
INSERT INTO Internamento( EventoID, Motivo, DataFim, Ativo) VALUES (2028,"Porphyria","20/6/1996 20:67:30",0);
INSERT INTO Evento(EventoID,Descricao, Data, Admissao, Quarto) VALUES (2029, "descricao","25/12/1985 1:44:28" ,15, 179);
INSERT INTO Internamento( EventoID, Motivo, DataFim, Ativo) VALUES (2029,"Lung cancer","28/13/1986 3:74:41",0);
INSERT INTO Evento(EventoID,Descricao, Data, Admissao, Quarto) VALUES (2030, "descricao","5/12/1994 4:58:13" ,224, 181);
INSERT INTO Internamento( EventoID, Motivo, DataFim, Ativo) VALUES (2030,"Trichomoniasis","5/12/1996 5:74:24",0);
INSERT INTO Evento(EventoID,Descricao, Data, Admissao, Quarto) VALUES (2031, "descricao","22/3/2001 9:48:46" ,173, 148);
INSERT INTO Internamento( EventoID, Motivo, DataFim, Ativo) VALUES (2031,"SARS",NULL,1);
INSERT INTO Evento(EventoID,Descricao, Data, Admissao, Quarto) VALUES (2032, "descricao","27/3/1992 2:49:48" ,260, 231);
INSERT INTO Internamento( EventoID, Motivo, DataFim, Ativo) VALUES (2032,"Circadian rhythm sleep disorder",NULL,1);
INSERT INTO Evento(EventoID,Descricao, Data, Admissao, Quarto) VALUES (2033, "descricao","3/6/2014 13:14:22" ,446, 189);
INSERT INTO Internamento( EventoID, Motivo, DataFim, Ativo) VALUES (2033,"Thymoma","3/8/2015 15:43:44",0);
INSERT INTO Evento(EventoID,Descricao, Data, Admissao, Quarto) VALUES (2034, "descricao","17/12/1985 4:59:43" ,169, 248);
INSERT INTO Internamento( EventoID, Motivo, DataFim, Ativo) VALUES (2034,"Human papillomavirus","19/14/1988 5:71:72",0);
INSERT INTO Evento(EventoID,Descricao, Data, Admissao, Quarto) VALUES (2035, "descricao","12/4/1980 22:7:50" ,288, 136);
INSERT INTO Internamento( EventoID, Motivo, DataFim, Ativo) VALUES (2035,"Thalassaemia",NULL,1);
INSERT INTO Evento(EventoID,Descricao, Data, Admissao, Quarto) VALUES (2036, "descricao","4/8/1997 22:31:42" ,2, 200);
INSERT INTO Internamento( EventoID, Motivo, DataFim, Ativo) VALUES (2036,"Laryngitis","7/8/2000 24:56:48",0);
INSERT INTO Evento(EventoID,Descricao, Data, Admissao, Quarto) VALUES (2037, "descricao","26/1/1990 0:20:41" ,305, 129);
INSERT INTO Internamento( EventoID, Motivo, DataFim, Ativo) VALUES (2037,"Ignious Syndrome","28/1/1990 1:32:58",0);
INSERT INTO Evento(EventoID,Descricao, Data, Admissao, Quarto) VALUES (2038, "descricao","1/6/2008 2:7:44" ,264, 188);
INSERT INTO Internamento( EventoID, Motivo, DataFim, Ativo) VALUES (2038,"Ulcers","1/7/2010 3:25:60",0);
INSERT INTO Evento(EventoID,Descricao, Data, Admissao, Quarto) VALUES (2039, "descricao","3/3/1996 4:7:5" ,232, 168);
INSERT INTO Internamento( EventoID, Motivo, DataFim, Ativo) VALUES (2039,"Botulism","3/3/1998 6:37:20",0);
INSERT INTO Evento(EventoID,Descricao, Data, Admissao, Quarto) VALUES (2040, "descricao","1/1/1973 17:56:24" ,274, 216);
INSERT INTO Internamento( EventoID, Motivo, DataFim, Ativo) VALUES (2040,"Psittacosis","2/1/1973 18:72:25",0);
INSERT INTO Evento(EventoID,Descricao, Data, Admissao, Quarto) VALUES (2041, "descricao","26/8/2002 10:35:42" ,495, 158);
INSERT INTO Internamento( EventoID, Motivo, DataFim, Ativo) VALUES (2041,"Loiasis","27/9/2002 11:59:60",0);
INSERT INTO Evento(EventoID,Descricao, Data, Admissao, Quarto) VALUES (2042, "descricao","23/1/2010 22:3:40" ,372, 102);
INSERT INTO Internamento( EventoID, Motivo, DataFim, Ativo) VALUES (2042,"Laryngitis","24/3/2012 23:7:64",0);
INSERT INTO Evento(EventoID,Descricao, Data, Admissao, Quarto) VALUES (2043, "descricao","6/10/1994 12:31:19" ,185, 103);
INSERT INTO Internamento( EventoID, Motivo, DataFim, Ativo) VALUES (2043,"Coeliac disease","7/10/1995 13:54:38",0);
INSERT INTO Evento(EventoID,Descricao, Data, Admissao, Quarto) VALUES (2044, "descricao","26/9/1996 10:8:58" ,156, 240);
INSERT INTO Internamento( EventoID, Motivo, DataFim, Ativo) VALUES (2044,"Foodborne illness","28/11/1996 12:26:83",0);
INSERT INTO Evento(EventoID,Descricao, Data, Admissao, Quarto) VALUES (2045, "descricao","23/9/2001 2:9:11" ,391, 189);
INSERT INTO Internamento( EventoID, Motivo, DataFim, Ativo) VALUES (2045,"Plague","26/10/2001 4:9:37",0);
INSERT INTO Evento(EventoID,Descricao, Data, Admissao, Quarto) VALUES (2046, "descricao","27/9/1982 21:21:19" ,412, 202);
INSERT INTO Internamento( EventoID, Motivo, DataFim, Ativo) VALUES (2046,"Pilia",NULL,1);
INSERT INTO Evento(EventoID,Descricao, Data, Admissao, Quarto) VALUES (2047, "descricao","16/6/1982 15:26:53" ,353, 223);
INSERT INTO Internamento( EventoID, Motivo, DataFim, Ativo) VALUES (2047,"Sciatica","18/7/1983 17:29:78",0);
INSERT INTO Evento(EventoID,Descricao, Data, Admissao, Quarto) VALUES (2048, "descricao","7/4/1983 15:57:4" ,347, 182);
INSERT INTO Internamento( EventoID, Motivo, DataFim, Ativo) VALUES (2048,"Coeliac disease","7/5/1986 17:59:20",0);
INSERT INTO Evento(EventoID,Descricao, Data, Admissao, Quarto) VALUES (2049, "descricao","15/3/1981 8:5:57" ,273, 148);
INSERT INTO Internamento( EventoID, Motivo, DataFim, Ativo) VALUES (2049,"Shin splints","17/4/1983 10:22:66",0);
INSERT INTO Evento(EventoID,Descricao, Data, Admissao, Quarto) VALUES (2050, "descricao","13/12/1982 3:42:46" ,388, 131);
INSERT INTO Internamento( EventoID, Motivo, DataFim, Ativo) VALUES (2050,"Porphyria","15/14/1982 4:71:57",0);
INSERT INTO Evento(EventoID,Descricao, Data, Admissao, Quarto) VALUES (2051, "descricao","17/11/2013 20:50:55" ,22, 167);
INSERT INTO Internamento( EventoID, Motivo, DataFim, Ativo) VALUES (2051,"Non-gonococcal urethritis","17/13/2016 21:63:55",0);
INSERT INTO Evento(EventoID,Descricao, Data, Admissao, Quarto) VALUES (2052, "descricao","25/2/1971 22:1:43" ,106, 100);
INSERT INTO Internamento( EventoID, Motivo, DataFim, Ativo) VALUES (2052,"Asthma","25/2/1972 23:21:53",0);
INSERT INTO Evento(EventoID,Descricao, Data, Admissao, Quarto) VALUES (2053, "descricao","4/1/2006 2:16:29" ,252, 144);
INSERT INTO Internamento( EventoID, Motivo, DataFim, Ativo) VALUES (2053,"Allergy","6/2/2008 4:30:53",0);
INSERT INTO Evento(EventoID,Descricao, Data, Admissao, Quarto) VALUES (2054, "descricao","24/1/1970 15:10:23" ,339, 102);
INSERT INTO Internamento( EventoID, Motivo, DataFim, Ativo) VALUES (2054,"Urticaria","26/2/1970 16:30:32",0);
INSERT INTO Evento(EventoID,Descricao, Data, Admissao, Quarto) VALUES (2055, "descricao","20/9/1965 22:15:9" ,440, 219);
INSERT INTO Internamento( EventoID, Motivo, DataFim, Ativo) VALUES (2055,"Sickle-cell anemia",NULL,1);
INSERT INTO Evento(EventoID,Descricao, Data, Admissao, Quarto) VALUES (2056, "descricao","7/5/2000 19:20:26" ,485, 225);
INSERT INTO Internamento( EventoID, Motivo, DataFim, Ativo) VALUES (2056,"Tumor",NULL,1);
INSERT INTO Evento(EventoID,Descricao, Data, Admissao, Quarto) VALUES (2057, "descricao","25/8/2003 17:46:21" ,128, 226);
INSERT INTO Internamento( EventoID, Motivo, DataFim, Ativo) VALUES (2057,"Toxic shock syndrome","28/9/2005 18:65:35",0);
INSERT INTO Evento(EventoID,Descricao, Data, Admissao, Quarto) VALUES (2058, "descricao","8/9/2011 21:55:56" ,381, 181);
INSERT INTO Internamento( EventoID, Motivo, DataFim, Ativo) VALUES (2058,"Melanoma",NULL,1);
INSERT INTO Evento(EventoID,Descricao, Data, Admissao, Quarto) VALUES (2059, "descricao","23/12/1979 12:7:51" ,5, 151);
INSERT INTO Internamento( EventoID, Motivo, DataFim, Ativo) VALUES (2059,"Abscess","26/12/1981 14:24:81",0);
INSERT INTO Evento(EventoID,Descricao, Data, Admissao, Quarto) VALUES (2060, "descricao","13/2/2009 8:53:7" ,198, 114);
INSERT INTO Internamento( EventoID, Motivo, DataFim, Ativo) VALUES (2060,"Leukemia","15/2/2010 10:67:16",0);
INSERT INTO Evento(EventoID,Descricao, Data, Admissao, Quarto) VALUES (2061, "descricao","16/11/2011 14:15:5" ,28, 109);
INSERT INTO Internamento( EventoID, Motivo, DataFim, Ativo) VALUES (2061,"Allergy",NULL,1);
INSERT INTO Evento(EventoID,Descricao, Data, Admissao, Quarto) VALUES (2062, "descricao","1/1/2006 23:51:30" ,148, 161);
INSERT INTO Internamento( EventoID, Motivo, DataFim, Ativo) VALUES (2062,"Myxedema",NULL,1);
INSERT INTO Evento(EventoID,Descricao, Data, Admissao, Quarto) VALUES (2063, "descricao","20/8/1967 23:33:34" ,165, 109);
INSERT INTO Internamento( EventoID, Motivo, DataFim, Ativo) VALUES (2063,"Dengue Fever","20/10/1970 25:51:37",0);
INSERT INTO Evento(EventoID,Descricao, Data, Admissao, Quarto) VALUES (2064, "descricao","3/12/1994 12:15:21" ,55, 147);
INSERT INTO Internamento( EventoID, Motivo, DataFim, Ativo) VALUES (2064,"Huntington's disease",NULL,1);
INSERT INTO Evento(EventoID,Descricao, Data, Admissao, Quarto) VALUES (2065, "descricao","12/3/1963 12:4:16" ,448, 243);
INSERT INTO Internamento( EventoID, Motivo, DataFim, Ativo) VALUES (2065,"Tuberculosis",NULL,1);
INSERT INTO Evento(EventoID,Descricao, Data, Admissao, Quarto) VALUES (2066, "descricao","3/9/1970 13:8:41" ,149, 150);
INSERT INTO Internamento( EventoID, Motivo, DataFim, Ativo) VALUES (2066,"Condyloma",NULL,1);
INSERT INTO Evento(EventoID,Descricao, Data, Admissao, Quarto) VALUES (2067, "descricao","19/12/2018 2:24:46" ,266, 128);
INSERT INTO Internamento( EventoID, Motivo, DataFim, Ativo) VALUES (2067,"Rheumatoid arthritis","22/12/2020 3:41:60",0);
INSERT INTO Evento(EventoID,Descricao, Data, Admissao, Quarto) VALUES (2068, "descricao","20/11/1975 8:38:38" ,291, 194);
INSERT INTO Internamento( EventoID, Motivo, DataFim, Ativo) VALUES (2068,"Scurvy","21/11/1977 9:56:53",0);
INSERT INTO Evento(EventoID,Descricao, Data, Admissao, Quarto) VALUES (2069, "descricao","18/1/2010 9:33:46" ,280, 125);
INSERT INTO Internamento( EventoID, Motivo, DataFim, Ativo) VALUES (2069,"Lymphoma",NULL,1);
INSERT INTO Evento(EventoID,Descricao, Data, Admissao, Quarto) VALUES (2070, "descricao","16/2/1996 23:4:53" ,355, 149);
INSERT INTO Internamento( EventoID, Motivo, DataFim, Ativo) VALUES (2070,"Encephalitis","17/3/1998 24:20:58",0);
INSERT INTO Evento(EventoID,Descricao, Data, Admissao, Quarto) VALUES (2071, "descricao","24/9/2013 12:40:39" ,268, 133);
INSERT INTO Internamento( EventoID, Motivo, DataFim, Ativo) VALUES (2071,"Mattticular syndrome",NULL,1);
INSERT INTO Evento(EventoID,Descricao, Data, Admissao, Quarto) VALUES (2072, "descricao","15/4/1970 2:56:20" ,410, 145);
INSERT INTO Internamento( EventoID, Motivo, DataFim, Ativo) VALUES (2072,"Peritonitis","15/6/1972 4:68:23",0);
INSERT INTO Evento(EventoID,Descricao, Data, Admissao, Quarto) VALUES (2073, "descricao","16/1/2004 5:48:34" ,79, 148);
INSERT INTO Internamento( EventoID, Motivo, DataFim, Ativo) VALUES (2073,"Foodborne illness",NULL,1);
INSERT INTO Evento(EventoID,Descricao, Data, Admissao, Quarto) VALUES (2074, "descricao","25/9/2011 2:0:29" ,467, 152);
INSERT INTO Internamento( EventoID, Motivo, DataFim, Ativo) VALUES (2074,"Stomach ulcers",NULL,1);
INSERT INTO Evento(EventoID,Descricao, Data, Admissao, Quarto) VALUES (2075, "descricao","14/12/1962 12:36:23" ,167, 243);
INSERT INTO Internamento( EventoID, Motivo, DataFim, Ativo) VALUES (2075,"Pertussis","15/14/1964 14:63:35",0);
INSERT INTO Evento(EventoID,Descricao, Data, Admissao, Quarto) VALUES (2076, "descricao","14/11/1973 19:32:18" ,222, 152);
INSERT INTO Internamento( EventoID, Motivo, DataFim, Ativo) VALUES (2076,"Strabismus","16/13/1976 20:53:25",0);
INSERT INTO Evento(EventoID,Descricao, Data, Admissao, Quarto) VALUES (2077, "descricao","1/5/1973 11:4:10" ,408, 216);
INSERT INTO Internamento( EventoID, Motivo, DataFim, Ativo) VALUES (2077,"Pilia","3/6/1976 13:31:38",0);
INSERT INTO Evento(EventoID,Descricao, Data, Admissao, Quarto) VALUES (2078, "descricao","14/8/1994 16:37:45" ,161, 111);
INSERT INTO Internamento( EventoID, Motivo, DataFim, Ativo) VALUES (2078,"Dysentery","15/10/1996 17:57:55",0);
INSERT INTO Evento(EventoID,Descricao, Data, Admissao, Quarto) VALUES (2079, "descricao","2/10/1978 2:8:28" ,298, 106);
INSERT INTO Internamento( EventoID, Motivo, DataFim, Ativo) VALUES (2079,"Kidney stone disease","2/10/1978 3:16:56",0);
INSERT INTO Evento(EventoID,Descricao, Data, Admissao, Quarto) VALUES (2080, "descricao","15/6/2016 22:53:38" ,430, 224);
INSERT INTO Internamento( EventoID, Motivo, DataFim, Ativo) VALUES (2080,"Watkins",NULL,1);
INSERT INTO Evento(EventoID,Descricao, Data, Admissao, Quarto) VALUES (2081, "descricao","10/6/1972 7:36:15" ,104, 101);
INSERT INTO Internamento( EventoID, Motivo, DataFim, Ativo) VALUES (2081,"SARS",NULL,1);
INSERT INTO Evento(EventoID,Descricao, Data, Admissao, Quarto) VALUES (2082, "descricao","20/1/1983 4:50:33" ,126, 116);
INSERT INTO Internamento( EventoID, Motivo, DataFim, Ativo) VALUES (2082,"Asthma",NULL,1);
INSERT INTO Evento(EventoID,Descricao, Data, Admissao, Quarto) VALUES (2083, "descricao","17/3/2015 6:16:48" ,153, 191);
INSERT INTO Internamento( EventoID, Motivo, DataFim, Ativo) VALUES (2083,"Appendicitis","19/3/2015 7:43:54",0);
INSERT INTO Evento(EventoID,Descricao, Data, Admissao, Quarto) VALUES (2084, "descricao","10/7/2001 13:3:54" ,33, 172);
INSERT INTO Internamento( EventoID, Motivo, DataFim, Ativo) VALUES (2084,"Progeria","12/7/2003 14:6:78",0);
INSERT INTO Evento(EventoID,Descricao, Data, Admissao, Quarto) VALUES (2085, "descricao","27/1/1981 16:8:52" ,342, 218);
INSERT INTO Internamento( EventoID, Motivo, DataFim, Ativo) VALUES (2085,"Paratyphoid fever","29/2/1984 17:24:78",0);
INSERT INTO Evento(EventoID,Descricao, Data, Admissao, Quarto) VALUES (2086, "descricao","5/1/1991 19:9:24" ,210, 245);
INSERT INTO Internamento( EventoID, Motivo, DataFim, Ativo) VALUES (2086,"Watkins","6/3/1994 20:18:48",0);
INSERT INTO Evento(EventoID,Descricao, Data, Admissao, Quarto) VALUES (2087, "descricao","15/1/1976 9:30:26" ,37, 130);
INSERT INTO Internamento( EventoID, Motivo, DataFim, Ativo) VALUES (2087,"Metastatic cancer","16/3/1979 10:38:47",0);
INSERT INTO Evento(EventoID,Descricao, Data, Admissao, Quarto) VALUES (2088, "descricao","3/9/2004 18:12:10" ,284, 242);
INSERT INTO Internamento( EventoID, Motivo, DataFim, Ativo) VALUES (2088,"Myasthenia gravis","3/10/2007 19:13:10",0);
INSERT INTO Evento(EventoID,Descricao, Data, Admissao, Quarto) VALUES (2089, "descricao","11/11/2011 5:2:20" ,334, 227);
INSERT INTO Internamento( EventoID, Motivo, DataFim, Ativo) VALUES (2089,"Scleroderma","13/12/2013 7:14:23",0);
INSERT INTO Evento(EventoID,Descricao, Data, Admissao, Quarto) VALUES (2090, "descricao","21/12/2001 23:43:39" ,76, 223);
INSERT INTO Internamento( EventoID, Motivo, DataFim, Ativo) VALUES (2090,"Circadian rhythm sleep disorder","22/14/2004 25:49:50",0);
INSERT INTO Evento(EventoID,Descricao, Data, Admissao, Quarto) VALUES (2091, "descricao","13/3/2002 1:24:45" ,430, 173);
INSERT INTO Internamento( EventoID, Motivo, DataFim, Ativo) VALUES (2091,"Bubonic plague",NULL,1);
INSERT INTO Evento(EventoID,Descricao, Data, Admissao, Quarto) VALUES (2092, "descricao","11/9/1974 13:33:50" ,186, 123);
INSERT INTO Internamento( EventoID, Motivo, DataFim, Ativo) VALUES (2092,"Trichomoniasis",NULL,1);
INSERT INTO Evento(EventoID,Descricao, Data, Admissao, Quarto) VALUES (2093, "descricao","22/2/1979 2:6:7" ,265, 227);
INSERT INTO Internamento( EventoID, Motivo, DataFim, Ativo) VALUES (2093,"Bubonic plague",NULL,1);
INSERT INTO Evento(EventoID,Descricao, Data, Admissao, Quarto) VALUES (2094, "descricao","22/3/1995 12:25:40" ,59, 185);
INSERT INTO Internamento( EventoID, Motivo, DataFim, Ativo) VALUES (2094,"Meniere's disease",NULL,1);
INSERT INTO Evento(EventoID,Descricao, Data, Admissao, Quarto) VALUES (2095, "descricao","2/11/2012 9:30:47" ,101, 216);
INSERT INTO Internamento( EventoID, Motivo, DataFim, Ativo) VALUES (2095,"Non-gonococcal urethritis",NULL,1);
INSERT INTO Evento(EventoID,Descricao, Data, Admissao, Quarto) VALUES (2096, "descricao","26/8/1961 17:14:16" ,224, 194);
INSERT INTO Internamento( EventoID, Motivo, DataFim, Ativo) VALUES (2096,"Crohn's Disease",NULL,1);
INSERT INTO Evento(EventoID,Descricao, Data, Admissao, Quarto) VALUES (2097, "descricao","13/1/2003 23:11:30" ,400, 162);
INSERT INTO Internamento( EventoID, Motivo, DataFim, Ativo) VALUES (2097,"Hypermetropia","14/2/2005 24:39:42",0);
INSERT INTO Evento(EventoID,Descricao, Data, Admissao, Quarto) VALUES (2098, "descricao","11/7/1984 0:37:1" ,314, 172);
INSERT INTO Internamento( EventoID, Motivo, DataFim, Ativo) VALUES (2098,"Teratoma","12/8/1986 1:56:22",0);
INSERT INTO Evento(EventoID,Descricao, Data, Admissao, Quarto) VALUES (2099, "descricao","12/7/1987 10:53:27" ,312, 163);
INSERT INTO Internamento( EventoID, Motivo, DataFim, Ativo) VALUES (2099,"Alzheimer's disease",NULL,1);
INSERT INTO Evento(EventoID,Descricao, Data, Admissao, Quarto) VALUES (2100, "descricao","28/7/1971 14:36:39" ,400, 137);
INSERT INTO Internamento( EventoID, Motivo, DataFim, Ativo) VALUES (2100,"Marburg fever","28/8/1973 15:48:44",0);
INSERT INTO Evento(EventoID,Descricao, Data, Admissao, Quarto) VALUES (2101, "descricao","3/7/1986 11:58:44" ,25, 227);
INSERT INTO Internamento( EventoID, Motivo, DataFim, Ativo) VALUES (2101,"Chickenpox","6/9/1988 13:68:45",0);
INSERT INTO Evento(EventoID,Descricao, Data, Admissao, Quarto) VALUES (2102, "descricao","23/5/1974 19:51:43" ,291, 155);
INSERT INTO Internamento( EventoID, Motivo, DataFim, Ativo) VALUES (2102,"Non-gonococcal urethritis","25/7/1976 21:81:52",0);
INSERT INTO Evento(EventoID,Descricao, Data, Admissao, Quarto) VALUES (2103, "descricao","28/4/2002 6:23:0" ,243, 141);
INSERT INTO Internamento( EventoID, Motivo, DataFim, Ativo) VALUES (2103,"Kuru",NULL,1);
INSERT INTO Evento(EventoID,Descricao, Data, Admissao, Quarto) VALUES (2104, "descricao","6/7/1983 0:39:4" ,239, 124);
INSERT INTO Internamento( EventoID, Motivo, DataFim, Ativo) VALUES (2104,"Lung cancer",NULL,1);
INSERT INTO Evento(EventoID,Descricao, Data, Admissao, Quarto) VALUES (2105, "descricao","3/3/1999 7:43:27" ,118, 168);
INSERT INTO Internamento( EventoID, Motivo, DataFim, Ativo) VALUES (2105,"Synovitis","5/5/2002 9:65:55",0);
INSERT INTO Evento(EventoID,Descricao, Data, Admissao, Quarto) VALUES (2106, "descricao","21/2/1982 2:15:33" ,192, 225);
INSERT INTO Internamento( EventoID, Motivo, DataFim, Ativo) VALUES (2106,"Q fever","22/3/1982 3:15:48",0);
INSERT INTO Evento(EventoID,Descricao, Data, Admissao, Quarto) VALUES (2107, "descricao","11/6/2012 15:32:13" ,108, 122);
INSERT INTO Internamento( EventoID, Motivo, DataFim, Ativo) VALUES (2107,"Tumor","11/6/2012 16:56:32",0);
INSERT INTO Evento(EventoID,Descricao, Data, Admissao, Quarto) VALUES (2108, "descricao","27/9/1999 17:19:38" ,464, 209);
INSERT INTO Internamento( EventoID, Motivo, DataFim, Ativo) VALUES (2108,"Hepatitis A","30/9/2000 18:24:42",0);
INSERT INTO Evento(EventoID,Descricao, Data, Admissao, Quarto) VALUES (2109, "descricao","18/1/1990 2:25:57" ,293, 221);
INSERT INTO Internamento( EventoID, Motivo, DataFim, Ativo) VALUES (2109,"Scarlet fever","21/3/1993 4:41:60",0);
INSERT INTO Evento(EventoID,Descricao, Data, Admissao, Quarto) VALUES (2110, "descricao","8/5/1992 23:33:24" ,9, 204);
INSERT INTO Internamento( EventoID, Motivo, DataFim, Ativo) VALUES (2110,"Pertussis","10/6/1995 24:58:26",0);
INSERT INTO Evento(EventoID,Descricao, Data, Admissao, Quarto) VALUES (2111, "descricao","11/6/2011 10:41:55" ,378, 145);
INSERT INTO Internamento( EventoID, Motivo, DataFim, Ativo) VALUES (2111,"Thymoma","13/8/2011 11:62:66",0);
INSERT INTO Evento(EventoID,Descricao, Data, Admissao, Quarto) VALUES (2112, "descricao","16/11/1969 6:32:58" ,241, 127);
INSERT INTO Internamento( EventoID, Motivo, DataFim, Ativo) VALUES (2112,"Influenza",NULL,1);
INSERT INTO Evento(EventoID,Descricao, Data, Admissao, Quarto) VALUES (2113, "descricao","6/12/2011 14:18:26" ,265, 104);
INSERT INTO Internamento( EventoID, Motivo, DataFim, Ativo) VALUES (2113,"Synovitis","6/12/2012 16:39:34",0);
INSERT INTO Evento(EventoID,Descricao, Data, Admissao, Quarto) VALUES (2114, "descricao","1/4/2002 7:55:14" ,192, 149);
INSERT INTO Internamento( EventoID, Motivo, DataFim, Ativo) VALUES (2114,"Tennis elbow",NULL,1);
INSERT INTO Evento(EventoID,Descricao, Data, Admissao, Quarto) VALUES (2115, "descricao","28/11/1983 16:40:25" ,483, 227);
INSERT INTO Internamento( EventoID, Motivo, DataFim, Ativo) VALUES (2115,"Huntington's disease",NULL,1);
INSERT INTO Evento(EventoID,Descricao, Data, Admissao, Quarto) VALUES (2116, "descricao","20/7/2001 14:24:7" ,51, 143);
INSERT INTO Internamento( EventoID, Motivo, DataFim, Ativo) VALUES (2116,"Infertility",NULL,1);
INSERT INTO Evento(EventoID,Descricao, Data, Admissao, Quarto) VALUES (2117, "descricao","9/8/1998 23:37:40" ,60, 134);
INSERT INTO Internamento( EventoID, Motivo, DataFim, Ativo) VALUES (2117,"Legionellosis","12/10/2001 24:44:44",0);
INSERT INTO Evento(EventoID,Descricao, Data, Admissao, Quarto) VALUES (2118, "descricao","24/5/1998 2:58:18" ,93, 120);
INSERT INTO Internamento( EventoID, Motivo, DataFim, Ativo) VALUES (2118,"Hypotonia",NULL,1);
INSERT INTO Evento(EventoID,Descricao, Data, Admissao, Quarto) VALUES (2119, "descricao","5/12/1974 15:21:43" ,322, 143);
INSERT INTO Internamento( EventoID, Motivo, DataFim, Ativo) VALUES (2119,"Human papillomavirus","6/12/1974 16:22:45",0);
INSERT INTO Evento(EventoID,Descricao, Data, Admissao, Quarto) VALUES (2120, "descricao","19/11/2011 20:26:46" ,151, 140);
INSERT INTO Internamento( EventoID, Motivo, DataFim, Ativo) VALUES (2120,"Myopia","22/13/2013 22:27:66",0);
INSERT INTO Evento(EventoID,Descricao, Data, Admissao, Quarto) VALUES (2121, "descricao","7/1/2015 16:2:33" ,411, 126);
INSERT INTO Internamento( EventoID, Motivo, DataFim, Ativo) VALUES (2121,"Iritis",NULL,1);
INSERT INTO Evento(EventoID,Descricao, Data, Admissao, Quarto) VALUES (2122, "descricao","7/7/1978 4:14:17" ,124, 156);
INSERT INTO Internamento( EventoID, Motivo, DataFim, Ativo) VALUES (2122,"Non-gonococcal urethritis","8/9/1980 5:21:39",0);
INSERT INTO Evento(EventoID,Descricao, Data, Admissao, Quarto) VALUES (2123, "descricao","17/2/1964 2:59:39" ,406, 238);
INSERT INTO Internamento( EventoID, Motivo, DataFim, Ativo) VALUES (2123,"Alzheimer's disease","19/3/1966 4:72:62",0);
INSERT INTO Evento(EventoID,Descricao, Data, Admissao, Quarto) VALUES (2124, "descricao","2/3/1983 5:46:38" ,25, 222);
INSERT INTO Internamento( EventoID, Motivo, DataFim, Ativo) VALUES (2124,"Septicemia","3/5/1984 6:47:55",0);
INSERT INTO Evento(EventoID,Descricao, Data, Admissao, Quarto) VALUES (2125, "descricao","13/4/1965 11:13:56" ,26, 217);
INSERT INTO Internamento( EventoID, Motivo, DataFim, Ativo) VALUES (2125,"Chordoma","16/4/1968 13:22:79",0);
INSERT INTO Evento(EventoID,Descricao, Data, Admissao, Quarto) VALUES (2126, "descricao","5/2/2003 16:51:1" ,12, 113);
INSERT INTO Internamento( EventoID, Motivo, DataFim, Ativo) VALUES (2126,"Leptospirosis","5/3/2004 17:70:14",0);
INSERT INTO Evento(EventoID,Descricao, Data, Admissao, Quarto) VALUES (2127, "descricao","12/1/1969 8:21:19" ,264, 153);
INSERT INTO Internamento( EventoID, Motivo, DataFim, Ativo) VALUES (2127,"Multiple sclerosis",NULL,1);
INSERT INTO Evento(EventoID,Descricao, Data, Admissao, Quarto) VALUES (2128, "descricao","2/1/1973 6:18:4" ,98, 197);
INSERT INTO Internamento( EventoID, Motivo, DataFim, Ativo) VALUES (2128,"Chorea","3/1/1976 7:39:25",0);
INSERT INTO Evento(EventoID,Descricao, Data, Admissao, Quarto) VALUES (2129, "descricao","19/4/1996 5:58:42" ,141, 168);
INSERT INTO Internamento( EventoID, Motivo, DataFim, Ativo) VALUES (2129,"Epilepsy","20/4/1998 6:87:59",0);
INSERT INTO Evento(EventoID,Descricao, Data, Admissao, Quarto) VALUES (2130, "descricao","15/10/1964 12:39:33" ,478, 159);
INSERT INTO Internamento( EventoID, Motivo, DataFim, Ativo) VALUES (2130,"Obesity",NULL,1);
INSERT INTO Evento(EventoID,Descricao, Data, Admissao, Quarto) VALUES (2131, "descricao","7/5/1963 10:48:5" ,243, 126);
INSERT INTO Internamento( EventoID, Motivo, DataFim, Ativo) VALUES (2131,"Scabies","8/5/1963 11:72:18",0);
INSERT INTO Evento(EventoID,Descricao, Data, Admissao, Quarto) VALUES (2132, "descricao","10/10/1972 3:56:15" ,351, 172);
INSERT INTO Internamento( EventoID, Motivo, DataFim, Ativo) VALUES (2132,"Tonsillitis","12/11/1973 5:62:38",0);
INSERT INTO Evento(EventoID,Descricao, Data, Admissao, Quarto) VALUES (2133, "descricao","16/11/2003 10:9:57" ,112, 154);
INSERT INTO Internamento( EventoID, Motivo, DataFim, Ativo) VALUES (2133,"Carbon monoxide poisoning","17/12/2006 11:28:79",0);
INSERT INTO Evento(EventoID,Descricao, Data, Admissao, Quarto) VALUES (2134, "descricao","27/12/1993 4:45:13" ,414, 109);
INSERT INTO Internamento( EventoID, Motivo, DataFim, Ativo) VALUES (2134,"Trichomoniasis","28/13/1996 5:74:17",0);
INSERT INTO Evento(EventoID,Descricao, Data, Admissao, Quarto) VALUES (2135, "descricao","6/8/1988 2:35:35" ,368, 166);
INSERT INTO Internamento( EventoID, Motivo, DataFim, Ativo) VALUES (2135,"Fibromyalgia","6/9/1989 4:50:65",0);
INSERT INTO Evento(EventoID,Descricao, Data, Admissao, Quarto) VALUES (2136, "descricao","17/7/1967 11:56:20" ,310, 228);
INSERT INTO Internamento( EventoID, Motivo, DataFim, Ativo) VALUES (2136,"Tonsillitis","19/9/1969 12:67:50",0);
INSERT INTO Evento(EventoID,Descricao, Data, Admissao, Quarto) VALUES (2137, "descricao","5/7/1991 1:4:55" ,95, 222);
INSERT INTO Internamento( EventoID, Motivo, DataFim, Ativo) VALUES (2137,"Vitiligo",NULL,1);
INSERT INTO Evento(EventoID,Descricao, Data, Admissao, Quarto) VALUES (2138, "descricao","14/12/2007 8:17:46" ,196, 179);
INSERT INTO Internamento( EventoID, Motivo, DataFim, Ativo) VALUES (2138,"Campylobacter infection",NULL,1);
INSERT INTO Evento(EventoID,Descricao, Data, Admissao, Quarto) VALUES (2139, "descricao","3/10/1999 2:39:27" ,135, 187);
INSERT INTO Internamento( EventoID, Motivo, DataFim, Ativo) VALUES (2139,"Cancer","3/12/2001 3:54:55",0);
INSERT INTO Evento(EventoID,Descricao, Data, Admissao, Quarto) VALUES (2140, "descricao","9/10/1975 21:59:6" ,199, 219);
INSERT INTO Internamento( EventoID, Motivo, DataFim, Ativo) VALUES (2140,"Dehydration","11/12/1977 23:83:12",0);
INSERT INTO Evento(EventoID,Descricao, Data, Admissao, Quarto) VALUES (2141, "descricao","8/12/1997 23:57:44" ,248, 185);
INSERT INTO Internamento( EventoID, Motivo, DataFim, Ativo) VALUES (2141,"Black Death",NULL,1);
INSERT INTO Evento(EventoID,Descricao, Data, Admissao, Quarto) VALUES (2142, "descricao","1/1/2003 1:4:28" ,209, 130);
INSERT INTO Internamento( EventoID, Motivo, DataFim, Ativo) VALUES (2142,"Chlamydia trachomatis",NULL,1);
INSERT INTO Evento(EventoID,Descricao, Data, Admissao, Quarto) VALUES (2143, "descricao","18/4/2001 21:6:55" ,27, 241);
INSERT INTO Internamento( EventoID, Motivo, DataFim, Ativo) VALUES (2143,"Silicosis","20/4/2001 22:9:75",0);
INSERT INTO Evento(EventoID,Descricao, Data, Admissao, Quarto) VALUES (2144, "descricao","21/8/2013 14:28:46" ,492, 200);
INSERT INTO Internamento( EventoID, Motivo, DataFim, Ativo) VALUES (2144,"Crohn's Disease","24/10/2016 15:38:71",0);
INSERT INTO Evento(EventoID,Descricao, Data, Admissao, Quarto) VALUES (2145, "descricao","23/9/1966 5:48:49" ,313, 180);
INSERT INTO Internamento( EventoID, Motivo, DataFim, Ativo) VALUES (2145,"Psoriasis","26/11/1966 6:52:75",0);
INSERT INTO Evento(EventoID,Descricao, Data, Admissao, Quarto) VALUES (2146, "descricao","18/10/2005 3:43:17" ,433, 230);
INSERT INTO Internamento( EventoID, Motivo, DataFim, Ativo) VALUES (2146,"Ignious Syndrome","18/10/2006 4:50:21",0);
INSERT INTO Evento(EventoID,Descricao, Data, Admissao, Quarto) VALUES (2147, "descricao","9/6/2019 11:30:20" ,280, 168);
INSERT INTO Internamento( EventoID, Motivo, DataFim, Ativo) VALUES (2147,"Swine influenza","11/8/2021 12:50:35",0);
INSERT INTO Evento(EventoID,Descricao, Data, Admissao, Quarto) VALUES (2148, "descricao","13/10/2015 11:15:23" ,295, 116);
INSERT INTO Internamento( EventoID, Motivo, DataFim, Ativo) VALUES (2148,"Meningitis","16/12/2015 13:15:25",0);
INSERT INTO Evento(EventoID,Descricao, Data, Admissao, Quarto) VALUES (2149, "descricao","15/7/1981 16:48:38" ,224, 121);
INSERT INTO Internamento( EventoID, Motivo, DataFim, Ativo) VALUES (2149,"Scleroderma","15/8/1984 18:55:68",0);
INSERT INTO Evento(EventoID,Descricao, Data, Admissao, Quarto) VALUES (2150, "descricao","5/5/1970 14:43:33" ,327, 176);
INSERT INTO Internamento( EventoID, Motivo, DataFim, Ativo) VALUES (2150,"Typhus",NULL,1);
INSERT INTO Evento(EventoID,Descricao, Data, Admissao, Quarto) VALUES (2151, "descricao","1/4/1988 18:27:15" ,68, 112);
INSERT INTO Internamento( EventoID, Motivo, DataFim, Ativo) VALUES (2151,"Circadian rhythm sleep disorder",NULL,1);
INSERT INTO Evento(EventoID,Descricao, Data, Admissao, Quarto) VALUES (2152, "descricao","25/3/1986 7:11:15" ,278, 177);
INSERT INTO Internamento( EventoID, Motivo, DataFim, Ativo) VALUES (2152,"Shigellosis","25/4/1987 9:22:31",0);
INSERT INTO Evento(EventoID,Descricao, Data, Admissao, Quarto) VALUES (2153, "descricao","4/2/2005 4:17:55" ,331, 100);
INSERT INTO Internamento( EventoID, Motivo, DataFim, Ativo) VALUES (2153,"Brucellosis","6/4/2007 6:32:82",0);
INSERT INTO Evento(EventoID,Descricao, Data, Admissao, Quarto) VALUES (2154, "descricao","28/7/2004 0:8:16" ,413, 182);
INSERT INTO Internamento( EventoID, Motivo, DataFim, Ativo) VALUES (2154,"Cancer",NULL,1);
INSERT INTO Evento(EventoID,Descricao, Data, Admissao, Quarto) VALUES (2155, "descricao","10/7/1977 6:1:52" ,363, 161);
INSERT INTO Internamento( EventoID, Motivo, DataFim, Ativo) VALUES (2155,"Myopia","12/8/1980 8:29:74",0);
INSERT INTO Evento(EventoID,Descricao, Data, Admissao, Quarto) VALUES (2156, "descricao","14/12/1960 20:34:54" ,29, 160);
INSERT INTO Internamento( EventoID, Motivo, DataFim, Ativo) VALUES (2156,"Myoclonus","14/14/1962 22:64:73",0);
INSERT INTO Evento(EventoID,Descricao, Data, Admissao, Quarto) VALUES (2157, "descricao","16/1/1984 11:12:10" ,449, 100);
INSERT INTO Internamento( EventoID, Motivo, DataFim, Ativo) VALUES (2157,"Cowpox","17/2/1986 13:29:16",0);
INSERT INTO Evento(EventoID,Descricao, Data, Admissao, Quarto) VALUES (2158, "descricao","4/8/1996 18:44:56" ,432, 144);
INSERT INTO Internamento( EventoID, Motivo, DataFim, Ativo) VALUES (2158,"Rabies",NULL,1);
INSERT INTO Evento(EventoID,Descricao, Data, Admissao, Quarto) VALUES (2159, "descricao","2/7/2010 18:18:9" ,133, 163);
INSERT INTO Internamento( EventoID, Motivo, DataFim, Ativo) VALUES (2159,"Ear infection",NULL,1);
INSERT INTO Evento(EventoID,Descricao, Data, Admissao, Quarto) VALUES (2160, "descricao","17/5/1973 1:21:6" ,202, 138);
INSERT INTO Internamento( EventoID, Motivo, DataFim, Ativo) VALUES (2160,"Impetigo",NULL,1);
INSERT INTO Evento(EventoID,Descricao, Data, Admissao, Quarto) VALUES (2161, "descricao","8/8/1963 18:31:34" ,265, 111);
INSERT INTO Internamento( EventoID, Motivo, DataFim, Ativo) VALUES (2161,"Colitis","11/8/1966 19:39:42",0);
INSERT INTO Evento(EventoID,Descricao, Data, Admissao, Quarto) VALUES (2162, "descricao","22/10/1989 17:56:25" ,457, 158);
INSERT INTO Internamento( EventoID, Motivo, DataFim, Ativo) VALUES (2162,"Encephalitis","23/11/1989 18:86:48",0);
INSERT INTO Evento(EventoID,Descricao, Data, Admissao, Quarto) VALUES (2163, "descricao","22/8/1994 17:23:0" ,325, 156);
INSERT INTO Internamento( EventoID, Motivo, DataFim, Ativo) VALUES (2163,"Ulcerative colitis",NULL,1);
INSERT INTO Evento(EventoID,Descricao, Data, Admissao, Quarto) VALUES (2164, "descricao","21/12/1960 14:15:13" ,425, 132);
INSERT INTO Internamento( EventoID, Motivo, DataFim, Ativo) VALUES (2164,"Meniere's disease",NULL,1);
INSERT INTO Evento(EventoID,Descricao, Data, Admissao, Quarto) VALUES (2165, "descricao","1/7/1998 10:35:49" ,398, 104);
INSERT INTO Internamento( EventoID, Motivo, DataFim, Ativo) VALUES (2165,"SIDS",NULL,1);
INSERT INTO Evento(EventoID,Descricao, Data, Admissao, Quarto) VALUES (2166, "descricao","1/6/2017 8:19:41" ,253, 198);
INSERT INTO Internamento( EventoID, Motivo, DataFim, Ativo) VALUES (2166,"Lead poisoning","3/6/2019 9:22:41",0);
INSERT INTO Evento(EventoID,Descricao, Data, Admissao, Quarto) VALUES (2167, "descricao","25/8/1962 8:48:46" ,140, 131);
INSERT INTO Internamento( EventoID, Motivo, DataFim, Ativo) VALUES (2167,"Lung cancer","26/10/1965 9:60:55",0);
INSERT INTO Evento(EventoID,Descricao, Data, Admissao, Quarto) VALUES (2168, "descricao","8/10/1981 14:40:53" ,43, 112);
INSERT INTO Internamento( EventoID, Motivo, DataFim, Ativo) VALUES (2168,"Von Hippel-Lindau disease",NULL,1);
INSERT INTO Evento(EventoID,Descricao, Data, Admissao, Quarto) VALUES (2169, "descricao","17/12/2011 2:40:40" ,23, 169);
INSERT INTO Internamento( EventoID, Motivo, DataFim, Ativo) VALUES (2169,"Thymoma","19/14/2013 4:55:48",0);
INSERT INTO Evento(EventoID,Descricao, Data, Admissao, Quarto) VALUES (2170, "descricao","15/5/1965 15:15:50" ,458, 225);
INSERT INTO Internamento( EventoID, Motivo, DataFim, Ativo) VALUES (2170,"Toxic shock syndrome","15/7/1966 16:17:61",0);
INSERT INTO Evento(EventoID,Descricao, Data, Admissao, Quarto) VALUES (2171, "descricao","2/6/1979 17:21:11" ,238, 135);
INSERT INTO Internamento( EventoID, Motivo, DataFim, Ativo) VALUES (2171,"Pelvic inflammatory disease","5/7/1979 18:29:26",0);
INSERT INTO Evento(EventoID,Descricao, Data, Admissao, Quarto) VALUES (2172, "descricao","7/10/1978 19:49:29" ,14, 186);
INSERT INTO Internamento( EventoID, Motivo, DataFim, Ativo) VALUES (2172,"Interstitial cystitis","7/11/1978 21:74:45",0);
INSERT INTO Evento(EventoID,Descricao, Data, Admissao, Quarto) VALUES (2173, "descricao","20/12/1992 16:37:46" ,373, 180);
INSERT INTO Internamento( EventoID, Motivo, DataFim, Ativo) VALUES (2173,"Obesity","22/12/1995 17:55:75",0);
INSERT INTO Evento(EventoID,Descricao, Data, Admissao, Quarto) VALUES (2174, "descricao","11/1/1993 0:19:39" ,396, 151);
INSERT INTO Internamento( EventoID, Motivo, DataFim, Ativo) VALUES (2174,"Astigmatism","14/1/1993 1:48:53",0);
INSERT INTO Evento(EventoID,Descricao, Data, Admissao, Quarto) VALUES (2175, "descricao","27/2/1990 6:18:54" ,154, 148);
INSERT INTO Internamento( EventoID, Motivo, DataFim, Ativo) VALUES (2175,"Psoriasis",NULL,1);
INSERT INTO Evento(EventoID,Descricao, Data, Admissao, Quarto) VALUES (2176, "descricao","20/7/2013 21:18:32" ,8, 190);
INSERT INTO Internamento( EventoID, Motivo, DataFim, Ativo) VALUES (2176,"Von Hippel-Lindau disease","22/9/2015 23:26:53",0);
INSERT INTO Evento(EventoID,Descricao, Data, Admissao, Quarto) VALUES (2177, "descricao","2/2/1971 2:39:2" ,422, 177);
INSERT INTO Internamento( EventoID, Motivo, DataFim, Ativo) VALUES (2177,"Irritable bowel syndrome","3/4/1974 3:47:2",0);
INSERT INTO Evento(EventoID,Descricao, Data, Admissao, Quarto) VALUES (2178, "descricao","15/9/1966 0:10:36" ,20, 106);
INSERT INTO Internamento( EventoID, Motivo, DataFim, Ativo) VALUES (2178,"Mumps","16/11/1966 1:27:66",0);
INSERT INTO Evento(EventoID,Descricao, Data, Admissao, Quarto) VALUES (2179, "descricao","5/1/2004 11:39:46" ,352, 226);
INSERT INTO Internamento( EventoID, Motivo, DataFim, Ativo) VALUES (2179,"Black Death","7/2/2006 12:64:54",0);
INSERT INTO Evento(EventoID,Descricao, Data, Admissao, Quarto) VALUES (2180, "descricao","14/9/2016 22:46:31" ,108, 227);
INSERT INTO Internamento( EventoID, Motivo, DataFim, Ativo) VALUES (2180,"Typhus","14/10/2016 23:52:54",0);
INSERT INTO Evento(EventoID,Descricao, Data, Admissao, Quarto) VALUES (2181, "descricao","19/5/2017 21:37:33" ,296, 208);
INSERT INTO Internamento( EventoID, Motivo, DataFim, Ativo) VALUES (2181,"Colitis",NULL,1);
INSERT INTO Evento(EventoID,Descricao, Data, Admissao, Quarto) VALUES (2182, "descricao","26/6/2004 17:42:28" ,42, 110);
INSERT INTO Internamento( EventoID, Motivo, DataFim, Ativo) VALUES (2182,"Lymphoma","28/8/2005 19:66:36",0);
INSERT INTO Evento(EventoID,Descricao, Data, Admissao, Quarto) VALUES (2183, "descricao","24/2/1979 23:18:12" ,289, 219);
INSERT INTO Internamento( EventoID, Motivo, DataFim, Ativo) VALUES (2183,"Goitre",NULL,1);
INSERT INTO Evento(EventoID,Descricao, Data, Admissao, Quarto) VALUES (2184, "descricao","26/11/1968 16:16:42" ,118, 206);
INSERT INTO Internamento( EventoID, Motivo, DataFim, Ativo) VALUES (2184,"Rheumatic heart","29/13/1968 18:18:52",0);
INSERT INTO Evento(EventoID,Descricao, Data, Admissao, Quarto) VALUES (2185, "descricao","17/9/1971 9:37:20" ,181, 119);
INSERT INTO Internamento( EventoID, Motivo, DataFim, Ativo) VALUES (2185,"Paratyphoid fever",NULL,1);
INSERT INTO Evento(EventoID,Descricao, Data, Admissao, Quarto) VALUES (2186, "descricao","8/7/1971 11:55:49" ,25, 121);
INSERT INTO Internamento( EventoID, Motivo, DataFim, Ativo) VALUES (2186,"Cancer","11/7/1971 12:77:60",0);
INSERT INTO Evento(EventoID,Descricao, Data, Admissao, Quarto) VALUES (2187, "descricao","14/12/1976 19:40:31" ,186, 201);
INSERT INTO Internamento( EventoID, Motivo, DataFim, Ativo) VALUES (2187,"Asthma","17/13/1977 21:65:57",0);
INSERT INTO Evento(EventoID,Descricao, Data, Admissao, Quarto) VALUES (2188, "descricao","4/9/1990 16:34:12" ,345, 121);
INSERT INTO Internamento( EventoID, Motivo, DataFim, Ativo) VALUES (2188,"Mad cow disease","4/11/1992 18:58:31",0);
INSERT INTO Evento(EventoID,Descricao, Data, Admissao, Quarto) VALUES (2189, "descricao","14/2/2002 11:29:56" ,376, 181);
INSERT INTO Internamento( EventoID, Motivo, DataFim, Ativo) VALUES (2189,"Typhoid fever",NULL,1);
INSERT INTO Evento(EventoID,Descricao, Data, Admissao, Quarto) VALUES (2190, "descricao","2/10/1971 12:27:57" ,498, 238);
INSERT INTO Internamento( EventoID, Motivo, DataFim, Ativo) VALUES (2190,"Scurvy",NULL,1);
INSERT INTO Evento(EventoID,Descricao, Data, Admissao, Quarto) VALUES (2191, "descricao","10/9/1985 1:26:8" ,18, 155);
INSERT INTO Internamento( EventoID, Motivo, DataFim, Ativo) VALUES (2191,"Scleroderma",NULL,1);
INSERT INTO Evento(EventoID,Descricao, Data, Admissao, Quarto) VALUES (2192, "descricao","2/5/1965 2:25:23" ,142, 128);
INSERT INTO Internamento( EventoID, Motivo, DataFim, Ativo) VALUES (2192,"Brucellosis","5/7/1966 3:52:44",0);
INSERT INTO Evento(EventoID,Descricao, Data, Admissao, Quarto) VALUES (2193, "descricao","11/12/1984 19:10:32" ,310, 108);
INSERT INTO Internamento( EventoID, Motivo, DataFim, Ativo) VALUES (2193,"Synovitis",NULL,1);
INSERT INTO Evento(EventoID,Descricao, Data, Admissao, Quarto) VALUES (2194, "descricao","19/12/2015 16:39:30" ,73, 229);
INSERT INTO Internamento( EventoID, Motivo, DataFim, Ativo) VALUES (2194,"Scabies","20/12/2015 17:53:53",0);
INSERT INTO Evento(EventoID,Descricao, Data, Admissao, Quarto) VALUES (2195, "descricao","10/10/2019 22:37:11" ,13, 180);
INSERT INTO Internamento( EventoID, Motivo, DataFim, Ativo) VALUES (2195,"Synovitis","12/11/2022 23:56:33",0);
INSERT INTO Evento(EventoID,Descricao, Data, Admissao, Quarto) VALUES (2196, "descricao","7/3/1990 11:33:31" ,16, 104);
INSERT INTO Internamento( EventoID, Motivo, DataFim, Ativo) VALUES (2196,"Taeniasis","10/5/1991 13:35:44",0);
INSERT INTO Evento(EventoID,Descricao, Data, Admissao, Quarto) VALUES (2197, "descricao","20/3/1995 16:50:27" ,152, 196);
INSERT INTO Internamento( EventoID, Motivo, DataFim, Ativo) VALUES (2197,"Stomach ulcers",NULL,1);
INSERT INTO Evento(EventoID,Descricao, Data, Admissao, Quarto) VALUES (2198, "descricao","24/8/2014 23:57:1" ,400, 186);
INSERT INTO Internamento( EventoID, Motivo, DataFim, Ativo) VALUES (2198,"Neoplasm","24/10/2014 25:72:25",0);
INSERT INTO Evento(EventoID,Descricao, Data, Admissao, Quarto) VALUES (2199, "descricao","20/10/1979 9:29:54" ,40, 124);
INSERT INTO Internamento( EventoID, Motivo, DataFim, Ativo) VALUES (2199,"Carbon monoxide poisoning","21/12/1982 10:36:63",0);
INSERT INTO Evento(EventoID,Descricao, Data, Admissao, Quarto) VALUES (2200, "descricao","19/2/2010 16:15:43" ,235, 102);
INSERT INTO Internamento( EventoID, Motivo, DataFim, Ativo) VALUES (2200,"Kidney stone disease","20/3/2011 17:20:59",0);
INSERT INTO Evento(EventoID,Descricao, Data, Admissao, Quarto) VALUES (2201, "descricao","14/1/1978 18:59:4" ,396, 139);
INSERT INTO Internamento( EventoID, Motivo, DataFim, Ativo) VALUES (2201,"Congestive heart disease","16/1/1981 19:66:8",0);
INSERT INTO Evento(EventoID,Descricao, Data, Admissao, Quarto) VALUES (2202, "descricao","22/7/2002 0:41:25" ,214, 152);
INSERT INTO Internamento( EventoID, Motivo, DataFim, Ativo) VALUES (2202,"GERD","22/7/2002 2:55:51",0);
INSERT INTO Evento(EventoID,Descricao, Data, Admissao, Quarto) VALUES (2203, "descricao","10/12/1973 7:20:41" ,145, 101);
INSERT INTO Internamento( EventoID, Motivo, DataFim, Ativo) VALUES (2203,"Typhus","11/13/1973 9:32:46",0);
INSERT INTO Evento(EventoID,Descricao, Data, Admissao, Quarto) VALUES (2204, "descricao","14/9/1993 15:40:47" ,218, 164);
INSERT INTO Internamento( EventoID, Motivo, DataFim, Ativo) VALUES (2204,"Synovitis","16/10/1994 16:70:68",0);
INSERT INTO Evento(EventoID,Descricao, Data, Admissao, Quarto) VALUES (2205, "descricao","16/3/2003 8:47:9" ,283, 166);
INSERT INTO Internamento( EventoID, Motivo, DataFim, Ativo) VALUES (2205,"Arthritis","18/4/2004 10:51:35",0);
INSERT INTO Evento(EventoID,Descricao, Data, Admissao, Quarto) VALUES (2206, "descricao","27/3/1961 10:47:43" ,314, 152);
INSERT INTO Internamento( EventoID, Motivo, DataFim, Ativo) VALUES (2206,"Repetitive strain injury","28/5/1962 11:49:46",0);
INSERT INTO Evento(EventoID,Descricao, Data, Admissao, Quarto) VALUES (2207, "descricao","25/10/1987 19:41:51" ,475, 128);
INSERT INTO Internamento( EventoID, Motivo, DataFim, Ativo) VALUES (2207,"Erectile dysfunction","27/12/1987 20:42:68",0);
INSERT INTO Evento(EventoID,Descricao, Data, Admissao, Quarto) VALUES (2208, "descricao","14/6/1964 9:19:14" ,161, 170);
INSERT INTO Internamento( EventoID, Motivo, DataFim, Ativo) VALUES (2208,"Tumor","17/8/1964 10:28:35",0);
INSERT INTO Evento(EventoID,Descricao, Data, Admissao, Quarto) VALUES (2209, "descricao","6/1/2002 1:58:6" ,188, 129);
INSERT INTO Internamento( EventoID, Motivo, DataFim, Ativo) VALUES (2209,"Osteoarthritis","6/1/2005 2:76:14",0);
INSERT INTO Evento(EventoID,Descricao, Data, Admissao, Quarto) VALUES (2210, "descricao","14/6/1981 7:51:10" ,270, 197);
INSERT INTO Internamento( EventoID, Motivo, DataFim, Ativo) VALUES (2210,"Metastatic cancer",NULL,1);
INSERT INTO Evento(EventoID,Descricao, Data, Admissao, Quarto) VALUES (2211, "descricao","3/5/1966 14:2:6" ,353, 221);
INSERT INTO Internamento( EventoID, Motivo, DataFim, Ativo) VALUES (2211,"Migraine",NULL,1);
INSERT INTO Evento(EventoID,Descricao, Data, Admissao, Quarto) VALUES (2212, "descricao","23/6/2009 20:27:52" ,38, 217);
INSERT INTO Internamento( EventoID, Motivo, DataFim, Ativo) VALUES (2212,"Non-gonococcal urethritis",NULL,1);
INSERT INTO Evento(EventoID,Descricao, Data, Admissao, Quarto) VALUES (2213, "descricao","7/11/1997 2:45:18" ,57, 142);
INSERT INTO Internamento( EventoID, Motivo, DataFim, Ativo) VALUES (2213,"Abscess","10/11/2000 3:70:24",0);
INSERT INTO Evento(EventoID,Descricao, Data, Admissao, Quarto) VALUES (2214, "descricao","10/3/1998 23:47:3" ,266, 121);
INSERT INTO Internamento( EventoID, Motivo, DataFim, Ativo) VALUES (2214,"Impetigo","13/4/1999 24:60:23",0);
INSERT INTO Evento(EventoID,Descricao, Data, Admissao, Quarto) VALUES (2215, "descricao","22/7/1985 14:53:16" ,469, 146);
INSERT INTO Internamento( EventoID, Motivo, DataFim, Ativo) VALUES (2215,"Dehydration",NULL,1);
INSERT INTO Evento(EventoID,Descricao, Data, Admissao, Quarto) VALUES (2216, "descricao","27/1/1973 16:11:41" ,114, 152);
INSERT INTO Internamento( EventoID, Motivo, DataFim, Ativo) VALUES (2216,"Rheumatic fever","29/2/1974 17:28:50",0);
INSERT INTO Evento(EventoID,Descricao, Data, Admissao, Quarto) VALUES (2217, "descricao","18/4/1986 1:31:42" ,131, 119);
INSERT INTO Internamento( EventoID, Motivo, DataFim, Ativo) VALUES (2217,"Q fever",NULL,1);
INSERT INTO Evento(EventoID,Descricao, Data, Admissao, Quarto) VALUES (2218, "descricao","26/3/2008 12:53:46" ,387, 237);
INSERT INTO Internamento( EventoID, Motivo, DataFim, Ativo) VALUES (2218,"Periodontal disease",NULL,1);
INSERT INTO Evento(EventoID,Descricao, Data, Admissao, Quarto) VALUES (2219, "descricao","5/6/2012 9:50:4" ,192, 182);
INSERT INTO Internamento( EventoID, Motivo, DataFim, Ativo) VALUES (2219,"Teratoma",NULL,1);
INSERT INTO Evento(EventoID,Descricao, Data, Admissao, Quarto) VALUES (2220, "descricao","14/2/1983 4:59:2" ,143, 213);
INSERT INTO Internamento( EventoID, Motivo, DataFim, Ativo) VALUES (2220,"Scabies","15/2/1983 5:73:31",0);
INSERT INTO Evento(EventoID,Descricao, Data, Admissao, Quarto) VALUES (2221, "descricao","9/1/2019 22:36:35" ,71, 167);
INSERT INTO Internamento( EventoID, Motivo, DataFim, Ativo) VALUES (2221,"Cowpox","11/3/2021 24:42:39",0);
INSERT INTO Evento(EventoID,Descricao, Data, Admissao, Quarto) VALUES (2222, "descricao","16/11/2012 8:13:36" ,43, 172);
INSERT INTO Internamento( EventoID, Motivo, DataFim, Ativo) VALUES (2222,"Leptospirosis","16/11/2012 9:35:60",0);
INSERT INTO Evento(EventoID,Descricao, Data, Admissao, Quarto) VALUES (2223, "descricao","22/12/2000 8:26:49" ,499, 195);
INSERT INTO Internamento( EventoID, Motivo, DataFim, Ativo) VALUES (2223,"Ulcers","25/14/2000 10:37:58",0);
INSERT INTO Evento(EventoID,Descricao, Data, Admissao, Quarto) VALUES (2224, "descricao","24/7/2005 19:50:35" ,474, 209);
INSERT INTO Internamento( EventoID, Motivo, DataFim, Ativo) VALUES (2224,"Cerebral palsy","24/9/2007 20:59:41",0);
INSERT INTO Evento(EventoID,Descricao, Data, Admissao, Quarto) VALUES (2225, "descricao","21/4/2001 11:5:45" ,82, 206);
INSERT INTO Internamento( EventoID, Motivo, DataFim, Ativo) VALUES (2225,"Tinnitus","22/6/2002 13:7:53",0);
INSERT INTO Evento(EventoID,Descricao, Data, Admissao, Quarto) VALUES (2226, "descricao","18/4/1979 11:12:16" ,366, 240);
INSERT INTO Internamento( EventoID, Motivo, DataFim, Ativo) VALUES (2226,"Multiple myeloma",NULL,1);
INSERT INTO Evento(EventoID,Descricao, Data, Admissao, Quarto) VALUES (2227, "descricao","24/6/1965 7:54:14" ,314, 217);
INSERT INTO Internamento( EventoID, Motivo, DataFim, Ativo) VALUES (2227,"Rheumatic heart",NULL,1);
INSERT INTO Evento(EventoID,Descricao, Data, Admissao, Quarto) VALUES (2228, "descricao","3/7/2016 1:8:12" ,96, 201);
INSERT INTO Internamento( EventoID, Motivo, DataFim, Ativo) VALUES (2228,"Scrapie","4/7/2018 3:31:15",0);
INSERT INTO Evento(EventoID,Descricao, Data, Admissao, Quarto) VALUES (2229, "descricao","15/7/1960 21:39:14" ,472, 237);
INSERT INTO Internamento( EventoID, Motivo, DataFim, Ativo) VALUES (2229,"Streptococcal infection","15/8/1960 23:45:29",0);
INSERT INTO Evento(EventoID,Descricao, Data, Admissao, Quarto) VALUES (2230, "descricao","10/4/2007 4:23:33" ,266, 139);
INSERT INTO Internamento( EventoID, Motivo, DataFim, Ativo) VALUES (2230,"Lymphoma","11/4/2009 5:44:48",0);
INSERT INTO Evento(EventoID,Descricao, Data, Admissao, Quarto) VALUES (2231, "descricao","6/6/1962 23:21:52" ,452, 162);
INSERT INTO Internamento( EventoID, Motivo, DataFim, Ativo) VALUES (2231,"Rheumatism","6/7/1964 24:21:60",0);
INSERT INTO Evento(EventoID,Descricao, Data, Admissao, Quarto) VALUES (2232, "descricao","6/1/1978 23:55:50" ,209, 236);
INSERT INTO Internamento( EventoID, Motivo, DataFim, Ativo) VALUES (2232,"Leprosy","9/2/1981 24:64:55",0);
INSERT INTO Evento(EventoID,Descricao, Data, Admissao, Quarto) VALUES (2233, "descricao","26/9/1992 23:37:36" ,171, 227);
INSERT INTO Internamento( EventoID, Motivo, DataFim, Ativo) VALUES (2233,"Mononucleosis","29/10/1993 24:50:39",0);
INSERT INTO Evento(EventoID,Descricao, Data, Admissao, Quarto) VALUES (2234, "descricao","10/5/1994 23:7:30" ,446, 138);
INSERT INTO Internamento( EventoID, Motivo, DataFim, Ativo) VALUES (2234,"SIDS",NULL,1);
INSERT INTO Evento(EventoID,Descricao, Data, Admissao, Quarto) VALUES (2235, "descricao","27/7/2007 2:41:40" ,64, 147);
INSERT INTO Internamento( EventoID, Motivo, DataFim, Ativo) VALUES (2235,"Schizophrenia","30/9/2010 3:70:68",0);
INSERT INTO Evento(EventoID,Descricao, Data, Admissao, Quarto) VALUES (2236, "descricao","2/11/1981 9:41:33" ,174, 141);
INSERT INTO Internamento( EventoID, Motivo, DataFim, Ativo) VALUES (2236,"Bunion","4/11/1984 10:59:34",0);
INSERT INTO Evento(EventoID,Descricao, Data, Admissao, Quarto) VALUES (2237, "descricao","17/12/1973 18:3:16" ,425, 242);
INSERT INTO Internamento( EventoID, Motivo, DataFim, Ativo) VALUES (2237,"Scurvy","20/13/1974 20:29:30",0);
INSERT INTO Evento(EventoID,Descricao, Data, Admissao, Quarto) VALUES (2238, "descricao","6/5/2011 18:33:45" ,440, 137);
INSERT INTO Internamento( EventoID, Motivo, DataFim, Ativo) VALUES (2238,"Scleroderma","8/6/2014 20:40:52",0);
INSERT INTO Evento(EventoID,Descricao, Data, Admissao, Quarto) VALUES (2239, "descricao","17/2/2008 18:2:26" ,77, 104);
INSERT INTO Internamento( EventoID, Motivo, DataFim, Ativo) VALUES (2239,"Chordoma","20/2/2010 19:12:31",0);
INSERT INTO Evento(EventoID,Descricao, Data, Admissao, Quarto) VALUES (2240, "descricao","20/4/1987 19:1:25" ,462, 116);
INSERT INTO Internamento( EventoID, Motivo, DataFim, Ativo) VALUES (2240,"Yellow fever","20/5/1988 20:16:51",0);
INSERT INTO Evento(EventoID,Descricao, Data, Admissao, Quarto) VALUES (2241, "descricao","13/11/1990 0:52:36" ,126, 216);
INSERT INTO Internamento( EventoID, Motivo, DataFim, Ativo) VALUES (2241,"Circadian rhythm sleep disorder",NULL,1);
INSERT INTO Evento(EventoID,Descricao, Data, Admissao, Quarto) VALUES (2242, "descricao","21/9/1968 4:13:23" ,124, 226);
INSERT INTO Internamento( EventoID, Motivo, DataFim, Ativo) VALUES (2242,"Lice","24/9/1970 5:17:49",0);
INSERT INTO Evento(EventoID,Descricao, Data, Admissao, Quarto) VALUES (2243, "descricao","25/10/2013 13:26:11" ,298, 223);
INSERT INTO Internamento( EventoID, Motivo, DataFim, Ativo) VALUES (2243,"Swine influenza","28/12/2016 14:48:32",0);
INSERT INTO Evento(EventoID,Descricao, Data, Admissao, Quarto) VALUES (2244, "descricao","24/9/2003 7:31:41" ,242, 193);
INSERT INTO Internamento( EventoID, Motivo, DataFim, Ativo) VALUES (2244,"Hepatitis C",NULL,1);
INSERT INTO Evento(EventoID,Descricao, Data, Admissao, Quarto) VALUES (2245, "descricao","26/2/1988 12:0:32" ,247, 249);
INSERT INTO Internamento( EventoID, Motivo, DataFim, Ativo) VALUES (2245,"Vitiligo","28/2/1990 13:20:38",0);
INSERT INTO Evento(EventoID,Descricao, Data, Admissao, Quarto) VALUES (2246, "descricao","10/7/2010 23:47:16" ,64, 135);
INSERT INTO Internamento( EventoID, Motivo, DataFim, Ativo) VALUES (2246,"Foodborne illness","11/9/2013 24:72:23",0);
INSERT INTO Evento(EventoID,Descricao, Data, Admissao, Quarto) VALUES (2247, "descricao","6/11/1965 3:17:28" ,330, 236);
INSERT INTO Internamento( EventoID, Motivo, DataFim, Ativo) VALUES (2247,"Siderosis","8/13/1966 5:23:56",0);
INSERT INTO Evento(EventoID,Descricao, Data, Admissao, Quarto) VALUES (2248, "descricao","12/10/1969 20:39:8" ,145, 120);
INSERT INTO Internamento( EventoID, Motivo, DataFim, Ativo) VALUES (2248,"Emphysema","12/11/1970 22:43:13",0);
INSERT INTO Evento(EventoID,Descricao, Data, Admissao, Quarto) VALUES (2249, "descricao","25/6/1961 7:54:45" ,218, 243);
INSERT INTO Internamento( EventoID, Motivo, DataFim, Ativo) VALUES (2249,"Irritable bowel syndrome","26/8/1963 8:72:73",0);
INSERT INTO Evento(EventoID,Descricao, Data, Admissao, Quarto) VALUES (2250, "descricao","18/2/2011 15:28:53" ,131, 173);
INSERT INTO Internamento( EventoID, Motivo, DataFim, Ativo) VALUES (2250,"Goitre","21/4/2012 16:54:66",0);
INSERT INTO Evento(EventoID,Descricao, Data, Admissao, Quarto) VALUES (2251, "descricao","23/1/2002 10:43:42" ,8, 237);
INSERT INTO Internamento( EventoID, Motivo, DataFim, Ativo) VALUES (2251,"Progeria","26/3/2002 12:62:61",0);
INSERT INTO Evento(EventoID,Descricao, Data, Admissao, Quarto) VALUES (2252, "descricao","1/6/1986 21:19:58" ,22, 143);
INSERT INTO Internamento( EventoID, Motivo, DataFim, Ativo) VALUES (2252,"Diphtheria",NULL,1);
INSERT INTO Evento(EventoID,Descricao, Data, Admissao, Quarto) VALUES (2253, "descricao","7/9/1976 8:31:24" ,121, 143);
INSERT INTO Internamento( EventoID, Motivo, DataFim, Ativo) VALUES (2253,"Trisomy","7/10/1977 10:32:41",0);
INSERT INTO Evento(EventoID,Descricao, Data, Admissao, Quarto) VALUES (2254, "descricao","12/7/1992 0:54:22" ,348, 222);
INSERT INTO Internamento( EventoID, Motivo, DataFim, Ativo) VALUES (2254,"Pilia","13/7/1993 1:75:25",0);
INSERT INTO Evento(EventoID,Descricao, Data, Admissao, Quarto) VALUES (2255, "descricao","27/8/1984 3:39:25" ,220, 241);
INSERT INTO Internamento( EventoID, Motivo, DataFim, Ativo) VALUES (2255,"Hepatitis E","29/8/1987 4:51:38",0);
INSERT INTO Evento(EventoID,Descricao, Data, Admissao, Quarto) VALUES (2256, "descricao","14/10/1993 15:8:10" ,297, 154);
INSERT INTO Internamento( EventoID, Motivo, DataFim, Ativo) VALUES (2256,"Diabetes mellitus","14/11/1996 16:21:28",0);
INSERT INTO Evento(EventoID,Descricao, Data, Admissao, Quarto) VALUES (2257, "descricao","6/8/2005 16:6:41" ,494, 232);
INSERT INTO Internamento( EventoID, Motivo, DataFim, Ativo) VALUES (2257,"Melanoma",NULL,1);
INSERT INTO Evento(EventoID,Descricao, Data, Admissao, Quarto) VALUES (2258, "descricao","5/11/1962 7:51:13" ,228, 219);
INSERT INTO Internamento( EventoID, Motivo, DataFim, Ativo) VALUES (2258,"Progeria",NULL,1);
INSERT INTO Evento(EventoID,Descricao, Data, Admissao, Quarto) VALUES (2259, "descricao","20/10/2000 7:41:47" ,305, 110);
INSERT INTO Internamento( EventoID, Motivo, DataFim, Ativo) VALUES (2259,"Malaria",NULL,1);
INSERT INTO Evento(EventoID,Descricao, Data, Admissao, Quarto) VALUES (2260, "descricao","20/2/1976 19:15:6" ,429, 109);
INSERT INTO Internamento( EventoID, Motivo, DataFim, Ativo) VALUES (2260,"Astigmatism","20/3/1977 20:35:15",0);
INSERT INTO Evento(EventoID,Descricao, Data, Admissao, Quarto) VALUES (2261, "descricao","21/10/1985 10:18:15" ,459, 168);
INSERT INTO Internamento( EventoID, Motivo, DataFim, Ativo) VALUES (2261,"Leishmaniasis","22/10/1985 12:31:25",0);
INSERT INTO Evento(EventoID,Descricao, Data, Admissao, Quarto) VALUES (2262, "descricao","28/2/1975 17:9:39" ,82, 112);
INSERT INTO Internamento( EventoID, Motivo, DataFim, Ativo) VALUES (2262,"Erectile dysfunction",NULL,1);
INSERT INTO Evento(EventoID,Descricao, Data, Admissao, Quarto) VALUES (2263, "descricao","28/12/1991 23:45:9" ,120, 171);
INSERT INTO Internamento( EventoID, Motivo, DataFim, Ativo) VALUES (2263,"Mumps","31/12/1993 24:47:28",0);
INSERT INTO Evento(EventoID,Descricao, Data, Admissao, Quarto) VALUES (2264, "descricao","1/12/1974 6:17:50" ,404, 158);
INSERT INTO Internamento( EventoID, Motivo, DataFim, Ativo) VALUES (2264,"Heart disease","2/14/1976 7:29:61",0);
INSERT INTO Evento(EventoID,Descricao, Data, Admissao, Quarto) VALUES (2265, "descricao","15/2/1980 14:19:12" ,103, 243);
INSERT INTO Internamento( EventoID, Motivo, DataFim, Ativo) VALUES (2265,"Myelitis","17/3/1981 15:39:24",0);
INSERT INTO Evento(EventoID,Descricao, Data, Admissao, Quarto) VALUES (2266, "descricao","25/7/2017 2:59:6" ,321, 232);
INSERT INTO Internamento( EventoID, Motivo, DataFim, Ativo) VALUES (2266,"Osteoarthritis","25/7/2019 3:81:14",0);
INSERT INTO Evento(EventoID,Descricao, Data, Admissao, Quarto) VALUES (2267, "descricao","21/3/1968 7:24:4" ,350, 100);
INSERT INTO Internamento( EventoID, Motivo, DataFim, Ativo) VALUES (2267,"Loiasis","24/4/1970 8:43:15",0);
INSERT INTO Evento(EventoID,Descricao, Data, Admissao, Quarto) VALUES (2268, "descricao","11/6/1995 7:37:15" ,96, 156);
INSERT INTO Internamento( EventoID, Motivo, DataFim, Ativo) VALUES (2268,"Mumps","13/7/1998 8:62:15",0);
INSERT INTO Evento(EventoID,Descricao, Data, Admissao, Quarto) VALUES (2269, "descricao","6/5/2010 16:37:15" ,222, 102);
INSERT INTO Internamento( EventoID, Motivo, DataFim, Ativo) VALUES (2269,"Epilepsy","8/6/2010 18:46:45",0);
INSERT INTO Evento(EventoID,Descricao, Data, Admissao, Quarto) VALUES (2270, "descricao","19/11/1984 16:29:14" ,377, 153);
INSERT INTO Internamento( EventoID, Motivo, DataFim, Ativo) VALUES (2270,"Hepatitis C","20/12/1987 17:40:18",0);
INSERT INTO Evento(EventoID,Descricao, Data, Admissao, Quarto) VALUES (2271, "descricao","15/8/2011 19:40:35" ,324, 150);
INSERT INTO Internamento( EventoID, Motivo, DataFim, Ativo) VALUES (2271,"Hyperthyroidism","16/8/2011 20:48:61",0);
INSERT INTO Evento(EventoID,Descricao, Data, Admissao, Quarto) VALUES (2272, "descricao","23/7/1969 2:24:25" ,164, 237);
INSERT INTO Internamento( EventoID, Motivo, DataFim, Ativo) VALUES (2272,"Mononucleosis","23/9/1971 4:46:37",0);
INSERT INTO Evento(EventoID,Descricao, Data, Admissao, Quarto) VALUES (2273, "descricao","18/12/1984 7:3:3" ,161, 223);
INSERT INTO Internamento( EventoID, Motivo, DataFim, Ativo) VALUES (2273,"Breast cancer","21/12/1984 9:3:15",0);
INSERT INTO Evento(EventoID,Descricao, Data, Admissao, Quarto) VALUES (2274, "descricao","16/2/1987 9:22:49" ,332, 208);
INSERT INTO Internamento( EventoID, Motivo, DataFim, Ativo) VALUES (2274,"Carbon monoxide poisoning","18/3/1987 11:42:57",0);
INSERT INTO Evento(EventoID,Descricao, Data, Admissao, Quarto) VALUES (2275, "descricao","19/7/1999 23:58:4" ,79, 128);
INSERT INTO Internamento( EventoID, Motivo, DataFim, Ativo) VALUES (2275,"Septicemia","19/9/1999 25:84:7",0);
INSERT INTO Evento(EventoID,Descricao, Data, Admissao, Quarto) VALUES (2276, "descricao","9/10/1965 20:56:51" ,452, 154);
INSERT INTO Internamento( EventoID, Motivo, DataFim, Ativo) VALUES (2276,"Rheumatic heart","12/12/1966 21:78:53",0);
INSERT INTO Evento(EventoID,Descricao, Data, Admissao, Quarto) VALUES (2277, "descricao","13/4/2016 8:35:47" ,380, 102);
INSERT INTO Internamento( EventoID, Motivo, DataFim, Ativo) VALUES (2277,"Warkany syndrome","14/5/2018 10:58:52",0);
INSERT INTO Evento(EventoID,Descricao, Data, Admissao, Quarto) VALUES (2278, "descricao","5/4/2019 7:7:57" ,60, 130);
INSERT INTO Internamento( EventoID, Motivo, DataFim, Ativo) VALUES (2278,"Mad cow disease","7/6/2019 8:36:64",0);
INSERT INTO Evento(EventoID,Descricao, Data, Admissao, Quarto) VALUES (2279, "descricao","7/2/2001 2:58:56" ,303, 224);
INSERT INTO Internamento( EventoID, Motivo, DataFim, Ativo) VALUES (2279,"Myelitis","10/4/2003 4:85:82",0);
INSERT INTO Evento(EventoID,Descricao, Data, Admissao, Quarto) VALUES (2280, "descricao","2/1/1992 10:56:57" ,279, 143);
INSERT INTO Internamento( EventoID, Motivo, DataFim, Ativo) VALUES (2280,"Toxic shock syndrome",NULL,1);
INSERT INTO Evento(EventoID,Descricao, Data, Admissao, Quarto) VALUES (2281, "descricao","7/10/2001 18:27:57" ,494, 122);
INSERT INTO Internamento( EventoID, Motivo, DataFim, Ativo) VALUES (2281,"Otitis","10/11/2003 20:36:66",0);
INSERT INTO Evento(EventoID,Descricao, Data, Admissao, Quarto) VALUES (2282, "descricao","13/12/1993 16:39:44" ,103, 172);
INSERT INTO Internamento( EventoID, Motivo, DataFim, Ativo) VALUES (2282,"Colitis","15/12/1993 17:49:49",0);
INSERT INTO Evento(EventoID,Descricao, Data, Admissao, Quarto) VALUES (2283, "descricao","23/10/1970 21:15:27" ,302, 215);
INSERT INTO Internamento( EventoID, Motivo, DataFim, Ativo) VALUES (2283,"Kwashiorkor","26/11/1970 23:17:28",0);
INSERT INTO Evento(EventoID,Descricao, Data, Admissao, Quarto) VALUES (2284, "descricao","22/3/2000 3:54:46" ,185, 245);
INSERT INTO Internamento( EventoID, Motivo, DataFim, Ativo) VALUES (2284,"Leptospirosis","22/3/2001 5:69:57",0);
INSERT INTO Evento(EventoID,Descricao, Data, Admissao, Quarto) VALUES (2285, "descricao","7/2/1982 1:59:22" ,101, 172);
INSERT INTO Internamento( EventoID, Motivo, DataFim, Ativo) VALUES (2285,"Crohn's Disease","9/2/1982 3:63:37",0);
INSERT INTO Evento(EventoID,Descricao, Data, Admissao, Quarto) VALUES (2286, "descricao","15/10/1969 6:48:12" ,459, 161);
INSERT INTO Internamento( EventoID, Motivo, DataFim, Ativo) VALUES (2286,"Von Hippel-Lindau disease","18/10/1969 7:74:17",0);
INSERT INTO Evento(EventoID,Descricao, Data, Admissao, Quarto) VALUES (2287, "descricao","22/3/2018 16:49:18" ,334, 177);
INSERT INTO Internamento( EventoID, Motivo, DataFim, Ativo) VALUES (2287,"Brucellosis","25/5/2019 18:66:34",0);
INSERT INTO Evento(EventoID,Descricao, Data, Admissao, Quarto) VALUES (2288, "descricao","22/8/2004 23:35:19" ,283, 153);
INSERT INTO Internamento( EventoID, Motivo, DataFim, Ativo) VALUES (2288,"Q fever","25/8/2005 25:59:28",0);
INSERT INTO Evento(EventoID,Descricao, Data, Admissao, Quarto) VALUES (2289, "descricao","11/6/1962 4:49:36" ,79, 108);
INSERT INTO Internamento( EventoID, Motivo, DataFim, Ativo) VALUES (2289,"Sickle-cell anemia","11/6/1964 6:57:40",0);
INSERT INTO Evento(EventoID,Descricao, Data, Admissao, Quarto) VALUES (2290, "descricao","6/1/2009 7:24:41" ,391, 131);
INSERT INTO Internamento( EventoID, Motivo, DataFim, Ativo) VALUES (2290,"Rheumatic heart",NULL,1);
INSERT INTO Evento(EventoID,Descricao, Data, Admissao, Quarto) VALUES (2291, "descricao","9/12/2002 7:34:34" ,305, 240);
INSERT INTO Internamento( EventoID, Motivo, DataFim, Ativo) VALUES (2291,"Chorea","9/13/2005 8:51:63",0);
INSERT INTO Evento(EventoID,Descricao, Data, Admissao, Quarto) VALUES (2292, "descricao","13/11/2016 5:16:2" ,333, 168);
INSERT INTO Internamento( EventoID, Motivo, DataFim, Ativo) VALUES (2292,"SIDS","16/13/2018 6:39:5",0);
INSERT INTO Evento(EventoID,Descricao, Data, Admissao, Quarto) VALUES (2293, "descricao","23/2/1989 17:52:53" ,168, 172);
INSERT INTO Internamento( EventoID, Motivo, DataFim, Ativo) VALUES (2293,"Hypermetropia","23/4/1991 19:72:57",0);
INSERT INTO Evento(EventoID,Descricao, Data, Admissao, Quarto) VALUES (2294, "descricao","22/11/1964 23:12:25" ,399, 203);
INSERT INTO Internamento( EventoID, Motivo, DataFim, Ativo) VALUES (2294,"Varicella",NULL,1);
INSERT INTO Evento(EventoID,Descricao, Data, Admissao, Quarto) VALUES (2295, "descricao","28/12/1994 9:23:5" ,142, 145);
INSERT INTO Internamento( EventoID, Motivo, DataFim, Ativo) VALUES (2295,"Teratoma","29/13/1996 10:30:29",0);
INSERT INTO Evento(EventoID,Descricao, Data, Admissao, Quarto) VALUES (2296, "descricao","22/4/1975 18:25:22" ,44, 108);
INSERT INTO Internamento( EventoID, Motivo, DataFim, Ativo) VALUES (2296,"Malaria",NULL,1);
INSERT INTO Evento(EventoID,Descricao, Data, Admissao, Quarto) VALUES (2297, "descricao","3/12/2010 13:52:25" ,469, 162);
INSERT INTO Internamento( EventoID, Motivo, DataFim, Ativo) VALUES (2297,"UTI'S","6/14/2012 14:72:25",0);
INSERT INTO Evento(EventoID,Descricao, Data, Admissao, Quarto) VALUES (2298, "descricao","5/2/1996 11:52:11" ,215, 103);
INSERT INTO Internamento( EventoID, Motivo, DataFim, Ativo) VALUES (2298,"Shin splints",NULL,1);
INSERT INTO Evento(EventoID,Descricao, Data, Admissao, Quarto) VALUES (2299, "descricao","26/1/2007 10:8:57" ,491, 147);
INSERT INTO Internamento( EventoID, Motivo, DataFim, Ativo) VALUES (2299,"Salmonellosis",NULL,1);

-- Event Occourence
INSERT INTO OcorrenciaEvento(OcorrenciaID,EventoID) VALUES (1, 1161);
INSERT INTO OcorrenciaEvento(OcorrenciaID,EventoID) VALUES (2, 1784);
INSERT INTO OcorrenciaEvento(OcorrenciaID,EventoID) VALUES (3, 1049);
INSERT INTO OcorrenciaEvento(OcorrenciaID,EventoID) VALUES (4, 242);
INSERT INTO OcorrenciaEvento(OcorrenciaID,EventoID) VALUES (5, 162);
INSERT INTO OcorrenciaEvento(OcorrenciaID,EventoID) VALUES (6, 763);
INSERT INTO OcorrenciaEvento(OcorrenciaID,EventoID) VALUES (7, 1294);
INSERT INTO OcorrenciaEvento(OcorrenciaID,EventoID) VALUES (8, 619);
INSERT INTO OcorrenciaEvento(OcorrenciaID,EventoID) VALUES (9, 469);
INSERT INTO OcorrenciaEvento(OcorrenciaID,EventoID) VALUES (10, 1552);
INSERT INTO OcorrenciaEvento(OcorrenciaID,EventoID) VALUES (11, 2168);
INSERT INTO OcorrenciaEvento(OcorrenciaID,EventoID) VALUES (12, 379);
INSERT INTO OcorrenciaEvento(OcorrenciaID,EventoID) VALUES (13, 2292);
INSERT INTO OcorrenciaEvento(OcorrenciaID,EventoID) VALUES (14, 639);
INSERT INTO OcorrenciaEvento(OcorrenciaID,EventoID) VALUES (15, 471);
INSERT INTO OcorrenciaEvento(OcorrenciaID,EventoID) VALUES (16, 107);
INSERT INTO OcorrenciaEvento(OcorrenciaID,EventoID) VALUES (17, 1201);
INSERT INTO OcorrenciaEvento(OcorrenciaID,EventoID) VALUES (18, 790);
INSERT INTO OcorrenciaEvento(OcorrenciaID,EventoID) VALUES (19, 395);
INSERT INTO OcorrenciaEvento(OcorrenciaID,EventoID) VALUES (20, 2109);
INSERT INTO OcorrenciaEvento(OcorrenciaID,EventoID) VALUES (21, 921);
INSERT INTO OcorrenciaEvento(OcorrenciaID,EventoID) VALUES (22, 450);
INSERT INTO OcorrenciaEvento(OcorrenciaID,EventoID) VALUES (23, 958);
INSERT INTO OcorrenciaEvento(OcorrenciaID,EventoID) VALUES (24, 1597);
INSERT INTO OcorrenciaEvento(OcorrenciaID,EventoID) VALUES (26, 1483);
INSERT INTO OcorrenciaEvento(OcorrenciaID,EventoID) VALUES (27, 852);
INSERT INTO OcorrenciaEvento(OcorrenciaID,EventoID) VALUES (28, 693);
INSERT INTO OcorrenciaEvento(OcorrenciaID,EventoID) VALUES (29, 690);
INSERT INTO OcorrenciaEvento(OcorrenciaID,EventoID) VALUES (30, 560);
INSERT INTO OcorrenciaEvento(OcorrenciaID,EventoID) VALUES (31, 1910);
INSERT INTO OcorrenciaEvento(OcorrenciaID,EventoID) VALUES (32, 893);
INSERT INTO OcorrenciaEvento(OcorrenciaID,EventoID) VALUES (33, 2312);
INSERT INTO OcorrenciaEvento(OcorrenciaID,EventoID) VALUES (34, 1868);
INSERT INTO OcorrenciaEvento(OcorrenciaID,EventoID) VALUES (35, 1118);
INSERT INTO OcorrenciaEvento(OcorrenciaID,EventoID) VALUES (36, 608);
INSERT INTO OcorrenciaEvento(OcorrenciaID,EventoID) VALUES (37, 1506);
INSERT INTO OcorrenciaEvento(OcorrenciaID,EventoID) VALUES (38, 1231);
INSERT INTO OcorrenciaEvento(OcorrenciaID,EventoID) VALUES (39, 703);
INSERT INTO OcorrenciaEvento(OcorrenciaID,EventoID) VALUES (40, 1874);
INSERT INTO OcorrenciaEvento(OcorrenciaID,EventoID) VALUES (41, 113);
INSERT INTO OcorrenciaEvento(OcorrenciaID,EventoID) VALUES (42, 1922);
INSERT INTO OcorrenciaEvento(OcorrenciaID,EventoID) VALUES (43, 1059);
INSERT INTO OcorrenciaEvento(OcorrenciaID,EventoID) VALUES (44, 874);
INSERT INTO OcorrenciaEvento(OcorrenciaID,EventoID) VALUES (45, 2219);
INSERT INTO OcorrenciaEvento(OcorrenciaID,EventoID) VALUES (46, 1017);
INSERT INTO OcorrenciaEvento(OcorrenciaID,EventoID) VALUES (47, 2192);
INSERT INTO OcorrenciaEvento(OcorrenciaID,EventoID) VALUES (48, 744);
INSERT INTO OcorrenciaEvento(OcorrenciaID,EventoID) VALUES (49, 1173);
INSERT INTO OcorrenciaEvento(OcorrenciaID,EventoID) VALUES (50, 1693);
INSERT INTO OcorrenciaEvento(OcorrenciaID,EventoID) VALUES (51, 1103);
INSERT INTO OcorrenciaEvento(OcorrenciaID,EventoID) VALUES (52, 1524);
INSERT INTO OcorrenciaEvento(OcorrenciaID,EventoID) VALUES (53, 1615);
INSERT INTO OcorrenciaEvento(OcorrenciaID,EventoID) VALUES (54, 387);
INSERT INTO OcorrenciaEvento(OcorrenciaID,EventoID) VALUES (55, 432);
INSERT INTO OcorrenciaEvento(OcorrenciaID,EventoID) VALUES (56, 648);
INSERT INTO OcorrenciaEvento(OcorrenciaID,EventoID) VALUES (57, 1347);
INSERT INTO OcorrenciaEvento(OcorrenciaID,EventoID) VALUES (58, 2123);
INSERT INTO OcorrenciaEvento(OcorrenciaID,EventoID) VALUES (59, 887);
INSERT INTO OcorrenciaEvento(OcorrenciaID,EventoID) VALUES (60, 90);
INSERT INTO OcorrenciaEvento(OcorrenciaID,EventoID) VALUES (61, 1301);
INSERT INTO OcorrenciaEvento(OcorrenciaID,EventoID) VALUES (62, 9);
INSERT INTO OcorrenciaEvento(OcorrenciaID,EventoID) VALUES (63, 184);
INSERT INTO OcorrenciaEvento(OcorrenciaID,EventoID) VALUES (64, 1795);
INSERT INTO OcorrenciaEvento(OcorrenciaID,EventoID) VALUES (65, 2197);
INSERT INTO OcorrenciaEvento(OcorrenciaID,EventoID) VALUES (66, 1368);
INSERT INTO OcorrenciaEvento(OcorrenciaID,EventoID) VALUES (67, 1996);
INSERT INTO OcorrenciaEvento(OcorrenciaID,EventoID) VALUES (68, 2373);
INSERT INTO OcorrenciaEvento(OcorrenciaID,EventoID) VALUES (69, 1558);
INSERT INTO OcorrenciaEvento(OcorrenciaID,EventoID) VALUES (70, 1905);
INSERT INTO OcorrenciaEvento(OcorrenciaID,EventoID) VALUES (71, 300);
INSERT INTO OcorrenciaEvento(OcorrenciaID,EventoID) VALUES (72, 1602);
INSERT INTO OcorrenciaEvento(OcorrenciaID,EventoID) VALUES (73, 368);
INSERT INTO OcorrenciaEvento(OcorrenciaID,EventoID) VALUES (74, 628);
INSERT INTO OcorrenciaEvento(OcorrenciaID,EventoID) VALUES (75, 848);
INSERT INTO OcorrenciaEvento(OcorrenciaID,EventoID) VALUES (76, 587);
INSERT INTO OcorrenciaEvento(OcorrenciaID,EventoID) VALUES (77, 1783);
INSERT INTO OcorrenciaEvento(OcorrenciaID,EventoID) VALUES (78, 882);
INSERT INTO OcorrenciaEvento(OcorrenciaID,EventoID) VALUES (79, 1400);
INSERT INTO OcorrenciaEvento(OcorrenciaID,EventoID) VALUES (80, 660);
INSERT INTO OcorrenciaEvento(OcorrenciaID,EventoID) VALUES (81, 1942);
INSERT INTO OcorrenciaEvento(OcorrenciaID,EventoID) VALUES (82, 1240);
INSERT INTO OcorrenciaEvento(OcorrenciaID,EventoID) VALUES (83, 781);
INSERT INTO OcorrenciaEvento(OcorrenciaID,EventoID) VALUES (84, 2339);
INSERT INTO OcorrenciaEvento(OcorrenciaID,EventoID) VALUES (85, 1827);
INSERT INTO OcorrenciaEvento(OcorrenciaID,EventoID) VALUES (86, 374);
INSERT INTO OcorrenciaEvento(OcorrenciaID,EventoID) VALUES (87, 1863);
INSERT INTO OcorrenciaEvento(OcorrenciaID,EventoID) VALUES (88, 574);
INSERT INTO OcorrenciaEvento(OcorrenciaID,EventoID) VALUES (89, 153);
INSERT INTO OcorrenciaEvento(OcorrenciaID,EventoID) VALUES (90, 720);
INSERT INTO OcorrenciaEvento(OcorrenciaID,EventoID) VALUES (91, 2231);
INSERT INTO OcorrenciaEvento(OcorrenciaID,EventoID) VALUES (92, 2216);
INSERT INTO OcorrenciaEvento(OcorrenciaID,EventoID) VALUES (93, 1571);
INSERT INTO OcorrenciaEvento(OcorrenciaID,EventoID) VALUES (94, 840);
INSERT INTO OcorrenciaEvento(OcorrenciaID,EventoID) VALUES (95, 1135);
INSERT INTO OcorrenciaEvento(OcorrenciaID,EventoID) VALUES (96, 1931);
INSERT INTO OcorrenciaEvento(OcorrenciaID,EventoID) VALUES (97, 1249);
INSERT INTO OcorrenciaEvento(OcorrenciaID,EventoID) VALUES (98, 459);
INSERT INTO OcorrenciaEvento(OcorrenciaID,EventoID) VALUES (99, 101);
INSERT INTO OcorrenciaEvento(OcorrenciaID,EventoID) VALUES (100, 337);
INSERT INTO OcorrenciaEvento(OcorrenciaID,EventoID) VALUES (101, 399);
INSERT INTO OcorrenciaEvento(OcorrenciaID,EventoID) VALUES (102, 909);
INSERT INTO OcorrenciaEvento(OcorrenciaID,EventoID) VALUES (103, 1793);
INSERT INTO OcorrenciaEvento(OcorrenciaID,EventoID) VALUES (104, 1958);
INSERT INTO OcorrenciaEvento(OcorrenciaID,EventoID) VALUES (106, 1882);
INSERT INTO OcorrenciaEvento(OcorrenciaID,EventoID) VALUES (107, 2256);
INSERT INTO OcorrenciaEvento(OcorrenciaID,EventoID) VALUES (108, 1329);
INSERT INTO OcorrenciaEvento(OcorrenciaID,EventoID) VALUES (109, 2280);
INSERT INTO OcorrenciaEvento(OcorrenciaID,EventoID) VALUES (110, 2136);
INSERT INTO OcorrenciaEvento(OcorrenciaID,EventoID) VALUES (111, 65);
INSERT INTO OcorrenciaEvento(OcorrenciaID,EventoID) VALUES (112, 990);
INSERT INTO OcorrenciaEvento(OcorrenciaID,EventoID) VALUES (113, 739);
INSERT INTO OcorrenciaEvento(OcorrenciaID,EventoID) VALUES (114, 2105);
INSERT INTO OcorrenciaEvento(OcorrenciaID,EventoID) VALUES (115, 124);
INSERT INTO OcorrenciaEvento(OcorrenciaID,EventoID) VALUES (116, 1383);
INSERT INTO OcorrenciaEvento(OcorrenciaID,EventoID) VALUES (117, 2161);
INSERT INTO OcorrenciaEvento(OcorrenciaID,EventoID) VALUES (118, 1358);
INSERT INTO OcorrenciaEvento(OcorrenciaID,EventoID) VALUES (120, 548);
INSERT INTO OcorrenciaEvento(OcorrenciaID,EventoID) VALUES (122, 1321);
INSERT INTO OcorrenciaEvento(OcorrenciaID,EventoID) VALUES (123, 2019);
INSERT INTO OcorrenciaEvento(OcorrenciaID,EventoID) VALUES (124, 940);
INSERT INTO OcorrenciaEvento(OcorrenciaID,EventoID) VALUES (125, 304);
INSERT INTO OcorrenciaEvento(OcorrenciaID,EventoID) VALUES (126, 347);
INSERT INTO OcorrenciaEvento(OcorrenciaID,EventoID) VALUES (127, 182);
INSERT INTO OcorrenciaEvento(OcorrenciaID,EventoID) VALUES (129, 864);
INSERT INTO OcorrenciaEvento(OcorrenciaID,EventoID) VALUES (130, 502);
INSERT INTO OcorrenciaEvento(OcorrenciaID,EventoID) VALUES (131, 2369);
INSERT INTO OcorrenciaEvento(OcorrenciaID,EventoID) VALUES (132, 2381);
INSERT INTO OcorrenciaEvento(OcorrenciaID,EventoID) VALUES (134, 992);
INSERT INTO OcorrenciaEvento(OcorrenciaID,EventoID) VALUES (136, 2143);
INSERT INTO OcorrenciaEvento(OcorrenciaID,EventoID) VALUES (137, 275);
INSERT INTO OcorrenciaEvento(OcorrenciaID,EventoID) VALUES (138, 824);
INSERT INTO OcorrenciaEvento(OcorrenciaID,EventoID) VALUES (139, 472);
INSERT INTO OcorrenciaEvento(OcorrenciaID,EventoID) VALUES (140, 507);
INSERT INTO OcorrenciaEvento(OcorrenciaID,EventoID) VALUES (141, 1020);
INSERT INTO OcorrenciaEvento(OcorrenciaID,EventoID) VALUES (142, 1);
INSERT INTO OcorrenciaEvento(OcorrenciaID,EventoID) VALUES (143, 2118);
INSERT INTO OcorrenciaEvento(OcorrenciaID,EventoID) VALUES (144, 253);
INSERT INTO OcorrenciaEvento(OcorrenciaID,EventoID) VALUES (146, 2305);
INSERT INTO OcorrenciaEvento(OcorrenciaID,EventoID) VALUES (147, 210);
INSERT INTO OcorrenciaEvento(OcorrenciaID,EventoID) VALUES (148, 2321);
INSERT INTO OcorrenciaEvento(OcorrenciaID,EventoID) VALUES (149, 796);
INSERT INTO OcorrenciaEvento(OcorrenciaID,EventoID) VALUES (150, 924);
INSERT INTO OcorrenciaEvento(OcorrenciaID,EventoID) VALUES (151, 1716);
INSERT INTO OcorrenciaEvento(OcorrenciaID,EventoID) VALUES (152, 19);
INSERT INTO OcorrenciaEvento(OcorrenciaID,EventoID) VALUES (153, 1303);
INSERT INTO OcorrenciaEvento(OcorrenciaID,EventoID) VALUES (154, 441);
INSERT INTO OcorrenciaEvento(OcorrenciaID,EventoID) VALUES (155, 894);
INSERT INTO OcorrenciaEvento(OcorrenciaID,EventoID) VALUES (156, 1397);
INSERT INTO OcorrenciaEvento(OcorrenciaID,EventoID) VALUES (157, 1746);
INSERT INTO OcorrenciaEvento(OcorrenciaID,EventoID) VALUES (158, 2088);
INSERT INTO OcorrenciaEvento(OcorrenciaID,EventoID) VALUES (159, 1411);
INSERT INTO OcorrenciaEvento(OcorrenciaID,EventoID) VALUES (160, 1221);
INSERT INTO OcorrenciaEvento(OcorrenciaID,EventoID) VALUES (161, 908);
INSERT INTO OcorrenciaEvento(OcorrenciaID,EventoID) VALUES (162, 661);
INSERT INTO OcorrenciaEvento(OcorrenciaID,EventoID) VALUES (163, 1013);
INSERT INTO OcorrenciaEvento(OcorrenciaID,EventoID) VALUES (165, 314);
INSERT INTO OcorrenciaEvento(OcorrenciaID,EventoID) VALUES (166, 221);
INSERT INTO OcorrenciaEvento(OcorrenciaID,EventoID) VALUES (167, 1223);
INSERT INTO OcorrenciaEvento(OcorrenciaID,EventoID) VALUES (168, 2017);
INSERT INTO OcorrenciaEvento(OcorrenciaID,EventoID) VALUES (169, 1852);
INSERT INTO OcorrenciaEvento(OcorrenciaID,EventoID) VALUES (170, 2016);
INSERT INTO OcorrenciaEvento(OcorrenciaID,EventoID) VALUES (171, 2391);
INSERT INTO OcorrenciaEvento(OcorrenciaID,EventoID) VALUES (172, 258);
INSERT INTO OcorrenciaEvento(OcorrenciaID,EventoID) VALUES (173, 1199);
INSERT INTO OcorrenciaEvento(OcorrenciaID,EventoID) VALUES (174, 568);
INSERT INTO OcorrenciaEvento(OcorrenciaID,EventoID) VALUES (175, 1497);
INSERT INTO OcorrenciaEvento(OcorrenciaID,EventoID) VALUES (176, 57);
INSERT INTO OcorrenciaEvento(OcorrenciaID,EventoID) VALUES (177, 452);
INSERT INTO OcorrenciaEvento(OcorrenciaID,EventoID) VALUES (178, 1251);
INSERT INTO OcorrenciaEvento(OcorrenciaID,EventoID) VALUES (179, 1838);
INSERT INTO OcorrenciaEvento(OcorrenciaID,EventoID) VALUES (181, 771);
INSERT INTO OcorrenciaEvento(OcorrenciaID,EventoID) VALUES (182, 777);
INSERT INTO OcorrenciaEvento(OcorrenciaID,EventoID) VALUES (183, 1670);
INSERT INTO OcorrenciaEvento(OcorrenciaID,EventoID) VALUES (184, 1896);
INSERT INTO OcorrenciaEvento(OcorrenciaID,EventoID) VALUES (185, 2058);
INSERT INTO OcorrenciaEvento(OcorrenciaID,EventoID) VALUES (186, 1881);
INSERT INTO OcorrenciaEvento(OcorrenciaID,EventoID) VALUES (187, 598);
INSERT INTO OcorrenciaEvento(OcorrenciaID,EventoID) VALUES (188, 643);
INSERT INTO OcorrenciaEvento(OcorrenciaID,EventoID) VALUES (189, 1903);
INSERT INTO OcorrenciaEvento(OcorrenciaID,EventoID) VALUES (190, 31);
INSERT INTO OcorrenciaEvento(OcorrenciaID,EventoID) VALUES (191, 1632);
INSERT INTO OcorrenciaEvento(OcorrenciaID,EventoID) VALUES (192, 1415);
INSERT INTO OcorrenciaEvento(OcorrenciaID,EventoID) VALUES (193, 499);
INSERT INTO OcorrenciaEvento(OcorrenciaID,EventoID) VALUES (194, 2071);
INSERT INTO OcorrenciaEvento(OcorrenciaID,EventoID) VALUES (196, 1774);
INSERT INTO OcorrenciaEvento(OcorrenciaID,EventoID) VALUES (197, 421);
INSERT INTO OcorrenciaEvento(OcorrenciaID,EventoID) VALUES (198, 1257);
INSERT INTO OcorrenciaEvento(OcorrenciaID,EventoID) VALUES (199, 2146);
INSERT INTO OcorrenciaEvento(OcorrenciaID,EventoID) VALUES (200, 2171);
INSERT INTO OcorrenciaEvento(OcorrenciaID,EventoID) VALUES (201, 687);
INSERT INTO OcorrenciaEvento(OcorrenciaID,EventoID) VALUES (202, 1933);
INSERT INTO OcorrenciaEvento(OcorrenciaID,EventoID) VALUES (203, 776);
INSERT INTO OcorrenciaEvento(OcorrenciaID,EventoID) VALUES (204, 742);
INSERT INTO OcorrenciaEvento(OcorrenciaID,EventoID) VALUES (205, 1256);
INSERT INTO OcorrenciaEvento(OcorrenciaID,EventoID) VALUES (207, 2076);
INSERT INTO OcorrenciaEvento(OcorrenciaID,EventoID) VALUES (208, 2313);
INSERT INTO OcorrenciaEvento(OcorrenciaID,EventoID) VALUES (209, 1176);
INSERT INTO OcorrenciaEvento(OcorrenciaID,EventoID) VALUES (210, 177);
INSERT INTO OcorrenciaEvento(OcorrenciaID,EventoID) VALUES (211, 1744);
INSERT INTO OcorrenciaEvento(OcorrenciaID,EventoID) VALUES (213, 1525);
INSERT INTO OcorrenciaEvento(OcorrenciaID,EventoID) VALUES (214, 415);
INSERT INTO OcorrenciaEvento(OcorrenciaID,EventoID) VALUES (215, 2299);
INSERT INTO OcorrenciaEvento(OcorrenciaID,EventoID) VALUES (216, 1365);
INSERT INTO OcorrenciaEvento(OcorrenciaID,EventoID) VALUES (217, 289);
INSERT INTO OcorrenciaEvento(OcorrenciaID,EventoID) VALUES (219, 251);
INSERT INTO OcorrenciaEvento(OcorrenciaID,EventoID) VALUES (220, 1886);
INSERT INTO OcorrenciaEvento(OcorrenciaID,EventoID) VALUES (221, 1432);
INSERT INTO OcorrenciaEvento(OcorrenciaID,EventoID) VALUES (222, 1705);
INSERT INTO OcorrenciaEvento(OcorrenciaID,EventoID) VALUES (223, 1754);
INSERT INTO OcorrenciaEvento(OcorrenciaID,EventoID) VALUES (225, 2170);
INSERT INTO OcorrenciaEvento(OcorrenciaID,EventoID) VALUES (226, 2250);
INSERT INTO OcorrenciaEvento(OcorrenciaID,EventoID) VALUES (228, 1821);
INSERT INTO OcorrenciaEvento(OcorrenciaID,EventoID) VALUES (229, 1433);
INSERT INTO OcorrenciaEvento(OcorrenciaID,EventoID) VALUES (230, 589);
INSERT INTO OcorrenciaEvento(OcorrenciaID,EventoID) VALUES (231, 2351);
INSERT INTO OcorrenciaEvento(OcorrenciaID,EventoID) VALUES (232, 1859);
INSERT INTO OcorrenciaEvento(OcorrenciaID,EventoID) VALUES (233, 863);
INSERT INTO OcorrenciaEvento(OcorrenciaID,EventoID) VALUES (234, 2193);
INSERT INTO OcorrenciaEvento(OcorrenciaID,EventoID) VALUES (236, 1914);
INSERT INTO OcorrenciaEvento(OcorrenciaID,EventoID) VALUES (237, 38);
INSERT INTO OcorrenciaEvento(OcorrenciaID,EventoID) VALUES (238, 1569);
INSERT INTO OcorrenciaEvento(OcorrenciaID,EventoID) VALUES (239, 633);
INSERT INTO OcorrenciaEvento(OcorrenciaID,EventoID) VALUES (240, 1590);
INSERT INTO OcorrenciaEvento(OcorrenciaID,EventoID) VALUES (241, 1163);
INSERT INTO OcorrenciaEvento(OcorrenciaID,EventoID) VALUES (242, 2097);
INSERT INTO OcorrenciaEvento(OcorrenciaID,EventoID) VALUES (243, 473);
INSERT INTO OcorrenciaEvento(OcorrenciaID,EventoID) VALUES (244, 1042);
INSERT INTO OcorrenciaEvento(OcorrenciaID,EventoID) VALUES (245, 2390);
INSERT INTO OcorrenciaEvento(OcorrenciaID,EventoID) VALUES (247, 1990);
INSERT INTO OcorrenciaEvento(OcorrenciaID,EventoID) VALUES (248, 1398);
INSERT INTO OcorrenciaEvento(OcorrenciaID,EventoID) VALUES (249, 941);
INSERT INTO OcorrenciaEvento(OcorrenciaID,EventoID) VALUES (250, 1187);
INSERT INTO OcorrenciaEvento(OcorrenciaID,EventoID) VALUES (251, 52);
INSERT INTO OcorrenciaEvento(OcorrenciaID,EventoID) VALUES (252, 2209);
INSERT INTO OcorrenciaEvento(OcorrenciaID,EventoID) VALUES (253, 1807);
INSERT INTO OcorrenciaEvento(OcorrenciaID,EventoID) VALUES (254, 1123);
INSERT INTO OcorrenciaEvento(OcorrenciaID,EventoID) VALUES (255, 2185);
INSERT INTO OcorrenciaEvento(OcorrenciaID,EventoID) VALUES (256, 826);
INSERT INTO OcorrenciaEvento(OcorrenciaID,EventoID) VALUES (257, 237);
INSERT INTO OcorrenciaEvento(OcorrenciaID,EventoID) VALUES (258, 1210);
INSERT INTO OcorrenciaEvento(OcorrenciaID,EventoID) VALUES (259, 2385);
INSERT INTO OcorrenciaEvento(OcorrenciaID,EventoID) VALUES (260, 825);
INSERT INTO OcorrenciaEvento(OcorrenciaID,EventoID) VALUES (261, 1987);
INSERT INTO OcorrenciaEvento(OcorrenciaID,EventoID) VALUES (262, 2282);
INSERT INTO OcorrenciaEvento(OcorrenciaID,EventoID) VALUES (263, 1138);
INSERT INTO OcorrenciaEvento(OcorrenciaID,EventoID) VALUES (265, 154);
INSERT INTO OcorrenciaEvento(OcorrenciaID,EventoID) VALUES (266, 2330);
INSERT INTO OcorrenciaEvento(OcorrenciaID,EventoID) VALUES (267, 2047);
INSERT INTO OcorrenciaEvento(OcorrenciaID,EventoID) VALUES (268, 166);
INSERT INTO OcorrenciaEvento(OcorrenciaID,EventoID) VALUES (269, 1453);
INSERT INTO OcorrenciaEvento(OcorrenciaID,EventoID) VALUES (270, 2006);
INSERT INTO OcorrenciaEvento(OcorrenciaID,EventoID) VALUES (271, 1664);
INSERT INTO OcorrenciaEvento(OcorrenciaID,EventoID) VALUES (272, 98);
INSERT INTO OcorrenciaEvento(OcorrenciaID,EventoID) VALUES (273, 566);
INSERT INTO OcorrenciaEvento(OcorrenciaID,EventoID) VALUES (274, 795);
INSERT INTO OcorrenciaEvento(OcorrenciaID,EventoID) VALUES (275, 508);
INSERT INTO OcorrenciaEvento(OcorrenciaID,EventoID) VALUES (276, 2253);
INSERT INTO OcorrenciaEvento(OcorrenciaID,EventoID) VALUES (277, 2191);
INSERT INTO OcorrenciaEvento(OcorrenciaID,EventoID) VALUES (279, 1034);
INSERT INTO OcorrenciaEvento(OcorrenciaID,EventoID) VALUES (280, 1341);
INSERT INTO OcorrenciaEvento(OcorrenciaID,EventoID) VALUES (281, 1092);
INSERT INTO OcorrenciaEvento(OcorrenciaID,EventoID) VALUES (282, 93);
INSERT INTO OcorrenciaEvento(OcorrenciaID,EventoID) VALUES (283, 1683);
INSERT INTO OcorrenciaEvento(OcorrenciaID,EventoID) VALUES (284, 2210);
INSERT INTO OcorrenciaEvento(OcorrenciaID,EventoID) VALUES (285, 1140);
INSERT INTO OcorrenciaEvento(OcorrenciaID,EventoID) VALUES (286, 2150);
INSERT INTO OcorrenciaEvento(OcorrenciaID,EventoID) VALUES (287, 1791);
INSERT INTO OcorrenciaEvento(OcorrenciaID,EventoID) VALUES (288, 773);
INSERT INTO OcorrenciaEvento(OcorrenciaID,EventoID) VALUES (289, 1477);
INSERT INTO OcorrenciaEvento(OcorrenciaID,EventoID) VALUES (290, 1789);
INSERT INTO OcorrenciaEvento(OcorrenciaID,EventoID) VALUES (291, 679);
INSERT INTO OcorrenciaEvento(OcorrenciaID,EventoID) VALUES (292, 561);
INSERT INTO OcorrenciaEvento(OcorrenciaID,EventoID) VALUES (293, 260);
INSERT INTO OcorrenciaEvento(OcorrenciaID,EventoID) VALUES (294, 171);
INSERT INTO OcorrenciaEvento(OcorrenciaID,EventoID) VALUES (295, 2042);
INSERT INTO OcorrenciaEvento(OcorrenciaID,EventoID) VALUES (296, 431);
INSERT INTO OcorrenciaEvento(OcorrenciaID,EventoID) VALUES (297, 1732);
INSERT INTO OcorrenciaEvento(OcorrenciaID,EventoID) VALUES (298, 1773);
INSERT INTO OcorrenciaEvento(OcorrenciaID,EventoID) VALUES (299, 1647);
INSERT INTO OcorrenciaEvento(OcorrenciaID,EventoID) VALUES (302, 362);
INSERT INTO OcorrenciaEvento(OcorrenciaID,EventoID) VALUES (304, 1478);
INSERT INTO OcorrenciaEvento(OcorrenciaID,EventoID) VALUES (305, 1057);
INSERT INTO OcorrenciaEvento(OcorrenciaID,EventoID) VALUES (306, 2045);
INSERT INTO OcorrenciaEvento(OcorrenciaID,EventoID) VALUES (308, 109);
INSERT INTO OcorrenciaEvento(OcorrenciaID,EventoID) VALUES (309, 2314);
INSERT INTO OcorrenciaEvento(OcorrenciaID,EventoID) VALUES (310, 1546);
INSERT INTO OcorrenciaEvento(OcorrenciaID,EventoID) VALUES (312, 1680);
INSERT INTO OcorrenciaEvento(OcorrenciaID,EventoID) VALUES (313, 385);
INSERT INTO OcorrenciaEvento(OcorrenciaID,EventoID) VALUES (314, 89);
INSERT INTO OcorrenciaEvento(OcorrenciaID,EventoID) VALUES (315, 1464);
INSERT INTO OcorrenciaEvento(OcorrenciaID,EventoID) VALUES (316, 97);
INSERT INTO OcorrenciaEvento(OcorrenciaID,EventoID) VALUES (317, 1897);
INSERT INTO OcorrenciaEvento(OcorrenciaID,EventoID) VALUES (318, 1019);
INSERT INTO OcorrenciaEvento(OcorrenciaID,EventoID) VALUES (319, 1380);
INSERT INTO OcorrenciaEvento(OcorrenciaID,EventoID) VALUES (320, 2227);
INSERT INTO OcorrenciaEvento(OcorrenciaID,EventoID) VALUES (321, 2132);
INSERT INTO OcorrenciaEvento(OcorrenciaID,EventoID) VALUES (322, 846);
INSERT INTO OcorrenciaEvento(OcorrenciaID,EventoID) VALUES (323, 531);
INSERT INTO OcorrenciaEvento(OcorrenciaID,EventoID) VALUES (324, 683);
INSERT INTO OcorrenciaEvento(OcorrenciaID,EventoID) VALUES (325, 318);
INSERT INTO OcorrenciaEvento(OcorrenciaID,EventoID) VALUES (326, 542);
INSERT INTO OcorrenciaEvento(OcorrenciaID,EventoID) VALUES (327, 295);
INSERT INTO OcorrenciaEvento(OcorrenciaID,EventoID) VALUES (328, 1804);
INSERT INTO OcorrenciaEvento(OcorrenciaID,EventoID) VALUES (329, 1518);
INSERT INTO OcorrenciaEvento(OcorrenciaID,EventoID) VALUES (330, 1455);
INSERT INTO OcorrenciaEvento(OcorrenciaID,EventoID) VALUES (332, 1010);
INSERT INTO OcorrenciaEvento(OcorrenciaID,EventoID) VALUES (333, 784);
INSERT INTO OcorrenciaEvento(OcorrenciaID,EventoID) VALUES (334, 2090);
INSERT INTO OcorrenciaEvento(OcorrenciaID,EventoID) VALUES (335, 263);
INSERT INTO OcorrenciaEvento(OcorrenciaID,EventoID) VALUES (336, 1011);
INSERT INTO OcorrenciaEvento(OcorrenciaID,EventoID) VALUES (337, 1984);
INSERT INTO OcorrenciaEvento(OcorrenciaID,EventoID) VALUES (338, 1052);
INSERT INTO OcorrenciaEvento(OcorrenciaID,EventoID) VALUES (339, 2245);
INSERT INTO OcorrenciaEvento(OcorrenciaID,EventoID) VALUES (340, 807);
INSERT INTO OcorrenciaEvento(OcorrenciaID,EventoID) VALUES (342, 950);
INSERT INTO OcorrenciaEvento(OcorrenciaID,EventoID) VALUES (343, 1099);
INSERT INTO OcorrenciaEvento(OcorrenciaID,EventoID) VALUES (344, 44);
INSERT INTO OcorrenciaEvento(OcorrenciaID,EventoID) VALUES (345, 1482);
INSERT INTO OcorrenciaEvento(OcorrenciaID,EventoID) VALUES (346, 735);
INSERT INTO OcorrenciaEvento(OcorrenciaID,EventoID) VALUES (347, 1117);
INSERT INTO OcorrenciaEvento(OcorrenciaID,EventoID) VALUES (348, 1607);
INSERT INTO OcorrenciaEvento(OcorrenciaID,EventoID) VALUES (350, 1682);
INSERT INTO OcorrenciaEvento(OcorrenciaID,EventoID) VALUES (351, 1182);
INSERT INTO OcorrenciaEvento(OcorrenciaID,EventoID) VALUES (352, 1861);
INSERT INTO OcorrenciaEvento(OcorrenciaID,EventoID) VALUES (353, 1468);
INSERT INTO OcorrenciaEvento(OcorrenciaID,EventoID) VALUES (355, 989);
INSERT INTO OcorrenciaEvento(OcorrenciaID,EventoID) VALUES (356, 2086);
INSERT INTO OcorrenciaEvento(OcorrenciaID,EventoID) VALUES (357, 865);
INSERT INTO OcorrenciaEvento(OcorrenciaID,EventoID) VALUES (358, 2224);
INSERT INTO OcorrenciaEvento(OcorrenciaID,EventoID) VALUES (359, 1314);
INSERT INTO OcorrenciaEvento(OcorrenciaID,EventoID) VALUES (360, 254);
INSERT INTO OcorrenciaEvento(OcorrenciaID,EventoID) VALUES (361, 731);
INSERT INTO OcorrenciaEvento(OcorrenciaID,EventoID) VALUES (362, 1299);
INSERT INTO OcorrenciaEvento(OcorrenciaID,EventoID) VALUES (363, 2206);
INSERT INTO OcorrenciaEvento(OcorrenciaID,EventoID) VALUES (364, 478);
INSERT INTO OcorrenciaEvento(OcorrenciaID,EventoID) VALUES (365, 321);
INSERT INTO OcorrenciaEvento(OcorrenciaID,EventoID) VALUES (367, 11);
INSERT INTO OcorrenciaEvento(OcorrenciaID,EventoID) VALUES (368, 1239);
INSERT INTO OcorrenciaEvento(OcorrenciaID,EventoID) VALUES (369, 655);
INSERT INTO OcorrenciaEvento(OcorrenciaID,EventoID) VALUES (370, 2333);
INSERT INTO OcorrenciaEvento(OcorrenciaID,EventoID) VALUES (372, 2218);
INSERT INTO OcorrenciaEvento(OcorrenciaID,EventoID) VALUES (373, 907);
INSERT INTO OcorrenciaEvento(OcorrenciaID,EventoID) VALUES (374, 1126);
INSERT INTO OcorrenciaEvento(OcorrenciaID,EventoID) VALUES (375, 120);
INSERT INTO OcorrenciaEvento(OcorrenciaID,EventoID) VALUES (376, 1279);
INSERT INTO OcorrenciaEvento(OcorrenciaID,EventoID) VALUES (377, 2068);
INSERT INTO OcorrenciaEvento(OcorrenciaID,EventoID) VALUES (378, 729);
INSERT INTO OcorrenciaEvento(OcorrenciaID,EventoID) VALUES (379, 1686);
INSERT INTO OcorrenciaEvento(OcorrenciaID,EventoID) VALUES (380, 1745);
INSERT INTO OcorrenciaEvento(OcorrenciaID,EventoID) VALUES (382, 820);
INSERT INTO OcorrenciaEvento(OcorrenciaID,EventoID) VALUES (383, 1605);
INSERT INTO OcorrenciaEvento(OcorrenciaID,EventoID) VALUES (385, 926);
INSERT INTO OcorrenciaEvento(OcorrenciaID,EventoID) VALUES (386, 1907);
INSERT INTO OcorrenciaEvento(OcorrenciaID,EventoID) VALUES (387, 627);
INSERT INTO OcorrenciaEvento(OcorrenciaID,EventoID) VALUES (388, 1261);
INSERT INTO OcorrenciaEvento(OcorrenciaID,EventoID) VALUES (389, 64);
INSERT INTO OcorrenciaEvento(OcorrenciaID,EventoID) VALUES (390, 726);
INSERT INTO OcorrenciaEvento(OcorrenciaID,EventoID) VALUES (391, 1549);
INSERT INTO OcorrenciaEvento(OcorrenciaID,EventoID) VALUES (392, 1850);
INSERT INTO OcorrenciaEvento(OcorrenciaID,EventoID) VALUES (393, 363);
INSERT INTO OcorrenciaEvento(OcorrenciaID,EventoID) VALUES (395, 2259);
INSERT INTO OcorrenciaEvento(OcorrenciaID,EventoID) VALUES (396, 54);
INSERT INTO OcorrenciaEvento(OcorrenciaID,EventoID) VALUES (397, 234);
INSERT INTO OcorrenciaEvento(OcorrenciaID,EventoID) VALUES (399, 167);
INSERT INTO OcorrenciaEvento(OcorrenciaID,EventoID) VALUES (400, 333);
INSERT INTO OcorrenciaEvento(OcorrenciaID,EventoID) VALUES (401, 1369);
INSERT INTO OcorrenciaEvento(OcorrenciaID,EventoID) VALUES (402, 1039);
INSERT INTO OcorrenciaEvento(OcorrenciaID,EventoID) VALUES (403, 743);
INSERT INTO OcorrenciaEvento(OcorrenciaID,EventoID) VALUES (404, 1026);
INSERT INTO OcorrenciaEvento(OcorrenciaID,EventoID) VALUES (405, 630);
INSERT INTO OcorrenciaEvento(OcorrenciaID,EventoID) VALUES (406, 1283);
INSERT INTO OcorrenciaEvento(OcorrenciaID,EventoID) VALUES (408, 952);
INSERT INTO OcorrenciaEvento(OcorrenciaID,EventoID) VALUES (409, 883);
INSERT INTO OcorrenciaEvento(OcorrenciaID,EventoID) VALUES (410, 1021);
INSERT INTO OcorrenciaEvento(OcorrenciaID,EventoID) VALUES (411, 246);
INSERT INTO OcorrenciaEvento(OcorrenciaID,EventoID) VALUES (412, 1150);
INSERT INTO OcorrenciaEvento(OcorrenciaID,EventoID) VALUES (413, 1561);
INSERT INTO OcorrenciaEvento(OcorrenciaID,EventoID) VALUES (414, 1707);
INSERT INTO OcorrenciaEvento(OcorrenciaID,EventoID) VALUES (415, 1046);
INSERT INTO OcorrenciaEvento(OcorrenciaID,EventoID) VALUES (416, 430);
INSERT INTO OcorrenciaEvento(OcorrenciaID,EventoID) VALUES (417, 1913);
INSERT INTO OcorrenciaEvento(OcorrenciaID,EventoID) VALUES (418, 339);
INSERT INTO OcorrenciaEvento(OcorrenciaID,EventoID) VALUES (420, 2317);
INSERT INTO OcorrenciaEvento(OcorrenciaID,EventoID) VALUES (421, 2089);
INSERT INTO OcorrenciaEvento(OcorrenciaID,EventoID) VALUES (422, 259);
INSERT INTO OcorrenciaEvento(OcorrenciaID,EventoID) VALUES (423, 2281);
INSERT INTO OcorrenciaEvento(OcorrenciaID,EventoID) VALUES (426, 307);
INSERT INTO OcorrenciaEvento(OcorrenciaID,EventoID) VALUES (428, 1588);
INSERT INTO OcorrenciaEvento(OcorrenciaID,EventoID) VALUES (429, 248);
INSERT INTO OcorrenciaEvento(OcorrenciaID,EventoID) VALUES (430, 1382);
INSERT INTO OcorrenciaEvento(OcorrenciaID,EventoID) VALUES (431, 28);
INSERT INTO OcorrenciaEvento(OcorrenciaID,EventoID) VALUES (434, 1486);
INSERT INTO OcorrenciaEvento(OcorrenciaID,EventoID) VALUES (435, 2254);
INSERT INTO OcorrenciaEvento(OcorrenciaID,EventoID) VALUES (436, 891);
INSERT INTO OcorrenciaEvento(OcorrenciaID,EventoID) VALUES (437, 129);
INSERT INTO OcorrenciaEvento(OcorrenciaID,EventoID) VALUES (438, 1435);
INSERT INTO OcorrenciaEvento(OcorrenciaID,EventoID) VALUES (439, 553);
INSERT INTO OcorrenciaEvento(OcorrenciaID,EventoID) VALUES (440, 1613);
INSERT INTO OcorrenciaEvento(OcorrenciaID,EventoID) VALUES (441, 2306);
INSERT INTO OcorrenciaEvento(OcorrenciaID,EventoID) VALUES (442, 1227);
INSERT INTO OcorrenciaEvento(OcorrenciaID,EventoID) VALUES (445, 1961);
INSERT INTO OcorrenciaEvento(OcorrenciaID,EventoID) VALUES (446, 1184);
INSERT INTO OcorrenciaEvento(OcorrenciaID,EventoID) VALUES (447, 1027);
INSERT INTO OcorrenciaEvento(OcorrenciaID,EventoID) VALUES (448, 1540);
INSERT INTO OcorrenciaEvento(OcorrenciaID,EventoID) VALUES (449, 81);
INSERT INTO OcorrenciaEvento(OcorrenciaID,EventoID) VALUES (450, 102);
INSERT INTO OcorrenciaEvento(OcorrenciaID,EventoID) VALUES (451, 436);
INSERT INTO OcorrenciaEvento(OcorrenciaID,EventoID) VALUES (452, 544);
INSERT INTO OcorrenciaEvento(OcorrenciaID,EventoID) VALUES (454, 512);
INSERT INTO OcorrenciaEvento(OcorrenciaID,EventoID) VALUES (456, 1419);
INSERT INTO OcorrenciaEvento(OcorrenciaID,EventoID) VALUES (457, 1460);
INSERT INTO OcorrenciaEvento(OcorrenciaID,EventoID) VALUES (458, 123);
INSERT INTO OcorrenciaEvento(OcorrenciaID,EventoID) VALUES (460, 1292);
INSERT INTO OcorrenciaEvento(OcorrenciaID,EventoID) VALUES (461, 1714);
INSERT INTO OcorrenciaEvento(OcorrenciaID,EventoID) VALUES (463, 427);
INSERT INTO OcorrenciaEvento(OcorrenciaID,EventoID) VALUES (464, 525);
INSERT INTO OcorrenciaEvento(OcorrenciaID,EventoID) VALUES (466, 1806);
INSERT INTO OcorrenciaEvento(OcorrenciaID,EventoID) VALUES (467, 1646);
INSERT INTO OcorrenciaEvento(OcorrenciaID,EventoID) VALUES (468, 1937);
INSERT INTO OcorrenciaEvento(OcorrenciaID,EventoID) VALUES (469, 1562);
INSERT INTO OcorrenciaEvento(OcorrenciaID,EventoID) VALUES (470, 342);
INSERT INTO OcorrenciaEvento(OcorrenciaID,EventoID) VALUES (471, 813);
INSERT INTO OcorrenciaEvento(OcorrenciaID,EventoID) VALUES (472, 2393);
INSERT INTO OcorrenciaEvento(OcorrenciaID,EventoID) VALUES (473, 623);
INSERT INTO OcorrenciaEvento(OcorrenciaID,EventoID) VALUES (474, 1560);
INSERT INTO OcorrenciaEvento(OcorrenciaID,EventoID) VALUES (475, 948);
INSERT INTO OcorrenciaEvento(OcorrenciaID,EventoID) VALUES (476, 808);
INSERT INTO OcorrenciaEvento(OcorrenciaID,EventoID) VALUES (477, 2051);
INSERT INTO OcorrenciaEvento(OcorrenciaID,EventoID) VALUES (478, 1511);
INSERT INTO OcorrenciaEvento(OcorrenciaID,EventoID) VALUES (479, 1284);
INSERT INTO OcorrenciaEvento(OcorrenciaID,EventoID) VALUES (480, 359);
INSERT INTO OcorrenciaEvento(OcorrenciaID,EventoID) VALUES (481, 1243);
INSERT INTO OcorrenciaEvento(OcorrenciaID,EventoID) VALUES (482, 1940);
INSERT INTO OcorrenciaEvento(OcorrenciaID,EventoID) VALUES (483, 349);
INSERT INTO OcorrenciaEvento(OcorrenciaID,EventoID) VALUES (486, 569);
INSERT INTO OcorrenciaEvento(OcorrenciaID,EventoID) VALUES (487, 405);
INSERT INTO OcorrenciaEvento(OcorrenciaID,EventoID) VALUES (488, 1471);
INSERT INTO OcorrenciaEvento(OcorrenciaID,EventoID) VALUES (490, 1474);
INSERT INTO OcorrenciaEvento(OcorrenciaID,EventoID) VALUES (491, 327);
INSERT INTO OcorrenciaEvento(OcorrenciaID,EventoID) VALUES (492, 1371);
INSERT INTO OcorrenciaEvento(OcorrenciaID,EventoID) VALUES (493, 1065);
INSERT INTO OcorrenciaEvento(OcorrenciaID,EventoID) VALUES (494, 1657);
INSERT INTO OcorrenciaEvento(OcorrenciaID,EventoID) VALUES (495, 1490);
INSERT INTO OcorrenciaEvento(OcorrenciaID,EventoID) VALUES (496, 929);
INSERT INTO OcorrenciaEvento(OcorrenciaID,EventoID) VALUES (497, 2128);
INSERT INTO OcorrenciaEvento(OcorrenciaID,EventoID) VALUES (498, 1625);
INSERT INTO OcorrenciaEvento(OcorrenciaID,EventoID) VALUES (500, 2378);
