PRAGMA foreign_keys=ON;


-- Diseases
INSERT INTO Doenca (DoencaID, Nome, Descricao, Sintomas) VALUES (1, "Abscess", "Collection of pus within the tissue of the body", "Redness, pain, warmth and swelling");
INSERT INTO Doenca (DoencaID, Nome, Descricao, Sintomas) VALUES (2, "Alzheimer's disease", "Chronic neurodegenerative illness", "Short-term memory loss, problem with language, disorientation, mood swings, loss of motivation, not managing self-care and behavioural issues");
INSERT INTO Doenca (DoencaID, Nome, Descricao, Sintomas) VALUES (3, "Anthrax", "Infection caused by bacterium Bacillus anthracis", "Blister, ulcer, fever, chest pain, dyspnea, diarrhea, abdominal pain, nausea, vomiting and abscess");
INSERT INTO Doenca (DoencaID, Nome, Descricao, Sintomas) VALUES (4, "Appendicitis", "Inflammation of the appendix", "Abdominal pain, nausea, vomiting and decreased appetite");
INSERT INTO Doenca (DoencaID, Nome, Descricao, Sintomas) VALUES (5, "Allergy", "Hypersensitivity of the immune system", "Red eyes, itchy rash, sneezing, runny nose, dyspnea and swelling");
INSERT INTO Doenca (DoencaID, Nome, Descricao, Sintomas) VALUES (6, "Arthritis", "Inflammation of the joints", "Joint pain and stiffness");
INSERT INTO Doenca (DoencaID, Nome, Descricao, Sintomas) VALUES (7, "Aseptic meningitis", "Inflammation of the meninges not caused by bacteria", "Fever, vomiting, headache, neck stiffness and lack of appetite");
INSERT INTO Doenca (DoencaID, Nome, Descricao, Sintomas) VALUES (8, "Asthma", "Long-term inflammatory disease of the airways of the lungs", "Wheezing, coughing, chest tightness and dyspnea");
INSERT INTO Doenca (DoencaID, Nome, Descricao, Sintomas) VALUES (9, "Astigmatism", "Refractive error in which the eyes does not focus light evenly on the retina", "Blurred or distorted vision, eyestrain and headache");
INSERT INTO Doenca (DoencaID, Nome, Descricao, Sintomas) VALUES (10, "Atherosclerosis", "Narrowing of the inside of an artery", "Coronary artery disease, stroke, peripheral artery disease and kidney problems");
INSERT INTO Doenca (DoencaID, Nome, Descricao, Sintomas) VALUES (11, "Bacterial meningitis", "Inflammation of the meninges caused by bacteria", "Fever, vomiting, headache, neck stiffness and lack of appetite");
INSERT INTO Doenca (DoencaID, Nome, Descricao, Sintomas) VALUES (12, "Beriberi", "Thiamine deficiency", "Fast heart rate, shortness of breath, numbness of the hands and feet, confusion, leg swelling and pain");
INSERT INTO Doenca (DoencaID, Nome, Descricao, Sintomas) VALUES (13, "Black Death", "Plague caused by bacterium Yersinia pestis", "Fever, headache, vomiting and swollen and painful lymph nodes");
INSERT INTO Doenca (DoencaID, Nome, Descricao, Sintomas) VALUES (14, "Botulism", "Illness caused by a toxin produced by the bacterium Clostridium botulinum", "Weakness, blurred vision, feeling tired and trouble speaking");
INSERT INTO Doenca (DoencaID, Nome, Descricao, Sintomas) VALUES (15, "Breast cancer", "Cancer that develops from breast tissue", "Lump in the breast, change in breast shape, dimpling of the skin, fluid coming from the nipple, inverted nipple and a red or scaly patch of skin");
INSERT INTO Doenca (DoencaID, Nome, Descricao, Sintomas) VALUES (16, "Bronchitis", "Inflammation of the bronchi", "Coughing, wheezing, dyspnea and chest pain");
INSERT INTO Doenca (DoencaID, Nome, Descricao, Sintomas) VALUES (17, "Brucellosis", "Zoonosis caused by ingestion of unpasteurized milk or undercooked meat", "Profuse sweating and joint and muscle pain");
INSERT INTO Doenca (DoencaID, Nome, Descricao, Sintomas) VALUES (18, "Bubonic plague", "Illness caused by bacterium Yersinia pestis", "Fever, headache, vomiting and swollen and painful lymph nodes");
INSERT INTO Doenca (DoencaID, Nome, Descricao, Sintomas) VALUES (19, "Bunion", "Deformity of the joint connecting the big toe to the foot", "Bending of big toe, redness and pain in the joint");
INSERT INTO Doenca (DoencaID, Nome, Descricao, Sintomas) VALUES (20, "Campylobacteriosis", "Infection by the Campylobacter bacterium", "Inflammatory, sometimes bloody, diarrhea or dysentery syndrome, cramps, fever and pain");
INSERT INTO Doenca (DoencaID, Nome, Descricao, Sintomas) VALUES (21, "Cancer", "Abnormal cell growth", "Lump, abnormal bleeding, prolonged cough, unexplained weight loss and a change in bowel movements");
INSERT INTO Doenca (DoencaID, Nome, Descricao, Sintomas) VALUES (22, "Candidiasis", "Fungal infection due to any type of Candida", "White patches on the tongue or other areas of the mouth and throat, genital itching and burning");
INSERT INTO Doenca (DoencaID, Nome, Descricao, Sintomas) VALUES (23, "Carbon monoxide poisoning", "Excessive inhaling of carbon monoxide", "Headache, dizziness, weakness, vomiting, chest pain and confusion");
INSERT INTO Doenca (DoencaID, Nome, Descricao, Sintomas) VALUES (24, "Coeliac disease", "Long-term immune disorder that primarily affects the small intestine", "Chronic diarrhoea, abdominal distention, malabsorption and loss of appetite");
INSERT INTO Doenca (DoencaID, Nome, Descricao, Sintomas) VALUES (25, "Cerebral palsy", "Group of permanent movement disorders", "Poor coordination, stiff muscles, weak muscles and tremors");
INSERT INTO Doenca (DoencaID, Nome, Descricao, Sintomas) VALUES (26, "Chagas disease", "Tropical parasitic disease caused by the protist Trypanosoma cruzi", "Fever, swollen lymph nodes, headache and local swelling");
INSERT INTO Doenca (DoencaID, Nome, Descricao, Sintomas) VALUES (27, "Chickenpox", "Disease caused by the initial infection with varicella zoster virus", "Skin rash that forms itchy blisters, fever, tiredness and headache");
INSERT INTO Doenca (DoencaID, Nome, Descricao, Sintomas) VALUES (28, "Chlamydia", "Sexually transmitted infection caused by Chlamydia", "Genital discharge, burning with urination and testicle pain and swelling");
INSERT INTO Doenca (DoencaID, Nome, Descricao, Sintomas) VALUES (29, "Chlamydia trachomatis", "Sexually transmitted infection caused by the bacterium Chlamydia trachomatis", "Genital discharge, burning with urination and testicle pain and swelling");
INSERT INTO Doenca (DoencaID, Nome, Descricao, Sintomas) VALUES (30, "Cholera", "Infection of the small intestine by some strains of the bacterium Vibrio cholerae", "Watery diarrhea, vomiting and muscle cramps");
INSERT INTO Doenca (DoencaID, Nome, Descricao, Sintomas) VALUES (31, "Chordoma", "Slow-growing neoplasm thought to arise from cellular remnants of the notochord", "Headache, neck pain, double vision, affected facial sensation, movement and speech");
INSERT INTO Doenca (DoencaID, Nome, Descricao, Sintomas) VALUES (32, "Chorea",  "Abnormal involuntary movement disorder", "Abnormal arm and leg movements, shoulder shrugs and pelvic thrusts");
INSERT INTO Doenca (DoencaID, Nome, Descricao, Sintomas) VALUES (33, "Chronic fatigue syndrome", "Extreme fatigue unexplainable by any underlying medical condition", "Fatigue, loss of memory or concentration, sore throat and headache");
INSERT INTO Doenca (DoencaID, Nome, Descricao, Sintomas) VALUES (34, "Circadian rhythm sleep disorder", "Persistent pattern of sleep disturbances", "Difficulty initiating or maintaining sleep, nonrestorative sleep, daytime sleepiness and poor concentration");
INSERT INTO Doenca (DoencaID, Nome, Descricao, Sintomas) VALUES (35, "Colitis", "Inflammatory bowel disease that causes long-lasting inflammation and ulcers in the digestive tract", "Diarrhea, abdominal pain and cramping, rectal pain and bleeding and fatigue");
INSERT INTO Doenca (DoencaID, Nome, Descricao, Sintomas) VALUES (36, "Common cold", "Viral infectious disease of the upper respiratory tract", "Runny nose, cough, sore throat and sneezing");
INSERT INTO Doenca (DoencaID, Nome, Descricao, Sintomas) VALUES (37, "Condyloma", "Anogenital warts caused by human papillomavirus", "Painless growths or lumps around vagina, penis or anus and itching or bleeding from genitals or anus");
INSERT INTO Doenca (DoencaID, Nome, Descricao, Sintomas) VALUES (38, "Congestive heart disease", "Chronic progressive condition that affects the pumping power of heart muscles", "Fatigue, swelling in ankles, feet and legs and weight gain");
INSERT INTO Doenca (DoencaID, Nome, Descricao, Sintomas) VALUES (39, "Coronary heart disease", "Eduction of blood flow to the heart muscle", "Chest pain that occurs regularly with activity or after eating");
INSERT INTO Doenca (DoencaID, Nome, Descricao, Sintomas) VALUES (40, "COVID-19", "Infectious respiratory disease caused by the SARS-CoV-2", "Fever, tiredness and dry cough");
INSERT INTO Doenca (DoencaID, Nome, Descricao, Sintomas) VALUES (41, "Cowpox", "Viral skin infection caused by the cowpox virus", "Inflamed macule, fever, tiredness, vomiting and sore throat");
INSERT INTO Doenca (DoencaID, Nome, Descricao, Sintomas) VALUES (42, "Crohn's Disease", "Inflammatory bowel disease", "Diarrhea, fever, fatigue, abdominal pain and cramping");
INSERT INTO Doenca (DoencaID, Nome, Descricao, Sintomas) VALUES (43, "Dengue Fever", "Mosquito-borne viral infection", "Sudden high fever, severe headaches, pain behind the eyes and fatigue");
INSERT INTO Doenca (DoencaID, Nome, Descricao, Sintomas) VALUES (44, "Diabetes mellitus", "High blood sugar level over a prolonged period of time", "Increased thirst, frequent urination, extreme hunger and unexplained weight loss");
INSERT INTO Doenca (DoencaID, Nome, Descricao, Sintomas) VALUES (45, "Diphtheria", "Bacterial infection that usually affects the mucous membranes of the nose and throat", "Thick, gray membrane covering the throat and tonsils, sore throat and difficulty breathing");
INSERT INTO Doenca (DoencaID, Nome, Descricao, Sintomas) VALUES (46, "Dehydration", "Deficit of total body water", "Thirst, headache, general discomfort, loss of appetite, decreased urine volume");
INSERT INTO Doenca (DoencaID, Nome, Descricao, Sintomas) VALUES (47, "Dysentery", "Type of gastroenteritis that results in diarrhea with blood", "Slight stomach-ache, cramping and diarrhea");
INSERT INTO Doenca (DoencaID, Nome, Descricao, Sintomas) VALUES (48, "Ear infection", "Infection of the ear", "Ear pain, swelling of the ear canal and decreased hearing");
INSERT INTO Doenca (DoencaID, Nome, Descricao, Sintomas) VALUES (49, "Ebola", "Viral haemorrhagic fever caused by ebolaviruses", "Fever, sore throat, muscular pain and headache");
INSERT INTO Doenca (DoencaID, Nome, Descricao, Sintomas) VALUES (50, "Encephalitis", "Inflammation of the brain", "Headache, fever, confusion, stiff neck and vomiting");
INSERT INTO Doenca (DoencaID, Nome, Descricao, Sintomas) VALUES (51, "Emphysema", "Chronic obstructive pulmonary disease", "Dyspnea, coughing, wheezing, chest tightness");
INSERT INTO Doenca (DoencaID, Nome, Descricao, Sintomas) VALUES (52, "Epilepsy", "Central nervous system disorder causing seizures or periods of unusual behavior", "Temporary confusion, staring spell, uncontrollable movements of arms and legs, loss of consciousness and anxiety"); 
INSERT INTO Doenca (DoencaID, Nome, Descricao, Sintomas) VALUES (53, "Erectile dysfunction", "Inability to achieve or sustain an erection", "Difficulty developing an erection, difficulty maintaining an erection and reduced rigidity of the erection");
INSERT INTO Doenca (DoencaID, Nome, Descricao, Sintomas) VALUES (54, "Fibromyalgia", "Neurosensory disorder characterized by chronic musculocutaneous pain", "Pain in tender points, headache, fatigue, morning stiffness, unrefreshing sleep, cognitive dysfunction, paresthesia");
INSERT INTO Doenca (DoencaID, Nome, Descricao, Sintomas) VALUES (55, "Foodborne illness", "Disease that occurs following the ingestion of contaminated food or water", "Diarrhea, paralysis, flushing, urticaria and jaundice");
INSERT INTO Doenca (DoencaID, Nome, Descricao, Sintomas) VALUES (56, "Gangrene", "Necrosis caused by tissue ischemia that occurs in most tissues except the brain", "Organ damage and infarction");
INSERT INTO Doenca (DoencaID, Nome, Descricao, Sintomas) VALUES (57, "Gastroenteritis", "Inflammation of the gastrointestinal tract", "Vomiting, dyspnea, diarrhea, abdominal pain and fever");
INSERT INTO Doenca (DoencaID, Nome, Descricao, Sintomas) VALUES (58, "Genital herpes", "Sexually transmitted disease usually caused by HSV2", "Genitals redness, swelling, tingling, pain and pruritus");
INSERT INTO Doenca (DoencaID, Nome, Descricao, Sintomas) VALUES (59, "GERD", "Condition in which retrograde flow of stomach contents into the esophagus causes irritation to the epithelial lining", "Pressure sensation in the chest, regurgitation, dysphagia, nausea and vomiting");
INSERT INTO Doenca (DoencaID, Nome, Descricao, Sintomas) VALUES (60, "Goiter", "Abnormal enlargement of the thyroid gland", "Weight loss, weight gain, heat intolerance, cold intolerance, dysphagia");
INSERT INTO Doenca (DoencaID, Nome, Descricao, Sintomas) VALUES (61, "Gonorrhea", "Sexually transmitted disease caused by the bacterium Neisseria gonorrhoeae", "Urethritis, dysuria and urinary frequency");
INSERT INTO Doenca (DoencaID, Nome, Descricao, Sintomas) VALUES (62, "Heart failure", "Condition in which the heart is unable to pump enough blood to meet the metabolic needs of the body", "Nocturia, fatigue, tachycardia and dyspnea");
INSERT INTO Doenca (DoencaID, Nome, Descricao, Sintomas) VALUES (63, "Hepatitis A", "Disease of the liver caused by Hepatovirus A", "Nausea, vomiting, diarrhea, jaundice, fever and abdominal pain");
INSERT INTO Doenca (DoencaID, Nome, Descricao, Sintomas) VALUES (64, "Hepatitis B", "Disease of the liver caused by Hepatovirus B", "Vomiting, yellowish skin, tiredness, dark urine and abdominal pain");
INSERT INTO Doenca (DoencaID, Nome, Descricao, Sintomas) VALUES (65, "Hepatitis C", "Disease of the liver caused by Hepatovirus C", "Fever, dark urine, abdominal pain and yellow tinged skin");
INSERT INTO Doenca (DoencaID, Nome, Descricao, Sintomas) VALUES (66, "Hepatitis D", "Disease of the liver caused by Hepatitis delta virus", "Feeling tired, nausea and vomiting");
INSERT INTO Doenca (DoencaID, Nome, Descricao, Sintomas) VALUES (67, "Hepatitis E", "Disease of the liver caused by Hepatovirus E", "Nausea and jaundice");
INSERT INTO Doenca (DoencaID, Nome, Descricao, Sintomas) VALUES (68, "Histiocytosis (childhood cancer)", "Excessive number of histiocytes", "Bone pain, chest pain, cough, fever and general discomfort");
INSERT INTO Doenca (DoencaID, Nome, Descricao, Sintomas) VALUES (69, "HIV", "Infection with Lentivirus", "Weakness and immunitary deficiency");
INSERT INTO Doenca (DoencaID, Nome, Descricao, Sintomas) VALUES (70, "HPV", "Infection caused by the human papillomavirus", "Warts and precancerous lesions");
INSERT INTO Doenca (DoencaID, Nome, Descricao, Sintomas) VALUES (71, "Huntington's disease", "Inherited disorder that results in the death of brain cells", "Problems with mood or mental abilities, lack of coordination and an unsteady gait");
INSERT INTO Doenca (DoencaID, Nome, Descricao, Sintomas) VALUES (72, "Hypermetropia", "Condition in which light is focused behind, instead of on, the retina", "Near-sight blurriness, headache and eyestrain");
INSERT INTO Doenca (DoencaID, Nome, Descricao, Sintomas) VALUES (73, "Hyperopia", "description", "symptoms");
INSERT INTO Doenca (DoencaID, Nome, Descricao, Sintomas) VALUES (74, "Hyperthyroidism", "description", "symptoms");
INSERT INTO Doenca (DoencaID, Nome, Descricao, Sintomas) VALUES (75, "Hypothyroid", "description", "symptoms");
INSERT INTO Doenca (DoencaID, Nome, Descricao, Sintomas) VALUES (76, "Hypotonia", "description", "symptoms");
INSERT INTO Doenca (DoencaID, Nome, Descricao, Sintomas) VALUES (77, "Impetigo", "description", "symptoms");
INSERT INTO Doenca (DoencaID, Nome, Descricao, Sintomas) VALUES (78, "Infertility", "description", "symptoms");
INSERT INTO Doenca (DoencaID, Nome, Descricao, Sintomas) VALUES (79, "Influenza", "description", "symptoms");
INSERT INTO Doenca (DoencaID, Nome, Descricao, Sintomas) VALUES (80, "Interstitial cystitis", "description", "symptoms");
INSERT INTO Doenca (DoencaID, Nome, Descricao, Sintomas) VALUES (81, "Iritis", "description", "symptoms");
INSERT INTO Doenca (DoencaID, Nome, Descricao, Sintomas) VALUES (82, "Iron-deficiency anemia", "description", "symptoms");
INSERT INTO Doenca (DoencaID, Nome, Descricao, Sintomas) VALUES (83, "Irritable bowel syndrome", "description", "symptoms");
INSERT INTO Doenca (DoencaID, Nome, Descricao, Sintomas) VALUES (84, "Ignious Syndrome", "description", "symptoms");
INSERT INTO Doenca (DoencaID, Nome, Descricao, Sintomas) VALUES (85, "Jaundice", "description", "symptoms");
INSERT INTO Doenca (DoencaID, Nome, Descricao, Sintomas) VALUES (86, "Keloids", "description", "symptoms");
INSERT INTO Doenca (DoencaID, Nome, Descricao, Sintomas) VALUES (87, "Kuru", "description", "symptoms");
INSERT INTO Doenca (DoencaID, Nome, Descricao, Sintomas) VALUES (88, "Kwashiorkor", "description", "symptoms");
INSERT INTO Doenca (DoencaID, Nome, Descricao, Sintomas) VALUES (89, "Kidney stone disease", "description", "symptoms");
INSERT INTO Doenca (DoencaID, Nome, Descricao, Sintomas) VALUES (90, "Laryngitis", "description", "symptoms");
INSERT INTO Doenca (DoencaID, Nome, Descricao, Sintomas) VALUES (91, "Lead poisoning", "description", "symptoms");
INSERT INTO Doenca (DoencaID, Nome, Descricao, Sintomas) VALUES (92, "Legionellosis", "description", "symptoms");
INSERT INTO Doenca (DoencaID, Nome, Descricao, Sintomas) VALUES (93, "Leishmaniasis", "description", "symptoms");
INSERT INTO Doenca (DoencaID, Nome, Descricao, Sintomas) VALUES (94, "Leprosy", "description", "symptoms");
INSERT INTO Doenca (DoencaID, Nome, Descricao, Sintomas) VALUES (95, "Leptospirosis", "description", "symptoms");
INSERT INTO Doenca (DoencaID, Nome, Descricao, Sintomas) VALUES (96, "Listeriosis", "description", "symptoms");
INSERT INTO Doenca (DoencaID, Nome, Descricao, Sintomas) VALUES (97, "Leukemia", "description", "symptoms");
INSERT INTO Doenca (DoencaID, Nome, Descricao, Sintomas) VALUES (98, "Lice", "description", "symptoms");
INSERT INTO Doenca (DoencaID, Nome, Descricao, Sintomas) VALUES (99, "Loiasis", "description", "symptoms");
INSERT INTO Doenca (DoencaID, Nome, Descricao, Sintomas) VALUES (100, "Lung cancer", "description", "symptoms");
INSERT INTO Doenca (DoencaID, Nome, Descricao, Sintomas) VALUES (101, "Lupus erythematosus", "description", "symptoms");
INSERT INTO Doenca (DoencaID, Nome, Descricao, Sintomas) VALUES (102, "Lyme disease", "description", "symptoms");
INSERT INTO Doenca (DoencaID, Nome, Descricao, Sintomas) VALUES (103, "Lymphogranuloma venereum", "description", "symptoms");
INSERT INTO Doenca (DoencaID, Nome, Descricao, Sintomas) VALUES (104, "Lymphoma", "description", "symptoms");
INSERT INTO Doenca (DoencaID, Nome, Descricao, Sintomas) VALUES (105, "Limbtoosa", "description", "symptoms");
INSERT INTO Doenca (DoencaID, Nome, Descricao, Sintomas) VALUES (106, "Mad cow disease", "description", "symptoms");
INSERT INTO Doenca (DoencaID, Nome, Descricao, Sintomas) VALUES (107, "Malaria", "description", "symptoms");
INSERT INTO Doenca (DoencaID, Nome, Descricao, Sintomas) VALUES (108, "Marburg fever", "description", "symptoms");
INSERT INTO Doenca (DoencaID, Nome, Descricao, Sintomas) VALUES (109, "Measles", "description", "symptoms");
INSERT INTO Doenca (DoencaID, Nome, Descricao, Sintomas) VALUES (110, "Melanoma", "description", "symptoms");
INSERT INTO Doenca (DoencaID, Nome, Descricao, Sintomas) VALUES (111, "Metastatic cancer", "description", "symptoms");
INSERT INTO Doenca (DoencaID, Nome, Descricao, Sintomas) VALUES (112, "Meniere's disease", "description", "symptoms");
INSERT INTO Doenca (DoencaID, Nome, Descricao, Sintomas) VALUES (113, "Meningitis", "description", "symptoms");
INSERT INTO Doenca (DoencaID, Nome, Descricao, Sintomas) VALUES (114, "Migraine", "description", "symptoms");
INSERT INTO Doenca (DoencaID, Nome, Descricao, Sintomas) VALUES (115, "Multiple myeloma", "description", "symptoms");
INSERT INTO Doenca (DoencaID, Nome, Descricao, Sintomas) VALUES (116, "Multiple sclerosis", "description", "symptoms");
INSERT INTO Doenca (DoencaID, Nome, Descricao, Sintomas) VALUES (117, "Mumps", "description", "symptoms");
INSERT INTO Doenca (DoencaID, Nome, Descricao, Sintomas) VALUES (118, "Muscular dystrophy", "description", "symptoms");
INSERT INTO Doenca (DoencaID, Nome, Descricao, Sintomas) VALUES (119, "Myasthenia gravis", "description", "symptoms");
INSERT INTO Doenca (DoencaID, Nome, Descricao, Sintomas) VALUES (120, "Myelitis", "description", "symptoms");
INSERT INTO Doenca (DoencaID, Nome, Descricao, Sintomas) VALUES (121, "Myoclonus", "description", "symptoms");
INSERT INTO Doenca (DoencaID, Nome, Descricao, Sintomas) VALUES (122, "Myopia", "description", "symptoms");
INSERT INTO Doenca (DoencaID, Nome, Descricao, Sintomas) VALUES (123, "Myxedema", "description", "symptoms");
INSERT INTO Doenca (DoencaID, Nome, Descricao, Sintomas) VALUES (124, "Morquio Syndrome", "description", "symptoms");
INSERT INTO Doenca (DoencaID, Nome, Descricao, Sintomas) VALUES (125, "Mattticular syndrome", "description", "symptoms");
INSERT INTO Doenca (DoencaID, Nome, Descricao, Sintomas) VALUES (126, "Mononucleosis", "description", "symptoms");
INSERT INTO Doenca (DoencaID, Nome, Descricao, Sintomas) VALUES (127, "Neoplasm", "description", "symptoms");
INSERT INTO Doenca (DoencaID, Nome, Descricao, Sintomas) VALUES (128, "Non-gonococcal urethritis", "description", "symptoms");
INSERT INTO Doenca (DoencaID, Nome, Descricao, Sintomas) VALUES (129, "Necrotizing Fasciitis", "description", "symptoms");
INSERT INTO Doenca (DoencaID, Nome, Descricao, Sintomas) VALUES (130, "Night blindness", "description", "symptoms");
INSERT INTO Doenca (DoencaID, Nome, Descricao, Sintomas) VALUES (131, "Obesity", "description", "symptoms");
INSERT INTO Doenca (DoencaID, Nome, Descricao, Sintomas) VALUES (132, "Osteoarthritis", "description", "symptoms");
INSERT INTO Doenca (DoencaID, Nome, Descricao, Sintomas) VALUES (133, "Osteoporosis", "description", "symptoms");
INSERT INTO Doenca (DoencaID, Nome, Descricao, Sintomas) VALUES (134, "Otitis", "description", "symptoms");
INSERT INTO Doenca (DoencaID, Nome, Descricao, Sintomas) VALUES (135, "Palindromic rheumatism", "description", "symptoms");
INSERT INTO Doenca (DoencaID, Nome, Descricao, Sintomas) VALUES (136, "Paratyphoid fever", "description", "symptoms");
INSERT INTO Doenca (DoencaID, Nome, Descricao, Sintomas) VALUES (137, "Parkinson's disease", "description", "symptoms");
INSERT INTO Doenca (DoencaID, Nome, Descricao, Sintomas) VALUES (138, "Pelvic inflammatory disease", "description", "symptoms");
INSERT INTO Doenca (DoencaID, Nome, Descricao, Sintomas) VALUES (139, "Peritonitis", "description", "symptoms");
INSERT INTO Doenca (DoencaID, Nome, Descricao, Sintomas) VALUES (140, "Periodontal disease", "description", "symptoms");
INSERT INTO Doenca (DoencaID, Nome, Descricao, Sintomas) VALUES (141, "Pertussis", "description", "symptoms");
INSERT INTO Doenca (DoencaID, Nome, Descricao, Sintomas) VALUES (142, "Phenylketonuria", "description", "symptoms");
INSERT INTO Doenca (DoencaID, Nome, Descricao, Sintomas) VALUES (143, "Plague", "description", "symptoms");
INSERT INTO Doenca (DoencaID, Nome, Descricao, Sintomas) VALUES (144, "Poliomyelitis", "description", "symptoms");
INSERT INTO Doenca (DoencaID, Nome, Descricao, Sintomas) VALUES (145, "Porphyria", "description", "symptoms");
INSERT INTO Doenca (DoencaID, Nome, Descricao, Sintomas) VALUES (146, "Progeria", "description", "symptoms");
INSERT INTO Doenca (DoencaID, Nome, Descricao, Sintomas) VALUES (147, "Prostatitis", "description", "symptoms");
INSERT INTO Doenca (DoencaID, Nome, Descricao, Sintomas) VALUES (148, "Psittacosis", "description", "symptoms");
INSERT INTO Doenca (DoencaID, Nome, Descricao, Sintomas) VALUES (149, "Psoriasis", "description", "symptoms");
INSERT INTO Doenca (DoencaID, Nome, Descricao, Sintomas) VALUES (150, "Pubic lice", "description", "symptoms");
INSERT INTO Doenca (DoencaID, Nome, Descricao, Sintomas) VALUES (151, "Pulmonary embolism", "description", "symptoms");
INSERT INTO Doenca (DoencaID, Nome, Descricao, Sintomas) VALUES (152, "Pilia", "description", "symptoms");
INSERT INTO Doenca (DoencaID, Nome, Descricao, Sintomas) VALUES (153, "pneumonia", "description", "symptoms");
INSERT INTO Doenca (DoencaID, Nome, Descricao, Sintomas) VALUES (154, "Q fever", "description", "symptoms");
INSERT INTO Doenca (DoencaID, Nome, Descricao, Sintomas) VALUES (155, "Ques fever", "description", "symptoms");
INSERT INTO Doenca (DoencaID, Nome, Descricao, Sintomas) VALUES (156, "Rabies", "description", "symptoms");
INSERT INTO Doenca (DoencaID, Nome, Descricao, Sintomas) VALUES (157, "Repetitive strain injury", "description", "symptoms");
INSERT INTO Doenca (DoencaID, Nome, Descricao, Sintomas) VALUES (158, "Rheumatic fever", "description", "symptoms");
INSERT INTO Doenca (DoencaID, Nome, Descricao, Sintomas) VALUES (159, "Rheumatic heart", "description", "symptoms");
INSERT INTO Doenca (DoencaID, Nome, Descricao, Sintomas) VALUES (160, "Rheumatism", "description", "symptoms");
INSERT INTO Doenca (DoencaID, Nome, Descricao, Sintomas) VALUES (161, "Rheumatoid arthritis", "description", "symptoms");
INSERT INTO Doenca (DoencaID, Nome, Descricao, Sintomas) VALUES (162, "Rickets", "description", "symptoms");
INSERT INTO Doenca (DoencaID, Nome, Descricao, Sintomas) VALUES (163, "Rift Valley fever", "description", "symptoms");
INSERT INTO Doenca (DoencaID, Nome, Descricao, Sintomas) VALUES (164, "Rocky Mountain spotted fever", "description", "symptoms");
INSERT INTO Doenca (DoencaID, Nome, Descricao, Sintomas) VALUES (165, "Rubella", "description", "symptoms");
INSERT INTO Doenca (DoencaID, Nome, Descricao, Sintomas) VALUES (166, "Salmonellosis", "description", "symptoms");
INSERT INTO Doenca (DoencaID, Nome, Descricao, Sintomas) VALUES (167, "Scabies", "description", "symptoms");
INSERT INTO Doenca (DoencaID, Nome, Descricao, Sintomas) VALUES (168, "Scarlet fever", "description", "symptoms");
INSERT INTO Doenca (DoencaID, Nome, Descricao, Sintomas) VALUES (169, "Sciatica", "description", "symptoms");
INSERT INTO Doenca (DoencaID, Nome, Descricao, Sintomas) VALUES (170, "Scleroderma", "description", "symptoms");
INSERT INTO Doenca (DoencaID, Nome, Descricao, Sintomas) VALUES (171, "Scrapie", "description", "symptoms");
INSERT INTO Doenca (DoencaID, Nome, Descricao, Sintomas) VALUES (172, "Scurvy", "description", "symptoms");
INSERT INTO Doenca (DoencaID, Nome, Descricao, Sintomas) VALUES (173, "Sepsis", "description", "symptoms");
INSERT INTO Doenca (DoencaID, Nome, Descricao, Sintomas) VALUES (174, "Septicemia", "description", "symptoms");
INSERT INTO Doenca (DoencaID, Nome, Descricao, Sintomas) VALUES (175, "SARS", "description", "symptoms");
INSERT INTO Doenca (DoencaID, Nome, Descricao, Sintomas) VALUES (176, "Shigellosis", "description", "symptoms");
INSERT INTO Doenca (DoencaID, Nome, Descricao, Sintomas) VALUES (177, "Shin splints", "description", "symptoms");
INSERT INTO Doenca (DoencaID, Nome, Descricao, Sintomas) VALUES (178, "Shingles", "description", "symptoms");
INSERT INTO Doenca (DoencaID, Nome, Descricao, Sintomas) VALUES (179, "Sickle-cell anemia", "description", "symptoms");
INSERT INTO Doenca (DoencaID, Nome, Descricao, Sintomas) VALUES (180, "Siderosis", "description", "symptoms");
INSERT INTO Doenca (DoencaID, Nome, Descricao, Sintomas) VALUES (181, "SIDS", "description", "symptoms");
INSERT INTO Doenca (DoencaID, Nome, Descricao, Sintomas) VALUES (182, "Silicosis", "description", "symptoms");
INSERT INTO Doenca (DoencaID, Nome, Descricao, Sintomas) VALUES (183, "Smallpox", "description", "symptoms");
INSERT INTO Doenca (DoencaID, Nome, Descricao, Sintomas) VALUES (184, "Stevens–Johnson syndrome", "description", "symptoms");
INSERT INTO Doenca (DoencaID, Nome, Descricao, Sintomas) VALUES (185, "Stomach flu", "description", "symptoms");
INSERT INTO Doenca (DoencaID, Nome, Descricao, Sintomas) VALUES (186, "Stomach ulcers", "description", "symptoms");
INSERT INTO Doenca (DoencaID, Nome, Descricao, Sintomas) VALUES (187, "Strabismus", "description", "symptoms");
INSERT INTO Doenca (DoencaID, Nome, Descricao, Sintomas) VALUES (188, "Strep throat", "description", "symptoms");
INSERT INTO Doenca (DoencaID, Nome, Descricao, Sintomas) VALUES (189, "Streptococcal infection", "description", "symptoms");
INSERT INTO Doenca (DoencaID, Nome, Descricao, Sintomas) VALUES (190, "Synovitis", "description", "symptoms");
INSERT INTO Doenca (DoencaID, Nome, Descricao, Sintomas) VALUES (191, "Syphilis", "description", "symptoms");
INSERT INTO Doenca (DoencaID, Nome, Descricao, Sintomas) VALUES (192, "Swine influenza", "description", "symptoms");
INSERT INTO Doenca (DoencaID, Nome, Descricao, Sintomas) VALUES (193, "Schizophrenia", "description", "symptoms");
INSERT INTO Doenca (DoencaID, Nome, Descricao, Sintomas) VALUES (194, "Taeniasis", "description", "symptoms");
INSERT INTO Doenca (DoencaID, Nome, Descricao, Sintomas) VALUES (195, "Tay-Sachs disease", "description", "symptoms");
INSERT INTO Doenca (DoencaID, Nome, Descricao, Sintomas) VALUES (196, "Tennis elbow", "description", "symptoms");
INSERT INTO Doenca (DoencaID, Nome, Descricao, Sintomas) VALUES (197, "Teratoma", "description", "symptoms");
INSERT INTO Doenca (DoencaID, Nome, Descricao, Sintomas) VALUES (198, "Tetanus", "description", "symptoms");
INSERT INTO Doenca (DoencaID, Nome, Descricao, Sintomas) VALUES (199, "Thalassaemia", "description", "symptoms");
INSERT INTO Doenca (DoencaID, Nome, Descricao, Sintomas) VALUES (200, "Thrush", "description", "symptoms");
INSERT INTO Doenca (DoencaID, Nome, Descricao, Sintomas) VALUES (201, "Thymoma", "description", "symptoms");
INSERT INTO Doenca (DoencaID, Nome, Descricao, Sintomas) VALUES (202, "Tinnitus", "description", "symptoms");
INSERT INTO Doenca (DoencaID, Nome, Descricao, Sintomas) VALUES (203, "Tonsillitis", "description", "symptoms");
INSERT INTO Doenca (DoencaID, Nome, Descricao, Sintomas) VALUES (204, "Tooth decay", "description", "symptoms");
INSERT INTO Doenca (DoencaID, Nome, Descricao, Sintomas) VALUES (205, "Toxic shock syndrome", "description", "symptoms");
INSERT INTO Doenca (DoencaID, Nome, Descricao, Sintomas) VALUES (206, "Trichinosis", "description", "symptoms");
INSERT INTO Doenca (DoencaID, Nome, Descricao, Sintomas) VALUES (207, "Trichomoniasis", "description", "symptoms");
INSERT INTO Doenca (DoencaID, Nome, Descricao, Sintomas) VALUES (208, "Trisomy", "description", "symptoms");
INSERT INTO Doenca (DoencaID, Nome, Descricao, Sintomas) VALUES (209, "Tuberculosis", "description", "symptoms");
INSERT INTO Doenca (DoencaID, Nome, Descricao, Sintomas) VALUES (210, "Tularemia", "description", "symptoms");
INSERT INTO Doenca (DoencaID, Nome, Descricao, Sintomas) VALUES (211, "Tungiasis", "description", "symptoms");
INSERT INTO Doenca (DoencaID, Nome, Descricao, Sintomas) VALUES (212, "Typhoid fever", "description", "symptoms");
INSERT INTO Doenca (DoencaID, Nome, Descricao, Sintomas) VALUES (213, "Typhus", "description", "symptoms");
INSERT INTO Doenca (DoencaID, Nome, Descricao, Sintomas) VALUES (214, "Tumor", "description", "symptoms");
INSERT INTO Doenca (DoencaID, Nome, Descricao, Sintomas) VALUES (215, "Ulcerative colitis", "description", "symptoms");
INSERT INTO Doenca (DoencaID, Nome, Descricao, Sintomas) VALUES (216, "Ulcers", "description", "symptoms");
INSERT INTO Doenca (DoencaID, Nome, Descricao, Sintomas) VALUES (217, "Uremia", "description", "symptoms");
INSERT INTO Doenca (DoencaID, Nome, Descricao, Sintomas) VALUES (218, "Urticaria", "description", "symptoms");
INSERT INTO Doenca (DoencaID, Nome, Descricao, Sintomas) VALUES (219, "Uveitis", "description", "symptoms");
INSERT INTO Doenca (DoencaID, Nome, Descricao, Sintomas) VALUES (220, "UTI'S", "description", "symptoms");
INSERT INTO Doenca (DoencaID, Nome, Descricao, Sintomas) VALUES (221, "Varicella", "description", "symptoms");
INSERT INTO Doenca (DoencaID, Nome, Descricao, Sintomas) VALUES (222, "Varicose veins", "description", "symptoms");
INSERT INTO Doenca (DoencaID, Nome, Descricao, Sintomas) VALUES (223, "Vasovagal syncope", "description", "symptoms");
INSERT INTO Doenca (DoencaID, Nome, Descricao, Sintomas) VALUES (224, "Vitiligo", "description", "symptoms");
INSERT INTO Doenca (DoencaID, Nome, Descricao, Sintomas) VALUES (225, "Von Hippel-Lindau disease", "description", "symptoms");
INSERT INTO Doenca (DoencaID, Nome, Descricao, Sintomas) VALUES (226, "Viral fever", "description", "symptoms");
INSERT INTO Doenca (DoencaID, Nome, Descricao, Sintomas) VALUES (227, "Viral meningitis", "description", "symptoms");
INSERT INTO Doenca (DoencaID, Nome, Descricao, Sintomas) VALUES (228, "Warkany syndrome", "description", "symptoms");
INSERT INTO Doenca (DoencaID, Nome, Descricao, Sintomas) VALUES (229, "Warts", "description", "symptoms");
INSERT INTO Doenca (DoencaID, Nome, Descricao, Sintomas) VALUES (230, "Watkins", "description", "symptoms");
INSERT INTO Doenca (DoencaID, Nome, Descricao, Sintomas) VALUES (231, "Yellow fever", "description", "symptoms");
INSERT INTO Doenca (DoencaID, Nome, Descricao, Sintomas) VALUES (232, "Yersiniosis", "description", "symptoms");


-- Specialities
INSERT INTO Especializacao (EspecializacaoID, Nome) VALUES (1, "Anatomia Patológica");
INSERT INTO Especializacao (EspecializacaoID, Nome) VALUES (2, "Anestesiologia");
INSERT INTO Especializacao (EspecializacaoID, Nome) VALUES (3, "Angiologia e Cirurgia Vascular");
INSERT INTO Especializacao (EspecializacaoID, Nome) VALUES (4, "Cardiologia");
INSERT INTO Especializacao (EspecializacaoID, Nome) VALUES (5, "Cardiologia Pediátrica");
INSERT INTO Especializacao (EspecializacaoID, Nome) VALUES (6, "Cirurgia Cardíaca");
INSERT INTO Especializacao (EspecializacaoID, Nome) VALUES (7, "Cirurgia Cardiotorácica");
INSERT INTO Especializacao (EspecializacaoID, Nome) VALUES (8, "Cirurgia Geral");
INSERT INTO Especializacao (EspecializacaoID, Nome) VALUES (9, "Cirurgia Maxilofacial");
INSERT INTO Especializacao (EspecializacaoID, Nome) VALUES (10, "Cirurgia Pediátrica");
INSERT INTO Especializacao (EspecializacaoID, Nome) VALUES (11, "Cirurgia Plástica Reconstrutiva e Estética");
INSERT INTO Especializacao (EspecializacaoID, Nome) VALUES (12, "Cirurgia Torácica");
INSERT INTO Especializacao (EspecializacaoID, Nome) VALUES (13, "Dermatovenereologia");
INSERT INTO Especializacao (EspecializacaoID, Nome) VALUES (14, "Doenças Infecciosas");
INSERT INTO Especializacao (EspecializacaoID, Nome) VALUES (15, "Endocrinologia e Nutrição");
INSERT INTO Especializacao (EspecializacaoID, Nome) VALUES (16, "Estomatologia");
INSERT INTO Especializacao (EspecializacaoID, Nome) VALUES (17, "Gastrenterologia");
INSERT INTO Especializacao (EspecializacaoID, Nome) VALUES (18, "Genética Médica");
INSERT INTO Especializacao (EspecializacaoID, Nome) VALUES (19, "Ginecologia/Obstetrícia");
INSERT INTO Especializacao (EspecializacaoID, Nome) VALUES (20, "Imunoalergologia");
INSERT INTO Especializacao (EspecializacaoID, Nome) VALUES (21, "Imuno-hemoterapia");
INSERT INTO Especializacao (EspecializacaoID, Nome) VALUES (22, "Farmacologia Clínica");
INSERT INTO Especializacao (EspecializacaoID, Nome) VALUES (23, "Hematologia Clínica");
INSERT INTO Especializacao (EspecializacaoID, Nome) VALUES (24, "Medicina Desportiva");
INSERT INTO Especializacao (EspecializacaoID, Nome) VALUES (25, "Medicina do Trabalho");
INSERT INTO Especializacao (EspecializacaoID, Nome) VALUES (26, "Medicina Física e Reabilitação");
INSERT INTO Especializacao (EspecializacaoID, Nome) VALUES (27, "Medicina Geral e Familiar");
INSERT INTO Especializacao (EspecializacaoID, Nome) VALUES (28, "Medicina Intensiva");
INSERT INTO Especializacao (EspecializacaoID, Nome) VALUES (29, "Medicina Interna");
INSERT INTO Especializacao (EspecializacaoID, Nome) VALUES (30, "Medicina Legal");
INSERT INTO Especializacao (EspecializacaoID, Nome) VALUES (31, "Medicina Nuclear");
INSERT INTO Especializacao (EspecializacaoID, Nome) VALUES (32, "Medicina Tropical");
INSERT INTO Especializacao (EspecializacaoID, Nome) VALUES (33, "Nefrologia");
INSERT INTO Especializacao (EspecializacaoID, Nome) VALUES (34, "Neurocirurgia");
INSERT INTO Especializacao (EspecializacaoID, Nome) VALUES (35, "Neurologia");
INSERT INTO Especializacao (EspecializacaoID, Nome) VALUES (36, "Neurorradiologia");
INSERT INTO Especializacao (EspecializacaoID, Nome) VALUES (37, "Oftalmologia");
INSERT INTO Especializacao (EspecializacaoID, Nome) VALUES (38, "Oncologia Médica");
INSERT INTO Especializacao (EspecializacaoID, Nome) VALUES (39, "Ortopedia");
INSERT INTO Especializacao (EspecializacaoID, Nome) VALUES (40, "Otorrinolaringologia");
INSERT INTO Especializacao (EspecializacaoID, Nome) VALUES (41, "Patologia Clínica");
INSERT INTO Especializacao (EspecializacaoID, Nome) VALUES (42, "Pediatria");
INSERT INTO Especializacao (EspecializacaoID, Nome) VALUES (43, "Pneumologia");
INSERT INTO Especializacao (EspecializacaoID, Nome) VALUES (44, "Psiquiatria");
INSERT INTO Especializacao (EspecializacaoID, Nome) VALUES (45, "Psiquiatria da Infância e da Adolescência");
INSERT INTO Especializacao (EspecializacaoID, Nome) VALUES (46, "Radiologia");
INSERT INTO Especializacao (EspecializacaoID, Nome) VALUES (47, "Radioncologia");
INSERT INTO Especializacao (EspecializacaoID, Nome) VALUES (48, "Reumatologia");
INSERT INTO Especializacao (EspecializacaoID, Nome) VALUES (49, "Saúde Pública");
INSERT INTO Especializacao (EspecializacaoID, Nome) VALUES (50, "Urologia");


-- Rooms
INSERT INTO Quarto (Numero) VALUES (100);
INSERT INTO Quarto (Numero) VALUES (101);
INSERT INTO Quarto (Numero) VALUES (102);
INSERT INTO Quarto (Numero) VALUES (103);
INSERT INTO Quarto (Numero) VALUES (104);
INSERT INTO Quarto (Numero) VALUES (105);
INSERT INTO Quarto (Numero) VALUES (106);
INSERT INTO Quarto (Numero) VALUES (107);
INSERT INTO Quarto (Numero) VALUES (108);
INSERT INTO Quarto (Numero) VALUES (109);
INSERT INTO Quarto (Numero) VALUES (110);
INSERT INTO Quarto (Numero) VALUES (111);
INSERT INTO Quarto (Numero) VALUES (112);
INSERT INTO Quarto (Numero) VALUES (113);
INSERT INTO Quarto (Numero) VALUES (114);
INSERT INTO Quarto (Numero) VALUES (115);
INSERT INTO Quarto (Numero) VALUES (116);
INSERT INTO Quarto (Numero) VALUES (117);
INSERT INTO Quarto (Numero) VALUES (118);
INSERT INTO Quarto (Numero) VALUES (119);
INSERT INTO Quarto (Numero) VALUES (120);
INSERT INTO Quarto (Numero) VALUES (121);
INSERT INTO Quarto (Numero) VALUES (122);
INSERT INTO Quarto (Numero) VALUES (123);
INSERT INTO Quarto (Numero) VALUES (124);
INSERT INTO Quarto (Numero) VALUES (125);
INSERT INTO Quarto (Numero) VALUES (126);
INSERT INTO Quarto (Numero) VALUES (127);
INSERT INTO Quarto (Numero) VALUES (128);
INSERT INTO Quarto (Numero) VALUES (129);
INSERT INTO Quarto (Numero) VALUES (130);
INSERT INTO Quarto (Numero) VALUES (131);
INSERT INTO Quarto (Numero) VALUES (132);
INSERT INTO Quarto (Numero) VALUES (133);
INSERT INTO Quarto (Numero) VALUES (134);
INSERT INTO Quarto (Numero) VALUES (135);
INSERT INTO Quarto (Numero) VALUES (136);
INSERT INTO Quarto (Numero) VALUES (137);
INSERT INTO Quarto (Numero) VALUES (138);
INSERT INTO Quarto (Numero) VALUES (139);
INSERT INTO Quarto (Numero) VALUES (140);
INSERT INTO Quarto (Numero) VALUES (141);
INSERT INTO Quarto (Numero) VALUES (142);
INSERT INTO Quarto (Numero) VALUES (143);
INSERT INTO Quarto (Numero) VALUES (144);
INSERT INTO Quarto (Numero) VALUES (145);
INSERT INTO Quarto (Numero) VALUES (146);
INSERT INTO Quarto (Numero) VALUES (147);
INSERT INTO Quarto (Numero) VALUES (148);
INSERT INTO Quarto (Numero) VALUES (149);
INSERT INTO Quarto (Numero) VALUES (150);
INSERT INTO Quarto (Numero) VALUES (151);
INSERT INTO Quarto (Numero) VALUES (152);
INSERT INTO Quarto (Numero) VALUES (153);
INSERT INTO Quarto (Numero) VALUES (154);
INSERT INTO Quarto (Numero) VALUES (155);
INSERT INTO Quarto (Numero) VALUES (156);
INSERT INTO Quarto (Numero) VALUES (157);
INSERT INTO Quarto (Numero) VALUES (158);
INSERT INTO Quarto (Numero) VALUES (159);
INSERT INTO Quarto (Numero) VALUES (160);
INSERT INTO Quarto (Numero) VALUES (161);
INSERT INTO Quarto (Numero) VALUES (162);
INSERT INTO Quarto (Numero) VALUES (163);
INSERT INTO Quarto (Numero) VALUES (164);
INSERT INTO Quarto (Numero) VALUES (165);
INSERT INTO Quarto (Numero) VALUES (166);
INSERT INTO Quarto (Numero) VALUES (167);
INSERT INTO Quarto (Numero) VALUES (168);
INSERT INTO Quarto (Numero) VALUES (169);
INSERT INTO Quarto (Numero) VALUES (170);
INSERT INTO Quarto (Numero) VALUES (171);
INSERT INTO Quarto (Numero) VALUES (172);
INSERT INTO Quarto (Numero) VALUES (173);
INSERT INTO Quarto (Numero) VALUES (174);
INSERT INTO Quarto (Numero) VALUES (175);
INSERT INTO Quarto (Numero) VALUES (176);
INSERT INTO Quarto (Numero) VALUES (177);
INSERT INTO Quarto (Numero) VALUES (178);
INSERT INTO Quarto (Numero) VALUES (179);
INSERT INTO Quarto (Numero) VALUES (180);
INSERT INTO Quarto (Numero) VALUES (181);
INSERT INTO Quarto (Numero) VALUES (182);
INSERT INTO Quarto (Numero) VALUES (183);
INSERT INTO Quarto (Numero) VALUES (184);
INSERT INTO Quarto (Numero) VALUES (185);
INSERT INTO Quarto (Numero) VALUES (186);
INSERT INTO Quarto (Numero) VALUES (187);
INSERT INTO Quarto (Numero) VALUES (188);
INSERT INTO Quarto (Numero) VALUES (189);
INSERT INTO Quarto (Numero) VALUES (190);
INSERT INTO Quarto (Numero) VALUES (191);
INSERT INTO Quarto (Numero) VALUES (192);
INSERT INTO Quarto (Numero) VALUES (193);
INSERT INTO Quarto (Numero) VALUES (194);
INSERT INTO Quarto (Numero) VALUES (195);
INSERT INTO Quarto (Numero) VALUES (196);
INSERT INTO Quarto (Numero) VALUES (197);
INSERT INTO Quarto (Numero) VALUES (198);
INSERT INTO Quarto (Numero) VALUES (199);
INSERT INTO Quarto (Numero) VALUES (200);
INSERT INTO Quarto (Numero) VALUES (201);
INSERT INTO Quarto (Numero) VALUES (202);
INSERT INTO Quarto (Numero) VALUES (203);
INSERT INTO Quarto (Numero) VALUES (204);
INSERT INTO Quarto (Numero) VALUES (205);
INSERT INTO Quarto (Numero) VALUES (206);
INSERT INTO Quarto (Numero) VALUES (207);
INSERT INTO Quarto (Numero) VALUES (208);
INSERT INTO Quarto (Numero) VALUES (209);
INSERT INTO Quarto (Numero) VALUES (210);
INSERT INTO Quarto (Numero) VALUES (211);
INSERT INTO Quarto (Numero) VALUES (212);
INSERT INTO Quarto (Numero) VALUES (213);
INSERT INTO Quarto (Numero) VALUES (214);
INSERT INTO Quarto (Numero) VALUES (215);
INSERT INTO Quarto (Numero) VALUES (216);
INSERT INTO Quarto (Numero) VALUES (217);
INSERT INTO Quarto (Numero) VALUES (218);
INSERT INTO Quarto (Numero) VALUES (219);
INSERT INTO Quarto (Numero) VALUES (220);
INSERT INTO Quarto (Numero) VALUES (221);
INSERT INTO Quarto (Numero) VALUES (222);
INSERT INTO Quarto (Numero) VALUES (223);
INSERT INTO Quarto (Numero) VALUES (224);
INSERT INTO Quarto (Numero) VALUES (225);
INSERT INTO Quarto (Numero) VALUES (226);
INSERT INTO Quarto (Numero) VALUES (227);
INSERT INTO Quarto (Numero) VALUES (228);
INSERT INTO Quarto (Numero) VALUES (229);
INSERT INTO Quarto (Numero) VALUES (230);
INSERT INTO Quarto (Numero) VALUES (231);
INSERT INTO Quarto (Numero) VALUES (232);
INSERT INTO Quarto (Numero) VALUES (233);
INSERT INTO Quarto (Numero) VALUES (234);
INSERT INTO Quarto (Numero) VALUES (235);
INSERT INTO Quarto (Numero) VALUES (236);
INSERT INTO Quarto (Numero) VALUES (237);
INSERT INTO Quarto (Numero) VALUES (238);
INSERT INTO Quarto (Numero) VALUES (239);
INSERT INTO Quarto (Numero) VALUES (240);
INSERT INTO Quarto (Numero) VALUES (241);
INSERT INTO Quarto (Numero) VALUES (242);
INSERT INTO Quarto (Numero) VALUES (243);
INSERT INTO Quarto (Numero) VALUES (244);
INSERT INTO Quarto (Numero) VALUES (245);
INSERT INTO Quarto (Numero) VALUES (246);
INSERT INTO Quarto (Numero) VALUES (247);
INSERT INTO Quarto (Numero) VALUES (248);
INSERT INTO Quarto (Numero) VALUES (249);


-- Health Subsystems
INSERT INTO SubsistemaSaude (SubsistemaSaudeID, Nome) VALUES (1, "ADSE");
INSERT INTO SubsistemaSaude (SubsistemaSaudeID, Nome) VALUES (2, "PSP");
INSERT INTO SubsistemaSaude (SubsistemaSaudeID, Nome) VALUES (3, "GNR");
INSERT INTO SubsistemaSaude (SubsistemaSaudeID, Nome) VALUES (4, "SSMJ");


-- Schedule
INSERT INTO Horario (HorarioID, DiaSemana, HoraInicio, HoraFim) VALUES (1, "Segunda", "00:00", "10:30");
INSERT INTO Horario (HorarioID, DiaSemana, HoraInicio, HoraFim) VALUES (2, "Segunda", "10:30", "14:45");
INSERT INTO Horario (HorarioID, DiaSemana, HoraInicio, HoraFim) VALUES (3, "Segunda", "14:45", "22:00");
INSERT INTO Horario (HorarioID, DiaSemana, HoraInicio, HoraFim) VALUES (4, "Segunda", "22:00", "23:59");
INSERT INTO Horario (HorarioID, DiaSemana, HoraInicio, HoraFim) VALUES (5, "Terca", "00:00", "08:15");
INSERT INTO Horario (HorarioID, DiaSemana, HoraInicio, HoraFim) VALUES (6, "Terca", "08:15", "14:00");
INSERT INTO Horario (HorarioID, DiaSemana, HoraInicio, HoraFim) VALUES (7, "Terca", "14:00", "22:45");
INSERT INTO Horario (HorarioID, DiaSemana, HoraInicio, HoraFim) VALUES (8, "Terca", "22:45", "23:59");
INSERT INTO Horario (HorarioID, DiaSemana, HoraInicio, HoraFim) VALUES (9, "Quarta", "00:00", "08:45");
INSERT INTO Horario (HorarioID, DiaSemana, HoraInicio, HoraFim) VALUES (10, "Quarta", "08:45", "18:15");
INSERT INTO Horario (HorarioID, DiaSemana, HoraInicio, HoraFim) VALUES (11, "Quarta", "18:15", "23:45");
INSERT INTO Horario (HorarioID, DiaSemana, HoraInicio, HoraFim) VALUES (12, "Quarta", "23:45", "23:59");
INSERT INTO Horario (HorarioID, DiaSemana, HoraInicio, HoraFim) VALUES (13, "Quinta", "00:00", "04:00");
INSERT INTO Horario (HorarioID, DiaSemana, HoraInicio, HoraFim) VALUES (14, "Quinta", "04:00", "12:00");
INSERT INTO Horario (HorarioID, DiaSemana, HoraInicio, HoraFim) VALUES (15, "Quinta", "12:00", "22:00");
INSERT INTO Horario (HorarioID, DiaSemana, HoraInicio, HoraFim) VALUES (16, "Quinta", "22:00", "23:59");
INSERT INTO Horario (HorarioID, DiaSemana, HoraInicio, HoraFim) VALUES (17, "Sexta", "00:00", "08:45");
INSERT INTO Horario (HorarioID, DiaSemana, HoraInicio, HoraFim) VALUES (18, "Sexta", "08:45", "16:45");
INSERT INTO Horario (HorarioID, DiaSemana, HoraInicio, HoraFim) VALUES (19, "Sexta", "16:45", "23:45");
INSERT INTO Horario (HorarioID, DiaSemana, HoraInicio, HoraFim) VALUES (20, "Sexta", "23:45", "23:59");
INSERT INTO Horario (HorarioID, DiaSemana, HoraInicio, HoraFim) VALUES (21, "Sabado", "00:00", "10:15");
INSERT INTO Horario (HorarioID, DiaSemana, HoraInicio, HoraFim) VALUES (22, "Sabado", "10:15", "14:45");
INSERT INTO Horario (HorarioID, DiaSemana, HoraInicio, HoraFim) VALUES (23, "Sabado", "14:45", "23:45");
INSERT INTO Horario (HorarioID, DiaSemana, HoraInicio, HoraFim) VALUES (24, "Sabado", "23:45", "23:59");
INSERT INTO Horario (HorarioID, DiaSemana, HoraInicio, HoraFim) VALUES (25, "Domingo", "00:00", "06:15");
INSERT INTO Horario (HorarioID, DiaSemana, HoraInicio, HoraFim) VALUES (26, "Domingo", "06:15", "16:45");
INSERT INTO Horario (HorarioID, DiaSemana, HoraInicio, HoraFim) VALUES (27, "Domingo", "16:45", "23:45");
INSERT INTO Horario (HorarioID, DiaSemana, HoraInicio, HoraFim) VALUES (28, "Domingo", "23:45", "23:59");


-- Patients
INSERT INTO Pessoa (PessoaID, NumIdentificacao, Nome, Morada, Telefone, NumeroBeneficiario, Sexo, DataNascimento) VALUES (1, 33536378, "Sandra Fultz", "morada", 931706540, 819123040, "F", "1996-09-21 22:13:00");
INSERT INTO Paciente (PessoaID, GrupoSanguineo, SubsistemaSaude) VALUES (1, "B-", 4);
INSERT INTO Pessoa (PessoaID, NumIdentificacao, Nome, Morada, Telefone, NumeroBeneficiario, Sexo, DataNascimento) VALUES (2, 63376655, "Kim Curtin", "morada", 975079137, 925812320, "F", "2008-04-09 23:45:49");
INSERT INTO Paciente (PessoaID, GrupoSanguineo) VALUES (2, "B+");
INSERT INTO Pessoa (PessoaID, NumIdentificacao, Nome, Morada, Telefone, NumeroBeneficiario, Sexo, DataNascimento) VALUES (3, 32415516, "Yvonne Smith", "morada", 995976082, 849330735, "F", "2007-08-05 07:59:33");
INSERT INTO Paciente (PessoaID, GrupoSanguineo) VALUES (3, "A-");
INSERT INTO Pessoa (PessoaID, NumIdentificacao, Nome, Morada, Telefone, NumeroBeneficiario, Sexo, DataNascimento) VALUES (4, 45701950, "Cierra Dunn", "morada", 969224616, 770541837, "F", "1989-03-22 01:26:56");
INSERT INTO Paciente (PessoaID, GrupoSanguineo) VALUES (4, "B+");
INSERT INTO Pessoa (PessoaID, NumIdentificacao, Nome, Morada, Telefone, NumeroBeneficiario, Sexo, DataNascimento) VALUES (5, 89234800, "Mark Vancuren", "morada", 995257531, 257901095, "M", "2006-01-17 21:03:02");
INSERT INTO Paciente (PessoaID, GrupoSanguineo) VALUES (5, "A-");
INSERT INTO Pessoa (PessoaID, NumIdentificacao, Nome, Morada, Telefone, NumeroBeneficiario, Sexo, DataNascimento) VALUES (6, 85761246, "James Voight", "morada", 915955361, 392683602, "M", "1995-05-17 00:04:18");
INSERT INTO Paciente (PessoaID, GrupoSanguineo) VALUES (6, "O-");
INSERT INTO Pessoa (PessoaID, NumIdentificacao, Nome, Morada, Telefone, NumeroBeneficiario, Sexo, DataNascimento) VALUES (7, 16942770, "David Meffert", "morada", 923963541, 939807349, "M", "1990-03-26 03:38:55");
INSERT INTO Paciente (PessoaID, GrupoSanguineo) VALUES (7, "B+");
INSERT INTO Pessoa (PessoaID, NumIdentificacao, Nome, Morada, Telefone, NumeroBeneficiario, Sexo, DataNascimento) VALUES (8, 13857739, "Dorothy Delaune", "morada", 947077445, 911874128, "F", "2018-02-19 22:47:44");
INSERT INTO Paciente (PessoaID, GrupoSanguineo) VALUES (8, "B+");
INSERT INTO Pessoa (PessoaID, NumIdentificacao, Nome, Morada, Telefone, NumeroBeneficiario, Sexo, DataNascimento) VALUES (9, 19839108, "Denise Ortiz", "morada", 952837043, 810790555, "F", "2004-06-16 05:18:53");
INSERT INTO Paciente (PessoaID, GrupoSanguineo) VALUES (9, "O+");
INSERT INTO Pessoa (PessoaID, NumIdentificacao, Nome, Morada, Telefone, NumeroBeneficiario, Sexo, DataNascimento) VALUES (10, 73496025, "Levi Ely", "morada", 950518172, 946323328, "M", "1999-06-19 15:51:38");
INSERT INTO Paciente (PessoaID, GrupoSanguineo, SubsistemaSaude) VALUES (10, "B+", 1);
INSERT INTO Pessoa (PessoaID, NumIdentificacao, Nome, Morada, Telefone, NumeroBeneficiario, Sexo, DataNascimento) VALUES (11, 94135008, "Catherine Woods", "morada", 973174987, 106390026, "F", "1982-05-24 08:24:59");
INSERT INTO Paciente (PessoaID, GrupoSanguineo, SubsistemaSaude) VALUES (11, "A+", 1);
INSERT INTO Pessoa (PessoaID, NumIdentificacao, Nome, Morada, Telefone, NumeroBeneficiario, Sexo, DataNascimento) VALUES (12, 24510054, "David Martin", "morada", 933274951, 612704365, "M", "1972-05-18 10:12:55");
INSERT INTO Paciente (PessoaID, GrupoSanguineo) VALUES (12, "B+");
INSERT INTO Pessoa (PessoaID, NumIdentificacao, Nome, Morada, Telefone, NumeroBeneficiario, Sexo, DataNascimento) VALUES (13, 78431203, "Diane Loomis", "morada", 965820568, 951538391, "F", "1994-02-21 00:16:38");
INSERT INTO Paciente (PessoaID, GrupoSanguineo) VALUES (13, "O+");
INSERT INTO Pessoa (PessoaID, NumIdentificacao, Nome, Morada, Telefone, NumeroBeneficiario, Sexo, DataNascimento) VALUES (14, 66040671, "Patricia Goeppner", "morada", 919198976, 768022863, "F", "1977-01-15 09:04:17");
INSERT INTO Paciente (PessoaID, GrupoSanguineo, SubsistemaSaude) VALUES (14, "A+", 1);
INSERT INTO Pessoa (PessoaID, NumIdentificacao, Nome, Morada, Telefone, NumeroBeneficiario, Sexo, DataNascimento) VALUES (15, 89748164, "Thomas Prieto", "morada", 925332000, 964941608, "M", "1976-11-24 07:27:48");
INSERT INTO Paciente (PessoaID, GrupoSanguineo) VALUES (15, "A+");
INSERT INTO Pessoa (PessoaID, NumIdentificacao, Nome, Morada, Telefone, NumeroBeneficiario, Sexo, DataNascimento) VALUES (16, 76280325, "Scott Davis", "morada", 960731337, 727038891, "M", "1995-10-26 22:14:29");
INSERT INTO Paciente (PessoaID, GrupoSanguineo) VALUES (16, "AB+");
INSERT INTO Pessoa (PessoaID, NumIdentificacao, Nome, Morada, Telefone, NumeroBeneficiario, Sexo, DataNascimento) VALUES (17, 44082440, "Lisa Falk", "morada", 955947082, 866367043, "F", "1972-07-01 08:12:01");
INSERT INTO Paciente (PessoaID, GrupoSanguineo) VALUES (17, "AB-");
INSERT INTO Pessoa (PessoaID, NumIdentificacao, Nome, Morada, Telefone, NumeroBeneficiario, Sexo, DataNascimento) VALUES (18, 23808040, "Linda Weber", "morada", 941308538, 699987852, "F", "2010-09-17 01:42:44");
INSERT INTO Paciente (PessoaID, GrupoSanguineo) VALUES (18, "O+");
INSERT INTO Pessoa (PessoaID, NumIdentificacao, Nome, Morada, Telefone, NumeroBeneficiario, Sexo, DataNascimento) VALUES (19, 52464267, "Maria Butler", "morada", 983415378, 487267442, "F", "1972-05-27 07:08:42");
INSERT INTO Paciente (PessoaID, GrupoSanguineo, SubsistemaSaude) VALUES (19, "AB-", 3);
INSERT INTO Pessoa (PessoaID, NumIdentificacao, Nome, Morada, Telefone, NumeroBeneficiario, Sexo, DataNascimento) VALUES (20, 10518799, "Kirk Miller", "morada", 938855780, 808407188, "M", "1978-11-16 08:41:46");
INSERT INTO Paciente (PessoaID, GrupoSanguineo) VALUES (20, "O+");
INSERT INTO Pessoa (PessoaID, NumIdentificacao, Nome, Morada, Telefone, NumeroBeneficiario, Sexo, DataNascimento) VALUES (21, 64878181, "Martina Cameron", "morada", 920553705, 405783188, "F", "2003-01-05 22:57:51");
INSERT INTO Paciente (PessoaID, GrupoSanguineo, SubsistemaSaude) VALUES (21, "O-", 1);
INSERT INTO Pessoa (PessoaID, NumIdentificacao, Nome, Morada, Telefone, NumeroBeneficiario, Sexo, DataNascimento) VALUES (22, 75529384, "Maryann Thomas", "morada", 956717940, 168978329, "F", "1985-12-20 03:10:52");
INSERT INTO Paciente (PessoaID, GrupoSanguineo) VALUES (22, "B-");
INSERT INTO Pessoa (PessoaID, NumIdentificacao, Nome, Morada, Telefone, NumeroBeneficiario, Sexo, DataNascimento) VALUES (23, 72119577, "Roger Novak", "morada", 929718153, 782731037, "M", "1993-07-03 13:10:48");
INSERT INTO Paciente (PessoaID, GrupoSanguineo) VALUES (23, "O+");
INSERT INTO Pessoa (PessoaID, NumIdentificacao, Nome, Morada, Telefone, NumeroBeneficiario, Sexo, DataNascimento) VALUES (24, 60635552, "Michael Hannigan", "morada", 950715413, 768369022, "M", "1971-03-05 08:25:27");
INSERT INTO Paciente (PessoaID, GrupoSanguineo) VALUES (24, "O+");
INSERT INTO Pessoa (PessoaID, NumIdentificacao, Nome, Morada, Telefone, NumeroBeneficiario, Sexo, DataNascimento) VALUES (25, 87602645, "Miguel Huhn", "morada", 915404868, 425170976, "M", "2005-09-20 03:40:32");
INSERT INTO Paciente (PessoaID, GrupoSanguineo) VALUES (25, "A+");
INSERT INTO Pessoa (PessoaID, NumIdentificacao, Nome, Morada, Telefone, NumeroBeneficiario, Sexo, DataNascimento) VALUES (26, 55340248, "Jill Garcia", "morada", 935901094, 530461987, "F", "2003-03-26 14:44:25");
INSERT INTO Paciente (PessoaID, GrupoSanguineo) VALUES (26, "A+");
INSERT INTO Pessoa (PessoaID, NumIdentificacao, Nome, Morada, Telefone, NumeroBeneficiario, Sexo, DataNascimento) VALUES (27, 27477638, "Antonio Kivett", "morada", 949194155, 929614322, "M", "1986-07-11 10:04:44");
INSERT INTO Paciente (PessoaID, GrupoSanguineo) VALUES (27, "O+");
INSERT INTO Pessoa (PessoaID, NumIdentificacao, Nome, Morada, Telefone, NumeroBeneficiario, Sexo, DataNascimento) VALUES (28, 19142241, "Allison Parsons", "morada", 938398543, 458668523, "F", "1980-08-29 15:17:58");
INSERT INTO Paciente (PessoaID, GrupoSanguineo) VALUES (28, "AB+");
INSERT INTO Pessoa (PessoaID, NumIdentificacao, Nome, Morada, Telefone, NumeroBeneficiario, Sexo, DataNascimento) VALUES (29, 40531669, "Amy Johnson", "morada", 931587448, 330952331, "F", "1974-01-06 16:44:10");
INSERT INTO Paciente (PessoaID, GrupoSanguineo, SubsistemaSaude) VALUES (29, "A+", 1);
INSERT INTO Pessoa (PessoaID, NumIdentificacao, Nome, Morada, Telefone, NumeroBeneficiario, Sexo, DataNascimento) VALUES (30, 92829015, "Phillip Faulk", "morada", 993231479, 687056114, "M", "1995-09-12 09:32:46");
INSERT INTO Paciente (PessoaID, GrupoSanguineo, SubsistemaSaude) VALUES (30, "AB+", 3);
INSERT INTO Pessoa (PessoaID, NumIdentificacao, Nome, Morada, Telefone, NumeroBeneficiario, Sexo, DataNascimento) VALUES (31, 14884411, "Robert Dominguez", "morada", 987554213, 823246890, "M", "1988-10-30 15:53:38");
INSERT INTO Paciente (PessoaID, GrupoSanguineo) VALUES (31, "AB-");
INSERT INTO Pessoa (PessoaID, NumIdentificacao, Nome, Morada, Telefone, NumeroBeneficiario, Sexo, DataNascimento) VALUES (32, 13568796, "Jose Goings", "morada", 999688699, 955224813, "M", "2011-02-12 01:13:46");
INSERT INTO Paciente (PessoaID, GrupoSanguineo, SubsistemaSaude) VALUES (32, "A-", 1);
INSERT INTO Pessoa (PessoaID, NumIdentificacao, Nome, Morada, Telefone, NumeroBeneficiario, Sexo, DataNascimento) VALUES (33, 98370990, "Daphne Merrithew", "morada", 923630649, 520144829, "F", "1985-03-14 20:51:21");
INSERT INTO Paciente (PessoaID, GrupoSanguineo) VALUES (33, "A+");
INSERT INTO Pessoa (PessoaID, NumIdentificacao, Nome, Morada, Telefone, NumeroBeneficiario, Sexo, DataNascimento) VALUES (34, 45221031, "Kevin Erekson", "morada", 923601866, 438132456, "M", "2000-01-25 02:37:59");
INSERT INTO Paciente (PessoaID, GrupoSanguineo) VALUES (34, "A-");
INSERT INTO Pessoa (PessoaID, NumIdentificacao, Nome, Morada, Telefone, NumeroBeneficiario, Sexo, DataNascimento) VALUES (35, 17577646, "Michele Lutwin", "morada", 990737974, 351773352, "F", "1972-11-17 20:56:22");
INSERT INTO Paciente (PessoaID, GrupoSanguineo) VALUES (35, "A+");
INSERT INTO Pessoa (PessoaID, NumIdentificacao, Nome, Morada, Telefone, NumeroBeneficiario, Sexo, DataNascimento) VALUES (36, 39043117, "Gladys Kimsey", "morada", 984194594, 308095174, "F", "1970-01-08 23:36:59");
INSERT INTO Paciente (PessoaID, GrupoSanguineo) VALUES (36, "A-");
INSERT INTO Pessoa (PessoaID, NumIdentificacao, Nome, Morada, Telefone, NumeroBeneficiario, Sexo, DataNascimento) VALUES (37, 20232729, "Minnie Ross", "morada", 919526306, 584980562, "F", "2006-09-05 22:33:57");
INSERT INTO Paciente (PessoaID, GrupoSanguineo, SubsistemaSaude) VALUES (37, "O+", 4);
INSERT INTO Pessoa (PessoaID, NumIdentificacao, Nome, Morada, Telefone, NumeroBeneficiario, Sexo, DataNascimento) VALUES (38, 31498446, "Ralph Strunk", "morada", 918692636, 188303680, "M", "1979-10-03 17:11:02");
INSERT INTO Paciente (PessoaID, GrupoSanguineo, SubsistemaSaude) VALUES (38, "B+", 2);
INSERT INTO Pessoa (PessoaID, NumIdentificacao, Nome, Morada, Telefone, NumeroBeneficiario, Sexo, DataNascimento) VALUES (39, 56962261, "Sandra Butler", "morada", 970036960, 460300370, "F", "2002-03-17 01:01:38");
INSERT INTO Paciente (PessoaID, GrupoSanguineo, SubsistemaSaude) VALUES (39, "B-", 1);
INSERT INTO Pessoa (PessoaID, NumIdentificacao, Nome, Morada, Telefone, NumeroBeneficiario, Sexo, DataNascimento) VALUES (40, 85074652, "Magdalena Dolan", "morada", 978810442, 829129983, "F", "1975-12-18 23:53:46");
INSERT INTO Paciente (PessoaID, GrupoSanguineo, SubsistemaSaude) VALUES (40, "O+", 4);
INSERT INTO Pessoa (PessoaID, NumIdentificacao, Nome, Morada, Telefone, NumeroBeneficiario, Sexo, DataNascimento) VALUES (41, 27540688, "John Mcelderry", "morada", 991791149, 861481002, "M", "1978-05-09 02:46:23");
INSERT INTO Paciente (PessoaID, GrupoSanguineo) VALUES (41, "AB-");
INSERT INTO Pessoa (PessoaID, NumIdentificacao, Nome, Morada, Telefone, NumeroBeneficiario, Sexo, DataNascimento) VALUES (42, 47251206, "William Britt", "morada", 999078117, 962035072, "M", "1971-04-19 11:32:10");
INSERT INTO Paciente (PessoaID, GrupoSanguineo, SubsistemaSaude) VALUES (42, "O-", 4);
INSERT INTO Pessoa (PessoaID, NumIdentificacao, Nome, Morada, Telefone, NumeroBeneficiario, Sexo, DataNascimento) VALUES (43, 82001190, "Lena Trotz", "morada", 978941870, 728073728, "F", "2009-05-18 10:14:25");
INSERT INTO Paciente (PessoaID, GrupoSanguineo, SubsistemaSaude) VALUES (43, "AB-", 1);
INSERT INTO Pessoa (PessoaID, NumIdentificacao, Nome, Morada, Telefone, NumeroBeneficiario, Sexo, DataNascimento) VALUES (44, 35558654, "Rachel Horton", "morada", 966267067, 411776452, "F", "1972-11-01 15:07:44");
INSERT INTO Paciente (PessoaID, GrupoSanguineo) VALUES (44, "B+");
INSERT INTO Pessoa (PessoaID, NumIdentificacao, Nome, Morada, Telefone, NumeroBeneficiario, Sexo, DataNascimento) VALUES (45, 52023438, "Jessica Hunter", "morada", 985860694, 150382334, "F", "1991-06-21 20:13:51");
INSERT INTO Paciente (PessoaID, GrupoSanguineo, SubsistemaSaude) VALUES (45, "A-", 1);
INSERT INTO Pessoa (PessoaID, NumIdentificacao, Nome, Morada, Telefone, NumeroBeneficiario, Sexo, DataNascimento) VALUES (46, 50160057, "Andrew Patterson", "morada", 935892736, 854200932, "M", "1971-09-27 02:23:09");
INSERT INTO Paciente (PessoaID, GrupoSanguineo) VALUES (46, "O-");
INSERT INTO Pessoa (PessoaID, NumIdentificacao, Nome, Morada, Telefone, NumeroBeneficiario, Sexo, DataNascimento) VALUES (47, 81606045, "Clemente Dejardin", "morada", 919254204, 672250911, "M", "2010-06-14 11:56:45");
INSERT INTO Paciente (PessoaID, GrupoSanguineo) VALUES (47, "A+");
INSERT INTO Pessoa (PessoaID, NumIdentificacao, Nome, Morada, Telefone, NumeroBeneficiario, Sexo, DataNascimento) VALUES (48, 14701643, "Suzanne Easter", "morada", 990165452, 549949487, "F", "1971-05-24 11:07:28");
INSERT INTO Paciente (PessoaID, GrupoSanguineo, SubsistemaSaude) VALUES (48, "B-", 4);
INSERT INTO Pessoa (PessoaID, NumIdentificacao, Nome, Morada, Telefone, NumeroBeneficiario, Sexo, DataNascimento) VALUES (49, 44081749, "John Naylor", "morada", 914704388, 485709064, "M", "2016-01-02 01:55:44");
INSERT INTO Paciente (PessoaID, GrupoSanguineo, SubsistemaSaude) VALUES (49, "O-", 4);
INSERT INTO Pessoa (PessoaID, NumIdentificacao, Nome, Morada, Telefone, NumeroBeneficiario, Sexo, DataNascimento) VALUES (50, 90656654, "Aaron Tureson", "morada", 938239381, 959521572, "M", "1987-04-15 10:01:26");
INSERT INTO Paciente (PessoaID, GrupoSanguineo, SubsistemaSaude) VALUES (50, "B-", 1);
INSERT INTO Pessoa (PessoaID, NumIdentificacao, Nome, Morada, Telefone, NumeroBeneficiario, Sexo, DataNascimento) VALUES (51, 93161323, "Tiffani Stewart", "morada", 976353173, 532877599, "F", "1982-10-23 16:35:02");
INSERT INTO Paciente (PessoaID, GrupoSanguineo) VALUES (51, "A-");
INSERT INTO Pessoa (PessoaID, NumIdentificacao, Nome, Morada, Telefone, NumeroBeneficiario, Sexo, DataNascimento) VALUES (52, 99287736, "John Gilmore", "morada", 981914077, 372707565, "M", "2004-10-13 11:54:05");
INSERT INTO Paciente (PessoaID, GrupoSanguineo) VALUES (52, "A-");
INSERT INTO Pessoa (PessoaID, NumIdentificacao, Nome, Morada, Telefone, NumeroBeneficiario, Sexo, DataNascimento) VALUES (53, 94372887, "Sarah Kujawski", "morada", 982995677, 388251257, "F", "2013-09-03 08:47:50");
INSERT INTO Paciente (PessoaID, GrupoSanguineo) VALUES (53, "A-");
INSERT INTO Pessoa (PessoaID, NumIdentificacao, Nome, Morada, Telefone, NumeroBeneficiario, Sexo, DataNascimento) VALUES (54, 41286911, "Richard Holliman", "morada", 975198092, 274406112, "M", "1992-11-02 23:37:12");
INSERT INTO Paciente (PessoaID, GrupoSanguineo) VALUES (54, "B-");
INSERT INTO Pessoa (PessoaID, NumIdentificacao, Nome, Morada, Telefone, NumeroBeneficiario, Sexo, DataNascimento) VALUES (55, 35216030, "Hal Gross", "morada", 940136425, 737127317, "M", "2000-02-16 22:28:56");
INSERT INTO Paciente (PessoaID, GrupoSanguineo) VALUES (55, "A-");
INSERT INTO Pessoa (PessoaID, NumIdentificacao, Nome, Morada, Telefone, NumeroBeneficiario, Sexo, DataNascimento) VALUES (56, 36396230, "Steve Sears", "morada", 940322397, 903346545, "M", "1997-08-14 23:12:01");
INSERT INTO Paciente (PessoaID, GrupoSanguineo) VALUES (56, "B+");
INSERT INTO Pessoa (PessoaID, NumIdentificacao, Nome, Morada, Telefone, NumeroBeneficiario, Sexo, DataNascimento) VALUES (57, 42109445, "Clark Smith", "morada", 920794903, 885102580, "M", "1980-07-27 19:01:24");
INSERT INTO Paciente (PessoaID, GrupoSanguineo) VALUES (57, "O-");
INSERT INTO Pessoa (PessoaID, NumIdentificacao, Nome, Morada, Telefone, NumeroBeneficiario, Sexo, DataNascimento) VALUES (58, 54207971, "Bernard Cooper", "morada", 921844110, 975491439, "M", "2013-10-25 04:32:16");
INSERT INTO Paciente (PessoaID, GrupoSanguineo, SubsistemaSaude) VALUES (58, "AB+", 2);
INSERT INTO Pessoa (PessoaID, NumIdentificacao, Nome, Morada, Telefone, NumeroBeneficiario, Sexo, DataNascimento) VALUES (59, 92029279, "Amanda Seeley", "morada", 995156637, 193484876, "F", "2005-04-07 05:48:28");
INSERT INTO Paciente (PessoaID, GrupoSanguineo, SubsistemaSaude) VALUES (59, "B+", 1);
INSERT INTO Pessoa (PessoaID, NumIdentificacao, Nome, Morada, Telefone, NumeroBeneficiario, Sexo, DataNascimento) VALUES (60, 33906031, "Rosemary Bryant", "morada", 942402622, 533225698, "F", "1982-04-27 22:59:50");
INSERT INTO Paciente (PessoaID, GrupoSanguineo) VALUES (60, "O-");
INSERT INTO Pessoa (PessoaID, NumIdentificacao, Nome, Morada, Telefone, NumeroBeneficiario, Sexo, DataNascimento) VALUES (61, 55387304, "Danny Woods", "morada", 937540890, 916856486, "M", "1997-09-01 08:02:24");
INSERT INTO Paciente (PessoaID, GrupoSanguineo) VALUES (61, "A-");
INSERT INTO Pessoa (PessoaID, NumIdentificacao, Nome, Morada, Telefone, NumeroBeneficiario, Sexo, DataNascimento) VALUES (62, 91848476, "Cynthia Klingenberg", "morada", 925633766, 522129806, "F", "1980-11-30 16:04:27");
INSERT INTO Paciente (PessoaID, GrupoSanguineo) VALUES (62, "A+");
INSERT INTO Pessoa (PessoaID, NumIdentificacao, Nome, Morada, Telefone, NumeroBeneficiario, Sexo, DataNascimento) VALUES (63, 95619179, "Robert Jensen", "morada", 993058792, 110400173, "M", "1989-12-28 10:54:56");
INSERT INTO Paciente (PessoaID, GrupoSanguineo) VALUES (63, "A+");
INSERT INTO Pessoa (PessoaID, NumIdentificacao, Nome, Morada, Telefone, NumeroBeneficiario, Sexo, DataNascimento) VALUES (64, 48194338, "Barbara Cieslik", "morada", 968748259, 511986621, "F", "2011-11-04 00:08:24");
INSERT INTO Paciente (PessoaID, GrupoSanguineo) VALUES (64, "AB+");
INSERT INTO Pessoa (PessoaID, NumIdentificacao, Nome, Morada, Telefone, NumeroBeneficiario, Sexo, DataNascimento) VALUES (65, 83286177, "Jenny Mccormick", "morada", 931231434, 276720759, "F", "1997-03-05 08:21:35");
INSERT INTO Paciente (PessoaID, GrupoSanguineo) VALUES (65, "B+");
INSERT INTO Pessoa (PessoaID, NumIdentificacao, Nome, Morada, Telefone, NumeroBeneficiario, Sexo, DataNascimento) VALUES (66, 34904948, "Patrick Mccool", "morada", 974713095, 884186378, "M", "2003-03-24 05:26:21");
INSERT INTO Paciente (PessoaID, GrupoSanguineo) VALUES (66, "B+");
INSERT INTO Pessoa (PessoaID, NumIdentificacao, Nome, Morada, Telefone, NumeroBeneficiario, Sexo, DataNascimento) VALUES (67, 68874606, "Tina Lovely", "morada", 924511241, 519570394, "F", "1981-06-16 16:15:47");
INSERT INTO Paciente (PessoaID, GrupoSanguineo) VALUES (67, "A-");
INSERT INTO Pessoa (PessoaID, NumIdentificacao, Nome, Morada, Telefone, NumeroBeneficiario, Sexo, DataNascimento) VALUES (68, 66548708, "Robert Price", "morada", 937135519, 752717810, "M", "2009-04-08 03:30:33");
INSERT INTO Paciente (PessoaID, GrupoSanguineo) VALUES (68, "A+");
INSERT INTO Pessoa (PessoaID, NumIdentificacao, Nome, Morada, Telefone, NumeroBeneficiario, Sexo, DataNascimento) VALUES (69, 69818314, "Emily Berube", "morada", 992872572, 333718048, "F", "1997-05-19 07:47:54");
INSERT INTO Paciente (PessoaID, GrupoSanguineo, SubsistemaSaude) VALUES (69, "B-", 1);
INSERT INTO Pessoa (PessoaID, NumIdentificacao, Nome, Morada, Telefone, NumeroBeneficiario, Sexo, DataNascimento) VALUES (70, 46995056, "John Jones", "morada", 917105455, 313725229, "M", "1992-04-12 16:20:49");
INSERT INTO Paciente (PessoaID, GrupoSanguineo) VALUES (70, "A-");
INSERT INTO Pessoa (PessoaID, NumIdentificacao, Nome, Morada, Telefone, NumeroBeneficiario, Sexo, DataNascimento) VALUES (71, 44972673, "Anita Anderson", "morada", 995795293, 495419991, "F", "1997-08-22 10:14:55");
INSERT INTO Paciente (PessoaID, GrupoSanguineo, SubsistemaSaude) VALUES (71, "O+", 1);
INSERT INTO Pessoa (PessoaID, NumIdentificacao, Nome, Morada, Telefone, NumeroBeneficiario, Sexo, DataNascimento) VALUES (72, 76382300, "Pearl Milligan", "morada", 945034889, 762944681, "F", "2005-07-19 04:02:45");
INSERT INTO Paciente (PessoaID, GrupoSanguineo) VALUES (72, "B-");
INSERT INTO Pessoa (PessoaID, NumIdentificacao, Nome, Morada, Telefone, NumeroBeneficiario, Sexo, DataNascimento) VALUES (73, 30826962, "Paul Landrum", "morada", 985967313, 329203070, "M", "1997-09-07 21:16:38");
INSERT INTO Paciente (PessoaID, GrupoSanguineo, SubsistemaSaude) VALUES (73, "O-", 1);
INSERT INTO Pessoa (PessoaID, NumIdentificacao, Nome, Morada, Telefone, NumeroBeneficiario, Sexo, DataNascimento) VALUES (74, 60651723, "Teresa Lister", "morada", 993649374, 139932590, "F", "1973-05-27 14:05:52");
INSERT INTO Paciente (PessoaID, GrupoSanguineo) VALUES (74, "B-");
INSERT INTO Pessoa (PessoaID, NumIdentificacao, Nome, Morada, Telefone, NumeroBeneficiario, Sexo, DataNascimento) VALUES (75, 72113276, "James Tate", "morada", 917451241, 500051558, "M", "2006-11-01 13:06:11");
INSERT INTO Paciente (PessoaID, GrupoSanguineo, SubsistemaSaude) VALUES (75, "B+", 1);
INSERT INTO Pessoa (PessoaID, NumIdentificacao, Nome, Morada, Telefone, NumeroBeneficiario, Sexo, DataNascimento) VALUES (76, 21712342, "Ricky Hitchcock", "morada", 952029695, 933383408, "M", "1972-04-04 01:29:27");
INSERT INTO Paciente (PessoaID, GrupoSanguineo) VALUES (76, "A-");
INSERT INTO Pessoa (PessoaID, NumIdentificacao, Nome, Morada, Telefone, NumeroBeneficiario, Sexo, DataNascimento) VALUES (77, 58102206, "Brianna Myrick", "morada", 916169158, 737981953, "F", "1995-05-24 16:43:19");
INSERT INTO Paciente (PessoaID, GrupoSanguineo, SubsistemaSaude) VALUES (77, "O+", 2);
INSERT INTO Pessoa (PessoaID, NumIdentificacao, Nome, Morada, Telefone, NumeroBeneficiario, Sexo, DataNascimento) VALUES (78, 51218108, "Anne Bland", "morada", 935105738, 512584091, "F", "2010-12-06 20:18:16");
INSERT INTO Paciente (PessoaID, GrupoSanguineo) VALUES (78, "B-");
INSERT INTO Pessoa (PessoaID, NumIdentificacao, Nome, Morada, Telefone, NumeroBeneficiario, Sexo, DataNascimento) VALUES (79, 74195740, "Julia Lewis", "morada", 978380355, 623374327, "F", "1974-05-15 20:55:28");
INSERT INTO Paciente (PessoaID, GrupoSanguineo) VALUES (79, "O+");
INSERT INTO Pessoa (PessoaID, NumIdentificacao, Nome, Morada, Telefone, NumeroBeneficiario, Sexo, DataNascimento) VALUES (80, 36891329, "Barry Scheunemann", "morada", 963146447, 236383962, "M", "1993-06-18 13:38:38");
INSERT INTO Paciente (PessoaID, GrupoSanguineo) VALUES (80, "A+");
INSERT INTO Pessoa (PessoaID, NumIdentificacao, Nome, Morada, Telefone, NumeroBeneficiario, Sexo, DataNascimento) VALUES (81, 99978834, "Tricia Thompson", "morada", 961222798, 280921417, "F", "1999-03-17 03:03:47");
INSERT INTO Paciente (PessoaID, GrupoSanguineo) VALUES (81, "O-");
INSERT INTO Pessoa (PessoaID, NumIdentificacao, Nome, Morada, Telefone, NumeroBeneficiario, Sexo, DataNascimento) VALUES (82, 22634794, "Edward Roberts", "morada", 963660790, 771054806, "M", "1996-05-09 07:17:04");
INSERT INTO Paciente (PessoaID, GrupoSanguineo) VALUES (82, "AB-");
INSERT INTO Pessoa (PessoaID, NumIdentificacao, Nome, Morada, Telefone, NumeroBeneficiario, Sexo, DataNascimento) VALUES (83, 22355488, "Maudie Stewart", "morada", 945441307, 935518042, "F", "1986-12-15 22:32:59");
INSERT INTO Paciente (PessoaID, GrupoSanguineo) VALUES (83, "AB+");
INSERT INTO Pessoa (PessoaID, NumIdentificacao, Nome, Morada, Telefone, NumeroBeneficiario, Sexo, DataNascimento) VALUES (84, 17906317, "Andrea Buford", "morada", 974595172, 773033595, "F", "1985-06-16 01:37:15");
INSERT INTO Paciente (PessoaID, GrupoSanguineo, SubsistemaSaude) VALUES (84, "A+", 2);
INSERT INTO Pessoa (PessoaID, NumIdentificacao, Nome, Morada, Telefone, NumeroBeneficiario, Sexo, DataNascimento) VALUES (85, 12264746, "Keith Cheng", "morada", 934244913, 658902481, "M", "1989-11-17 20:22:58");
INSERT INTO Paciente (PessoaID, GrupoSanguineo, SubsistemaSaude) VALUES (85, "B-", 1);
INSERT INTO Pessoa (PessoaID, NumIdentificacao, Nome, Morada, Telefone, NumeroBeneficiario, Sexo, DataNascimento) VALUES (86, 87868029, "Joseph Freeman", "morada", 993258084, 120137525, "M", "1978-11-30 21:45:50");
INSERT INTO Paciente (PessoaID, GrupoSanguineo) VALUES (86, "AB-");
INSERT INTO Pessoa (PessoaID, NumIdentificacao, Nome, Morada, Telefone, NumeroBeneficiario, Sexo, DataNascimento) VALUES (87, 94139971, "Tammy Nicolas", "morada", 950402991, 625156255, "F", "1984-10-16 06:46:36");
INSERT INTO Paciente (PessoaID, GrupoSanguineo, SubsistemaSaude) VALUES (87, "O+", 1);
INSERT INTO Pessoa (PessoaID, NumIdentificacao, Nome, Morada, Telefone, NumeroBeneficiario, Sexo, DataNascimento) VALUES (88, 88366017, "Sheryl Rosenstock", "morada", 984842657, 584960783, "F", "1995-03-10 23:45:38");
INSERT INTO Paciente (PessoaID, GrupoSanguineo, SubsistemaSaude) VALUES (88, "O+", 1);
INSERT INTO Pessoa (PessoaID, NumIdentificacao, Nome, Morada, Telefone, NumeroBeneficiario, Sexo, DataNascimento) VALUES (89, 60285903, "Patricia Lamarre", "morada", 917191815, 908397567, "F", "2015-12-12 19:02:29");
INSERT INTO Paciente (PessoaID, GrupoSanguineo) VALUES (89, "A+");
INSERT INTO Pessoa (PessoaID, NumIdentificacao, Nome, Morada, Telefone, NumeroBeneficiario, Sexo, DataNascimento) VALUES (90, 71313404, "Cristina Garcia", "morada", 939485457, 982328506, "F", "1991-10-07 23:57:47");
INSERT INTO Paciente (PessoaID, GrupoSanguineo) VALUES (90, "A-");
INSERT INTO Pessoa (PessoaID, NumIdentificacao, Nome, Morada, Telefone, NumeroBeneficiario, Sexo, DataNascimento) VALUES (91, 90547310, "Nathan Cross", "morada", 983789425, 218005099, "M", "1981-06-18 02:22:40");
INSERT INTO Paciente (PessoaID, GrupoSanguineo) VALUES (91, "A+");
INSERT INTO Pessoa (PessoaID, NumIdentificacao, Nome, Morada, Telefone, NumeroBeneficiario, Sexo, DataNascimento) VALUES (92, 15811053, "John Cota", "morada", 939880238, 344653768, "M", "2014-05-02 16:41:39");
INSERT INTO Paciente (PessoaID, GrupoSanguineo) VALUES (92, "AB+");
INSERT INTO Pessoa (PessoaID, NumIdentificacao, Nome, Morada, Telefone, NumeroBeneficiario, Sexo, DataNascimento) VALUES (93, 44668905, "Terrence Schmidt", "morada", 981756698, 495644326, "M", "1978-01-02 19:04:24");
INSERT INTO Paciente (PessoaID, GrupoSanguineo, SubsistemaSaude) VALUES (93, "B-", 1);
INSERT INTO Pessoa (PessoaID, NumIdentificacao, Nome, Morada, Telefone, NumeroBeneficiario, Sexo, DataNascimento) VALUES (94, 53235740, "Alvin Stewart", "morada", 914289266, 197426633, "M", "1990-05-25 18:51:29");
INSERT INTO Paciente (PessoaID, GrupoSanguineo) VALUES (94, "B+");
INSERT INTO Pessoa (PessoaID, NumIdentificacao, Nome, Morada, Telefone, NumeroBeneficiario, Sexo, DataNascimento) VALUES (95, 38616803, "Joshua Voeltner", "morada", 970955240, 180633308, "M", "2000-08-20 12:12:15");
INSERT INTO Paciente (PessoaID, GrupoSanguineo) VALUES (95, "AB+");
INSERT INTO Pessoa (PessoaID, NumIdentificacao, Nome, Morada, Telefone, NumeroBeneficiario, Sexo, DataNascimento) VALUES (96, 76146242, "Maria Dean", "morada", 941970699, 828348380, "F", "2009-01-28 04:27:55");
INSERT INTO Paciente (PessoaID, GrupoSanguineo, SubsistemaSaude) VALUES (96, "AB-", 4);
INSERT INTO Pessoa (PessoaID, NumIdentificacao, Nome, Morada, Telefone, NumeroBeneficiario, Sexo, DataNascimento) VALUES (97, 86413570, "Johnnie Powe", "morada", 914985376, 281378628, "M", "1974-02-13 09:15:32");
INSERT INTO Paciente (PessoaID, GrupoSanguineo, SubsistemaSaude) VALUES (97, "A-", 3);
INSERT INTO Pessoa (PessoaID, NumIdentificacao, Nome, Morada, Telefone, NumeroBeneficiario, Sexo, DataNascimento) VALUES (98, 44915936, "Chris Mailes", "morada", 947595331, 244630439, "M", "2011-04-17 19:16:34");
INSERT INTO Paciente (PessoaID, GrupoSanguineo, SubsistemaSaude) VALUES (98, "AB+", 1);
INSERT INTO Pessoa (PessoaID, NumIdentificacao, Nome, Morada, Telefone, NumeroBeneficiario, Sexo, DataNascimento) VALUES (99, 67991906, "Daniel Lachance", "morada", 996294628, 678402096, "M", "1971-01-14 11:48:48");
INSERT INTO Paciente (PessoaID, GrupoSanguineo, SubsistemaSaude) VALUES (99, "O-", 1);
INSERT INTO Pessoa (PessoaID, NumIdentificacao, Nome, Morada, Telefone, NumeroBeneficiario, Sexo, DataNascimento) VALUES (100, 38587687, "Jose Ware", "morada", 964414767, 332181303, "M", "1979-08-30 17:48:41");
INSERT INTO Paciente (PessoaID, GrupoSanguineo) VALUES (100, "O-");
INSERT INTO Pessoa (PessoaID, NumIdentificacao, Nome, Morada, Telefone, NumeroBeneficiario, Sexo, DataNascimento) VALUES (101, 45922052, "John Chapman", "morada", 986646962, 197392977, "M", "1998-12-13 09:20:48");
INSERT INTO Paciente (PessoaID, GrupoSanguineo, SubsistemaSaude) VALUES (101, "A+", 1);
INSERT INTO Pessoa (PessoaID, NumIdentificacao, Nome, Morada, Telefone, NumeroBeneficiario, Sexo, DataNascimento) VALUES (102, 69821898, "Hazel Dolphin", "morada", 958655131, 338467566, "F", "2008-04-26 21:55:51");
INSERT INTO Paciente (PessoaID, GrupoSanguineo, SubsistemaSaude) VALUES (102, "AB+", 1);
INSERT INTO Pessoa (PessoaID, NumIdentificacao, Nome, Morada, Telefone, NumeroBeneficiario, Sexo, DataNascimento) VALUES (103, 46434984, "Paul Baird", "morada", 963373570, 568543278, "M", "1973-12-26 03:24:30");
INSERT INTO Paciente (PessoaID, GrupoSanguineo) VALUES (103, "A-");
INSERT INTO Pessoa (PessoaID, NumIdentificacao, Nome, Morada, Telefone, NumeroBeneficiario, Sexo, DataNascimento) VALUES (104, 81229329, "Alice Schrack", "morada", 935278050, 258040916, "F", "2013-08-20 14:12:57");
INSERT INTO Paciente (PessoaID, GrupoSanguineo, SubsistemaSaude) VALUES (104, "B+", 3);
INSERT INTO Pessoa (PessoaID, NumIdentificacao, Nome, Morada, Telefone, NumeroBeneficiario, Sexo, DataNascimento) VALUES (105, 78995295, "Shelley Worthington", "morada", 919158813, 411526694, "F", "2018-06-01 05:39:00");
INSERT INTO Paciente (PessoaID, GrupoSanguineo) VALUES (105, "AB+");
INSERT INTO Pessoa (PessoaID, NumIdentificacao, Nome, Morada, Telefone, NumeroBeneficiario, Sexo, DataNascimento) VALUES (106, 90169628, "Dennis Wagner", "morada", 925137157, 520563494, "M", "1972-12-12 05:51:57");
INSERT INTO Paciente (PessoaID, GrupoSanguineo, SubsistemaSaude) VALUES (106, "B+", 1);
INSERT INTO Pessoa (PessoaID, NumIdentificacao, Nome, Morada, Telefone, NumeroBeneficiario, Sexo, DataNascimento) VALUES (107, 95285241, "Christina Sica", "morada", 990865707, 981609783, "F", "1996-02-04 13:46:00");
INSERT INTO Paciente (PessoaID, GrupoSanguineo) VALUES (107, "AB-");
INSERT INTO Pessoa (PessoaID, NumIdentificacao, Nome, Morada, Telefone, NumeroBeneficiario, Sexo, DataNascimento) VALUES (108, 92561155, "Tracy Norwood", "morada", 980018950, 129523231, "M", "2002-10-26 02:28:11");
INSERT INTO Paciente (PessoaID, GrupoSanguineo) VALUES (108, "O-");
INSERT INTO Pessoa (PessoaID, NumIdentificacao, Nome, Morada, Telefone, NumeroBeneficiario, Sexo, DataNascimento) VALUES (109, 46563264, "Ralph Jandreau", "morada", 923083941, 782608588, "M", "1973-05-12 20:24:55");
INSERT INTO Paciente (PessoaID, GrupoSanguineo, SubsistemaSaude) VALUES (109, "AB+", 1);
INSERT INTO Pessoa (PessoaID, NumIdentificacao, Nome, Morada, Telefone, NumeroBeneficiario, Sexo, DataNascimento) VALUES (110, 23419952, "Elmer Hocking", "morada", 942089504, 876061086, "M", "1971-06-21 21:01:17");
INSERT INTO Paciente (PessoaID, GrupoSanguineo, SubsistemaSaude) VALUES (110, "A-", 4);
INSERT INTO Pessoa (PessoaID, NumIdentificacao, Nome, Morada, Telefone, NumeroBeneficiario, Sexo, DataNascimento) VALUES (111, 49143434, "Jeff Albrekht", "morada", 949636094, 761618031, "M", "2013-09-08 22:18:34");
INSERT INTO Paciente (PessoaID, GrupoSanguineo) VALUES (111, "A+");
INSERT INTO Pessoa (PessoaID, NumIdentificacao, Nome, Morada, Telefone, NumeroBeneficiario, Sexo, DataNascimento) VALUES (112, 99498091, "Violet Hall", "morada", 962010341, 112262600, "F", "1985-07-15 21:37:54");
INSERT INTO Paciente (PessoaID, GrupoSanguineo) VALUES (112, "B-");
INSERT INTO Pessoa (PessoaID, NumIdentificacao, Nome, Morada, Telefone, NumeroBeneficiario, Sexo, DataNascimento) VALUES (113, 20739645, "Jeremy Geter", "morada", 942315409, 865958214, "M", "2012-07-13 06:04:17");
INSERT INTO Paciente (PessoaID, GrupoSanguineo) VALUES (113, "O-");
INSERT INTO Pessoa (PessoaID, NumIdentificacao, Nome, Morada, Telefone, NumeroBeneficiario, Sexo, DataNascimento) VALUES (114, 70465446, "Maria Bagnoli", "morada", 932625731, 759869023, "F", "2010-11-18 13:25:58");
INSERT INTO Paciente (PessoaID, GrupoSanguineo) VALUES (114, "A-");
INSERT INTO Pessoa (PessoaID, NumIdentificacao, Nome, Morada, Telefone, NumeroBeneficiario, Sexo, DataNascimento) VALUES (115, 39892172, "Chris Garcia", "morada", 996101423, 897933248, "M", "1989-05-17 02:28:53");
INSERT INTO Paciente (PessoaID, GrupoSanguineo) VALUES (115, "A+");
INSERT INTO Pessoa (PessoaID, NumIdentificacao, Nome, Morada, Telefone, NumeroBeneficiario, Sexo, DataNascimento) VALUES (116, 29390612, "Ernestine Taveras", "morada", 993836965, 103781161, "F", "1983-02-07 07:36:52");
INSERT INTO Paciente (PessoaID, GrupoSanguineo, SubsistemaSaude) VALUES (116, "B+", 1);
INSERT INTO Pessoa (PessoaID, NumIdentificacao, Nome, Morada, Telefone, NumeroBeneficiario, Sexo, DataNascimento) VALUES (117, 84411734, "Tracy Reyna", "morada", 997089099, 556932085, "F", "1972-03-19 02:54:44");
INSERT INTO Paciente (PessoaID, GrupoSanguineo, SubsistemaSaude) VALUES (117, "O-", 3);
INSERT INTO Pessoa (PessoaID, NumIdentificacao, Nome, Morada, Telefone, NumeroBeneficiario, Sexo, DataNascimento) VALUES (118, 99247387, "Evelyn Hall", "morada", 927278066, 625659457, "F", "1986-10-20 23:31:14");
INSERT INTO Paciente (PessoaID, GrupoSanguineo, SubsistemaSaude) VALUES (118, "O-", 2);
INSERT INTO Pessoa (PessoaID, NumIdentificacao, Nome, Morada, Telefone, NumeroBeneficiario, Sexo, DataNascimento) VALUES (119, 28687115, "Jimmy Ryburn", "morada", 952910122, 250729551, "M", "2003-04-05 14:08:08");
INSERT INTO Paciente (PessoaID, GrupoSanguineo) VALUES (119, "B+");
INSERT INTO Pessoa (PessoaID, NumIdentificacao, Nome, Morada, Telefone, NumeroBeneficiario, Sexo, DataNascimento) VALUES (120, 87123063, "Jerry Denman", "morada", 978401051, 917423560, "M", "2008-03-17 23:23:28");
INSERT INTO Paciente (PessoaID, GrupoSanguineo) VALUES (120, "O+");
INSERT INTO Pessoa (PessoaID, NumIdentificacao, Nome, Morada, Telefone, NumeroBeneficiario, Sexo, DataNascimento) VALUES (121, 28823603, "Mary Joachim", "morada", 974943111, 198905070, "F", "1972-03-05 06:30:35");
INSERT INTO Paciente (PessoaID, GrupoSanguineo, SubsistemaSaude) VALUES (121, "AB-", 1);
INSERT INTO Pessoa (PessoaID, NumIdentificacao, Nome, Morada, Telefone, NumeroBeneficiario, Sexo, DataNascimento) VALUES (122, 84254923, "Eddie Weathersby", "morada", 974940114, 322734180, "M", "2017-01-18 02:46:34");
INSERT INTO Paciente (PessoaID, GrupoSanguineo, SubsistemaSaude) VALUES (122, "AB+", 1);
INSERT INTO Pessoa (PessoaID, NumIdentificacao, Nome, Morada, Telefone, NumeroBeneficiario, Sexo, DataNascimento) VALUES (123, 85641595, "Cory Lawrence", "morada", 991253111, 731178169, "M", "1994-04-07 10:13:49");
INSERT INTO Paciente (PessoaID, GrupoSanguineo) VALUES (123, "O+");
INSERT INTO Pessoa (PessoaID, NumIdentificacao, Nome, Morada, Telefone, NumeroBeneficiario, Sexo, DataNascimento) VALUES (124, 52966722, "Tawnya Phillips", "morada", 997563454, 188806341, "F", "2004-12-19 07:39:07");
INSERT INTO Paciente (PessoaID, GrupoSanguineo) VALUES (124, "AB+");
INSERT INTO Pessoa (PessoaID, NumIdentificacao, Nome, Morada, Telefone, NumeroBeneficiario, Sexo, DataNascimento) VALUES (125, 34457476, "William Ricardo", "morada", 966676599, 680315861, "M", "1981-06-24 14:27:30");
INSERT INTO Paciente (PessoaID, GrupoSanguineo, SubsistemaSaude) VALUES (125, "AB+", 1);
INSERT INTO Pessoa (PessoaID, NumIdentificacao, Nome, Morada, Telefone, NumeroBeneficiario, Sexo, DataNascimento) VALUES (126, 40185353, "Rebecca Wade", "morada", 929720788, 124387077, "F", "2016-04-06 22:00:08");
INSERT INTO Paciente (PessoaID, GrupoSanguineo) VALUES (126, "AB-");
INSERT INTO Pessoa (PessoaID, NumIdentificacao, Nome, Morada, Telefone, NumeroBeneficiario, Sexo, DataNascimento) VALUES (127, 86417965, "Brian Lindeman", "morada", 990440352, 749945640, "M", "2008-04-26 14:55:19");
INSERT INTO Paciente (PessoaID, GrupoSanguineo, SubsistemaSaude) VALUES (127, "B+", 2);
INSERT INTO Pessoa (PessoaID, NumIdentificacao, Nome, Morada, Telefone, NumeroBeneficiario, Sexo, DataNascimento) VALUES (128, 34524966, "Dorothy Eades", "morada", 975663791, 748928875, "F", "1982-01-30 01:45:23");
INSERT INTO Paciente (PessoaID, GrupoSanguineo, SubsistemaSaude) VALUES (128, "AB-", 1);
INSERT INTO Pessoa (PessoaID, NumIdentificacao, Nome, Morada, Telefone, NumeroBeneficiario, Sexo, DataNascimento) VALUES (129, 85579364, "Esther Davis", "morada", 957568015, 545032989, "F", "2008-06-27 11:02:03");
INSERT INTO Paciente (PessoaID, GrupoSanguineo) VALUES (129, "O-");
INSERT INTO Pessoa (PessoaID, NumIdentificacao, Nome, Morada, Telefone, NumeroBeneficiario, Sexo, DataNascimento) VALUES (130, 70684966, "Charles Evans", "morada", 932599469, 958512758, "M", "1970-04-01 22:41:49");
INSERT INTO Paciente (PessoaID, GrupoSanguineo, SubsistemaSaude) VALUES (130, "B+", 2);
INSERT INTO Pessoa (PessoaID, NumIdentificacao, Nome, Morada, Telefone, NumeroBeneficiario, Sexo, DataNascimento) VALUES (131, 13685153, "Adrienne Camp", "morada", 916792515, 919261782, "F", "1989-07-26 21:23:54");
INSERT INTO Paciente (PessoaID, GrupoSanguineo, SubsistemaSaude) VALUES (131, "B-", 1);
INSERT INTO Pessoa (PessoaID, NumIdentificacao, Nome, Morada, Telefone, NumeroBeneficiario, Sexo, DataNascimento) VALUES (132, 49817503, "Richard Brookshire", "morada", 971987174, 155429752, "M", "1999-01-14 03:47:10");
INSERT INTO Paciente (PessoaID, GrupoSanguineo, SubsistemaSaude) VALUES (132, "AB-", 1);
INSERT INTO Pessoa (PessoaID, NumIdentificacao, Nome, Morada, Telefone, NumeroBeneficiario, Sexo, DataNascimento) VALUES (133, 39606125, "James Webb", "morada", 954371550, 347655564, "M", "1977-05-01 07:49:34");
INSERT INTO Paciente (PessoaID, GrupoSanguineo, SubsistemaSaude) VALUES (133, "B+", 4);
INSERT INTO Pessoa (PessoaID, NumIdentificacao, Nome, Morada, Telefone, NumeroBeneficiario, Sexo, DataNascimento) VALUES (134, 46738786, "Marcos Alexander", "morada", 928989276, 593116220, "M", "1988-09-09 00:23:01");
INSERT INTO Paciente (PessoaID, GrupoSanguineo) VALUES (134, "AB-");
INSERT INTO Pessoa (PessoaID, NumIdentificacao, Nome, Morada, Telefone, NumeroBeneficiario, Sexo, DataNascimento) VALUES (135, 61645827, "Anthony Hughes", "morada", 945543177, 102140384, "M", "1999-02-11 23:24:30");
INSERT INTO Paciente (PessoaID, GrupoSanguineo) VALUES (135, "B-");
INSERT INTO Pessoa (PessoaID, NumIdentificacao, Nome, Morada, Telefone, NumeroBeneficiario, Sexo, DataNascimento) VALUES (136, 61626783, "Antoine Pertsovsky", "morada", 980077610, 546300604, "M", "2019-03-23 23:27:10");
INSERT INTO Paciente (PessoaID, GrupoSanguineo) VALUES (136, "B+");
INSERT INTO Pessoa (PessoaID, NumIdentificacao, Nome, Morada, Telefone, NumeroBeneficiario, Sexo, DataNascimento) VALUES (137, 16915320, "Virginia Shapiro", "morada", 937600362, 793960406, "F", "1999-10-12 03:55:58");
INSERT INTO Paciente (PessoaID, GrupoSanguineo) VALUES (137, "B+");
INSERT INTO Pessoa (PessoaID, NumIdentificacao, Nome, Morada, Telefone, NumeroBeneficiario, Sexo, DataNascimento) VALUES (138, 59045422, "Wilbert Watkins", "morada", 938474714, 842143862, "M", "2002-08-27 15:54:55");
INSERT INTO Paciente (PessoaID, GrupoSanguineo) VALUES (138, "B+");
INSERT INTO Pessoa (PessoaID, NumIdentificacao, Nome, Morada, Telefone, NumeroBeneficiario, Sexo, DataNascimento) VALUES (139, 46034714, "Pierre Carvajal", "morada", 958882554, 430546095, "M", "1974-02-22 12:08:50");
INSERT INTO Paciente (PessoaID, GrupoSanguineo, SubsistemaSaude) VALUES (139, "AB-", 1);
INSERT INTO Pessoa (PessoaID, NumIdentificacao, Nome, Morada, Telefone, NumeroBeneficiario, Sexo, DataNascimento) VALUES (140, 51051183, "Helen Cruz", "morada", 961212736, 194136189, "F", "1996-08-12 14:03:10");
INSERT INTO Paciente (PessoaID, GrupoSanguineo, SubsistemaSaude) VALUES (140, "B-", 2);
INSERT INTO Pessoa (PessoaID, NumIdentificacao, Nome, Morada, Telefone, NumeroBeneficiario, Sexo, DataNascimento) VALUES (141, 65365875, "Carolyn Goodman", "morada", 994444842, 357099497, "F", "2009-07-21 02:30:44");
INSERT INTO Paciente (PessoaID, GrupoSanguineo, SubsistemaSaude) VALUES (141, "O-", 1);
INSERT INTO Pessoa (PessoaID, NumIdentificacao, Nome, Morada, Telefone, NumeroBeneficiario, Sexo, DataNascimento) VALUES (142, 61014347, "Jann Miller", "morada", 988519574, 703401600, "F", "1972-05-19 02:44:54");
INSERT INTO Paciente (PessoaID, GrupoSanguineo, SubsistemaSaude) VALUES (142, "O+", 1);
INSERT INTO Pessoa (PessoaID, NumIdentificacao, Nome, Morada, Telefone, NumeroBeneficiario, Sexo, DataNascimento) VALUES (143, 20605539, "Karla Scott", "morada", 953559330, 777566577, "F", "1973-10-18 04:31:37");
INSERT INTO Paciente (PessoaID, GrupoSanguineo) VALUES (143, "AB+");
INSERT INTO Pessoa (PessoaID, NumIdentificacao, Nome, Morada, Telefone, NumeroBeneficiario, Sexo, DataNascimento) VALUES (144, 90644280, "Dale Finch", "morada", 992547921, 418252994, "M", "1970-10-25 00:50:07");
INSERT INTO Paciente (PessoaID, GrupoSanguineo) VALUES (144, "A-");
INSERT INTO Pessoa (PessoaID, NumIdentificacao, Nome, Morada, Telefone, NumeroBeneficiario, Sexo, DataNascimento) VALUES (145, 34887344, "Alan Flores", "morada", 980401317, 773867851, "M", "2009-03-22 15:42:52");
INSERT INTO Paciente (PessoaID, GrupoSanguineo) VALUES (145, "O+");
INSERT INTO Pessoa (PessoaID, NumIdentificacao, Nome, Morada, Telefone, NumeroBeneficiario, Sexo, DataNascimento) VALUES (146, 76077815, "Darin Woods", "morada", 926567342, 233059804, "M", "1996-08-30 02:53:28");
INSERT INTO Paciente (PessoaID, GrupoSanguineo) VALUES (146, "B-");
INSERT INTO Pessoa (PessoaID, NumIdentificacao, Nome, Morada, Telefone, NumeroBeneficiario, Sexo, DataNascimento) VALUES (147, 41348194, "Mary Smith", "morada", 916567565, 800023771, "F", "1977-05-23 09:13:38");
INSERT INTO Paciente (PessoaID, GrupoSanguineo, SubsistemaSaude) VALUES (147, "A-", 1);
INSERT INTO Pessoa (PessoaID, NumIdentificacao, Nome, Morada, Telefone, NumeroBeneficiario, Sexo, DataNascimento) VALUES (148, 29772181, "Jamie Thomure", "morada", 951284481, 386903238, "F", "2000-05-27 16:16:48");
INSERT INTO Paciente (PessoaID, GrupoSanguineo) VALUES (148, "AB-");
INSERT INTO Pessoa (PessoaID, NumIdentificacao, Nome, Morada, Telefone, NumeroBeneficiario, Sexo, DataNascimento) VALUES (149, 20897631, "Willis Williams", "morada", 964395966, 606922996, "M", "1987-09-22 13:03:46");
INSERT INTO Paciente (PessoaID, GrupoSanguineo) VALUES (149, "B-");
INSERT INTO Pessoa (PessoaID, NumIdentificacao, Nome, Morada, Telefone, NumeroBeneficiario, Sexo, DataNascimento) VALUES (150, 13327685, "Connie Pat", "morada", 915720593, 293185335, "F", "2016-12-21 03:22:23");
INSERT INTO Paciente (PessoaID, GrupoSanguineo) VALUES (150, "AB-");
INSERT INTO Pessoa (PessoaID, NumIdentificacao, Nome, Morada, Telefone, NumeroBeneficiario, Sexo, DataNascimento) VALUES (151, 49559656, "Kenneth Miller", "morada", 974105372, 676777546, "M", "2017-01-22 06:59:58");
INSERT INTO Paciente (PessoaID, GrupoSanguineo) VALUES (151, "A-");
INSERT INTO Pessoa (PessoaID, NumIdentificacao, Nome, Morada, Telefone, NumeroBeneficiario, Sexo, DataNascimento) VALUES (152, 30232123, "Holly Hill", "morada", 986572709, 248952356, "F", "1972-08-18 18:04:42");
INSERT INTO Paciente (PessoaID, GrupoSanguineo) VALUES (152, "A+");
INSERT INTO Pessoa (PessoaID, NumIdentificacao, Nome, Morada, Telefone, NumeroBeneficiario, Sexo, DataNascimento) VALUES (153, 54088930, "Jean Endicott", "morada", 973765347, 940085215, "F", "1985-06-04 03:09:44");
INSERT INTO Paciente (PessoaID, GrupoSanguineo, SubsistemaSaude) VALUES (153, "B-", 1);
INSERT INTO Pessoa (PessoaID, NumIdentificacao, Nome, Morada, Telefone, NumeroBeneficiario, Sexo, DataNascimento) VALUES (154, 34696303, "Arthur Gregg", "morada", 983734032, 960160822, "M", "1998-06-18 17:28:50");
INSERT INTO Paciente (PessoaID, GrupoSanguineo, SubsistemaSaude) VALUES (154, "A+", 1);
INSERT INTO Pessoa (PessoaID, NumIdentificacao, Nome, Morada, Telefone, NumeroBeneficiario, Sexo, DataNascimento) VALUES (155, 76942267, "Joseph Castillo", "morada", 917548848, 747289688, "M", "1996-10-14 23:21:16");
INSERT INTO Paciente (PessoaID, GrupoSanguineo) VALUES (155, "A-");
INSERT INTO Pessoa (PessoaID, NumIdentificacao, Nome, Morada, Telefone, NumeroBeneficiario, Sexo, DataNascimento) VALUES (156, 37978612, "Christopher Lederman", "morada", 983642218, 833688097, "M", "1987-08-17 20:58:05");
INSERT INTO Paciente (PessoaID, GrupoSanguineo) VALUES (156, "O-");
INSERT INTO Pessoa (PessoaID, NumIdentificacao, Nome, Morada, Telefone, NumeroBeneficiario, Sexo, DataNascimento) VALUES (157, 82959497, "Amanda Welch", "morada", 924116925, 400452363, "F", "1973-03-05 02:12:03");
INSERT INTO Paciente (PessoaID, GrupoSanguineo) VALUES (157, "B-");
INSERT INTO Pessoa (PessoaID, NumIdentificacao, Nome, Morada, Telefone, NumeroBeneficiario, Sexo, DataNascimento) VALUES (158, 35154033, "Diane Nelson", "morada", 925146165, 932753000, "F", "1986-08-20 17:39:05");
INSERT INTO Paciente (PessoaID, GrupoSanguineo, SubsistemaSaude) VALUES (158, "A+", 1);
INSERT INTO Pessoa (PessoaID, NumIdentificacao, Nome, Morada, Telefone, NumeroBeneficiario, Sexo, DataNascimento) VALUES (159, 28726818, "Danielle Proffitt", "morada", 952864467, 595239048, "F", "1997-11-15 21:19:33");
INSERT INTO Paciente (PessoaID, GrupoSanguineo) VALUES (159, "B-");
INSERT INTO Pessoa (PessoaID, NumIdentificacao, Nome, Morada, Telefone, NumeroBeneficiario, Sexo, DataNascimento) VALUES (160, 63683927, "Robert Bowman", "morada", 974577331, 468692970, "M", "1994-08-11 09:04:58");
INSERT INTO Paciente (PessoaID, GrupoSanguineo) VALUES (160, "B-");
INSERT INTO Pessoa (PessoaID, NumIdentificacao, Nome, Morada, Telefone, NumeroBeneficiario, Sexo, DataNascimento) VALUES (161, 95980876, "Matthew Yates", "morada", 974044212, 768600928, "M", "1999-12-20 21:38:38");
INSERT INTO Paciente (PessoaID, GrupoSanguineo) VALUES (161, "B-");
INSERT INTO Pessoa (PessoaID, NumIdentificacao, Nome, Morada, Telefone, NumeroBeneficiario, Sexo, DataNascimento) VALUES (162, 32133100, "Jessie Horst", "morada", 970804562, 984688203, "F", "1977-09-11 04:22:06");
INSERT INTO Paciente (PessoaID, GrupoSanguineo) VALUES (162, "O-");
INSERT INTO Pessoa (PessoaID, NumIdentificacao, Nome, Morada, Telefone, NumeroBeneficiario, Sexo, DataNascimento) VALUES (163, 36397102, "Christina Silva", "morada", 988593116, 323282481, "F", "2018-07-16 11:51:01");
INSERT INTO Paciente (PessoaID, GrupoSanguineo) VALUES (163, "O-");
INSERT INTO Pessoa (PessoaID, NumIdentificacao, Nome, Morada, Telefone, NumeroBeneficiario, Sexo, DataNascimento) VALUES (164, 22932509, "Christine Lee", "morada", 990896576, 419579424, "F", "1970-10-23 19:01:52");
INSERT INTO Paciente (PessoaID, GrupoSanguineo, SubsistemaSaude) VALUES (164, "B-", 1);
INSERT INTO Pessoa (PessoaID, NumIdentificacao, Nome, Morada, Telefone, NumeroBeneficiario, Sexo, DataNascimento) VALUES (165, 20191425, "Dennis Jones", "morada", 922755857, 666896470, "M", "1981-03-23 21:38:41");
INSERT INTO Paciente (PessoaID, GrupoSanguineo) VALUES (165, "A-");
INSERT INTO Pessoa (PessoaID, NumIdentificacao, Nome, Morada, Telefone, NumeroBeneficiario, Sexo, DataNascimento) VALUES (166, 20471008, "Kent Smith", "morada", 992034048, 119466147, "M", "2016-08-22 15:40:43");
INSERT INTO Paciente (PessoaID, GrupoSanguineo, SubsistemaSaude) VALUES (166, "B-", 1);
INSERT INTO Pessoa (PessoaID, NumIdentificacao, Nome, Morada, Telefone, NumeroBeneficiario, Sexo, DataNascimento) VALUES (167, 91433168, "Salvador Samuelson", "morada", 981877492, 883145013, "M", "2012-07-14 02:20:23");
INSERT INTO Paciente (PessoaID, GrupoSanguineo, SubsistemaSaude) VALUES (167, "A-", 1);
INSERT INTO Pessoa (PessoaID, NumIdentificacao, Nome, Morada, Telefone, NumeroBeneficiario, Sexo, DataNascimento) VALUES (168, 68866870, "Elmer Ferrer", "morada", 941576035, 568841743, "M", "1981-07-08 05:41:46");
INSERT INTO Paciente (PessoaID, GrupoSanguineo, SubsistemaSaude) VALUES (168, "B+", 1);
INSERT INTO Pessoa (PessoaID, NumIdentificacao, Nome, Morada, Telefone, NumeroBeneficiario, Sexo, DataNascimento) VALUES (169, 77690824, "Patricia Nguyen", "morada", 949422535, 661064664, "F", "2005-07-03 10:50:06");
INSERT INTO Paciente (PessoaID, GrupoSanguineo) VALUES (169, "AB+");
INSERT INTO Pessoa (PessoaID, NumIdentificacao, Nome, Morada, Telefone, NumeroBeneficiario, Sexo, DataNascimento) VALUES (170, 88928570, "Don Dipaolo", "morada", 956744357, 560235526, "M", "1972-06-30 08:37:08");
INSERT INTO Paciente (PessoaID, GrupoSanguineo) VALUES (170, "B+");
INSERT INTO Pessoa (PessoaID, NumIdentificacao, Nome, Morada, Telefone, NumeroBeneficiario, Sexo, DataNascimento) VALUES (171, 70273210, "Janet Gonzalez", "morada", 993288552, 191624188, "F", "2015-02-11 18:45:04");
INSERT INTO Paciente (PessoaID, GrupoSanguineo) VALUES (171, "AB-");
INSERT INTO Pessoa (PessoaID, NumIdentificacao, Nome, Morada, Telefone, NumeroBeneficiario, Sexo, DataNascimento) VALUES (172, 97171525, "Connie Cruz", "morada", 997471785, 800349832, "F", "2016-12-08 09:06:47");
INSERT INTO Paciente (PessoaID, GrupoSanguineo) VALUES (172, "B-");
INSERT INTO Pessoa (PessoaID, NumIdentificacao, Nome, Morada, Telefone, NumeroBeneficiario, Sexo, DataNascimento) VALUES (173, 64990599, "Debora Zimmer", "morada", 948803482, 104761020, "F", "1981-07-30 17:06:40");
INSERT INTO Paciente (PessoaID, GrupoSanguineo, SubsistemaSaude) VALUES (173, "A+", 4);
INSERT INTO Pessoa (PessoaID, NumIdentificacao, Nome, Morada, Telefone, NumeroBeneficiario, Sexo, DataNascimento) VALUES (174, 90520481, "Ruth Williams", "morada", 961671871, 215292526, "F", "1996-02-28 09:16:40");
INSERT INTO Paciente (PessoaID, GrupoSanguineo) VALUES (174, "O+");
INSERT INTO Pessoa (PessoaID, NumIdentificacao, Nome, Morada, Telefone, NumeroBeneficiario, Sexo, DataNascimento) VALUES (175, 21497661, "Harry Hubbard", "morada", 956147312, 651790448, "M", "1975-06-28 23:03:33");
INSERT INTO Paciente (PessoaID, GrupoSanguineo) VALUES (175, "B-");
INSERT INTO Pessoa (PessoaID, NumIdentificacao, Nome, Morada, Telefone, NumeroBeneficiario, Sexo, DataNascimento) VALUES (176, 95308211, "Maria Johnson", "morada", 940683036, 532250110, "F", "2006-03-26 04:40:01");
INSERT INTO Paciente (PessoaID, GrupoSanguineo, SubsistemaSaude) VALUES (176, "O+", 1);
INSERT INTO Pessoa (PessoaID, NumIdentificacao, Nome, Morada, Telefone, NumeroBeneficiario, Sexo, DataNascimento) VALUES (177, 51189917, "Cleo Pippin", "morada", 911747673, 797021703, "F", "2018-10-19 22:47:24");
INSERT INTO Paciente (PessoaID, GrupoSanguineo) VALUES (177, "B-");
INSERT INTO Pessoa (PessoaID, NumIdentificacao, Nome, Morada, Telefone, NumeroBeneficiario, Sexo, DataNascimento) VALUES (178, 34939693, "Paula Genung", "morada", 961190989, 783617581, "F", "2005-05-26 13:47:22");
INSERT INTO Paciente (PessoaID, GrupoSanguineo, SubsistemaSaude) VALUES (178, "A+", 1);
INSERT INTO Pessoa (PessoaID, NumIdentificacao, Nome, Morada, Telefone, NumeroBeneficiario, Sexo, DataNascimento) VALUES (179, 55674268, "Amanda Fox", "morada", 982017398, 627406951, "F", "1979-11-06 19:11:48");
INSERT INTO Paciente (PessoaID, GrupoSanguineo) VALUES (179, "B+");
INSERT INTO Pessoa (PessoaID, NumIdentificacao, Nome, Morada, Telefone, NumeroBeneficiario, Sexo, DataNascimento) VALUES (180, 39926882, "Octavio Opteyndt", "morada", 991216969, 351106197, "M", "1977-11-23 07:12:26");
INSERT INTO Paciente (PessoaID, GrupoSanguineo) VALUES (180, "AB+");
INSERT INTO Pessoa (PessoaID, NumIdentificacao, Nome, Morada, Telefone, NumeroBeneficiario, Sexo, DataNascimento) VALUES (181, 86237636, "Keely Ritz", "morada", 967658903, 569038774, "F", "2004-01-17 02:59:04");
INSERT INTO Paciente (PessoaID, GrupoSanguineo, SubsistemaSaude) VALUES (181, "A+", 1);
INSERT INTO Pessoa (PessoaID, NumIdentificacao, Nome, Morada, Telefone, NumeroBeneficiario, Sexo, DataNascimento) VALUES (182, 55456964, "David Mendes", "morada", 920759272, 972739026, "M", "1999-05-23 01:03:03");
INSERT INTO Paciente (PessoaID, GrupoSanguineo) VALUES (182, "O-");
INSERT INTO Pessoa (PessoaID, NumIdentificacao, Nome, Morada, Telefone, NumeroBeneficiario, Sexo, DataNascimento) VALUES (183, 95238586, "Fannie Tryon", "morada", 944280654, 995218425, "F", "1988-02-08 09:32:58");
INSERT INTO Paciente (PessoaID, GrupoSanguineo) VALUES (183, "B-");
INSERT INTO Pessoa (PessoaID, NumIdentificacao, Nome, Morada, Telefone, NumeroBeneficiario, Sexo, DataNascimento) VALUES (184, 89836158, "Garfield Sorensen", "morada", 992331138, 820789786, "M", "2007-10-07 14:55:17");
INSERT INTO Paciente (PessoaID, GrupoSanguineo) VALUES (184, "A-");
INSERT INTO Pessoa (PessoaID, NumIdentificacao, Nome, Morada, Telefone, NumeroBeneficiario, Sexo, DataNascimento) VALUES (185, 54639382, "Ann Mcmillan", "morada", 967241312, 240292003, "F", "2017-12-19 02:45:28");
INSERT INTO Paciente (PessoaID, GrupoSanguineo, SubsistemaSaude) VALUES (185, "B-", 1);
INSERT INTO Pessoa (PessoaID, NumIdentificacao, Nome, Morada, Telefone, NumeroBeneficiario, Sexo, DataNascimento) VALUES (186, 93990331, "Rebecca Woods", "morada", 992914227, 290945866, "F", "2000-06-10 01:16:33");
INSERT INTO Paciente (PessoaID, GrupoSanguineo, SubsistemaSaude) VALUES (186, "AB-", 1);
INSERT INTO Pessoa (PessoaID, NumIdentificacao, Nome, Morada, Telefone, NumeroBeneficiario, Sexo, DataNascimento) VALUES (187, 70319332, "Pamela Smith", "morada", 948898583, 704173061, "F", "1989-06-12 13:13:55");
INSERT INTO Paciente (PessoaID, GrupoSanguineo) VALUES (187, "AB-");
INSERT INTO Pessoa (PessoaID, NumIdentificacao, Nome, Morada, Telefone, NumeroBeneficiario, Sexo, DataNascimento) VALUES (188, 11299922, "Jason Morgan", "morada", 972524831, 535034391, "M", "1995-03-14 08:47:52");
INSERT INTO Paciente (PessoaID, GrupoSanguineo) VALUES (188, "O+");
INSERT INTO Pessoa (PessoaID, NumIdentificacao, Nome, Morada, Telefone, NumeroBeneficiario, Sexo, DataNascimento) VALUES (189, 52964024, "Travis Zimmermann", "morada", 940941647, 129190932, "M", "1973-12-12 15:56:05");
INSERT INTO Paciente (PessoaID, GrupoSanguineo) VALUES (189, "AB+");
INSERT INTO Pessoa (PessoaID, NumIdentificacao, Nome, Morada, Telefone, NumeroBeneficiario, Sexo, DataNascimento) VALUES (190, 80026643, "Elizabeth Davis", "morada", 928859478, 629838159, "F", "2002-05-22 04:54:41");
INSERT INTO Paciente (PessoaID, GrupoSanguineo) VALUES (190, "B-");
INSERT INTO Pessoa (PessoaID, NumIdentificacao, Nome, Morada, Telefone, NumeroBeneficiario, Sexo, DataNascimento) VALUES (191, 89739974, "Lillian Busby", "morada", 921122028, 716023688, "F", "1989-07-21 06:14:29");
INSERT INTO Paciente (PessoaID, GrupoSanguineo) VALUES (191, "O-");
INSERT INTO Pessoa (PessoaID, NumIdentificacao, Nome, Morada, Telefone, NumeroBeneficiario, Sexo, DataNascimento) VALUES (192, 74831214, "Patricia Spencer", "morada", 932006130, 424199883, "F", "2008-07-02 18:19:54");
INSERT INTO Paciente (PessoaID, GrupoSanguineo, SubsistemaSaude) VALUES (192, "AB-", 1);
INSERT INTO Pessoa (PessoaID, NumIdentificacao, Nome, Morada, Telefone, NumeroBeneficiario, Sexo, DataNascimento) VALUES (193, 47457560, "Joe Hawley", "morada", 925282319, 997922003, "M", "1993-07-26 14:07:42");
INSERT INTO Paciente (PessoaID, GrupoSanguineo, SubsistemaSaude) VALUES (193, "O+", 1);
INSERT INTO Pessoa (PessoaID, NumIdentificacao, Nome, Morada, Telefone, NumeroBeneficiario, Sexo, DataNascimento) VALUES (194, 91546993, "Mary Myers", "morada", 937368193, 436437607, "F", "1975-07-24 13:58:56");
INSERT INTO Paciente (PessoaID, GrupoSanguineo) VALUES (194, "B-");
INSERT INTO Pessoa (PessoaID, NumIdentificacao, Nome, Morada, Telefone, NumeroBeneficiario, Sexo, DataNascimento) VALUES (195, 14721461, "Patricia Allen", "morada", 933293126, 823642084, "F", "2001-11-08 21:51:20");
INSERT INTO Paciente (PessoaID, GrupoSanguineo, SubsistemaSaude) VALUES (195, "A+", 2);
INSERT INTO Pessoa (PessoaID, NumIdentificacao, Nome, Morada, Telefone, NumeroBeneficiario, Sexo, DataNascimento) VALUES (196, 46158302, "Jeffrey Zemel", "morada", 983973713, 281707811, "M", "2014-01-04 00:08:09");
INSERT INTO Paciente (PessoaID, GrupoSanguineo) VALUES (196, "B-");
INSERT INTO Pessoa (PessoaID, NumIdentificacao, Nome, Morada, Telefone, NumeroBeneficiario, Sexo, DataNascimento) VALUES (197, 56856053, "Genevieve Crockett", "morada", 924754322, 370088228, "F", "1999-08-21 19:30:03");
INSERT INTO Paciente (PessoaID, GrupoSanguineo) VALUES (197, "O-");
INSERT INTO Pessoa (PessoaID, NumIdentificacao, Nome, Morada, Telefone, NumeroBeneficiario, Sexo, DataNascimento) VALUES (198, 61474862, "Alexis Culbreth", "morada", 970596473, 149745242, "F", "1983-08-28 06:34:14");
INSERT INTO Paciente (PessoaID, GrupoSanguineo) VALUES (198, "AB+");
INSERT INTO Pessoa (PessoaID, NumIdentificacao, Nome, Morada, Telefone, NumeroBeneficiario, Sexo, DataNascimento) VALUES (199, 43434789, "Susan Beck", "morada", 957783797, 742045390, "F", "1973-09-16 14:53:32");
INSERT INTO Paciente (PessoaID, GrupoSanguineo, SubsistemaSaude) VALUES (199, "AB-", 1);
INSERT INTO Pessoa (PessoaID, NumIdentificacao, Nome, Morada, Telefone, NumeroBeneficiario, Sexo, DataNascimento) VALUES (200, 57496741, "Carolyn Cobbs", "morada", 933852206, 723727038, "F", "1977-07-18 12:18:20");
INSERT INTO Paciente (PessoaID, GrupoSanguineo, SubsistemaSaude) VALUES (200, "O+", 1);
INSERT INTO Pessoa (PessoaID, NumIdentificacao, Nome, Morada, Telefone, NumeroBeneficiario, Sexo, DataNascimento) VALUES (201, 82517640, "Paul Cummings", "morada", 968263050, 435405848, "M", "1973-02-09 08:59:09");
INSERT INTO Paciente (PessoaID, GrupoSanguineo, SubsistemaSaude) VALUES (201, "O-", 1);
INSERT INTO Pessoa (PessoaID, NumIdentificacao, Nome, Morada, Telefone, NumeroBeneficiario, Sexo, DataNascimento) VALUES (202, 77693406, "Dorothy Jaramillo", "morada", 916318545, 433308809, "F", "2004-02-05 00:51:04");
INSERT INTO Paciente (PessoaID, GrupoSanguineo) VALUES (202, "A+");
INSERT INTO Pessoa (PessoaID, NumIdentificacao, Nome, Morada, Telefone, NumeroBeneficiario, Sexo, DataNascimento) VALUES (203, 30723948, "Judson Guerra", "morada", 941709120, 805694717, "M", "2018-03-18 15:34:48");
INSERT INTO Paciente (PessoaID, GrupoSanguineo) VALUES (203, "O-");
INSERT INTO Pessoa (PessoaID, NumIdentificacao, Nome, Morada, Telefone, NumeroBeneficiario, Sexo, DataNascimento) VALUES (204, 39415756, "Amy Shirley", "morada", 917896697, 900976433, "F", "1971-12-06 17:06:21");
INSERT INTO Paciente (PessoaID, GrupoSanguineo) VALUES (204, "A+");
INSERT INTO Pessoa (PessoaID, NumIdentificacao, Nome, Morada, Telefone, NumeroBeneficiario, Sexo, DataNascimento) VALUES (205, 57854721, "Nicholas Johnson", "morada", 971469287, 805195440, "M", "1975-07-17 05:15:51");
INSERT INTO Paciente (PessoaID, GrupoSanguineo) VALUES (205, "B+");
INSERT INTO Pessoa (PessoaID, NumIdentificacao, Nome, Morada, Telefone, NumeroBeneficiario, Sexo, DataNascimento) VALUES (206, 41238773, "Ruth Solis", "morada", 955241704, 673522429, "F", "2012-08-28 10:18:38");
INSERT INTO Paciente (PessoaID, GrupoSanguineo) VALUES (206, "A-");
INSERT INTO Pessoa (PessoaID, NumIdentificacao, Nome, Morada, Telefone, NumeroBeneficiario, Sexo, DataNascimento) VALUES (207, 47286062, "Kimberly Stone", "morada", 943979907, 983253180, "F", "1999-11-03 19:50:30");
INSERT INTO Paciente (PessoaID, GrupoSanguineo) VALUES (207, "O-");
INSERT INTO Pessoa (PessoaID, NumIdentificacao, Nome, Morada, Telefone, NumeroBeneficiario, Sexo, DataNascimento) VALUES (208, 60717742, "Gregory Crandall", "morada", 977617890, 495434670, "M", "1975-01-23 10:11:04");
INSERT INTO Paciente (PessoaID, GrupoSanguineo) VALUES (208, "A-");
INSERT INTO Pessoa (PessoaID, NumIdentificacao, Nome, Morada, Telefone, NumeroBeneficiario, Sexo, DataNascimento) VALUES (209, 56242593, "Samuel Andrews", "morada", 976618201, 808788399, "M", "2011-01-05 00:32:48");
INSERT INTO Paciente (PessoaID, GrupoSanguineo) VALUES (209, "O+");
INSERT INTO Pessoa (PessoaID, NumIdentificacao, Nome, Morada, Telefone, NumeroBeneficiario, Sexo, DataNascimento) VALUES (210, 67878559, "Mary Yi", "morada", 929578054, 700120092, "F", "2003-05-03 08:21:28");
INSERT INTO Paciente (PessoaID, GrupoSanguineo, SubsistemaSaude) VALUES (210, "O-", 1);
INSERT INTO Pessoa (PessoaID, NumIdentificacao, Nome, Morada, Telefone, NumeroBeneficiario, Sexo, DataNascimento) VALUES (211, 98482193, "James Jones", "morada", 951475230, 158307788, "M", "1977-02-23 17:46:59");
INSERT INTO Paciente (PessoaID, GrupoSanguineo) VALUES (211, "O+");
INSERT INTO Pessoa (PessoaID, NumIdentificacao, Nome, Morada, Telefone, NumeroBeneficiario, Sexo, DataNascimento) VALUES (212, 35940849, "Kathleen Raygosa", "morada", 960788478, 242425416, "F", "1995-05-12 04:50:34");
INSERT INTO Paciente (PessoaID, GrupoSanguineo) VALUES (212, "B-");
INSERT INTO Pessoa (PessoaID, NumIdentificacao, Nome, Morada, Telefone, NumeroBeneficiario, Sexo, DataNascimento) VALUES (213, 79406232, "Joyce Root", "morada", 947193970, 522826271, "F", "1986-06-04 01:04:03");
INSERT INTO Paciente (PessoaID, GrupoSanguineo) VALUES (213, "B+");
INSERT INTO Pessoa (PessoaID, NumIdentificacao, Nome, Morada, Telefone, NumeroBeneficiario, Sexo, DataNascimento) VALUES (214, 10444191, "Kimberly Hansen", "morada", 943195234, 287727629, "F", "1977-03-20 03:11:24");
INSERT INTO Paciente (PessoaID, GrupoSanguineo) VALUES (214, "O-");
INSERT INTO Pessoa (PessoaID, NumIdentificacao, Nome, Morada, Telefone, NumeroBeneficiario, Sexo, DataNascimento) VALUES (215, 13932477, "Pamela Williams", "morada", 980879173, 433333603, "F", "1990-08-02 10:10:50");
INSERT INTO Paciente (PessoaID, GrupoSanguineo) VALUES (215, "O-");
INSERT INTO Pessoa (PessoaID, NumIdentificacao, Nome, Morada, Telefone, NumeroBeneficiario, Sexo, DataNascimento) VALUES (216, 29940919, "Norman Drummond", "morada", 998801018, 700412550, "M", "2018-11-08 22:10:13");
INSERT INTO Paciente (PessoaID, GrupoSanguineo, SubsistemaSaude) VALUES (216, "O+", 2);
INSERT INTO Pessoa (PessoaID, NumIdentificacao, Nome, Morada, Telefone, NumeroBeneficiario, Sexo, DataNascimento) VALUES (217, 72418744, "Marcos Murphy", "morada", 928243029, 580339703, "M", "1986-08-13 10:38:09");
INSERT INTO Paciente (PessoaID, GrupoSanguineo) VALUES (217, "AB-");
INSERT INTO Pessoa (PessoaID, NumIdentificacao, Nome, Morada, Telefone, NumeroBeneficiario, Sexo, DataNascimento) VALUES (218, 31951816, "Ruben Herron", "morada", 983058669, 125645444, "M", "1990-03-07 21:09:09");
INSERT INTO Paciente (PessoaID, GrupoSanguineo) VALUES (218, "A+");
INSERT INTO Pessoa (PessoaID, NumIdentificacao, Nome, Morada, Telefone, NumeroBeneficiario, Sexo, DataNascimento) VALUES (219, 22531741, "Harold Cason", "morada", 965639433, 623146442, "M", "1986-08-08 14:06:19");
INSERT INTO Paciente (PessoaID, GrupoSanguineo, SubsistemaSaude) VALUES (219, "B-", 1);
INSERT INTO Pessoa (PessoaID, NumIdentificacao, Nome, Morada, Telefone, NumeroBeneficiario, Sexo, DataNascimento) VALUES (220, 31404917, "William Bennett", "morada", 949518554, 685052762, "M", "1993-06-06 02:44:22");
INSERT INTO Paciente (PessoaID, GrupoSanguineo, SubsistemaSaude) VALUES (220, "O-", 3);
INSERT INTO Pessoa (PessoaID, NumIdentificacao, Nome, Morada, Telefone, NumeroBeneficiario, Sexo, DataNascimento) VALUES (221, 65269276, "Lucie Dunn", "morada", 996782520, 552946407, "F", "2003-07-05 13:23:55");
INSERT INTO Paciente (PessoaID, GrupoSanguineo, SubsistemaSaude) VALUES (221, "O-", 1);
INSERT INTO Pessoa (PessoaID, NumIdentificacao, Nome, Morada, Telefone, NumeroBeneficiario, Sexo, DataNascimento) VALUES (222, 12132816, "Paul Begay", "morada", 997751813, 858051930, "M", "1990-07-07 15:19:57");
INSERT INTO Paciente (PessoaID, GrupoSanguineo, SubsistemaSaude) VALUES (222, "B+", 2);
INSERT INTO Pessoa (PessoaID, NumIdentificacao, Nome, Morada, Telefone, NumeroBeneficiario, Sexo, DataNascimento) VALUES (223, 79574893, "Paul Welch", "morada", 968087382, 767806773, "M", "2010-07-20 10:50:22");
INSERT INTO Paciente (PessoaID, GrupoSanguineo) VALUES (223, "B+");
INSERT INTO Pessoa (PessoaID, NumIdentificacao, Nome, Morada, Telefone, NumeroBeneficiario, Sexo, DataNascimento) VALUES (224, 27944805, "Jim Croes", "morada", 960509169, 842892810, "M", "1970-12-12 02:50:29");
INSERT INTO Paciente (PessoaID, GrupoSanguineo, SubsistemaSaude) VALUES (224, "AB-", 1);
INSERT INTO Pessoa (PessoaID, NumIdentificacao, Nome, Morada, Telefone, NumeroBeneficiario, Sexo, DataNascimento) VALUES (225, 35124287, "Glen Christie", "morada", 931008442, 101781342, "M", "1974-10-09 21:23:06");
INSERT INTO Paciente (PessoaID, GrupoSanguineo) VALUES (225, "AB+");
INSERT INTO Pessoa (PessoaID, NumIdentificacao, Nome, Morada, Telefone, NumeroBeneficiario, Sexo, DataNascimento) VALUES (226, 83582516, "Tracy Getz", "morada", 951241622, 419294179, "M", "1978-03-08 11:46:17");
INSERT INTO Paciente (PessoaID, GrupoSanguineo, SubsistemaSaude) VALUES (226, "A+", 2);
INSERT INTO Pessoa (PessoaID, NumIdentificacao, Nome, Morada, Telefone, NumeroBeneficiario, Sexo, DataNascimento) VALUES (227, 56877241, "Wm Duckworth", "morada", 926338747, 630307653, "M", "1972-01-18 01:02:06");
INSERT INTO Paciente (PessoaID, GrupoSanguineo, SubsistemaSaude) VALUES (227, "AB-", 2);
INSERT INTO Pessoa (PessoaID, NumIdentificacao, Nome, Morada, Telefone, NumeroBeneficiario, Sexo, DataNascimento) VALUES (228, 45711155, "Ron Strong", "morada", 948484828, 457530148, "M", "2012-03-30 02:53:31");
INSERT INTO Paciente (PessoaID, GrupoSanguineo) VALUES (228, "O-");
INSERT INTO Pessoa (PessoaID, NumIdentificacao, Nome, Morada, Telefone, NumeroBeneficiario, Sexo, DataNascimento) VALUES (229, 56925253, "Arnold Rogers", "morada", 938465218, 806679389, "M", "1981-03-01 22:02:50");
INSERT INTO Paciente (PessoaID, GrupoSanguineo, SubsistemaSaude) VALUES (229, "A+", 1);
INSERT INTO Pessoa (PessoaID, NumIdentificacao, Nome, Morada, Telefone, NumeroBeneficiario, Sexo, DataNascimento) VALUES (230, 19814352, "Holly Campos", "morada", 996846437, 245854511, "F", "2009-03-21 00:36:19");
INSERT INTO Paciente (PessoaID, GrupoSanguineo) VALUES (230, "B-");
INSERT INTO Pessoa (PessoaID, NumIdentificacao, Nome, Morada, Telefone, NumeroBeneficiario, Sexo, DataNascimento) VALUES (231, 44605801, "Megan Brown", "morada", 986214105, 442046238, "F", "1994-02-15 17:18:34");
INSERT INTO Paciente (PessoaID, GrupoSanguineo, SubsistemaSaude) VALUES (231, "A+", 1);
INSERT INTO Pessoa (PessoaID, NumIdentificacao, Nome, Morada, Telefone, NumeroBeneficiario, Sexo, DataNascimento) VALUES (232, 90823670, "Anita Rios", "morada", 984018334, 798185022, "F", "1980-06-25 06:07:26");
INSERT INTO Paciente (PessoaID, GrupoSanguineo, SubsistemaSaude) VALUES (232, "AB+", 3);
INSERT INTO Pessoa (PessoaID, NumIdentificacao, Nome, Morada, Telefone, NumeroBeneficiario, Sexo, DataNascimento) VALUES (233, 64808439, "Dennis Gordon", "morada", 983469059, 942067546, "M", "1979-08-04 11:25:13");
INSERT INTO Paciente (PessoaID, GrupoSanguineo, SubsistemaSaude) VALUES (233, "O+", 1);
INSERT INTO Pessoa (PessoaID, NumIdentificacao, Nome, Morada, Telefone, NumeroBeneficiario, Sexo, DataNascimento) VALUES (234, 24590655, "Marcia Denyes", "morada", 922056346, 987392656, "F", "1978-01-12 16:02:29");
INSERT INTO Paciente (PessoaID, GrupoSanguineo, SubsistemaSaude) VALUES (234, "O-", 1);
INSERT INTO Pessoa (PessoaID, NumIdentificacao, Nome, Morada, Telefone, NumeroBeneficiario, Sexo, DataNascimento) VALUES (235, 49232072, "Mildred Smith", "morada", 958131365, 987513729, "F", "2000-02-25 09:16:02");
INSERT INTO Paciente (PessoaID, GrupoSanguineo) VALUES (235, "A+");
INSERT INTO Pessoa (PessoaID, NumIdentificacao, Nome, Morada, Telefone, NumeroBeneficiario, Sexo, DataNascimento) VALUES (236, 77527352, "Duane Biancuzzo", "morada", 924923981, 486880287, "M", "1998-07-17 01:02:42");
INSERT INTO Paciente (PessoaID, GrupoSanguineo, SubsistemaSaude) VALUES (236, "A+", 1);
INSERT INTO Pessoa (PessoaID, NumIdentificacao, Nome, Morada, Telefone, NumeroBeneficiario, Sexo, DataNascimento) VALUES (237, 66576365, "Lacey Battles", "morada", 991363429, 371742322, "F", "2003-06-23 01:18:50");
INSERT INTO Paciente (PessoaID, GrupoSanguineo) VALUES (237, "AB+");
INSERT INTO Pessoa (PessoaID, NumIdentificacao, Nome, Morada, Telefone, NumeroBeneficiario, Sexo, DataNascimento) VALUES (238, 37334870, "William Clark", "morada", 911661501, 839558963, "M", "2002-01-01 05:20:25");
INSERT INTO Paciente (PessoaID, GrupoSanguineo) VALUES (238, "O+");
INSERT INTO Pessoa (PessoaID, NumIdentificacao, Nome, Morada, Telefone, NumeroBeneficiario, Sexo, DataNascimento) VALUES (239, 22440592, "Gregory Higginbotham", "morada", 944267953, 414824535, "M", "2011-05-04 12:42:37");
INSERT INTO Paciente (PessoaID, GrupoSanguineo) VALUES (239, "B-");
INSERT INTO Pessoa (PessoaID, NumIdentificacao, Nome, Morada, Telefone, NumeroBeneficiario, Sexo, DataNascimento) VALUES (240, 79758908, "Patricia Messer", "morada", 982903572, 902094091, "F", "2003-07-23 17:04:23");
INSERT INTO Paciente (PessoaID, GrupoSanguineo) VALUES (240, "A+");
INSERT INTO Pessoa (PessoaID, NumIdentificacao, Nome, Morada, Telefone, NumeroBeneficiario, Sexo, DataNascimento) VALUES (241, 87273818, "Jeanne Johnson", "morada", 925800522, 113493787, "F", "1980-07-16 15:33:27");
INSERT INTO Paciente (PessoaID, GrupoSanguineo, SubsistemaSaude) VALUES (241, "O+", 1);
INSERT INTO Pessoa (PessoaID, NumIdentificacao, Nome, Morada, Telefone, NumeroBeneficiario, Sexo, DataNascimento) VALUES (242, 69384552, "William Jones", "morada", 945153290, 494743847, "M", "1972-09-25 00:57:02");
INSERT INTO Paciente (PessoaID, GrupoSanguineo) VALUES (242, "O+");
INSERT INTO Pessoa (PessoaID, NumIdentificacao, Nome, Morada, Telefone, NumeroBeneficiario, Sexo, DataNascimento) VALUES (243, 71510815, "Ronald Townsend", "morada", 968074716, 148541288, "M", "1996-01-23 16:05:26");
INSERT INTO Paciente (PessoaID, GrupoSanguineo, SubsistemaSaude) VALUES (243, "B+", 1);
INSERT INTO Pessoa (PessoaID, NumIdentificacao, Nome, Morada, Telefone, NumeroBeneficiario, Sexo, DataNascimento) VALUES (244, 71483172, "Nell Merritt", "morada", 925134653, 994868079, "F", "2016-05-19 22:35:56");
INSERT INTO Paciente (PessoaID, GrupoSanguineo) VALUES (244, "B+");
INSERT INTO Pessoa (PessoaID, NumIdentificacao, Nome, Morada, Telefone, NumeroBeneficiario, Sexo, DataNascimento) VALUES (245, 42434268, "Ann Smith", "morada", 984088523, 403272452, "F", "2019-07-02 16:41:50");
INSERT INTO Paciente (PessoaID, GrupoSanguineo) VALUES (245, "AB+");
INSERT INTO Pessoa (PessoaID, NumIdentificacao, Nome, Morada, Telefone, NumeroBeneficiario, Sexo, DataNascimento) VALUES (246, 84647526, "Robert Conroy", "morada", 929471813, 471827033, "M", "1986-08-05 06:41:46");
INSERT INTO Paciente (PessoaID, GrupoSanguineo) VALUES (246, "AB-");
INSERT INTO Pessoa (PessoaID, NumIdentificacao, Nome, Morada, Telefone, NumeroBeneficiario, Sexo, DataNascimento) VALUES (247, 21118823, "Carolyn Smith", "morada", 964949389, 408102243, "F", "1988-08-04 08:40:36");
INSERT INTO Paciente (PessoaID, GrupoSanguineo) VALUES (247, "A+");
INSERT INTO Pessoa (PessoaID, NumIdentificacao, Nome, Morada, Telefone, NumeroBeneficiario, Sexo, DataNascimento) VALUES (248, 42080851, "Chelsea Escobar", "morada", 947309279, 524500856, "F", "2018-01-28 08:53:48");
INSERT INTO Paciente (PessoaID, GrupoSanguineo) VALUES (248, "AB+");
INSERT INTO Pessoa (PessoaID, NumIdentificacao, Nome, Morada, Telefone, NumeroBeneficiario, Sexo, DataNascimento) VALUES (249, 14641517, "George Romanik", "morada", 988521463, 878744789, "M", "1997-08-06 06:12:50");
INSERT INTO Paciente (PessoaID, GrupoSanguineo) VALUES (249, "AB-");
INSERT INTO Pessoa (PessoaID, NumIdentificacao, Nome, Morada, Telefone, NumeroBeneficiario, Sexo, DataNascimento) VALUES (250, 45074361, "Addie Karpinen", "morada", 958229797, 179727631, "F", "2001-10-12 10:58:04");
INSERT INTO Paciente (PessoaID, GrupoSanguineo) VALUES (250, "A+");
INSERT INTO Pessoa (PessoaID, NumIdentificacao, Nome, Morada, Telefone, NumeroBeneficiario, Sexo, DataNascimento) VALUES (251, 43941569, "Jeni Swafford", "morada", 967360110, 982171012, "F", "2001-11-27 10:24:29");
INSERT INTO Paciente (PessoaID, GrupoSanguineo) VALUES (251, "O+");
INSERT INTO Pessoa (PessoaID, NumIdentificacao, Nome, Morada, Telefone, NumeroBeneficiario, Sexo, DataNascimento) VALUES (252, 31874638, "Allison Burns", "morada", 934889729, 644946884, "F", "2016-02-21 10:50:50");
INSERT INTO Paciente (PessoaID, GrupoSanguineo) VALUES (252, "A-");
INSERT INTO Pessoa (PessoaID, NumIdentificacao, Nome, Morada, Telefone, NumeroBeneficiario, Sexo, DataNascimento) VALUES (253, 40339501, "Karl Dowling", "morada", 965236959, 611829486, "M", "2018-07-04 05:07:21");
INSERT INTO Paciente (PessoaID, GrupoSanguineo) VALUES (253, "O-");
INSERT INTO Pessoa (PessoaID, NumIdentificacao, Nome, Morada, Telefone, NumeroBeneficiario, Sexo, DataNascimento) VALUES (254, 28663822, "David Wood", "morada", 924093251, 863023581, "M", "2017-01-25 11:11:19");
INSERT INTO Paciente (PessoaID, GrupoSanguineo) VALUES (254, "AB-");
INSERT INTO Pessoa (PessoaID, NumIdentificacao, Nome, Morada, Telefone, NumeroBeneficiario, Sexo, DataNascimento) VALUES (255, 27629263, "James Barber", "morada", 923117788, 832768040, "M", "1977-03-14 13:58:54");
INSERT INTO Paciente (PessoaID, GrupoSanguineo) VALUES (255, "AB-");
INSERT INTO Pessoa (PessoaID, NumIdentificacao, Nome, Morada, Telefone, NumeroBeneficiario, Sexo, DataNascimento) VALUES (256, 63569396, "Waldo Donald", "morada", 999587594, 671174556, "M", "1990-05-07 14:06:53");
INSERT INTO Paciente (PessoaID, GrupoSanguineo, SubsistemaSaude) VALUES (256, "A-", 2);
INSERT INTO Pessoa (PessoaID, NumIdentificacao, Nome, Morada, Telefone, NumeroBeneficiario, Sexo, DataNascimento) VALUES (257, 84657886, "David Jarvie", "morada", 926266462, 965788095, "M", "1991-07-24 05:47:18");
INSERT INTO Paciente (PessoaID, GrupoSanguineo, SubsistemaSaude) VALUES (257, "A-", 1);
INSERT INTO Pessoa (PessoaID, NumIdentificacao, Nome, Morada, Telefone, NumeroBeneficiario, Sexo, DataNascimento) VALUES (258, 64256018, "David Anglin", "morada", 926404270, 588805786, "M", "1977-05-06 01:22:10");
INSERT INTO Paciente (PessoaID, GrupoSanguineo, SubsistemaSaude) VALUES (258, "B+", 1);
INSERT INTO Pessoa (PessoaID, NumIdentificacao, Nome, Morada, Telefone, NumeroBeneficiario, Sexo, DataNascimento) VALUES (259, 22929847, "Marquetta Rickman", "morada", 925382681, 345126727, "F", "2016-11-13 20:21:52");
INSERT INTO Paciente (PessoaID, GrupoSanguineo) VALUES (259, "A-");
INSERT INTO Pessoa (PessoaID, NumIdentificacao, Nome, Morada, Telefone, NumeroBeneficiario, Sexo, DataNascimento) VALUES (260, 77277491, "Harold Kerr", "morada", 978224628, 843516701, "M", "1996-05-31 02:50:12");
INSERT INTO Paciente (PessoaID, GrupoSanguineo, SubsistemaSaude) VALUES (260, "AB-", 1);
INSERT INTO Pessoa (PessoaID, NumIdentificacao, Nome, Morada, Telefone, NumeroBeneficiario, Sexo, DataNascimento) VALUES (261, 41088605, "Gerald Ashley", "morada", 929199558, 556893007, "M", "2017-05-11 21:31:09");
INSERT INTO Paciente (PessoaID, GrupoSanguineo, SubsistemaSaude) VALUES (261, "A-", 1);
INSERT INTO Pessoa (PessoaID, NumIdentificacao, Nome, Morada, Telefone, NumeroBeneficiario, Sexo, DataNascimento) VALUES (262, 83730431, "John Weng", "morada", 997557770, 429635841, "M", "2005-08-06 11:49:10");
INSERT INTO Paciente (PessoaID, GrupoSanguineo, SubsistemaSaude) VALUES (262, "AB-", 1);
INSERT INTO Pessoa (PessoaID, NumIdentificacao, Nome, Morada, Telefone, NumeroBeneficiario, Sexo, DataNascimento) VALUES (263, 39365725, "Stephen Nehlsen", "morada", 955501304, 377308777, "M", "1982-11-10 07:58:05");
INSERT INTO Paciente (PessoaID, GrupoSanguineo, SubsistemaSaude) VALUES (263, "O-", 2);
INSERT INTO Pessoa (PessoaID, NumIdentificacao, Nome, Morada, Telefone, NumeroBeneficiario, Sexo, DataNascimento) VALUES (264, 14338956, "Christopher Hundley", "morada", 946476564, 760000034, "M", "2011-08-24 11:06:55");
INSERT INTO Paciente (PessoaID, GrupoSanguineo) VALUES (264, "AB+");
INSERT INTO Pessoa (PessoaID, NumIdentificacao, Nome, Morada, Telefone, NumeroBeneficiario, Sexo, DataNascimento) VALUES (265, 18973416, "Gladys Gable", "morada", 978009114, 654775763, "F", "2013-06-29 11:49:47");
INSERT INTO Paciente (PessoaID, GrupoSanguineo, SubsistemaSaude) VALUES (265, "O-", 1);
INSERT INTO Pessoa (PessoaID, NumIdentificacao, Nome, Morada, Telefone, NumeroBeneficiario, Sexo, DataNascimento) VALUES (266, 21432326, "Marta Galan", "morada", 955189498, 604482347, "F", "1981-06-25 19:01:25");
INSERT INTO Paciente (PessoaID, GrupoSanguineo) VALUES (266, "A-");
INSERT INTO Pessoa (PessoaID, NumIdentificacao, Nome, Morada, Telefone, NumeroBeneficiario, Sexo, DataNascimento) VALUES (267, 10017695, "Sally Holmes", "morada", 991965812, 690675909, "F", "1973-10-23 05:52:24");
INSERT INTO Paciente (PessoaID, GrupoSanguineo, SubsistemaSaude) VALUES (267, "A-", 1);
INSERT INTO Pessoa (PessoaID, NumIdentificacao, Nome, Morada, Telefone, NumeroBeneficiario, Sexo, DataNascimento) VALUES (268, 76488629, "Andrew Naquin", "morada", 912998231, 302083757, "M", "1992-11-02 23:57:30");
INSERT INTO Paciente (PessoaID, GrupoSanguineo, SubsistemaSaude) VALUES (268, "A+", 1);
INSERT INTO Pessoa (PessoaID, NumIdentificacao, Nome, Morada, Telefone, NumeroBeneficiario, Sexo, DataNascimento) VALUES (269, 82125325, "Carol Adams", "morada", 976286949, 908379276, "F", "2009-02-25 16:27:53");
INSERT INTO Paciente (PessoaID, GrupoSanguineo, SubsistemaSaude) VALUES (269, "O+", 1);
INSERT INTO Pessoa (PessoaID, NumIdentificacao, Nome, Morada, Telefone, NumeroBeneficiario, Sexo, DataNascimento) VALUES (270, 84011292, "Jay Williams", "morada", 994093460, 869984044, "M", "1980-02-17 17:42:56");
INSERT INTO Paciente (PessoaID, GrupoSanguineo) VALUES (270, "A+");
INSERT INTO Pessoa (PessoaID, NumIdentificacao, Nome, Morada, Telefone, NumeroBeneficiario, Sexo, DataNascimento) VALUES (271, 48956443, "Michelle Davis", "morada", 991977018, 521914509, "F", "2005-09-27 00:42:32");
INSERT INTO Paciente (PessoaID, GrupoSanguineo) VALUES (271, "O-");
INSERT INTO Pessoa (PessoaID, NumIdentificacao, Nome, Morada, Telefone, NumeroBeneficiario, Sexo, DataNascimento) VALUES (272, 38635317, "Homer Zook", "morada", 925810071, 121058523, "M", "1990-10-05 20:46:08");
INSERT INTO Paciente (PessoaID, GrupoSanguineo, SubsistemaSaude) VALUES (272, "A+", 1);
INSERT INTO Pessoa (PessoaID, NumIdentificacao, Nome, Morada, Telefone, NumeroBeneficiario, Sexo, DataNascimento) VALUES (273, 26770121, "Karen Samuelson", "morada", 915981606, 811881813, "F", "2008-01-24 02:44:40");
INSERT INTO Paciente (PessoaID, GrupoSanguineo) VALUES (273, "O-");
INSERT INTO Pessoa (PessoaID, NumIdentificacao, Nome, Morada, Telefone, NumeroBeneficiario, Sexo, DataNascimento) VALUES (274, 29877260, "Irma Mcbride", "morada", 952196563, 559329693, "F", "1976-06-17 02:19:11");
INSERT INTO Paciente (PessoaID, GrupoSanguineo) VALUES (274, "AB-");
INSERT INTO Pessoa (PessoaID, NumIdentificacao, Nome, Morada, Telefone, NumeroBeneficiario, Sexo, DataNascimento) VALUES (275, 91037804, "Melissa Hundley", "morada", 918847144, 170682244, "F", "1993-04-26 17:48:06");
INSERT INTO Paciente (PessoaID, GrupoSanguineo, SubsistemaSaude) VALUES (275, "A-", 1);
INSERT INTO Pessoa (PessoaID, NumIdentificacao, Nome, Morada, Telefone, NumeroBeneficiario, Sexo, DataNascimento) VALUES (276, 36654122, "Richard Martino", "morada", 943428055, 823376412, "M", "2011-12-26 02:59:50");
INSERT INTO Paciente (PessoaID, GrupoSanguineo) VALUES (276, "A+");
INSERT INTO Pessoa (PessoaID, NumIdentificacao, Nome, Morada, Telefone, NumeroBeneficiario, Sexo, DataNascimento) VALUES (277, 14508769, "Arthur Redfield", "morada", 937831297, 222665477, "M", "1973-11-10 18:16:04");
INSERT INTO Paciente (PessoaID, GrupoSanguineo) VALUES (277, "AB+");
INSERT INTO Pessoa (PessoaID, NumIdentificacao, Nome, Morada, Telefone, NumeroBeneficiario, Sexo, DataNascimento) VALUES (278, 89827867, "Christina Brewer", "morada", 931615014, 287170346, "F", "1972-02-02 11:18:04");
INSERT INTO Paciente (PessoaID, GrupoSanguineo) VALUES (278, "A-");
INSERT INTO Pessoa (PessoaID, NumIdentificacao, Nome, Morada, Telefone, NumeroBeneficiario, Sexo, DataNascimento) VALUES (279, 26078787, "Max Tanner", "morada", 949241508, 905162218, "M", "2001-03-22 03:45:07");
INSERT INTO Paciente (PessoaID, GrupoSanguineo) VALUES (279, "O+");
INSERT INTO Pessoa (PessoaID, NumIdentificacao, Nome, Morada, Telefone, NumeroBeneficiario, Sexo, DataNascimento) VALUES (280, 15780471, "Amanda Dagan", "morada", 983145388, 234882566, "F", "2012-06-20 08:38:21");
INSERT INTO Paciente (PessoaID, GrupoSanguineo) VALUES (280, "A-");
INSERT INTO Pessoa (PessoaID, NumIdentificacao, Nome, Morada, Telefone, NumeroBeneficiario, Sexo, DataNascimento) VALUES (281, 29361351, "Paula Murray", "morada", 948365777, 774802226, "F", "1986-05-04 11:10:11");
INSERT INTO Paciente (PessoaID, GrupoSanguineo) VALUES (281, "B-");
INSERT INTO Pessoa (PessoaID, NumIdentificacao, Nome, Morada, Telefone, NumeroBeneficiario, Sexo, DataNascimento) VALUES (282, 50500517, "Kathy Parker", "morada", 945048681, 125958435, "F", "2018-06-18 23:41:44");
INSERT INTO Paciente (PessoaID, GrupoSanguineo) VALUES (282, "O+");
INSERT INTO Pessoa (PessoaID, NumIdentificacao, Nome, Morada, Telefone, NumeroBeneficiario, Sexo, DataNascimento) VALUES (283, 43795372, "Jason Stanley", "morada", 955818203, 609932539, "M", "2012-12-20 14:53:16");
INSERT INTO Paciente (PessoaID, GrupoSanguineo, SubsistemaSaude) VALUES (283, "A-", 1);
INSERT INTO Pessoa (PessoaID, NumIdentificacao, Nome, Morada, Telefone, NumeroBeneficiario, Sexo, DataNascimento) VALUES (284, 62731690, "Francine Rameriz", "morada", 965622573, 200951802, "F", "2002-09-16 09:30:43");
INSERT INTO Paciente (PessoaID, GrupoSanguineo, SubsistemaSaude) VALUES (284, "O+", 3);
INSERT INTO Pessoa (PessoaID, NumIdentificacao, Nome, Morada, Telefone, NumeroBeneficiario, Sexo, DataNascimento) VALUES (285, 83271539, "Laura Jackson", "morada", 987570339, 775216156, "F", "2011-02-05 04:33:03");
INSERT INTO Paciente (PessoaID, GrupoSanguineo) VALUES (285, "A-");
INSERT INTO Pessoa (PessoaID, NumIdentificacao, Nome, Morada, Telefone, NumeroBeneficiario, Sexo, DataNascimento) VALUES (286, 96962804, "Gene Rhodes", "morada", 983499631, 762677538, "M", "2009-05-15 11:56:26");
INSERT INTO Paciente (PessoaID, GrupoSanguineo) VALUES (286, "O-");
INSERT INTO Pessoa (PessoaID, NumIdentificacao, Nome, Morada, Telefone, NumeroBeneficiario, Sexo, DataNascimento) VALUES (287, 42302048, "Joseph Reed", "morada", 975556158, 166173971, "M", "1990-10-31 23:04:39");
INSERT INTO Paciente (PessoaID, GrupoSanguineo, SubsistemaSaude) VALUES (287, "B-", 1);
INSERT INTO Pessoa (PessoaID, NumIdentificacao, Nome, Morada, Telefone, NumeroBeneficiario, Sexo, DataNascimento) VALUES (288, 49786909, "Marian Borrego", "morada", 945943389, 797402886, "F", "1974-12-09 14:12:54");
INSERT INTO Paciente (PessoaID, GrupoSanguineo) VALUES (288, "B-");
INSERT INTO Pessoa (PessoaID, NumIdentificacao, Nome, Morada, Telefone, NumeroBeneficiario, Sexo, DataNascimento) VALUES (289, 89234017, "Jordan Neal", "morada", 958681154, 298081908, "M", "1986-12-01 07:18:20");
INSERT INTO Paciente (PessoaID, GrupoSanguineo) VALUES (289, "B-");
INSERT INTO Pessoa (PessoaID, NumIdentificacao, Nome, Morada, Telefone, NumeroBeneficiario, Sexo, DataNascimento) VALUES (290, 23335715, "Maria Godwin", "morada", 980443125, 123298651, "F", "1991-02-17 19:16:48");
INSERT INTO Paciente (PessoaID, GrupoSanguineo) VALUES (290, "A-");
INSERT INTO Pessoa (PessoaID, NumIdentificacao, Nome, Morada, Telefone, NumeroBeneficiario, Sexo, DataNascimento) VALUES (291, 24341683, "Bryan Simmons", "morada", 990378060, 320846897, "M", "1990-04-07 12:52:36");
INSERT INTO Paciente (PessoaID, GrupoSanguineo, SubsistemaSaude) VALUES (291, "A+", 1);
INSERT INTO Pessoa (PessoaID, NumIdentificacao, Nome, Morada, Telefone, NumeroBeneficiario, Sexo, DataNascimento) VALUES (292, 82433276, "Betty Endo", "morada", 971195405, 546867560, "F", "1974-10-12 00:03:27");
INSERT INTO Paciente (PessoaID, GrupoSanguineo, SubsistemaSaude) VALUES (292, "A-", 1);
INSERT INTO Pessoa (PessoaID, NumIdentificacao, Nome, Morada, Telefone, NumeroBeneficiario, Sexo, DataNascimento) VALUES (293, 63485232, "Lucille Doherty", "morada", 918419358, 917520357, "F", "1985-07-13 01:36:12");
INSERT INTO Paciente (PessoaID, GrupoSanguineo) VALUES (293, "A-");
INSERT INTO Pessoa (PessoaID, NumIdentificacao, Nome, Morada, Telefone, NumeroBeneficiario, Sexo, DataNascimento) VALUES (294, 87905343, "Vickie Matthews", "morada", 980877037, 864211886, "F", "1975-03-07 11:32:43");
INSERT INTO Paciente (PessoaID, GrupoSanguineo) VALUES (294, "B-");
INSERT INTO Pessoa (PessoaID, NumIdentificacao, Nome, Morada, Telefone, NumeroBeneficiario, Sexo, DataNascimento) VALUES (295, 94975235, "Sheryl Ellis", "morada", 931720737, 721253041, "F", "1984-07-10 04:56:07");
INSERT INTO Paciente (PessoaID, GrupoSanguineo, SubsistemaSaude) VALUES (295, "A-", 4);
INSERT INTO Pessoa (PessoaID, NumIdentificacao, Nome, Morada, Telefone, NumeroBeneficiario, Sexo, DataNascimento) VALUES (296, 54106725, "Frances Beck", "morada", 972468015, 804594848, "F", "1989-04-06 08:06:41");
INSERT INTO Paciente (PessoaID, GrupoSanguineo) VALUES (296, "A+");
INSERT INTO Pessoa (PessoaID, NumIdentificacao, Nome, Morada, Telefone, NumeroBeneficiario, Sexo, DataNascimento) VALUES (297, 23496651, "David Hults", "morada", 984012284, 481137996, "M", "2011-01-01 10:55:12");
INSERT INTO Paciente (PessoaID, GrupoSanguineo) VALUES (297, "A-");
INSERT INTO Pessoa (PessoaID, NumIdentificacao, Nome, Morada, Telefone, NumeroBeneficiario, Sexo, DataNascimento) VALUES (298, 66830583, "Jean Hoey", "morada", 970599484, 831180286, "F", "1972-02-22 00:26:00");
INSERT INTO Paciente (PessoaID, GrupoSanguineo, SubsistemaSaude) VALUES (298, "A-", 1);
INSERT INTO Pessoa (PessoaID, NumIdentificacao, Nome, Morada, Telefone, NumeroBeneficiario, Sexo, DataNascimento) VALUES (299, 73785873, "Wallace Maguire", "morada", 948079252, 787663117, "M", "1973-05-01 05:11:52");
INSERT INTO Paciente (PessoaID, GrupoSanguineo) VALUES (299, "B-");
INSERT INTO Pessoa (PessoaID, NumIdentificacao, Nome, Morada, Telefone, NumeroBeneficiario, Sexo, DataNascimento) VALUES (300, 47862997, "Luz Watland", "morada", 992985285, 371255371, "F", "1976-01-15 02:54:07");
INSERT INTO Paciente (PessoaID, GrupoSanguineo, SubsistemaSaude) VALUES (300, "B-", 1);


-- Nurses
INSERT INTO Pessoa (PessoaID, NumIdentificacao, Nome, Morada, Telefone, NumeroBeneficiario, Sexo, DataNascimento) VALUES (301, 41074891, "Alfonso Morris", "morada", 930275812, 602896680, "M", "2015-10-09 12:06:31");
INSERT INTO Staff (PessoaID, CodigoIdentificacao, Especializacao) VALUES (301, 8468, 1);
INSERT INTO Enfermeiro (StaffID) VALUES (301);
INSERT INTO HorarioTrabalho (StaffID, HorarioID) VALUES (301, 2);
INSERT INTO HorarioTrabalho (StaffID, HorarioID) VALUES (301, 6);
INSERT INTO HorarioTrabalho (StaffID, HorarioID) VALUES (301, 9);
INSERT INTO HorarioTrabalho (StaffID, HorarioID) VALUES (301, 15);
INSERT INTO HorarioTrabalho (StaffID, HorarioID) VALUES (301, 17);
INSERT INTO Pessoa (PessoaID, NumIdentificacao, Nome, Morada, Telefone, NumeroBeneficiario, Sexo, DataNascimento) VALUES (302, 63823582, "John Politi", "morada", 981836479, 512423300, "M", "1984-10-21 17:30:35");
INSERT INTO Staff (PessoaID, CodigoIdentificacao, Especializacao) VALUES (302, 8306, 11);
INSERT INTO Enfermeiro (StaffID) VALUES (302);
INSERT INTO HorarioTrabalho (StaffID, HorarioID) VALUES (302, 20);
INSERT INTO HorarioTrabalho (StaffID, HorarioID) VALUES (302, 22);
INSERT INTO HorarioTrabalho (StaffID, HorarioID) VALUES (302, 28);
INSERT INTO Pessoa (PessoaID, NumIdentificacao, Nome, Morada, Telefone, NumeroBeneficiario, Sexo, DataNascimento) VALUES (303, 21480882, "Mildred Thompson", "morada", 926681364, 526804773, "F", "1994-10-26 06:33:56");
INSERT INTO Staff (PessoaID, CodigoIdentificacao, Especializacao) VALUES (303, 5627, 19);
INSERT INTO Enfermeiro (StaffID) VALUES (303);
INSERT INTO HorarioTrabalho (StaffID, HorarioID) VALUES (303, 24);
INSERT INTO HorarioTrabalho (StaffID, HorarioID) VALUES (303, 28);
INSERT INTO Pessoa (PessoaID, NumIdentificacao, Nome, Morada, Telefone, NumeroBeneficiario, Sexo, DataNascimento) VALUES (304, 92241808, "Merlin Dobbins", "morada", 932101738, 676941759, "M", "1976-10-28 00:23:59");
INSERT INTO Staff (PessoaID, CodigoIdentificacao, Especializacao) VALUES (304, 3128, 6);
INSERT INTO Enfermeiro (StaffID) VALUES (304);
INSERT INTO HorarioTrabalho (StaffID, HorarioID) VALUES (304, 13);
INSERT INTO HorarioTrabalho (StaffID, HorarioID) VALUES (304, 18);
INSERT INTO Pessoa (PessoaID, NumIdentificacao, Nome, Morada, Telefone, NumeroBeneficiario, Sexo, DataNascimento) VALUES (305, 20343614, "Craig Hammer", "morada", 931079343, 640316875, "M", "1975-11-21 18:43:11");
INSERT INTO Staff (PessoaID, CodigoIdentificacao, Especializacao) VALUES (305, 4391, 35);
INSERT INTO Enfermeiro (StaffID) VALUES (305);
INSERT INTO HorarioTrabalho (StaffID, HorarioID) VALUES (305, 11);
INSERT INTO Pessoa (PessoaID, NumIdentificacao, Nome, Morada, Telefone, NumeroBeneficiario, Sexo, DataNascimento) VALUES (306, 32371847, "Scott Forsyth", "morada", 948793623, 738259709, "M", "1973-08-27 14:24:13");
INSERT INTO Staff (PessoaID, CodigoIdentificacao, Especializacao) VALUES (306, 2424, 40);
INSERT INTO Enfermeiro (StaffID) VALUES (306);
INSERT INTO HorarioTrabalho (StaffID, HorarioID) VALUES (306, 14);
INSERT INTO HorarioTrabalho (StaffID, HorarioID) VALUES (306, 28);
INSERT INTO Pessoa (PessoaID, NumIdentificacao, Nome, Morada, Telefone, NumeroBeneficiario, Sexo, DataNascimento) VALUES (307, 66663307, "Tiffany Diamond", "morada", 953902777, 513493255, "F", "2006-05-30 23:17:12");
INSERT INTO Staff (PessoaID, CodigoIdentificacao, Especializacao) VALUES (307, 4079, 23);
INSERT INTO Enfermeiro (StaffID) VALUES (307);
INSERT INTO HorarioTrabalho (StaffID, HorarioID) VALUES (307, 4);
INSERT INTO HorarioTrabalho (StaffID, HorarioID) VALUES (307, 7);
INSERT INTO HorarioTrabalho (StaffID, HorarioID) VALUES (307, 13);
INSERT INTO HorarioTrabalho (StaffID, HorarioID) VALUES (307, 19);
INSERT INTO HorarioTrabalho (StaffID, HorarioID) VALUES (307, 24);
INSERT INTO Pessoa (PessoaID, NumIdentificacao, Nome, Morada, Telefone, NumeroBeneficiario, Sexo, DataNascimento) VALUES (308, 15175239, "Toya Straka", "morada", 970721842, 895337175, "F", "1971-07-13 19:03:04");
INSERT INTO Staff (PessoaID, CodigoIdentificacao, Especializacao) VALUES (308, 9266, 28);
INSERT INTO Enfermeiro (StaffID) VALUES (308);
INSERT INTO HorarioTrabalho (StaffID, HorarioID) VALUES (308, 3);
INSERT INTO HorarioTrabalho (StaffID, HorarioID) VALUES (308, 13);
INSERT INTO HorarioTrabalho (StaffID, HorarioID) VALUES (308, 18);
INSERT INTO Pessoa (PessoaID, NumIdentificacao, Nome, Morada, Telefone, NumeroBeneficiario, Sexo, DataNascimento) VALUES (309, 39823352, "Andrea Barrio", "morada", 924508114, 736599852, "F", "1996-08-03 06:00:11");
INSERT INTO Staff (PessoaID, CodigoIdentificacao, Especializacao) VALUES (309, 9014, 15);
INSERT INTO Enfermeiro (StaffID) VALUES (309);
INSERT INTO HorarioTrabalho (StaffID, HorarioID) VALUES (309, 10);
INSERT INTO Pessoa (PessoaID, NumIdentificacao, Nome, Morada, Telefone, NumeroBeneficiario, Sexo, DataNascimento) VALUES (310, 36904217, "Maria Gonzalez", "morada", 920842146, 137631996, "F", "1995-09-29 13:17:10");
INSERT INTO Staff (PessoaID, CodigoIdentificacao, Especializacao) VALUES (310, 4246, 39);
INSERT INTO Enfermeiro (StaffID) VALUES (310);
INSERT INTO HorarioTrabalho (StaffID, HorarioID) VALUES (310, 4);
INSERT INTO HorarioTrabalho (StaffID, HorarioID) VALUES (310, 8);
INSERT INTO HorarioTrabalho (StaffID, HorarioID) VALUES (310, 19);
INSERT INTO HorarioTrabalho (StaffID, HorarioID) VALUES (310, 22);
INSERT INTO Pessoa (PessoaID, NumIdentificacao, Nome, Morada, Telefone, NumeroBeneficiario, Sexo, DataNascimento) VALUES (311, 31238805, "Della Davis", "morada", 938442955, 470569116, "F", "2010-08-28 08:31:29");
INSERT INTO Staff (PessoaID, CodigoIdentificacao, Especializacao) VALUES (311, 5028, 24);
INSERT INTO Enfermeiro (StaffID) VALUES (311);
INSERT INTO HorarioTrabalho (StaffID, HorarioID) VALUES (311, 3);
INSERT INTO HorarioTrabalho (StaffID, HorarioID) VALUES (311, 13);
INSERT INTO HorarioTrabalho (StaffID, HorarioID) VALUES (311, 19);
INSERT INTO HorarioTrabalho (StaffID, HorarioID) VALUES (311, 27);
INSERT INTO Pessoa (PessoaID, NumIdentificacao, Nome, Morada, Telefone, NumeroBeneficiario, Sexo, DataNascimento) VALUES (312, 89947682, "Martin James", "morada", 925548779, 946869261, "M", "1985-09-02 13:45:57");
INSERT INTO Staff (PessoaID, CodigoIdentificacao, Especializacao) VALUES (312, 8795, 43);
INSERT INTO Enfermeiro (StaffID) VALUES (312);
INSERT INTO HorarioTrabalho (StaffID, HorarioID) VALUES (312, 4);
INSERT INTO HorarioTrabalho (StaffID, HorarioID) VALUES (312, 8);
INSERT INTO HorarioTrabalho (StaffID, HorarioID) VALUES (312, 9);
INSERT INTO HorarioTrabalho (StaffID, HorarioID) VALUES (312, 14);
INSERT INTO HorarioTrabalho (StaffID, HorarioID) VALUES (312, 17);
INSERT INTO HorarioTrabalho (StaffID, HorarioID) VALUES (312, 24);
INSERT INTO Pessoa (PessoaID, NumIdentificacao, Nome, Morada, Telefone, NumeroBeneficiario, Sexo, DataNascimento) VALUES (313, 75657807, "Michael Torres", "morada", 948233275, 791862866, "M", "2005-04-15 13:57:40");
INSERT INTO Staff (PessoaID, CodigoIdentificacao, Especializacao) VALUES (313, 9732, 30);
INSERT INTO Enfermeiro (StaffID) VALUES (313);
INSERT INTO HorarioTrabalho (StaffID, HorarioID) VALUES (313, 2);
INSERT INTO HorarioTrabalho (StaffID, HorarioID) VALUES (313, 9);
INSERT INTO HorarioTrabalho (StaffID, HorarioID) VALUES (313, 18);
INSERT INTO HorarioTrabalho (StaffID, HorarioID) VALUES (313, 28);
INSERT INTO Pessoa (PessoaID, NumIdentificacao, Nome, Morada, Telefone, NumeroBeneficiario, Sexo, DataNascimento) VALUES (314, 96136556, "Susan Brown", "morada", 999923131, 410311419, "F", "2013-10-20 21:34:36");
INSERT INTO Staff (PessoaID, CodigoIdentificacao, Especializacao) VALUES (314, 1152, 4);
INSERT INTO Enfermeiro (StaffID) VALUES (314);
INSERT INTO HorarioTrabalho (StaffID, HorarioID) VALUES (314, 9);
INSERT INTO HorarioTrabalho (StaffID, HorarioID) VALUES (314, 15);
INSERT INTO HorarioTrabalho (StaffID, HorarioID) VALUES (314, 24);
INSERT INTO HorarioTrabalho (StaffID, HorarioID) VALUES (314, 26);
INSERT INTO Pessoa (PessoaID, NumIdentificacao, Nome, Morada, Telefone, NumeroBeneficiario, Sexo, DataNascimento) VALUES (315, 87801337, "Henry Francescone", "morada", 975164818, 282989704, "M", "1994-08-11 23:01:11");
INSERT INTO Staff (PessoaID, CodigoIdentificacao, Especializacao) VALUES (315, 7981, 1);
INSERT INTO Enfermeiro (StaffID) VALUES (315);
INSERT INTO HorarioTrabalho (StaffID, HorarioID) VALUES (315, 11);
INSERT INTO HorarioTrabalho (StaffID, HorarioID) VALUES (315, 13);
INSERT INTO HorarioTrabalho (StaffID, HorarioID) VALUES (315, 17);
INSERT INTO HorarioTrabalho (StaffID, HorarioID) VALUES (315, 27);
INSERT INTO Pessoa (PessoaID, NumIdentificacao, Nome, Morada, Telefone, NumeroBeneficiario, Sexo, DataNascimento) VALUES (316, 62129865, "Mabel Bolen", "morada", 976754793, 189218021, "F", "1995-08-14 12:45:08");
INSERT INTO Staff (PessoaID, CodigoIdentificacao, Especializacao) VALUES (316, 9576, 39);
INSERT INTO Enfermeiro (StaffID) VALUES (316);
INSERT INTO HorarioTrabalho (StaffID, HorarioID) VALUES (316, 2);
INSERT INTO HorarioTrabalho (StaffID, HorarioID) VALUES (316, 11);
INSERT INTO HorarioTrabalho (StaffID, HorarioID) VALUES (316, 19);
INSERT INTO Pessoa (PessoaID, NumIdentificacao, Nome, Morada, Telefone, NumeroBeneficiario, Sexo, DataNascimento) VALUES (317, 97640383, "Tajuana Walker", "morada", 934481637, 723096889, "F", "2011-08-02 12:38:20");
INSERT INTO Staff (PessoaID, CodigoIdentificacao, Especializacao) VALUES (317, 8831, 12);
INSERT INTO Enfermeiro (StaffID) VALUES (317);
INSERT INTO HorarioTrabalho (StaffID, HorarioID) VALUES (317, 6);
INSERT INTO HorarioTrabalho (StaffID, HorarioID) VALUES (317, 9);
INSERT INTO HorarioTrabalho (StaffID, HorarioID) VALUES (317, 16);
INSERT INTO HorarioTrabalho (StaffID, HorarioID) VALUES (317, 24);
INSERT INTO HorarioTrabalho (StaffID, HorarioID) VALUES (317, 28);
INSERT INTO Pessoa (PessoaID, NumIdentificacao, Nome, Morada, Telefone, NumeroBeneficiario, Sexo, DataNascimento) VALUES (318, 32978466, "Myra Sanchez", "morada", 986641347, 403960963, "F", "1998-07-01 12:35:47");
INSERT INTO Staff (PessoaID, CodigoIdentificacao, Especializacao) VALUES (318, 6610, 2);
INSERT INTO Enfermeiro (StaffID) VALUES (318);
INSERT INTO HorarioTrabalho (StaffID, HorarioID) VALUES (318, 3);
INSERT INTO HorarioTrabalho (StaffID, HorarioID) VALUES (318, 5);
INSERT INTO Pessoa (PessoaID, NumIdentificacao, Nome, Morada, Telefone, NumeroBeneficiario, Sexo, DataNascimento) VALUES (319, 99718432, "Karon Mcelroy", "morada", 954332588, 278033703, "F", "1998-04-15 13:26:51");
INSERT INTO Staff (PessoaID, CodigoIdentificacao, Especializacao) VALUES (319, 6250, 9);
INSERT INTO Enfermeiro (StaffID) VALUES (319);
INSERT INTO HorarioTrabalho (StaffID, HorarioID) VALUES (319, 4);
INSERT INTO HorarioTrabalho (StaffID, HorarioID) VALUES (319, 5);
INSERT INTO HorarioTrabalho (StaffID, HorarioID) VALUES (319, 11);
INSERT INTO HorarioTrabalho (StaffID, HorarioID) VALUES (319, 14);
INSERT INTO HorarioTrabalho (StaffID, HorarioID) VALUES (319, 18);
INSERT INTO HorarioTrabalho (StaffID, HorarioID) VALUES (319, 27);
INSERT INTO Pessoa (PessoaID, NumIdentificacao, Nome, Morada, Telefone, NumeroBeneficiario, Sexo, DataNascimento) VALUES (320, 93495685, "Roland Henson", "morada", 981097243, 190419243, "M", "1973-07-07 14:29:17");
INSERT INTO Staff (PessoaID, CodigoIdentificacao, Especializacao) VALUES (320, 9916, 40);
INSERT INTO Enfermeiro (StaffID) VALUES (320);
INSERT INTO HorarioTrabalho (StaffID, HorarioID) VALUES (320, 7);
INSERT INTO HorarioTrabalho (StaffID, HorarioID) VALUES (320, 11);
INSERT INTO HorarioTrabalho (StaffID, HorarioID) VALUES (320, 15);
INSERT INTO HorarioTrabalho (StaffID, HorarioID) VALUES (320, 25);
INSERT INTO Pessoa (PessoaID, NumIdentificacao, Nome, Morada, Telefone, NumeroBeneficiario, Sexo, DataNascimento) VALUES (321, 80692028, "Christopher King", "morada", 968278987, 771159516, "M", "2005-02-06 09:35:53");
INSERT INTO Staff (PessoaID, CodigoIdentificacao, Especializacao) VALUES (321, 2258, 30);
INSERT INTO Enfermeiro (StaffID) VALUES (321);
INSERT INTO HorarioTrabalho (StaffID, HorarioID) VALUES (321, 7);
INSERT INTO HorarioTrabalho (StaffID, HorarioID) VALUES (321, 20);
INSERT INTO HorarioTrabalho (StaffID, HorarioID) VALUES (321, 27);
INSERT INTO Pessoa (PessoaID, NumIdentificacao, Nome, Morada, Telefone, NumeroBeneficiario, Sexo, DataNascimento) VALUES (322, 90742591, "Blake Wade", "morada", 921960127, 679563434, "M", "1978-03-02 17:16:13");
INSERT INTO Staff (PessoaID, CodigoIdentificacao, Especializacao) VALUES (322, 4335, 41);
INSERT INTO Enfermeiro (StaffID) VALUES (322);
INSERT INTO HorarioTrabalho (StaffID, HorarioID) VALUES (322, 3);
INSERT INTO HorarioTrabalho (StaffID, HorarioID) VALUES (322, 14);
INSERT INTO HorarioTrabalho (StaffID, HorarioID) VALUES (322, 23);
INSERT INTO HorarioTrabalho (StaffID, HorarioID) VALUES (322, 27);
INSERT INTO Pessoa (PessoaID, NumIdentificacao, Nome, Morada, Telefone, NumeroBeneficiario, Sexo, DataNascimento) VALUES (323, 88138276, "Dan Flores", "morada", 937032049, 690777476, "M", "2012-10-09 10:08:27");
INSERT INTO Staff (PessoaID, CodigoIdentificacao, Especializacao) VALUES (323, 1917, 43);
INSERT INTO Enfermeiro (StaffID) VALUES (323);
INSERT INTO HorarioTrabalho (StaffID, HorarioID) VALUES (323, 1);
INSERT INTO HorarioTrabalho (StaffID, HorarioID) VALUES (323, 11);
INSERT INTO HorarioTrabalho (StaffID, HorarioID) VALUES (323, 19);
INSERT INTO HorarioTrabalho (StaffID, HorarioID) VALUES (323, 24);
INSERT INTO Pessoa (PessoaID, NumIdentificacao, Nome, Morada, Telefone, NumeroBeneficiario, Sexo, DataNascimento) VALUES (324, 35511208, "Elsie Dimmick", "morada", 949503467, 289975588, "F", "1988-11-30 14:17:10");
INSERT INTO Staff (PessoaID, CodigoIdentificacao, Especializacao) VALUES (324, 8880, 26);
INSERT INTO Enfermeiro (StaffID) VALUES (324);
INSERT INTO HorarioTrabalho (StaffID, HorarioID) VALUES (324, 4);
INSERT INTO HorarioTrabalho (StaffID, HorarioID) VALUES (324, 12);
INSERT INTO HorarioTrabalho (StaffID, HorarioID) VALUES (324, 19);
INSERT INTO Pessoa (PessoaID, NumIdentificacao, Nome, Morada, Telefone, NumeroBeneficiario, Sexo, DataNascimento) VALUES (325, 76104592, "Leonard Laramore", "morada", 919712760, 366921467, "M", "2004-12-11 13:11:53");
INSERT INTO Staff (PessoaID, CodigoIdentificacao, Especializacao) VALUES (325, 2413, 4);
INSERT INTO Enfermeiro (StaffID) VALUES (325);
INSERT INTO HorarioTrabalho (StaffID, HorarioID) VALUES (325, 3);
INSERT INTO HorarioTrabalho (StaffID, HorarioID) VALUES (325, 5);
INSERT INTO HorarioTrabalho (StaffID, HorarioID) VALUES (325, 15);
INSERT INTO HorarioTrabalho (StaffID, HorarioID) VALUES (325, 24);
INSERT INTO HorarioTrabalho (StaffID, HorarioID) VALUES (325, 28);
INSERT INTO Pessoa (PessoaID, NumIdentificacao, Nome, Morada, Telefone, NumeroBeneficiario, Sexo, DataNascimento) VALUES (326, 40638638, "James Tinson", "morada", 989417614, 873490279, "M", "2008-07-30 23:05:14");
INSERT INTO Staff (PessoaID, CodigoIdentificacao, Especializacao) VALUES (326, 3690, 38);
INSERT INTO Enfermeiro (StaffID) VALUES (326);
INSERT INTO HorarioTrabalho (StaffID, HorarioID) VALUES (326, 6);
INSERT INTO HorarioTrabalho (StaffID, HorarioID) VALUES (326, 14);
INSERT INTO HorarioTrabalho (StaffID, HorarioID) VALUES (326, 28);
INSERT INTO Pessoa (PessoaID, NumIdentificacao, Nome, Morada, Telefone, NumeroBeneficiario, Sexo, DataNascimento) VALUES (327, 67755264, "Richard Hansen", "morada", 911125151, 314584776, "M", "1987-10-07 18:16:55");
INSERT INTO Staff (PessoaID, CodigoIdentificacao, Especializacao) VALUES (327, 5247, 48);
INSERT INTO Enfermeiro (StaffID) VALUES (327);
INSERT INTO HorarioTrabalho (StaffID, HorarioID) VALUES (327, 3);
INSERT INTO HorarioTrabalho (StaffID, HorarioID) VALUES (327, 8);
INSERT INTO HorarioTrabalho (StaffID, HorarioID) VALUES (327, 15);
INSERT INTO HorarioTrabalho (StaffID, HorarioID) VALUES (327, 19);
INSERT INTO HorarioTrabalho (StaffID, HorarioID) VALUES (327, 21);
INSERT INTO HorarioTrabalho (StaffID, HorarioID) VALUES (327, 28);
INSERT INTO Pessoa (PessoaID, NumIdentificacao, Nome, Morada, Telefone, NumeroBeneficiario, Sexo, DataNascimento) VALUES (328, 12261937, "Gary Murphy", "morada", 938009823, 961200477, "M", "1973-07-19 09:26:59");
INSERT INTO Staff (PessoaID, CodigoIdentificacao, Especializacao) VALUES (328, 8564, 20);
INSERT INTO Enfermeiro (StaffID) VALUES (328);
INSERT INTO HorarioTrabalho (StaffID, HorarioID) VALUES (328, 4);
INSERT INTO HorarioTrabalho (StaffID, HorarioID) VALUES (328, 17);
INSERT INTO Pessoa (PessoaID, NumIdentificacao, Nome, Morada, Telefone, NumeroBeneficiario, Sexo, DataNascimento) VALUES (329, 83555733, "Jose King", "morada", 929537705, 490780876, "M", "1971-09-10 18:06:56");
INSERT INTO Staff (PessoaID, CodigoIdentificacao, Especializacao) VALUES (329, 7772, 35);
INSERT INTO Enfermeiro (StaffID) VALUES (329);
INSERT INTO HorarioTrabalho (StaffID, HorarioID) VALUES (329, 4);
INSERT INTO HorarioTrabalho (StaffID, HorarioID) VALUES (329, 5);
INSERT INTO HorarioTrabalho (StaffID, HorarioID) VALUES (329, 10);
INSERT INTO HorarioTrabalho (StaffID, HorarioID) VALUES (329, 16);
INSERT INTO HorarioTrabalho (StaffID, HorarioID) VALUES (329, 28);
INSERT INTO Pessoa (PessoaID, NumIdentificacao, Nome, Morada, Telefone, NumeroBeneficiario, Sexo, DataNascimento) VALUES (330, 22968943, "Ann Willingham", "morada", 913975322, 949384120, "F", "2011-05-30 03:44:26");
INSERT INTO Staff (PessoaID, CodigoIdentificacao, Especializacao) VALUES (330, 3792, 14);
INSERT INTO Enfermeiro (StaffID) VALUES (330);
INSERT INTO HorarioTrabalho (StaffID, HorarioID) VALUES (330, 22);
INSERT INTO HorarioTrabalho (StaffID, HorarioID) VALUES (330, 26);
INSERT INTO Pessoa (PessoaID, NumIdentificacao, Nome, Morada, Telefone, NumeroBeneficiario, Sexo, DataNascimento) VALUES (331, 72582998, "Lavona Witkowski", "morada", 944185102, 880421755, "F", "2001-11-08 05:25:41");
INSERT INTO Staff (PessoaID, CodigoIdentificacao, Especializacao) VALUES (331, 5207, 50);
INSERT INTO Enfermeiro (StaffID) VALUES (331);
INSERT INTO HorarioTrabalho (StaffID, HorarioID) VALUES (331, 8);
INSERT INTO HorarioTrabalho (StaffID, HorarioID) VALUES (331, 19);
INSERT INTO HorarioTrabalho (StaffID, HorarioID) VALUES (331, 28);
INSERT INTO Pessoa (PessoaID, NumIdentificacao, Nome, Morada, Telefone, NumeroBeneficiario, Sexo, DataNascimento) VALUES (332, 98148301, "James Ball", "morada", 959833155, 322229794, "M", "2018-12-07 23:15:34");
INSERT INTO Staff (PessoaID, CodigoIdentificacao, Especializacao) VALUES (332, 5684, 42);
INSERT INTO Enfermeiro (StaffID) VALUES (332);
INSERT INTO HorarioTrabalho (StaffID, HorarioID) VALUES (332, 3);
INSERT INTO HorarioTrabalho (StaffID, HorarioID) VALUES (332, 10);
INSERT INTO HorarioTrabalho (StaffID, HorarioID) VALUES (332, 19);
INSERT INTO Pessoa (PessoaID, NumIdentificacao, Nome, Morada, Telefone, NumeroBeneficiario, Sexo, DataNascimento) VALUES (333, 17383656, "Rachel Gaudino", "morada", 950860197, 746480533, "F", "1973-08-31 18:30:37");
INSERT INTO Staff (PessoaID, CodigoIdentificacao, Especializacao) VALUES (333, 4852, 6);
INSERT INTO Enfermeiro (StaffID) VALUES (333);
INSERT INTO HorarioTrabalho (StaffID, HorarioID) VALUES (333, 2);
INSERT INTO HorarioTrabalho (StaffID, HorarioID) VALUES (333, 12);
INSERT INTO HorarioTrabalho (StaffID, HorarioID) VALUES (333, 19);
INSERT INTO HorarioTrabalho (StaffID, HorarioID) VALUES (333, 28);
INSERT INTO Pessoa (PessoaID, NumIdentificacao, Nome, Morada, Telefone, NumeroBeneficiario, Sexo, DataNascimento) VALUES (334, 67926415, "Robert Brown", "morada", 987455217, 910583538, "M", "1971-09-10 02:58:39");
INSERT INTO Staff (PessoaID, CodigoIdentificacao, Especializacao) VALUES (334, 4339, 16);
INSERT INTO Enfermeiro (StaffID) VALUES (334);
INSERT INTO HorarioTrabalho (StaffID, HorarioID) VALUES (334, 18);
INSERT INTO HorarioTrabalho (StaffID, HorarioID) VALUES (334, 28);
INSERT INTO Pessoa (PessoaID, NumIdentificacao, Nome, Morada, Telefone, NumeroBeneficiario, Sexo, DataNascimento) VALUES (335, 19738278, "Gary Casper", "morada", 969086570, 666360700, "M", "1992-10-20 02:23:07");
INSERT INTO Staff (PessoaID, CodigoIdentificacao, Especializacao) VALUES (335, 2642, 7);
INSERT INTO Enfermeiro (StaffID) VALUES (335);
INSERT INTO HorarioTrabalho (StaffID, HorarioID) VALUES (335, 7);
INSERT INTO HorarioTrabalho (StaffID, HorarioID) VALUES (335, 9);
INSERT INTO HorarioTrabalho (StaffID, HorarioID) VALUES (335, 19);
INSERT INTO Pessoa (PessoaID, NumIdentificacao, Nome, Morada, Telefone, NumeroBeneficiario, Sexo, DataNascimento) VALUES (336, 97425221, "Hilda Grace", "morada", 965262330, 103754574, "F", "1986-08-29 14:18:05");
INSERT INTO Staff (PessoaID, CodigoIdentificacao, Especializacao) VALUES (336, 9824, 29);
INSERT INTO Enfermeiro (StaffID) VALUES (336);
INSERT INTO HorarioTrabalho (StaffID, HorarioID) VALUES (336, 4);
INSERT INTO HorarioTrabalho (StaffID, HorarioID) VALUES (336, 18);
INSERT INTO HorarioTrabalho (StaffID, HorarioID) VALUES (336, 21);
INSERT INTO HorarioTrabalho (StaffID, HorarioID) VALUES (336, 27);
INSERT INTO Pessoa (PessoaID, NumIdentificacao, Nome, Morada, Telefone, NumeroBeneficiario, Sexo, DataNascimento) VALUES (337, 86056108, "Paul Taylor", "morada", 993072395, 453269458, "M", "1973-06-10 14:15:12");
INSERT INTO Staff (PessoaID, CodigoIdentificacao, Especializacao) VALUES (337, 4876, 45);
INSERT INTO Enfermeiro (StaffID) VALUES (337);
INSERT INTO HorarioTrabalho (StaffID, HorarioID) VALUES (337, 2);
INSERT INTO HorarioTrabalho (StaffID, HorarioID) VALUES (337, 15);
INSERT INTO HorarioTrabalho (StaffID, HorarioID) VALUES (337, 20);
INSERT INTO HorarioTrabalho (StaffID, HorarioID) VALUES (337, 27);
INSERT INTO Pessoa (PessoaID, NumIdentificacao, Nome, Morada, Telefone, NumeroBeneficiario, Sexo, DataNascimento) VALUES (338, 31644184, "Lydia Ray", "morada", 957885817, 634028169, "F", "2002-08-10 05:39:34");
INSERT INTO Staff (PessoaID, CodigoIdentificacao, Especializacao) VALUES (338, 7217, 5);
INSERT INTO Enfermeiro (StaffID) VALUES (338);
INSERT INTO HorarioTrabalho (StaffID, HorarioID) VALUES (338, 16);
INSERT INTO HorarioTrabalho (StaffID, HorarioID) VALUES (338, 19);
INSERT INTO HorarioTrabalho (StaffID, HorarioID) VALUES (338, 28);
INSERT INTO Pessoa (PessoaID, NumIdentificacao, Nome, Morada, Telefone, NumeroBeneficiario, Sexo, DataNascimento) VALUES (339, 59930328, "Scott Pleiman", "morada", 938610386, 442304097, "M", "1978-10-24 02:06:57");
INSERT INTO Staff (PessoaID, CodigoIdentificacao, Especializacao) VALUES (339, 7608, 23);
INSERT INTO Enfermeiro (StaffID) VALUES (339);
INSERT INTO HorarioTrabalho (StaffID, HorarioID) VALUES (339, 3);
INSERT INTO HorarioTrabalho (StaffID, HorarioID) VALUES (339, 6);
INSERT INTO HorarioTrabalho (StaffID, HorarioID) VALUES (339, 9);
INSERT INTO HorarioTrabalho (StaffID, HorarioID) VALUES (339, 14);
INSERT INTO HorarioTrabalho (StaffID, HorarioID) VALUES (339, 17);
INSERT INTO HorarioTrabalho (StaffID, HorarioID) VALUES (339, 22);
INSERT INTO Pessoa (PessoaID, NumIdentificacao, Nome, Morada, Telefone, NumeroBeneficiario, Sexo, DataNascimento) VALUES (340, 43694127, "Jacqueline Farry", "morada", 985268359, 951704353, "F", "2013-04-04 15:04:48");
INSERT INTO Staff (PessoaID, CodigoIdentificacao, Especializacao) VALUES (340, 4365, 30);
INSERT INTO Enfermeiro (StaffID) VALUES (340);
INSERT INTO HorarioTrabalho (StaffID, HorarioID) VALUES (340, 18);
INSERT INTO HorarioTrabalho (StaffID, HorarioID) VALUES (340, 24);
INSERT INTO Pessoa (PessoaID, NumIdentificacao, Nome, Morada, Telefone, NumeroBeneficiario, Sexo, DataNascimento) VALUES (341, 83071874, "Jennifer Lee", "morada", 960153776, 367583595, "F", "2003-10-22 19:37:56");
INSERT INTO Staff (PessoaID, CodigoIdentificacao, Especializacao) VALUES (341, 5688, 26);
INSERT INTO Enfermeiro (StaffID) VALUES (341);
INSERT INTO HorarioTrabalho (StaffID, HorarioID) VALUES (341, 4);
INSERT INTO HorarioTrabalho (StaffID, HorarioID) VALUES (341, 18);
INSERT INTO Pessoa (PessoaID, NumIdentificacao, Nome, Morada, Telefone, NumeroBeneficiario, Sexo, DataNascimento) VALUES (342, 20175263, "Holly Wills", "morada", 924459513, 532046630, "F", "2003-07-23 09:32:07");
INSERT INTO Staff (PessoaID, CodigoIdentificacao, Especializacao) VALUES (342, 2170, 47);
INSERT INTO Enfermeiro (StaffID) VALUES (342);
INSERT INTO HorarioTrabalho (StaffID, HorarioID) VALUES (342, 3);
INSERT INTO HorarioTrabalho (StaffID, HorarioID) VALUES (342, 9);
INSERT INTO HorarioTrabalho (StaffID, HorarioID) VALUES (342, 19);
INSERT INTO HorarioTrabalho (StaffID, HorarioID) VALUES (342, 24);
INSERT INTO Pessoa (PessoaID, NumIdentificacao, Nome, Morada, Telefone, NumeroBeneficiario, Sexo, DataNascimento) VALUES (343, 99069648, "Carlos James", "morada", 910371785, 399749428, "M", "2011-04-18 11:12:47");
INSERT INTO Staff (PessoaID, CodigoIdentificacao, Especializacao) VALUES (343, 3914, 43);
INSERT INTO Enfermeiro (StaffID) VALUES (343);
INSERT INTO HorarioTrabalho (StaffID, HorarioID) VALUES (343, 4);
INSERT INTO HorarioTrabalho (StaffID, HorarioID) VALUES (343, 7);
INSERT INTO HorarioTrabalho (StaffID, HorarioID) VALUES (343, 15);
INSERT INTO Pessoa (PessoaID, NumIdentificacao, Nome, Morada, Telefone, NumeroBeneficiario, Sexo, DataNascimento) VALUES (344, 71479046, "Stephanie Roffe", "morada", 991582929, 141655461, "F", "2018-01-09 03:01:11");
INSERT INTO Staff (PessoaID, CodigoIdentificacao, Especializacao) VALUES (344, 5481, 33);
INSERT INTO Enfermeiro (StaffID) VALUES (344);
INSERT INTO HorarioTrabalho (StaffID, HorarioID) VALUES (344, 20);
INSERT INTO Pessoa (PessoaID, NumIdentificacao, Nome, Morada, Telefone, NumeroBeneficiario, Sexo, DataNascimento) VALUES (345, 20091248, "Andrea Offutt", "morada", 930256979, 638649187, "F", "2015-05-29 13:43:19");
INSERT INTO Staff (PessoaID, CodigoIdentificacao, Especializacao) VALUES (345, 8808, 10);
INSERT INTO Enfermeiro (StaffID) VALUES (345);
INSERT INTO HorarioTrabalho (StaffID, HorarioID) VALUES (345, 7);
INSERT INTO HorarioTrabalho (StaffID, HorarioID) VALUES (345, 9);
INSERT INTO HorarioTrabalho (StaffID, HorarioID) VALUES (345, 19);
INSERT INTO HorarioTrabalho (StaffID, HorarioID) VALUES (345, 23);
INSERT INTO HorarioTrabalho (StaffID, HorarioID) VALUES (345, 25);
INSERT INTO Pessoa (PessoaID, NumIdentificacao, Nome, Morada, Telefone, NumeroBeneficiario, Sexo, DataNascimento) VALUES (346, 79218503, "Daniel Davis", "morada", 941578679, 571420922, "M", "1981-09-14 09:47:18");
INSERT INTO Staff (PessoaID, CodigoIdentificacao, Especializacao) VALUES (346, 5087, 5);
INSERT INTO Enfermeiro (StaffID) VALUES (346);
INSERT INTO HorarioTrabalho (StaffID, HorarioID) VALUES (346, 15);
INSERT INTO HorarioTrabalho (StaffID, HorarioID) VALUES (346, 17);
INSERT INTO HorarioTrabalho (StaffID, HorarioID) VALUES (346, 28);
INSERT INTO Pessoa (PessoaID, NumIdentificacao, Nome, Morada, Telefone, NumeroBeneficiario, Sexo, DataNascimento) VALUES (347, 80738639, "William Bakley", "morada", 942047445, 112307231, "M", "2008-10-27 20:14:31");
INSERT INTO Staff (PessoaID, CodigoIdentificacao, Especializacao) VALUES (347, 8013, 4);
INSERT INTO Enfermeiro (StaffID) VALUES (347);
INSERT INTO HorarioTrabalho (StaffID, HorarioID) VALUES (347, 6);
INSERT INTO HorarioTrabalho (StaffID, HorarioID) VALUES (347, 24);
INSERT INTO Pessoa (PessoaID, NumIdentificacao, Nome, Morada, Telefone, NumeroBeneficiario, Sexo, DataNascimento) VALUES (348, 64561133, "Jerry Munsey", "morada", 947334018, 746710174, "M", "1995-09-21 14:48:50");
INSERT INTO Staff (PessoaID, CodigoIdentificacao, Especializacao) VALUES (348, 5708, 37);
INSERT INTO Enfermeiro (StaffID) VALUES (348);
INSERT INTO HorarioTrabalho (StaffID, HorarioID) VALUES (348, 4);
INSERT INTO HorarioTrabalho (StaffID, HorarioID) VALUES (348, 7);
INSERT INTO HorarioTrabalho (StaffID, HorarioID) VALUES (348, 15);
INSERT INTO HorarioTrabalho (StaffID, HorarioID) VALUES (348, 17);
INSERT INTO HorarioTrabalho (StaffID, HorarioID) VALUES (348, 28);
INSERT INTO Pessoa (PessoaID, NumIdentificacao, Nome, Morada, Telefone, NumeroBeneficiario, Sexo, DataNascimento) VALUES (349, 48489251, "Laura Rigatti", "morada", 973104457, 675847971, "F", "2011-09-25 23:25:28");
INSERT INTO Staff (PessoaID, CodigoIdentificacao, Especializacao) VALUES (349, 4569, 35);
INSERT INTO Enfermeiro (StaffID) VALUES (349);
INSERT INTO HorarioTrabalho (StaffID, HorarioID) VALUES (349, 13);
INSERT INTO HorarioTrabalho (StaffID, HorarioID) VALUES (349, 22);
INSERT INTO HorarioTrabalho (StaffID, HorarioID) VALUES (349, 26);
INSERT INTO Pessoa (PessoaID, NumIdentificacao, Nome, Morada, Telefone, NumeroBeneficiario, Sexo, DataNascimento) VALUES (350, 95718736, "Jessica Peoples", "morada", 942266736, 471630020, "F", "2012-08-08 19:39:03");
INSERT INTO Staff (PessoaID, CodigoIdentificacao, Especializacao) VALUES (350, 4237, 7);
INSERT INTO Enfermeiro (StaffID) VALUES (350);
INSERT INTO HorarioTrabalho (StaffID, HorarioID) VALUES (350, 3);
INSERT INTO HorarioTrabalho (StaffID, HorarioID) VALUES (350, 6);
INSERT INTO HorarioTrabalho (StaffID, HorarioID) VALUES (350, 9);
INSERT INTO HorarioTrabalho (StaffID, HorarioID) VALUES (350, 14);
INSERT INTO HorarioTrabalho (StaffID, HorarioID) VALUES (350, 20);
INSERT INTO HorarioTrabalho (StaffID, HorarioID) VALUES (350, 23);
INSERT INTO Pessoa (PessoaID, NumIdentificacao, Nome, Morada, Telefone, NumeroBeneficiario, Sexo, DataNascimento) VALUES (351, 18574456, "Beverly Ludwig", "morada", 930105589, 331689318, "F", "1987-11-25 19:37:19");
INSERT INTO Staff (PessoaID, CodigoIdentificacao, Especializacao) VALUES (351, 4222, 3);
INSERT INTO Enfermeiro (StaffID) VALUES (351);
INSERT INTO HorarioTrabalho (StaffID, HorarioID) VALUES (351, 2);
INSERT INTO HorarioTrabalho (StaffID, HorarioID) VALUES (351, 5);
INSERT INTO HorarioTrabalho (StaffID, HorarioID) VALUES (351, 10);
INSERT INTO HorarioTrabalho (StaffID, HorarioID) VALUES (351, 15);
INSERT INTO HorarioTrabalho (StaffID, HorarioID) VALUES (351, 17);
INSERT INTO HorarioTrabalho (StaffID, HorarioID) VALUES (351, 24);
INSERT INTO Pessoa (PessoaID, NumIdentificacao, Nome, Morada, Telefone, NumeroBeneficiario, Sexo, DataNascimento) VALUES (352, 47550240, "Michael Stevenson", "morada", 957891969, 277459861, "M", "1986-03-11 08:40:16");
INSERT INTO Staff (PessoaID, CodigoIdentificacao, Especializacao) VALUES (352, 7113, 3);
INSERT INTO Enfermeiro (StaffID) VALUES (352);
INSERT INTO HorarioTrabalho (StaffID, HorarioID) VALUES (352, 1);
INSERT INTO HorarioTrabalho (StaffID, HorarioID) VALUES (352, 6);
INSERT INTO HorarioTrabalho (StaffID, HorarioID) VALUES (352, 16);
INSERT INTO HorarioTrabalho (StaffID, HorarioID) VALUES (352, 18);
INSERT INTO HorarioTrabalho (StaffID, HorarioID) VALUES (352, 23);
INSERT INTO Pessoa (PessoaID, NumIdentificacao, Nome, Morada, Telefone, NumeroBeneficiario, Sexo, DataNascimento) VALUES (353, 97475108, "Tammy Alexander", "morada", 960288169, 123519776, "F", "2002-06-21 15:45:34");
INSERT INTO Staff (PessoaID, CodigoIdentificacao, Especializacao) VALUES (353, 4908, 40);
INSERT INTO Enfermeiro (StaffID) VALUES (353);
INSERT INTO HorarioTrabalho (StaffID, HorarioID) VALUES (353, 2);
INSERT INTO HorarioTrabalho (StaffID, HorarioID) VALUES (353, 5);
INSERT INTO HorarioTrabalho (StaffID, HorarioID) VALUES (353, 14);
INSERT INTO HorarioTrabalho (StaffID, HorarioID) VALUES (353, 27);
INSERT INTO Pessoa (PessoaID, NumIdentificacao, Nome, Morada, Telefone, NumeroBeneficiario, Sexo, DataNascimento) VALUES (354, 93865942, "Margaret Rhead", "morada", 958751458, 963143936, "F", "1970-05-15 09:06:51");
INSERT INTO Staff (PessoaID, CodigoIdentificacao, Especializacao) VALUES (354, 7455, 19);
INSERT INTO Enfermeiro (StaffID) VALUES (354);
INSERT INTO HorarioTrabalho (StaffID, HorarioID) VALUES (354, 2);
INSERT INTO HorarioTrabalho (StaffID, HorarioID) VALUES (354, 12);
INSERT INTO HorarioTrabalho (StaffID, HorarioID) VALUES (354, 13);
INSERT INTO HorarioTrabalho (StaffID, HorarioID) VALUES (354, 27);
INSERT INTO Pessoa (PessoaID, NumIdentificacao, Nome, Morada, Telefone, NumeroBeneficiario, Sexo, DataNascimento) VALUES (355, 76129355, "Alexis Morales", "morada", 941039074, 883141979, "M", "1988-01-20 07:19:30");
INSERT INTO Staff (PessoaID, CodigoIdentificacao, Especializacao) VALUES (355, 5437, 45);
INSERT INTO Enfermeiro (StaffID) VALUES (355);
INSERT INTO HorarioTrabalho (StaffID, HorarioID) VALUES (355, 2);
INSERT INTO HorarioTrabalho (StaffID, HorarioID) VALUES (355, 6);
INSERT INTO HorarioTrabalho (StaffID, HorarioID) VALUES (355, 14);
INSERT INTO HorarioTrabalho (StaffID, HorarioID) VALUES (355, 24);
INSERT INTO Pessoa (PessoaID, NumIdentificacao, Nome, Morada, Telefone, NumeroBeneficiario, Sexo, DataNascimento) VALUES (356, 88813301, "Julie Norvell", "morada", 927529861, 181646563, "F", "2009-04-23 07:00:07");
INSERT INTO Staff (PessoaID, CodigoIdentificacao, Especializacao) VALUES (356, 4971, 27);
INSERT INTO Enfermeiro (StaffID) VALUES (356);
INSERT INTO HorarioTrabalho (StaffID, HorarioID) VALUES (356, 4);
INSERT INTO HorarioTrabalho (StaffID, HorarioID) VALUES (356, 7);
INSERT INTO HorarioTrabalho (StaffID, HorarioID) VALUES (356, 19);
INSERT INTO HorarioTrabalho (StaffID, HorarioID) VALUES (356, 22);
INSERT INTO Pessoa (PessoaID, NumIdentificacao, Nome, Morada, Telefone, NumeroBeneficiario, Sexo, DataNascimento) VALUES (357, 28844384, "Anthony Jones", "morada", 964232173, 951792787, "M", "1980-07-26 20:04:36");
INSERT INTO Staff (PessoaID, CodigoIdentificacao, Especializacao) VALUES (357, 5632, 20);
INSERT INTO Enfermeiro (StaffID) VALUES (357);
INSERT INTO HorarioTrabalho (StaffID, HorarioID) VALUES (357, 2);
INSERT INTO HorarioTrabalho (StaffID, HorarioID) VALUES (357, 6);
INSERT INTO HorarioTrabalho (StaffID, HorarioID) VALUES (357, 10);
INSERT INTO HorarioTrabalho (StaffID, HorarioID) VALUES (357, 18);
INSERT INTO Pessoa (PessoaID, NumIdentificacao, Nome, Morada, Telefone, NumeroBeneficiario, Sexo, DataNascimento) VALUES (358, 18198904, "Anna Rosa", "morada", 920998657, 343042585, "F", "1976-06-05 06:42:40");
INSERT INTO Staff (PessoaID, CodigoIdentificacao, Especializacao) VALUES (358, 7260, 24);
INSERT INTO Enfermeiro (StaffID) VALUES (358);
INSERT INTO HorarioTrabalho (StaffID, HorarioID) VALUES (358, 15);
INSERT INTO HorarioTrabalho (StaffID, HorarioID) VALUES (358, 26);
INSERT INTO Pessoa (PessoaID, NumIdentificacao, Nome, Morada, Telefone, NumeroBeneficiario, Sexo, DataNascimento) VALUES (359, 47716385, "Rolando Kint", "morada", 954030627, 681204763, "M", "1980-07-02 23:51:40");
INSERT INTO Staff (PessoaID, CodigoIdentificacao, Especializacao) VALUES (359, 6778, 35);
INSERT INTO Enfermeiro (StaffID) VALUES (359);
INSERT INTO HorarioTrabalho (StaffID, HorarioID) VALUES (359, 14);
INSERT INTO HorarioTrabalho (StaffID, HorarioID) VALUES (359, 19);
INSERT INTO HorarioTrabalho (StaffID, HorarioID) VALUES (359, 22);
INSERT INTO HorarioTrabalho (StaffID, HorarioID) VALUES (359, 28);
INSERT INTO Pessoa (PessoaID, NumIdentificacao, Nome, Morada, Telefone, NumeroBeneficiario, Sexo, DataNascimento) VALUES (360, 64125817, "Julie Snow", "morada", 949294699, 411045300, "F", "2005-09-19 10:45:41");
INSERT INTO Staff (PessoaID, CodigoIdentificacao, Especializacao) VALUES (360, 1035, 44);
INSERT INTO Enfermeiro (StaffID) VALUES (360);
INSERT INTO HorarioTrabalho (StaffID, HorarioID) VALUES (360, 1);
INSERT INTO HorarioTrabalho (StaffID, HorarioID) VALUES (360, 9);
INSERT INTO HorarioTrabalho (StaffID, HorarioID) VALUES (360, 20);
INSERT INTO HorarioTrabalho (StaffID, HorarioID) VALUES (360, 22);
INSERT INTO Pessoa (PessoaID, NumIdentificacao, Nome, Morada, Telefone, NumeroBeneficiario, Sexo, DataNascimento) VALUES (361, 18068575, "Michael Hickson", "morada", 930156653, 701343331, "M", "1996-12-31 07:28:34");
INSERT INTO Staff (PessoaID, CodigoIdentificacao, Especializacao) VALUES (361, 7747, 35);
INSERT INTO Enfermeiro (StaffID) VALUES (361);
INSERT INTO HorarioTrabalho (StaffID, HorarioID) VALUES (361, 6);
INSERT INTO HorarioTrabalho (StaffID, HorarioID) VALUES (361, 9);
INSERT INTO HorarioTrabalho (StaffID, HorarioID) VALUES (361, 16);
INSERT INTO HorarioTrabalho (StaffID, HorarioID) VALUES (361, 19);
INSERT INTO HorarioTrabalho (StaffID, HorarioID) VALUES (361, 21);
INSERT INTO Pessoa (PessoaID, NumIdentificacao, Nome, Morada, Telefone, NumeroBeneficiario, Sexo, DataNascimento) VALUES (362, 60436160, "Kathleen Hall", "morada", 967965513, 800653506, "F", "1989-03-31 03:53:07");
INSERT INTO Staff (PessoaID, CodigoIdentificacao, Especializacao) VALUES (362, 7688, 49);
INSERT INTO Enfermeiro (StaffID) VALUES (362);
INSERT INTO HorarioTrabalho (StaffID, HorarioID) VALUES (362, 6);
INSERT INTO HorarioTrabalho (StaffID, HorarioID) VALUES (362, 9);
INSERT INTO HorarioTrabalho (StaffID, HorarioID) VALUES (362, 17);
INSERT INTO HorarioTrabalho (StaffID, HorarioID) VALUES (362, 27);
INSERT INTO Pessoa (PessoaID, NumIdentificacao, Nome, Morada, Telefone, NumeroBeneficiario, Sexo, DataNascimento) VALUES (363, 38872827, "Charlie Halvorson", "morada", 918289358, 397798283, "M", "1992-09-18 12:44:02");
INSERT INTO Staff (PessoaID, CodigoIdentificacao, Especializacao) VALUES (363, 9679, 23);
INSERT INTO Enfermeiro (StaffID) VALUES (363);
INSERT INTO HorarioTrabalho (StaffID, HorarioID) VALUES (363, 1);
INSERT INTO HorarioTrabalho (StaffID, HorarioID) VALUES (363, 6);
INSERT INTO HorarioTrabalho (StaffID, HorarioID) VALUES (363, 13);
INSERT INTO HorarioTrabalho (StaffID, HorarioID) VALUES (363, 24);
INSERT INTO Pessoa (PessoaID, NumIdentificacao, Nome, Morada, Telefone, NumeroBeneficiario, Sexo, DataNascimento) VALUES (364, 80619113, "Warren Jackson", "morada", 969427498, 850352947, "M", "1976-06-27 02:07:58");
INSERT INTO Staff (PessoaID, CodigoIdentificacao, Especializacao) VALUES (364, 7324, 8);
INSERT INTO Enfermeiro (StaffID) VALUES (364);
INSERT INTO HorarioTrabalho (StaffID, HorarioID) VALUES (364, 4);
INSERT INTO HorarioTrabalho (StaffID, HorarioID) VALUES (364, 20);
INSERT INTO HorarioTrabalho (StaffID, HorarioID) VALUES (364, 27);
INSERT INTO Pessoa (PessoaID, NumIdentificacao, Nome, Morada, Telefone, NumeroBeneficiario, Sexo, DataNascimento) VALUES (365, 59775789, "Robert Cortez", "morada", 968784589, 515491171, "M", "1983-04-23 23:29:59");
INSERT INTO Staff (PessoaID, CodigoIdentificacao, Especializacao) VALUES (365, 3653, 30);
INSERT INTO Enfermeiro (StaffID) VALUES (365);
INSERT INTO HorarioTrabalho (StaffID, HorarioID) VALUES (365, 10);
INSERT INTO HorarioTrabalho (StaffID, HorarioID) VALUES (365, 15);
INSERT INTO HorarioTrabalho (StaffID, HorarioID) VALUES (365, 19);
INSERT INTO HorarioTrabalho (StaffID, HorarioID) VALUES (365, 27);
INSERT INTO Pessoa (PessoaID, NumIdentificacao, Nome, Morada, Telefone, NumeroBeneficiario, Sexo, DataNascimento) VALUES (366, 81119807, "Edwin Carew", "morada", 920553886, 258873243, "M", "1986-11-01 14:44:38");
INSERT INTO Staff (PessoaID, CodigoIdentificacao, Especializacao) VALUES (366, 8280, 49);
INSERT INTO Enfermeiro (StaffID) VALUES (366);
INSERT INTO HorarioTrabalho (StaffID, HorarioID) VALUES (366, 12);
INSERT INTO HorarioTrabalho (StaffID, HorarioID) VALUES (366, 13);
INSERT INTO HorarioTrabalho (StaffID, HorarioID) VALUES (366, 19);


-- Technicians
INSERT INTO Pessoa (PessoaID, NumIdentificacao, Nome, Morada, Telefone, NumeroBeneficiario, Sexo, DataNascimento) VALUES (367, 80309174, "David Feltman", "morada", 992127892, 836445808, "M", "1984-07-24 09:51:25");
INSERT INTO Staff (PessoaID, CodigoIdentificacao, Especializacao) VALUES (367, 4920, 33);
INSERT INTO Tecnico (StaffID) VALUES (367);
INSERT INTO HorarioTrabalho (StaffID, HorarioID) VALUES (367, 7);
INSERT INTO HorarioTrabalho (StaffID, HorarioID) VALUES (367, 9);
INSERT INTO HorarioTrabalho (StaffID, HorarioID) VALUES (367, 23);
INSERT INTO HorarioTrabalho (StaffID, HorarioID) VALUES (367, 26);
INSERT INTO Pessoa (PessoaID, NumIdentificacao, Nome, Morada, Telefone, NumeroBeneficiario, Sexo, DataNascimento) VALUES (368, 99438311, "Janet Vang", "morada", 993652059, 724329220, "F", "2002-11-29 22:21:51");
INSERT INTO Staff (PessoaID, CodigoIdentificacao, Especializacao) VALUES (368, 9958, 6);
INSERT INTO Tecnico (StaffID) VALUES (368);
INSERT INTO HorarioTrabalho (StaffID, HorarioID) VALUES (368, 1);
INSERT INTO HorarioTrabalho (StaffID, HorarioID) VALUES (368, 5);
INSERT INTO HorarioTrabalho (StaffID, HorarioID) VALUES (368, 11);
INSERT INTO HorarioTrabalho (StaffID, HorarioID) VALUES (368, 13);
INSERT INTO HorarioTrabalho (StaffID, HorarioID) VALUES (368, 21);
INSERT INTO HorarioTrabalho (StaffID, HorarioID) VALUES (368, 28);
INSERT INTO Pessoa (PessoaID, NumIdentificacao, Nome, Morada, Telefone, NumeroBeneficiario, Sexo, DataNascimento) VALUES (369, 60612264, "Gregory Yost", "morada", 962574419, 111115265, "M", "1992-07-19 02:02:05");
INSERT INTO Staff (PessoaID, CodigoIdentificacao, Especializacao) VALUES (369, 6979, 14);
INSERT INTO Tecnico (StaffID) VALUES (369);
INSERT INTO HorarioTrabalho (StaffID, HorarioID) VALUES (369, 3);
INSERT INTO HorarioTrabalho (StaffID, HorarioID) VALUES (369, 16);
INSERT INTO HorarioTrabalho (StaffID, HorarioID) VALUES (369, 19);
INSERT INTO HorarioTrabalho (StaffID, HorarioID) VALUES (369, 23);
INSERT INTO HorarioTrabalho (StaffID, HorarioID) VALUES (369, 26);
INSERT INTO Pessoa (PessoaID, NumIdentificacao, Nome, Morada, Telefone, NumeroBeneficiario, Sexo, DataNascimento) VALUES (370, 71689118, "Alma West", "morada", 936672282, 718071851, "F", "2015-08-29 09:53:15");
INSERT INTO Staff (PessoaID, CodigoIdentificacao, Especializacao) VALUES (370, 3474, 32);
INSERT INTO Tecnico (StaffID) VALUES (370);
INSERT INTO Pessoa (PessoaID, NumIdentificacao, Nome, Morada, Telefone, NumeroBeneficiario, Sexo, DataNascimento) VALUES (371, 10055923, "Mary Miller", "morada", 980510860, 923261864, "F", "2004-05-17 11:40:36");
INSERT INTO Staff (PessoaID, CodigoIdentificacao, Especializacao) VALUES (371, 7105, 30);
INSERT INTO Tecnico (StaffID) VALUES (371);
INSERT INTO HorarioTrabalho (StaffID, HorarioID) VALUES (371, 3);
INSERT INTO HorarioTrabalho (StaffID, HorarioID) VALUES (371, 15);
INSERT INTO HorarioTrabalho (StaffID, HorarioID) VALUES (371, 22);
INSERT INTO HorarioTrabalho (StaffID, HorarioID) VALUES (371, 28);
INSERT INTO Pessoa (PessoaID, NumIdentificacao, Nome, Morada, Telefone, NumeroBeneficiario, Sexo, DataNascimento) VALUES (372, 91020679, "Angelo Rittenhouse", "morada", 914940436, 425001258, "M", "1995-05-27 15:47:17");
INSERT INTO Staff (PessoaID, CodigoIdentificacao, Especializacao) VALUES (372, 7459, 14);
INSERT INTO Tecnico (StaffID) VALUES (372);
INSERT INTO HorarioTrabalho (StaffID, HorarioID) VALUES (372, 12);
INSERT INTO HorarioTrabalho (StaffID, HorarioID) VALUES (372, 15);
INSERT INTO HorarioTrabalho (StaffID, HorarioID) VALUES (372, 19);
INSERT INTO HorarioTrabalho (StaffID, HorarioID) VALUES (372, 26);
INSERT INTO Pessoa (PessoaID, NumIdentificacao, Nome, Morada, Telefone, NumeroBeneficiario, Sexo, DataNascimento) VALUES (373, 89040338, "Brian Thomas", "morada", 948765881, 551128027, "M", "2019-07-14 02:19:01");
INSERT INTO Staff (PessoaID, CodigoIdentificacao, Especializacao) VALUES (373, 1771, 4);
INSERT INTO Tecnico (StaffID) VALUES (373);
INSERT INTO HorarioTrabalho (StaffID, HorarioID) VALUES (373, 4);
INSERT INTO HorarioTrabalho (StaffID, HorarioID) VALUES (373, 17);
INSERT INTO Pessoa (PessoaID, NumIdentificacao, Nome, Morada, Telefone, NumeroBeneficiario, Sexo, DataNascimento) VALUES (374, 87048845, "Ronald Minor", "morada", 983587447, 689650245, "M", "1998-06-02 06:09:24");
INSERT INTO Staff (PessoaID, CodigoIdentificacao, Especializacao) VALUES (374, 3744, 36);
INSERT INTO Tecnico (StaffID) VALUES (374);
INSERT INTO HorarioTrabalho (StaffID, HorarioID) VALUES (374, 2);
INSERT INTO HorarioTrabalho (StaffID, HorarioID) VALUES (374, 9);
INSERT INTO HorarioTrabalho (StaffID, HorarioID) VALUES (374, 22);
INSERT INTO HorarioTrabalho (StaffID, HorarioID) VALUES (374, 26);
INSERT INTO Pessoa (PessoaID, NumIdentificacao, Nome, Morada, Telefone, NumeroBeneficiario, Sexo, DataNascimento) VALUES (375, 99671623, "Emma Stanley", "morada", 999291224, 186133858, "F", "2005-09-10 00:14:08");
INSERT INTO Staff (PessoaID, CodigoIdentificacao, Especializacao) VALUES (375, 4547, 28);
INSERT INTO Tecnico (StaffID) VALUES (375);
INSERT INTO HorarioTrabalho (StaffID, HorarioID) VALUES (375, 3);
INSERT INTO HorarioTrabalho (StaffID, HorarioID) VALUES (375, 6);
INSERT INTO HorarioTrabalho (StaffID, HorarioID) VALUES (375, 14);
INSERT INTO Pessoa (PessoaID, NumIdentificacao, Nome, Morada, Telefone, NumeroBeneficiario, Sexo, DataNascimento) VALUES (376, 54935857, "Martha Clay", "morada", 945263856, 350059435, "F", "2001-08-05 17:39:54");
INSERT INTO Staff (PessoaID, CodigoIdentificacao, Especializacao) VALUES (376, 7493, 43);
INSERT INTO Tecnico (StaffID) VALUES (376);
INSERT INTO HorarioTrabalho (StaffID, HorarioID) VALUES (376, 5);
INSERT INTO HorarioTrabalho (StaffID, HorarioID) VALUES (376, 13);
INSERT INTO HorarioTrabalho (StaffID, HorarioID) VALUES (376, 22);
INSERT INTO Pessoa (PessoaID, NumIdentificacao, Nome, Morada, Telefone, NumeroBeneficiario, Sexo, DataNascimento) VALUES (377, 34698168, "Beverly Schlindwein", "morada", 972598864, 414418431, "F", "1995-08-20 13:00:55");
INSERT INTO Staff (PessoaID, CodigoIdentificacao, Especializacao) VALUES (377, 3274, 5);
INSERT INTO Tecnico (StaffID) VALUES (377);
INSERT INTO HorarioTrabalho (StaffID, HorarioID) VALUES (377, 8);
INSERT INTO HorarioTrabalho (StaffID, HorarioID) VALUES (377, 10);
INSERT INTO HorarioTrabalho (StaffID, HorarioID) VALUES (377, 25);
INSERT INTO Pessoa (PessoaID, NumIdentificacao, Nome, Morada, Telefone, NumeroBeneficiario, Sexo, DataNascimento) VALUES (378, 54074428, "Jame Christianson", "morada", 922842130, 319955142, "M", "2008-04-12 19:25:16");
INSERT INTO Staff (PessoaID, CodigoIdentificacao, Especializacao) VALUES (378, 7078, 24);
INSERT INTO Tecnico (StaffID) VALUES (378);
INSERT INTO HorarioTrabalho (StaffID, HorarioID) VALUES (378, 1);
INSERT INTO HorarioTrabalho (StaffID, HorarioID) VALUES (378, 7);
INSERT INTO HorarioTrabalho (StaffID, HorarioID) VALUES (378, 10);
INSERT INTO HorarioTrabalho (StaffID, HorarioID) VALUES (378, 17);
INSERT INTO HorarioTrabalho (StaffID, HorarioID) VALUES (378, 23);
INSERT INTO HorarioTrabalho (StaffID, HorarioID) VALUES (378, 28);
INSERT INTO Pessoa (PessoaID, NumIdentificacao, Nome, Morada, Telefone, NumeroBeneficiario, Sexo, DataNascimento) VALUES (379, 11052734, "Antonia Cole", "morada", 976174127, 594376421, "F", "1987-12-11 20:44:32");
INSERT INTO Staff (PessoaID, CodigoIdentificacao, Especializacao) VALUES (379, 9560, 44);
INSERT INTO Tecnico (StaffID) VALUES (379);
INSERT INTO HorarioTrabalho (StaffID, HorarioID) VALUES (379, 2);
INSERT INTO HorarioTrabalho (StaffID, HorarioID) VALUES (379, 7);
INSERT INTO HorarioTrabalho (StaffID, HorarioID) VALUES (379, 11);
INSERT INTO HorarioTrabalho (StaffID, HorarioID) VALUES (379, 16);
INSERT INTO HorarioTrabalho (StaffID, HorarioID) VALUES (379, 28);
INSERT INTO Pessoa (PessoaID, NumIdentificacao, Nome, Morada, Telefone, NumeroBeneficiario, Sexo, DataNascimento) VALUES (380, 27197357, "Michael Dixon", "morada", 924539898, 692997944, "M", "1970-09-26 17:12:43");
INSERT INTO Staff (PessoaID, CodigoIdentificacao, Especializacao) VALUES (380, 7861, 5);
INSERT INTO Tecnico (StaffID) VALUES (380);
INSERT INTO HorarioTrabalho (StaffID, HorarioID) VALUES (380, 2);
INSERT INTO HorarioTrabalho (StaffID, HorarioID) VALUES (380, 18);
INSERT INTO HorarioTrabalho (StaffID, HorarioID) VALUES (380, 23);
INSERT INTO HorarioTrabalho (StaffID, HorarioID) VALUES (380, 25);
INSERT INTO Pessoa (PessoaID, NumIdentificacao, Nome, Morada, Telefone, NumeroBeneficiario, Sexo, DataNascimento) VALUES (381, 40020166, "William White", "morada", 996053692, 578354529, "M", "2003-01-14 01:03:00");
INSERT INTO Staff (PessoaID, CodigoIdentificacao, Especializacao) VALUES (381, 4770, 13);
INSERT INTO Tecnico (StaffID) VALUES (381);
INSERT INTO HorarioTrabalho (StaffID, HorarioID) VALUES (381, 2);
INSERT INTO HorarioTrabalho (StaffID, HorarioID) VALUES (381, 17);
INSERT INTO HorarioTrabalho (StaffID, HorarioID) VALUES (381, 25);
INSERT INTO Pessoa (PessoaID, NumIdentificacao, Nome, Morada, Telefone, NumeroBeneficiario, Sexo, DataNascimento) VALUES (382, 34544250, "Travis Hooper", "morada", 914039915, 768318157, "M", "1992-03-01 19:57:51");
INSERT INTO Staff (PessoaID, CodigoIdentificacao, Especializacao) VALUES (382, 4472, 6);
INSERT INTO Tecnico (StaffID) VALUES (382);
INSERT INTO HorarioTrabalho (StaffID, HorarioID) VALUES (382, 1);
INSERT INTO HorarioTrabalho (StaffID, HorarioID) VALUES (382, 14);
INSERT INTO HorarioTrabalho (StaffID, HorarioID) VALUES (382, 19);


-- Doctors
INSERT INTO Pessoa (PessoaID, NumIdentificacao, Nome, Morada, Telefone, NumeroBeneficiario, Sexo, DataNascimento) VALUES (383, 12274745, "Kim Broe", "morada", 944956909, 178180423, "F", "2003-06-01 07:48:00");
INSERT INTO Staff (PessoaID, CodigoIdentificacao, Especializacao) VALUES (383, 7345, 50);
INSERT INTO Medico (StaffID, Consultorio) VALUES (383, 144);
INSERT INTO HorarioTrabalho (StaffID, HorarioID) VALUES (383, 9);
INSERT INTO HorarioTrabalho (StaffID, HorarioID) VALUES (383, 25);
INSERT INTO Pessoa (PessoaID, NumIdentificacao, Nome, Morada, Telefone, NumeroBeneficiario, Sexo, DataNascimento) VALUES (384, 14363195, "Stacey Greenup", "morada", 952409267, 833796359, "F", "1984-08-10 11:28:14");
INSERT INTO Staff (PessoaID, CodigoIdentificacao, Especializacao) VALUES (384, 6116, 15);
INSERT INTO Medico (StaffID, Consultorio) VALUES (384, 133);
INSERT INTO HorarioTrabalho (StaffID, HorarioID) VALUES (384, 10);
INSERT INTO HorarioTrabalho (StaffID, HorarioID) VALUES (384, 17);
INSERT INTO HorarioTrabalho (StaffID, HorarioID) VALUES (384, 24);
INSERT INTO Pessoa (PessoaID, NumIdentificacao, Nome, Morada, Telefone, NumeroBeneficiario, Sexo, DataNascimento) VALUES (385, 96710054, "Stevie Towns", "morada", 993029256, 654194742, "M", "1994-08-29 14:09:28");
INSERT INTO Staff (PessoaID, CodigoIdentificacao, Especializacao) VALUES (385, 8063, 19);
INSERT INTO Medico (StaffID, Consultorio) VALUES (385, 190);
INSERT INTO HorarioTrabalho (StaffID, HorarioID) VALUES (385, 7);
INSERT INTO HorarioTrabalho (StaffID, HorarioID) VALUES (385, 9);
INSERT INTO Pessoa (PessoaID, NumIdentificacao, Nome, Morada, Telefone, NumeroBeneficiario, Sexo, DataNascimento) VALUES (386, 48306329, "Sean Challenger", "morada", 995557311, 254441165, "M", "1985-06-27 15:26:50");
INSERT INTO Staff (PessoaID, CodigoIdentificacao, Especializacao) VALUES (386, 2191, 29);
INSERT INTO Medico (StaffID, Consultorio) VALUES (386, 145);
INSERT INTO HorarioTrabalho (StaffID, HorarioID) VALUES (386, 3);
INSERT INTO HorarioTrabalho (StaffID, HorarioID) VALUES (386, 6);
INSERT INTO HorarioTrabalho (StaffID, HorarioID) VALUES (386, 11);
INSERT INTO HorarioTrabalho (StaffID, HorarioID) VALUES (386, 15);
INSERT INTO HorarioTrabalho (StaffID, HorarioID) VALUES (386, 18);
INSERT INTO HorarioTrabalho (StaffID, HorarioID) VALUES (386, 22);
INSERT INTO Pessoa (PessoaID, NumIdentificacao, Nome, Morada, Telefone, NumeroBeneficiario, Sexo, DataNascimento) VALUES (387, 46972822, "Francis Campbell", "morada", 946715832, 642876631, "M", "2001-06-03 06:03:26");
INSERT INTO Staff (PessoaID, CodigoIdentificacao, Especializacao) VALUES (387, 2857, 43);
INSERT INTO Medico (StaffID, Consultorio) VALUES (387, 167);
INSERT INTO HorarioTrabalho (StaffID, HorarioID) VALUES (387, 3);
INSERT INTO HorarioTrabalho (StaffID, HorarioID) VALUES (387, 6);
INSERT INTO HorarioTrabalho (StaffID, HorarioID) VALUES (387, 11);
INSERT INTO HorarioTrabalho (StaffID, HorarioID) VALUES (387, 27);
INSERT INTO Pessoa (PessoaID, NumIdentificacao, Nome, Morada, Telefone, NumeroBeneficiario, Sexo, DataNascimento) VALUES (388, 69178878, "Amanda Easter", "morada", 989576179, 859574090, "F", "1975-07-30 06:58:44");
INSERT INTO Staff (PessoaID, CodigoIdentificacao, Especializacao) VALUES (388, 7194, 7);
INSERT INTO Medico (StaffID, Consultorio) VALUES (388, 101);
INSERT INTO HorarioTrabalho (StaffID, HorarioID) VALUES (388, 18);
INSERT INTO HorarioTrabalho (StaffID, HorarioID) VALUES (388, 26);
INSERT INTO Pessoa (PessoaID, NumIdentificacao, Nome, Morada, Telefone, NumeroBeneficiario, Sexo, DataNascimento) VALUES (389, 34167050, "Gary Wilbanks", "morada", 993750765, 885871267, "M", "1977-07-17 21:19:34");
INSERT INTO Staff (PessoaID, CodigoIdentificacao, Especializacao) VALUES (389, 6318, 27);
INSERT INTO Medico (StaffID, Consultorio) VALUES (389, 130);
INSERT INTO HorarioTrabalho (StaffID, HorarioID) VALUES (389, 2);
INSERT INTO HorarioTrabalho (StaffID, HorarioID) VALUES (389, 5);
INSERT INTO HorarioTrabalho (StaffID, HorarioID) VALUES (389, 15);
INSERT INTO HorarioTrabalho (StaffID, HorarioID) VALUES (389, 19);
INSERT INTO HorarioTrabalho (StaffID, HorarioID) VALUES (389, 26);
INSERT INTO Pessoa (PessoaID, NumIdentificacao, Nome, Morada, Telefone, NumeroBeneficiario, Sexo, DataNascimento) VALUES (390, 40260669, "Darlene Vento", "morada", 940900048, 452967886, "F", "2017-09-14 10:22:35");
INSERT INTO Staff (PessoaID, CodigoIdentificacao, Especializacao) VALUES (390, 2960, 44);
INSERT INTO Medico (StaffID, Consultorio) VALUES (390, 209);
INSERT INTO HorarioTrabalho (StaffID, HorarioID) VALUES (390, 3);
INSERT INTO HorarioTrabalho (StaffID, HorarioID) VALUES (390, 11);
INSERT INTO HorarioTrabalho (StaffID, HorarioID) VALUES (390, 13);
INSERT INTO HorarioTrabalho (StaffID, HorarioID) VALUES (390, 18);
INSERT INTO HorarioTrabalho (StaffID, HorarioID) VALUES (390, 23);
INSERT INTO Pessoa (PessoaID, NumIdentificacao, Nome, Morada, Telefone, NumeroBeneficiario, Sexo, DataNascimento) VALUES (391, 62065383, "Brandon Adkison", "morada", 981741022, 347867634, "M", "1972-05-25 22:21:36");
INSERT INTO Staff (PessoaID, CodigoIdentificacao, Especializacao) VALUES (391, 6536, 10);
INSERT INTO Medico (StaffID, Consultorio) VALUES (391, 237);
INSERT INTO HorarioTrabalho (StaffID, HorarioID) VALUES (391, 8);
INSERT INTO HorarioTrabalho (StaffID, HorarioID) VALUES (391, 12);
INSERT INTO HorarioTrabalho (StaffID, HorarioID) VALUES (391, 13);
INSERT INTO Pessoa (PessoaID, NumIdentificacao, Nome, Morada, Telefone, NumeroBeneficiario, Sexo, DataNascimento) VALUES (392, 12499010, "Cora Marshall", "morada", 982314568, 935383742, "F", "2005-04-26 14:19:50");
INSERT INTO Staff (PessoaID, CodigoIdentificacao, Especializacao) VALUES (392, 8643, 41);
INSERT INTO Medico (StaffID, Consultorio) VALUES (392, 164);
INSERT INTO HorarioTrabalho (StaffID, HorarioID) VALUES (392, 3);
INSERT INTO HorarioTrabalho (StaffID, HorarioID) VALUES (392, 8);
INSERT INTO HorarioTrabalho (StaffID, HorarioID) VALUES (392, 16);
INSERT INTO HorarioTrabalho (StaffID, HorarioID) VALUES (392, 23);
INSERT INTO HorarioTrabalho (StaffID, HorarioID) VALUES (392, 28);
INSERT INTO Pessoa (PessoaID, NumIdentificacao, Nome, Morada, Telefone, NumeroBeneficiario, Sexo, DataNascimento) VALUES (393, 46333408, "Jon Arledge", "morada", 921086407, 322065195, "M", "2017-04-18 23:09:59");
INSERT INTO Staff (PessoaID, CodigoIdentificacao, Especializacao) VALUES (393, 1246, 26);
INSERT INTO Medico (StaffID, Consultorio) VALUES (393, 191);
INSERT INTO HorarioTrabalho (StaffID, HorarioID) VALUES (393, 1);
INSERT INTO HorarioTrabalho (StaffID, HorarioID) VALUES (393, 11);
INSERT INTO HorarioTrabalho (StaffID, HorarioID) VALUES (393, 14);
INSERT INTO HorarioTrabalho (StaffID, HorarioID) VALUES (393, 18);
INSERT INTO HorarioTrabalho (StaffID, HorarioID) VALUES (393, 22);
INSERT INTO Pessoa (PessoaID, NumIdentificacao, Nome, Morada, Telefone, NumeroBeneficiario, Sexo, DataNascimento) VALUES (394, 69400126, "Martin Brown", "morada", 960206808, 686779938, "M", "2004-01-11 19:36:39");
INSERT INTO Staff (PessoaID, CodigoIdentificacao, Especializacao) VALUES (394, 6522, 6);
INSERT INTO Medico (StaffID, Consultorio) VALUES (394, 168);
INSERT INTO HorarioTrabalho (StaffID, HorarioID) VALUES (394, 9);
INSERT INTO HorarioTrabalho (StaffID, HorarioID) VALUES (394, 16);
INSERT INTO HorarioTrabalho (StaffID, HorarioID) VALUES (394, 19);
INSERT INTO HorarioTrabalho (StaffID, HorarioID) VALUES (394, 24);
INSERT INTO Pessoa (PessoaID, NumIdentificacao, Nome, Morada, Telefone, NumeroBeneficiario, Sexo, DataNascimento) VALUES (395, 50829447, "John Deen", "morada", 978407804, 590898039, "M", "1999-03-05 08:00:35");
INSERT INTO Staff (PessoaID, CodigoIdentificacao, Especializacao) VALUES (395, 5397, 11);
INSERT INTO Medico (StaffID, Consultorio) VALUES (395, 131);
INSERT INTO HorarioTrabalho (StaffID, HorarioID) VALUES (395, 1);
INSERT INTO HorarioTrabalho (StaffID, HorarioID) VALUES (395, 7);
INSERT INTO HorarioTrabalho (StaffID, HorarioID) VALUES (395, 12);
INSERT INTO HorarioTrabalho (StaffID, HorarioID) VALUES (395, 13);
INSERT INTO HorarioTrabalho (StaffID, HorarioID) VALUES (395, 21);
INSERT INTO Pessoa (PessoaID, NumIdentificacao, Nome, Morada, Telefone, NumeroBeneficiario, Sexo, DataNascimento) VALUES (396, 54927854, "Eliza Parham", "morada", 958973531, 375626752, "F", "2003-01-10 19:46:38");
INSERT INTO Staff (PessoaID, CodigoIdentificacao, Especializacao) VALUES (396, 3953, 41);
INSERT INTO Medico (StaffID, Consultorio) VALUES (396, 173);
INSERT INTO HorarioTrabalho (StaffID, HorarioID) VALUES (396, 3);
INSERT INTO HorarioTrabalho (StaffID, HorarioID) VALUES (396, 10);
INSERT INTO HorarioTrabalho (StaffID, HorarioID) VALUES (396, 16);
INSERT INTO Pessoa (PessoaID, NumIdentificacao, Nome, Morada, Telefone, NumeroBeneficiario, Sexo, DataNascimento) VALUES (397, 58983528, "Gary Robbins", "morada", 939707279, 581085524, "M", "1979-04-11 10:29:35");
INSERT INTO Staff (PessoaID, CodigoIdentificacao, Especializacao) VALUES (397, 5895, 47);
INSERT INTO Medico (StaffID, Consultorio) VALUES (397, 244);
INSERT INTO HorarioTrabalho (StaffID, HorarioID) VALUES (397, 4);
INSERT INTO HorarioTrabalho (StaffID, HorarioID) VALUES (397, 8);
INSERT INTO HorarioTrabalho (StaffID, HorarioID) VALUES (397, 24);
INSERT INTO Pessoa (PessoaID, NumIdentificacao, Nome, Morada, Telefone, NumeroBeneficiario, Sexo, DataNascimento) VALUES (398, 79469887, "Carmen Miller", "morada", 950928273, 365562513, "M", "2008-09-23 05:29:11");
INSERT INTO Staff (PessoaID, CodigoIdentificacao, Especializacao) VALUES (398, 1142, 48);
INSERT INTO Medico (StaffID, Consultorio) VALUES (398, 182);
INSERT INTO HorarioTrabalho (StaffID, HorarioID) VALUES (398, 2);
INSERT INTO HorarioTrabalho (StaffID, HorarioID) VALUES (398, 18);
INSERT INTO HorarioTrabalho (StaffID, HorarioID) VALUES (398, 28);
INSERT INTO Pessoa (PessoaID, NumIdentificacao, Nome, Morada, Telefone, NumeroBeneficiario, Sexo, DataNascimento) VALUES (399, 16076479, "Mabel Milligan", "morada", 949725264, 857736470, "F", "1974-07-05 22:52:16");
INSERT INTO Staff (PessoaID, CodigoIdentificacao, Especializacao) VALUES (399, 9348, 17);
INSERT INTO Medico (StaffID, Consultorio) VALUES (399, 240);
INSERT INTO HorarioTrabalho (StaffID, HorarioID) VALUES (399, 16);
INSERT INTO HorarioTrabalho (StaffID, HorarioID) VALUES (399, 22);
INSERT INTO HorarioTrabalho (StaffID, HorarioID) VALUES (399, 25);
INSERT INTO Pessoa (PessoaID, NumIdentificacao, Nome, Morada, Telefone, NumeroBeneficiario, Sexo, DataNascimento) VALUES (400, 63620068, "Raymond Patrick", "morada", 984683879, 177456105, "M", "1998-02-11 01:29:20");
INSERT INTO Staff (PessoaID, CodigoIdentificacao, Especializacao) VALUES (400, 8571, 12);
INSERT INTO Medico (StaffID, Consultorio) VALUES (400, 241);
INSERT INTO HorarioTrabalho (StaffID, HorarioID) VALUES (400, 16);
INSERT INTO HorarioTrabalho (StaffID, HorarioID) VALUES (400, 19);
INSERT INTO HorarioTrabalho (StaffID, HorarioID) VALUES (400, 23);
INSERT INTO HorarioTrabalho (StaffID, HorarioID) VALUES (400, 28);
INSERT INTO Pessoa (PessoaID, NumIdentificacao, Nome, Morada, Telefone, NumeroBeneficiario, Sexo, DataNascimento) VALUES (401, 44087972, "John Johnston", "morada", 910433868, 953063239, "M", "1992-02-01 23:37:38");
INSERT INTO Staff (PessoaID, CodigoIdentificacao, Especializacao) VALUES (401, 5075, 4);
INSERT INTO Medico (StaffID, Consultorio) VALUES (401, 132);
INSERT INTO HorarioTrabalho (StaffID, HorarioID) VALUES (401, 1);
INSERT INTO HorarioTrabalho (StaffID, HorarioID) VALUES (401, 12);
INSERT INTO HorarioTrabalho (StaffID, HorarioID) VALUES (401, 19);
INSERT INTO HorarioTrabalho (StaffID, HorarioID) VALUES (401, 24);
INSERT INTO HorarioTrabalho (StaffID, HorarioID) VALUES (401, 26);
INSERT INTO Pessoa (PessoaID, NumIdentificacao, Nome, Morada, Telefone, NumeroBeneficiario, Sexo, DataNascimento) VALUES (402, 33123881, "Mollie Armijo", "morada", 973764473, 404210379, "F", "1976-02-13 11:49:59");
INSERT INTO Staff (PessoaID, CodigoIdentificacao, Especializacao) VALUES (402, 4949, 43);
INSERT INTO Medico (StaffID, Consultorio) VALUES (402, 128);
INSERT INTO HorarioTrabalho (StaffID, HorarioID) VALUES (402, 15);
INSERT INTO HorarioTrabalho (StaffID, HorarioID) VALUES (402, 17);
INSERT INTO HorarioTrabalho (StaffID, HorarioID) VALUES (402, 25);
INSERT INTO Pessoa (PessoaID, NumIdentificacao, Nome, Morada, Telefone, NumeroBeneficiario, Sexo, DataNascimento) VALUES (403, 52895553, "Aaron Mccoy", "morada", 919045296, 649928123, "M", "1999-12-30 04:42:56");
INSERT INTO Staff (PessoaID, CodigoIdentificacao, Especializacao) VALUES (403, 9105, 38);
INSERT INTO Medico (StaffID, Consultorio) VALUES (403, 110);
INSERT INTO HorarioTrabalho (StaffID, HorarioID) VALUES (403, 2);
INSERT INTO HorarioTrabalho (StaffID, HorarioID) VALUES (403, 11);
INSERT INTO HorarioTrabalho (StaffID, HorarioID) VALUES (403, 19);
INSERT INTO HorarioTrabalho (StaffID, HorarioID) VALUES (403, 23);
INSERT INTO Pessoa (PessoaID, NumIdentificacao, Nome, Morada, Telefone, NumeroBeneficiario, Sexo, DataNascimento) VALUES (404, 85210941, "Jay Gracia", "morada", 914552519, 342276643, "M", "2013-11-23 07:57:35");
INSERT INTO Staff (PessoaID, CodigoIdentificacao, Especializacao) VALUES (404, 7388, 16);
INSERT INTO Medico (StaffID, Consultorio) VALUES (404, 229);
INSERT INTO HorarioTrabalho (StaffID, HorarioID) VALUES (404, 3);
INSERT INTO HorarioTrabalho (StaffID, HorarioID) VALUES (404, 6);
INSERT INTO HorarioTrabalho (StaffID, HorarioID) VALUES (404, 16);
INSERT INTO HorarioTrabalho (StaffID, HorarioID) VALUES (404, 23);
INSERT INTO HorarioTrabalho (StaffID, HorarioID) VALUES (404, 25);
INSERT INTO Pessoa (PessoaID, NumIdentificacao, Nome, Morada, Telefone, NumeroBeneficiario, Sexo, DataNascimento) VALUES (405, 25658102, "Glenda Bledsoe", "morada", 973111425, 627487313, "F", "2003-02-19 09:17:31");
INSERT INTO Staff (PessoaID, CodigoIdentificacao, Especializacao) VALUES (405, 6037, 7);
INSERT INTO Medico (StaffID, Consultorio) VALUES (405, 141);
INSERT INTO HorarioTrabalho (StaffID, HorarioID) VALUES (405, 3);
INSERT INTO HorarioTrabalho (StaffID, HorarioID) VALUES (405, 7);
INSERT INTO HorarioTrabalho (StaffID, HorarioID) VALUES (405, 9);
INSERT INTO HorarioTrabalho (StaffID, HorarioID) VALUES (405, 13);
INSERT INTO HorarioTrabalho (StaffID, HorarioID) VALUES (405, 19);
INSERT INTO HorarioTrabalho (StaffID, HorarioID) VALUES (405, 22);
INSERT INTO Pessoa (PessoaID, NumIdentificacao, Nome, Morada, Telefone, NumeroBeneficiario, Sexo, DataNascimento) VALUES (406, 70203268, "Lori Latshaw", "morada", 996287358, 771337273, "F", "1983-05-29 20:16:37");
INSERT INTO Staff (PessoaID, CodigoIdentificacao, Especializacao) VALUES (406, 9095, 48);
INSERT INTO Medico (StaffID, Consultorio) VALUES (406, 235);
INSERT INTO HorarioTrabalho (StaffID, HorarioID) VALUES (406, 4);
INSERT INTO HorarioTrabalho (StaffID, HorarioID) VALUES (406, 14);
INSERT INTO HorarioTrabalho (StaffID, HorarioID) VALUES (406, 20);
INSERT INTO HorarioTrabalho (StaffID, HorarioID) VALUES (406, 22);
INSERT INTO HorarioTrabalho (StaffID, HorarioID) VALUES (406, 28);
INSERT INTO Pessoa (PessoaID, NumIdentificacao, Nome, Morada, Telefone, NumeroBeneficiario, Sexo, DataNascimento) VALUES (407, 11359878, "Danielle Barfield", "morada", 975745952, 649735693, "F", "1991-12-15 13:53:21");
INSERT INTO Staff (PessoaID, CodigoIdentificacao, Especializacao) VALUES (407, 3034, 21);
INSERT INTO Medico (StaffID, Consultorio) VALUES (407, 111);
INSERT INTO HorarioTrabalho (StaffID, HorarioID) VALUES (407, 1);
INSERT INTO HorarioTrabalho (StaffID, HorarioID) VALUES (407, 7);
INSERT INTO HorarioTrabalho (StaffID, HorarioID) VALUES (407, 26);
INSERT INTO Pessoa (PessoaID, NumIdentificacao, Nome, Morada, Telefone, NumeroBeneficiario, Sexo, DataNascimento) VALUES (408, 36755569, "Herman Watson", "morada", 976683932, 628867488, "M", "1997-09-30 04:31:35");
INSERT INTO Staff (PessoaID, CodigoIdentificacao, Especializacao) VALUES (408, 1089, 1);
INSERT INTO Medico (StaffID, Consultorio) VALUES (408, 247);
INSERT INTO HorarioTrabalho (StaffID, HorarioID) VALUES (408, 2);
INSERT INTO HorarioTrabalho (StaffID, HorarioID) VALUES (408, 5);
INSERT INTO HorarioTrabalho (StaffID, HorarioID) VALUES (408, 10);
INSERT INTO HorarioTrabalho (StaffID, HorarioID) VALUES (408, 15);
INSERT INTO HorarioTrabalho (StaffID, HorarioID) VALUES (408, 23);
INSERT INTO Pessoa (PessoaID, NumIdentificacao, Nome, Morada, Telefone, NumeroBeneficiario, Sexo, DataNascimento) VALUES (409, 93597707, "Doug Mcgee", "morada", 956666543, 853068716, "M", "2018-07-12 07:34:14");
INSERT INTO Staff (PessoaID, CodigoIdentificacao, Especializacao) VALUES (409, 9789, 12);
INSERT INTO Medico (StaffID, Consultorio) VALUES (409, 170);
INSERT INTO HorarioTrabalho (StaffID, HorarioID) VALUES (409, 2);
INSERT INTO HorarioTrabalho (StaffID, HorarioID) VALUES (409, 6);
INSERT INTO HorarioTrabalho (StaffID, HorarioID) VALUES (409, 9);
INSERT INTO HorarioTrabalho (StaffID, HorarioID) VALUES (409, 15);
INSERT INTO HorarioTrabalho (StaffID, HorarioID) VALUES (409, 20);
INSERT INTO HorarioTrabalho (StaffID, HorarioID) VALUES (409, 22);
INSERT INTO Pessoa (PessoaID, NumIdentificacao, Nome, Morada, Telefone, NumeroBeneficiario, Sexo, DataNascimento) VALUES (410, 41903042, "Roy Aldape", "morada", 974603299, 240625948, "M", "2013-08-21 07:11:39");
INSERT INTO Staff (PessoaID, CodigoIdentificacao, Especializacao) VALUES (410, 8169, 8);
INSERT INTO Medico (StaffID, Consultorio) VALUES (410, 203);
INSERT INTO HorarioTrabalho (StaffID, HorarioID) VALUES (410, 16);
INSERT INTO HorarioTrabalho (StaffID, HorarioID) VALUES (410, 21);
INSERT INTO Pessoa (PessoaID, NumIdentificacao, Nome, Morada, Telefone, NumeroBeneficiario, Sexo, DataNascimento) VALUES (411, 11222759, "Marie Caron", "morada", 937346471, 140292671, "F", "2012-02-10 12:32:24");
INSERT INTO Staff (PessoaID, CodigoIdentificacao, Especializacao) VALUES (411, 3691, 46);
INSERT INTO Medico (StaffID, Consultorio) VALUES (411, 100);
INSERT INTO HorarioTrabalho (StaffID, HorarioID) VALUES (411, 13);
INSERT INTO HorarioTrabalho (StaffID, HorarioID) VALUES (411, 23);
INSERT INTO HorarioTrabalho (StaffID, HorarioID) VALUES (411, 27);
INSERT INTO Pessoa (PessoaID, NumIdentificacao, Nome, Morada, Telefone, NumeroBeneficiario, Sexo, DataNascimento) VALUES (412, 64111201, "Carl Underwood", "morada", 948142334, 421717448, "F", "1972-06-11 05:16:35");
INSERT INTO Staff (PessoaID, CodigoIdentificacao, Especializacao) VALUES (412, 3459, 29);
INSERT INTO Medico (StaffID, Consultorio) VALUES (412, 136);
INSERT INTO HorarioTrabalho (StaffID, HorarioID) VALUES (412, 5);
INSERT INTO HorarioTrabalho (StaffID, HorarioID) VALUES (412, 10);
INSERT INTO HorarioTrabalho (StaffID, HorarioID) VALUES (412, 15);
INSERT INTO HorarioTrabalho (StaffID, HorarioID) VALUES (412, 22);
INSERT INTO Pessoa (PessoaID, NumIdentificacao, Nome, Morada, Telefone, NumeroBeneficiario, Sexo, DataNascimento) VALUES (413, 77763516, "Robert Liao", "morada", 968327205, 170134048, "M", "1986-03-20 03:07:54");
INSERT INTO Staff (PessoaID, CodigoIdentificacao, Especializacao) VALUES (413, 8720, 36);
INSERT INTO Medico (StaffID, Consultorio) VALUES (413, 123);
INSERT INTO HorarioTrabalho (StaffID, HorarioID) VALUES (413, 5);
INSERT INTO HorarioTrabalho (StaffID, HorarioID) VALUES (413, 17);
INSERT INTO HorarioTrabalho (StaffID, HorarioID) VALUES (413, 26);
INSERT INTO Pessoa (PessoaID, NumIdentificacao, Nome, Morada, Telefone, NumeroBeneficiario, Sexo, DataNascimento) VALUES (414, 57412335, "Catherine Nez", "morada", 917090356, 476068516, "F", "2007-07-12 14:59:04");
INSERT INTO Staff (PessoaID, CodigoIdentificacao, Especializacao) VALUES (414, 1472, 29);
INSERT INTO Medico (StaffID, Consultorio) VALUES (414, 137);
INSERT INTO HorarioTrabalho (StaffID, HorarioID) VALUES (414, 8);
INSERT INTO HorarioTrabalho (StaffID, HorarioID) VALUES (414, 9);
INSERT INTO HorarioTrabalho (StaffID, HorarioID) VALUES (414, 23);
INSERT INTO Pessoa (PessoaID, NumIdentificacao, Nome, Morada, Telefone, NumeroBeneficiario, Sexo, DataNascimento) VALUES (415, 39791171, "Howard Davis", "morada", 938736719, 139381083, "M", "1975-11-15 09:35:39");
INSERT INTO Staff (PessoaID, CodigoIdentificacao, Especializacao) VALUES (415, 2169, 9);
INSERT INTO Medico (StaffID, Consultorio) VALUES (415, 236);
INSERT INTO HorarioTrabalho (StaffID, HorarioID) VALUES (415, 7);
INSERT INTO HorarioTrabalho (StaffID, HorarioID) VALUES (415, 13);
INSERT INTO HorarioTrabalho (StaffID, HorarioID) VALUES (415, 17);
INSERT INTO HorarioTrabalho (StaffID, HorarioID) VALUES (415, 28);
INSERT INTO Pessoa (PessoaID, NumIdentificacao, Nome, Morada, Telefone, NumeroBeneficiario, Sexo, DataNascimento) VALUES (416, 63425477, "Leo Fosmire", "morada", 980839082, 138264041, "M", "2000-09-17 11:56:40");
INSERT INTO Staff (PessoaID, CodigoIdentificacao, Especializacao) VALUES (416, 7131, 23);
INSERT INTO Medico (StaffID, Consultorio) VALUES (416, 165);
INSERT INTO HorarioTrabalho (StaffID, HorarioID) VALUES (416, 11);
INSERT INTO HorarioTrabalho (StaffID, HorarioID) VALUES (416, 16);
INSERT INTO HorarioTrabalho (StaffID, HorarioID) VALUES (416, 19);
INSERT INTO HorarioTrabalho (StaffID, HorarioID) VALUES (416, 27);
INSERT INTO Pessoa (PessoaID, NumIdentificacao, Nome, Morada, Telefone, NumeroBeneficiario, Sexo, DataNascimento) VALUES (417, 64832712, "Shannon Ginsberg", "morada", 941802879, 824099658, "M", "2006-11-01 21:35:17");
INSERT INTO Staff (PessoaID, CodigoIdentificacao, Especializacao) VALUES (417, 9865, 20);
INSERT INTO Medico (StaffID, Consultorio) VALUES (417, 227);
INSERT INTO HorarioTrabalho (StaffID, HorarioID) VALUES (417, 1);
INSERT INTO HorarioTrabalho (StaffID, HorarioID) VALUES (417, 7);
INSERT INTO HorarioTrabalho (StaffID, HorarioID) VALUES (417, 9);
INSERT INTO HorarioTrabalho (StaffID, HorarioID) VALUES (417, 19);
INSERT INTO HorarioTrabalho (StaffID, HorarioID) VALUES (417, 21);
INSERT INTO HorarioTrabalho (StaffID, HorarioID) VALUES (417, 25);
INSERT INTO Pessoa (PessoaID, NumIdentificacao, Nome, Morada, Telefone, NumeroBeneficiario, Sexo, DataNascimento) VALUES (418, 51749699, "Christopher Holt", "morada", 988287924, 787715083, "M", "2008-08-08 19:09:05");
INSERT INTO Staff (PessoaID, CodigoIdentificacao, Especializacao) VALUES (418, 5927, 36);
INSERT INTO Medico (StaffID, Consultorio) VALUES (418, 119);
INSERT INTO HorarioTrabalho (StaffID, HorarioID) VALUES (418, 4);
INSERT INTO HorarioTrabalho (StaffID, HorarioID) VALUES (418, 8);
INSERT INTO HorarioTrabalho (StaffID, HorarioID) VALUES (418, 12);
INSERT INTO HorarioTrabalho (StaffID, HorarioID) VALUES (418, 13);
INSERT INTO HorarioTrabalho (StaffID, HorarioID) VALUES (418, 23);
INSERT INTO Pessoa (PessoaID, NumIdentificacao, Nome, Morada, Telefone, NumeroBeneficiario, Sexo, DataNascimento) VALUES (419, 75531455, "Richard Gordon", "morada", 982095746, 582797894, "M", "1978-08-10 18:44:16");
INSERT INTO Staff (PessoaID, CodigoIdentificacao, Especializacao) VALUES (419, 5812, 49);
INSERT INTO Medico (StaffID, Consultorio) VALUES (419, 221);
INSERT INTO HorarioTrabalho (StaffID, HorarioID) VALUES (419, 7);
INSERT INTO HorarioTrabalho (StaffID, HorarioID) VALUES (419, 16);
INSERT INTO HorarioTrabalho (StaffID, HorarioID) VALUES (419, 17);
INSERT INTO Pessoa (PessoaID, NumIdentificacao, Nome, Morada, Telefone, NumeroBeneficiario, Sexo, DataNascimento) VALUES (420, 30077797, "David Laxson", "morada", 966567924, 809885047, "M", "1974-05-19 02:04:53");
INSERT INTO Staff (PessoaID, CodigoIdentificacao, Especializacao) VALUES (420, 7240, 37);
INSERT INTO Medico (StaffID, Consultorio) VALUES (420, 248);
INSERT INTO HorarioTrabalho (StaffID, HorarioID) VALUES (420, 3);
INSERT INTO HorarioTrabalho (StaffID, HorarioID) VALUES (420, 8);
INSERT INTO HorarioTrabalho (StaffID, HorarioID) VALUES (420, 9);
INSERT INTO HorarioTrabalho (StaffID, HorarioID) VALUES (420, 13);
INSERT INTO HorarioTrabalho (StaffID, HorarioID) VALUES (420, 22);
INSERT INTO HorarioTrabalho (StaffID, HorarioID) VALUES (420, 25);
INSERT INTO Pessoa (PessoaID, NumIdentificacao, Nome, Morada, Telefone, NumeroBeneficiario, Sexo, DataNascimento) VALUES (421, 20374035, "Luz Miller", "morada", 933454123, 816991247, "F", "1996-08-24 21:13:13");
INSERT INTO Staff (PessoaID, CodigoIdentificacao, Especializacao) VALUES (421, 2399, 10);
INSERT INTO Medico (StaffID, Consultorio) VALUES (421, 230);
INSERT INTO HorarioTrabalho (StaffID, HorarioID) VALUES (421, 2);
INSERT INTO HorarioTrabalho (StaffID, HorarioID) VALUES (421, 9);
INSERT INTO HorarioTrabalho (StaffID, HorarioID) VALUES (421, 22);
INSERT INTO HorarioTrabalho (StaffID, HorarioID) VALUES (421, 26);
INSERT INTO Pessoa (PessoaID, NumIdentificacao, Nome, Morada, Telefone, NumeroBeneficiario, Sexo, DataNascimento) VALUES (422, 77569951, "Rebecca Cadwell", "morada", 914384621, 946140126, "F", "1977-02-04 16:03:14");
INSERT INTO Staff (PessoaID, CodigoIdentificacao, Especializacao) VALUES (422, 1325, 1);
INSERT INTO Medico (StaffID, Consultorio) VALUES (422, 243);
INSERT INTO HorarioTrabalho (StaffID, HorarioID) VALUES (422, 6);
INSERT INTO HorarioTrabalho (StaffID, HorarioID) VALUES (422, 9);
INSERT INTO HorarioTrabalho (StaffID, HorarioID) VALUES (422, 22);
INSERT INTO HorarioTrabalho (StaffID, HorarioID) VALUES (422, 28);
INSERT INTO Pessoa (PessoaID, NumIdentificacao, Nome, Morada, Telefone, NumeroBeneficiario, Sexo, DataNascimento) VALUES (423, 18025427, "Kayla Tyler", "morada", 957314290, 762270829, "F", "2019-12-09 14:16:48");
INSERT INTO Staff (PessoaID, CodigoIdentificacao, Especializacao) VALUES (423, 7955, 27);
INSERT INTO Medico (StaffID, Consultorio) VALUES (423, 149);
INSERT INTO HorarioTrabalho (StaffID, HorarioID) VALUES (423, 6);
INSERT INTO HorarioTrabalho (StaffID, HorarioID) VALUES (423, 15);
INSERT INTO HorarioTrabalho (StaffID, HorarioID) VALUES (423, 26);
INSERT INTO Pessoa (PessoaID, NumIdentificacao, Nome, Morada, Telefone, NumeroBeneficiario, Sexo, DataNascimento) VALUES (424, 54597639, "Jon Thomas", "morada", 952457047, 947223134, "M", "1970-01-26 04:13:58");
INSERT INTO Staff (PessoaID, CodigoIdentificacao, Especializacao) VALUES (424, 1415, 3);
INSERT INTO Medico (StaffID, Consultorio) VALUES (424, 148);
INSERT INTO HorarioTrabalho (StaffID, HorarioID) VALUES (424, 3);
INSERT INTO HorarioTrabalho (StaffID, HorarioID) VALUES (424, 5);
INSERT INTO HorarioTrabalho (StaffID, HorarioID) VALUES (424, 9);
INSERT INTO Pessoa (PessoaID, NumIdentificacao, Nome, Morada, Telefone, NumeroBeneficiario, Sexo, DataNascimento) VALUES (425, 44227611, "John Mccarthy", "morada", 989385138, 439857047, "M", "1997-11-14 05:49:09");
INSERT INTO Staff (PessoaID, CodigoIdentificacao, Especializacao) VALUES (425, 5488, 38);
INSERT INTO Medico (StaffID, Consultorio) VALUES (425, 197);
INSERT INTO HorarioTrabalho (StaffID, HorarioID) VALUES (425, 3);
INSERT INTO HorarioTrabalho (StaffID, HorarioID) VALUES (425, 6);
INSERT INTO HorarioTrabalho (StaffID, HorarioID) VALUES (425, 9);
INSERT INTO HorarioTrabalho (StaffID, HorarioID) VALUES (425, 23);
INSERT INTO Pessoa (PessoaID, NumIdentificacao, Nome, Morada, Telefone, NumeroBeneficiario, Sexo, DataNascimento) VALUES (426, 15392829, "Leonard Saunders", "morada", 927349605, 390116343, "M", "1985-03-05 11:01:39");
INSERT INTO Staff (PessoaID, CodigoIdentificacao, Especializacao) VALUES (426, 4056, 38);
INSERT INTO Medico (StaffID, Consultorio) VALUES (426, 117);
INSERT INTO HorarioTrabalho (StaffID, HorarioID) VALUES (426, 2);
INSERT INTO HorarioTrabalho (StaffID, HorarioID) VALUES (426, 8);
INSERT INTO HorarioTrabalho (StaffID, HorarioID) VALUES (426, 10);
INSERT INTO HorarioTrabalho (StaffID, HorarioID) VALUES (426, 14);
INSERT INTO HorarioTrabalho (StaffID, HorarioID) VALUES (426, 20);
INSERT INTO HorarioTrabalho (StaffID, HorarioID) VALUES (426, 26);


-- Distribution of doctors to patients
INSERT INTO MedicoAtribuido (PacienteID, MedicoID) VALUES (1, 388);
INSERT INTO MedicoAtribuido (PacienteID, MedicoID) VALUES (2, 386);
INSERT INTO MedicoAtribuido (PacienteID, MedicoID) VALUES (4, 420);
INSERT INTO MedicoAtribuido (PacienteID, MedicoID) VALUES (7, 394);
INSERT INTO MedicoAtribuido (PacienteID, MedicoID) VALUES (11, 395);
INSERT INTO MedicoAtribuido (PacienteID, MedicoID) VALUES (15, 384);
INSERT INTO MedicoAtribuido (PacienteID, MedicoID) VALUES (16, 408);
INSERT INTO MedicoAtribuido (PacienteID, MedicoID) VALUES (17, 387);
INSERT INTO MedicoAtribuido (PacienteID, MedicoID) VALUES (18, 425);
INSERT INTO MedicoAtribuido (PacienteID, MedicoID) VALUES (19, 393);
INSERT INTO MedicoAtribuido (PacienteID, MedicoID) VALUES (20, 391);
INSERT INTO MedicoAtribuido (PacienteID, MedicoID) VALUES (21, 420);
INSERT INTO MedicoAtribuido (PacienteID, MedicoID) VALUES (22, 426);
INSERT INTO MedicoAtribuido (PacienteID, MedicoID) VALUES (23, 396);
INSERT INTO MedicoAtribuido (PacienteID, MedicoID) VALUES (25, 408);
INSERT INTO MedicoAtribuido (PacienteID, MedicoID) VALUES (26, 407);
INSERT INTO MedicoAtribuido (PacienteID, MedicoID) VALUES (27, 411);
INSERT INTO MedicoAtribuido (PacienteID, MedicoID) VALUES (28, 386);
INSERT INTO MedicoAtribuido (PacienteID, MedicoID) VALUES (29, 413);
INSERT INTO MedicoAtribuido (PacienteID, MedicoID) VALUES (30, 395);
INSERT INTO MedicoAtribuido (PacienteID, MedicoID) VALUES (32, 387);
INSERT INTO MedicoAtribuido (PacienteID, MedicoID) VALUES (36, 400);
INSERT INTO MedicoAtribuido (PacienteID, MedicoID) VALUES (37, 383);
INSERT INTO MedicoAtribuido (PacienteID, MedicoID) VALUES (38, 405);
INSERT INTO MedicoAtribuido (PacienteID, MedicoID) VALUES (39, 420);
INSERT INTO MedicoAtribuido (PacienteID, MedicoID) VALUES (40, 415);
INSERT INTO MedicoAtribuido (PacienteID, MedicoID) VALUES (41, 415);
INSERT INTO MedicoAtribuido (PacienteID, MedicoID) VALUES (42, 383);
INSERT INTO MedicoAtribuido (PacienteID, MedicoID) VALUES (44, 385);
INSERT INTO MedicoAtribuido (PacienteID, MedicoID) VALUES (46, 387);
INSERT INTO MedicoAtribuido (PacienteID, MedicoID) VALUES (48, 413);
INSERT INTO MedicoAtribuido (PacienteID, MedicoID) VALUES (50, 385);
INSERT INTO MedicoAtribuido (PacienteID, MedicoID) VALUES (52, 407);
INSERT INTO MedicoAtribuido (PacienteID, MedicoID) VALUES (53, 404);
INSERT INTO MedicoAtribuido (PacienteID, MedicoID) VALUES (54, 426);
INSERT INTO MedicoAtribuido (PacienteID, MedicoID) VALUES (55, 419);
INSERT INTO MedicoAtribuido (PacienteID, MedicoID) VALUES (56, 422);
INSERT INTO MedicoAtribuido (PacienteID, MedicoID) VALUES (57, 401);
INSERT INTO MedicoAtribuido (PacienteID, MedicoID) VALUES (58, 392);
INSERT INTO MedicoAtribuido (PacienteID, MedicoID) VALUES (59, 425);
INSERT INTO MedicoAtribuido (PacienteID, MedicoID) VALUES (60, 413);
INSERT INTO MedicoAtribuido (PacienteID, MedicoID) VALUES (61, 401);
INSERT INTO MedicoAtribuido (PacienteID, MedicoID) VALUES (62, 411);
INSERT INTO MedicoAtribuido (PacienteID, MedicoID) VALUES (63, 395);
INSERT INTO MedicoAtribuido (PacienteID, MedicoID) VALUES (66, 383);
INSERT INTO MedicoAtribuido (PacienteID, MedicoID) VALUES (68, 426);
INSERT INTO MedicoAtribuido (PacienteID, MedicoID) VALUES (69, 416);
INSERT INTO MedicoAtribuido (PacienteID, MedicoID) VALUES (70, 421);
INSERT INTO MedicoAtribuido (PacienteID, MedicoID) VALUES (71, 385);
INSERT INTO MedicoAtribuido (PacienteID, MedicoID) VALUES (73, 395);
INSERT INTO MedicoAtribuido (PacienteID, MedicoID) VALUES (75, 385);
INSERT INTO MedicoAtribuido (PacienteID, MedicoID) VALUES (78, 416);
INSERT INTO MedicoAtribuido (PacienteID, MedicoID) VALUES (81, 412);
INSERT INTO MedicoAtribuido (PacienteID, MedicoID) VALUES (83, 387);
INSERT INTO MedicoAtribuido (PacienteID, MedicoID) VALUES (84, 412);
INSERT INTO MedicoAtribuido (PacienteID, MedicoID) VALUES (85, 397);
INSERT INTO MedicoAtribuido (PacienteID, MedicoID) VALUES (87, 402);
INSERT INTO MedicoAtribuido (PacienteID, MedicoID) VALUES (91, 409);
INSERT INTO MedicoAtribuido (PacienteID, MedicoID) VALUES (92, 416);
INSERT INTO MedicoAtribuido (PacienteID, MedicoID) VALUES (94, 383);
INSERT INTO MedicoAtribuido (PacienteID, MedicoID) VALUES (95, 393);
INSERT INTO MedicoAtribuido (PacienteID, MedicoID) VALUES (96, 415);
INSERT INTO MedicoAtribuido (PacienteID, MedicoID) VALUES (97, 425);
INSERT INTO MedicoAtribuido (PacienteID, MedicoID) VALUES (99, 389);
INSERT INTO MedicoAtribuido (PacienteID, MedicoID) VALUES (100, 400);
INSERT INTO MedicoAtribuido (PacienteID, MedicoID) VALUES (101, 391);
INSERT INTO MedicoAtribuido (PacienteID, MedicoID) VALUES (102, 402);
INSERT INTO MedicoAtribuido (PacienteID, MedicoID) VALUES (104, 384);
INSERT INTO MedicoAtribuido (PacienteID, MedicoID) VALUES (105, 393);
INSERT INTO MedicoAtribuido (PacienteID, MedicoID) VALUES (107, 398);
INSERT INTO MedicoAtribuido (PacienteID, MedicoID) VALUES (109, 389);
INSERT INTO MedicoAtribuido (PacienteID, MedicoID) VALUES (110, 402);
INSERT INTO MedicoAtribuido (PacienteID, MedicoID) VALUES (115, 416);
INSERT INTO MedicoAtribuido (PacienteID, MedicoID) VALUES (116, 384);
INSERT INTO MedicoAtribuido (PacienteID, MedicoID) VALUES (117, 421);
INSERT INTO MedicoAtribuido (PacienteID, MedicoID) VALUES (119, 412);
INSERT INTO MedicoAtribuido (PacienteID, MedicoID) VALUES (120, 415);
INSERT INTO MedicoAtribuido (PacienteID, MedicoID) VALUES (122, 421);
INSERT INTO MedicoAtribuido (PacienteID, MedicoID) VALUES (124, 395);
INSERT INTO MedicoAtribuido (PacienteID, MedicoID) VALUES (125, 406);
INSERT INTO MedicoAtribuido (PacienteID, MedicoID) VALUES (126, 398);
INSERT INTO MedicoAtribuido (PacienteID, MedicoID) VALUES (127, 388);
INSERT INTO MedicoAtribuido (PacienteID, MedicoID) VALUES (129, 422);
INSERT INTO MedicoAtribuido (PacienteID, MedicoID) VALUES (130, 404);
INSERT INTO MedicoAtribuido (PacienteID, MedicoID) VALUES (134, 416);
INSERT INTO MedicoAtribuido (PacienteID, MedicoID) VALUES (135, 398);
INSERT INTO MedicoAtribuido (PacienteID, MedicoID) VALUES (136, 411);
INSERT INTO MedicoAtribuido (PacienteID, MedicoID) VALUES (138, 398);
INSERT INTO MedicoAtribuido (PacienteID, MedicoID) VALUES (139, 407);
INSERT INTO MedicoAtribuido (PacienteID, MedicoID) VALUES (141, 397);
INSERT INTO MedicoAtribuido (PacienteID, MedicoID) VALUES (142, 387);
INSERT INTO MedicoAtribuido (PacienteID, MedicoID) VALUES (143, 386);
INSERT INTO MedicoAtribuido (PacienteID, MedicoID) VALUES (145, 407);
INSERT INTO MedicoAtribuido (PacienteID, MedicoID) VALUES (146, 396);
INSERT INTO MedicoAtribuido (PacienteID, MedicoID) VALUES (147, 388);
INSERT INTO MedicoAtribuido (PacienteID, MedicoID) VALUES (149, 425);
INSERT INTO MedicoAtribuido (PacienteID, MedicoID) VALUES (152, 421);
INSERT INTO MedicoAtribuido (PacienteID, MedicoID) VALUES (154, 387);
INSERT INTO MedicoAtribuido (PacienteID, MedicoID) VALUES (157, 403);
INSERT INTO MedicoAtribuido (PacienteID, MedicoID) VALUES (159, 386);
INSERT INTO MedicoAtribuido (PacienteID, MedicoID) VALUES (160, 419);
INSERT INTO MedicoAtribuido (PacienteID, MedicoID) VALUES (162, 408);
INSERT INTO MedicoAtribuido (PacienteID, MedicoID) VALUES (163, 412);
INSERT INTO MedicoAtribuido (PacienteID, MedicoID) VALUES (164, 423);
INSERT INTO MedicoAtribuido (PacienteID, MedicoID) VALUES (166, 420);
INSERT INTO MedicoAtribuido (PacienteID, MedicoID) VALUES (168, 411);
INSERT INTO MedicoAtribuido (PacienteID, MedicoID) VALUES (169, 426);
INSERT INTO MedicoAtribuido (PacienteID, MedicoID) VALUES (170, 419);
INSERT INTO MedicoAtribuido (PacienteID, MedicoID) VALUES (171, 423);
INSERT INTO MedicoAtribuido (PacienteID, MedicoID) VALUES (172, 400);
INSERT INTO MedicoAtribuido (PacienteID, MedicoID) VALUES (173, 413);
INSERT INTO MedicoAtribuido (PacienteID, MedicoID) VALUES (174, 399);
INSERT INTO MedicoAtribuido (PacienteID, MedicoID) VALUES (175, 389);
INSERT INTO MedicoAtribuido (PacienteID, MedicoID) VALUES (176, 387);
INSERT INTO MedicoAtribuido (PacienteID, MedicoID) VALUES (179, 402);
INSERT INTO MedicoAtribuido (PacienteID, MedicoID) VALUES (180, 386);
INSERT INTO MedicoAtribuido (PacienteID, MedicoID) VALUES (182, 401);
INSERT INTO MedicoAtribuido (PacienteID, MedicoID) VALUES (183, 403);
INSERT INTO MedicoAtribuido (PacienteID, MedicoID) VALUES (184, 397);
INSERT INTO MedicoAtribuido (PacienteID, MedicoID) VALUES (186, 402);
INSERT INTO MedicoAtribuido (PacienteID, MedicoID) VALUES (188, 422);
INSERT INTO MedicoAtribuido (PacienteID, MedicoID) VALUES (189, 407);
INSERT INTO MedicoAtribuido (PacienteID, MedicoID) VALUES (190, 420);
INSERT INTO MedicoAtribuido (PacienteID, MedicoID) VALUES (192, 383);
INSERT INTO MedicoAtribuido (PacienteID, MedicoID) VALUES (197, 396);
INSERT INTO MedicoAtribuido (PacienteID, MedicoID) VALUES (198, 396);
INSERT INTO MedicoAtribuido (PacienteID, MedicoID) VALUES (200, 394);
INSERT INTO MedicoAtribuido (PacienteID, MedicoID) VALUES (205, 388);
INSERT INTO MedicoAtribuido (PacienteID, MedicoID) VALUES (206, 425);
INSERT INTO MedicoAtribuido (PacienteID, MedicoID) VALUES (208, 416);
INSERT INTO MedicoAtribuido (PacienteID, MedicoID) VALUES (209, 405);
INSERT INTO MedicoAtribuido (PacienteID, MedicoID) VALUES (210, 402);
INSERT INTO MedicoAtribuido (PacienteID, MedicoID) VALUES (212, 390);
INSERT INTO MedicoAtribuido (PacienteID, MedicoID) VALUES (213, 407);
INSERT INTO MedicoAtribuido (PacienteID, MedicoID) VALUES (215, 398);
INSERT INTO MedicoAtribuido (PacienteID, MedicoID) VALUES (216, 392);
INSERT INTO MedicoAtribuido (PacienteID, MedicoID) VALUES (221, 412);
INSERT INTO MedicoAtribuido (PacienteID, MedicoID) VALUES (223, 422);
INSERT INTO MedicoAtribuido (PacienteID, MedicoID) VALUES (225, 424);
INSERT INTO MedicoAtribuido (PacienteID, MedicoID) VALUES (227, 392);
INSERT INTO MedicoAtribuido (PacienteID, MedicoID) VALUES (228, 413);
INSERT INTO MedicoAtribuido (PacienteID, MedicoID) VALUES (229, 416);
INSERT INTO MedicoAtribuido (PacienteID, MedicoID) VALUES (230, 390);
INSERT INTO MedicoAtribuido (PacienteID, MedicoID) VALUES (232, 418);
INSERT INTO MedicoAtribuido (PacienteID, MedicoID) VALUES (233, 409);
INSERT INTO MedicoAtribuido (PacienteID, MedicoID) VALUES (237, 385);
INSERT INTO MedicoAtribuido (PacienteID, MedicoID) VALUES (238, 412);
INSERT INTO MedicoAtribuido (PacienteID, MedicoID) VALUES (242, 409);
INSERT INTO MedicoAtribuido (PacienteID, MedicoID) VALUES (243, 391);
INSERT INTO MedicoAtribuido (PacienteID, MedicoID) VALUES (244, 416);
INSERT INTO MedicoAtribuido (PacienteID, MedicoID) VALUES (245, 426);
INSERT INTO MedicoAtribuido (PacienteID, MedicoID) VALUES (247, 415);
INSERT INTO MedicoAtribuido (PacienteID, MedicoID) VALUES (248, 415);
INSERT INTO MedicoAtribuido (PacienteID, MedicoID) VALUES (251, 410);
INSERT INTO MedicoAtribuido (PacienteID, MedicoID) VALUES (252, 400);
INSERT INTO MedicoAtribuido (PacienteID, MedicoID) VALUES (253, 405);
INSERT INTO MedicoAtribuido (PacienteID, MedicoID) VALUES (254, 389);
INSERT INTO MedicoAtribuido (PacienteID, MedicoID) VALUES (256, 410);
INSERT INTO MedicoAtribuido (PacienteID, MedicoID) VALUES (257, 393);
INSERT INTO MedicoAtribuido (PacienteID, MedicoID) VALUES (259, 402);
INSERT INTO MedicoAtribuido (PacienteID, MedicoID) VALUES (261, 403);
INSERT INTO MedicoAtribuido (PacienteID, MedicoID) VALUES (262, 416);
INSERT INTO MedicoAtribuido (PacienteID, MedicoID) VALUES (264, 411);
INSERT INTO MedicoAtribuido (PacienteID, MedicoID) VALUES (265, 408);
INSERT INTO MedicoAtribuido (PacienteID, MedicoID) VALUES (267, 419);
INSERT INTO MedicoAtribuido (PacienteID, MedicoID) VALUES (269, 426);
INSERT INTO MedicoAtribuido (PacienteID, MedicoID) VALUES (273, 392);
INSERT INTO MedicoAtribuido (PacienteID, MedicoID) VALUES (274, 389);
INSERT INTO MedicoAtribuido (PacienteID, MedicoID) VALUES (275, 388);
INSERT INTO MedicoAtribuido (PacienteID, MedicoID) VALUES (279, 421);
INSERT INTO MedicoAtribuido (PacienteID, MedicoID) VALUES (281, 423);
INSERT INTO MedicoAtribuido (PacienteID, MedicoID) VALUES (282, 405);
INSERT INTO MedicoAtribuido (PacienteID, MedicoID) VALUES (283, 414);
INSERT INTO MedicoAtribuido (PacienteID, MedicoID) VALUES (284, 425);
INSERT INTO MedicoAtribuido (PacienteID, MedicoID) VALUES (285, 416);
INSERT INTO MedicoAtribuido (PacienteID, MedicoID) VALUES (287, 404);
INSERT INTO MedicoAtribuido (PacienteID, MedicoID) VALUES (288, 413);
INSERT INTO MedicoAtribuido (PacienteID, MedicoID) VALUES (290, 390);
INSERT INTO MedicoAtribuido (PacienteID, MedicoID) VALUES (295, 406);
INSERT INTO MedicoAtribuido (PacienteID, MedicoID) VALUES (296, 416);
INSERT INTO MedicoAtribuido (PacienteID, MedicoID) VALUES (298, 415);
INSERT INTO MedicoAtribuido (PacienteID, MedicoID) VALUES (299, 399);
INSERT INTO MedicoAtribuido (PacienteID, MedicoID) VALUES (300, 390);

-- Departments
INSERT INTO Departamento (NumIdentificador,Nome,Responsavel) VALUES (1,"Cardiologia",311);
INSERT INTO Departamento (NumIdentificador,Nome,Responsavel) VALUES (2,"Triagem de mama",352);
INSERT INTO Departamento (NumIdentificador,Nome,Responsavel) VALUES (3,"Diagnostico por imagem",389);
INSERT INTO Departamento (NumIdentificador,Nome,Responsavel) VALUES (4,"Otorrinolaringologia",360);
INSERT INTO Departamento (NumIdentificador,Nome,Responsavel) VALUES (5,"Geriatria",406);
INSERT INTO Departamento (NumIdentificador,Nome,Responsavel) VALUES (6,"Gastroenterologia",383);
INSERT INTO Departamento (NumIdentificador,Nome,Responsavel) VALUES (7,"Cirurgia geral",301);
INSERT INTO Departamento (NumIdentificador,Nome,Responsavel) VALUES (8,"Ginecologia",367);
INSERT INTO Departamento (NumIdentificador,Nome,Responsavel) VALUES (9,"Maternidade",323);
INSERT INTO Departamento (NumIdentificador,Nome,Responsavel) VALUES (10,"Microbiologia",314);
INSERT INTO Departamento (NumIdentificador,Nome,Responsavel) VALUES (11,"Neurologia",309);
INSERT INTO Departamento (NumIdentificador,Nome,Responsavel) VALUES (12,"Nutricao",302);
INSERT INTO Departamento (NumIdentificador,Nome,Responsavel) VALUES (13,"Obstetricia",368);
INSERT INTO Departamento (NumIdentificador,Nome,Responsavel) VALUES (14,"Terapia Ocupacional",324);
INSERT INTO Departamento (NumIdentificador,Nome,Responsavel) VALUES (15,"Oncologia",387);
INSERT INTO Departamento (NumIdentificador,Nome,Responsavel) VALUES (16,"Oftalmologia",364);
INSERT INTO Departamento (NumIdentificador,Nome,Responsavel) VALUES (17,"Ortopedia",348);
INSERT INTO Departamento (NumIdentificador,Nome,Responsavel) VALUES (18,"Farmacologia",315);
INSERT INTO Departamento (NumIdentificador,Nome,Responsavel) VALUES (19,"Fisioterapia",318);
INSERT INTO Departamento (NumIdentificador,Nome,Responsavel) VALUES (20,"Radioterapia",390);
INSERT INTO Departamento (NumIdentificador,Nome,Responsavel) VALUES (21,"Unidade Renal",370);
INSERT INTO Departamento (NumIdentificador,Nome,Responsavel) VALUES (22,"Reumatologia",371);
INSERT INTO Departamento (NumIdentificador,Nome,Responsavel) VALUES (23,"Saude Sexual",372);
INSERT INTO Departamento (NumIdentificador,Nome,Responsavel) VALUES (24,"Urologia",377);

-- Specialities
UPDATE Especializacao SET Departamento = 1 WHERE EspecializacaoID = 1;
UPDATE Especializacao SET Departamento = 1 WHERE EspecializacaoID = 2;
UPDATE Especializacao SET Departamento = 2 WHERE EspecializacaoID = 3;
UPDATE Especializacao SET Departamento = 2 WHERE EspecializacaoID = 4;
UPDATE Especializacao SET Departamento = 3 WHERE EspecializacaoID = 5;
UPDATE Especializacao SET Departamento = 3 WHERE EspecializacaoID = 6;
UPDATE Especializacao SET Departamento = 4 WHERE EspecializacaoID = 7;
UPDATE Especializacao SET Departamento = 4 WHERE EspecializacaoID = 8;
UPDATE Especializacao SET Departamento = 5 WHERE EspecializacaoID = 9;
UPDATE Especializacao SET Departamento = 5 WHERE EspecializacaoID = 10;
UPDATE Especializacao SET Departamento = 6 WHERE EspecializacaoID = 11;
UPDATE Especializacao SET Departamento = 6 WHERE EspecializacaoID = 12;
UPDATE Especializacao SET Departamento = 7 WHERE EspecializacaoID = 13;
UPDATE Especializacao SET Departamento = 7 WHERE EspecializacaoID = 14;
UPDATE Especializacao SET Departamento = 8 WHERE EspecializacaoID = 15;
UPDATE Especializacao SET Departamento = 8 WHERE EspecializacaoID = 16;
UPDATE Especializacao SET Departamento = 9 WHERE EspecializacaoID = 17;
UPDATE Especializacao SET Departamento = 9 WHERE EspecializacaoID = 18;
UPDATE Especializacao SET Departamento = 10 WHERE EspecializacaoID = 19;
UPDATE Especializacao SET Departamento = 10 WHERE EspecializacaoID = 20;
UPDATE Especializacao SET Departamento = 11 WHERE EspecializacaoID = 21;
UPDATE Especializacao SET Departamento = 11 WHERE EspecializacaoID = 22;
UPDATE Especializacao SET Departamento = 12 WHERE EspecializacaoID = 23;
UPDATE Especializacao SET Departamento = 12 WHERE EspecializacaoID = 24;
UPDATE Especializacao SET Departamento = 13 WHERE EspecializacaoID = 25;
UPDATE Especializacao SET Departamento = 13 WHERE EspecializacaoID = 26;
UPDATE Especializacao SET Departamento = 14 WHERE EspecializacaoID = 27;
UPDATE Especializacao SET Departamento = 14 WHERE EspecializacaoID = 28;
UPDATE Especializacao SET Departamento = 15 WHERE EspecializacaoID = 29;
UPDATE Especializacao SET Departamento = 15 WHERE EspecializacaoID = 30;
UPDATE Especializacao SET Departamento = 16 WHERE EspecializacaoID = 31;
UPDATE Especializacao SET Departamento = 16 WHERE EspecializacaoID = 32;
UPDATE Especializacao SET Departamento = 17 WHERE EspecializacaoID = 33;
UPDATE Especializacao SET Departamento = 17 WHERE EspecializacaoID = 34;
UPDATE Especializacao SET Departamento = 18 WHERE EspecializacaoID = 35;
UPDATE Especializacao SET Departamento = 18 WHERE EspecializacaoID = 36;
UPDATE Especializacao SET Departamento = 19 WHERE EspecializacaoID = 37;
UPDATE Especializacao SET Departamento = 19 WHERE EspecializacaoID = 38;
UPDATE Especializacao SET Departamento = 20 WHERE EspecializacaoID = 39;
UPDATE Especializacao SET Departamento = 20 WHERE EspecializacaoID = 40;
UPDATE Especializacao SET Departamento = 21 WHERE EspecializacaoID = 41;
UPDATE Especializacao SET Departamento = 21 WHERE EspecializacaoID = 42;
UPDATE Especializacao SET Departamento = 22 WHERE EspecializacaoID = 43;
UPDATE Especializacao SET Departamento = 22 WHERE EspecializacaoID = 44;
UPDATE Especializacao SET Departamento = 23 WHERE EspecializacaoID = 45;
UPDATE Especializacao SET Departamento = 23 WHERE EspecializacaoID = 46;
UPDATE Especializacao SET Departamento = 24 WHERE EspecializacaoID = 47;
UPDATE Especializacao SET Departamento = 24 WHERE EspecializacaoID = 48;
UPDATE Especializacao SET Departamento = 1 WHERE EspecializacaoID = 49;
UPDATE Especializacao SET Departamento = 2 WHERE EspecializacaoID = 50;



-- Admission
INSERT INTO Admissao (AdmissaoID, Data, Urgencia, Prioridade, Paciente) VALUES (1, "2002-09-30 06:40:13", 1, 7, 68);
INSERT INTO Admissao (AdmissaoID, Data, Urgencia, Prioridade, Paciente) VALUES (2, "2007-08-15 08:54:36", 0, 0, 172);
INSERT INTO Admissao (AdmissaoID, Data, Urgencia, Prioridade, Paciente) VALUES (3, "1973-03-09 17:24:15", 0, 0, 279);
INSERT INTO Admissao (AdmissaoID, Data, Urgencia, Prioridade, Paciente) VALUES (4, "1985-05-09 14:02:52", 1, 3, 131);
INSERT INTO Admissao (AdmissaoID, Data, Urgencia, Prioridade, Paciente) VALUES (5, "1979-02-25 18:28:42", 1, 1, 213);
INSERT INTO Admissao (AdmissaoID, Data, Urgencia, Prioridade, Paciente) VALUES (6, "1991-06-11 10:57:37", 1, 3, 8);
INSERT INTO Admissao (AdmissaoID, Data, Urgencia, Prioridade, Paciente) VALUES (7, "1989-03-21 10:36:30", 0, 0, 143);
INSERT INTO Admissao (AdmissaoID, Data, Urgencia, Prioridade, Paciente) VALUES (8, "1982-11-02 14:39:27", 1, 6, 141);
INSERT INTO Admissao (AdmissaoID, Data, Urgencia, Prioridade, Paciente) VALUES (9, "2019-01-09 07:10:51", 1, 6, 123);
INSERT INTO Admissao (AdmissaoID, Data, Urgencia, Prioridade, Paciente) VALUES (10, "2000-06-27 08:58:07", 0, 0, 28);
INSERT INTO Admissao (AdmissaoID, Data, Urgencia, Prioridade, Paciente) VALUES (11, "2010-07-31 13:58:37", 0, 0, 258);
INSERT INTO Admissao (AdmissaoID, Data, Urgencia, Prioridade, Paciente) VALUES (12, "2019-12-31 18:45:42", 0, 0, 166);
INSERT INTO Admissao (AdmissaoID, Data, Urgencia, Prioridade, Paciente) VALUES (13, "1999-10-21 01:27:19", 1, 8, 163);
INSERT INTO Admissao (AdmissaoID, Data, Urgencia, Prioridade, Paciente) VALUES (14, "2017-01-26 05:31:50", 1, 3, 260);
INSERT INTO Admissao (AdmissaoID, Data, Urgencia, Prioridade, Paciente) VALUES (15, "1976-02-17 10:40:06", 1, 2, 106);
INSERT INTO Admissao (AdmissaoID, Data, Urgencia, Prioridade, Paciente) VALUES (16, "2010-03-01 03:31:50", 0, 0, 235);
INSERT INTO Admissao (AdmissaoID, Data, Urgencia, Prioridade, Paciente) VALUES (17, "1977-12-04 23:18:16", 1, 6, 266);
INSERT INTO Admissao (AdmissaoID, Data, Urgencia, Prioridade, Paciente) VALUES (18, "1974-01-26 06:50:16", 1, 5, 250);
INSERT INTO Admissao (AdmissaoID, Data, Urgencia, Prioridade, Paciente) VALUES (19, "1993-05-25 03:22:21", 0, 0, 246);
INSERT INTO Admissao (AdmissaoID, Data, Urgencia, Prioridade, Paciente) VALUES (20, "2004-03-23 07:41:15", 0, 0, 135);
INSERT INTO Admissao (AdmissaoID, Data, Urgencia, Prioridade, Paciente) VALUES (21, "1975-07-02 01:56:52", 1, 6, 175);
INSERT INTO Admissao (AdmissaoID, Data, Urgencia, Prioridade, Paciente) VALUES (22, "2002-12-15 07:22:01", 0, 0, 98);
INSERT INTO Admissao (AdmissaoID, Data, Urgencia, Prioridade, Paciente) VALUES (23, "2007-11-01 01:35:49", 1, 8, 161);
INSERT INTO Admissao (AdmissaoID, Data, Urgencia, Prioridade, Paciente) VALUES (24, "2005-05-08 00:09:36", 0, 0, 265);
INSERT INTO Admissao (AdmissaoID, Data, Urgencia, Prioridade, Paciente) VALUES (25, "1997-03-26 23:00:13", 0, 0, 73);
INSERT INTO Admissao (AdmissaoID, Data, Urgencia, Prioridade, Paciente) VALUES (26, "2001-04-25 17:25:56", 1, 7, 35);
INSERT INTO Admissao (AdmissaoID, Data, Urgencia, Prioridade, Paciente) VALUES (27, "2017-10-24 23:43:47", 0, 0, 45);
INSERT INTO Admissao (AdmissaoID, Data, Urgencia, Prioridade, Paciente) VALUES (28, "1974-08-03 12:18:43", 0, 0, 279);
INSERT INTO Admissao (AdmissaoID, Data, Urgencia, Prioridade, Paciente) VALUES (29, "1985-04-30 05:42:09", 0, 0, 190);
INSERT INTO Admissao (AdmissaoID, Data, Urgencia, Prioridade, Paciente) VALUES (30, "1986-02-16 19:13:08", 0, 0, 114);
INSERT INTO Admissao (AdmissaoID, Data, Urgencia, Prioridade, Paciente) VALUES (31, "2014-04-12 02:48:45", 0, 0, 281);
INSERT INTO Admissao (AdmissaoID, Data, Urgencia, Prioridade, Paciente) VALUES (32, "1987-08-31 22:11:17", 0, 0, 294);
INSERT INTO Admissao (AdmissaoID, Data, Urgencia, Prioridade, Paciente) VALUES (33, "1987-04-06 08:32:18", 0, 0, 273);
INSERT INTO Admissao (AdmissaoID, Data, Urgencia, Prioridade, Paciente) VALUES (34, "2007-05-16 13:19:46", 1, 10, 19);
INSERT INTO Admissao (AdmissaoID, Data, Urgencia, Prioridade, Paciente) VALUES (35, "1976-06-26 12:27:39", 0, 0, 84);
INSERT INTO Admissao (AdmissaoID, Data, Urgencia, Prioridade, Paciente) VALUES (36, "1972-05-27 06:58:41", 1, 10, 237);
INSERT INTO Admissao (AdmissaoID, Data, Urgencia, Prioridade, Paciente) VALUES (37, "1998-02-20 10:04:19", 1, 10, 100);
INSERT INTO Admissao (AdmissaoID, Data, Urgencia, Prioridade, Paciente) VALUES (38, "1982-08-23 04:16:28", 1, 3, 168);
INSERT INTO Admissao (AdmissaoID, Data, Urgencia, Prioridade, Paciente) VALUES (39, "1995-02-17 21:24:52", 0, 0, 169);
INSERT INTO Admissao (AdmissaoID, Data, Urgencia, Prioridade, Paciente) VALUES (40, "1987-12-08 08:25:19", 1, 5, 231);
INSERT INTO Admissao (AdmissaoID, Data, Urgencia, Prioridade, Paciente) VALUES (41, "1976-01-22 01:44:28", 0, 0, 116);
INSERT INTO Admissao (AdmissaoID, Data, Urgencia, Prioridade, Paciente) VALUES (42, "2003-02-15 01:13:25", 1, 4, 269);
INSERT INTO Admissao (AdmissaoID, Data, Urgencia, Prioridade, Paciente) VALUES (43, "2011-03-09 18:13:24", 1, 7, 266);
INSERT INTO Admissao (AdmissaoID, Data, Urgencia, Prioridade, Paciente) VALUES (44, "2011-04-19 19:18:04", 0, 0, 237);
INSERT INTO Admissao (AdmissaoID, Data, Urgencia, Prioridade, Paciente) VALUES (45, "1984-07-27 00:54:51", 1, 9, 169);
INSERT INTO Admissao (AdmissaoID, Data, Urgencia, Prioridade, Paciente) VALUES (46, "2010-12-03 05:24:27", 1, 2, 183);
INSERT INTO Admissao (AdmissaoID, Data, Urgencia, Prioridade, Paciente) VALUES (47, "1986-07-09 11:49:03", 1, 4, 59);
INSERT INTO Admissao (AdmissaoID, Data, Urgencia, Prioridade, Paciente) VALUES (48, "1989-03-25 05:44:15", 0, 0, 280);
INSERT INTO Admissao (AdmissaoID, Data, Urgencia, Prioridade, Paciente) VALUES (49, "1991-06-30 13:15:38", 1, 3, 130);
INSERT INTO Admissao (AdmissaoID, Data, Urgencia, Prioridade, Paciente) VALUES (50, "1983-09-26 07:46:36", 0, 0, 37);
INSERT INTO Admissao (AdmissaoID, Data, Urgencia, Prioridade, Paciente) VALUES (51, "1974-06-01 06:57:36", 0, 0, 83);
INSERT INTO Admissao (AdmissaoID, Data, Urgencia, Prioridade, Paciente) VALUES (52, "2018-12-28 08:36:41", 0, 0, 272);
INSERT INTO Admissao (AdmissaoID, Data, Urgencia, Prioridade, Paciente) VALUES (53, "2018-08-30 14:58:53", 0, 0, 212);
INSERT INTO Admissao (AdmissaoID, Data, Urgencia, Prioridade, Paciente) VALUES (54, "2010-10-13 22:42:13", 1, 4, 68);
INSERT INTO Admissao (AdmissaoID, Data, Urgencia, Prioridade, Paciente) VALUES (55, "1979-05-19 17:53:02", 0, 0, 250);
INSERT INTO Admissao (AdmissaoID, Data, Urgencia, Prioridade, Paciente) VALUES (56, "1972-01-02 10:01:40", 1, 9, 141);
INSERT INTO Admissao (AdmissaoID, Data, Urgencia, Prioridade, Paciente) VALUES (57, "2017-06-16 12:24:55", 1, 9, 132);
INSERT INTO Admissao (AdmissaoID, Data, Urgencia, Prioridade, Paciente) VALUES (58, "1983-10-06 11:33:51", 1, 8, 3);
INSERT INTO Admissao (AdmissaoID, Data, Urgencia, Prioridade, Paciente) VALUES (59, "2002-03-25 03:21:54", 1, 6, 234);
INSERT INTO Admissao (AdmissaoID, Data, Urgencia, Prioridade, Paciente) VALUES (60, "1983-10-30 18:03:54", 1, 8, 251);
INSERT INTO Admissao (AdmissaoID, Data, Urgencia, Prioridade, Paciente) VALUES (61, "1997-12-17 06:17:55", 0, 0, 237);
INSERT INTO Admissao (AdmissaoID, Data, Urgencia, Prioridade, Paciente) VALUES (62, "2010-08-06 12:58:08", 1, 8, 254);
INSERT INTO Admissao (AdmissaoID, Data, Urgencia, Prioridade, Paciente) VALUES (63, "1972-03-08 16:55:22", 0, 0, 131);
INSERT INTO Admissao (AdmissaoID, Data, Urgencia, Prioridade, Paciente) VALUES (64, "1980-06-26 11:02:14", 0, 0, 116);
INSERT INTO Admissao (AdmissaoID, Data, Urgencia, Prioridade, Paciente) VALUES (65, "2006-10-21 00:54:21", 1, 9, 4);
INSERT INTO Admissao (AdmissaoID, Data, Urgencia, Prioridade, Paciente) VALUES (66, "2010-05-28 07:26:12", 0, 0, 272);
INSERT INTO Admissao (AdmissaoID, Data, Urgencia, Prioridade, Paciente) VALUES (67, "2001-10-17 06:56:17", 0, 0, 176);
INSERT INTO Admissao (AdmissaoID, Data, Urgencia, Prioridade, Paciente) VALUES (68, "1992-03-28 19:47:21", 1, 4, 187);
INSERT INTO Admissao (AdmissaoID, Data, Urgencia, Prioridade, Paciente) VALUES (69, "2016-05-26 03:14:41", 1, 2, 187);
INSERT INTO Admissao (AdmissaoID, Data, Urgencia, Prioridade, Paciente) VALUES (70, "2003-04-20 13:37:38", 0, 0, 232);
INSERT INTO Admissao (AdmissaoID, Data, Urgencia, Prioridade, Paciente) VALUES (71, "1984-07-14 05:25:03", 1, 2, 124);
INSERT INTO Admissao (AdmissaoID, Data, Urgencia, Prioridade, Paciente) VALUES (72, "1970-05-11 09:45:45", 0, 0, 120);
INSERT INTO Admissao (AdmissaoID, Data, Urgencia, Prioridade, Paciente) VALUES (73, "1988-03-01 02:54:54", 0, 0, 46);
INSERT INTO Admissao (AdmissaoID, Data, Urgencia, Prioridade, Paciente) VALUES (74, "1985-02-14 04:21:57", 0, 0, 1);
INSERT INTO Admissao (AdmissaoID, Data, Urgencia, Prioridade, Paciente) VALUES (75, "1978-05-31 17:43:02", 0, 0, 182);
INSERT INTO Admissao (AdmissaoID, Data, Urgencia, Prioridade, Paciente) VALUES (76, "1994-04-07 02:17:02", 0, 0, 291);
INSERT INTO Admissao (AdmissaoID, Data, Urgencia, Prioridade, Paciente) VALUES (77, "1991-10-14 04:45:49", 0, 0, 289);
INSERT INTO Admissao (AdmissaoID, Data, Urgencia, Prioridade, Paciente) VALUES (78, "1976-12-18 00:17:49", 1, 1, 154);
INSERT INTO Admissao (AdmissaoID, Data, Urgencia, Prioridade, Paciente) VALUES (79, "1998-04-22 06:34:49", 1, 9, 109);
INSERT INTO Admissao (AdmissaoID, Data, Urgencia, Prioridade, Paciente) VALUES (80, "1987-05-26 15:21:31", 0, 0, 151);
INSERT INTO Admissao (AdmissaoID, Data, Urgencia, Prioridade, Paciente) VALUES (81, "2019-04-03 19:25:15", 0, 0, 16);
INSERT INTO Admissao (AdmissaoID, Data, Urgencia, Prioridade, Paciente) VALUES (82, "2013-11-06 15:05:48", 1, 2, 281);
INSERT INTO Admissao (AdmissaoID, Data, Urgencia, Prioridade, Paciente) VALUES (83, "2010-07-29 07:56:04", 1, 6, 125);
INSERT INTO Admissao (AdmissaoID, Data, Urgencia, Prioridade, Paciente) VALUES (84, "2017-06-25 15:00:59", 1, 10, 97);
INSERT INTO Admissao (AdmissaoID, Data, Urgencia, Prioridade, Paciente) VALUES (85, "2016-02-27 17:26:43", 0, 0, 52);
INSERT INTO Admissao (AdmissaoID, Data, Urgencia, Prioridade, Paciente) VALUES (86, "2011-02-28 06:03:47", 0, 0, 190);
INSERT INTO Admissao (AdmissaoID, Data, Urgencia, Prioridade, Paciente) VALUES (87, "1993-07-28 12:25:18", 0, 0, 42);
INSERT INTO Admissao (AdmissaoID, Data, Urgencia, Prioridade, Paciente) VALUES (88, "2017-08-25 23:38:59", 0, 0, 76);
INSERT INTO Admissao (AdmissaoID, Data, Urgencia, Prioridade, Paciente) VALUES (89, "2000-11-09 11:10:26", 1, 10, 191);
INSERT INTO Admissao (AdmissaoID, Data, Urgencia, Prioridade, Paciente) VALUES (90, "2007-10-17 10:31:51", 0, 0, 143);
INSERT INTO Admissao (AdmissaoID, Data, Urgencia, Prioridade, Paciente) VALUES (91, "1996-07-12 02:37:15", 0, 0, 186);
INSERT INTO Admissao (AdmissaoID, Data, Urgencia, Prioridade, Paciente) VALUES (92, "1981-03-10 09:54:06", 0, 0, 48);
INSERT INTO Admissao (AdmissaoID, Data, Urgencia, Prioridade, Paciente) VALUES (93, "2019-05-11 00:35:35", 1, 1, 71);
INSERT INTO Admissao (AdmissaoID, Data, Urgencia, Prioridade, Paciente) VALUES (94, "2018-07-17 15:37:37", 1, 4, 71);
INSERT INTO Admissao (AdmissaoID, Data, Urgencia, Prioridade, Paciente) VALUES (95, "2007-07-25 11:15:41", 0, 0, 76);
INSERT INTO Admissao (AdmissaoID, Data, Urgencia, Prioridade, Paciente) VALUES (96, "1976-02-23 07:26:35", 0, 0, 279);
INSERT INTO Admissao (AdmissaoID, Data, Urgencia, Prioridade, Paciente) VALUES (97, "2013-07-01 22:41:37", 1, 6, 103);
INSERT INTO Admissao (AdmissaoID, Data, Urgencia, Prioridade, Paciente) VALUES (98, "1995-11-29 00:55:55", 1, 1, 163);
INSERT INTO Admissao (AdmissaoID, Data, Urgencia, Prioridade, Paciente) VALUES (99, "2013-03-12 15:55:06", 1, 6, 202);
INSERT INTO Admissao (AdmissaoID, Data, Urgencia, Prioridade, Paciente) VALUES (100, "1979-10-26 11:19:40", 1, 9, 169);
INSERT INTO Admissao (AdmissaoID, Data, Urgencia, Prioridade, Paciente) VALUES (101, "2005-09-10 18:45:52", 1, 9, 110);
INSERT INTO Admissao (AdmissaoID, Data, Urgencia, Prioridade, Paciente) VALUES (102, "1986-05-14 20:54:28", 1, 10, 32);
INSERT INTO Admissao (AdmissaoID, Data, Urgencia, Prioridade, Paciente) VALUES (103, "2000-03-03 22:15:12", 1, 5, 288);
INSERT INTO Admissao (AdmissaoID, Data, Urgencia, Prioridade, Paciente) VALUES (104, "2017-09-20 12:33:29", 1, 10, 237);
INSERT INTO Admissao (AdmissaoID, Data, Urgencia, Prioridade, Paciente) VALUES (105, "2006-10-10 15:27:08", 1, 9, 38);
INSERT INTO Admissao (AdmissaoID, Data, Urgencia, Prioridade, Paciente) VALUES (106, "2002-11-30 16:17:18", 1, 10, 104);
INSERT INTO Admissao (AdmissaoID, Data, Urgencia, Prioridade, Paciente) VALUES (107, "2007-09-11 08:14:55", 1, 4, 7);
INSERT INTO Admissao (AdmissaoID, Data, Urgencia, Prioridade, Paciente) VALUES (108, "1972-09-20 03:41:48", 1, 4, 38);
INSERT INTO Admissao (AdmissaoID, Data, Urgencia, Prioridade, Paciente) VALUES (109, "1979-03-31 22:28:32", 1, 8, 171);
INSERT INTO Admissao (AdmissaoID, Data, Urgencia, Prioridade, Paciente) VALUES (110, "1973-05-28 20:57:57", 0, 0, 263);
INSERT INTO Admissao (AdmissaoID, Data, Urgencia, Prioridade, Paciente) VALUES (111, "1992-05-18 09:32:34", 0, 0, 5);
INSERT INTO Admissao (AdmissaoID, Data, Urgencia, Prioridade, Paciente) VALUES (112, "1974-02-22 05:44:03", 0, 0, 46);
INSERT INTO Admissao (AdmissaoID, Data, Urgencia, Prioridade, Paciente) VALUES (113, "1970-11-22 04:03:09", 1, 4, 174);
INSERT INTO Admissao (AdmissaoID, Data, Urgencia, Prioridade, Paciente) VALUES (114, "1999-04-11 08:26:35", 0, 0, 45);
INSERT INTO Admissao (AdmissaoID, Data, Urgencia, Prioridade, Paciente) VALUES (115, "2005-07-20 05:44:02", 1, 1, 211);
INSERT INTO Admissao (AdmissaoID, Data, Urgencia, Prioridade, Paciente) VALUES (116, "2005-04-02 11:53:12", 1, 9, 202);
INSERT INTO Admissao (AdmissaoID, Data, Urgencia, Prioridade, Paciente) VALUES (117, "2003-08-27 11:50:02", 1, 7, 58);
INSERT INTO Admissao (AdmissaoID, Data, Urgencia, Prioridade, Paciente) VALUES (118, "1988-12-19 08:28:21", 1, 3, 162);
INSERT INTO Admissao (AdmissaoID, Data, Urgencia, Prioridade, Paciente) VALUES (119, "2014-06-07 23:42:40", 0, 0, 288);
INSERT INTO Admissao (AdmissaoID, Data, Urgencia, Prioridade, Paciente) VALUES (120, "1986-01-14 17:35:26", 1, 2, 142);
INSERT INTO Admissao (AdmissaoID, Data, Urgencia, Prioridade, Paciente) VALUES (121, "1984-08-31 11:56:48", 0, 0, 135);
INSERT INTO Admissao (AdmissaoID, Data, Urgencia, Prioridade, Paciente) VALUES (122, "1992-04-23 16:21:35", 0, 0, 127);
INSERT INTO Admissao (AdmissaoID, Data, Urgencia, Prioridade, Paciente) VALUES (123, "1986-04-09 10:24:55", 0, 0, 98);
INSERT INTO Admissao (AdmissaoID, Data, Urgencia, Prioridade, Paciente) VALUES (124, "1989-07-31 10:16:45", 1, 2, 37);
INSERT INTO Admissao (AdmissaoID, Data, Urgencia, Prioridade, Paciente) VALUES (125, "2007-04-13 18:10:31", 0, 0, 72);
INSERT INTO Admissao (AdmissaoID, Data, Urgencia, Prioridade, Paciente) VALUES (126, "2003-07-16 15:01:26", 1, 2, 70);
INSERT INTO Admissao (AdmissaoID, Data, Urgencia, Prioridade, Paciente) VALUES (127, "2004-10-01 11:30:20", 0, 0, 124);
INSERT INTO Admissao (AdmissaoID, Data, Urgencia, Prioridade, Paciente) VALUES (128, "2012-12-16 12:23:58", 0, 0, 239);
INSERT INTO Admissao (AdmissaoID, Data, Urgencia, Prioridade, Paciente) VALUES (129, "2015-10-09 05:16:42", 1, 9, 128);
INSERT INTO Admissao (AdmissaoID, Data, Urgencia, Prioridade, Paciente) VALUES (130, "1983-03-06 21:28:13", 0, 0, 155);
INSERT INTO Admissao (AdmissaoID, Data, Urgencia, Prioridade, Paciente) VALUES (131, "1996-03-29 05:13:48", 0, 0, 78);
INSERT INTO Admissao (AdmissaoID, Data, Urgencia, Prioridade, Paciente) VALUES (132, "1986-03-14 09:18:53", 1, 6, 170);
INSERT INTO Admissao (AdmissaoID, Data, Urgencia, Prioridade, Paciente) VALUES (133, "1996-05-29 18:28:00", 0, 0, 125);
INSERT INTO Admissao (AdmissaoID, Data, Urgencia, Prioridade, Paciente) VALUES (134, "2001-01-16 04:32:24", 1, 9, 195);
INSERT INTO Admissao (AdmissaoID, Data, Urgencia, Prioridade, Paciente) VALUES (135, "1981-11-01 08:22:53", 1, 8, 255);
INSERT INTO Admissao (AdmissaoID, Data, Urgencia, Prioridade, Paciente) VALUES (136, "2001-03-05 05:53:54", 0, 0, 237);
INSERT INTO Admissao (AdmissaoID, Data, Urgencia, Prioridade, Paciente) VALUES (137, "2017-03-10 17:08:12", 0, 0, 9);
INSERT INTO Admissao (AdmissaoID, Data, Urgencia, Prioridade, Paciente) VALUES (138, "1985-02-15 06:27:01", 0, 0, 284);
INSERT INTO Admissao (AdmissaoID, Data, Urgencia, Prioridade, Paciente) VALUES (139, "2019-07-27 14:30:31", 1, 7, 263);
INSERT INTO Admissao (AdmissaoID, Data, Urgencia, Prioridade, Paciente) VALUES (140, "1996-01-31 21:42:54", 1, 2, 263);
INSERT INTO Admissao (AdmissaoID, Data, Urgencia, Prioridade, Paciente) VALUES (141, "2011-04-29 21:17:58", 0, 0, 138);
INSERT INTO Admissao (AdmissaoID, Data, Urgencia, Prioridade, Paciente) VALUES (142, "2018-10-23 23:04:14", 0, 0, 297);
INSERT INTO Admissao (AdmissaoID, Data, Urgencia, Prioridade, Paciente) VALUES (143, "1985-11-20 08:09:00", 1, 1, 132);
INSERT INTO Admissao (AdmissaoID, Data, Urgencia, Prioridade, Paciente) VALUES (144, "1979-05-22 18:35:35", 0, 0, 29);
INSERT INTO Admissao (AdmissaoID, Data, Urgencia, Prioridade, Paciente) VALUES (145, "2006-01-09 21:25:29", 1, 10, 229);
INSERT INTO Admissao (AdmissaoID, Data, Urgencia, Prioridade, Paciente) VALUES (146, "2005-07-19 19:52:24", 1, 3, 147);
INSERT INTO Admissao (AdmissaoID, Data, Urgencia, Prioridade, Paciente) VALUES (147, "1998-02-14 21:52:45", 0, 0, 174);
INSERT INTO Admissao (AdmissaoID, Data, Urgencia, Prioridade, Paciente) VALUES (148, "1983-01-24 13:58:04", 1, 4, 159);
INSERT INTO Admissao (AdmissaoID, Data, Urgencia, Prioridade, Paciente) VALUES (149, "1975-06-10 02:15:00", 1, 3, 141);
INSERT INTO Admissao (AdmissaoID, Data, Urgencia, Prioridade, Paciente) VALUES (150, "1984-04-02 08:34:11", 1, 3, 144);
INSERT INTO Admissao (AdmissaoID, Data, Urgencia, Prioridade, Paciente) VALUES (151, "1998-06-14 15:23:26", 1, 7, 206);
INSERT INTO Admissao (AdmissaoID, Data, Urgencia, Prioridade, Paciente) VALUES (152, "2004-07-20 14:54:14", 0, 0, 67);
INSERT INTO Admissao (AdmissaoID, Data, Urgencia, Prioridade, Paciente) VALUES (153, "1986-02-10 13:13:13", 0, 0, 48);
INSERT INTO Admissao (AdmissaoID, Data, Urgencia, Prioridade, Paciente) VALUES (154, "2013-09-03 20:42:22", 1, 5, 183);
INSERT INTO Admissao (AdmissaoID, Data, Urgencia, Prioridade, Paciente) VALUES (155, "1976-09-14 19:25:22", 1, 6, 29);
INSERT INTO Admissao (AdmissaoID, Data, Urgencia, Prioridade, Paciente) VALUES (156, "1979-06-03 22:50:29", 1, 1, 183);
INSERT INTO Admissao (AdmissaoID, Data, Urgencia, Prioridade, Paciente) VALUES (157, "1981-05-27 12:18:11", 0, 0, 219);
INSERT INTO Admissao (AdmissaoID, Data, Urgencia, Prioridade, Paciente) VALUES (158, "1990-09-22 02:29:41", 1, 5, 72);
INSERT INTO Admissao (AdmissaoID, Data, Urgencia, Prioridade, Paciente) VALUES (159, "1987-02-11 18:24:24", 1, 7, 260);
INSERT INTO Admissao (AdmissaoID, Data, Urgencia, Prioridade, Paciente) VALUES (160, "1986-01-26 17:03:21", 1, 4, 249);
INSERT INTO Admissao (AdmissaoID, Data, Urgencia, Prioridade, Paciente) VALUES (161, "2007-06-12 13:34:02", 0, 0, 231);
INSERT INTO Admissao (AdmissaoID, Data, Urgencia, Prioridade, Paciente) VALUES (162, "2014-10-07 00:25:01", 1, 2, 75);
INSERT INTO Admissao (AdmissaoID, Data, Urgencia, Prioridade, Paciente) VALUES (163, "2012-08-07 11:01:45", 1, 10, 55);
INSERT INTO Admissao (AdmissaoID, Data, Urgencia, Prioridade, Paciente) VALUES (164, "2004-11-12 16:56:10", 1, 8, 118);
INSERT INTO Admissao (AdmissaoID, Data, Urgencia, Prioridade, Paciente) VALUES (165, "1971-03-01 00:35:26", 1, 3, 244);
INSERT INTO Admissao (AdmissaoID, Data, Urgencia, Prioridade, Paciente) VALUES (166, "1992-04-14 22:05:27", 0, 0, 262);
INSERT INTO Admissao (AdmissaoID, Data, Urgencia, Prioridade, Paciente) VALUES (167, "1996-10-05 01:46:29", 1, 3, 233);
INSERT INTO Admissao (AdmissaoID, Data, Urgencia, Prioridade, Paciente) VALUES (168, "2007-04-14 12:55:49", 0, 0, 99);
INSERT INTO Admissao (AdmissaoID, Data, Urgencia, Prioridade, Paciente) VALUES (169, "1977-06-23 02:16:34", 1, 6, 291);
INSERT INTO Admissao (AdmissaoID, Data, Urgencia, Prioridade, Paciente) VALUES (170, "1996-10-11 07:37:28", 1, 4, 82);
INSERT INTO Admissao (AdmissaoID, Data, Urgencia, Prioridade, Paciente) VALUES (171, "2006-02-26 16:18:19", 1, 6, 254);
INSERT INTO Admissao (AdmissaoID, Data, Urgencia, Prioridade, Paciente) VALUES (172, "1997-06-25 01:01:44", 1, 2, 18);
INSERT INTO Admissao (AdmissaoID, Data, Urgencia, Prioridade, Paciente) VALUES (173, "2004-03-10 10:24:25", 0, 0, 163);
INSERT INTO Admissao (AdmissaoID, Data, Urgencia, Prioridade, Paciente) VALUES (174, "1987-10-18 20:22:24", 0, 0, 155);
INSERT INTO Admissao (AdmissaoID, Data, Urgencia, Prioridade, Paciente) VALUES (175, "1979-07-28 09:29:16", 1, 2, 22);
INSERT INTO Admissao (AdmissaoID, Data, Urgencia, Prioridade, Paciente) VALUES (176, "1982-11-11 22:41:55", 0, 0, 41);
INSERT INTO Admissao (AdmissaoID, Data, Urgencia, Prioridade, Paciente) VALUES (177, "1990-06-09 08:13:56", 1, 2, 46);
INSERT INTO Admissao (AdmissaoID, Data, Urgencia, Prioridade, Paciente) VALUES (178, "2000-06-28 04:46:38", 1, 8, 49);
INSERT INTO Admissao (AdmissaoID, Data, Urgencia, Prioridade, Paciente) VALUES (179, "1999-01-11 12:14:53", 0, 0, 49);
INSERT INTO Admissao (AdmissaoID, Data, Urgencia, Prioridade, Paciente) VALUES (180, "2018-03-14 16:52:27", 1, 3, 89);
INSERT INTO Admissao (AdmissaoID, Data, Urgencia, Prioridade, Paciente) VALUES (181, "2000-07-22 18:12:19", 1, 5, 38);
INSERT INTO Admissao (AdmissaoID, Data, Urgencia, Prioridade, Paciente) VALUES (182, "1978-10-20 00:22:26", 0, 0, 216);
INSERT INTO Admissao (AdmissaoID, Data, Urgencia, Prioridade, Paciente) VALUES (183, "1977-05-01 21:57:40", 1, 4, 184);
INSERT INTO Admissao (AdmissaoID, Data, Urgencia, Prioridade, Paciente) VALUES (184, "1992-11-19 15:29:33", 1, 3, 254);
INSERT INTO Admissao (AdmissaoID, Data, Urgencia, Prioridade, Paciente) VALUES (185, "2014-02-21 07:22:40", 0, 0, 32);
INSERT INTO Admissao (AdmissaoID, Data, Urgencia, Prioridade, Paciente) VALUES (186, "2016-04-08 15:32:15", 1, 5, 152);
INSERT INTO Admissao (AdmissaoID, Data, Urgencia, Prioridade, Paciente) VALUES (187, "1972-08-06 23:56:40", 0, 0, 35);
INSERT INTO Admissao (AdmissaoID, Data, Urgencia, Prioridade, Paciente) VALUES (188, "1990-07-10 05:07:35", 0, 0, 259);
INSERT INTO Admissao (AdmissaoID, Data, Urgencia, Prioridade, Paciente) VALUES (189, "1989-04-10 18:06:49", 0, 0, 71);
INSERT INTO Admissao (AdmissaoID, Data, Urgencia, Prioridade, Paciente) VALUES (190, "1978-05-15 11:27:19", 1, 9, 81);
INSERT INTO Admissao (AdmissaoID, Data, Urgencia, Prioridade, Paciente) VALUES (191, "2016-08-27 18:49:09", 1, 5, 287);
INSERT INTO Admissao (AdmissaoID, Data, Urgencia, Prioridade, Paciente) VALUES (192, "1995-01-31 03:36:58", 1, 6, 209);
INSERT INTO Admissao (AdmissaoID, Data, Urgencia, Prioridade, Paciente) VALUES (193, "1997-06-02 02:05:35", 1, 9, 161);
INSERT INTO Admissao (AdmissaoID, Data, Urgencia, Prioridade, Paciente) VALUES (194, "2006-03-12 01:37:12", 0, 0, 214);
INSERT INTO Admissao (AdmissaoID, Data, Urgencia, Prioridade, Paciente) VALUES (195, "1971-07-23 21:54:42", 0, 0, 107);
INSERT INTO Admissao (AdmissaoID, Data, Urgencia, Prioridade, Paciente) VALUES (196, "2010-02-10 12:08:00", 0, 0, 67);
INSERT INTO Admissao (AdmissaoID, Data, Urgencia, Prioridade, Paciente) VALUES (197, "2002-05-02 08:38:07", 0, 0, 72);
INSERT INTO Admissao (AdmissaoID, Data, Urgencia, Prioridade, Paciente) VALUES (198, "2004-04-07 10:38:44", 1, 1, 245);
INSERT INTO Admissao (AdmissaoID, Data, Urgencia, Prioridade, Paciente) VALUES (199, "1981-08-16 08:45:54", 0, 0, 300);

-- Occurrence
INSERT INTO Ocorrencia(OcorrenciaID, DataInicio, DataFim, Paciente, Doenca) VALUES (1, "1980-07-03 13:16:47", "1986-07-13 13:31:46", 109, 227);
INSERT INTO Ocorrencia(OcorrenciaID, DataInicio, DataFim, Paciente, Doenca) VALUES (2, "1981-06-09 12:59:29", "2003-06-30 20:20:10", 88, 63);
INSERT INTO Ocorrencia(OcorrenciaID, DataInicio, DataFim, Paciente, Doenca) VALUES (3, "1988-01-27 16:27:34", "2001-02-04 04:50:25", 121, 145);
INSERT INTO Ocorrencia(OcorrenciaID, DataInicio, DataFim, Paciente, Doenca) VALUES (4, "1972-12-05 08:01:14", "1981-11-27 02:50:42", 44, 226);
INSERT INTO Ocorrencia(OcorrenciaID, DataInicio, DataFim, Paciente, Doenca) VALUES (5, "2004-08-06 23:52:25", "2010-10-16 05:20:18", 230, 187);
INSERT INTO Ocorrencia(OcorrenciaID, DataInicio, DataFim, Paciente, Doenca) VALUES (6, "2009-01-14 21:43:14", "2019-10-01 16:38:32", 140, 8);
INSERT INTO Ocorrencia(OcorrenciaID, DataInicio, DataFim, Paciente, Doenca) VALUES (7, "1983-04-26 09:01:50", "2001-04-14 06:23:57", 186, 18);
INSERT INTO Ocorrencia(OcorrenciaID, DataInicio, DataFim, Paciente, Doenca) VALUES (8, "1981-01-30 22:25:58", "1994-07-25 09:25:47", 32, 10);
INSERT INTO Ocorrencia(OcorrenciaID, DataInicio, DataFim, Paciente, Doenca) VALUES (9, "1999-03-24 20:27:07", "2014-01-05 19:11:01", 166, 84);
INSERT INTO Ocorrencia(OcorrenciaID, DataInicio, DataFim, Paciente, Doenca) VALUES (10, "1970-06-02 22:44:02", "1999-07-29 19:28:45", 288, 73);
INSERT INTO Ocorrencia(OcorrenciaID, DataInicio, DataFim, Paciente, Doenca) VALUES (11, "1981-04-12 21:56:22", "2010-04-27 02:01:26", 21, 164);
INSERT INTO Ocorrencia(OcorrenciaID, DataInicio, DataFim, Paciente, Doenca) VALUES (12, "1972-08-02 00:53:59", "1998-01-27 12:35:06", 31, 47);
INSERT INTO Ocorrencia(OcorrenciaID, DataInicio, DataFim, Paciente, Doenca) VALUES (13, "2011-03-31 00:54:01", "2019-08-21 14:53:18", 259, 22);
INSERT INTO Ocorrencia(OcorrenciaID, DataInicio, DataFim, Paciente, Doenca) VALUES (14, "2008-11-26 03:06:51", "2015-03-04 23:28:32", 206, 20);
INSERT INTO Ocorrencia(OcorrenciaID, DataInicio, DataFim, Paciente, Doenca) VALUES (15, "2005-04-01 14:12:08", "2008-09-20 08:00:50", 32, 139);
INSERT INTO Ocorrencia(OcorrenciaID, DataInicio, DataFim, Paciente, Doenca) VALUES (16, "1997-09-26 12:38:45", "2003-04-13 13:30:10", 139, 102);
INSERT INTO Ocorrencia(OcorrenciaID, DataInicio, DataFim, Paciente, Doenca) VALUES (17, "2000-04-26 12:29:17", "2012-03-31 19:35:45", 297, 26);
INSERT INTO Ocorrencia(OcorrenciaID, DataInicio, DataFim, Paciente, Doenca) VALUES (18, "1972-09-07 17:03:00", "2015-09-24 10:44:33", 3, 12);
INSERT INTO Ocorrencia(OcorrenciaID, DataInicio, DataFim, Paciente, Doenca) VALUES (19, "1985-02-13 15:18:05", "2001-10-24 15:11:09", 261, 192);
INSERT INTO Ocorrencia(OcorrenciaID, DataInicio, DataFim, Paciente, Doenca) VALUES (20, "1982-07-03 21:50:20", "2006-12-04 05:37:36", 246, 16);
INSERT INTO Ocorrencia(OcorrenciaID, DataInicio, DataFim, Paciente, Doenca) VALUES (21, "2012-07-17 15:00:35", "2019-07-26 09:44:58", 225, 109);
INSERT INTO Ocorrencia(OcorrenciaID, DataInicio, DataFim, Paciente, Doenca) VALUES (22, "2003-05-26 07:35:43", "2009-05-03 18:55:06", 170, 197);
INSERT INTO Ocorrencia(OcorrenciaID, DataInicio, DataFim, Paciente, Doenca) VALUES (23, "1980-05-23 18:20:13", "2009-07-20 00:25:41", 179, 210);
INSERT INTO Ocorrencia(OcorrenciaID, DataInicio, DataFim, Paciente, Doenca) VALUES (24, "1974-12-04 23:03:48", "2002-09-02 01:23:33", 13, 38);
INSERT INTO Ocorrencia(OcorrenciaID, DataInicio, DataFim, Paciente, Doenca) VALUES (25, "1986-09-11 20:55:22", "1988-07-31 19:56:07", 148, 119);
INSERT INTO Ocorrencia(OcorrenciaID, DataInicio, DataFim, Paciente, Doenca) VALUES (26, "1987-08-22 05:15:56", "2008-11-11 20:24:46", 38, 156);
INSERT INTO Ocorrencia(OcorrenciaID, DataInicio, DataFim, Paciente, Doenca) VALUES (27, "1990-10-02 11:00:12", "2019-08-17 09:08:20", 259, 9);
INSERT INTO Ocorrencia(OcorrenciaID, DataInicio, DataFim, Paciente, Doenca) VALUES (28, "2012-09-17 21:35:15", "2016-01-12 06:50:04", 257, 165);
INSERT INTO Ocorrencia(OcorrenciaID, DataInicio, DataFim, Paciente, Doenca) VALUES (29, "2016-10-16 15:34:25", "2019-10-07 06:05:58", 152, 133);
INSERT INTO Ocorrencia(OcorrenciaID, DataInicio, DataFim, Paciente, Doenca) VALUES (30, "1977-09-26 23:32:21", "1996-06-06 11:45:47", 25, 204);
INSERT INTO Ocorrencia(OcorrenciaID, DataInicio, DataFim, Paciente, Doenca) VALUES (31, "1998-12-03 17:37:15", "2006-09-02 17:11:30", 132, 92);
INSERT INTO Ocorrencia(OcorrenciaID, DataInicio, DataFim, Paciente, Doenca) VALUES (32, "1970-10-15 02:44:03", "1989-04-29 14:05:35", 121, 120);
INSERT INTO Ocorrencia(OcorrenciaID, DataInicio, DataFim, Paciente, Doenca) VALUES (33, "1990-08-01 12:42:27", "2017-02-15 01:05:11", 211, 180);
INSERT INTO Ocorrencia(OcorrenciaID, DataInicio, DataFim, Paciente, Doenca) VALUES (34, "2014-11-21 05:54:38", "2016-02-08 11:18:39", 7, 38);
INSERT INTO Ocorrencia(OcorrenciaID, DataInicio, DataFim, Paciente, Doenca) VALUES (35, "1986-10-05 14:17:01", "2011-02-27 06:03:29", 188, 93);
INSERT INTO Ocorrencia(OcorrenciaID, DataInicio, DataFim, Paciente, Doenca) VALUES (36, "2003-11-19 05:16:12", "2006-07-29 10:38:00", 159, 11);
INSERT INTO Ocorrencia(OcorrenciaID, DataInicio, DataFim, Paciente, Doenca) VALUES (37, "2016-07-08 13:56:39", "2016-07-27 17:37:16", 240, 79);
INSERT INTO Ocorrencia(OcorrenciaID, DataInicio, DataFim, Paciente, Doenca) VALUES (38, "2002-06-09 13:25:37", "2011-03-13 19:15:33", 112, 54);
INSERT INTO Ocorrencia(OcorrenciaID, DataInicio, DataFim, Paciente, Doenca) VALUES (39, "1994-12-06 14:15:15", "1996-08-26 17:08:14", 24, 101);
INSERT INTO Ocorrencia(OcorrenciaID, DataInicio, DataFim, Paciente, Doenca) VALUES (40, "2006-10-30 09:05:20", "2012-08-25 17:50:51", 5, 197);
INSERT INTO Ocorrencia(OcorrenciaID, DataInicio, DataFim, Paciente, Doenca) VALUES (41, "2003-01-14 04:58:15", "2008-12-07 22:54:04", 235, 69);
INSERT INTO Ocorrencia(OcorrenciaID, DataInicio, DataFim, Paciente, Doenca) VALUES (42, "1973-08-20 18:42:59", "2002-05-04 09:42:22", 47, 31);
INSERT INTO Ocorrencia(OcorrenciaID, DataInicio, DataFim, Paciente, Doenca) VALUES (43, "1980-04-16 07:01:28", "1984-12-06 21:13:44", 104, 111);
INSERT INTO Ocorrencia(OcorrenciaID, DataInicio, DataFim, Paciente, Doenca) VALUES (44, "1976-07-05 14:26:25", "1996-01-02 09:36:57", 143, 228);
INSERT INTO Ocorrencia(OcorrenciaID, DataInicio, DataFim, Paciente, Doenca) VALUES (45, "2014-04-27 15:55:54", "2018-04-23 09:43:06", 133, 5);
INSERT INTO Ocorrencia(OcorrenciaID, DataInicio, DataFim, Paciente, Doenca) VALUES (46, "1984-09-15 13:50:31", "2013-06-06 13:13:00", 206, 110);
INSERT INTO Ocorrencia(OcorrenciaID, DataInicio, DataFim, Paciente, Doenca) VALUES (47, "2017-03-23 02:41:27", "2019-11-28 02:21:03", 195, 22);
INSERT INTO Ocorrencia(OcorrenciaID, DataInicio, DataFim, Paciente, Doenca) VALUES (48, "1975-08-22 04:12:26", "2012-01-17 17:16:28", 43, 149);
INSERT INTO Ocorrencia(OcorrenciaID, DataInicio, DataFim, Paciente, Doenca) VALUES (49, "1987-04-09 03:28:02", "1994-10-12 09:29:28", 16, 39);
INSERT INTO Ocorrencia(OcorrenciaID, DataInicio, DataFim, Paciente, Doenca) VALUES (50, "2011-05-02 16:42:20", "2016-01-11 13:35:25", 8, 81);
INSERT INTO Ocorrencia(OcorrenciaID, DataInicio, DataFim, Paciente, Doenca) VALUES (51, "1972-01-25 11:58:14", "2004-04-04 22:47:34", 211, 176);
INSERT INTO Ocorrencia(OcorrenciaID, DataInicio, DataFim, Paciente, Doenca) VALUES (52, "2002-12-30 18:13:16", "2008-04-09 19:42:32", 213, 141);
INSERT INTO Ocorrencia(OcorrenciaID, DataInicio, DataFim, Paciente, Doenca) VALUES (53, "1996-07-15 16:01:05", "2000-07-25 04:33:31", 39, 104);
INSERT INTO Ocorrencia(OcorrenciaID, DataInicio, DataFim, Paciente, Doenca) VALUES (54, "2013-05-20 10:24:04", "2014-01-23 01:01:38", 236, 156);
INSERT INTO Ocorrencia(OcorrenciaID, DataInicio, DataFim, Paciente, Doenca) VALUES (55, "1978-10-08 06:46:45", "1979-10-31 22:38:49", 114, 65);
INSERT INTO Ocorrencia(OcorrenciaID, DataInicio, DataFim, Paciente, Doenca) VALUES (56, "1972-03-03 05:22:40", "1983-09-12 18:39:50", 126, 161);
INSERT INTO Ocorrencia(OcorrenciaID, DataInicio, DataFim, Paciente, Doenca) VALUES (57, "1986-10-28 22:24:53", "2011-10-12 05:45:56", 121, 188);
INSERT INTO Ocorrencia(OcorrenciaID, DataInicio, DataFim, Paciente, Doenca) VALUES (58, "2019-07-10 05:10:04", "2019-11-29 07:05:07", 66, 231);
INSERT INTO Ocorrencia(OcorrenciaID, DataInicio, DataFim, Paciente, Doenca) VALUES (59, "1981-02-01 07:48:16", "1985-02-06 08:03:04", 8, 123);
INSERT INTO Ocorrencia(OcorrenciaID, DataInicio, DataFim, Paciente, Doenca) VALUES (60, "2014-10-10 00:01:55", "2017-10-16 11:49:50", 92, 74);
INSERT INTO Ocorrencia(OcorrenciaID, DataInicio, DataFim, Paciente, Doenca) VALUES (61, "2018-08-09 08:45:41", "2019-04-28 04:00:41", 263, 75);
INSERT INTO Ocorrencia(OcorrenciaID, DataInicio, DataFim, Paciente, Doenca) VALUES (62, "1984-09-29 14:09:27", "2009-06-23 00:49:20", 113, 124);
INSERT INTO Ocorrencia(OcorrenciaID, DataInicio, DataFim, Paciente, Doenca) VALUES (63, "1975-10-24 06:41:54", "1998-04-20 12:03:01", 61, 125);
INSERT INTO Ocorrencia(OcorrenciaID, DataInicio, DataFim, Paciente, Doenca) VALUES (64, "2009-01-21 17:17:45", "2011-01-01 16:41:45", 29, 24);
INSERT INTO Ocorrencia(OcorrenciaID, DataInicio, DataFim, Paciente, Doenca) VALUES (65, "1984-05-19 01:59:03", "2007-09-19 23:21:45", 231, 27);
INSERT INTO Ocorrencia(OcorrenciaID, DataInicio, DataFim, Paciente, Doenca) VALUES (66, "2003-09-23 19:18:23", "2017-11-10 20:39:59", 85, 220);
INSERT INTO Ocorrencia(OcorrenciaID, DataInicio, DataFim, Paciente, Doenca) VALUES (67, "2013-04-26 03:39:14", "2016-10-24 09:48:58", 252, 149);
INSERT INTO Ocorrencia(OcorrenciaID, DataInicio, DataFim, Paciente, Doenca) VALUES (68, "1980-05-10 20:42:32", "1991-06-30 09:43:46", 182, 117);
INSERT INTO Ocorrencia(OcorrenciaID, DataInicio, DataFim, Paciente, Doenca) VALUES (69, "1998-09-06 11:26:34", "2012-06-13 12:33:07", 159, 70);
INSERT INTO Ocorrencia(OcorrenciaID, DataInicio, DataFim, Paciente, Doenca) VALUES (70, "2008-08-19 04:53:49", "2016-08-16 14:35:44", 279, 173);
INSERT INTO Ocorrencia(OcorrenciaID, DataInicio, DataFim, Paciente, Doenca) VALUES (71, "1970-12-31 21:00:28", "2000-12-27 21:00:10", 20, 152);
INSERT INTO Ocorrencia(OcorrenciaID, DataInicio, DataFim, Paciente, Doenca) VALUES (72, "1987-06-11 10:21:15", "1992-06-20 19:37:28", 255, 159);
INSERT INTO Ocorrencia(OcorrenciaID, DataInicio, DataFim, Paciente, Doenca) VALUES (73, "1980-11-28 21:08:46", "2001-05-23 15:06:43", 184, 80);
INSERT INTO Ocorrencia(OcorrenciaID, DataInicio, DataFim, Paciente, Doenca) VALUES (74, "2019-03-02 06:11:36", "2019-07-24 17:47:34", 232, 61);
INSERT INTO Ocorrencia(OcorrenciaID, DataInicio, DataFim, Paciente, Doenca) VALUES (75, "2007-12-03 11:24:43", "2016-05-08 22:27:26", 155, 132);
INSERT INTO Ocorrencia(OcorrenciaID, DataInicio, DataFim, Paciente, Doenca) VALUES (76, "2009-06-16 13:27:13", "2014-02-02 18:59:29", 174, 50);
INSERT INTO Ocorrencia(OcorrenciaID, DataInicio, DataFim, Paciente, Doenca) VALUES (77, "1974-12-13 22:23:06", "1977-06-02 04:08:28", 123, 133);
INSERT INTO Ocorrencia(OcorrenciaID, DataInicio, DataFim, Paciente, Doenca) VALUES (78, "2007-05-12 12:07:15", "2019-04-17 07:03:21", 278, 83);
INSERT INTO Ocorrencia(OcorrenciaID, DataInicio, DataFim, Paciente, Doenca) VALUES (79, "2019-01-16 03:55:12", "2019-06-11 08:20:41", 240, 142);
INSERT INTO Ocorrencia(OcorrenciaID, DataInicio, DataFim, Paciente, Doenca) VALUES (80, "2007-12-16 16:31:27", "2013-11-25 12:47:15", 106, 107);
INSERT INTO Ocorrencia(OcorrenciaID, DataInicio, DataFim, Paciente, Doenca) VALUES (81, "2007-08-26 00:49:36", "2017-03-28 18:19:09", 123, 123);
INSERT INTO Ocorrencia(OcorrenciaID, DataInicio, DataFim, Paciente, Doenca) VALUES (82, "1988-12-12 06:47:31", "1994-09-03 03:37:06", 62, 74);
INSERT INTO Ocorrencia(OcorrenciaID, DataInicio, DataFim, Paciente, Doenca) VALUES (83, "1975-08-14 19:56:44", "2001-12-12 21:51:44", 243, 191);
INSERT INTO Ocorrencia(OcorrenciaID, DataInicio, DataFim, Paciente, Doenca) VALUES (84, "2002-02-03 06:17:26", "2017-08-02 02:30:46", 294, 205);
INSERT INTO Ocorrencia(OcorrenciaID, DataInicio, DataFim, Paciente, Doenca) VALUES (85, "2011-02-02 17:00:01", "2012-05-15 19:44:56", 274, 16);
INSERT INTO Ocorrencia(OcorrenciaID, DataInicio, DataFim, Paciente, Doenca) VALUES (86, "2003-07-03 17:08:20", "2014-10-08 13:00:15", 56, 69);
INSERT INTO Ocorrencia(OcorrenciaID, DataInicio, DataFim, Paciente, Doenca) VALUES (87, "1974-10-03 18:54:49", "1991-08-14 07:27:03", 286, 57);
INSERT INTO Ocorrencia(OcorrenciaID, DataInicio, DataFim, Paciente, Doenca) VALUES (88, "1977-07-13 08:23:01", "2015-01-27 02:52:40", 24, 217);
INSERT INTO Ocorrencia(OcorrenciaID, DataInicio, DataFim, Paciente, Doenca) VALUES (89, "2019-08-19 17:28:38", "2019-12-10 13:07:28", 44, 146);
INSERT INTO Ocorrencia(OcorrenciaID, DataInicio, DataFim, Paciente, Doenca) VALUES (90, "1992-05-25 20:55:26", "1994-08-06 15:05:11", 119, 123);
INSERT INTO Ocorrencia(OcorrenciaID, DataInicio, DataFim, Paciente, Doenca) VALUES (91, "1992-12-01 19:24:32", "1996-11-08 07:02:31", 57, 200);
INSERT INTO Ocorrencia(OcorrenciaID, DataInicio, DataFim, Paciente, Doenca) VALUES (92, "1993-01-29 02:46:09", "2003-10-20 00:50:54", 165, 9);
INSERT INTO Ocorrencia(OcorrenciaID, DataInicio, DataFim, Paciente, Doenca) VALUES (93, "2017-01-27 03:24:00", "2017-08-20 20:01:33", 156, 33);
INSERT INTO Ocorrencia(OcorrenciaID, DataInicio, DataFim, Paciente, Doenca) VALUES (94, "1984-10-08 05:54:55", "2000-11-21 01:59:37", 279, 153);
INSERT INTO Ocorrencia(OcorrenciaID, DataInicio, DataFim, Paciente, Doenca) VALUES (95, "1972-01-10 22:43:37", "1975-12-14 08:39:31", 245, 121);
INSERT INTO Ocorrencia(OcorrenciaID, DataInicio, DataFim, Paciente, Doenca) VALUES (96, "2008-04-10 21:26:26", "2008-05-09 11:58:42", 87, 190);
INSERT INTO Ocorrencia(OcorrenciaID, DataInicio, DataFim, Paciente, Doenca) VALUES (97, "2019-10-03 13:17:46", "2019-10-30 08:48:04", 4, 180);
INSERT INTO Ocorrencia(OcorrenciaID, DataInicio, DataFim, Paciente, Doenca) VALUES (98, "2000-02-20 19:18:37", "2002-08-12 20:25:41", 151, 179);
INSERT INTO Ocorrencia(OcorrenciaID, DataInicio, DataFim, Paciente, Doenca) VALUES (99, "1993-08-22 11:21:30", "1994-09-15 05:52:42", 112, 184);
INSERT INTO Ocorrencia(OcorrenciaID, DataInicio, DataFim, Paciente, Doenca) VALUES (100, "2003-04-27 20:02:17", "2006-06-15 17:38:23", 163, 195);
INSERT INTO Ocorrencia(OcorrenciaID, DataInicio, DataFim, Paciente, Doenca) VALUES (101, "1988-12-20 17:34:26", "1995-02-02 20:43:42", 269, 98);
INSERT INTO Ocorrencia(OcorrenciaID, DataInicio, DataFim, Paciente, Doenca) VALUES (102, "2000-02-08 06:26:26", "2012-09-07 12:21:52", 263, 228);
INSERT INTO Ocorrencia(OcorrenciaID, DataInicio, DataFim, Paciente, Doenca) VALUES (103, "1971-05-24 14:16:41", "2003-11-27 06:32:23", 277, 173);
INSERT INTO Ocorrencia(OcorrenciaID, DataInicio, DataFim, Paciente, Doenca) VALUES (104, "1977-05-26 10:36:41", "1988-06-26 04:55:13", 220, 207);
INSERT INTO Ocorrencia(OcorrenciaID, DataInicio, DataFim, Paciente, Doenca) VALUES (105, "2013-01-09 18:17:33", "2019-10-15 09:28:52", 255, 149);
INSERT INTO Ocorrencia(OcorrenciaID, DataInicio, DataFim, Paciente, Doenca) VALUES (106, "2000-09-25 11:56:51", "2003-02-27 06:03:47", 15, 210);
INSERT INTO Ocorrencia(OcorrenciaID, DataInicio, DataFim, Paciente, Doenca) VALUES (107, "1970-04-25 13:38:20", "1979-12-25 11:02:58", 122, 122);
INSERT INTO Ocorrencia(OcorrenciaID, DataInicio, DataFim, Paciente, Doenca) VALUES (108, "1976-03-05 23:32:59", "2017-04-15 19:50:32", 118, 80);
INSERT INTO Ocorrencia(OcorrenciaID, DataInicio, DataFim, Paciente, Doenca) VALUES (109, "1975-11-03 06:11:22", "2008-07-19 14:17:35", 200, 213);
INSERT INTO Ocorrencia(OcorrenciaID, DataInicio, DataFim, Paciente, Doenca) VALUES (110, "2007-01-26 14:24:13", "2019-11-30 12:53:46", 263, 190);
INSERT INTO Ocorrencia(OcorrenciaID, DataInicio, DataFim, Paciente, Doenca) VALUES (111, "1987-09-29 12:32:24", "2001-05-10 04:36:42", 183, 104);
INSERT INTO Ocorrencia(OcorrenciaID, DataInicio, DataFim, Paciente, Doenca) VALUES (112, "1986-06-10 06:24:41", "2013-11-14 09:17:49", 254, 205);
INSERT INTO Ocorrencia(OcorrenciaID, DataInicio, DataFim, Paciente, Doenca) VALUES (113, "2018-03-11 10:57:00", "2019-09-16 08:33:01", 210, 124);
INSERT INTO Ocorrencia(OcorrenciaID, DataInicio, DataFim, Paciente, Doenca) VALUES (114, "1976-10-14 01:20:13", "1987-08-21 08:09:32", 18, 210);
INSERT INTO Ocorrencia(OcorrenciaID, DataInicio, DataFim, Paciente, Doenca) VALUES (115, "1995-08-20 01:03:05", "2004-07-30 07:28:20", 220, 49);
INSERT INTO Ocorrencia(OcorrenciaID, DataInicio, DataFim, Paciente, Doenca) VALUES (116, "1997-05-16 18:03:27", "2019-04-15 21:17:30", 252, 115);
INSERT INTO Ocorrencia(OcorrenciaID, DataInicio, DataFim, Paciente, Doenca) VALUES (117, "2015-12-05 15:51:20", "2016-06-06 04:14:40", 27, 129);
INSERT INTO Ocorrencia(OcorrenciaID, DataInicio, DataFim, Paciente, Doenca) VALUES (118, "2017-08-08 22:32:17", "2018-02-26 14:54:14", 238, 115);
INSERT INTO Ocorrencia(OcorrenciaID, DataInicio, DataFim, Paciente, Doenca) VALUES (119, "1981-01-04 21:13:53", "1982-11-19 02:58:15", 9, 215);
INSERT INTO Ocorrencia(OcorrenciaID, DataInicio, DataFim, Paciente, Doenca) VALUES (120, "1970-06-15 08:54:36", "1977-02-10 14:05:04", 84, 139);
INSERT INTO Ocorrencia(OcorrenciaID, DataInicio, DataFim, Paciente, Doenca) VALUES (121, "1997-05-08 07:12:09", "2010-06-11 23:40:00", 191, 3);
INSERT INTO Ocorrencia(OcorrenciaID, DataInicio, DataFim, Paciente, Doenca) VALUES (122, "2019-12-24 18:46:29", "2019-12-24 22:55:56", 152, 56);
INSERT INTO Ocorrencia(OcorrenciaID, DataInicio, DataFim, Paciente, Doenca) VALUES (123, "1976-06-24 14:37:18", "1988-04-20 08:14:26", 73, 177);
INSERT INTO Ocorrencia(OcorrenciaID, DataInicio, DataFim, Paciente, Doenca) VALUES (124, "2011-06-14 21:26:39", "2014-11-09 20:48:45", 110, 42);
INSERT INTO Ocorrencia(OcorrenciaID, DataInicio, DataFim, Paciente, Doenca) VALUES (125, "1999-02-06 12:37:24", "2014-06-08 21:10:46", 229, 193);
INSERT INTO Ocorrencia(OcorrenciaID, DataInicio, DataFim, Paciente, Doenca) VALUES (126, "1985-02-20 08:07:08", "2007-03-12 02:09:56", 27, 209);
INSERT INTO Ocorrencia(OcorrenciaID, DataInicio, DataFim, Paciente, Doenca) VALUES (127, "1976-09-26 21:43:20", "2006-11-04 13:53:49", 147, 47);
INSERT INTO Ocorrencia(OcorrenciaID, DataInicio, DataFim, Paciente, Doenca) VALUES (128, "1995-03-12 15:50:45", "2004-09-29 04:34:57", 77, 16);
INSERT INTO Ocorrencia(OcorrenciaID, DataInicio, DataFim, Paciente, Doenca) VALUES (129, "2005-06-18 18:43:25", "2008-12-05 05:49:19", 13, 192);
INSERT INTO Ocorrencia(OcorrenciaID, DataInicio, DataFim, Paciente, Doenca) VALUES (130, "1978-10-18 20:54:20", "1979-05-14 08:27:19", 168, 226);
INSERT INTO Ocorrencia(OcorrenciaID, DataInicio, DataFim, Paciente, Doenca) VALUES (131, "2011-09-30 20:25:33", "2016-11-17 15:32:57", 62, 110);
INSERT INTO Ocorrencia(OcorrenciaID, DataInicio, DataFim, Paciente, Doenca) VALUES (132, "2003-01-31 10:10:57", "2009-09-07 20:16:50", 246, 70);
INSERT INTO Ocorrencia(OcorrenciaID, DataInicio, DataFim, Paciente, Doenca) VALUES (133, "1978-08-02 07:06:47", "2015-11-08 16:27:35", 147, 101);
INSERT INTO Ocorrencia(OcorrenciaID, DataInicio, DataFim, Paciente, Doenca) VALUES (134, "2016-09-03 22:34:32", "2017-05-10 09:32:40", 225, 113);
INSERT INTO Ocorrencia(OcorrenciaID, DataInicio, DataFim, Paciente, Doenca) VALUES (135, "1995-02-02 17:02:26", "2003-10-10 09:08:39", 87, 194);
INSERT INTO Ocorrencia(OcorrenciaID, DataInicio, DataFim, Paciente, Doenca) VALUES (136, "2015-12-06 01:36:21", "2015-12-10 03:35:59", 53, 52);
INSERT INTO Ocorrencia(OcorrenciaID, DataInicio, DataFim, Paciente, Doenca) VALUES (137, "2015-03-28 09:15:57", "2015-11-12 15:05:50", 49, 61);
INSERT INTO Ocorrencia(OcorrenciaID, DataInicio, DataFim, Paciente, Doenca) VALUES (138, "1985-06-25 19:03:06", "1988-09-04 04:46:56", 292, 228);
INSERT INTO Ocorrencia(OcorrenciaID, DataInicio, DataFim, Paciente, Doenca) VALUES (139, "1983-04-20 02:40:09", "1998-01-12 21:18:49", 135, 99);
INSERT INTO Ocorrencia(OcorrenciaID, DataInicio, DataFim, Paciente, Doenca) VALUES (140, "2010-11-22 18:11:51", "2019-12-17 08:52:15", 26, 70);
INSERT INTO Ocorrencia(OcorrenciaID, DataInicio, DataFim, Paciente, Doenca) VALUES (141, "2001-10-02 08:30:56", "2014-12-29 10:54:24", 27, 11);
INSERT INTO Ocorrencia(OcorrenciaID, DataInicio, DataFim, Paciente, Doenca) VALUES (142, "1987-01-26 20:57:20", "1988-08-11 13:38:16", 20, 117);
INSERT INTO Ocorrencia(OcorrenciaID, DataInicio, DataFim, Paciente, Doenca) VALUES (143, "1991-05-09 11:26:06", "2002-05-25 06:32:00", 138, 35);
INSERT INTO Ocorrencia(OcorrenciaID, DataInicio, DataFim, Paciente, Doenca) VALUES (144, "2001-08-12 02:37:41", "2010-03-10 19:35:50", 18, 95);
INSERT INTO Ocorrencia(OcorrenciaID, DataInicio, DataFim, Paciente, Doenca) VALUES (145, "1990-07-29 09:39:41", "2008-12-31 07:38:52", 154, 33);
INSERT INTO Ocorrencia(OcorrenciaID, DataInicio, DataFim, Paciente, Doenca) VALUES (146, "2018-09-19 14:56:48", "2019-09-24 07:11:49", 167, 185);
INSERT INTO Ocorrencia(OcorrenciaID, DataInicio, DataFim, Paciente, Doenca) VALUES (147, "1984-03-30 10:22:19", "2001-10-20 03:05:31", 23, 98);
INSERT INTO Ocorrencia(OcorrenciaID, DataInicio, DataFim, Paciente, Doenca) VALUES (148, "2014-07-11 06:50:53", "2019-06-25 16:26:28", 173, 26);
INSERT INTO Ocorrencia(OcorrenciaID, DataInicio, DataFim, Paciente, Doenca) VALUES (149, "1982-04-18 13:55:54", "1991-02-18 00:56:00", 203, 103);
INSERT INTO Ocorrencia(OcorrenciaID, DataInicio, DataFim, Paciente, Doenca) VALUES (150, "2011-09-03 00:30:40", "2012-08-29 03:49:41", 105, 35);
INSERT INTO Ocorrencia(OcorrenciaID, DataInicio, DataFim, Paciente, Doenca) VALUES (151, "1997-06-30 16:47:14", "2006-07-01 02:38:46", 26, 11);
INSERT INTO Ocorrencia(OcorrenciaID, DataInicio, DataFim, Paciente, Doenca) VALUES (152, "1973-11-10 10:37:36", "1986-10-05 04:57:52", 30, 34);
INSERT INTO Ocorrencia(OcorrenciaID, DataInicio, DataFim, Paciente, Doenca) VALUES (153, "1999-01-31 06:24:40", "2015-09-17 20:18:02", 15, 159);
INSERT INTO Ocorrencia(OcorrenciaID, DataInicio, DataFim, Paciente, Doenca) VALUES (154, "1999-08-19 22:55:04", "2011-01-22 16:55:46", 131, 23);
INSERT INTO Ocorrencia(OcorrenciaID, DataInicio, DataFim, Paciente, Doenca) VALUES (155, "1970-03-15 19:24:29", "2001-06-11 08:12:03", 50, 177);
INSERT INTO Ocorrencia(OcorrenciaID, DataInicio, DataFim, Paciente, Doenca) VALUES (156, "2009-07-02 00:15:15", "2019-02-24 16:35:58", 59, 94);
INSERT INTO Ocorrencia(OcorrenciaID, DataInicio, DataFim, Paciente, Doenca) VALUES (157, "2007-04-18 01:26:05", "2011-12-28 17:30:37", 176, 81);
INSERT INTO Ocorrencia(OcorrenciaID, DataInicio, DataFim, Paciente, Doenca) VALUES (158, "1979-02-23 14:23:39", "1995-06-05 20:48:52", 21, 200);
INSERT INTO Ocorrencia(OcorrenciaID, DataInicio, DataFim, Paciente, Doenca) VALUES (159, "2004-07-16 13:32:00", "2014-08-12 22:59:00", 20, 81);
INSERT INTO Ocorrencia(OcorrenciaID, DataInicio, DataFim, Paciente, Doenca) VALUES (160, "1995-07-20 10:23:48", "2012-05-02 12:09:13", 135, 217);
INSERT INTO Ocorrencia(OcorrenciaID, DataInicio, DataFim, Paciente, Doenca) VALUES (161, "1986-02-18 05:19:32", "1994-01-23 05:23:32", 35, 45);
INSERT INTO Ocorrencia(OcorrenciaID, DataInicio, DataFim, Paciente, Doenca) VALUES (162, "2004-05-08 03:51:09", "2012-03-18 02:00:31", 276, 35);
INSERT INTO Ocorrencia(OcorrenciaID, DataInicio, DataFim, Paciente, Doenca) VALUES (163, "1992-12-16 15:30:02", "1995-08-07 18:10:30", 50, 145);
INSERT INTO Ocorrencia(OcorrenciaID, DataInicio, DataFim, Paciente, Doenca) VALUES (164, "2018-02-13 16:25:40", "2018-07-31 21:55:01", 253, 7);
INSERT INTO Ocorrencia(OcorrenciaID, DataInicio, DataFim, Paciente, Doenca) VALUES (165, "2011-03-23 01:37:57", "2014-04-09 16:58:02", 261, 49);
INSERT INTO Ocorrencia(OcorrenciaID, DataInicio, DataFim, Paciente, Doenca) VALUES (166, "1992-11-02 10:55:05", "2018-08-31 20:39:32", 106, 118);
INSERT INTO Ocorrencia(OcorrenciaID, DataInicio, DataFim, Paciente, Doenca) VALUES (167, "1995-07-02 12:44:45", "2005-08-06 03:12:18", 202, 173);
INSERT INTO Ocorrencia(OcorrenciaID, DataInicio, DataFim, Paciente, Doenca) VALUES (168, "2019-06-15 13:12:21", "2019-08-25 10:51:01", 165, 21);
INSERT INTO Ocorrencia(OcorrenciaID, DataInicio, DataFim, Paciente, Doenca) VALUES (169, "2014-07-09 06:15:09", "2017-05-14 13:03:40", 195, 167);
INSERT INTO Ocorrencia(OcorrenciaID, DataInicio, DataFim, Paciente, Doenca) VALUES (170, "2006-04-13 21:48:39", "2013-03-22 17:23:12", 237, 144);
INSERT INTO Ocorrencia(OcorrenciaID, DataInicio, DataFim, Paciente, Doenca) VALUES (171, "1982-01-13 17:58:39", "2015-09-05 13:23:32", 8, 144);
INSERT INTO Ocorrencia(OcorrenciaID, DataInicio, DataFim, Paciente, Doenca) VALUES (172, "1990-10-27 16:44:29", "2003-10-05 03:14:17", 207, 149);
INSERT INTO Ocorrencia(OcorrenciaID, DataInicio, DataFim, Paciente, Doenca) VALUES (173, "1980-03-05 11:57:32", "1981-02-27 16:39:29", 167, 10);
INSERT INTO Ocorrencia(OcorrenciaID, DataInicio, DataFim, Paciente, Doenca) VALUES (174, "2011-01-16 13:44:17", "2013-09-08 10:00:40", 215, 217);
INSERT INTO Ocorrencia(OcorrenciaID, DataInicio, DataFim, Paciente, Doenca) VALUES (175, "1988-09-28 13:05:51", "2011-07-19 19:45:47", 179, 48);
INSERT INTO Ocorrencia(OcorrenciaID, DataInicio, DataFim, Paciente, Doenca) VALUES (176, "1994-03-14 12:45:40", "2018-07-11 12:26:27", 126, 161);
INSERT INTO Ocorrencia(OcorrenciaID, DataInicio, DataFim, Paciente, Doenca) VALUES (177, "1973-03-24 05:50:31", "1991-04-28 08:02:39", 117, 38);
INSERT INTO Ocorrencia(OcorrenciaID, DataInicio, DataFim, Paciente, Doenca) VALUES (178, "2010-09-14 04:53:12", "2012-06-03 11:53:19", 130, 135);
INSERT INTO Ocorrencia(OcorrenciaID, DataInicio, DataFim, Paciente, Doenca) VALUES (179, "2004-05-27 02:18:41", "2010-09-24 03:05:46", 159, 212);
INSERT INTO Ocorrencia(OcorrenciaID, DataInicio, DataFim, Paciente, Doenca) VALUES (180, "1978-07-20 04:31:49", "2016-08-10 17:28:56", 49, 143);
INSERT INTO Ocorrencia(OcorrenciaID, DataInicio, DataFim, Paciente, Doenca) VALUES (181, "2004-04-26 07:17:21", "2011-07-03 12:35:40", 293, 69);
INSERT INTO Ocorrencia(OcorrenciaID, DataInicio, DataFim, Paciente, Doenca) VALUES (182, "1996-11-05 12:11:46", "2003-12-08 11:10:43", 259, 47);
INSERT INTO Ocorrencia(OcorrenciaID, DataInicio, DataFim, Paciente, Doenca) VALUES (183, "1971-09-11 02:27:06", "2011-12-15 15:43:06", 96, 48);
INSERT INTO Ocorrencia(OcorrenciaID, DataInicio, DataFim, Paciente, Doenca) VALUES (184, "2018-10-08 15:58:18", "2019-03-22 21:27:07", 120, 151);
INSERT INTO Ocorrencia(OcorrenciaID, DataInicio, DataFim, Paciente, Doenca) VALUES (185, "2000-01-14 23:19:01", "2019-07-02 12:02:32", 162, 112);
INSERT INTO Ocorrencia(OcorrenciaID, DataInicio, DataFim, Paciente, Doenca) VALUES (186, "2002-01-15 12:19:17", "2003-07-26 10:53:21", 27, 208);
INSERT INTO Ocorrencia(OcorrenciaID, DataInicio, DataFim, Paciente, Doenca) VALUES (187, "2019-06-20 21:55:50", "2019-12-16 13:53:20", 118, 196);
INSERT INTO Ocorrencia(OcorrenciaID, DataInicio, DataFim, Paciente, Doenca) VALUES (188, "2017-06-08 07:01:03", "2019-02-27 09:25:12", 71, 194);
INSERT INTO Ocorrencia(OcorrenciaID, DataInicio, DataFim, Paciente, Doenca) VALUES (189, "2001-10-05 13:57:09", "2009-07-06 20:17:33", 188, 11);
INSERT INTO Ocorrencia(OcorrenciaID, DataInicio, DataFim, Paciente, Doenca) VALUES (190, "1991-11-25 03:57:59", "1993-11-19 08:21:46", 56, 28);
INSERT INTO Ocorrencia(OcorrenciaID, DataInicio, DataFim, Paciente, Doenca) VALUES (191, "2006-06-11 03:05:21", "2019-05-31 09:28:34", 285, 132);
INSERT INTO Ocorrencia(OcorrenciaID, DataInicio, DataFim, Paciente, Doenca) VALUES (192, "1973-10-27 17:39:52", "1981-01-24 13:00:26", 7, 45);
INSERT INTO Ocorrencia(OcorrenciaID, DataInicio, DataFim, Paciente, Doenca) VALUES (193, "2004-08-23 11:53:41", "2008-10-14 10:54:03", 144, 40);
INSERT INTO Ocorrencia(OcorrenciaID, DataInicio, DataFim, Paciente, Doenca) VALUES (194, "1971-02-04 19:37:36", "2019-07-31 05:02:19", 192, 105);
INSERT INTO Ocorrencia(OcorrenciaID, DataInicio, DataFim, Paciente, Doenca) VALUES (195, "2008-07-04 08:39:26", "2013-09-04 18:22:07", 16, 214);
INSERT INTO Ocorrencia(OcorrenciaID, DataInicio, DataFim, Paciente, Doenca) VALUES (196, "1973-01-31 23:33:26", "1976-03-01 00:23:55", 236, 93);
INSERT INTO Ocorrencia(OcorrenciaID, DataInicio, DataFim, Paciente, Doenca) VALUES (197, "1995-07-07 14:14:40", "2013-11-27 08:55:18", 84, 89);
INSERT INTO Ocorrencia(OcorrenciaID, DataInicio, DataFim, Paciente, Doenca) VALUES (198, "1999-02-06 22:59:32", "2003-08-24 17:25:34", 139, 175);
INSERT INTO Ocorrencia(OcorrenciaID, DataInicio, DataFim, Paciente, Doenca) VALUES (199, "1994-07-11 04:45:21", "2000-05-20 11:54:14", 259, 213);

-- Nurse Intervention
INSERT INTO Evento(EventoID,Descricao, Data, Admissao, Quarto) VALUES (1, "descricao","1986-07-11 03:06:41" ,35, 109);
INSERT INTO Intervencao( EventoID, Descricao) VALUES (1,"descricao");
INSERT INTO EnfermeiroInterv( EnfermeiroID, IntervID) VALUES (361,1);
INSERT INTO Evento(EventoID,Descricao, Data, Admissao, Quarto) VALUES (2, "descricao","1972-09-19 17:04:48" ,80, 195);
INSERT INTO Intervencao( EventoID, Descricao) VALUES (2,"descricao");
INSERT INTO EnfermeiroInterv( EnfermeiroID, IntervID) VALUES (358,2);
INSERT INTO Evento(EventoID,Descricao, Data, Admissao, Quarto) VALUES (3, "descricao","1986-01-23 18:10:18" ,34, 240);
INSERT INTO Intervencao( EventoID, Descricao) VALUES (3,"descricao");
INSERT INTO EnfermeiroInterv( EnfermeiroID, IntervID) VALUES (357,3);
INSERT INTO Evento(EventoID,Descricao, Data, Admissao, Quarto) VALUES (4, "descricao","2012-01-15 08:01:30" ,154, 243);
INSERT INTO Intervencao( EventoID, Descricao) VALUES (4,"descricao");
INSERT INTO EnfermeiroInterv( EnfermeiroID, IntervID) VALUES (302,4);
INSERT INTO Evento(EventoID,Descricao, Data, Admissao, Quarto) VALUES (5, "descricao","2005-07-20 13:44:46" ,59, 177);
INSERT INTO Intervencao( EventoID, Descricao) VALUES (5,"descricao");
INSERT INTO EnfermeiroInterv( EnfermeiroID, IntervID) VALUES (351,5);
INSERT INTO Evento(EventoID,Descricao, Data, Admissao, Quarto) VALUES (6, "descricao","2000-12-26 15:51:37" ,190, 233);
INSERT INTO Intervencao( EventoID, Descricao) VALUES (6,"descricao");
INSERT INTO EnfermeiroInterv( EnfermeiroID, IntervID) VALUES (302,6);
INSERT INTO Evento(EventoID,Descricao, Data, Admissao, Quarto) VALUES (7, "descricao","1990-12-07 03:49:44" ,35, 161);
INSERT INTO Intervencao( EventoID, Descricao) VALUES (7,"descricao");
INSERT INTO EnfermeiroInterv( EnfermeiroID, IntervID) VALUES (325,7);
INSERT INTO Evento(EventoID,Descricao, Data, Admissao, Quarto) VALUES (8, "descricao","1972-05-31 06:58:48" ,154, 224);
INSERT INTO Intervencao( EventoID, Descricao) VALUES (8,"descricao");
INSERT INTO EnfermeiroInterv( EnfermeiroID, IntervID) VALUES (363,8);
INSERT INTO Evento(EventoID,Descricao, Data, Admissao, Quarto) VALUES (9, "descricao","1982-10-01 03:28:36" ,91, 245);
INSERT INTO Intervencao( EventoID, Descricao) VALUES (9,"descricao");
INSERT INTO EnfermeiroInterv( EnfermeiroID, IntervID) VALUES (328,9);
INSERT INTO Evento(EventoID,Descricao, Data, Admissao, Quarto) VALUES (10, "descricao","2004-06-10 10:40:23" ,45, 190);
INSERT INTO Intervencao( EventoID, Descricao) VALUES (10,"descricao");
INSERT INTO EnfermeiroInterv( EnfermeiroID, IntervID) VALUES (364,10);
INSERT INTO Evento(EventoID,Descricao, Data, Admissao, Quarto) VALUES (11, "descricao","2016-12-18 21:21:49" ,198, 182);
INSERT INTO Intervencao( EventoID, Descricao) VALUES (11,"descricao");
INSERT INTO EnfermeiroInterv( EnfermeiroID, IntervID) VALUES (342,11);
INSERT INTO Evento(EventoID,Descricao, Data, Admissao, Quarto) VALUES (12, "descricao","2006-08-25 18:58:44" ,138, 248);
INSERT INTO Intervencao( EventoID, Descricao) VALUES (12,"descricao");
INSERT INTO EnfermeiroInterv( EnfermeiroID, IntervID) VALUES (301,12);
INSERT INTO Evento(EventoID,Descricao, Data, Admissao, Quarto) VALUES (13, "descricao","2002-08-24 03:55:46" ,159, 134);
INSERT INTO Intervencao( EventoID, Descricao) VALUES (13,"descricao");
INSERT INTO EnfermeiroInterv( EnfermeiroID, IntervID) VALUES (305,13);
INSERT INTO Evento(EventoID,Descricao, Data, Admissao, Quarto) VALUES (14, "descricao","2012-08-29 01:00:25" ,81, 207);
INSERT INTO Intervencao( EventoID, Descricao) VALUES (14,"descricao");
INSERT INTO EnfermeiroInterv( EnfermeiroID, IntervID) VALUES (344,14);
INSERT INTO Evento(EventoID,Descricao, Data, Admissao, Quarto) VALUES (15, "descricao","1999-10-19 08:24:50" ,154, 138);
INSERT INTO Intervencao( EventoID, Descricao) VALUES (15,"descricao");
INSERT INTO EnfermeiroInterv( EnfermeiroID, IntervID) VALUES (357,15);
INSERT INTO Evento(EventoID,Descricao, Data, Admissao, Quarto) VALUES (16, "descricao","1970-12-12 23:03:30" ,160, 220);
INSERT INTO Intervencao( EventoID, Descricao) VALUES (16,"descricao");
INSERT INTO EnfermeiroInterv( EnfermeiroID, IntervID) VALUES (307,16);
INSERT INTO Evento(EventoID,Descricao, Data, Admissao, Quarto) VALUES (17, "descricao","2016-07-14 03:22:50" ,35, 187);
INSERT INTO Intervencao( EventoID, Descricao) VALUES (17,"descricao");
INSERT INTO EnfermeiroInterv( EnfermeiroID, IntervID) VALUES (314,17);
INSERT INTO Evento(EventoID,Descricao, Data, Admissao, Quarto) VALUES (18, "descricao","1975-07-06 00:42:12" ,42, 193);
INSERT INTO Intervencao( EventoID, Descricao) VALUES (18,"descricao");
INSERT INTO EnfermeiroInterv( EnfermeiroID, IntervID) VALUES (325,18);
INSERT INTO Evento(EventoID,Descricao, Data, Admissao, Quarto) VALUES (19, "descricao","1994-01-12 01:32:24" ,44, 209);
INSERT INTO Intervencao( EventoID, Descricao) VALUES (19,"descricao");
INSERT INTO EnfermeiroInterv( EnfermeiroID, IntervID) VALUES (347,19);
INSERT INTO Evento(EventoID,Descricao, Data, Admissao, Quarto) VALUES (20, "descricao","2011-09-20 09:41:50" ,154, 101);
INSERT INTO Intervencao( EventoID, Descricao) VALUES (20,"descricao");
INSERT INTO EnfermeiroInterv( EnfermeiroID, IntervID) VALUES (341,20);
INSERT INTO Evento(EventoID,Descricao, Data, Admissao, Quarto) VALUES (21, "descricao","1983-03-06 02:05:12" ,132, 189);
INSERT INTO Intervencao( EventoID, Descricao) VALUES (21,"descricao");
INSERT INTO EnfermeiroInterv( EnfermeiroID, IntervID) VALUES (360,21);
INSERT INTO Evento(EventoID,Descricao, Data, Admissao, Quarto) VALUES (22, "descricao","1977-12-27 18:04:09" ,86, 107);
INSERT INTO Intervencao( EventoID, Descricao) VALUES (22,"descricao");
INSERT INTO EnfermeiroInterv( EnfermeiroID, IntervID) VALUES (325,22);
INSERT INTO Evento(EventoID,Descricao, Data, Admissao, Quarto) VALUES (23, "descricao","1976-05-20 05:23:03" ,3, 180);
INSERT INTO Intervencao( EventoID, Descricao) VALUES (23,"descricao");
INSERT INTO EnfermeiroInterv( EnfermeiroID, IntervID) VALUES (338,23);
INSERT INTO Evento(EventoID,Descricao, Data, Admissao, Quarto) VALUES (24, "descricao","2008-06-29 20:56:36" ,111, 249);
INSERT INTO Intervencao( EventoID, Descricao) VALUES (24,"descricao");
INSERT INTO EnfermeiroInterv( EnfermeiroID, IntervID) VALUES (334,24);
INSERT INTO Evento(EventoID,Descricao, Data, Admissao, Quarto) VALUES (25, "descricao","1972-03-20 12:04:41" ,51, 211);
INSERT INTO Intervencao( EventoID, Descricao) VALUES (25,"descricao");
INSERT INTO EnfermeiroInterv( EnfermeiroID, IntervID) VALUES (316,25);
INSERT INTO Evento(EventoID,Descricao, Data, Admissao, Quarto) VALUES (26, "descricao","2001-02-06 13:43:43" ,44, 247);
INSERT INTO Intervencao( EventoID, Descricao) VALUES (26,"descricao");
INSERT INTO EnfermeiroInterv( EnfermeiroID, IntervID) VALUES (318,26);
INSERT INTO Evento(EventoID,Descricao, Data, Admissao, Quarto) VALUES (27, "descricao","1973-08-27 17:31:40" ,159, 132);
INSERT INTO Intervencao( EventoID, Descricao) VALUES (27,"descricao");
INSERT INTO EnfermeiroInterv( EnfermeiroID, IntervID) VALUES (354,27);
INSERT INTO Evento(EventoID,Descricao, Data, Admissao, Quarto) VALUES (28, "descricao","2017-02-26 02:16:49" ,173, 203);
INSERT INTO Intervencao( EventoID, Descricao) VALUES (28,"descricao");
INSERT INTO EnfermeiroInterv( EnfermeiroID, IntervID) VALUES (337,28);
INSERT INTO Evento(EventoID,Descricao, Data, Admissao, Quarto) VALUES (29, "descricao","1975-01-11 07:01:52" ,166, 125);
INSERT INTO Intervencao( EventoID, Descricao) VALUES (29,"descricao");
INSERT INTO EnfermeiroInterv( EnfermeiroID, IntervID) VALUES (310,29);
INSERT INTO Evento(EventoID,Descricao, Data, Admissao, Quarto) VALUES (30, "descricao","2019-08-21 23:35:40" ,6, 111);
INSERT INTO Intervencao( EventoID, Descricao) VALUES (30,"descricao");
INSERT INTO EnfermeiroInterv( EnfermeiroID, IntervID) VALUES (348,30);
INSERT INTO Evento(EventoID,Descricao, Data, Admissao, Quarto) VALUES (31, "descricao","1985-08-18 08:06:39" ,151, 104);
INSERT INTO Intervencao( EventoID, Descricao) VALUES (31,"descricao");
INSERT INTO EnfermeiroInterv( EnfermeiroID, IntervID) VALUES (362,31);
INSERT INTO Evento(EventoID,Descricao, Data, Admissao, Quarto) VALUES (32, "descricao","2001-10-31 07:26:57" ,198, 106);
INSERT INTO Intervencao( EventoID, Descricao) VALUES (32,"descricao");
INSERT INTO EnfermeiroInterv( EnfermeiroID, IntervID) VALUES (325,32);
INSERT INTO Evento(EventoID,Descricao, Data, Admissao, Quarto) VALUES (33, "descricao","1980-12-05 07:37:16" ,2, 123);
INSERT INTO Intervencao( EventoID, Descricao) VALUES (33,"descricao");
INSERT INTO EnfermeiroInterv( EnfermeiroID, IntervID) VALUES (351,33);
INSERT INTO Evento(EventoID,Descricao, Data, Admissao, Quarto) VALUES (34, "descricao","2012-03-10 22:30:07" ,91, 113);
INSERT INTO Intervencao( EventoID, Descricao) VALUES (34,"descricao");
INSERT INTO EnfermeiroInterv( EnfermeiroID, IntervID) VALUES (340,34);
INSERT INTO Evento(EventoID,Descricao, Data, Admissao, Quarto) VALUES (35, "descricao","2011-04-18 21:47:11" ,118, 103);
INSERT INTO Intervencao( EventoID, Descricao) VALUES (35,"descricao");
INSERT INTO EnfermeiroInterv( EnfermeiroID, IntervID) VALUES (315,35);
INSERT INTO Evento(EventoID,Descricao, Data, Admissao, Quarto) VALUES (36, "descricao","2003-06-23 18:50:39" ,151, 122);
INSERT INTO Intervencao( EventoID, Descricao) VALUES (36,"descricao");
INSERT INTO EnfermeiroInterv( EnfermeiroID, IntervID) VALUES (313,36);
INSERT INTO Evento(EventoID,Descricao, Data, Admissao, Quarto) VALUES (37, "descricao","1986-11-27 03:27:45" ,52, 170);
INSERT INTO Intervencao( EventoID, Descricao) VALUES (37,"descricao");
INSERT INTO EnfermeiroInterv( EnfermeiroID, IntervID) VALUES (348,37);
INSERT INTO Evento(EventoID,Descricao, Data, Admissao, Quarto) VALUES (38, "descricao","2009-04-22 06:38:29" ,48, 161);
INSERT INTO Intervencao( EventoID, Descricao) VALUES (38,"descricao");
INSERT INTO EnfermeiroInterv( EnfermeiroID, IntervID) VALUES (316,38);
INSERT INTO Evento(EventoID,Descricao, Data, Admissao, Quarto) VALUES (39, "descricao","1990-05-02 10:22:46" ,110, 190);
INSERT INTO Intervencao( EventoID, Descricao) VALUES (39,"descricao");
INSERT INTO EnfermeiroInterv( EnfermeiroID, IntervID) VALUES (366,39);
INSERT INTO Evento(EventoID,Descricao, Data, Admissao, Quarto) VALUES (40, "descricao","1989-01-13 03:52:32" ,149, 170);
INSERT INTO Intervencao( EventoID, Descricao) VALUES (40,"descricao");
INSERT INTO EnfermeiroInterv( EnfermeiroID, IntervID) VALUES (357,40);
INSERT INTO Evento(EventoID,Descricao, Data, Admissao, Quarto) VALUES (41, "descricao","1996-11-08 23:03:01" ,64, 226);
INSERT INTO Intervencao( EventoID, Descricao) VALUES (41,"descricao");
INSERT INTO EnfermeiroInterv( EnfermeiroID, IntervID) VALUES (365,41);
INSERT INTO Evento(EventoID,Descricao, Data, Admissao, Quarto) VALUES (42, "descricao","2009-05-28 06:37:19" ,179, 180);
INSERT INTO Intervencao( EventoID, Descricao) VALUES (42,"descricao");
INSERT INTO EnfermeiroInterv( EnfermeiroID, IntervID) VALUES (326,42);
INSERT INTO Evento(EventoID,Descricao, Data, Admissao, Quarto) VALUES (43, "descricao","1984-11-27 13:56:26" ,122, 144);
INSERT INTO Intervencao( EventoID, Descricao) VALUES (43,"descricao");
INSERT INTO EnfermeiroInterv( EnfermeiroID, IntervID) VALUES (315,43);
INSERT INTO Evento(EventoID,Descricao, Data, Admissao, Quarto) VALUES (44, "descricao","1987-08-04 19:06:38" ,193, 249);
INSERT INTO Intervencao( EventoID, Descricao) VALUES (44,"descricao");
INSERT INTO EnfermeiroInterv( EnfermeiroID, IntervID) VALUES (366,44);
INSERT INTO Evento(EventoID,Descricao, Data, Admissao, Quarto) VALUES (45, "descricao","1976-10-04 06:51:14" ,87, 143);
INSERT INTO Intervencao( EventoID, Descricao) VALUES (45,"descricao");
INSERT INTO EnfermeiroInterv( EnfermeiroID, IntervID) VALUES (363,45);
INSERT INTO Evento(EventoID,Descricao, Data, Admissao, Quarto) VALUES (46, "descricao","1980-03-01 11:09:20" ,107, 226);
INSERT INTO Intervencao( EventoID, Descricao) VALUES (46,"descricao");
INSERT INTO EnfermeiroInterv( EnfermeiroID, IntervID) VALUES (315,46);
INSERT INTO Evento(EventoID,Descricao, Data, Admissao, Quarto) VALUES (47, "descricao","1983-09-28 11:27:17" ,98, 124);
INSERT INTO Intervencao( EventoID, Descricao) VALUES (47,"descricao");
INSERT INTO EnfermeiroInterv( EnfermeiroID, IntervID) VALUES (338,47);
INSERT INTO Evento(EventoID,Descricao, Data, Admissao, Quarto) VALUES (48, "descricao","1980-02-18 10:31:19" ,155, 161);
INSERT INTO Intervencao( EventoID, Descricao) VALUES (48,"descricao");
INSERT INTO EnfermeiroInterv( EnfermeiroID, IntervID) VALUES (364,48);
INSERT INTO Evento(EventoID,Descricao, Data, Admissao, Quarto) VALUES (49, "descricao","1979-11-13 14:48:17" ,59, 242);
INSERT INTO Intervencao( EventoID, Descricao) VALUES (49,"descricao");
INSERT INTO EnfermeiroInterv( EnfermeiroID, IntervID) VALUES (310,49);
INSERT INTO Evento(EventoID,Descricao, Data, Admissao, Quarto) VALUES (50, "descricao","2015-10-17 16:13:36" ,128, 235);
INSERT INTO Intervencao( EventoID, Descricao) VALUES (50,"descricao");
INSERT INTO EnfermeiroInterv( EnfermeiroID, IntervID) VALUES (330,50);
INSERT INTO Evento(EventoID,Descricao, Data, Admissao, Quarto) VALUES (51, "descricao","1995-04-17 12:08:16" ,114, 136);
INSERT INTO Intervencao( EventoID, Descricao) VALUES (51,"descricao");
INSERT INTO EnfermeiroInterv( EnfermeiroID, IntervID) VALUES (322,51);
INSERT INTO Evento(EventoID,Descricao, Data, Admissao, Quarto) VALUES (52, "descricao","1977-12-29 14:10:18" ,106, 197);
INSERT INTO Intervencao( EventoID, Descricao) VALUES (52,"descricao");
INSERT INTO EnfermeiroInterv( EnfermeiroID, IntervID) VALUES (311,52);
INSERT INTO Evento(EventoID,Descricao, Data, Admissao, Quarto) VALUES (53, "descricao","1977-02-05 22:27:57" ,168, 145);
INSERT INTO Intervencao( EventoID, Descricao) VALUES (53,"descricao");
INSERT INTO EnfermeiroInterv( EnfermeiroID, IntervID) VALUES (355,53);
INSERT INTO Evento(EventoID,Descricao, Data, Admissao, Quarto) VALUES (54, "descricao","1999-06-26 18:31:19" ,125, 233);
INSERT INTO Intervencao( EventoID, Descricao) VALUES (54,"descricao");
INSERT INTO EnfermeiroInterv( EnfermeiroID, IntervID) VALUES (362,54);
INSERT INTO Evento(EventoID,Descricao, Data, Admissao, Quarto) VALUES (55, "descricao","1977-02-04 07:10:18" ,62, 150);
INSERT INTO Intervencao( EventoID, Descricao) VALUES (55,"descricao");
INSERT INTO EnfermeiroInterv( EnfermeiroID, IntervID) VALUES (358,55);
INSERT INTO Evento(EventoID,Descricao, Data, Admissao, Quarto) VALUES (56, "descricao","1998-06-11 04:31:01" ,160, 197);
INSERT INTO Intervencao( EventoID, Descricao) VALUES (56,"descricao");
INSERT INTO EnfermeiroInterv( EnfermeiroID, IntervID) VALUES (330,56);
INSERT INTO Evento(EventoID,Descricao, Data, Admissao, Quarto) VALUES (57, "descricao","2016-05-18 22:20:05" ,133, 187);
INSERT INTO Intervencao( EventoID, Descricao) VALUES (57,"descricao");
INSERT INTO EnfermeiroInterv( EnfermeiroID, IntervID) VALUES (309,57);
INSERT INTO Evento(EventoID,Descricao, Data, Admissao, Quarto) VALUES (58, "descricao","1985-04-30 11:33:33" ,124, 143);
INSERT INTO Intervencao( EventoID, Descricao) VALUES (58,"descricao");
INSERT INTO EnfermeiroInterv( EnfermeiroID, IntervID) VALUES (359,58);
INSERT INTO Evento(EventoID,Descricao, Data, Admissao, Quarto) VALUES (59, "descricao","1999-02-03 06:25:46" ,148, 209);
INSERT INTO Intervencao( EventoID, Descricao) VALUES (59,"descricao");
INSERT INTO EnfermeiroInterv( EnfermeiroID, IntervID) VALUES (366,59);
INSERT INTO Evento(EventoID,Descricao, Data, Admissao, Quarto) VALUES (60, "descricao","2007-06-05 11:58:14" ,116, 138);
INSERT INTO Intervencao( EventoID, Descricao) VALUES (60,"descricao");
INSERT INTO EnfermeiroInterv( EnfermeiroID, IntervID) VALUES (312,60);
INSERT INTO Evento(EventoID,Descricao, Data, Admissao, Quarto) VALUES (61, "descricao","1973-02-03 21:22:27" ,141, 220);
INSERT INTO Intervencao( EventoID, Descricao) VALUES (61,"descricao");
INSERT INTO EnfermeiroInterv( EnfermeiroID, IntervID) VALUES (366,61);
INSERT INTO Evento(EventoID,Descricao, Data, Admissao, Quarto) VALUES (62, "descricao","1989-11-18 02:34:07" ,4, 155);
INSERT INTO Intervencao( EventoID, Descricao) VALUES (62,"descricao");
INSERT INTO EnfermeiroInterv( EnfermeiroID, IntervID) VALUES (310,62);
INSERT INTO Evento(EventoID,Descricao, Data, Admissao, Quarto) VALUES (63, "descricao","1981-08-12 16:37:30" ,76, 119);
INSERT INTO Intervencao( EventoID, Descricao) VALUES (63,"descricao");
INSERT INTO EnfermeiroInterv( EnfermeiroID, IntervID) VALUES (311,63);
INSERT INTO Evento(EventoID,Descricao, Data, Admissao, Quarto) VALUES (64, "descricao","2009-01-17 22:37:50" ,5, 106);
INSERT INTO Intervencao( EventoID, Descricao) VALUES (64,"descricao");
INSERT INTO EnfermeiroInterv( EnfermeiroID, IntervID) VALUES (363,64);
INSERT INTO Evento(EventoID,Descricao, Data, Admissao, Quarto) VALUES (65, "descricao","2013-08-12 14:23:29" ,159, 214);
INSERT INTO Intervencao( EventoID, Descricao) VALUES (65,"descricao");
INSERT INTO EnfermeiroInterv( EnfermeiroID, IntervID) VALUES (312,65);
INSERT INTO Evento(EventoID,Descricao, Data, Admissao, Quarto) VALUES (66, "descricao","1974-01-11 02:47:47" ,170, 221);
INSERT INTO Intervencao( EventoID, Descricao) VALUES (66,"descricao");
INSERT INTO EnfermeiroInterv( EnfermeiroID, IntervID) VALUES (336,66);
INSERT INTO Evento(EventoID,Descricao, Data, Admissao, Quarto) VALUES (67, "descricao","1995-08-27 10:07:31" ,138, 196);
INSERT INTO Intervencao( EventoID, Descricao) VALUES (67,"descricao");
INSERT INTO EnfermeiroInterv( EnfermeiroID, IntervID) VALUES (339,67);
INSERT INTO Evento(EventoID,Descricao, Data, Admissao, Quarto) VALUES (68, "descricao","1991-11-22 13:05:11" ,173, 115);
INSERT INTO Intervencao( EventoID, Descricao) VALUES (68,"descricao");
INSERT INTO EnfermeiroInterv( EnfermeiroID, IntervID) VALUES (312,68);
INSERT INTO Evento(EventoID,Descricao, Data, Admissao, Quarto) VALUES (69, "descricao","2008-07-09 17:39:06" ,170, 121);
INSERT INTO Intervencao( EventoID, Descricao) VALUES (69,"descricao");
INSERT INTO EnfermeiroInterv( EnfermeiroID, IntervID) VALUES (302,69);
INSERT INTO Evento(EventoID,Descricao, Data, Admissao, Quarto) VALUES (70, "descricao","1979-07-11 09:48:57" ,52, 157);
INSERT INTO Intervencao( EventoID, Descricao) VALUES (70,"descricao");
INSERT INTO EnfermeiroInterv( EnfermeiroID, IntervID) VALUES (310,70);
INSERT INTO Evento(EventoID,Descricao, Data, Admissao, Quarto) VALUES (71, "descricao","1978-06-15 04:19:30" ,43, 242);
INSERT INTO Intervencao( EventoID, Descricao) VALUES (71,"descricao");
INSERT INTO EnfermeiroInterv( EnfermeiroID, IntervID) VALUES (339,71);
INSERT INTO Evento(EventoID,Descricao, Data, Admissao, Quarto) VALUES (72, "descricao","1974-05-01 03:44:12" ,124, 186);
INSERT INTO Intervencao( EventoID, Descricao) VALUES (72,"descricao");
INSERT INTO EnfermeiroInterv( EnfermeiroID, IntervID) VALUES (317,72);
INSERT INTO Evento(EventoID,Descricao, Data, Admissao, Quarto) VALUES (73, "descricao","1972-07-22 09:44:11" ,127, 197);
INSERT INTO Intervencao( EventoID, Descricao) VALUES (73,"descricao");
INSERT INTO EnfermeiroInterv( EnfermeiroID, IntervID) VALUES (335,73);
INSERT INTO Evento(EventoID,Descricao, Data, Admissao, Quarto) VALUES (74, "descricao","1988-09-28 15:54:52" ,96, 106);
INSERT INTO Intervencao( EventoID, Descricao) VALUES (74,"descricao");
INSERT INTO EnfermeiroInterv( EnfermeiroID, IntervID) VALUES (315,74);
INSERT INTO Evento(EventoID,Descricao, Data, Admissao, Quarto) VALUES (75, "descricao","2017-12-19 03:14:32" ,107, 165);
INSERT INTO Intervencao( EventoID, Descricao) VALUES (75,"descricao");
INSERT INTO EnfermeiroInterv( EnfermeiroID, IntervID) VALUES (334,75);
INSERT INTO Evento(EventoID,Descricao, Data, Admissao, Quarto) VALUES (76, "descricao","2008-01-22 06:44:19" ,168, 145);
INSERT INTO Intervencao( EventoID, Descricao) VALUES (76,"descricao");
INSERT INTO EnfermeiroInterv( EnfermeiroID, IntervID) VALUES (364,76);
INSERT INTO Evento(EventoID,Descricao, Data, Admissao, Quarto) VALUES (77, "descricao","1982-03-10 12:11:00" ,83, 232);
INSERT INTO Intervencao( EventoID, Descricao) VALUES (77,"descricao");
INSERT INTO EnfermeiroInterv( EnfermeiroID, IntervID) VALUES (344,77);
INSERT INTO Evento(EventoID,Descricao, Data, Admissao, Quarto) VALUES (78, "descricao","2015-04-03 17:45:05" ,59, 160);
INSERT INTO Intervencao( EventoID, Descricao) VALUES (78,"descricao");
INSERT INTO EnfermeiroInterv( EnfermeiroID, IntervID) VALUES (329,78);
INSERT INTO Evento(EventoID,Descricao, Data, Admissao, Quarto) VALUES (79, "descricao","2015-10-21 03:14:55" ,96, 174);
INSERT INTO Intervencao( EventoID, Descricao) VALUES (79,"descricao");
INSERT INTO EnfermeiroInterv( EnfermeiroID, IntervID) VALUES (363,79);
INSERT INTO Evento(EventoID,Descricao, Data, Admissao, Quarto) VALUES (80, "descricao","1982-09-29 19:35:16" ,158, 176);
INSERT INTO Intervencao( EventoID, Descricao) VALUES (80,"descricao");
INSERT INTO EnfermeiroInterv( EnfermeiroID, IntervID) VALUES (322,80);
INSERT INTO Evento(EventoID,Descricao, Data, Admissao, Quarto) VALUES (81, "descricao","2006-08-11 19:02:28" ,146, 141);
INSERT INTO Intervencao( EventoID, Descricao) VALUES (81,"descricao");
INSERT INTO EnfermeiroInterv( EnfermeiroID, IntervID) VALUES (324,81);
INSERT INTO Evento(EventoID,Descricao, Data, Admissao, Quarto) VALUES (82, "descricao","1977-07-06 19:44:12" ,99, 178);
INSERT INTO Intervencao( EventoID, Descricao) VALUES (82,"descricao");
INSERT INTO EnfermeiroInterv( EnfermeiroID, IntervID) VALUES (324,82);
INSERT INTO Evento(EventoID,Descricao, Data, Admissao, Quarto) VALUES (83, "descricao","1980-03-08 01:00:28" ,122, 237);
INSERT INTO Intervencao( EventoID, Descricao) VALUES (83,"descricao");
INSERT INTO EnfermeiroInterv( EnfermeiroID, IntervID) VALUES (345,83);
INSERT INTO Evento(EventoID,Descricao, Data, Admissao, Quarto) VALUES (84, "descricao","2019-11-29 04:36:42" ,109, 232);
INSERT INTO Intervencao( EventoID, Descricao) VALUES (84,"descricao");
INSERT INTO EnfermeiroInterv( EnfermeiroID, IntervID) VALUES (327,84);
INSERT INTO Evento(EventoID,Descricao, Data, Admissao, Quarto) VALUES (85, "descricao","1977-12-22 23:35:18" ,143, 167);
INSERT INTO Intervencao( EventoID, Descricao) VALUES (85,"descricao");
INSERT INTO EnfermeiroInterv( EnfermeiroID, IntervID) VALUES (317,85);
INSERT INTO Evento(EventoID,Descricao, Data, Admissao, Quarto) VALUES (86, "descricao","1983-07-16 18:27:37" ,150, 205);
INSERT INTO Intervencao( EventoID, Descricao) VALUES (86,"descricao");
INSERT INTO EnfermeiroInterv( EnfermeiroID, IntervID) VALUES (353,86);
INSERT INTO Evento(EventoID,Descricao, Data, Admissao, Quarto) VALUES (87, "descricao","1975-01-30 19:17:00" ,27, 145);
INSERT INTO Intervencao( EventoID, Descricao) VALUES (87,"descricao");
INSERT INTO EnfermeiroInterv( EnfermeiroID, IntervID) VALUES (312,87);
INSERT INTO Evento(EventoID,Descricao, Data, Admissao, Quarto) VALUES (88, "descricao","1980-06-14 09:18:52" ,1, 212);
INSERT INTO Intervencao( EventoID, Descricao) VALUES (88,"descricao");
INSERT INTO EnfermeiroInterv( EnfermeiroID, IntervID) VALUES (355,88);
INSERT INTO Evento(EventoID,Descricao, Data, Admissao, Quarto) VALUES (89, "descricao","1994-02-06 21:13:36" ,105, 146);
INSERT INTO Intervencao( EventoID, Descricao) VALUES (89,"descricao");
INSERT INTO EnfermeiroInterv( EnfermeiroID, IntervID) VALUES (320,89);
INSERT INTO Evento(EventoID,Descricao, Data, Admissao, Quarto) VALUES (90, "descricao","2017-03-10 02:48:11" ,48, 212);
INSERT INTO Intervencao( EventoID, Descricao) VALUES (90,"descricao");
INSERT INTO EnfermeiroInterv( EnfermeiroID, IntervID) VALUES (303,90);
INSERT INTO Evento(EventoID,Descricao, Data, Admissao, Quarto) VALUES (91, "descricao","1995-05-31 16:29:31" ,67, 180);
INSERT INTO Intervencao( EventoID, Descricao) VALUES (91,"descricao");
INSERT INTO EnfermeiroInterv( EnfermeiroID, IntervID) VALUES (323,91);
INSERT INTO Evento(EventoID,Descricao, Data, Admissao, Quarto) VALUES (92, "descricao","2012-12-16 11:19:47" ,193, 142);
INSERT INTO Intervencao( EventoID, Descricao) VALUES (92,"descricao");
INSERT INTO EnfermeiroInterv( EnfermeiroID, IntervID) VALUES (316,92);
INSERT INTO Evento(EventoID,Descricao, Data, Admissao, Quarto) VALUES (93, "descricao","2008-03-24 00:11:46" ,70, 140);
INSERT INTO Intervencao( EventoID, Descricao) VALUES (93,"descricao");
INSERT INTO EnfermeiroInterv( EnfermeiroID, IntervID) VALUES (357,93);
INSERT INTO Evento(EventoID,Descricao, Data, Admissao, Quarto) VALUES (94, "descricao","2001-08-16 05:26:09" ,42, 156);
INSERT INTO Intervencao( EventoID, Descricao) VALUES (94,"descricao");
INSERT INTO EnfermeiroInterv( EnfermeiroID, IntervID) VALUES (340,94);
INSERT INTO Evento(EventoID,Descricao, Data, Admissao, Quarto) VALUES (95, "descricao","2009-06-27 17:40:15" ,2, 125);
INSERT INTO Intervencao( EventoID, Descricao) VALUES (95,"descricao");
INSERT INTO EnfermeiroInterv( EnfermeiroID, IntervID) VALUES (302,95);
INSERT INTO Evento(EventoID,Descricao, Data, Admissao, Quarto) VALUES (96, "descricao","1994-10-17 07:25:29" ,177, 141);
INSERT INTO Intervencao( EventoID, Descricao) VALUES (96,"descricao");
INSERT INTO EnfermeiroInterv( EnfermeiroID, IntervID) VALUES (323,96);
INSERT INTO Evento(EventoID,Descricao, Data, Admissao, Quarto) VALUES (97, "descricao","2017-11-11 08:20:59" ,142, 227);
INSERT INTO Intervencao( EventoID, Descricao) VALUES (97,"descricao");
INSERT INTO EnfermeiroInterv( EnfermeiroID, IntervID) VALUES (361,97);
INSERT INTO Evento(EventoID,Descricao, Data, Admissao, Quarto) VALUES (98, "descricao","1984-01-09 23:01:18" ,187, 163);
INSERT INTO Intervencao( EventoID, Descricao) VALUES (98,"descricao");
INSERT INTO EnfermeiroInterv( EnfermeiroID, IntervID) VALUES (335,98);
INSERT INTO Evento(EventoID,Descricao, Data, Admissao, Quarto) VALUES (99, "descricao","1979-03-31 05:02:10" ,174, 142);
INSERT INTO Intervencao( EventoID, Descricao) VALUES (99,"descricao");
INSERT INTO EnfermeiroInterv( EnfermeiroID, IntervID) VALUES (331,99);
INSERT INTO Evento(EventoID,Descricao, Data, Admissao, Quarto) VALUES (100, "descricao","1982-06-10 09:13:21" ,26, 179);
INSERT INTO Intervencao( EventoID, Descricao) VALUES (100,"descricao");
INSERT INTO EnfermeiroInterv( EnfermeiroID, IntervID) VALUES (350,100);
INSERT INTO Evento(EventoID,Descricao, Data, Admissao, Quarto) VALUES (101, "descricao","1972-06-28 23:28:32" ,190, 189);
INSERT INTO Intervencao( EventoID, Descricao) VALUES (101,"descricao");
INSERT INTO EnfermeiroInterv( EnfermeiroID, IntervID) VALUES (352,101);
INSERT INTO Evento(EventoID,Descricao, Data, Admissao, Quarto) VALUES (102, "descricao","1971-12-18 18:22:39" ,166, 171);
INSERT INTO Intervencao( EventoID, Descricao) VALUES (102,"descricao");
INSERT INTO EnfermeiroInterv( EnfermeiroID, IntervID) VALUES (359,102);
INSERT INTO Evento(EventoID,Descricao, Data, Admissao, Quarto) VALUES (103, "descricao","1990-09-22 11:46:41" ,66, 221);
INSERT INTO Intervencao( EventoID, Descricao) VALUES (103,"descricao");
INSERT INTO EnfermeiroInterv( EnfermeiroID, IntervID) VALUES (326,103);
INSERT INTO Evento(EventoID,Descricao, Data, Admissao, Quarto) VALUES (104, "descricao","2011-09-02 02:47:57" ,152, 223);
INSERT INTO Intervencao( EventoID, Descricao) VALUES (104,"descricao");
INSERT INTO EnfermeiroInterv( EnfermeiroID, IntervID) VALUES (307,104);
INSERT INTO Evento(EventoID,Descricao, Data, Admissao, Quarto) VALUES (105, "descricao","1993-09-09 15:17:27" ,45, 222);
INSERT INTO Intervencao( EventoID, Descricao) VALUES (105,"descricao");
INSERT INTO EnfermeiroInterv( EnfermeiroID, IntervID) VALUES (315,105);
INSERT INTO Evento(EventoID,Descricao, Data, Admissao, Quarto) VALUES (106, "descricao","1984-11-19 09:14:04" ,62, 228);
INSERT INTO Intervencao( EventoID, Descricao) VALUES (106,"descricao");
INSERT INTO EnfermeiroInterv( EnfermeiroID, IntervID) VALUES (336,106);
INSERT INTO Evento(EventoID,Descricao, Data, Admissao, Quarto) VALUES (107, "descricao","1993-06-18 23:26:02" ,26, 112);
INSERT INTO Intervencao( EventoID, Descricao) VALUES (107,"descricao");
INSERT INTO EnfermeiroInterv( EnfermeiroID, IntervID) VALUES (303,107);
INSERT INTO Evento(EventoID,Descricao, Data, Admissao, Quarto) VALUES (108, "descricao","1975-10-25 18:28:25" ,69, 163);
INSERT INTO Intervencao( EventoID, Descricao) VALUES (108,"descricao");
INSERT INTO EnfermeiroInterv( EnfermeiroID, IntervID) VALUES (333,108);
INSERT INTO Evento(EventoID,Descricao, Data, Admissao, Quarto) VALUES (109, "descricao","2003-04-10 04:40:16" ,27, 200);
INSERT INTO Intervencao( EventoID, Descricao) VALUES (109,"descricao");
INSERT INTO EnfermeiroInterv( EnfermeiroID, IntervID) VALUES (338,109);
INSERT INTO Evento(EventoID,Descricao, Data, Admissao, Quarto) VALUES (110, "descricao","1999-12-06 00:27:34" ,24, 213);
INSERT INTO Intervencao( EventoID, Descricao) VALUES (110,"descricao");
INSERT INTO EnfermeiroInterv( EnfermeiroID, IntervID) VALUES (348,110);
INSERT INTO Evento(EventoID,Descricao, Data, Admissao, Quarto) VALUES (111, "descricao","2017-01-26 16:14:50" ,50, 138);
INSERT INTO Intervencao( EventoID, Descricao) VALUES (111,"descricao");
INSERT INTO EnfermeiroInterv( EnfermeiroID, IntervID) VALUES (362,111);
INSERT INTO Evento(EventoID,Descricao, Data, Admissao, Quarto) VALUES (112, "descricao","1982-12-29 12:09:45" ,140, 108);
INSERT INTO Intervencao( EventoID, Descricao) VALUES (112,"descricao");
INSERT INTO EnfermeiroInterv( EnfermeiroID, IntervID) VALUES (327,112);
INSERT INTO Evento(EventoID,Descricao, Data, Admissao, Quarto) VALUES (113, "descricao","1995-04-28 18:10:39" ,16, 176);
INSERT INTO Intervencao( EventoID, Descricao) VALUES (113,"descricao");
INSERT INTO EnfermeiroInterv( EnfermeiroID, IntervID) VALUES (309,113);
INSERT INTO Evento(EventoID,Descricao, Data, Admissao, Quarto) VALUES (114, "descricao","1987-11-27 10:19:50" ,157, 240);
INSERT INTO Intervencao( EventoID, Descricao) VALUES (114,"descricao");
INSERT INTO EnfermeiroInterv( EnfermeiroID, IntervID) VALUES (336,114);
INSERT INTO Evento(EventoID,Descricao, Data, Admissao, Quarto) VALUES (115, "descricao","2012-06-24 07:34:10" ,163, 209);
INSERT INTO Intervencao( EventoID, Descricao) VALUES (115,"descricao");
INSERT INTO EnfermeiroInterv( EnfermeiroID, IntervID) VALUES (320,115);
INSERT INTO Evento(EventoID,Descricao, Data, Admissao, Quarto) VALUES (116, "descricao","2000-08-29 19:45:34" ,21, 114);
INSERT INTO Intervencao( EventoID, Descricao) VALUES (116,"descricao");
INSERT INTO EnfermeiroInterv( EnfermeiroID, IntervID) VALUES (353,116);
INSERT INTO Evento(EventoID,Descricao, Data, Admissao, Quarto) VALUES (117, "descricao","1985-04-19 04:01:24" ,79, 206);
INSERT INTO Intervencao( EventoID, Descricao) VALUES (117,"descricao");
INSERT INTO EnfermeiroInterv( EnfermeiroID, IntervID) VALUES (318,117);
INSERT INTO Evento(EventoID,Descricao, Data, Admissao, Quarto) VALUES (118, "descricao","1996-10-06 14:33:53" ,186, 208);
INSERT INTO Intervencao( EventoID, Descricao) VALUES (118,"descricao");
INSERT INTO EnfermeiroInterv( EnfermeiroID, IntervID) VALUES (317,118);
INSERT INTO Evento(EventoID,Descricao, Data, Admissao, Quarto) VALUES (119, "descricao","1983-01-17 02:11:00" ,36, 210);
INSERT INTO Intervencao( EventoID, Descricao) VALUES (119,"descricao");
INSERT INTO EnfermeiroInterv( EnfermeiroID, IntervID) VALUES (302,119);
INSERT INTO Evento(EventoID,Descricao, Data, Admissao, Quarto) VALUES (120, "descricao","1995-05-17 09:12:23" ,185, 132);
INSERT INTO Intervencao( EventoID, Descricao) VALUES (120,"descricao");
INSERT INTO EnfermeiroInterv( EnfermeiroID, IntervID) VALUES (315,120);
INSERT INTO Evento(EventoID,Descricao, Data, Admissao, Quarto) VALUES (121, "descricao","1993-04-20 11:59:06" ,76, 200);
INSERT INTO Intervencao( EventoID, Descricao) VALUES (121,"descricao");
INSERT INTO EnfermeiroInterv( EnfermeiroID, IntervID) VALUES (308,121);
INSERT INTO Evento(EventoID,Descricao, Data, Admissao, Quarto) VALUES (122, "descricao","1995-04-05 13:56:24" ,177, 158);
INSERT INTO Intervencao( EventoID, Descricao) VALUES (122,"descricao");
INSERT INTO EnfermeiroInterv( EnfermeiroID, IntervID) VALUES (309,122);
INSERT INTO Evento(EventoID,Descricao, Data, Admissao, Quarto) VALUES (123, "descricao","2007-02-27 14:38:39" ,196, 135);
INSERT INTO Intervencao( EventoID, Descricao) VALUES (123,"descricao");
INSERT INTO EnfermeiroInterv( EnfermeiroID, IntervID) VALUES (316,123);
INSERT INTO Evento(EventoID,Descricao, Data, Admissao, Quarto) VALUES (124, "descricao","1994-05-18 08:19:52" ,19, 181);
INSERT INTO Intervencao( EventoID, Descricao) VALUES (124,"descricao");
INSERT INTO EnfermeiroInterv( EnfermeiroID, IntervID) VALUES (337,124);
INSERT INTO Evento(EventoID,Descricao, Data, Admissao, Quarto) VALUES (125, "descricao","2015-12-11 05:19:43" ,94, 130);
INSERT INTO Intervencao( EventoID, Descricao) VALUES (125,"descricao");
INSERT INTO EnfermeiroInterv( EnfermeiroID, IntervID) VALUES (361,125);
INSERT INTO Evento(EventoID,Descricao, Data, Admissao, Quarto) VALUES (126, "descricao","1986-11-28 08:38:54" ,155, 175);
INSERT INTO Intervencao( EventoID, Descricao) VALUES (126,"descricao");
INSERT INTO EnfermeiroInterv( EnfermeiroID, IntervID) VALUES (322,126);
INSERT INTO Evento(EventoID,Descricao, Data, Admissao, Quarto) VALUES (127, "descricao","1973-02-14 20:51:41" ,82, 138);
INSERT INTO Intervencao( EventoID, Descricao) VALUES (127,"descricao");
INSERT INTO EnfermeiroInterv( EnfermeiroID, IntervID) VALUES (358,127);
INSERT INTO Evento(EventoID,Descricao, Data, Admissao, Quarto) VALUES (128, "descricao","2011-11-21 07:02:54" ,93, 226);
INSERT INTO Intervencao( EventoID, Descricao) VALUES (128,"descricao");
INSERT INTO EnfermeiroInterv( EnfermeiroID, IntervID) VALUES (332,128);
INSERT INTO Evento(EventoID,Descricao, Data, Admissao, Quarto) VALUES (129, "descricao","2010-10-03 19:28:56" ,95, 178);
INSERT INTO Intervencao( EventoID, Descricao) VALUES (129,"descricao");
INSERT INTO EnfermeiroInterv( EnfermeiroID, IntervID) VALUES (351,129);
INSERT INTO Evento(EventoID,Descricao, Data, Admissao, Quarto) VALUES (130, "descricao","2003-12-20 04:55:11" ,39, 221);
INSERT INTO Intervencao( EventoID, Descricao) VALUES (130,"descricao");
INSERT INTO EnfermeiroInterv( EnfermeiroID, IntervID) VALUES (356,130);
INSERT INTO Evento(EventoID,Descricao, Data, Admissao, Quarto) VALUES (131, "descricao","1994-01-15 21:51:37" ,54, 191);
INSERT INTO Intervencao( EventoID, Descricao) VALUES (131,"descricao");
INSERT INTO EnfermeiroInterv( EnfermeiroID, IntervID) VALUES (302,131);
INSERT INTO Evento(EventoID,Descricao, Data, Admissao, Quarto) VALUES (132, "descricao","1992-08-09 02:42:06" ,81, 155);
INSERT INTO Intervencao( EventoID, Descricao) VALUES (132,"descricao");
INSERT INTO EnfermeiroInterv( EnfermeiroID, IntervID) VALUES (363,132);
INSERT INTO Evento(EventoID,Descricao, Data, Admissao, Quarto) VALUES (133, "descricao","1973-03-07 22:53:52" ,2, 180);
INSERT INTO Intervencao( EventoID, Descricao) VALUES (133,"descricao");
INSERT INTO EnfermeiroInterv( EnfermeiroID, IntervID) VALUES (334,133);
INSERT INTO Evento(EventoID,Descricao, Data, Admissao, Quarto) VALUES (134, "descricao","1987-08-04 14:51:21" ,110, 179);
INSERT INTO Intervencao( EventoID, Descricao) VALUES (134,"descricao");
INSERT INTO EnfermeiroInterv( EnfermeiroID, IntervID) VALUES (365,134);
INSERT INTO Evento(EventoID,Descricao, Data, Admissao, Quarto) VALUES (135, "descricao","2018-02-21 19:25:46" ,110, 248);
INSERT INTO Intervencao( EventoID, Descricao) VALUES (135,"descricao");
INSERT INTO EnfermeiroInterv( EnfermeiroID, IntervID) VALUES (335,135);
INSERT INTO Evento(EventoID,Descricao, Data, Admissao, Quarto) VALUES (136, "descricao","1982-04-19 08:17:25" ,182, 121);
INSERT INTO Intervencao( EventoID, Descricao) VALUES (136,"descricao");
INSERT INTO EnfermeiroInterv( EnfermeiroID, IntervID) VALUES (311,136);
INSERT INTO Evento(EventoID,Descricao, Data, Admissao, Quarto) VALUES (137, "descricao","2002-08-18 04:30:18" ,76, 162);
INSERT INTO Intervencao( EventoID, Descricao) VALUES (137,"descricao");
INSERT INTO EnfermeiroInterv( EnfermeiroID, IntervID) VALUES (341,137);
INSERT INTO Evento(EventoID,Descricao, Data, Admissao, Quarto) VALUES (138, "descricao","1990-08-07 22:44:31" ,64, 105);
INSERT INTO Intervencao( EventoID, Descricao) VALUES (138,"descricao");
INSERT INTO EnfermeiroInterv( EnfermeiroID, IntervID) VALUES (346,138);
INSERT INTO Evento(EventoID,Descricao, Data, Admissao, Quarto) VALUES (139, "descricao","2014-09-06 20:40:00" ,79, 238);
INSERT INTO Intervencao( EventoID, Descricao) VALUES (139,"descricao");
INSERT INTO EnfermeiroInterv( EnfermeiroID, IntervID) VALUES (339,139);
INSERT INTO Evento(EventoID,Descricao, Data, Admissao, Quarto) VALUES (140, "descricao","1980-08-06 18:53:06" ,167, 232);
INSERT INTO Intervencao( EventoID, Descricao) VALUES (140,"descricao");
INSERT INTO EnfermeiroInterv( EnfermeiroID, IntervID) VALUES (355,140);
INSERT INTO Evento(EventoID,Descricao, Data, Admissao, Quarto) VALUES (141, "descricao","2006-03-07 17:04:13" ,149, 186);
INSERT INTO Intervencao( EventoID, Descricao) VALUES (141,"descricao");
INSERT INTO EnfermeiroInterv( EnfermeiroID, IntervID) VALUES (327,141);
INSERT INTO Evento(EventoID,Descricao, Data, Admissao, Quarto) VALUES (142, "descricao","1977-06-27 10:31:54" ,91, 116);
INSERT INTO Intervencao( EventoID, Descricao) VALUES (142,"descricao");
INSERT INTO EnfermeiroInterv( EnfermeiroID, IntervID) VALUES (304,142);
INSERT INTO Evento(EventoID,Descricao, Data, Admissao, Quarto) VALUES (143, "descricao","1979-07-29 21:46:58" ,22, 110);
INSERT INTO Intervencao( EventoID, Descricao) VALUES (143,"descricao");
INSERT INTO EnfermeiroInterv( EnfermeiroID, IntervID) VALUES (330,143);
INSERT INTO Evento(EventoID,Descricao, Data, Admissao, Quarto) VALUES (144, "descricao","1980-01-17 04:22:58" ,52, 210);
INSERT INTO Intervencao( EventoID, Descricao) VALUES (144,"descricao");
INSERT INTO EnfermeiroInterv( EnfermeiroID, IntervID) VALUES (359,144);
INSERT INTO Evento(EventoID,Descricao, Data, Admissao, Quarto) VALUES (145, "descricao","1996-11-07 10:32:51" ,45, 210);
INSERT INTO Intervencao( EventoID, Descricao) VALUES (145,"descricao");
INSERT INTO EnfermeiroInterv( EnfermeiroID, IntervID) VALUES (350,145);
INSERT INTO Evento(EventoID,Descricao, Data, Admissao, Quarto) VALUES (146, "descricao","2003-11-28 19:01:59" ,102, 223);
INSERT INTO Intervencao( EventoID, Descricao) VALUES (146,"descricao");
INSERT INTO EnfermeiroInterv( EnfermeiroID, IntervID) VALUES (339,146);
INSERT INTO Evento(EventoID,Descricao, Data, Admissao, Quarto) VALUES (147, "descricao","2011-09-11 20:58:23" ,142, 208);
INSERT INTO Intervencao( EventoID, Descricao) VALUES (147,"descricao");
INSERT INTO EnfermeiroInterv( EnfermeiroID, IntervID) VALUES (333,147);
INSERT INTO Evento(EventoID,Descricao, Data, Admissao, Quarto) VALUES (148, "descricao","2015-11-07 13:15:59" ,18, 160);
INSERT INTO Intervencao( EventoID, Descricao) VALUES (148,"descricao");
INSERT INTO EnfermeiroInterv( EnfermeiroID, IntervID) VALUES (302,148);
INSERT INTO Evento(EventoID,Descricao, Data, Admissao, Quarto) VALUES (149, "descricao","1979-01-26 05:19:49" ,5, 205);
INSERT INTO Intervencao( EventoID, Descricao) VALUES (149,"descricao");
INSERT INTO EnfermeiroInterv( EnfermeiroID, IntervID) VALUES (314,149);
INSERT INTO Evento(EventoID,Descricao, Data, Admissao, Quarto) VALUES (150, "descricao","1995-12-18 22:20:33" ,150, 138);
INSERT INTO Intervencao( EventoID, Descricao) VALUES (150,"descricao");
INSERT INTO EnfermeiroInterv( EnfermeiroID, IntervID) VALUES (342,150);
INSERT INTO Evento(EventoID,Descricao, Data, Admissao, Quarto) VALUES (151, "descricao","1988-03-04 09:22:34" ,65, 206);
INSERT INTO Intervencao( EventoID, Descricao) VALUES (151,"descricao");
INSERT INTO EnfermeiroInterv( EnfermeiroID, IntervID) VALUES (365,151);
INSERT INTO Evento(EventoID,Descricao, Data, Admissao, Quarto) VALUES (152, "descricao","1974-07-30 03:38:58" ,132, 175);
INSERT INTO Intervencao( EventoID, Descricao) VALUES (152,"descricao");
INSERT INTO EnfermeiroInterv( EnfermeiroID, IntervID) VALUES (307,152);
INSERT INTO Evento(EventoID,Descricao, Data, Admissao, Quarto) VALUES (153, "descricao","1994-02-09 18:20:09" ,39, 156);
INSERT INTO Intervencao( EventoID, Descricao) VALUES (153,"descricao");
INSERT INTO EnfermeiroInterv( EnfermeiroID, IntervID) VALUES (302,153);
INSERT INTO Evento(EventoID,Descricao, Data, Admissao, Quarto) VALUES (154, "descricao","1997-08-12 18:55:41" ,134, 113);
INSERT INTO Intervencao( EventoID, Descricao) VALUES (154,"descricao");
INSERT INTO EnfermeiroInterv( EnfermeiroID, IntervID) VALUES (337,154);
INSERT INTO Evento(EventoID,Descricao, Data, Admissao, Quarto) VALUES (155, "descricao","1986-10-22 23:48:13" ,78, 116);
INSERT INTO Intervencao( EventoID, Descricao) VALUES (155,"descricao");
INSERT INTO EnfermeiroInterv( EnfermeiroID, IntervID) VALUES (346,155);
INSERT INTO Evento(EventoID,Descricao, Data, Admissao, Quarto) VALUES (156, "descricao","2002-09-07 03:48:22" ,39, 212);
INSERT INTO Intervencao( EventoID, Descricao) VALUES (156,"descricao");
INSERT INTO EnfermeiroInterv( EnfermeiroID, IntervID) VALUES (342,156);
INSERT INTO Evento(EventoID,Descricao, Data, Admissao, Quarto) VALUES (157, "descricao","2001-12-09 16:47:35" ,16, 195);
INSERT INTO Intervencao( EventoID, Descricao) VALUES (157,"descricao");
INSERT INTO EnfermeiroInterv( EnfermeiroID, IntervID) VALUES (314,157);
INSERT INTO Evento(EventoID,Descricao, Data, Admissao, Quarto) VALUES (158, "descricao","1998-03-09 16:29:56" ,115, 240);
INSERT INTO Intervencao( EventoID, Descricao) VALUES (158,"descricao");
INSERT INTO EnfermeiroInterv( EnfermeiroID, IntervID) VALUES (320,158);
INSERT INTO Evento(EventoID,Descricao, Data, Admissao, Quarto) VALUES (159, "descricao","1994-04-28 09:24:31" ,173, 153);
INSERT INTO Intervencao( EventoID, Descricao) VALUES (159,"descricao");
INSERT INTO EnfermeiroInterv( EnfermeiroID, IntervID) VALUES (309,159);
INSERT INTO Evento(EventoID,Descricao, Data, Admissao, Quarto) VALUES (160, "descricao","2010-08-22 22:34:55" ,64, 230);
INSERT INTO Intervencao( EventoID, Descricao) VALUES (160,"descricao");
INSERT INTO EnfermeiroInterv( EnfermeiroID, IntervID) VALUES (339,160);
INSERT INTO Evento(EventoID,Descricao, Data, Admissao, Quarto) VALUES (161, "descricao","2003-01-21 16:13:58" ,26, 116);
INSERT INTO Intervencao( EventoID, Descricao) VALUES (161,"descricao");
INSERT INTO EnfermeiroInterv( EnfermeiroID, IntervID) VALUES (330,161);
INSERT INTO Evento(EventoID,Descricao, Data, Admissao, Quarto) VALUES (162, "descricao","2003-03-17 22:42:50" ,23, 176);
INSERT INTO Intervencao( EventoID, Descricao) VALUES (162,"descricao");
INSERT INTO EnfermeiroInterv( EnfermeiroID, IntervID) VALUES (336,162);
INSERT INTO Evento(EventoID,Descricao, Data, Admissao, Quarto) VALUES (163, "descricao","2000-08-30 17:44:05" ,20, 170);
INSERT INTO Intervencao( EventoID, Descricao) VALUES (163,"descricao");
INSERT INTO EnfermeiroInterv( EnfermeiroID, IntervID) VALUES (314,163);
INSERT INTO Evento(EventoID,Descricao, Data, Admissao, Quarto) VALUES (164, "descricao","1997-01-10 22:01:27" ,149, 164);
INSERT INTO Intervencao( EventoID, Descricao) VALUES (164,"descricao");
INSERT INTO EnfermeiroInterv( EnfermeiroID, IntervID) VALUES (350,164);
INSERT INTO Evento(EventoID,Descricao, Data, Admissao, Quarto) VALUES (165, "descricao","2011-02-12 19:43:43" ,109, 245);
INSERT INTO Intervencao( EventoID, Descricao) VALUES (165,"descricao");
INSERT INTO EnfermeiroInterv( EnfermeiroID, IntervID) VALUES (361,165);
INSERT INTO Evento(EventoID,Descricao, Data, Admissao, Quarto) VALUES (166, "descricao","1981-12-01 22:51:17" ,150, 199);
INSERT INTO Intervencao( EventoID, Descricao) VALUES (166,"descricao");
INSERT INTO EnfermeiroInterv( EnfermeiroID, IntervID) VALUES (344,166);
INSERT INTO Evento(EventoID,Descricao, Data, Admissao, Quarto) VALUES (167, "descricao","1975-10-28 14:24:42" ,20, 210);
INSERT INTO Intervencao( EventoID, Descricao) VALUES (167,"descricao");
INSERT INTO EnfermeiroInterv( EnfermeiroID, IntervID) VALUES (322,167);
INSERT INTO Evento(EventoID,Descricao, Data, Admissao, Quarto) VALUES (168, "descricao","2015-04-15 19:01:48" ,70, 141);
INSERT INTO Intervencao( EventoID, Descricao) VALUES (168,"descricao");
INSERT INTO EnfermeiroInterv( EnfermeiroID, IntervID) VALUES (336,168);
INSERT INTO Evento(EventoID,Descricao, Data, Admissao, Quarto) VALUES (169, "descricao","1996-11-08 05:22:13" ,176, 231);
INSERT INTO Intervencao( EventoID, Descricao) VALUES (169,"descricao");
INSERT INTO EnfermeiroInterv( EnfermeiroID, IntervID) VALUES (347,169);
INSERT INTO Evento(EventoID,Descricao, Data, Admissao, Quarto) VALUES (170, "descricao","2019-04-13 00:58:26" ,5, 192);
INSERT INTO Intervencao( EventoID, Descricao) VALUES (170,"descricao");
INSERT INTO EnfermeiroInterv( EnfermeiroID, IntervID) VALUES (362,170);
INSERT INTO Evento(EventoID,Descricao, Data, Admissao, Quarto) VALUES (171, "descricao","2004-06-26 03:23:28" ,118, 109);
INSERT INTO Intervencao( EventoID, Descricao) VALUES (171,"descricao");
INSERT INTO EnfermeiroInterv( EnfermeiroID, IntervID) VALUES (350,171);
INSERT INTO Evento(EventoID,Descricao, Data, Admissao, Quarto) VALUES (172, "descricao","2014-01-26 14:38:34" ,56, 136);
INSERT INTO Intervencao( EventoID, Descricao) VALUES (172,"descricao");
INSERT INTO EnfermeiroInterv( EnfermeiroID, IntervID) VALUES (347,172);
INSERT INTO Evento(EventoID,Descricao, Data, Admissao, Quarto) VALUES (173, "descricao","2011-08-10 21:39:35" ,2, 118);
INSERT INTO Intervencao( EventoID, Descricao) VALUES (173,"descricao");
INSERT INTO EnfermeiroInterv( EnfermeiroID, IntervID) VALUES (355,173);
INSERT INTO Evento(EventoID,Descricao, Data, Admissao, Quarto) VALUES (174, "descricao","2007-06-26 22:05:31" ,66, 219);
INSERT INTO Intervencao( EventoID, Descricao) VALUES (174,"descricao");
INSERT INTO EnfermeiroInterv( EnfermeiroID, IntervID) VALUES (362,174);
INSERT INTO Evento(EventoID,Descricao, Data, Admissao, Quarto) VALUES (175, "descricao","2010-10-12 23:44:02" ,144, 178);
INSERT INTO Intervencao( EventoID, Descricao) VALUES (175,"descricao");
INSERT INTO EnfermeiroInterv( EnfermeiroID, IntervID) VALUES (355,175);
INSERT INTO Evento(EventoID,Descricao, Data, Admissao, Quarto) VALUES (176, "descricao","1985-06-18 10:41:01" ,128, 172);
INSERT INTO Intervencao( EventoID, Descricao) VALUES (176,"descricao");
INSERT INTO EnfermeiroInterv( EnfermeiroID, IntervID) VALUES (320,176);
INSERT INTO Evento(EventoID,Descricao, Data, Admissao, Quarto) VALUES (177, "descricao","1981-09-22 06:52:13" ,66, 130);
INSERT INTO Intervencao( EventoID, Descricao) VALUES (177,"descricao");
INSERT INTO EnfermeiroInterv( EnfermeiroID, IntervID) VALUES (331,177);
INSERT INTO Evento(EventoID,Descricao, Data, Admissao, Quarto) VALUES (178, "descricao","1972-02-19 01:36:40" ,170, 112);
INSERT INTO Intervencao( EventoID, Descricao) VALUES (178,"descricao");
INSERT INTO EnfermeiroInterv( EnfermeiroID, IntervID) VALUES (350,178);
INSERT INTO Evento(EventoID,Descricao, Data, Admissao, Quarto) VALUES (179, "descricao","2014-07-28 12:19:09" ,144, 142);
INSERT INTO Intervencao( EventoID, Descricao) VALUES (179,"descricao");
INSERT INTO EnfermeiroInterv( EnfermeiroID, IntervID) VALUES (307,179);
INSERT INTO Evento(EventoID,Descricao, Data, Admissao, Quarto) VALUES (180, "descricao","1983-05-06 04:15:29" ,109, 179);
INSERT INTO Intervencao( EventoID, Descricao) VALUES (180,"descricao");
INSERT INTO EnfermeiroInterv( EnfermeiroID, IntervID) VALUES (349,180);
INSERT INTO Evento(EventoID,Descricao, Data, Admissao, Quarto) VALUES (181, "descricao","2009-07-06 04:45:37" ,195, 109);
INSERT INTO Intervencao( EventoID, Descricao) VALUES (181,"descricao");
INSERT INTO EnfermeiroInterv( EnfermeiroID, IntervID) VALUES (318,181);
INSERT INTO Evento(EventoID,Descricao, Data, Admissao, Quarto) VALUES (182, "descricao","1982-07-10 11:36:24" ,11, 223);
INSERT INTO Intervencao( EventoID, Descricao) VALUES (182,"descricao");
INSERT INTO EnfermeiroInterv( EnfermeiroID, IntervID) VALUES (348,182);
INSERT INTO Evento(EventoID,Descricao, Data, Admissao, Quarto) VALUES (183, "descricao","2019-11-01 04:00:58" ,20, 230);
INSERT INTO Intervencao( EventoID, Descricao) VALUES (183,"descricao");
INSERT INTO EnfermeiroInterv( EnfermeiroID, IntervID) VALUES (343,183);
INSERT INTO Evento(EventoID,Descricao, Data, Admissao, Quarto) VALUES (184, "descricao","2010-12-30 23:40:57" ,71, 225);
INSERT INTO Intervencao( EventoID, Descricao) VALUES (184,"descricao");
INSERT INTO EnfermeiroInterv( EnfermeiroID, IntervID) VALUES (325,184);
INSERT INTO Evento(EventoID,Descricao, Data, Admissao, Quarto) VALUES (185, "descricao","1987-09-06 19:22:02" ,173, 162);
INSERT INTO Intervencao( EventoID, Descricao) VALUES (185,"descricao");
INSERT INTO EnfermeiroInterv( EnfermeiroID, IntervID) VALUES (335,185);
INSERT INTO Evento(EventoID,Descricao, Data, Admissao, Quarto) VALUES (186, "descricao","2000-08-04 03:14:16" ,169, 202);
INSERT INTO Intervencao( EventoID, Descricao) VALUES (186,"descricao");
INSERT INTO EnfermeiroInterv( EnfermeiroID, IntervID) VALUES (333,186);
INSERT INTO Evento(EventoID,Descricao, Data, Admissao, Quarto) VALUES (187, "descricao","2019-11-18 18:59:20" ,36, 113);
INSERT INTO Intervencao( EventoID, Descricao) VALUES (187,"descricao");
INSERT INTO EnfermeiroInterv( EnfermeiroID, IntervID) VALUES (361,187);
INSERT INTO Evento(EventoID,Descricao, Data, Admissao, Quarto) VALUES (188, "descricao","1987-02-02 20:36:36" ,57, 106);
INSERT INTO Intervencao( EventoID, Descricao) VALUES (188,"descricao");
INSERT INTO EnfermeiroInterv( EnfermeiroID, IntervID) VALUES (364,188);
INSERT INTO Evento(EventoID,Descricao, Data, Admissao, Quarto) VALUES (189, "descricao","1989-07-31 05:09:29" ,145, 197);
INSERT INTO Intervencao( EventoID, Descricao) VALUES (189,"descricao");
INSERT INTO EnfermeiroInterv( EnfermeiroID, IntervID) VALUES (336,189);
INSERT INTO Evento(EventoID,Descricao, Data, Admissao, Quarto) VALUES (190, "descricao","2015-03-08 04:54:27" ,70, 138);
INSERT INTO Intervencao( EventoID, Descricao) VALUES (190,"descricao");
INSERT INTO EnfermeiroInterv( EnfermeiroID, IntervID) VALUES (337,190);
INSERT INTO Evento(EventoID,Descricao, Data, Admissao, Quarto) VALUES (191, "descricao","2016-02-19 05:15:31" ,22, 124);
INSERT INTO Intervencao( EventoID, Descricao) VALUES (191,"descricao");
INSERT INTO EnfermeiroInterv( EnfermeiroID, IntervID) VALUES (321,191);
INSERT INTO Evento(EventoID,Descricao, Data, Admissao, Quarto) VALUES (192, "descricao","2012-10-13 03:14:17" ,65, 241);
INSERT INTO Intervencao( EventoID, Descricao) VALUES (192,"descricao");
INSERT INTO EnfermeiroInterv( EnfermeiroID, IntervID) VALUES (344,192);
INSERT INTO Evento(EventoID,Descricao, Data, Admissao, Quarto) VALUES (193, "descricao","1980-05-03 03:34:49" ,90, 228);
INSERT INTO Intervencao( EventoID, Descricao) VALUES (193,"descricao");
INSERT INTO EnfermeiroInterv( EnfermeiroID, IntervID) VALUES (345,193);
INSERT INTO Evento(EventoID,Descricao, Data, Admissao, Quarto) VALUES (194, "descricao","1973-11-09 10:25:11" ,92, 231);
INSERT INTO Intervencao( EventoID, Descricao) VALUES (194,"descricao");
INSERT INTO EnfermeiroInterv( EnfermeiroID, IntervID) VALUES (362,194);
INSERT INTO Evento(EventoID,Descricao, Data, Admissao, Quarto) VALUES (195, "descricao","2005-12-16 00:03:27" ,115, 100);
INSERT INTO Intervencao( EventoID, Descricao) VALUES (195,"descricao");
INSERT INTO EnfermeiroInterv( EnfermeiroID, IntervID) VALUES (335,195);
INSERT INTO Evento(EventoID,Descricao, Data, Admissao, Quarto) VALUES (196, "descricao","1984-04-05 02:16:18" ,112, 211);
INSERT INTO Intervencao( EventoID, Descricao) VALUES (196,"descricao");
INSERT INTO EnfermeiroInterv( EnfermeiroID, IntervID) VALUES (334,196);
INSERT INTO Evento(EventoID,Descricao, Data, Admissao, Quarto) VALUES (197, "descricao","1987-08-22 00:01:13" ,17, 105);
INSERT INTO Intervencao( EventoID, Descricao) VALUES (197,"descricao");
INSERT INTO EnfermeiroInterv( EnfermeiroID, IntervID) VALUES (309,197);
INSERT INTO Evento(EventoID,Descricao, Data, Admissao, Quarto) VALUES (198, "descricao","2003-12-27 09:19:27" ,127, 153);
INSERT INTO Intervencao( EventoID, Descricao) VALUES (198,"descricao");
INSERT INTO EnfermeiroInterv( EnfermeiroID, IntervID) VALUES (330,198);
INSERT INTO Evento(EventoID,Descricao, Data, Admissao, Quarto) VALUES (199, "descricao","1996-09-01 04:40:30" ,67, 243);
INSERT INTO Intervencao( EventoID, Descricao) VALUES (199,"descricao");
INSERT INTO EnfermeiroInterv( EnfermeiroID, IntervID) VALUES (340,199);

-- Tecnician Intervention
INSERT INTO Evento(EventoID,Descricao, Data, Admissao, Quarto) VALUES (200, "descricao","2014-04-16 20:41:07" ,108, 223);
INSERT INTO Intervencao( EventoID, Descricao) VALUES (200,"descricao");
INSERT INTO TecnicoInterv( TecnicoID, IntervID) VALUES (381,200);
INSERT INTO Evento(EventoID,Descricao, Data, Admissao, Quarto) VALUES (201, "descricao","1988-05-29 04:12:45" ,2, 109);
INSERT INTO Intervencao( EventoID, Descricao) VALUES (201,"descricao");
INSERT INTO TecnicoInterv( TecnicoID, IntervID) VALUES (367,201);
INSERT INTO Evento(EventoID,Descricao, Data, Admissao, Quarto) VALUES (202, "descricao","1986-03-08 21:35:04" ,17, 144);
INSERT INTO Intervencao( EventoID, Descricao) VALUES (202,"descricao");
INSERT INTO TecnicoInterv( TecnicoID, IntervID) VALUES (371,202);
INSERT INTO Evento(EventoID,Descricao, Data, Admissao, Quarto) VALUES (203, "descricao","2000-06-27 05:56:22" ,134, 176);
INSERT INTO Intervencao( EventoID, Descricao) VALUES (203,"descricao");
INSERT INTO TecnicoInterv( TecnicoID, IntervID) VALUES (382,203);
INSERT INTO Evento(EventoID,Descricao, Data, Admissao, Quarto) VALUES (204, "descricao","1974-04-25 10:11:42" ,69, 215);
INSERT INTO Intervencao( EventoID, Descricao) VALUES (204,"descricao");
INSERT INTO TecnicoInterv( TecnicoID, IntervID) VALUES (379,204);
INSERT INTO Evento(EventoID,Descricao, Data, Admissao, Quarto) VALUES (205, "descricao","2001-05-09 05:59:46" ,7, 118);
INSERT INTO Intervencao( EventoID, Descricao) VALUES (205,"descricao");
INSERT INTO TecnicoInterv( TecnicoID, IntervID) VALUES (369,205);
INSERT INTO Evento(EventoID,Descricao, Data, Admissao, Quarto) VALUES (206, "descricao","1983-02-24 09:26:38" ,166, 212);
INSERT INTO Intervencao( EventoID, Descricao) VALUES (206,"descricao");
INSERT INTO TecnicoInterv( TecnicoID, IntervID) VALUES (367,206);
INSERT INTO Evento(EventoID,Descricao, Data, Admissao, Quarto) VALUES (207, "descricao","2017-10-03 12:36:05" ,68, 232);
INSERT INTO Intervencao( EventoID, Descricao) VALUES (207,"descricao");
INSERT INTO TecnicoInterv( TecnicoID, IntervID) VALUES (370,207);
INSERT INTO Evento(EventoID,Descricao, Data, Admissao, Quarto) VALUES (208, "descricao","1978-01-05 09:44:31" ,24, 141);
INSERT INTO Intervencao( EventoID, Descricao) VALUES (208,"descricao");
INSERT INTO TecnicoInterv( TecnicoID, IntervID) VALUES (382,208);
INSERT INTO Evento(EventoID,Descricao, Data, Admissao, Quarto) VALUES (209, "descricao","2014-12-03 06:24:46" ,118, 190);
INSERT INTO Intervencao( EventoID, Descricao) VALUES (209,"descricao");
INSERT INTO TecnicoInterv( TecnicoID, IntervID) VALUES (376,209);
INSERT INTO Evento(EventoID,Descricao, Data, Admissao, Quarto) VALUES (210, "descricao","1989-02-06 01:05:52" ,87, 209);
INSERT INTO Intervencao( EventoID, Descricao) VALUES (210,"descricao");
INSERT INTO TecnicoInterv( TecnicoID, IntervID) VALUES (377,210);
INSERT INTO Evento(EventoID,Descricao, Data, Admissao, Quarto) VALUES (211, "descricao","2017-07-17 22:54:52" ,63, 213);
INSERT INTO Intervencao( EventoID, Descricao) VALUES (211,"descricao");
INSERT INTO TecnicoInterv( TecnicoID, IntervID) VALUES (382,211);
INSERT INTO Evento(EventoID,Descricao, Data, Admissao, Quarto) VALUES (212, "descricao","2015-02-11 09:41:33" ,46, 218);
INSERT INTO Intervencao( EventoID, Descricao) VALUES (212,"descricao");
INSERT INTO TecnicoInterv( TecnicoID, IntervID) VALUES (380,212);
INSERT INTO Evento(EventoID,Descricao, Data, Admissao, Quarto) VALUES (213, "descricao","1973-06-28 04:48:35" ,48, 138);
INSERT INTO Intervencao( EventoID, Descricao) VALUES (213,"descricao");
INSERT INTO TecnicoInterv( TecnicoID, IntervID) VALUES (370,213);
INSERT INTO Evento(EventoID,Descricao, Data, Admissao, Quarto) VALUES (214, "descricao","1981-10-11 11:31:05" ,128, 192);
INSERT INTO Intervencao( EventoID, Descricao) VALUES (214,"descricao");
INSERT INTO TecnicoInterv( TecnicoID, IntervID) VALUES (378,214);
INSERT INTO Evento(EventoID,Descricao, Data, Admissao, Quarto) VALUES (215, "descricao","2009-06-20 12:14:12" ,49, 225);
INSERT INTO Intervencao( EventoID, Descricao) VALUES (215,"descricao");
INSERT INTO TecnicoInterv( TecnicoID, IntervID) VALUES (367,215);
INSERT INTO Evento(EventoID,Descricao, Data, Admissao, Quarto) VALUES (216, "descricao","2014-01-03 05:54:54" ,150, 141);
INSERT INTO Intervencao( EventoID, Descricao) VALUES (216,"descricao");
INSERT INTO TecnicoInterv( TecnicoID, IntervID) VALUES (382,216);
INSERT INTO Evento(EventoID,Descricao, Data, Admissao, Quarto) VALUES (217, "descricao","1984-02-04 14:01:52" ,198, 161);
INSERT INTO Intervencao( EventoID, Descricao) VALUES (217,"descricao");
INSERT INTO TecnicoInterv( TecnicoID, IntervID) VALUES (367,217);
INSERT INTO Evento(EventoID,Descricao, Data, Admissao, Quarto) VALUES (218, "descricao","2017-01-28 13:21:41" ,54, 189);
INSERT INTO Intervencao( EventoID, Descricao) VALUES (218,"descricao");
INSERT INTO TecnicoInterv( TecnicoID, IntervID) VALUES (376,218);
INSERT INTO Evento(EventoID,Descricao, Data, Admissao, Quarto) VALUES (219, "descricao","2009-08-02 11:46:33" ,176, 125);
INSERT INTO Intervencao( EventoID, Descricao) VALUES (219,"descricao");
INSERT INTO TecnicoInterv( TecnicoID, IntervID) VALUES (375,219);
INSERT INTO Evento(EventoID,Descricao, Data, Admissao, Quarto) VALUES (220, "descricao","2019-10-20 02:07:19" ,125, 237);
INSERT INTO Intervencao( EventoID, Descricao) VALUES (220,"descricao");
INSERT INTO TecnicoInterv( TecnicoID, IntervID) VALUES (369,220);
INSERT INTO Evento(EventoID,Descricao, Data, Admissao, Quarto) VALUES (221, "descricao","2016-09-20 20:55:53" ,127, 210);
INSERT INTO Intervencao( EventoID, Descricao) VALUES (221,"descricao");
INSERT INTO TecnicoInterv( TecnicoID, IntervID) VALUES (374,221);
INSERT INTO Evento(EventoID,Descricao, Data, Admissao, Quarto) VALUES (222, "descricao","1982-12-18 02:09:49" ,131, 161);
INSERT INTO Intervencao( EventoID, Descricao) VALUES (222,"descricao");
INSERT INTO TecnicoInterv( TecnicoID, IntervID) VALUES (377,222);
INSERT INTO Evento(EventoID,Descricao, Data, Admissao, Quarto) VALUES (223, "descricao","2000-11-18 16:21:10" ,194, 140);
INSERT INTO Intervencao( EventoID, Descricao) VALUES (223,"descricao");
INSERT INTO TecnicoInterv( TecnicoID, IntervID) VALUES (368,223);
INSERT INTO Evento(EventoID,Descricao, Data, Admissao, Quarto) VALUES (224, "descricao","2006-09-05 12:14:25" ,46, 115);
INSERT INTO Intervencao( EventoID, Descricao) VALUES (224,"descricao");
INSERT INTO TecnicoInterv( TecnicoID, IntervID) VALUES (370,224);
INSERT INTO Evento(EventoID,Descricao, Data, Admissao, Quarto) VALUES (225, "descricao","2005-11-15 17:29:53" ,172, 189);
INSERT INTO Intervencao( EventoID, Descricao) VALUES (225,"descricao");
INSERT INTO TecnicoInterv( TecnicoID, IntervID) VALUES (373,225);
INSERT INTO Evento(EventoID,Descricao, Data, Admissao, Quarto) VALUES (226, "descricao","1984-12-17 06:43:22" ,33, 219);
INSERT INTO Intervencao( EventoID, Descricao) VALUES (226,"descricao");
INSERT INTO TecnicoInterv( TecnicoID, IntervID) VALUES (378,226);
INSERT INTO Evento(EventoID,Descricao, Data, Admissao, Quarto) VALUES (227, "descricao","1993-01-07 21:22:41" ,67, 139);
INSERT INTO Intervencao( EventoID, Descricao) VALUES (227,"descricao");
INSERT INTO TecnicoInterv( TecnicoID, IntervID) VALUES (373,227);
INSERT INTO Evento(EventoID,Descricao, Data, Admissao, Quarto) VALUES (228, "descricao","1979-10-17 21:22:45" ,129, 196);
INSERT INTO Intervencao( EventoID, Descricao) VALUES (228,"descricao");
INSERT INTO TecnicoInterv( TecnicoID, IntervID) VALUES (376,228);
INSERT INTO Evento(EventoID,Descricao, Data, Admissao, Quarto) VALUES (229, "descricao","1991-09-16 05:16:09" ,22, 161);
INSERT INTO Intervencao( EventoID, Descricao) VALUES (229,"descricao");
INSERT INTO TecnicoInterv( TecnicoID, IntervID) VALUES (381,229);
INSERT INTO Evento(EventoID,Descricao, Data, Admissao, Quarto) VALUES (230, "descricao","1972-01-08 09:02:01" ,50, 132);
INSERT INTO Intervencao( EventoID, Descricao) VALUES (230,"descricao");
INSERT INTO TecnicoInterv( TecnicoID, IntervID) VALUES (370,230);
INSERT INTO Evento(EventoID,Descricao, Data, Admissao, Quarto) VALUES (231, "descricao","1979-03-05 02:56:53" ,133, 181);
INSERT INTO Intervencao( EventoID, Descricao) VALUES (231,"descricao");
INSERT INTO TecnicoInterv( TecnicoID, IntervID) VALUES (380,231);
INSERT INTO Evento(EventoID,Descricao, Data, Admissao, Quarto) VALUES (232, "descricao","1977-03-10 23:36:16" ,1, 218);
INSERT INTO Intervencao( EventoID, Descricao) VALUES (232,"descricao");
INSERT INTO TecnicoInterv( TecnicoID, IntervID) VALUES (368,232);
INSERT INTO Evento(EventoID,Descricao, Data, Admissao, Quarto) VALUES (233, "descricao","1973-02-19 21:56:55" ,167, 212);
INSERT INTO Intervencao( EventoID, Descricao) VALUES (233,"descricao");
INSERT INTO TecnicoInterv( TecnicoID, IntervID) VALUES (370,233);
INSERT INTO Evento(EventoID,Descricao, Data, Admissao, Quarto) VALUES (234, "descricao","1984-03-22 06:28:43" ,109, 224);
INSERT INTO Intervencao( EventoID, Descricao) VALUES (234,"descricao");
INSERT INTO TecnicoInterv( TecnicoID, IntervID) VALUES (379,234);
INSERT INTO Evento(EventoID,Descricao, Data, Admissao, Quarto) VALUES (235, "descricao","2019-11-10 04:08:42" ,27, 125);
INSERT INTO Intervencao( EventoID, Descricao) VALUES (235,"descricao");
INSERT INTO TecnicoInterv( TecnicoID, IntervID) VALUES (369,235);
INSERT INTO Evento(EventoID,Descricao, Data, Admissao, Quarto) VALUES (236, "descricao","2015-04-06 03:43:38" ,172, 130);
INSERT INTO Intervencao( EventoID, Descricao) VALUES (236,"descricao");
INSERT INTO TecnicoInterv( TecnicoID, IntervID) VALUES (370,236);
INSERT INTO Evento(EventoID,Descricao, Data, Admissao, Quarto) VALUES (237, "descricao","1972-01-02 18:09:31" ,16, 133);
INSERT INTO Intervencao( EventoID, Descricao) VALUES (237,"descricao");
INSERT INTO TecnicoInterv( TecnicoID, IntervID) VALUES (371,237);
INSERT INTO Evento(EventoID,Descricao, Data, Admissao, Quarto) VALUES (238, "descricao","1993-06-09 13:41:19" ,76, 120);
INSERT INTO Intervencao( EventoID, Descricao) VALUES (238,"descricao");
INSERT INTO TecnicoInterv( TecnicoID, IntervID) VALUES (375,238);
INSERT INTO Evento(EventoID,Descricao, Data, Admissao, Quarto) VALUES (239, "descricao","2004-03-07 23:18:58" ,123, 148);
INSERT INTO Intervencao( EventoID, Descricao) VALUES (239,"descricao");
INSERT INTO TecnicoInterv( TecnicoID, IntervID) VALUES (379,239);
INSERT INTO Evento(EventoID,Descricao, Data, Admissao, Quarto) VALUES (240, "descricao","1987-10-06 07:05:43" ,133, 174);
INSERT INTO Intervencao( EventoID, Descricao) VALUES (240,"descricao");
INSERT INTO TecnicoInterv( TecnicoID, IntervID) VALUES (379,240);
INSERT INTO Evento(EventoID,Descricao, Data, Admissao, Quarto) VALUES (241, "descricao","1982-09-03 03:34:09" ,5, 178);
INSERT INTO Intervencao( EventoID, Descricao) VALUES (241,"descricao");
INSERT INTO TecnicoInterv( TecnicoID, IntervID) VALUES (380,241);
INSERT INTO Evento(EventoID,Descricao, Data, Admissao, Quarto) VALUES (242, "descricao","2000-03-23 09:28:56" ,62, 105);
INSERT INTO Intervencao( EventoID, Descricao) VALUES (242,"descricao");
INSERT INTO TecnicoInterv( TecnicoID, IntervID) VALUES (381,242);
INSERT INTO Evento(EventoID,Descricao, Data, Admissao, Quarto) VALUES (243, "descricao","2012-01-02 17:36:44" ,197, 156);
INSERT INTO Intervencao( EventoID, Descricao) VALUES (243,"descricao");
INSERT INTO TecnicoInterv( TecnicoID, IntervID) VALUES (376,243);
INSERT INTO Evento(EventoID,Descricao, Data, Admissao, Quarto) VALUES (244, "descricao","2003-09-24 13:08:36" ,159, 223);
INSERT INTO Intervencao( EventoID, Descricao) VALUES (244,"descricao");
INSERT INTO TecnicoInterv( TecnicoID, IntervID) VALUES (368,244);
INSERT INTO Evento(EventoID,Descricao, Data, Admissao, Quarto) VALUES (245, "descricao","2000-05-05 16:08:00" ,154, 131);
INSERT INTO Intervencao( EventoID, Descricao) VALUES (245,"descricao");
INSERT INTO TecnicoInterv( TecnicoID, IntervID) VALUES (368,245);
INSERT INTO Evento(EventoID,Descricao, Data, Admissao, Quarto) VALUES (246, "descricao","2011-04-05 12:56:45" ,138, 112);
INSERT INTO Intervencao( EventoID, Descricao) VALUES (246,"descricao");
INSERT INTO TecnicoInterv( TecnicoID, IntervID) VALUES (370,246);
INSERT INTO Evento(EventoID,Descricao, Data, Admissao, Quarto) VALUES (247, "descricao","1986-05-16 06:16:21" ,133, 230);
INSERT INTO Intervencao( EventoID, Descricao) VALUES (247,"descricao");
INSERT INTO TecnicoInterv( TecnicoID, IntervID) VALUES (374,247);
INSERT INTO Evento(EventoID,Descricao, Data, Admissao, Quarto) VALUES (248, "descricao","1988-01-08 09:19:22" ,125, 168);
INSERT INTO Intervencao( EventoID, Descricao) VALUES (248,"descricao");
INSERT INTO TecnicoInterv( TecnicoID, IntervID) VALUES (379,248);
INSERT INTO Evento(EventoID,Descricao, Data, Admissao, Quarto) VALUES (249, "descricao","2014-05-26 09:15:08" ,154, 180);
INSERT INTO Intervencao( EventoID, Descricao) VALUES (249,"descricao");
INSERT INTO TecnicoInterv( TecnicoID, IntervID) VALUES (368,249);
INSERT INTO Evento(EventoID,Descricao, Data, Admissao, Quarto) VALUES (250, "descricao","1991-08-11 01:13:06" ,1, 233);
INSERT INTO Intervencao( EventoID, Descricao) VALUES (250,"descricao");
INSERT INTO TecnicoInterv( TecnicoID, IntervID) VALUES (379,250);
INSERT INTO Evento(EventoID,Descricao, Data, Admissao, Quarto) VALUES (251, "descricao","2005-12-18 16:41:05" ,173, 201);
INSERT INTO Intervencao( EventoID, Descricao) VALUES (251,"descricao");
INSERT INTO TecnicoInterv( TecnicoID, IntervID) VALUES (367,251);
INSERT INTO Evento(EventoID,Descricao, Data, Admissao, Quarto) VALUES (252, "descricao","2007-01-18 11:52:30" ,97, 126);
INSERT INTO Intervencao( EventoID, Descricao) VALUES (252,"descricao");
INSERT INTO TecnicoInterv( TecnicoID, IntervID) VALUES (382,252);
INSERT INTO Evento(EventoID,Descricao, Data, Admissao, Quarto) VALUES (253, "descricao","1976-10-12 04:37:06" ,76, 114);
INSERT INTO Intervencao( EventoID, Descricao) VALUES (253,"descricao");
INSERT INTO TecnicoInterv( TecnicoID, IntervID) VALUES (375,253);
INSERT INTO Evento(EventoID,Descricao, Data, Admissao, Quarto) VALUES (254, "descricao","2008-01-19 19:17:45" ,23, 100);
INSERT INTO Intervencao( EventoID, Descricao) VALUES (254,"descricao");
INSERT INTO TecnicoInterv( TecnicoID, IntervID) VALUES (374,254);
INSERT INTO Evento(EventoID,Descricao, Data, Admissao, Quarto) VALUES (255, "descricao","2004-11-22 00:54:58" ,21, 122);
INSERT INTO Intervencao( EventoID, Descricao) VALUES (255,"descricao");
INSERT INTO TecnicoInterv( TecnicoID, IntervID) VALUES (374,255);
INSERT INTO Evento(EventoID,Descricao, Data, Admissao, Quarto) VALUES (256, "descricao","2017-07-21 19:08:06" ,180, 220);
INSERT INTO Intervencao( EventoID, Descricao) VALUES (256,"descricao");
INSERT INTO TecnicoInterv( TecnicoID, IntervID) VALUES (368,256);
INSERT INTO Evento(EventoID,Descricao, Data, Admissao, Quarto) VALUES (257, "descricao","1984-05-08 18:24:23" ,85, 182);
INSERT INTO Intervencao( EventoID, Descricao) VALUES (257,"descricao");
INSERT INTO TecnicoInterv( TecnicoID, IntervID) VALUES (378,257);
INSERT INTO Evento(EventoID,Descricao, Data, Admissao, Quarto) VALUES (258, "descricao","1973-03-12 09:43:27" ,101, 205);
INSERT INTO Intervencao( EventoID, Descricao) VALUES (258,"descricao");
INSERT INTO TecnicoInterv( TecnicoID, IntervID) VALUES (380,258);
INSERT INTO Evento(EventoID,Descricao, Data, Admissao, Quarto) VALUES (259, "descricao","1970-05-01 06:53:37" ,197, 203);
INSERT INTO Intervencao( EventoID, Descricao) VALUES (259,"descricao");
INSERT INTO TecnicoInterv( TecnicoID, IntervID) VALUES (376,259);
INSERT INTO Evento(EventoID,Descricao, Data, Admissao, Quarto) VALUES (260, "descricao","2001-01-04 01:28:45" ,195, 245);
INSERT INTO Intervencao( EventoID, Descricao) VALUES (260,"descricao");
INSERT INTO TecnicoInterv( TecnicoID, IntervID) VALUES (372,260);
INSERT INTO Evento(EventoID,Descricao, Data, Admissao, Quarto) VALUES (261, "descricao","1987-03-25 13:11:49" ,60, 197);
INSERT INTO Intervencao( EventoID, Descricao) VALUES (261,"descricao");
INSERT INTO TecnicoInterv( TecnicoID, IntervID) VALUES (374,261);
INSERT INTO Evento(EventoID,Descricao, Data, Admissao, Quarto) VALUES (262, "descricao","1992-09-23 16:57:40" ,177, 218);
INSERT INTO Intervencao( EventoID, Descricao) VALUES (262,"descricao");
INSERT INTO TecnicoInterv( TecnicoID, IntervID) VALUES (373,262);
INSERT INTO Evento(EventoID,Descricao, Data, Admissao, Quarto) VALUES (263, "descricao","1980-02-18 05:37:16" ,173, 188);
INSERT INTO Intervencao( EventoID, Descricao) VALUES (263,"descricao");
INSERT INTO TecnicoInterv( TecnicoID, IntervID) VALUES (372,263);
INSERT INTO Evento(EventoID,Descricao, Data, Admissao, Quarto) VALUES (264, "descricao","1978-12-04 06:02:14" ,182, 121);
INSERT INTO Intervencao( EventoID, Descricao) VALUES (264,"descricao");
INSERT INTO TecnicoInterv( TecnicoID, IntervID) VALUES (379,264);
INSERT INTO Evento(EventoID,Descricao, Data, Admissao, Quarto) VALUES (265, "descricao","2010-01-02 07:37:14" ,28, 143);
INSERT INTO Intervencao( EventoID, Descricao) VALUES (265,"descricao");
INSERT INTO TecnicoInterv( TecnicoID, IntervID) VALUES (382,265);
INSERT INTO Evento(EventoID,Descricao, Data, Admissao, Quarto) VALUES (266, "descricao","2007-04-20 20:56:54" ,19, 146);
INSERT INTO Intervencao( EventoID, Descricao) VALUES (266,"descricao");
INSERT INTO TecnicoInterv( TecnicoID, IntervID) VALUES (369,266);
INSERT INTO Evento(EventoID,Descricao, Data, Admissao, Quarto) VALUES (267, "descricao","1974-02-13 22:49:33" ,49, 111);
INSERT INTO Intervencao( EventoID, Descricao) VALUES (267,"descricao");
INSERT INTO TecnicoInterv( TecnicoID, IntervID) VALUES (373,267);
INSERT INTO Evento(EventoID,Descricao, Data, Admissao, Quarto) VALUES (268, "descricao","2006-07-23 07:54:11" ,153, 167);
INSERT INTO Intervencao( EventoID, Descricao) VALUES (268,"descricao");
INSERT INTO TecnicoInterv( TecnicoID, IntervID) VALUES (382,268);
INSERT INTO Evento(EventoID,Descricao, Data, Admissao, Quarto) VALUES (269, "descricao","2003-03-02 20:54:02" ,88, 119);
INSERT INTO Intervencao( EventoID, Descricao) VALUES (269,"descricao");
INSERT INTO TecnicoInterv( TecnicoID, IntervID) VALUES (370,269);
INSERT INTO Evento(EventoID,Descricao, Data, Admissao, Quarto) VALUES (270, "descricao","2004-03-30 05:45:51" ,128, 215);
INSERT INTO Intervencao( EventoID, Descricao) VALUES (270,"descricao");
INSERT INTO TecnicoInterv( TecnicoID, IntervID) VALUES (378,270);
INSERT INTO Evento(EventoID,Descricao, Data, Admissao, Quarto) VALUES (271, "descricao","2007-07-03 02:38:08" ,161, 206);
INSERT INTO Intervencao( EventoID, Descricao) VALUES (271,"descricao");
INSERT INTO TecnicoInterv( TecnicoID, IntervID) VALUES (368,271);
INSERT INTO Evento(EventoID,Descricao, Data, Admissao, Quarto) VALUES (272, "descricao","1971-04-10 00:45:17" ,100, 198);
INSERT INTO Intervencao( EventoID, Descricao) VALUES (272,"descricao");
INSERT INTO TecnicoInterv( TecnicoID, IntervID) VALUES (380,272);
INSERT INTO Evento(EventoID,Descricao, Data, Admissao, Quarto) VALUES (273, "descricao","1984-07-27 09:05:32" ,199, 135);
INSERT INTO Intervencao( EventoID, Descricao) VALUES (273,"descricao");
INSERT INTO TecnicoInterv( TecnicoID, IntervID) VALUES (368,273);
INSERT INTO Evento(EventoID,Descricao, Data, Admissao, Quarto) VALUES (274, "descricao","1988-01-01 18:45:51" ,55, 112);
INSERT INTO Intervencao( EventoID, Descricao) VALUES (274,"descricao");
INSERT INTO TecnicoInterv( TecnicoID, IntervID) VALUES (377,274);
INSERT INTO Evento(EventoID,Descricao, Data, Admissao, Quarto) VALUES (275, "descricao","1997-08-28 23:08:25" ,27, 101);
INSERT INTO Intervencao( EventoID, Descricao) VALUES (275,"descricao");
INSERT INTO TecnicoInterv( TecnicoID, IntervID) VALUES (370,275);
INSERT INTO Evento(EventoID,Descricao, Data, Admissao, Quarto) VALUES (276, "descricao","1972-02-06 19:57:59" ,175, 205);
INSERT INTO Intervencao( EventoID, Descricao) VALUES (276,"descricao");
INSERT INTO TecnicoInterv( TecnicoID, IntervID) VALUES (377,276);
INSERT INTO Evento(EventoID,Descricao, Data, Admissao, Quarto) VALUES (277, "descricao","1980-05-14 04:42:42" ,199, 188);
INSERT INTO Intervencao( EventoID, Descricao) VALUES (277,"descricao");
INSERT INTO TecnicoInterv( TecnicoID, IntervID) VALUES (373,277);
INSERT INTO Evento(EventoID,Descricao, Data, Admissao, Quarto) VALUES (278, "descricao","1994-05-12 01:33:57" ,51, 211);
INSERT INTO Intervencao( EventoID, Descricao) VALUES (278,"descricao");
INSERT INTO TecnicoInterv( TecnicoID, IntervID) VALUES (381,278);
INSERT INTO Evento(EventoID,Descricao, Data, Admissao, Quarto) VALUES (279, "descricao","2001-08-07 16:48:06" ,92, 203);
INSERT INTO Intervencao( EventoID, Descricao) VALUES (279,"descricao");
INSERT INTO TecnicoInterv( TecnicoID, IntervID) VALUES (375,279);
INSERT INTO Evento(EventoID,Descricao, Data, Admissao, Quarto) VALUES (280, "descricao","1990-10-27 11:04:16" ,123, 125);
INSERT INTO Intervencao( EventoID, Descricao) VALUES (280,"descricao");
INSERT INTO TecnicoInterv( TecnicoID, IntervID) VALUES (370,280);
INSERT INTO Evento(EventoID,Descricao, Data, Admissao, Quarto) VALUES (281, "descricao","1984-03-24 17:12:36" ,15, 239);
INSERT INTO Intervencao( EventoID, Descricao) VALUES (281,"descricao");
INSERT INTO TecnicoInterv( TecnicoID, IntervID) VALUES (367,281);
INSERT INTO Evento(EventoID,Descricao, Data, Admissao, Quarto) VALUES (282, "descricao","2015-06-27 14:31:10" ,69, 156);
INSERT INTO Intervencao( EventoID, Descricao) VALUES (282,"descricao");
INSERT INTO TecnicoInterv( TecnicoID, IntervID) VALUES (370,282);
INSERT INTO Evento(EventoID,Descricao, Data, Admissao, Quarto) VALUES (283, "descricao","2000-06-21 10:16:26" ,195, 189);
INSERT INTO Intervencao( EventoID, Descricao) VALUES (283,"descricao");
INSERT INTO TecnicoInterv( TecnicoID, IntervID) VALUES (377,283);
INSERT INTO Evento(EventoID,Descricao, Data, Admissao, Quarto) VALUES (284, "descricao","2017-08-01 08:59:10" ,1, 243);
INSERT INTO Intervencao( EventoID, Descricao) VALUES (284,"descricao");
INSERT INTO TecnicoInterv( TecnicoID, IntervID) VALUES (369,284);
INSERT INTO Evento(EventoID,Descricao, Data, Admissao, Quarto) VALUES (285, "descricao","2013-07-31 13:17:33" ,84, 241);
INSERT INTO Intervencao( EventoID, Descricao) VALUES (285,"descricao");
INSERT INTO TecnicoInterv( TecnicoID, IntervID) VALUES (367,285);
INSERT INTO Evento(EventoID,Descricao, Data, Admissao, Quarto) VALUES (286, "descricao","1973-09-02 00:47:21" ,152, 181);
INSERT INTO Intervencao( EventoID, Descricao) VALUES (286,"descricao");
INSERT INTO TecnicoInterv( TecnicoID, IntervID) VALUES (374,286);
INSERT INTO Evento(EventoID,Descricao, Data, Admissao, Quarto) VALUES (287, "descricao","1980-11-30 23:55:48" ,167, 182);
INSERT INTO Intervencao( EventoID, Descricao) VALUES (287,"descricao");
INSERT INTO TecnicoInterv( TecnicoID, IntervID) VALUES (382,287);
INSERT INTO Evento(EventoID,Descricao, Data, Admissao, Quarto) VALUES (288, "descricao","2010-03-16 11:10:54" ,157, 141);
INSERT INTO Intervencao( EventoID, Descricao) VALUES (288,"descricao");
INSERT INTO TecnicoInterv( TecnicoID, IntervID) VALUES (379,288);
INSERT INTO Evento(EventoID,Descricao, Data, Admissao, Quarto) VALUES (289, "descricao","2005-08-31 20:07:10" ,81, 144);
INSERT INTO Intervencao( EventoID, Descricao) VALUES (289,"descricao");
INSERT INTO TecnicoInterv( TecnicoID, IntervID) VALUES (373,289);
INSERT INTO Evento(EventoID,Descricao, Data, Admissao, Quarto) VALUES (290, "descricao","1992-01-08 09:54:18" ,126, 235);
INSERT INTO Intervencao( EventoID, Descricao) VALUES (290,"descricao");
INSERT INTO TecnicoInterv( TecnicoID, IntervID) VALUES (372,290);
INSERT INTO Evento(EventoID,Descricao, Data, Admissao, Quarto) VALUES (291, "descricao","2007-04-10 02:11:53" ,191, 249);
INSERT INTO Intervencao( EventoID, Descricao) VALUES (291,"descricao");
INSERT INTO TecnicoInterv( TecnicoID, IntervID) VALUES (374,291);
INSERT INTO Evento(EventoID,Descricao, Data, Admissao, Quarto) VALUES (292, "descricao","2017-05-14 04:52:11" ,113, 166);
INSERT INTO Intervencao( EventoID, Descricao) VALUES (292,"descricao");
INSERT INTO TecnicoInterv( TecnicoID, IntervID) VALUES (372,292);
INSERT INTO Evento(EventoID,Descricao, Data, Admissao, Quarto) VALUES (293, "descricao","1987-01-20 04:16:03" ,169, 150);
INSERT INTO Intervencao( EventoID, Descricao) VALUES (293,"descricao");
INSERT INTO TecnicoInterv( TecnicoID, IntervID) VALUES (376,293);
INSERT INTO Evento(EventoID,Descricao, Data, Admissao, Quarto) VALUES (294, "descricao","2006-05-13 10:28:04" ,97, 236);
INSERT INTO Intervencao( EventoID, Descricao) VALUES (294,"descricao");
INSERT INTO TecnicoInterv( TecnicoID, IntervID) VALUES (379,294);
INSERT INTO Evento(EventoID,Descricao, Data, Admissao, Quarto) VALUES (295, "descricao","2017-09-04 16:52:11" ,32, 116);
INSERT INTO Intervencao( EventoID, Descricao) VALUES (295,"descricao");
INSERT INTO TecnicoInterv( TecnicoID, IntervID) VALUES (367,295);
INSERT INTO Evento(EventoID,Descricao, Data, Admissao, Quarto) VALUES (296, "descricao","1995-03-30 11:17:41" ,36, 102);
INSERT INTO Intervencao( EventoID, Descricao) VALUES (296,"descricao");
INSERT INTO TecnicoInterv( TecnicoID, IntervID) VALUES (379,296);
INSERT INTO Evento(EventoID,Descricao, Data, Admissao, Quarto) VALUES (297, "descricao","2008-12-31 09:19:47" ,13, 171);
INSERT INTO Intervencao( EventoID, Descricao) VALUES (297,"descricao");
INSERT INTO TecnicoInterv( TecnicoID, IntervID) VALUES (375,297);
INSERT INTO Evento(EventoID,Descricao, Data, Admissao, Quarto) VALUES (298, "descricao","2011-01-24 19:48:37" ,83, 159);
INSERT INTO Intervencao( EventoID, Descricao) VALUES (298,"descricao");
INSERT INTO TecnicoInterv( TecnicoID, IntervID) VALUES (370,298);
INSERT INTO Evento(EventoID,Descricao, Data, Admissao, Quarto) VALUES (299, "descricao","1994-08-06 00:48:01" ,153, 133);
INSERT INTO Intervencao( EventoID, Descricao) VALUES (299,"descricao");
INSERT INTO TecnicoInterv( TecnicoID, IntervID) VALUES (371,299);
INSERT INTO Evento(EventoID,Descricao, Data, Admissao, Quarto) VALUES (300, "descricao","2007-09-01 10:34:33" ,106, 142);
INSERT INTO Intervencao( EventoID, Descricao) VALUES (300,"descricao");
INSERT INTO TecnicoInterv( TecnicoID, IntervID) VALUES (369,300);
INSERT INTO Evento(EventoID,Descricao, Data, Admissao, Quarto) VALUES (301, "descricao","1982-05-19 10:41:40" ,61, 151);
INSERT INTO Intervencao( EventoID, Descricao) VALUES (301,"descricao");
INSERT INTO TecnicoInterv( TecnicoID, IntervID) VALUES (368,301);
INSERT INTO Evento(EventoID,Descricao, Data, Admissao, Quarto) VALUES (302, "descricao","1982-04-13 13:10:18" ,81, 189);
INSERT INTO Intervencao( EventoID, Descricao) VALUES (302,"descricao");
INSERT INTO TecnicoInterv( TecnicoID, IntervID) VALUES (370,302);
INSERT INTO Evento(EventoID,Descricao, Data, Admissao, Quarto) VALUES (303, "descricao","1979-05-03 21:37:29" ,77, 148);
INSERT INTO Intervencao( EventoID, Descricao) VALUES (303,"descricao");
INSERT INTO TecnicoInterv( TecnicoID, IntervID) VALUES (377,303);
INSERT INTO Evento(EventoID,Descricao, Data, Admissao, Quarto) VALUES (304, "descricao","1984-10-22 12:03:19" ,161, 137);
INSERT INTO Intervencao( EventoID, Descricao) VALUES (304,"descricao");
INSERT INTO TecnicoInterv( TecnicoID, IntervID) VALUES (374,304);
INSERT INTO Evento(EventoID,Descricao, Data, Admissao, Quarto) VALUES (305, "descricao","1971-06-11 00:48:47" ,142, 182);
INSERT INTO Intervencao( EventoID, Descricao) VALUES (305,"descricao");
INSERT INTO TecnicoInterv( TecnicoID, IntervID) VALUES (381,305);
INSERT INTO Evento(EventoID,Descricao, Data, Admissao, Quarto) VALUES (306, "descricao","1976-08-05 01:36:23" ,28, 155);
INSERT INTO Intervencao( EventoID, Descricao) VALUES (306,"descricao");
INSERT INTO TecnicoInterv( TecnicoID, IntervID) VALUES (371,306);
INSERT INTO Evento(EventoID,Descricao, Data, Admissao, Quarto) VALUES (307, "descricao","2013-07-28 20:37:14" ,162, 213);
INSERT INTO Intervencao( EventoID, Descricao) VALUES (307,"descricao");
INSERT INTO TecnicoInterv( TecnicoID, IntervID) VALUES (368,307);
INSERT INTO Evento(EventoID,Descricao, Data, Admissao, Quarto) VALUES (308, "descricao","2002-01-03 08:22:02" ,99, 156);
INSERT INTO Intervencao( EventoID, Descricao) VALUES (308,"descricao");
INSERT INTO TecnicoInterv( TecnicoID, IntervID) VALUES (379,308);
INSERT INTO Evento(EventoID,Descricao, Data, Admissao, Quarto) VALUES (309, "descricao","1980-07-08 02:33:26" ,174, 181);
INSERT INTO Intervencao( EventoID, Descricao) VALUES (309,"descricao");
INSERT INTO TecnicoInterv( TecnicoID, IntervID) VALUES (369,309);
INSERT INTO Evento(EventoID,Descricao, Data, Admissao, Quarto) VALUES (310, "descricao","1984-04-21 09:28:47" ,18, 241);
INSERT INTO Intervencao( EventoID, Descricao) VALUES (310,"descricao");
INSERT INTO TecnicoInterv( TecnicoID, IntervID) VALUES (377,310);
INSERT INTO Evento(EventoID,Descricao, Data, Admissao, Quarto) VALUES (311, "descricao","2019-03-16 21:03:35" ,23, 210);
INSERT INTO Intervencao( EventoID, Descricao) VALUES (311,"descricao");
INSERT INTO TecnicoInterv( TecnicoID, IntervID) VALUES (373,311);
INSERT INTO Evento(EventoID,Descricao, Data, Admissao, Quarto) VALUES (312, "descricao","1982-06-17 06:56:33" ,160, 193);
INSERT INTO Intervencao( EventoID, Descricao) VALUES (312,"descricao");
INSERT INTO TecnicoInterv( TecnicoID, IntervID) VALUES (382,312);
INSERT INTO Evento(EventoID,Descricao, Data, Admissao, Quarto) VALUES (313, "descricao","1973-02-04 04:31:14" ,171, 205);
INSERT INTO Intervencao( EventoID, Descricao) VALUES (313,"descricao");
INSERT INTO TecnicoInterv( TecnicoID, IntervID) VALUES (382,313);
INSERT INTO Evento(EventoID,Descricao, Data, Admissao, Quarto) VALUES (314, "descricao","1995-09-17 16:00:42" ,62, 138);
INSERT INTO Intervencao( EventoID, Descricao) VALUES (314,"descricao");
INSERT INTO TecnicoInterv( TecnicoID, IntervID) VALUES (367,314);
INSERT INTO Evento(EventoID,Descricao, Data, Admissao, Quarto) VALUES (315, "descricao","1994-08-05 06:43:14" ,7, 145);
INSERT INTO Intervencao( EventoID, Descricao) VALUES (315,"descricao");
INSERT INTO TecnicoInterv( TecnicoID, IntervID) VALUES (374,315);
INSERT INTO Evento(EventoID,Descricao, Data, Admissao, Quarto) VALUES (316, "descricao","2018-12-27 07:50:43" ,179, 235);
INSERT INTO Intervencao( EventoID, Descricao) VALUES (316,"descricao");
INSERT INTO TecnicoInterv( TecnicoID, IntervID) VALUES (367,316);
INSERT INTO Evento(EventoID,Descricao, Data, Admissao, Quarto) VALUES (317, "descricao","1983-12-21 23:51:30" ,95, 204);
INSERT INTO Intervencao( EventoID, Descricao) VALUES (317,"descricao");
INSERT INTO TecnicoInterv( TecnicoID, IntervID) VALUES (379,317);
INSERT INTO Evento(EventoID,Descricao, Data, Admissao, Quarto) VALUES (318, "descricao","1999-05-04 10:00:13" ,76, 210);
INSERT INTO Intervencao( EventoID, Descricao) VALUES (318,"descricao");
INSERT INTO TecnicoInterv( TecnicoID, IntervID) VALUES (372,318);
INSERT INTO Evento(EventoID,Descricao, Data, Admissao, Quarto) VALUES (319, "descricao","1981-06-24 09:04:58" ,163, 100);
INSERT INTO Intervencao( EventoID, Descricao) VALUES (319,"descricao");
INSERT INTO TecnicoInterv( TecnicoID, IntervID) VALUES (380,319);
INSERT INTO Evento(EventoID,Descricao, Data, Admissao, Quarto) VALUES (320, "descricao","1979-01-24 13:21:37" ,72, 249);
INSERT INTO Intervencao( EventoID, Descricao) VALUES (320,"descricao");
INSERT INTO TecnicoInterv( TecnicoID, IntervID) VALUES (371,320);
INSERT INTO Evento(EventoID,Descricao, Data, Admissao, Quarto) VALUES (321, "descricao","1970-05-18 02:32:54" ,60, 180);
INSERT INTO Intervencao( EventoID, Descricao) VALUES (321,"descricao");
INSERT INTO TecnicoInterv( TecnicoID, IntervID) VALUES (381,321);
INSERT INTO Evento(EventoID,Descricao, Data, Admissao, Quarto) VALUES (322, "descricao","2019-09-08 14:40:47" ,34, 170);
INSERT INTO Intervencao( EventoID, Descricao) VALUES (322,"descricao");
INSERT INTO TecnicoInterv( TecnicoID, IntervID) VALUES (381,322);
INSERT INTO Evento(EventoID,Descricao, Data, Admissao, Quarto) VALUES (323, "descricao","1984-08-04 10:52:42" ,112, 158);
INSERT INTO Intervencao( EventoID, Descricao) VALUES (323,"descricao");
INSERT INTO TecnicoInterv( TecnicoID, IntervID) VALUES (376,323);
INSERT INTO Evento(EventoID,Descricao, Data, Admissao, Quarto) VALUES (324, "descricao","1974-10-09 07:56:59" ,28, 231);
INSERT INTO Intervencao( EventoID, Descricao) VALUES (324,"descricao");
INSERT INTO TecnicoInterv( TecnicoID, IntervID) VALUES (370,324);
INSERT INTO Evento(EventoID,Descricao, Data, Admissao, Quarto) VALUES (325, "descricao","2006-05-06 09:06:22" ,15, 143);
INSERT INTO Intervencao( EventoID, Descricao) VALUES (325,"descricao");
INSERT INTO TecnicoInterv( TecnicoID, IntervID) VALUES (368,325);
INSERT INTO Evento(EventoID,Descricao, Data, Admissao, Quarto) VALUES (326, "descricao","1997-02-01 10:15:25" ,139, 110);
INSERT INTO Intervencao( EventoID, Descricao) VALUES (326,"descricao");
INSERT INTO TecnicoInterv( TecnicoID, IntervID) VALUES (368,326);
INSERT INTO Evento(EventoID,Descricao, Data, Admissao, Quarto) VALUES (327, "descricao","1985-09-27 01:01:07" ,154, 242);
INSERT INTO Intervencao( EventoID, Descricao) VALUES (327,"descricao");
INSERT INTO TecnicoInterv( TecnicoID, IntervID) VALUES (375,327);
INSERT INTO Evento(EventoID,Descricao, Data, Admissao, Quarto) VALUES (328, "descricao","2012-02-20 18:08:05" ,189, 225);
INSERT INTO Intervencao( EventoID, Descricao) VALUES (328,"descricao");
INSERT INTO TecnicoInterv( TecnicoID, IntervID) VALUES (377,328);
INSERT INTO Evento(EventoID,Descricao, Data, Admissao, Quarto) VALUES (329, "descricao","2011-02-24 11:11:17" ,106, 131);
INSERT INTO Intervencao( EventoID, Descricao) VALUES (329,"descricao");
INSERT INTO TecnicoInterv( TecnicoID, IntervID) VALUES (369,329);
INSERT INTO Evento(EventoID,Descricao, Data, Admissao, Quarto) VALUES (330, "descricao","1980-08-18 17:41:06" ,147, 206);
INSERT INTO Intervencao( EventoID, Descricao) VALUES (330,"descricao");
INSERT INTO TecnicoInterv( TecnicoID, IntervID) VALUES (373,330);
INSERT INTO Evento(EventoID,Descricao, Data, Admissao, Quarto) VALUES (331, "descricao","1972-03-22 20:00:44" ,91, 116);
INSERT INTO Intervencao( EventoID, Descricao) VALUES (331,"descricao");
INSERT INTO TecnicoInterv( TecnicoID, IntervID) VALUES (370,331);
INSERT INTO Evento(EventoID,Descricao, Data, Admissao, Quarto) VALUES (332, "descricao","2014-12-31 05:40:06" ,91, 110);
INSERT INTO Intervencao( EventoID, Descricao) VALUES (332,"descricao");
INSERT INTO TecnicoInterv( TecnicoID, IntervID) VALUES (378,332);
INSERT INTO Evento(EventoID,Descricao, Data, Admissao, Quarto) VALUES (333, "descricao","2018-07-27 20:32:16" ,5, 200);
INSERT INTO Intervencao( EventoID, Descricao) VALUES (333,"descricao");
INSERT INTO TecnicoInterv( TecnicoID, IntervID) VALUES (373,333);
INSERT INTO Evento(EventoID,Descricao, Data, Admissao, Quarto) VALUES (334, "descricao","1980-02-04 20:46:54" ,145, 239);
INSERT INTO Intervencao( EventoID, Descricao) VALUES (334,"descricao");
INSERT INTO TecnicoInterv( TecnicoID, IntervID) VALUES (368,334);
INSERT INTO Evento(EventoID,Descricao, Data, Admissao, Quarto) VALUES (335, "descricao","1989-09-21 16:36:38" ,40, 173);
INSERT INTO Intervencao( EventoID, Descricao) VALUES (335,"descricao");
INSERT INTO TecnicoInterv( TecnicoID, IntervID) VALUES (370,335);
INSERT INTO Evento(EventoID,Descricao, Data, Admissao, Quarto) VALUES (336, "descricao","2002-12-27 09:28:38" ,145, 185);
INSERT INTO Intervencao( EventoID, Descricao) VALUES (336,"descricao");
INSERT INTO TecnicoInterv( TecnicoID, IntervID) VALUES (378,336);
INSERT INTO Evento(EventoID,Descricao, Data, Admissao, Quarto) VALUES (337, "descricao","2014-12-22 19:17:39" ,79, 151);
INSERT INTO Intervencao( EventoID, Descricao) VALUES (337,"descricao");
INSERT INTO TecnicoInterv( TecnicoID, IntervID) VALUES (373,337);
INSERT INTO Evento(EventoID,Descricao, Data, Admissao, Quarto) VALUES (338, "descricao","2019-10-12 10:30:22" ,122, 148);
INSERT INTO Intervencao( EventoID, Descricao) VALUES (338,"descricao");
INSERT INTO TecnicoInterv( TecnicoID, IntervID) VALUES (372,338);
INSERT INTO Evento(EventoID,Descricao, Data, Admissao, Quarto) VALUES (339, "descricao","1993-03-26 15:03:15" ,53, 171);
INSERT INTO Intervencao( EventoID, Descricao) VALUES (339,"descricao");
INSERT INTO TecnicoInterv( TecnicoID, IntervID) VALUES (374,339);
INSERT INTO Evento(EventoID,Descricao, Data, Admissao, Quarto) VALUES (340, "descricao","2000-12-11 23:23:16" ,18, 232);
INSERT INTO Intervencao( EventoID, Descricao) VALUES (340,"descricao");
INSERT INTO TecnicoInterv( TecnicoID, IntervID) VALUES (368,340);
INSERT INTO Evento(EventoID,Descricao, Data, Admissao, Quarto) VALUES (341, "descricao","2003-07-03 07:52:03" ,178, 240);
INSERT INTO Intervencao( EventoID, Descricao) VALUES (341,"descricao");
INSERT INTO TecnicoInterv( TecnicoID, IntervID) VALUES (372,341);
INSERT INTO Evento(EventoID,Descricao, Data, Admissao, Quarto) VALUES (342, "descricao","1997-10-11 11:50:14" ,185, 165);
INSERT INTO Intervencao( EventoID, Descricao) VALUES (342,"descricao");
INSERT INTO TecnicoInterv( TecnicoID, IntervID) VALUES (378,342);
INSERT INTO Evento(EventoID,Descricao, Data, Admissao, Quarto) VALUES (343, "descricao","1994-02-20 13:22:14" ,80, 208);
INSERT INTO Intervencao( EventoID, Descricao) VALUES (343,"descricao");
INSERT INTO TecnicoInterv( TecnicoID, IntervID) VALUES (367,343);
INSERT INTO Evento(EventoID,Descricao, Data, Admissao, Quarto) VALUES (344, "descricao","1998-01-14 11:10:10" ,193, 172);
INSERT INTO Intervencao( EventoID, Descricao) VALUES (344,"descricao");
INSERT INTO TecnicoInterv( TecnicoID, IntervID) VALUES (372,344);
INSERT INTO Evento(EventoID,Descricao, Data, Admissao, Quarto) VALUES (345, "descricao","1993-07-30 02:25:24" ,97, 127);
INSERT INTO Intervencao( EventoID, Descricao) VALUES (345,"descricao");
INSERT INTO TecnicoInterv( TecnicoID, IntervID) VALUES (377,345);
INSERT INTO Evento(EventoID,Descricao, Data, Admissao, Quarto) VALUES (346, "descricao","1971-10-21 19:35:37" ,183, 226);
INSERT INTO Intervencao( EventoID, Descricao) VALUES (346,"descricao");
INSERT INTO TecnicoInterv( TecnicoID, IntervID) VALUES (370,346);
INSERT INTO Evento(EventoID,Descricao, Data, Admissao, Quarto) VALUES (347, "descricao","1977-07-10 18:24:21" ,85, 205);
INSERT INTO Intervencao( EventoID, Descricao) VALUES (347,"descricao");
INSERT INTO TecnicoInterv( TecnicoID, IntervID) VALUES (377,347);
INSERT INTO Evento(EventoID,Descricao, Data, Admissao, Quarto) VALUES (348, "descricao","1994-06-08 10:16:36" ,108, 173);
INSERT INTO Intervencao( EventoID, Descricao) VALUES (348,"descricao");
INSERT INTO TecnicoInterv( TecnicoID, IntervID) VALUES (380,348);
INSERT INTO Evento(EventoID,Descricao, Data, Admissao, Quarto) VALUES (349, "descricao","1970-04-12 01:23:17" ,13, 116);
INSERT INTO Intervencao( EventoID, Descricao) VALUES (349,"descricao");
INSERT INTO TecnicoInterv( TecnicoID, IntervID) VALUES (371,349);
INSERT INTO Evento(EventoID,Descricao, Data, Admissao, Quarto) VALUES (350, "descricao","1976-04-12 00:22:57" ,95, 148);
INSERT INTO Intervencao( EventoID, Descricao) VALUES (350,"descricao");
INSERT INTO TecnicoInterv( TecnicoID, IntervID) VALUES (381,350);
INSERT INTO Evento(EventoID,Descricao, Data, Admissao, Quarto) VALUES (351, "descricao","1987-12-20 04:01:57" ,32, 217);
INSERT INTO Intervencao( EventoID, Descricao) VALUES (351,"descricao");
INSERT INTO TecnicoInterv( TecnicoID, IntervID) VALUES (381,351);
INSERT INTO Evento(EventoID,Descricao, Data, Admissao, Quarto) VALUES (352, "descricao","1997-10-17 06:06:46" ,152, 153);
INSERT INTO Intervencao( EventoID, Descricao) VALUES (352,"descricao");
INSERT INTO TecnicoInterv( TecnicoID, IntervID) VALUES (368,352);
INSERT INTO Evento(EventoID,Descricao, Data, Admissao, Quarto) VALUES (353, "descricao","2005-02-26 21:37:30" ,144, 104);
INSERT INTO Intervencao( EventoID, Descricao) VALUES (353,"descricao");
INSERT INTO TecnicoInterv( TecnicoID, IntervID) VALUES (382,353);
INSERT INTO Evento(EventoID,Descricao, Data, Admissao, Quarto) VALUES (354, "descricao","1995-07-08 01:48:48" ,100, 122);
INSERT INTO Intervencao( EventoID, Descricao) VALUES (354,"descricao");
INSERT INTO TecnicoInterv( TecnicoID, IntervID) VALUES (382,354);
INSERT INTO Evento(EventoID,Descricao, Data, Admissao, Quarto) VALUES (355, "descricao","2002-11-13 18:28:41" ,2, 238);
INSERT INTO Intervencao( EventoID, Descricao) VALUES (355,"descricao");
INSERT INTO TecnicoInterv( TecnicoID, IntervID) VALUES (382,355);
INSERT INTO Evento(EventoID,Descricao, Data, Admissao, Quarto) VALUES (356, "descricao","2000-02-15 12:18:48" ,148, 199);
INSERT INTO Intervencao( EventoID, Descricao) VALUES (356,"descricao");
INSERT INTO TecnicoInterv( TecnicoID, IntervID) VALUES (374,356);
INSERT INTO Evento(EventoID,Descricao, Data, Admissao, Quarto) VALUES (357, "descricao","1986-08-21 02:42:02" ,23, 113);
INSERT INTO Intervencao( EventoID, Descricao) VALUES (357,"descricao");
INSERT INTO TecnicoInterv( TecnicoID, IntervID) VALUES (381,357);
INSERT INTO Evento(EventoID,Descricao, Data, Admissao, Quarto) VALUES (358, "descricao","1970-05-02 16:26:57" ,153, 199);
INSERT INTO Intervencao( EventoID, Descricao) VALUES (358,"descricao");
INSERT INTO TecnicoInterv( TecnicoID, IntervID) VALUES (380,358);
INSERT INTO Evento(EventoID,Descricao, Data, Admissao, Quarto) VALUES (359, "descricao","2016-12-27 02:27:05" ,189, 112);
INSERT INTO Intervencao( EventoID, Descricao) VALUES (359,"descricao");
INSERT INTO TecnicoInterv( TecnicoID, IntervID) VALUES (369,359);
INSERT INTO Evento(EventoID,Descricao, Data, Admissao, Quarto) VALUES (360, "descricao","2018-02-10 22:20:57" ,19, 194);
INSERT INTO Intervencao( EventoID, Descricao) VALUES (360,"descricao");
INSERT INTO TecnicoInterv( TecnicoID, IntervID) VALUES (369,360);
INSERT INTO Evento(EventoID,Descricao, Data, Admissao, Quarto) VALUES (361, "descricao","1984-09-11 08:42:37" ,57, 116);
INSERT INTO Intervencao( EventoID, Descricao) VALUES (361,"descricao");
INSERT INTO TecnicoInterv( TecnicoID, IntervID) VALUES (381,361);
INSERT INTO Evento(EventoID,Descricao, Data, Admissao, Quarto) VALUES (362, "descricao","2011-10-08 15:18:53" ,124, 114);
INSERT INTO Intervencao( EventoID, Descricao) VALUES (362,"descricao");
INSERT INTO TecnicoInterv( TecnicoID, IntervID) VALUES (370,362);
INSERT INTO Evento(EventoID,Descricao, Data, Admissao, Quarto) VALUES (363, "descricao","2012-06-20 10:36:45" ,77, 178);
INSERT INTO Intervencao( EventoID, Descricao) VALUES (363,"descricao");
INSERT INTO TecnicoInterv( TecnicoID, IntervID) VALUES (379,363);
INSERT INTO Evento(EventoID,Descricao, Data, Admissao, Quarto) VALUES (364, "descricao","1989-10-17 02:13:11" ,183, 176);
INSERT INTO Intervencao( EventoID, Descricao) VALUES (364,"descricao");
INSERT INTO TecnicoInterv( TecnicoID, IntervID) VALUES (378,364);
INSERT INTO Evento(EventoID,Descricao, Data, Admissao, Quarto) VALUES (365, "descricao","1991-12-30 12:26:07" ,138, 165);
INSERT INTO Intervencao( EventoID, Descricao) VALUES (365,"descricao");
INSERT INTO TecnicoInterv( TecnicoID, IntervID) VALUES (375,365);
INSERT INTO Evento(EventoID,Descricao, Data, Admissao, Quarto) VALUES (366, "descricao","2009-11-27 01:16:54" ,73, 126);
INSERT INTO Intervencao( EventoID, Descricao) VALUES (366,"descricao");
INSERT INTO TecnicoInterv( TecnicoID, IntervID) VALUES (367,366);
INSERT INTO Evento(EventoID,Descricao, Data, Admissao, Quarto) VALUES (367, "descricao","2015-09-04 08:37:53" ,116, 186);
INSERT INTO Intervencao( EventoID, Descricao) VALUES (367,"descricao");
INSERT INTO TecnicoInterv( TecnicoID, IntervID) VALUES (370,367);
INSERT INTO Evento(EventoID,Descricao, Data, Admissao, Quarto) VALUES (368, "descricao","2010-11-26 23:09:25" ,159, 141);
INSERT INTO Intervencao( EventoID, Descricao) VALUES (368,"descricao");
INSERT INTO TecnicoInterv( TecnicoID, IntervID) VALUES (372,368);
INSERT INTO Evento(EventoID,Descricao, Data, Admissao, Quarto) VALUES (369, "descricao","2004-06-01 01:01:16" ,39, 157);
INSERT INTO Intervencao( EventoID, Descricao) VALUES (369,"descricao");
INSERT INTO TecnicoInterv( TecnicoID, IntervID) VALUES (374,369);
INSERT INTO Evento(EventoID,Descricao, Data, Admissao, Quarto) VALUES (370, "descricao","1988-02-01 08:59:11" ,178, 121);
INSERT INTO Intervencao( EventoID, Descricao) VALUES (370,"descricao");
INSERT INTO TecnicoInterv( TecnicoID, IntervID) VALUES (371,370);
INSERT INTO Evento(EventoID,Descricao, Data, Admissao, Quarto) VALUES (371, "descricao","1978-10-09 08:04:20" ,137, 210);
INSERT INTO Intervencao( EventoID, Descricao) VALUES (371,"descricao");
INSERT INTO TecnicoInterv( TecnicoID, IntervID) VALUES (373,371);
INSERT INTO Evento(EventoID,Descricao, Data, Admissao, Quarto) VALUES (372, "descricao","1994-10-27 16:56:08" ,189, 198);
INSERT INTO Intervencao( EventoID, Descricao) VALUES (372,"descricao");
INSERT INTO TecnicoInterv( TecnicoID, IntervID) VALUES (381,372);
INSERT INTO Evento(EventoID,Descricao, Data, Admissao, Quarto) VALUES (373, "descricao","2015-11-25 05:38:17" ,18, 127);
INSERT INTO Intervencao( EventoID, Descricao) VALUES (373,"descricao");
INSERT INTO TecnicoInterv( TecnicoID, IntervID) VALUES (374,373);
INSERT INTO Evento(EventoID,Descricao, Data, Admissao, Quarto) VALUES (374, "descricao","1975-08-22 16:34:43" ,171, 233);
INSERT INTO Intervencao( EventoID, Descricao) VALUES (374,"descricao");
INSERT INTO TecnicoInterv( TecnicoID, IntervID) VALUES (379,374);
INSERT INTO Evento(EventoID,Descricao, Data, Admissao, Quarto) VALUES (375, "descricao","1970-09-28 03:02:09" ,157, 145);
INSERT INTO Intervencao( EventoID, Descricao) VALUES (375,"descricao");
INSERT INTO TecnicoInterv( TecnicoID, IntervID) VALUES (372,375);
INSERT INTO Evento(EventoID,Descricao, Data, Admissao, Quarto) VALUES (376, "descricao","1990-12-30 23:19:01" ,123, 209);
INSERT INTO Intervencao( EventoID, Descricao) VALUES (376,"descricao");
INSERT INTO TecnicoInterv( TecnicoID, IntervID) VALUES (371,376);
INSERT INTO Evento(EventoID,Descricao, Data, Admissao, Quarto) VALUES (377, "descricao","1978-12-28 03:11:04" ,40, 154);
INSERT INTO Intervencao( EventoID, Descricao) VALUES (377,"descricao");
INSERT INTO TecnicoInterv( TecnicoID, IntervID) VALUES (378,377);
INSERT INTO Evento(EventoID,Descricao, Data, Admissao, Quarto) VALUES (378, "descricao","2012-07-11 19:23:46" ,26, 187);
INSERT INTO Intervencao( EventoID, Descricao) VALUES (378,"descricao");
INSERT INTO TecnicoInterv( TecnicoID, IntervID) VALUES (377,378);
INSERT INTO Evento(EventoID,Descricao, Data, Admissao, Quarto) VALUES (379, "descricao","1978-05-07 02:38:59" ,113, 167);
INSERT INTO Intervencao( EventoID, Descricao) VALUES (379,"descricao");
INSERT INTO TecnicoInterv( TecnicoID, IntervID) VALUES (367,379);
INSERT INTO Evento(EventoID,Descricao, Data, Admissao, Quarto) VALUES (380, "descricao","1997-07-29 09:44:27" ,26, 133);
INSERT INTO Intervencao( EventoID, Descricao) VALUES (380,"descricao");
INSERT INTO TecnicoInterv( TecnicoID, IntervID) VALUES (380,380);
INSERT INTO Evento(EventoID,Descricao, Data, Admissao, Quarto) VALUES (381, "descricao","2004-08-31 01:19:39" ,185, 160);
INSERT INTO Intervencao( EventoID, Descricao) VALUES (381,"descricao");
INSERT INTO TecnicoInterv( TecnicoID, IntervID) VALUES (379,381);
INSERT INTO Evento(EventoID,Descricao, Data, Admissao, Quarto) VALUES (382, "descricao","2000-12-16 16:20:58" ,160, 175);
INSERT INTO Intervencao( EventoID, Descricao) VALUES (382,"descricao");
INSERT INTO TecnicoInterv( TecnicoID, IntervID) VALUES (380,382);
INSERT INTO Evento(EventoID,Descricao, Data, Admissao, Quarto) VALUES (383, "descricao","2008-04-01 06:42:41" ,128, 231);
INSERT INTO Intervencao( EventoID, Descricao) VALUES (383,"descricao");
INSERT INTO TecnicoInterv( TecnicoID, IntervID) VALUES (373,383);
INSERT INTO Evento(EventoID,Descricao, Data, Admissao, Quarto) VALUES (384, "descricao","2000-03-16 09:02:42" ,139, 224);
INSERT INTO Intervencao( EventoID, Descricao) VALUES (384,"descricao");
INSERT INTO TecnicoInterv( TecnicoID, IntervID) VALUES (375,384);
INSERT INTO Evento(EventoID,Descricao, Data, Admissao, Quarto) VALUES (385, "descricao","2007-02-23 09:25:21" ,44, 104);
INSERT INTO Intervencao( EventoID, Descricao) VALUES (385,"descricao");
INSERT INTO TecnicoInterv( TecnicoID, IntervID) VALUES (372,385);
INSERT INTO Evento(EventoID,Descricao, Data, Admissao, Quarto) VALUES (386, "descricao","2002-09-05 18:07:41" ,54, 109);
INSERT INTO Intervencao( EventoID, Descricao) VALUES (386,"descricao");
INSERT INTO TecnicoInterv( TecnicoID, IntervID) VALUES (368,386);
INSERT INTO Evento(EventoID,Descricao, Data, Admissao, Quarto) VALUES (387, "descricao","1970-05-13 02:51:14" ,172, 220);
INSERT INTO Intervencao( EventoID, Descricao) VALUES (387,"descricao");
INSERT INTO TecnicoInterv( TecnicoID, IntervID) VALUES (370,387);
INSERT INTO Evento(EventoID,Descricao, Data, Admissao, Quarto) VALUES (388, "descricao","1994-12-26 10:29:25" ,180, 151);
INSERT INTO Intervencao( EventoID, Descricao) VALUES (388,"descricao");
INSERT INTO TecnicoInterv( TecnicoID, IntervID) VALUES (379,388);
INSERT INTO Evento(EventoID,Descricao, Data, Admissao, Quarto) VALUES (389, "descricao","2008-07-30 00:37:47" ,88, 142);
INSERT INTO Intervencao( EventoID, Descricao) VALUES (389,"descricao");
INSERT INTO TecnicoInterv( TecnicoID, IntervID) VALUES (367,389);
INSERT INTO Evento(EventoID,Descricao, Data, Admissao, Quarto) VALUES (390, "descricao","1981-04-06 20:32:52" ,121, 152);
INSERT INTO Intervencao( EventoID, Descricao) VALUES (390,"descricao");
INSERT INTO TecnicoInterv( TecnicoID, IntervID) VALUES (380,390);
INSERT INTO Evento(EventoID,Descricao, Data, Admissao, Quarto) VALUES (391, "descricao","1990-10-26 08:54:20" ,143, 122);
INSERT INTO Intervencao( EventoID, Descricao) VALUES (391,"descricao");
INSERT INTO TecnicoInterv( TecnicoID, IntervID) VALUES (378,391);
INSERT INTO Evento(EventoID,Descricao, Data, Admissao, Quarto) VALUES (392, "descricao","2002-10-06 22:45:23" ,21, 246);
INSERT INTO Intervencao( EventoID, Descricao) VALUES (392,"descricao");
INSERT INTO TecnicoInterv( TecnicoID, IntervID) VALUES (367,392);
INSERT INTO Evento(EventoID,Descricao, Data, Admissao, Quarto) VALUES (393, "descricao","2009-01-19 09:16:25" ,68, 213);
INSERT INTO Intervencao( EventoID, Descricao) VALUES (393,"descricao");
INSERT INTO TecnicoInterv( TecnicoID, IntervID) VALUES (368,393);
INSERT INTO Evento(EventoID,Descricao, Data, Admissao, Quarto) VALUES (394, "descricao","2000-01-24 12:10:03" ,30, 174);
INSERT INTO Intervencao( EventoID, Descricao) VALUES (394,"descricao");
INSERT INTO TecnicoInterv( TecnicoID, IntervID) VALUES (371,394);
INSERT INTO Evento(EventoID,Descricao, Data, Admissao, Quarto) VALUES (395, "descricao","2014-09-19 12:54:32" ,53, 178);
INSERT INTO Intervencao( EventoID, Descricao) VALUES (395,"descricao");
INSERT INTO TecnicoInterv( TecnicoID, IntervID) VALUES (380,395);
INSERT INTO Evento(EventoID,Descricao, Data, Admissao, Quarto) VALUES (396, "descricao","1974-09-04 23:00:06" ,150, 230);
INSERT INTO Intervencao( EventoID, Descricao) VALUES (396,"descricao");
INSERT INTO TecnicoInterv( TecnicoID, IntervID) VALUES (378,396);
INSERT INTO Evento(EventoID,Descricao, Data, Admissao, Quarto) VALUES (397, "descricao","1976-09-23 10:05:59" ,14, 211);
INSERT INTO Intervencao( EventoID, Descricao) VALUES (397,"descricao");
INSERT INTO TecnicoInterv( TecnicoID, IntervID) VALUES (379,397);
INSERT INTO Evento(EventoID,Descricao, Data, Admissao, Quarto) VALUES (398, "descricao","1983-08-08 05:40:35" ,111, 243);
INSERT INTO Intervencao( EventoID, Descricao) VALUES (398,"descricao");
INSERT INTO TecnicoInterv( TecnicoID, IntervID) VALUES (378,398);
INSERT INTO Evento(EventoID,Descricao, Data, Admissao, Quarto) VALUES (399, "descricao","2002-09-17 21:32:15" ,166, 114);
INSERT INTO Intervencao( EventoID, Descricao) VALUES (399,"descricao");
INSERT INTO TecnicoInterv( TecnicoID, IntervID) VALUES (371,399);
INSERT INTO Evento(EventoID,Descricao, Data, Admissao, Quarto) VALUES (400, "descricao","1999-01-14 01:42:34" ,13, 173);
INSERT INTO Intervencao( EventoID, Descricao) VALUES (400,"descricao");
INSERT INTO TecnicoInterv( TecnicoID, IntervID) VALUES (381,400);
INSERT INTO Evento(EventoID,Descricao, Data, Admissao, Quarto) VALUES (401, "descricao","1986-02-17 10:28:12" ,175, 118);
INSERT INTO Intervencao( EventoID, Descricao) VALUES (401,"descricao");
INSERT INTO TecnicoInterv( TecnicoID, IntervID) VALUES (376,401);
INSERT INTO Evento(EventoID,Descricao, Data, Admissao, Quarto) VALUES (402, "descricao","2007-03-30 11:07:27" ,5, 154);
INSERT INTO Intervencao( EventoID, Descricao) VALUES (402,"descricao");
INSERT INTO TecnicoInterv( TecnicoID, IntervID) VALUES (380,402);
INSERT INTO Evento(EventoID,Descricao, Data, Admissao, Quarto) VALUES (403, "descricao","2013-12-02 23:52:09" ,58, 125);
INSERT INTO Intervencao( EventoID, Descricao) VALUES (403,"descricao");
INSERT INTO TecnicoInterv( TecnicoID, IntervID) VALUES (376,403);
INSERT INTO Evento(EventoID,Descricao, Data, Admissao, Quarto) VALUES (404, "descricao","1994-01-28 11:13:52" ,124, 190);
INSERT INTO Intervencao( EventoID, Descricao) VALUES (404,"descricao");
INSERT INTO TecnicoInterv( TecnicoID, IntervID) VALUES (368,404);
INSERT INTO Evento(EventoID,Descricao, Data, Admissao, Quarto) VALUES (405, "descricao","1998-01-19 04:00:33" ,105, 226);
INSERT INTO Intervencao( EventoID, Descricao) VALUES (405,"descricao");
INSERT INTO TecnicoInterv( TecnicoID, IntervID) VALUES (379,405);
INSERT INTO Evento(EventoID,Descricao, Data, Admissao, Quarto) VALUES (406, "descricao","1989-09-12 18:52:21" ,61, 182);
INSERT INTO Intervencao( EventoID, Descricao) VALUES (406,"descricao");
INSERT INTO TecnicoInterv( TecnicoID, IntervID) VALUES (367,406);
INSERT INTO Evento(EventoID,Descricao, Data, Admissao, Quarto) VALUES (407, "descricao","2014-04-12 02:07:20" ,64, 158);
INSERT INTO Intervencao( EventoID, Descricao) VALUES (407,"descricao");
INSERT INTO TecnicoInterv( TecnicoID, IntervID) VALUES (369,407);
INSERT INTO Evento(EventoID,Descricao, Data, Admissao, Quarto) VALUES (408, "descricao","2012-01-15 23:11:01" ,127, 207);
INSERT INTO Intervencao( EventoID, Descricao) VALUES (408,"descricao");
INSERT INTO TecnicoInterv( TecnicoID, IntervID) VALUES (376,408);
INSERT INTO Evento(EventoID,Descricao, Data, Admissao, Quarto) VALUES (409, "descricao","2010-12-18 22:10:43" ,88, 203);
INSERT INTO Intervencao( EventoID, Descricao) VALUES (409,"descricao");
INSERT INTO TecnicoInterv( TecnicoID, IntervID) VALUES (379,409);
INSERT INTO Evento(EventoID,Descricao, Data, Admissao, Quarto) VALUES (410, "descricao","1991-11-03 13:13:49" ,60, 213);
INSERT INTO Intervencao( EventoID, Descricao) VALUES (410,"descricao");
INSERT INTO TecnicoInterv( TecnicoID, IntervID) VALUES (371,410);
INSERT INTO Evento(EventoID,Descricao, Data, Admissao, Quarto) VALUES (411, "descricao","2001-08-12 13:05:50" ,35, 179);
INSERT INTO Intervencao( EventoID, Descricao) VALUES (411,"descricao");
INSERT INTO TecnicoInterv( TecnicoID, IntervID) VALUES (382,411);
INSERT INTO Evento(EventoID,Descricao, Data, Admissao, Quarto) VALUES (412, "descricao","1983-10-03 03:48:46" ,144, 193);
INSERT INTO Intervencao( EventoID, Descricao) VALUES (412,"descricao");
INSERT INTO TecnicoInterv( TecnicoID, IntervID) VALUES (371,412);
INSERT INTO Evento(EventoID,Descricao, Data, Admissao, Quarto) VALUES (413, "descricao","1979-09-09 05:32:28" ,1, 117);
INSERT INTO Intervencao( EventoID, Descricao) VALUES (413,"descricao");
INSERT INTO TecnicoInterv( TecnicoID, IntervID) VALUES (369,413);
INSERT INTO Evento(EventoID,Descricao, Data, Admissao, Quarto) VALUES (414, "descricao","1997-04-24 17:33:23" ,143, 228);
INSERT INTO Intervencao( EventoID, Descricao) VALUES (414,"descricao");
INSERT INTO TecnicoInterv( TecnicoID, IntervID) VALUES (380,414);
INSERT INTO Evento(EventoID,Descricao, Data, Admissao, Quarto) VALUES (415, "descricao","1974-06-19 02:54:08" ,92, 156);
INSERT INTO Intervencao( EventoID, Descricao) VALUES (415,"descricao");
INSERT INTO TecnicoInterv( TecnicoID, IntervID) VALUES (376,415);
INSERT INTO Evento(EventoID,Descricao, Data, Admissao, Quarto) VALUES (416, "descricao","2017-07-12 06:51:30" ,17, 246);
INSERT INTO Intervencao( EventoID, Descricao) VALUES (416,"descricao");
INSERT INTO TecnicoInterv( TecnicoID, IntervID) VALUES (374,416);
INSERT INTO Evento(EventoID,Descricao, Data, Admissao, Quarto) VALUES (417, "descricao","1973-08-13 16:31:55" ,20, 185);
INSERT INTO Intervencao( EventoID, Descricao) VALUES (417,"descricao");
INSERT INTO TecnicoInterv( TecnicoID, IntervID) VALUES (368,417);
INSERT INTO Evento(EventoID,Descricao, Data, Admissao, Quarto) VALUES (418, "descricao","2010-02-07 05:59:48" ,73, 140);
INSERT INTO Intervencao( EventoID, Descricao) VALUES (418,"descricao");
INSERT INTO TecnicoInterv( TecnicoID, IntervID) VALUES (373,418);
INSERT INTO Evento(EventoID,Descricao, Data, Admissao, Quarto) VALUES (419, "descricao","2000-02-21 14:56:26" ,162, 218);
INSERT INTO Intervencao( EventoID, Descricao) VALUES (419,"descricao");
INSERT INTO TecnicoInterv( TecnicoID, IntervID) VALUES (373,419);
INSERT INTO Evento(EventoID,Descricao, Data, Admissao, Quarto) VALUES (420, "descricao","1984-02-02 07:21:14" ,99, 146);
INSERT INTO Intervencao( EventoID, Descricao) VALUES (420,"descricao");
INSERT INTO TecnicoInterv( TecnicoID, IntervID) VALUES (367,420);
INSERT INTO Evento(EventoID,Descricao, Data, Admissao, Quarto) VALUES (421, "descricao","1985-05-22 11:28:16" ,72, 165);
INSERT INTO Intervencao( EventoID, Descricao) VALUES (421,"descricao");
INSERT INTO TecnicoInterv( TecnicoID, IntervID) VALUES (371,421);
INSERT INTO Evento(EventoID,Descricao, Data, Admissao, Quarto) VALUES (422, "descricao","2012-01-21 12:50:25" ,97, 149);
INSERT INTO Intervencao( EventoID, Descricao) VALUES (422,"descricao");
INSERT INTO TecnicoInterv( TecnicoID, IntervID) VALUES (382,422);
INSERT INTO Evento(EventoID,Descricao, Data, Admissao, Quarto) VALUES (423, "descricao","1991-12-14 09:25:56" ,159, 125);
INSERT INTO Intervencao( EventoID, Descricao) VALUES (423,"descricao");
INSERT INTO TecnicoInterv( TecnicoID, IntervID) VALUES (367,423);
INSERT INTO Evento(EventoID,Descricao, Data, Admissao, Quarto) VALUES (424, "descricao","1997-01-01 17:44:20" ,30, 210);
INSERT INTO Intervencao( EventoID, Descricao) VALUES (424,"descricao");
INSERT INTO TecnicoInterv( TecnicoID, IntervID) VALUES (373,424);
INSERT INTO Evento(EventoID,Descricao, Data, Admissao, Quarto) VALUES (425, "descricao","1977-04-14 10:41:50" ,137, 117);
INSERT INTO Intervencao( EventoID, Descricao) VALUES (425,"descricao");
INSERT INTO TecnicoInterv( TecnicoID, IntervID) VALUES (367,425);
INSERT INTO Evento(EventoID,Descricao, Data, Admissao, Quarto) VALUES (426, "descricao","2018-09-06 19:12:11" ,169, 179);
INSERT INTO Intervencao( EventoID, Descricao) VALUES (426,"descricao");
INSERT INTO TecnicoInterv( TecnicoID, IntervID) VALUES (373,426);
INSERT INTO Evento(EventoID,Descricao, Data, Admissao, Quarto) VALUES (427, "descricao","2011-06-06 13:20:31" ,62, 165);
INSERT INTO Intervencao( EventoID, Descricao) VALUES (427,"descricao");
INSERT INTO TecnicoInterv( TecnicoID, IntervID) VALUES (367,427);
INSERT INTO Evento(EventoID,Descricao, Data, Admissao, Quarto) VALUES (428, "descricao","1977-02-03 08:41:08" ,37, 164);
INSERT INTO Intervencao( EventoID, Descricao) VALUES (428,"descricao");
INSERT INTO TecnicoInterv( TecnicoID, IntervID) VALUES (376,428);
INSERT INTO Evento(EventoID,Descricao, Data, Admissao, Quarto) VALUES (429, "descricao","1998-06-07 23:09:05" ,67, 217);
INSERT INTO Intervencao( EventoID, Descricao) VALUES (429,"descricao");
INSERT INTO TecnicoInterv( TecnicoID, IntervID) VALUES (377,429);
INSERT INTO Evento(EventoID,Descricao, Data, Admissao, Quarto) VALUES (430, "descricao","1980-10-10 13:09:24" ,183, 108);
INSERT INTO Intervencao( EventoID, Descricao) VALUES (430,"descricao");
INSERT INTO TecnicoInterv( TecnicoID, IntervID) VALUES (382,430);
INSERT INTO Evento(EventoID,Descricao, Data, Admissao, Quarto) VALUES (431, "descricao","1972-09-26 07:02:37" ,132, 105);
INSERT INTO Intervencao( EventoID, Descricao) VALUES (431,"descricao");
INSERT INTO TecnicoInterv( TecnicoID, IntervID) VALUES (369,431);
INSERT INTO Evento(EventoID,Descricao, Data, Admissao, Quarto) VALUES (432, "descricao","2001-08-15 00:38:40" ,140, 122);
INSERT INTO Intervencao( EventoID, Descricao) VALUES (432,"descricao");
INSERT INTO TecnicoInterv( TecnicoID, IntervID) VALUES (371,432);
INSERT INTO Evento(EventoID,Descricao, Data, Admissao, Quarto) VALUES (433, "descricao","1982-04-13 06:00:26" ,191, 194);
INSERT INTO Intervencao( EventoID, Descricao) VALUES (433,"descricao");
INSERT INTO TecnicoInterv( TecnicoID, IntervID) VALUES (367,433);
INSERT INTO Evento(EventoID,Descricao, Data, Admissao, Quarto) VALUES (434, "descricao","2015-09-09 21:18:32" ,198, 193);
INSERT INTO Intervencao( EventoID, Descricao) VALUES (434,"descricao");
INSERT INTO TecnicoInterv( TecnicoID, IntervID) VALUES (370,434);
INSERT INTO Evento(EventoID,Descricao, Data, Admissao, Quarto) VALUES (435, "descricao","1978-02-15 07:16:25" ,103, 197);
INSERT INTO Intervencao( EventoID, Descricao) VALUES (435,"descricao");
INSERT INTO TecnicoInterv( TecnicoID, IntervID) VALUES (379,435);
INSERT INTO Evento(EventoID,Descricao, Data, Admissao, Quarto) VALUES (436, "descricao","1972-01-18 11:34:13" ,179, 230);
INSERT INTO Intervencao( EventoID, Descricao) VALUES (436,"descricao");
INSERT INTO TecnicoInterv( TecnicoID, IntervID) VALUES (374,436);
INSERT INTO Evento(EventoID,Descricao, Data, Admissao, Quarto) VALUES (437, "descricao","1971-04-02 19:33:10" ,138, 203);
INSERT INTO Intervencao( EventoID, Descricao) VALUES (437,"descricao");
INSERT INTO TecnicoInterv( TecnicoID, IntervID) VALUES (369,437);
INSERT INTO Evento(EventoID,Descricao, Data, Admissao, Quarto) VALUES (438, "descricao","1984-07-22 08:50:07" ,170, 123);
INSERT INTO Intervencao( EventoID, Descricao) VALUES (438,"descricao");
INSERT INTO TecnicoInterv( TecnicoID, IntervID) VALUES (367,438);
INSERT INTO Evento(EventoID,Descricao, Data, Admissao, Quarto) VALUES (439, "descricao","2010-12-29 13:31:23" ,145, 243);
INSERT INTO Intervencao( EventoID, Descricao) VALUES (439,"descricao");
INSERT INTO TecnicoInterv( TecnicoID, IntervID) VALUES (377,439);
INSERT INTO Evento(EventoID,Descricao, Data, Admissao, Quarto) VALUES (440, "descricao","2002-01-19 03:45:41" ,54, 142);
INSERT INTO Intervencao( EventoID, Descricao) VALUES (440,"descricao");
INSERT INTO TecnicoInterv( TecnicoID, IntervID) VALUES (367,440);
INSERT INTO Evento(EventoID,Descricao, Data, Admissao, Quarto) VALUES (441, "descricao","1985-06-23 03:44:51" ,184, 147);
INSERT INTO Intervencao( EventoID, Descricao) VALUES (441,"descricao");
INSERT INTO TecnicoInterv( TecnicoID, IntervID) VALUES (372,441);
INSERT INTO Evento(EventoID,Descricao, Data, Admissao, Quarto) VALUES (442, "descricao","2011-08-11 11:11:36" ,57, 249);
INSERT INTO Intervencao( EventoID, Descricao) VALUES (442,"descricao");
INSERT INTO TecnicoInterv( TecnicoID, IntervID) VALUES (380,442);
INSERT INTO Evento(EventoID,Descricao, Data, Admissao, Quarto) VALUES (443, "descricao","1972-09-26 06:11:21" ,71, 152);
INSERT INTO Intervencao( EventoID, Descricao) VALUES (443,"descricao");
INSERT INTO TecnicoInterv( TecnicoID, IntervID) VALUES (379,443);
INSERT INTO Evento(EventoID,Descricao, Data, Admissao, Quarto) VALUES (444, "descricao","2014-07-18 17:11:56" ,167, 151);
INSERT INTO Intervencao( EventoID, Descricao) VALUES (444,"descricao");
INSERT INTO TecnicoInterv( TecnicoID, IntervID) VALUES (381,444);
INSERT INTO Evento(EventoID,Descricao, Data, Admissao, Quarto) VALUES (445, "descricao","1987-07-05 14:04:20" ,109, 167);
INSERT INTO Intervencao( EventoID, Descricao) VALUES (445,"descricao");
INSERT INTO TecnicoInterv( TecnicoID, IntervID) VALUES (381,445);
INSERT INTO Evento(EventoID,Descricao, Data, Admissao, Quarto) VALUES (446, "descricao","2019-03-26 15:20:44" ,131, 217);
INSERT INTO Intervencao( EventoID, Descricao) VALUES (446,"descricao");
INSERT INTO TecnicoInterv( TecnicoID, IntervID) VALUES (382,446);
INSERT INTO Evento(EventoID,Descricao, Data, Admissao, Quarto) VALUES (447, "descricao","2004-09-12 16:59:50" ,157, 129);
INSERT INTO Intervencao( EventoID, Descricao) VALUES (447,"descricao");
INSERT INTO TecnicoInterv( TecnicoID, IntervID) VALUES (382,447);
INSERT INTO Evento(EventoID,Descricao, Data, Admissao, Quarto) VALUES (448, "descricao","1974-07-15 04:30:12" ,146, 226);
INSERT INTO Intervencao( EventoID, Descricao) VALUES (448,"descricao");
INSERT INTO TecnicoInterv( TecnicoID, IntervID) VALUES (368,448);
INSERT INTO Evento(EventoID,Descricao, Data, Admissao, Quarto) VALUES (449, "descricao","1973-02-03 07:10:41" ,31, 202);
INSERT INTO Intervencao( EventoID, Descricao) VALUES (449,"descricao");
INSERT INTO TecnicoInterv( TecnicoID, IntervID) VALUES (376,449);
INSERT INTO Evento(EventoID,Descricao, Data, Admissao, Quarto) VALUES (450, "descricao","1979-10-04 23:42:29" ,173, 166);
INSERT INTO Intervencao( EventoID, Descricao) VALUES (450,"descricao");
INSERT INTO TecnicoInterv( TecnicoID, IntervID) VALUES (367,450);
INSERT INTO Evento(EventoID,Descricao, Data, Admissao, Quarto) VALUES (451, "descricao","1978-10-29 04:45:02" ,19, 233);
INSERT INTO Intervencao( EventoID, Descricao) VALUES (451,"descricao");
INSERT INTO TecnicoInterv( TecnicoID, IntervID) VALUES (374,451);
INSERT INTO Evento(EventoID,Descricao, Data, Admissao, Quarto) VALUES (452, "descricao","1974-11-23 00:02:06" ,197, 210);
INSERT INTO Intervencao( EventoID, Descricao) VALUES (452,"descricao");
INSERT INTO TecnicoInterv( TecnicoID, IntervID) VALUES (373,452);
INSERT INTO Evento(EventoID,Descricao, Data, Admissao, Quarto) VALUES (453, "descricao","1985-11-28 14:03:48" ,172, 206);
INSERT INTO Intervencao( EventoID, Descricao) VALUES (453,"descricao");
INSERT INTO TecnicoInterv( TecnicoID, IntervID) VALUES (376,453);
INSERT INTO Evento(EventoID,Descricao, Data, Admissao, Quarto) VALUES (454, "descricao","2009-10-29 11:58:23" ,130, 248);
INSERT INTO Intervencao( EventoID, Descricao) VALUES (454,"descricao");
INSERT INTO TecnicoInterv( TecnicoID, IntervID) VALUES (374,454);
INSERT INTO Evento(EventoID,Descricao, Data, Admissao, Quarto) VALUES (455, "descricao","1978-01-06 23:23:40" ,179, 141);
INSERT INTO Intervencao( EventoID, Descricao) VALUES (455,"descricao");
INSERT INTO TecnicoInterv( TecnicoID, IntervID) VALUES (374,455);
INSERT INTO Evento(EventoID,Descricao, Data, Admissao, Quarto) VALUES (456, "descricao","1999-09-25 17:05:06" ,76, 126);
INSERT INTO Intervencao( EventoID, Descricao) VALUES (456,"descricao");
INSERT INTO TecnicoInterv( TecnicoID, IntervID) VALUES (370,456);
INSERT INTO Evento(EventoID,Descricao, Data, Admissao, Quarto) VALUES (457, "descricao","2000-10-26 07:50:44" ,108, 102);
INSERT INTO Intervencao( EventoID, Descricao) VALUES (457,"descricao");
INSERT INTO TecnicoInterv( TecnicoID, IntervID) VALUES (368,457);
INSERT INTO Evento(EventoID,Descricao, Data, Admissao, Quarto) VALUES (458, "descricao","1974-02-01 03:12:28" ,167, 163);
INSERT INTO Intervencao( EventoID, Descricao) VALUES (458,"descricao");
INSERT INTO TecnicoInterv( TecnicoID, IntervID) VALUES (372,458);
INSERT INTO Evento(EventoID,Descricao, Data, Admissao, Quarto) VALUES (459, "descricao","1982-11-25 18:29:20" ,7, 113);
INSERT INTO Intervencao( EventoID, Descricao) VALUES (459,"descricao");
INSERT INTO TecnicoInterv( TecnicoID, IntervID) VALUES (369,459);
INSERT INTO Evento(EventoID,Descricao, Data, Admissao, Quarto) VALUES (460, "descricao","2010-10-24 12:54:10" ,30, 249);
INSERT INTO Intervencao( EventoID, Descricao) VALUES (460,"descricao");
INSERT INTO TecnicoInterv( TecnicoID, IntervID) VALUES (377,460);
INSERT INTO Evento(EventoID,Descricao, Data, Admissao, Quarto) VALUES (461, "descricao","1974-01-22 02:21:36" ,83, 116);
INSERT INTO Intervencao( EventoID, Descricao) VALUES (461,"descricao");
INSERT INTO TecnicoInterv( TecnicoID, IntervID) VALUES (373,461);
INSERT INTO Evento(EventoID,Descricao, Data, Admissao, Quarto) VALUES (462, "descricao","2000-07-04 11:13:42" ,163, 177);
INSERT INTO Intervencao( EventoID, Descricao) VALUES (462,"descricao");
INSERT INTO TecnicoInterv( TecnicoID, IntervID) VALUES (367,462);
INSERT INTO Evento(EventoID,Descricao, Data, Admissao, Quarto) VALUES (463, "descricao","2007-09-11 22:56:44" ,23, 247);
INSERT INTO Intervencao( EventoID, Descricao) VALUES (463,"descricao");
INSERT INTO TecnicoInterv( TecnicoID, IntervID) VALUES (379,463);
INSERT INTO Evento(EventoID,Descricao, Data, Admissao, Quarto) VALUES (464, "descricao","1970-06-27 23:19:22" ,156, 188);
INSERT INTO Intervencao( EventoID, Descricao) VALUES (464,"descricao");
INSERT INTO TecnicoInterv( TecnicoID, IntervID) VALUES (378,464);
INSERT INTO Evento(EventoID,Descricao, Data, Admissao, Quarto) VALUES (465, "descricao","1994-08-28 21:41:42" ,75, 223);
INSERT INTO Intervencao( EventoID, Descricao) VALUES (465,"descricao");
INSERT INTO TecnicoInterv( TecnicoID, IntervID) VALUES (376,465);
INSERT INTO Evento(EventoID,Descricao, Data, Admissao, Quarto) VALUES (466, "descricao","1987-10-07 20:59:38" ,188, 215);
INSERT INTO Intervencao( EventoID, Descricao) VALUES (466,"descricao");
INSERT INTO TecnicoInterv( TecnicoID, IntervID) VALUES (382,466);
INSERT INTO Evento(EventoID,Descricao, Data, Admissao, Quarto) VALUES (467, "descricao","2008-06-12 11:31:21" ,30, 170);
INSERT INTO Intervencao( EventoID, Descricao) VALUES (467,"descricao");
INSERT INTO TecnicoInterv( TecnicoID, IntervID) VALUES (382,467);
INSERT INTO Evento(EventoID,Descricao, Data, Admissao, Quarto) VALUES (468, "descricao","2019-01-11 13:21:59" ,11, 105);
INSERT INTO Intervencao( EventoID, Descricao) VALUES (468,"descricao");
INSERT INTO TecnicoInterv( TecnicoID, IntervID) VALUES (381,468);
INSERT INTO Evento(EventoID,Descricao, Data, Admissao, Quarto) VALUES (469, "descricao","1988-07-12 08:22:40" ,183, 177);
INSERT INTO Intervencao( EventoID, Descricao) VALUES (469,"descricao");
INSERT INTO TecnicoInterv( TecnicoID, IntervID) VALUES (377,469);
INSERT INTO Evento(EventoID,Descricao, Data, Admissao, Quarto) VALUES (470, "descricao","1989-03-19 00:17:26" ,91, 210);
INSERT INTO Intervencao( EventoID, Descricao) VALUES (470,"descricao");
INSERT INTO TecnicoInterv( TecnicoID, IntervID) VALUES (369,470);
INSERT INTO Evento(EventoID,Descricao, Data, Admissao, Quarto) VALUES (471, "descricao","2002-10-18 03:18:17" ,4, 221);
INSERT INTO Intervencao( EventoID, Descricao) VALUES (471,"descricao");
INSERT INTO TecnicoInterv( TecnicoID, IntervID) VALUES (378,471);
INSERT INTO Evento(EventoID,Descricao, Data, Admissao, Quarto) VALUES (472, "descricao","1987-12-30 09:02:34" ,127, 130);
INSERT INTO Intervencao( EventoID, Descricao) VALUES (472,"descricao");
INSERT INTO TecnicoInterv( TecnicoID, IntervID) VALUES (372,472);
INSERT INTO Evento(EventoID,Descricao, Data, Admissao, Quarto) VALUES (473, "descricao","1979-05-07 09:33:06" ,121, 196);
INSERT INTO Intervencao( EventoID, Descricao) VALUES (473,"descricao");
INSERT INTO TecnicoInterv( TecnicoID, IntervID) VALUES (379,473);
INSERT INTO Evento(EventoID,Descricao, Data, Admissao, Quarto) VALUES (474, "descricao","1983-04-05 21:26:51" ,153, 222);
INSERT INTO Intervencao( EventoID, Descricao) VALUES (474,"descricao");
INSERT INTO TecnicoInterv( TecnicoID, IntervID) VALUES (371,474);
INSERT INTO Evento(EventoID,Descricao, Data, Admissao, Quarto) VALUES (475, "descricao","1993-07-18 22:48:49" ,123, 123);
INSERT INTO Intervencao( EventoID, Descricao) VALUES (475,"descricao");
INSERT INTO TecnicoInterv( TecnicoID, IntervID) VALUES (376,475);
INSERT INTO Evento(EventoID,Descricao, Data, Admissao, Quarto) VALUES (476, "descricao","1972-03-08 20:02:56" ,137, 137);
INSERT INTO Intervencao( EventoID, Descricao) VALUES (476,"descricao");
INSERT INTO TecnicoInterv( TecnicoID, IntervID) VALUES (374,476);
INSERT INTO Evento(EventoID,Descricao, Data, Admissao, Quarto) VALUES (477, "descricao","2008-01-16 16:01:00" ,125, 233);
INSERT INTO Intervencao( EventoID, Descricao) VALUES (477,"descricao");
INSERT INTO TecnicoInterv( TecnicoID, IntervID) VALUES (369,477);
INSERT INTO Evento(EventoID,Descricao, Data, Admissao, Quarto) VALUES (478, "descricao","1982-12-25 17:27:41" ,188, 174);
INSERT INTO Intervencao( EventoID, Descricao) VALUES (478,"descricao");
INSERT INTO TecnicoInterv( TecnicoID, IntervID) VALUES (369,478);
INSERT INTO Evento(EventoID,Descricao, Data, Admissao, Quarto) VALUES (479, "descricao","1996-06-27 05:53:01" ,29, 127);
INSERT INTO Intervencao( EventoID, Descricao) VALUES (479,"descricao");
INSERT INTO TecnicoInterv( TecnicoID, IntervID) VALUES (372,479);
INSERT INTO Evento(EventoID,Descricao, Data, Admissao, Quarto) VALUES (480, "descricao","2001-02-12 11:23:56" ,69, 140);
INSERT INTO Intervencao( EventoID, Descricao) VALUES (480,"descricao");
INSERT INTO TecnicoInterv( TecnicoID, IntervID) VALUES (373,480);
INSERT INTO Evento(EventoID,Descricao, Data, Admissao, Quarto) VALUES (481, "descricao","1989-03-20 01:44:09" ,85, 244);
INSERT INTO Intervencao( EventoID, Descricao) VALUES (481,"descricao");
INSERT INTO TecnicoInterv( TecnicoID, IntervID) VALUES (381,481);
INSERT INTO Evento(EventoID,Descricao, Data, Admissao, Quarto) VALUES (482, "descricao","1993-08-06 01:54:45" ,47, 116);
INSERT INTO Intervencao( EventoID, Descricao) VALUES (482,"descricao");
INSERT INTO TecnicoInterv( TecnicoID, IntervID) VALUES (373,482);
INSERT INTO Evento(EventoID,Descricao, Data, Admissao, Quarto) VALUES (483, "descricao","1994-07-05 20:22:50" ,31, 245);
INSERT INTO Intervencao( EventoID, Descricao) VALUES (483,"descricao");
INSERT INTO TecnicoInterv( TecnicoID, IntervID) VALUES (368,483);
INSERT INTO Evento(EventoID,Descricao, Data, Admissao, Quarto) VALUES (484, "descricao","1984-10-16 13:38:59" ,32, 118);
INSERT INTO Intervencao( EventoID, Descricao) VALUES (484,"descricao");
INSERT INTO TecnicoInterv( TecnicoID, IntervID) VALUES (373,484);
INSERT INTO Evento(EventoID,Descricao, Data, Admissao, Quarto) VALUES (485, "descricao","1997-09-13 23:34:34" ,164, 238);
INSERT INTO Intervencao( EventoID, Descricao) VALUES (485,"descricao");
INSERT INTO TecnicoInterv( TecnicoID, IntervID) VALUES (377,485);
INSERT INTO Evento(EventoID,Descricao, Data, Admissao, Quarto) VALUES (486, "descricao","1983-12-23 15:27:25" ,177, 161);
INSERT INTO Intervencao( EventoID, Descricao) VALUES (486,"descricao");
INSERT INTO TecnicoInterv( TecnicoID, IntervID) VALUES (375,486);
INSERT INTO Evento(EventoID,Descricao, Data, Admissao, Quarto) VALUES (487, "descricao","2015-10-15 15:03:03" ,26, 192);
INSERT INTO Intervencao( EventoID, Descricao) VALUES (487,"descricao");
INSERT INTO TecnicoInterv( TecnicoID, IntervID) VALUES (379,487);
INSERT INTO Evento(EventoID,Descricao, Data, Admissao, Quarto) VALUES (488, "descricao","2003-04-19 19:12:32" ,163, 203);
INSERT INTO Intervencao( EventoID, Descricao) VALUES (488,"descricao");
INSERT INTO TecnicoInterv( TecnicoID, IntervID) VALUES (369,488);
INSERT INTO Evento(EventoID,Descricao, Data, Admissao, Quarto) VALUES (489, "descricao","1998-08-15 21:13:08" ,81, 235);
INSERT INTO Intervencao( EventoID, Descricao) VALUES (489,"descricao");
INSERT INTO TecnicoInterv( TecnicoID, IntervID) VALUES (378,489);
INSERT INTO Evento(EventoID,Descricao, Data, Admissao, Quarto) VALUES (490, "descricao","1978-12-29 09:31:34" ,153, 139);
INSERT INTO Intervencao( EventoID, Descricao) VALUES (490,"descricao");
INSERT INTO TecnicoInterv( TecnicoID, IntervID) VALUES (373,490);
INSERT INTO Evento(EventoID,Descricao, Data, Admissao, Quarto) VALUES (491, "descricao","1970-08-20 20:52:00" ,160, 242);
INSERT INTO Intervencao( EventoID, Descricao) VALUES (491,"descricao");
INSERT INTO TecnicoInterv( TecnicoID, IntervID) VALUES (379,491);
INSERT INTO Evento(EventoID,Descricao, Data, Admissao, Quarto) VALUES (492, "descricao","1991-06-15 07:03:49" ,163, 174);
INSERT INTO Intervencao( EventoID, Descricao) VALUES (492,"descricao");
INSERT INTO TecnicoInterv( TecnicoID, IntervID) VALUES (370,492);
INSERT INTO Evento(EventoID,Descricao, Data, Admissao, Quarto) VALUES (493, "descricao","1993-10-12 03:56:55" ,157, 156);
INSERT INTO Intervencao( EventoID, Descricao) VALUES (493,"descricao");
INSERT INTO TecnicoInterv( TecnicoID, IntervID) VALUES (382,493);
INSERT INTO Evento(EventoID,Descricao, Data, Admissao, Quarto) VALUES (494, "descricao","2002-05-10 06:05:55" ,91, 101);
INSERT INTO Intervencao( EventoID, Descricao) VALUES (494,"descricao");
INSERT INTO TecnicoInterv( TecnicoID, IntervID) VALUES (382,494);
INSERT INTO Evento(EventoID,Descricao, Data, Admissao, Quarto) VALUES (495, "descricao","2015-04-30 04:36:17" ,162, 249);
INSERT INTO Intervencao( EventoID, Descricao) VALUES (495,"descricao");
INSERT INTO TecnicoInterv( TecnicoID, IntervID) VALUES (374,495);
INSERT INTO Evento(EventoID,Descricao, Data, Admissao, Quarto) VALUES (496, "descricao","1997-04-26 17:45:35" ,53, 203);
INSERT INTO Intervencao( EventoID, Descricao) VALUES (496,"descricao");
INSERT INTO TecnicoInterv( TecnicoID, IntervID) VALUES (377,496);
INSERT INTO Evento(EventoID,Descricao, Data, Admissao, Quarto) VALUES (497, "descricao","1988-10-03 15:29:26" ,78, 174);
INSERT INTO Intervencao( EventoID, Descricao) VALUES (497,"descricao");
INSERT INTO TecnicoInterv( TecnicoID, IntervID) VALUES (382,497);
INSERT INTO Evento(EventoID,Descricao, Data, Admissao, Quarto) VALUES (498, "descricao","1973-04-21 19:55:38" ,196, 174);
INSERT INTO Intervencao( EventoID, Descricao) VALUES (498,"descricao");
INSERT INTO TecnicoInterv( TecnicoID, IntervID) VALUES (374,498);
INSERT INTO Evento(EventoID,Descricao, Data, Admissao, Quarto) VALUES (499, "descricao","1985-02-25 10:04:27" ,177, 109);
INSERT INTO Intervencao( EventoID, Descricao) VALUES (499,"descricao");
INSERT INTO TecnicoInterv( TecnicoID, IntervID) VALUES (380,499);

-- Medical Intervention
INSERT INTO Evento(EventoID,Descricao, Data, Admissao, Quarto) VALUES (500, "descricao","1973-10-27 23:30:25" ,185, 146);
INSERT INTO Intervencao( EventoID, Descricao) VALUES (500,"descricao");
INSERT INTO MedicoInterv( MedicoID, IntervID) VALUES (392,500);
INSERT INTO Evento(EventoID,Descricao, Data, Admissao, Quarto) VALUES (501, "descricao","1985-11-11 15:26:01" ,193, 202);
INSERT INTO Intervencao( EventoID, Descricao) VALUES (501,"descricao");
INSERT INTO MedicoInterv( MedicoID, IntervID) VALUES (384,501);
INSERT INTO Evento(EventoID,Descricao, Data, Admissao, Quarto) VALUES (502, "descricao","1997-04-08 18:47:31" ,129, 230);
INSERT INTO Intervencao( EventoID, Descricao) VALUES (502,"descricao");
INSERT INTO MedicoInterv( MedicoID, IntervID) VALUES (416,502);
INSERT INTO Evento(EventoID,Descricao, Data, Admissao, Quarto) VALUES (503, "descricao","2005-07-28 06:48:46" ,107, 226);
INSERT INTO Intervencao( EventoID, Descricao) VALUES (503,"descricao");
INSERT INTO MedicoInterv( MedicoID, IntervID) VALUES (413,503);
INSERT INTO Evento(EventoID,Descricao, Data, Admissao, Quarto) VALUES (504, "descricao","1984-04-02 01:51:34" ,33, 128);
INSERT INTO Intervencao( EventoID, Descricao) VALUES (504,"descricao");
INSERT INTO MedicoInterv( MedicoID, IntervID) VALUES (420,504);
INSERT INTO Evento(EventoID,Descricao, Data, Admissao, Quarto) VALUES (505, "descricao","1984-09-03 01:37:50" ,24, 107);
INSERT INTO Intervencao( EventoID, Descricao) VALUES (505,"descricao");
INSERT INTO MedicoInterv( MedicoID, IntervID) VALUES (403,505);
INSERT INTO Evento(EventoID,Descricao, Data, Admissao, Quarto) VALUES (506, "descricao","2015-11-17 08:11:25" ,31, 165);
INSERT INTO Intervencao( EventoID, Descricao) VALUES (506,"descricao");
INSERT INTO MedicoInterv( MedicoID, IntervID) VALUES (398,506);
INSERT INTO Evento(EventoID,Descricao, Data, Admissao, Quarto) VALUES (507, "descricao","1972-10-05 13:05:29" ,24, 153);
INSERT INTO Intervencao( EventoID, Descricao) VALUES (507,"descricao");
INSERT INTO MedicoInterv( MedicoID, IntervID) VALUES (401,507);
INSERT INTO Evento(EventoID,Descricao, Data, Admissao, Quarto) VALUES (508, "descricao","1983-10-07 03:08:16" ,39, 194);
INSERT INTO Intervencao( EventoID, Descricao) VALUES (508,"descricao");
INSERT INTO MedicoInterv( MedicoID, IntervID) VALUES (415,508);
INSERT INTO Evento(EventoID,Descricao, Data, Admissao, Quarto) VALUES (509, "descricao","1985-03-13 09:02:57" ,54, 167);
INSERT INTO Intervencao( EventoID, Descricao) VALUES (509,"descricao");
INSERT INTO MedicoInterv( MedicoID, IntervID) VALUES (384,509);
INSERT INTO Evento(EventoID,Descricao, Data, Admissao, Quarto) VALUES (510, "descricao","2005-03-22 02:25:10" ,13, 156);
INSERT INTO Intervencao( EventoID, Descricao) VALUES (510,"descricao");
INSERT INTO MedicoInterv( MedicoID, IntervID) VALUES (415,510);
INSERT INTO Evento(EventoID,Descricao, Data, Admissao, Quarto) VALUES (511, "descricao","1983-01-03 10:49:19" ,56, 162);
INSERT INTO Intervencao( EventoID, Descricao) VALUES (511,"descricao");
INSERT INTO MedicoInterv( MedicoID, IntervID) VALUES (410,511);
INSERT INTO Evento(EventoID,Descricao, Data, Admissao, Quarto) VALUES (512, "descricao","2002-07-25 22:23:16" ,81, 209);
INSERT INTO Intervencao( EventoID, Descricao) VALUES (512,"descricao");
INSERT INTO MedicoInterv( MedicoID, IntervID) VALUES (407,512);
INSERT INTO Evento(EventoID,Descricao, Data, Admissao, Quarto) VALUES (513, "descricao","1992-09-11 23:02:08" ,80, 248);
INSERT INTO Intervencao( EventoID, Descricao) VALUES (513,"descricao");
INSERT INTO MedicoInterv( MedicoID, IntervID) VALUES (405,513);
INSERT INTO Evento(EventoID,Descricao, Data, Admissao, Quarto) VALUES (514, "descricao","1981-09-22 08:02:39" ,22, 148);
INSERT INTO Intervencao( EventoID, Descricao) VALUES (514,"descricao");
INSERT INTO MedicoInterv( MedicoID, IntervID) VALUES (400,514);
INSERT INTO Evento(EventoID,Descricao, Data, Admissao, Quarto) VALUES (515, "descricao","1990-04-05 18:18:54" ,51, 207);
INSERT INTO Intervencao( EventoID, Descricao) VALUES (515,"descricao");
INSERT INTO MedicoInterv( MedicoID, IntervID) VALUES (423,515);
INSERT INTO Evento(EventoID,Descricao, Data, Admissao, Quarto) VALUES (516, "descricao","1999-03-12 12:58:17" ,70, 236);
INSERT INTO Intervencao( EventoID, Descricao) VALUES (516,"descricao");
INSERT INTO MedicoInterv( MedicoID, IntervID) VALUES (387,516);
INSERT INTO Evento(EventoID,Descricao, Data, Admissao, Quarto) VALUES (517, "descricao","1980-10-24 00:13:35" ,59, 182);
INSERT INTO Intervencao( EventoID, Descricao) VALUES (517,"descricao");
INSERT INTO MedicoInterv( MedicoID, IntervID) VALUES (421,517);
INSERT INTO Evento(EventoID,Descricao, Data, Admissao, Quarto) VALUES (518, "descricao","2010-10-10 00:48:21" ,144, 237);
INSERT INTO Intervencao( EventoID, Descricao) VALUES (518,"descricao");
INSERT INTO MedicoInterv( MedicoID, IntervID) VALUES (404,518);
INSERT INTO Evento(EventoID,Descricao, Data, Admissao, Quarto) VALUES (519, "descricao","1972-04-24 08:34:18" ,39, 210);
INSERT INTO Intervencao( EventoID, Descricao) VALUES (519,"descricao");
INSERT INTO MedicoInterv( MedicoID, IntervID) VALUES (413,519);
INSERT INTO Evento(EventoID,Descricao, Data, Admissao, Quarto) VALUES (520, "descricao","1996-04-10 00:58:02" ,96, 164);
INSERT INTO Intervencao( EventoID, Descricao) VALUES (520,"descricao");
INSERT INTO MedicoInterv( MedicoID, IntervID) VALUES (385,520);
INSERT INTO Evento(EventoID,Descricao, Data, Admissao, Quarto) VALUES (521, "descricao","2013-03-21 16:42:35" ,12, 186);
INSERT INTO Intervencao( EventoID, Descricao) VALUES (521,"descricao");
INSERT INTO MedicoInterv( MedicoID, IntervID) VALUES (424,521);
INSERT INTO Evento(EventoID,Descricao, Data, Admissao, Quarto) VALUES (522, "descricao","2005-01-29 13:58:38" ,102, 218);
INSERT INTO Intervencao( EventoID, Descricao) VALUES (522,"descricao");
INSERT INTO MedicoInterv( MedicoID, IntervID) VALUES (420,522);
INSERT INTO Evento(EventoID,Descricao, Data, Admissao, Quarto) VALUES (523, "descricao","1970-07-01 00:57:35" ,113, 187);
INSERT INTO Intervencao( EventoID, Descricao) VALUES (523,"descricao");
INSERT INTO MedicoInterv( MedicoID, IntervID) VALUES (423,523);
INSERT INTO Evento(EventoID,Descricao, Data, Admissao, Quarto) VALUES (524, "descricao","2019-12-28 15:34:40" ,25, 125);
INSERT INTO Intervencao( EventoID, Descricao) VALUES (524,"descricao");
INSERT INTO MedicoInterv( MedicoID, IntervID) VALUES (383,524);
INSERT INTO Evento(EventoID,Descricao, Data, Admissao, Quarto) VALUES (525, "descricao","2001-12-17 21:39:29" ,161, 148);
INSERT INTO Intervencao( EventoID, Descricao) VALUES (525,"descricao");
INSERT INTO MedicoInterv( MedicoID, IntervID) VALUES (417,525);
INSERT INTO Evento(EventoID,Descricao, Data, Admissao, Quarto) VALUES (526, "descricao","1988-02-10 00:31:27" ,101, 171);
INSERT INTO Intervencao( EventoID, Descricao) VALUES (526,"descricao");
INSERT INTO MedicoInterv( MedicoID, IntervID) VALUES (404,526);
INSERT INTO Evento(EventoID,Descricao, Data, Admissao, Quarto) VALUES (527, "descricao","1975-12-15 08:23:05" ,199, 150);
INSERT INTO Intervencao( EventoID, Descricao) VALUES (527,"descricao");
INSERT INTO MedicoInterv( MedicoID, IntervID) VALUES (416,527);
INSERT INTO Evento(EventoID,Descricao, Data, Admissao, Quarto) VALUES (528, "descricao","2003-01-13 00:51:42" ,11, 234);
INSERT INTO Intervencao( EventoID, Descricao) VALUES (528,"descricao");
INSERT INTO MedicoInterv( MedicoID, IntervID) VALUES (411,528);
INSERT INTO Evento(EventoID,Descricao, Data, Admissao, Quarto) VALUES (529, "descricao","1970-01-21 13:53:39" ,18, 150);
INSERT INTO Intervencao( EventoID, Descricao) VALUES (529,"descricao");
INSERT INTO MedicoInterv( MedicoID, IntervID) VALUES (387,529);
INSERT INTO Evento(EventoID,Descricao, Data, Admissao, Quarto) VALUES (530, "descricao","1985-05-25 00:07:13" ,11, 160);
INSERT INTO Intervencao( EventoID, Descricao) VALUES (530,"descricao");
INSERT INTO MedicoInterv( MedicoID, IntervID) VALUES (423,530);
INSERT INTO Evento(EventoID,Descricao, Data, Admissao, Quarto) VALUES (531, "descricao","1978-07-20 10:58:21" ,93, 118);
INSERT INTO Intervencao( EventoID, Descricao) VALUES (531,"descricao");
INSERT INTO MedicoInterv( MedicoID, IntervID) VALUES (414,531);
INSERT INTO Evento(EventoID,Descricao, Data, Admissao, Quarto) VALUES (532, "descricao","1996-04-14 14:41:55" ,129, 173);
INSERT INTO Intervencao( EventoID, Descricao) VALUES (532,"descricao");
INSERT INTO MedicoInterv( MedicoID, IntervID) VALUES (412,532);
INSERT INTO Evento(EventoID,Descricao, Data, Admissao, Quarto) VALUES (533, "descricao","2003-04-12 21:15:26" ,12, 190);
INSERT INTO Intervencao( EventoID, Descricao) VALUES (533,"descricao");
INSERT INTO MedicoInterv( MedicoID, IntervID) VALUES (385,533);
INSERT INTO Evento(EventoID,Descricao, Data, Admissao, Quarto) VALUES (534, "descricao","1970-03-09 13:41:05" ,60, 210);
INSERT INTO Intervencao( EventoID, Descricao) VALUES (534,"descricao");
INSERT INTO MedicoInterv( MedicoID, IntervID) VALUES (393,534);
INSERT INTO Evento(EventoID,Descricao, Data, Admissao, Quarto) VALUES (535, "descricao","1970-03-13 06:34:38" ,31, 139);
INSERT INTO Intervencao( EventoID, Descricao) VALUES (535,"descricao");
INSERT INTO MedicoInterv( MedicoID, IntervID) VALUES (410,535);
INSERT INTO Evento(EventoID,Descricao, Data, Admissao, Quarto) VALUES (536, "descricao","1989-12-17 12:14:45" ,116, 136);
INSERT INTO Intervencao( EventoID, Descricao) VALUES (536,"descricao");
INSERT INTO MedicoInterv( MedicoID, IntervID) VALUES (407,536);
INSERT INTO Evento(EventoID,Descricao, Data, Admissao, Quarto) VALUES (537, "descricao","1972-01-05 14:37:59" ,54, 121);
INSERT INTO Intervencao( EventoID, Descricao) VALUES (537,"descricao");
INSERT INTO MedicoInterv( MedicoID, IntervID) VALUES (420,537);
INSERT INTO Evento(EventoID,Descricao, Data, Admissao, Quarto) VALUES (538, "descricao","2009-04-17 10:28:27" ,193, 144);
INSERT INTO Intervencao( EventoID, Descricao) VALUES (538,"descricao");
INSERT INTO MedicoInterv( MedicoID, IntervID) VALUES (389,538);
INSERT INTO Evento(EventoID,Descricao, Data, Admissao, Quarto) VALUES (539, "descricao","2005-07-06 08:08:21" ,96, 214);
INSERT INTO Intervencao( EventoID, Descricao) VALUES (539,"descricao");
INSERT INTO MedicoInterv( MedicoID, IntervID) VALUES (383,539);
INSERT INTO Evento(EventoID,Descricao, Data, Admissao, Quarto) VALUES (540, "descricao","1983-09-12 20:36:47" ,105, 194);
INSERT INTO Intervencao( EventoID, Descricao) VALUES (540,"descricao");
INSERT INTO MedicoInterv( MedicoID, IntervID) VALUES (425,540);
INSERT INTO Evento(EventoID,Descricao, Data, Admissao, Quarto) VALUES (541, "descricao","2019-06-16 19:35:44" ,84, 242);
INSERT INTO Intervencao( EventoID, Descricao) VALUES (541,"descricao");
INSERT INTO MedicoInterv( MedicoID, IntervID) VALUES (410,541);
INSERT INTO Evento(EventoID,Descricao, Data, Admissao, Quarto) VALUES (542, "descricao","1986-09-26 10:27:56" ,153, 220);
INSERT INTO Intervencao( EventoID, Descricao) VALUES (542,"descricao");
INSERT INTO MedicoInterv( MedicoID, IntervID) VALUES (390,542);
INSERT INTO Evento(EventoID,Descricao, Data, Admissao, Quarto) VALUES (543, "descricao","2011-08-16 04:01:11" ,6, 242);
INSERT INTO Intervencao( EventoID, Descricao) VALUES (543,"descricao");
INSERT INTO MedicoInterv( MedicoID, IntervID) VALUES (388,543);
INSERT INTO Evento(EventoID,Descricao, Data, Admissao, Quarto) VALUES (544, "descricao","2014-05-10 06:23:01" ,109, 103);
INSERT INTO Intervencao( EventoID, Descricao) VALUES (544,"descricao");
INSERT INTO MedicoInterv( MedicoID, IntervID) VALUES (386,544);
INSERT INTO Evento(EventoID,Descricao, Data, Admissao, Quarto) VALUES (545, "descricao","1986-04-19 04:29:26" ,193, 107);
INSERT INTO Intervencao( EventoID, Descricao) VALUES (545,"descricao");
INSERT INTO MedicoInterv( MedicoID, IntervID) VALUES (395,545);
INSERT INTO Evento(EventoID,Descricao, Data, Admissao, Quarto) VALUES (546, "descricao","1991-10-21 13:05:45" ,118, 181);
INSERT INTO Intervencao( EventoID, Descricao) VALUES (546,"descricao");
INSERT INTO MedicoInterv( MedicoID, IntervID) VALUES (393,546);
INSERT INTO Evento(EventoID,Descricao, Data, Admissao, Quarto) VALUES (547, "descricao","2003-01-19 21:05:56" ,88, 131);
INSERT INTO Intervencao( EventoID, Descricao) VALUES (547,"descricao");
INSERT INTO MedicoInterv( MedicoID, IntervID) VALUES (403,547);
INSERT INTO Evento(EventoID,Descricao, Data, Admissao, Quarto) VALUES (548, "descricao","2011-05-25 16:46:51" ,143, 134);
INSERT INTO Intervencao( EventoID, Descricao) VALUES (548,"descricao");
INSERT INTO MedicoInterv( MedicoID, IntervID) VALUES (403,548);
INSERT INTO Evento(EventoID,Descricao, Data, Admissao, Quarto) VALUES (549, "descricao","2003-05-14 02:32:36" ,136, 124);
INSERT INTO Intervencao( EventoID, Descricao) VALUES (549,"descricao");
INSERT INTO MedicoInterv( MedicoID, IntervID) VALUES (412,549);
INSERT INTO Evento(EventoID,Descricao, Data, Admissao, Quarto) VALUES (550, "descricao","2003-09-12 08:48:40" ,81, 195);
INSERT INTO Intervencao( EventoID, Descricao) VALUES (550,"descricao");
INSERT INTO MedicoInterv( MedicoID, IntervID) VALUES (389,550);
INSERT INTO Evento(EventoID,Descricao, Data, Admissao, Quarto) VALUES (551, "descricao","1987-03-05 02:13:42" ,44, 167);
INSERT INTO Intervencao( EventoID, Descricao) VALUES (551,"descricao");
INSERT INTO MedicoInterv( MedicoID, IntervID) VALUES (393,551);
INSERT INTO Evento(EventoID,Descricao, Data, Admissao, Quarto) VALUES (552, "descricao","1988-04-24 18:39:23" ,11, 141);
INSERT INTO Intervencao( EventoID, Descricao) VALUES (552,"descricao");
INSERT INTO MedicoInterv( MedicoID, IntervID) VALUES (422,552);
INSERT INTO Evento(EventoID,Descricao, Data, Admissao, Quarto) VALUES (553, "descricao","1995-02-07 01:19:33" ,121, 210);
INSERT INTO Intervencao( EventoID, Descricao) VALUES (553,"descricao");
INSERT INTO MedicoInterv( MedicoID, IntervID) VALUES (388,553);
INSERT INTO Evento(EventoID,Descricao, Data, Admissao, Quarto) VALUES (554, "descricao","1999-05-29 18:43:48" ,34, 113);
INSERT INTO Intervencao( EventoID, Descricao) VALUES (554,"descricao");
INSERT INTO MedicoInterv( MedicoID, IntervID) VALUES (413,554);
INSERT INTO Evento(EventoID,Descricao, Data, Admissao, Quarto) VALUES (555, "descricao","2002-12-17 07:57:26" ,8, 245);
INSERT INTO Intervencao( EventoID, Descricao) VALUES (555,"descricao");
INSERT INTO MedicoInterv( MedicoID, IntervID) VALUES (388,555);
INSERT INTO Evento(EventoID,Descricao, Data, Admissao, Quarto) VALUES (556, "descricao","1971-10-16 09:49:25" ,191, 230);
INSERT INTO Intervencao( EventoID, Descricao) VALUES (556,"descricao");
INSERT INTO MedicoInterv( MedicoID, IntervID) VALUES (400,556);
INSERT INTO Evento(EventoID,Descricao, Data, Admissao, Quarto) VALUES (557, "descricao","1984-03-02 17:35:03" ,66, 151);
INSERT INTO Intervencao( EventoID, Descricao) VALUES (557,"descricao");
INSERT INTO MedicoInterv( MedicoID, IntervID) VALUES (414,557);
INSERT INTO Evento(EventoID,Descricao, Data, Admissao, Quarto) VALUES (558, "descricao","1991-04-14 16:39:08" ,49, 236);
INSERT INTO Intervencao( EventoID, Descricao) VALUES (558,"descricao");
INSERT INTO MedicoInterv( MedicoID, IntervID) VALUES (425,558);
INSERT INTO Evento(EventoID,Descricao, Data, Admissao, Quarto) VALUES (559, "descricao","1983-01-06 04:25:45" ,69, 211);
INSERT INTO Intervencao( EventoID, Descricao) VALUES (559,"descricao");
INSERT INTO MedicoInterv( MedicoID, IntervID) VALUES (403,559);
INSERT INTO Evento(EventoID,Descricao, Data, Admissao, Quarto) VALUES (560, "descricao","2017-09-01 01:45:00" ,107, 112);
INSERT INTO Intervencao( EventoID, Descricao) VALUES (560,"descricao");
INSERT INTO MedicoInterv( MedicoID, IntervID) VALUES (413,560);
INSERT INTO Evento(EventoID,Descricao, Data, Admissao, Quarto) VALUES (561, "descricao","2019-09-22 14:58:48" ,146, 215);
INSERT INTO Intervencao( EventoID, Descricao) VALUES (561,"descricao");
INSERT INTO MedicoInterv( MedicoID, IntervID) VALUES (398,561);
INSERT INTO Evento(EventoID,Descricao, Data, Admissao, Quarto) VALUES (562, "descricao","2005-01-23 05:21:57" ,44, 129);
INSERT INTO Intervencao( EventoID, Descricao) VALUES (562,"descricao");
INSERT INTO MedicoInterv( MedicoID, IntervID) VALUES (399,562);
INSERT INTO Evento(EventoID,Descricao, Data, Admissao, Quarto) VALUES (563, "descricao","1987-07-23 16:42:06" ,44, 234);
INSERT INTO Intervencao( EventoID, Descricao) VALUES (563,"descricao");
INSERT INTO MedicoInterv( MedicoID, IntervID) VALUES (401,563);
INSERT INTO Evento(EventoID,Descricao, Data, Admissao, Quarto) VALUES (564, "descricao","2001-06-01 14:54:57" ,167, 217);
INSERT INTO Intervencao( EventoID, Descricao) VALUES (564,"descricao");
INSERT INTO MedicoInterv( MedicoID, IntervID) VALUES (407,564);
INSERT INTO Evento(EventoID,Descricao, Data, Admissao, Quarto) VALUES (565, "descricao","2009-09-02 16:03:31" ,39, 244);
INSERT INTO Intervencao( EventoID, Descricao) VALUES (565,"descricao");
INSERT INTO MedicoInterv( MedicoID, IntervID) VALUES (405,565);
INSERT INTO Evento(EventoID,Descricao, Data, Admissao, Quarto) VALUES (566, "descricao","1992-12-01 06:03:36" ,34, 158);
INSERT INTO Intervencao( EventoID, Descricao) VALUES (566,"descricao");
INSERT INTO MedicoInterv( MedicoID, IntervID) VALUES (390,566);
INSERT INTO Evento(EventoID,Descricao, Data, Admissao, Quarto) VALUES (567, "descricao","1987-11-03 11:47:04" ,148, 166);
INSERT INTO Intervencao( EventoID, Descricao) VALUES (567,"descricao");
INSERT INTO MedicoInterv( MedicoID, IntervID) VALUES (384,567);
INSERT INTO Evento(EventoID,Descricao, Data, Admissao, Quarto) VALUES (568, "descricao","2004-05-05 18:25:25" ,3, 189);
INSERT INTO Intervencao( EventoID, Descricao) VALUES (568,"descricao");
INSERT INTO MedicoInterv( MedicoID, IntervID) VALUES (405,568);
INSERT INTO Evento(EventoID,Descricao, Data, Admissao, Quarto) VALUES (569, "descricao","1992-11-12 02:10:32" ,167, 125);
INSERT INTO Intervencao( EventoID, Descricao) VALUES (569,"descricao");
INSERT INTO MedicoInterv( MedicoID, IntervID) VALUES (385,569);
INSERT INTO Evento(EventoID,Descricao, Data, Admissao, Quarto) VALUES (570, "descricao","1994-06-30 13:30:38" ,63, 110);
INSERT INTO Intervencao( EventoID, Descricao) VALUES (570,"descricao");
INSERT INTO MedicoInterv( MedicoID, IntervID) VALUES (422,570);
INSERT INTO Evento(EventoID,Descricao, Data, Admissao, Quarto) VALUES (571, "descricao","1992-01-12 18:34:25" ,60, 146);
INSERT INTO Intervencao( EventoID, Descricao) VALUES (571,"descricao");
INSERT INTO MedicoInterv( MedicoID, IntervID) VALUES (421,571);
INSERT INTO Evento(EventoID,Descricao, Data, Admissao, Quarto) VALUES (572, "descricao","2011-05-13 21:49:53" ,119, 209);
INSERT INTO Intervencao( EventoID, Descricao) VALUES (572,"descricao");
INSERT INTO MedicoInterv( MedicoID, IntervID) VALUES (383,572);
INSERT INTO Evento(EventoID,Descricao, Data, Admissao, Quarto) VALUES (573, "descricao","1985-09-04 14:53:37" ,29, 248);
INSERT INTO Intervencao( EventoID, Descricao) VALUES (573,"descricao");
INSERT INTO MedicoInterv( MedicoID, IntervID) VALUES (423,573);
INSERT INTO Evento(EventoID,Descricao, Data, Admissao, Quarto) VALUES (574, "descricao","2019-02-27 16:01:18" ,89, 121);
INSERT INTO Intervencao( EventoID, Descricao) VALUES (574,"descricao");
INSERT INTO MedicoInterv( MedicoID, IntervID) VALUES (416,574);
INSERT INTO Evento(EventoID,Descricao, Data, Admissao, Quarto) VALUES (575, "descricao","1980-10-11 07:19:58" ,191, 113);
INSERT INTO Intervencao( EventoID, Descricao) VALUES (575,"descricao");
INSERT INTO MedicoInterv( MedicoID, IntervID) VALUES (406,575);
INSERT INTO Evento(EventoID,Descricao, Data, Admissao, Quarto) VALUES (576, "descricao","2015-08-16 13:11:17" ,137, 174);
INSERT INTO Intervencao( EventoID, Descricao) VALUES (576,"descricao");
INSERT INTO MedicoInterv( MedicoID, IntervID) VALUES (394,576);
INSERT INTO Evento(EventoID,Descricao, Data, Admissao, Quarto) VALUES (577, "descricao","2016-08-15 11:11:46" ,158, 237);
INSERT INTO Intervencao( EventoID, Descricao) VALUES (577,"descricao");
INSERT INTO MedicoInterv( MedicoID, IntervID) VALUES (423,577);
INSERT INTO Evento(EventoID,Descricao, Data, Admissao, Quarto) VALUES (578, "descricao","1979-01-11 02:50:25" ,168, 111);
INSERT INTO Intervencao( EventoID, Descricao) VALUES (578,"descricao");
INSERT INTO MedicoInterv( MedicoID, IntervID) VALUES (421,578);
INSERT INTO Evento(EventoID,Descricao, Data, Admissao, Quarto) VALUES (579, "descricao","2008-04-02 22:24:07" ,150, 218);
INSERT INTO Intervencao( EventoID, Descricao) VALUES (579,"descricao");
INSERT INTO MedicoInterv( MedicoID, IntervID) VALUES (401,579);
INSERT INTO Evento(EventoID,Descricao, Data, Admissao, Quarto) VALUES (580, "descricao","1993-10-15 05:15:57" ,2, 112);
INSERT INTO Intervencao( EventoID, Descricao) VALUES (580,"descricao");
INSERT INTO MedicoInterv( MedicoID, IntervID) VALUES (409,580);
INSERT INTO Evento(EventoID,Descricao, Data, Admissao, Quarto) VALUES (581, "descricao","1981-08-08 09:50:37" ,194, 124);
INSERT INTO Intervencao( EventoID, Descricao) VALUES (581,"descricao");
INSERT INTO MedicoInterv( MedicoID, IntervID) VALUES (419,581);
INSERT INTO Evento(EventoID,Descricao, Data, Admissao, Quarto) VALUES (582, "descricao","2008-05-08 22:44:44" ,31, 182);
INSERT INTO Intervencao( EventoID, Descricao) VALUES (582,"descricao");
INSERT INTO MedicoInterv( MedicoID, IntervID) VALUES (405,582);
INSERT INTO Evento(EventoID,Descricao, Data, Admissao, Quarto) VALUES (583, "descricao","1979-05-13 01:43:49" ,140, 143);
INSERT INTO Intervencao( EventoID, Descricao) VALUES (583,"descricao");
INSERT INTO MedicoInterv( MedicoID, IntervID) VALUES (423,583);
INSERT INTO Evento(EventoID,Descricao, Data, Admissao, Quarto) VALUES (584, "descricao","2019-06-12 17:52:07" ,50, 229);
INSERT INTO Intervencao( EventoID, Descricao) VALUES (584,"descricao");
INSERT INTO MedicoInterv( MedicoID, IntervID) VALUES (391,584);
INSERT INTO Evento(EventoID,Descricao, Data, Admissao, Quarto) VALUES (585, "descricao","2015-07-28 18:01:15" ,112, 151);
INSERT INTO Intervencao( EventoID, Descricao) VALUES (585,"descricao");
INSERT INTO MedicoInterv( MedicoID, IntervID) VALUES (393,585);
INSERT INTO Evento(EventoID,Descricao, Data, Admissao, Quarto) VALUES (586, "descricao","2001-09-15 18:19:15" ,16, 172);
INSERT INTO Intervencao( EventoID, Descricao) VALUES (586,"descricao");
INSERT INTO MedicoInterv( MedicoID, IntervID) VALUES (415,586);
INSERT INTO Evento(EventoID,Descricao, Data, Admissao, Quarto) VALUES (587, "descricao","1995-03-01 03:28:46" ,29, 170);
INSERT INTO Intervencao( EventoID, Descricao) VALUES (587,"descricao");
INSERT INTO MedicoInterv( MedicoID, IntervID) VALUES (410,587);
INSERT INTO Evento(EventoID,Descricao, Data, Admissao, Quarto) VALUES (588, "descricao","2010-09-28 08:15:18" ,171, 220);
INSERT INTO Intervencao( EventoID, Descricao) VALUES (588,"descricao");
INSERT INTO MedicoInterv( MedicoID, IntervID) VALUES (416,588);
INSERT INTO Evento(EventoID,Descricao, Data, Admissao, Quarto) VALUES (589, "descricao","1997-05-18 00:08:10" ,156, 241);
INSERT INTO Intervencao( EventoID, Descricao) VALUES (589,"descricao");
INSERT INTO MedicoInterv( MedicoID, IntervID) VALUES (407,589);
INSERT INTO Evento(EventoID,Descricao, Data, Admissao, Quarto) VALUES (590, "descricao","1997-05-27 19:34:46" ,124, 194);
INSERT INTO Intervencao( EventoID, Descricao) VALUES (590,"descricao");
INSERT INTO MedicoInterv( MedicoID, IntervID) VALUES (414,590);
INSERT INTO Evento(EventoID,Descricao, Data, Admissao, Quarto) VALUES (591, "descricao","2014-04-10 12:42:31" ,172, 107);
INSERT INTO Intervencao( EventoID, Descricao) VALUES (591,"descricao");
INSERT INTO MedicoInterv( MedicoID, IntervID) VALUES (397,591);
INSERT INTO Evento(EventoID,Descricao, Data, Admissao, Quarto) VALUES (592, "descricao","1985-05-06 12:18:50" ,23, 244);
INSERT INTO Intervencao( EventoID, Descricao) VALUES (592,"descricao");
INSERT INTO MedicoInterv( MedicoID, IntervID) VALUES (392,592);
INSERT INTO Evento(EventoID,Descricao, Data, Admissao, Quarto) VALUES (593, "descricao","1994-09-05 14:45:40" ,139, 206);
INSERT INTO Intervencao( EventoID, Descricao) VALUES (593,"descricao");
INSERT INTO MedicoInterv( MedicoID, IntervID) VALUES (411,593);
INSERT INTO Evento(EventoID,Descricao, Data, Admissao, Quarto) VALUES (594, "descricao","2008-05-09 22:31:35" ,25, 105);
INSERT INTO Intervencao( EventoID, Descricao) VALUES (594,"descricao");
INSERT INTO MedicoInterv( MedicoID, IntervID) VALUES (418,594);
INSERT INTO Evento(EventoID,Descricao, Data, Admissao, Quarto) VALUES (595, "descricao","1978-03-10 08:05:00" ,143, 181);
INSERT INTO Intervencao( EventoID, Descricao) VALUES (595,"descricao");
INSERT INTO MedicoInterv( MedicoID, IntervID) VALUES (401,595);
INSERT INTO Evento(EventoID,Descricao, Data, Admissao, Quarto) VALUES (596, "descricao","1985-02-07 19:18:47" ,34, 249);
INSERT INTO Intervencao( EventoID, Descricao) VALUES (596,"descricao");
INSERT INTO MedicoInterv( MedicoID, IntervID) VALUES (423,596);
INSERT INTO Evento(EventoID,Descricao, Data, Admissao, Quarto) VALUES (597, "descricao","1972-05-28 00:55:50" ,181, 234);
INSERT INTO Intervencao( EventoID, Descricao) VALUES (597,"descricao");
INSERT INTO MedicoInterv( MedicoID, IntervID) VALUES (400,597);
INSERT INTO Evento(EventoID,Descricao, Data, Admissao, Quarto) VALUES (598, "descricao","1972-12-09 12:18:58" ,52, 101);
INSERT INTO Intervencao( EventoID, Descricao) VALUES (598,"descricao");
INSERT INTO MedicoInterv( MedicoID, IntervID) VALUES (415,598);
INSERT INTO Evento(EventoID,Descricao, Data, Admissao, Quarto) VALUES (599, "descricao","1999-11-02 03:23:34" ,169, 144);
INSERT INTO Intervencao( EventoID, Descricao) VALUES (599,"descricao");
INSERT INTO MedicoInterv( MedicoID, IntervID) VALUES (412,599);
INSERT INTO Evento(EventoID,Descricao, Data, Admissao, Quarto) VALUES (600, "descricao","1987-07-07 11:55:00" ,81, 199);
INSERT INTO Intervencao( EventoID, Descricao) VALUES (600,"descricao");
INSERT INTO MedicoInterv( MedicoID, IntervID) VALUES (385,600);
INSERT INTO Evento(EventoID,Descricao, Data, Admissao, Quarto) VALUES (601, "descricao","1993-07-05 01:18:40" ,72, 228);
INSERT INTO Intervencao( EventoID, Descricao) VALUES (601,"descricao");
INSERT INTO MedicoInterv( MedicoID, IntervID) VALUES (396,601);
INSERT INTO Evento(EventoID,Descricao, Data, Admissao, Quarto) VALUES (602, "descricao","2002-06-02 05:03:25" ,20, 232);
INSERT INTO Intervencao( EventoID, Descricao) VALUES (602,"descricao");
INSERT INTO MedicoInterv( MedicoID, IntervID) VALUES (415,602);
INSERT INTO Evento(EventoID,Descricao, Data, Admissao, Quarto) VALUES (603, "descricao","1973-08-24 03:43:27" ,147, 189);
INSERT INTO Intervencao( EventoID, Descricao) VALUES (603,"descricao");
INSERT INTO MedicoInterv( MedicoID, IntervID) VALUES (384,603);
INSERT INTO Evento(EventoID,Descricao, Data, Admissao, Quarto) VALUES (604, "descricao","2006-07-14 13:18:15" ,102, 133);
INSERT INTO Intervencao( EventoID, Descricao) VALUES (604,"descricao");
INSERT INTO MedicoInterv( MedicoID, IntervID) VALUES (402,604);
INSERT INTO Evento(EventoID,Descricao, Data, Admissao, Quarto) VALUES (605, "descricao","1981-05-30 23:17:14" ,123, 240);
INSERT INTO Intervencao( EventoID, Descricao) VALUES (605,"descricao");
INSERT INTO MedicoInterv( MedicoID, IntervID) VALUES (414,605);
INSERT INTO Evento(EventoID,Descricao, Data, Admissao, Quarto) VALUES (606, "descricao","1985-02-08 02:01:03" ,83, 128);
INSERT INTO Intervencao( EventoID, Descricao) VALUES (606,"descricao");
INSERT INTO MedicoInterv( MedicoID, IntervID) VALUES (386,606);
INSERT INTO Evento(EventoID,Descricao, Data, Admissao, Quarto) VALUES (607, "descricao","1979-05-24 17:09:35" ,31, 133);
INSERT INTO Intervencao( EventoID, Descricao) VALUES (607,"descricao");
INSERT INTO MedicoInterv( MedicoID, IntervID) VALUES (411,607);
INSERT INTO Evento(EventoID,Descricao, Data, Admissao, Quarto) VALUES (608, "descricao","1973-02-17 01:58:12" ,42, 119);
INSERT INTO Intervencao( EventoID, Descricao) VALUES (608,"descricao");
INSERT INTO MedicoInterv( MedicoID, IntervID) VALUES (409,608);
INSERT INTO Evento(EventoID,Descricao, Data, Admissao, Quarto) VALUES (609, "descricao","2017-01-31 17:59:21" ,14, 106);
INSERT INTO Intervencao( EventoID, Descricao) VALUES (609,"descricao");
INSERT INTO MedicoInterv( MedicoID, IntervID) VALUES (392,609);
INSERT INTO Evento(EventoID,Descricao, Data, Admissao, Quarto) VALUES (610, "descricao","1983-01-15 07:43:56" ,198, 101);
INSERT INTO Intervencao( EventoID, Descricao) VALUES (610,"descricao");
INSERT INTO MedicoInterv( MedicoID, IntervID) VALUES (424,610);
INSERT INTO Evento(EventoID,Descricao, Data, Admissao, Quarto) VALUES (611, "descricao","1971-05-19 13:14:17" ,115, 215);
INSERT INTO Intervencao( EventoID, Descricao) VALUES (611,"descricao");
INSERT INTO MedicoInterv( MedicoID, IntervID) VALUES (396,611);
INSERT INTO Evento(EventoID,Descricao, Data, Admissao, Quarto) VALUES (612, "descricao","1979-09-02 02:37:56" ,92, 171);
INSERT INTO Intervencao( EventoID, Descricao) VALUES (612,"descricao");
INSERT INTO MedicoInterv( MedicoID, IntervID) VALUES (389,612);
INSERT INTO Evento(EventoID,Descricao, Data, Admissao, Quarto) VALUES (613, "descricao","1994-03-26 18:00:53" ,104, 204);
INSERT INTO Intervencao( EventoID, Descricao) VALUES (613,"descricao");
INSERT INTO MedicoInterv( MedicoID, IntervID) VALUES (404,613);
INSERT INTO Evento(EventoID,Descricao, Data, Admissao, Quarto) VALUES (614, "descricao","1976-01-05 00:23:31" ,45, 117);
INSERT INTO Intervencao( EventoID, Descricao) VALUES (614,"descricao");
INSERT INTO MedicoInterv( MedicoID, IntervID) VALUES (419,614);
INSERT INTO Evento(EventoID,Descricao, Data, Admissao, Quarto) VALUES (615, "descricao","1973-03-06 21:40:52" ,102, 195);
INSERT INTO Intervencao( EventoID, Descricao) VALUES (615,"descricao");
INSERT INTO MedicoInterv( MedicoID, IntervID) VALUES (425,615);
INSERT INTO Evento(EventoID,Descricao, Data, Admissao, Quarto) VALUES (616, "descricao","1982-12-12 21:22:09" ,71, 198);
INSERT INTO Intervencao( EventoID, Descricao) VALUES (616,"descricao");
INSERT INTO MedicoInterv( MedicoID, IntervID) VALUES (413,616);
INSERT INTO Evento(EventoID,Descricao, Data, Admissao, Quarto) VALUES (617, "descricao","2010-10-04 01:36:51" ,67, 145);
INSERT INTO Intervencao( EventoID, Descricao) VALUES (617,"descricao");
INSERT INTO MedicoInterv( MedicoID, IntervID) VALUES (413,617);
INSERT INTO Evento(EventoID,Descricao, Data, Admissao, Quarto) VALUES (618, "descricao","2015-02-11 15:28:51" ,43, 208);
INSERT INTO Intervencao( EventoID, Descricao) VALUES (618,"descricao");
INSERT INTO MedicoInterv( MedicoID, IntervID) VALUES (391,618);
INSERT INTO Evento(EventoID,Descricao, Data, Admissao, Quarto) VALUES (619, "descricao","1973-03-30 00:05:06" ,162, 143);
INSERT INTO Intervencao( EventoID, Descricao) VALUES (619,"descricao");
INSERT INTO MedicoInterv( MedicoID, IntervID) VALUES (400,619);
INSERT INTO Evento(EventoID,Descricao, Data, Admissao, Quarto) VALUES (620, "descricao","1990-01-11 00:34:03" ,156, 218);
INSERT INTO Intervencao( EventoID, Descricao) VALUES (620,"descricao");
INSERT INTO MedicoInterv( MedicoID, IntervID) VALUES (401,620);
INSERT INTO Evento(EventoID,Descricao, Data, Admissao, Quarto) VALUES (621, "descricao","2014-09-25 14:08:55" ,190, 179);
INSERT INTO Intervencao( EventoID, Descricao) VALUES (621,"descricao");
INSERT INTO MedicoInterv( MedicoID, IntervID) VALUES (412,621);
INSERT INTO Evento(EventoID,Descricao, Data, Admissao, Quarto) VALUES (622, "descricao","2016-04-12 14:51:50" ,129, 129);
INSERT INTO Intervencao( EventoID, Descricao) VALUES (622,"descricao");
INSERT INTO MedicoInterv( MedicoID, IntervID) VALUES (421,622);
INSERT INTO Evento(EventoID,Descricao, Data, Admissao, Quarto) VALUES (623, "descricao","1989-06-02 07:42:03" ,90, 132);
INSERT INTO Intervencao( EventoID, Descricao) VALUES (623,"descricao");
INSERT INTO MedicoInterv( MedicoID, IntervID) VALUES (399,623);
INSERT INTO Evento(EventoID,Descricao, Data, Admissao, Quarto) VALUES (624, "descricao","1997-04-15 13:57:54" ,61, 218);
INSERT INTO Intervencao( EventoID, Descricao) VALUES (624,"descricao");
INSERT INTO MedicoInterv( MedicoID, IntervID) VALUES (418,624);
INSERT INTO Evento(EventoID,Descricao, Data, Admissao, Quarto) VALUES (625, "descricao","1978-08-16 07:25:47" ,27, 248);
INSERT INTO Intervencao( EventoID, Descricao) VALUES (625,"descricao");
INSERT INTO MedicoInterv( MedicoID, IntervID) VALUES (415,625);
INSERT INTO Evento(EventoID,Descricao, Data, Admissao, Quarto) VALUES (626, "descricao","1987-08-05 14:14:29" ,198, 168);
INSERT INTO Intervencao( EventoID, Descricao) VALUES (626,"descricao");
INSERT INTO MedicoInterv( MedicoID, IntervID) VALUES (414,626);
INSERT INTO Evento(EventoID,Descricao, Data, Admissao, Quarto) VALUES (627, "descricao","1992-05-15 10:41:53" ,6, 233);
INSERT INTO Intervencao( EventoID, Descricao) VALUES (627,"descricao");
INSERT INTO MedicoInterv( MedicoID, IntervID) VALUES (394,627);
INSERT INTO Evento(EventoID,Descricao, Data, Admissao, Quarto) VALUES (628, "descricao","1977-11-20 14:13:26" ,12, 239);
INSERT INTO Intervencao( EventoID, Descricao) VALUES (628,"descricao");
INSERT INTO MedicoInterv( MedicoID, IntervID) VALUES (393,628);
INSERT INTO Evento(EventoID,Descricao, Data, Admissao, Quarto) VALUES (629, "descricao","1988-11-25 08:29:16" ,198, 247);
INSERT INTO Intervencao( EventoID, Descricao) VALUES (629,"descricao");
INSERT INTO MedicoInterv( MedicoID, IntervID) VALUES (388,629);
INSERT INTO Evento(EventoID,Descricao, Data, Admissao, Quarto) VALUES (630, "descricao","2014-06-03 13:11:38" ,170, 239);
INSERT INTO Intervencao( EventoID, Descricao) VALUES (630,"descricao");
INSERT INTO MedicoInterv( MedicoID, IntervID) VALUES (415,630);
INSERT INTO Evento(EventoID,Descricao, Data, Admissao, Quarto) VALUES (631, "descricao","1976-11-22 10:34:55" ,23, 117);
INSERT INTO Intervencao( EventoID, Descricao) VALUES (631,"descricao");
INSERT INTO MedicoInterv( MedicoID, IntervID) VALUES (410,631);
INSERT INTO Evento(EventoID,Descricao, Data, Admissao, Quarto) VALUES (632, "descricao","1976-05-12 23:15:33" ,196, 143);
INSERT INTO Intervencao( EventoID, Descricao) VALUES (632,"descricao");
INSERT INTO MedicoInterv( MedicoID, IntervID) VALUES (411,632);
INSERT INTO Evento(EventoID,Descricao, Data, Admissao, Quarto) VALUES (633, "descricao","2008-08-06 06:53:11" ,116, 199);
INSERT INTO Intervencao( EventoID, Descricao) VALUES (633,"descricao");
INSERT INTO MedicoInterv( MedicoID, IntervID) VALUES (405,633);
INSERT INTO Evento(EventoID,Descricao, Data, Admissao, Quarto) VALUES (634, "descricao","1976-05-09 10:03:28" ,91, 100);
INSERT INTO Intervencao( EventoID, Descricao) VALUES (634,"descricao");
INSERT INTO MedicoInterv( MedicoID, IntervID) VALUES (384,634);
INSERT INTO Evento(EventoID,Descricao, Data, Admissao, Quarto) VALUES (635, "descricao","2002-09-02 01:16:41" ,20, 232);
INSERT INTO Intervencao( EventoID, Descricao) VALUES (635,"descricao");
INSERT INTO MedicoInterv( MedicoID, IntervID) VALUES (388,635);
INSERT INTO Evento(EventoID,Descricao, Data, Admissao, Quarto) VALUES (636, "descricao","1991-09-09 13:31:41" ,180, 167);
INSERT INTO Intervencao( EventoID, Descricao) VALUES (636,"descricao");
INSERT INTO MedicoInterv( MedicoID, IntervID) VALUES (389,636);
INSERT INTO Evento(EventoID,Descricao, Data, Admissao, Quarto) VALUES (637, "descricao","2009-06-06 03:27:42" ,13, 113);
INSERT INTO Intervencao( EventoID, Descricao) VALUES (637,"descricao");
INSERT INTO MedicoInterv( MedicoID, IntervID) VALUES (425,637);
INSERT INTO Evento(EventoID,Descricao, Data, Admissao, Quarto) VALUES (638, "descricao","2011-10-18 04:20:28" ,40, 118);
INSERT INTO Intervencao( EventoID, Descricao) VALUES (638,"descricao");
INSERT INTO MedicoInterv( MedicoID, IntervID) VALUES (392,638);
INSERT INTO Evento(EventoID,Descricao, Data, Admissao, Quarto) VALUES (639, "descricao","1996-05-17 09:12:02" ,107, 230);
INSERT INTO Intervencao( EventoID, Descricao) VALUES (639,"descricao");
INSERT INTO MedicoInterv( MedicoID, IntervID) VALUES (414,639);
INSERT INTO Evento(EventoID,Descricao, Data, Admissao, Quarto) VALUES (640, "descricao","1984-06-09 11:39:21" ,173, 153);
INSERT INTO Intervencao( EventoID, Descricao) VALUES (640,"descricao");
INSERT INTO MedicoInterv( MedicoID, IntervID) VALUES (398,640);
INSERT INTO Evento(EventoID,Descricao, Data, Admissao, Quarto) VALUES (641, "descricao","1991-08-02 10:22:14" ,169, 143);
INSERT INTO Intervencao( EventoID, Descricao) VALUES (641,"descricao");
INSERT INTO MedicoInterv( MedicoID, IntervID) VALUES (392,641);
INSERT INTO Evento(EventoID,Descricao, Data, Admissao, Quarto) VALUES (642, "descricao","2018-02-18 10:32:46" ,114, 189);
INSERT INTO Intervencao( EventoID, Descricao) VALUES (642,"descricao");
INSERT INTO MedicoInterv( MedicoID, IntervID) VALUES (399,642);
INSERT INTO Evento(EventoID,Descricao, Data, Admissao, Quarto) VALUES (643, "descricao","1986-03-24 13:41:59" ,7, 246);
INSERT INTO Intervencao( EventoID, Descricao) VALUES (643,"descricao");
INSERT INTO MedicoInterv( MedicoID, IntervID) VALUES (406,643);
INSERT INTO Evento(EventoID,Descricao, Data, Admissao, Quarto) VALUES (644, "descricao","1977-09-11 07:47:37" ,84, 201);
INSERT INTO Intervencao( EventoID, Descricao) VALUES (644,"descricao");
INSERT INTO MedicoInterv( MedicoID, IntervID) VALUES (406,644);
INSERT INTO Evento(EventoID,Descricao, Data, Admissao, Quarto) VALUES (645, "descricao","2019-06-06 04:00:16" ,48, 246);
INSERT INTO Intervencao( EventoID, Descricao) VALUES (645,"descricao");
INSERT INTO MedicoInterv( MedicoID, IntervID) VALUES (403,645);
INSERT INTO Evento(EventoID,Descricao, Data, Admissao, Quarto) VALUES (646, "descricao","1995-07-18 10:39:16" ,165, 110);
INSERT INTO Intervencao( EventoID, Descricao) VALUES (646,"descricao");
INSERT INTO MedicoInterv( MedicoID, IntervID) VALUES (415,646);
INSERT INTO Evento(EventoID,Descricao, Data, Admissao, Quarto) VALUES (647, "descricao","2019-12-25 02:42:02" ,83, 181);
INSERT INTO Intervencao( EventoID, Descricao) VALUES (647,"descricao");
INSERT INTO MedicoInterv( MedicoID, IntervID) VALUES (393,647);
INSERT INTO Evento(EventoID,Descricao, Data, Admissao, Quarto) VALUES (648, "descricao","2008-01-11 21:41:35" ,135, 241);
INSERT INTO Intervencao( EventoID, Descricao) VALUES (648,"descricao");
INSERT INTO MedicoInterv( MedicoID, IntervID) VALUES (423,648);
INSERT INTO Evento(EventoID,Descricao, Data, Admissao, Quarto) VALUES (649, "descricao","2012-09-29 13:24:19" ,38, 139);
INSERT INTO Intervencao( EventoID, Descricao) VALUES (649,"descricao");
INSERT INTO MedicoInterv( MedicoID, IntervID) VALUES (389,649);
INSERT INTO Evento(EventoID,Descricao, Data, Admissao, Quarto) VALUES (650, "descricao","1998-05-16 12:01:50" ,69, 100);
INSERT INTO Intervencao( EventoID, Descricao) VALUES (650,"descricao");
INSERT INTO MedicoInterv( MedicoID, IntervID) VALUES (424,650);
INSERT INTO Evento(EventoID,Descricao, Data, Admissao, Quarto) VALUES (651, "descricao","1988-11-07 06:09:44" ,1, 218);
INSERT INTO Intervencao( EventoID, Descricao) VALUES (651,"descricao");
INSERT INTO MedicoInterv( MedicoID, IntervID) VALUES (426,651);
INSERT INTO Evento(EventoID,Descricao, Data, Admissao, Quarto) VALUES (652, "descricao","1981-07-16 06:30:50" ,59, 184);
INSERT INTO Intervencao( EventoID, Descricao) VALUES (652,"descricao");
INSERT INTO MedicoInterv( MedicoID, IntervID) VALUES (426,652);
INSERT INTO Evento(EventoID,Descricao, Data, Admissao, Quarto) VALUES (653, "descricao","2007-04-25 01:55:43" ,6, 182);
INSERT INTO Intervencao( EventoID, Descricao) VALUES (653,"descricao");
INSERT INTO MedicoInterv( MedicoID, IntervID) VALUES (426,653);
INSERT INTO Evento(EventoID,Descricao, Data, Admissao, Quarto) VALUES (654, "descricao","1997-08-10 13:29:07" ,193, 106);
INSERT INTO Intervencao( EventoID, Descricao) VALUES (654,"descricao");
INSERT INTO MedicoInterv( MedicoID, IntervID) VALUES (392,654);
INSERT INTO Evento(EventoID,Descricao, Data, Admissao, Quarto) VALUES (655, "descricao","1982-10-31 10:15:48" ,79, 217);
INSERT INTO Intervencao( EventoID, Descricao) VALUES (655,"descricao");
INSERT INTO MedicoInterv( MedicoID, IntervID) VALUES (424,655);
INSERT INTO Evento(EventoID,Descricao, Data, Admissao, Quarto) VALUES (656, "descricao","1975-03-11 08:36:53" ,194, 127);
INSERT INTO Intervencao( EventoID, Descricao) VALUES (656,"descricao");
INSERT INTO MedicoInterv( MedicoID, IntervID) VALUES (416,656);
INSERT INTO Evento(EventoID,Descricao, Data, Admissao, Quarto) VALUES (657, "descricao","2003-05-10 07:14:09" ,128, 228);
INSERT INTO Intervencao( EventoID, Descricao) VALUES (657,"descricao");
INSERT INTO MedicoInterv( MedicoID, IntervID) VALUES (392,657);
INSERT INTO Evento(EventoID,Descricao, Data, Admissao, Quarto) VALUES (658, "descricao","1982-04-18 10:54:47" ,34, 182);
INSERT INTO Intervencao( EventoID, Descricao) VALUES (658,"descricao");
INSERT INTO MedicoInterv( MedicoID, IntervID) VALUES (404,658);
INSERT INTO Evento(EventoID,Descricao, Data, Admissao, Quarto) VALUES (659, "descricao","1995-05-06 00:23:38" ,47, 234);
INSERT INTO Intervencao( EventoID, Descricao) VALUES (659,"descricao");
INSERT INTO MedicoInterv( MedicoID, IntervID) VALUES (411,659);
INSERT INTO Evento(EventoID,Descricao, Data, Admissao, Quarto) VALUES (660, "descricao","1975-01-15 04:41:18" ,192, 172);
INSERT INTO Intervencao( EventoID, Descricao) VALUES (660,"descricao");
INSERT INTO MedicoInterv( MedicoID, IntervID) VALUES (387,660);
INSERT INTO Evento(EventoID,Descricao, Data, Admissao, Quarto) VALUES (661, "descricao","2011-09-29 04:44:56" ,9, 232);
INSERT INTO Intervencao( EventoID, Descricao) VALUES (661,"descricao");
INSERT INTO MedicoInterv( MedicoID, IntervID) VALUES (411,661);
INSERT INTO Evento(EventoID,Descricao, Data, Admissao, Quarto) VALUES (662, "descricao","1975-06-21 22:55:31" ,134, 132);
INSERT INTO Intervencao( EventoID, Descricao) VALUES (662,"descricao");
INSERT INTO MedicoInterv( MedicoID, IntervID) VALUES (415,662);
INSERT INTO Evento(EventoID,Descricao, Data, Admissao, Quarto) VALUES (663, "descricao","1975-02-11 05:24:44" ,129, 246);
INSERT INTO Intervencao( EventoID, Descricao) VALUES (663,"descricao");
INSERT INTO MedicoInterv( MedicoID, IntervID) VALUES (405,663);
INSERT INTO Evento(EventoID,Descricao, Data, Admissao, Quarto) VALUES (664, "descricao","2011-01-14 06:31:23" ,83, 243);
INSERT INTO Intervencao( EventoID, Descricao) VALUES (664,"descricao");
INSERT INTO MedicoInterv( MedicoID, IntervID) VALUES (423,664);
INSERT INTO Evento(EventoID,Descricao, Data, Admissao, Quarto) VALUES (665, "descricao","1979-04-23 05:38:43" ,107, 223);
INSERT INTO Intervencao( EventoID, Descricao) VALUES (665,"descricao");
INSERT INTO MedicoInterv( MedicoID, IntervID) VALUES (404,665);
INSERT INTO Evento(EventoID,Descricao, Data, Admissao, Quarto) VALUES (666, "descricao","2001-10-19 04:21:14" ,169, 142);
INSERT INTO Intervencao( EventoID, Descricao) VALUES (666,"descricao");
INSERT INTO MedicoInterv( MedicoID, IntervID) VALUES (386,666);
INSERT INTO Evento(EventoID,Descricao, Data, Admissao, Quarto) VALUES (667, "descricao","1995-09-06 19:29:14" ,180, 188);
INSERT INTO Intervencao( EventoID, Descricao) VALUES (667,"descricao");
INSERT INTO MedicoInterv( MedicoID, IntervID) VALUES (402,667);
INSERT INTO Evento(EventoID,Descricao, Data, Admissao, Quarto) VALUES (668, "descricao","1974-03-11 05:55:38" ,131, 136);
INSERT INTO Intervencao( EventoID, Descricao) VALUES (668,"descricao");
INSERT INTO MedicoInterv( MedicoID, IntervID) VALUES (424,668);
INSERT INTO Evento(EventoID,Descricao, Data, Admissao, Quarto) VALUES (669, "descricao","1995-05-26 03:08:15" ,145, 247);
INSERT INTO Intervencao( EventoID, Descricao) VALUES (669,"descricao");
INSERT INTO MedicoInterv( MedicoID, IntervID) VALUES (393,669);
INSERT INTO Evento(EventoID,Descricao, Data, Admissao, Quarto) VALUES (670, "descricao","1975-05-30 07:24:13" ,144, 129);
INSERT INTO Intervencao( EventoID, Descricao) VALUES (670,"descricao");
INSERT INTO MedicoInterv( MedicoID, IntervID) VALUES (406,670);
INSERT INTO Evento(EventoID,Descricao, Data, Admissao, Quarto) VALUES (671, "descricao","1989-04-26 12:54:19" ,182, 133);
INSERT INTO Intervencao( EventoID, Descricao) VALUES (671,"descricao");
INSERT INTO MedicoInterv( MedicoID, IntervID) VALUES (411,671);
INSERT INTO Evento(EventoID,Descricao, Data, Admissao, Quarto) VALUES (672, "descricao","2000-02-25 19:01:06" ,147, 139);
INSERT INTO Intervencao( EventoID, Descricao) VALUES (672,"descricao");
INSERT INTO MedicoInterv( MedicoID, IntervID) VALUES (417,672);
INSERT INTO Evento(EventoID,Descricao, Data, Admissao, Quarto) VALUES (673, "descricao","1995-04-15 06:25:32" ,108, 158);
INSERT INTO Intervencao( EventoID, Descricao) VALUES (673,"descricao");
INSERT INTO MedicoInterv( MedicoID, IntervID) VALUES (407,673);
INSERT INTO Evento(EventoID,Descricao, Data, Admissao, Quarto) VALUES (674, "descricao","2004-09-12 20:04:14" ,197, 146);
INSERT INTO Intervencao( EventoID, Descricao) VALUES (674,"descricao");
INSERT INTO MedicoInterv( MedicoID, IntervID) VALUES (414,674);
INSERT INTO Evento(EventoID,Descricao, Data, Admissao, Quarto) VALUES (675, "descricao","1971-02-23 20:16:48" ,187, 195);
INSERT INTO Intervencao( EventoID, Descricao) VALUES (675,"descricao");
INSERT INTO MedicoInterv( MedicoID, IntervID) VALUES (409,675);
INSERT INTO Evento(EventoID,Descricao, Data, Admissao, Quarto) VALUES (676, "descricao","2006-01-27 00:11:59" ,27, 116);
INSERT INTO Intervencao( EventoID, Descricao) VALUES (676,"descricao");
INSERT INTO MedicoInterv( MedicoID, IntervID) VALUES (421,676);
INSERT INTO Evento(EventoID,Descricao, Data, Admissao, Quarto) VALUES (677, "descricao","2006-10-12 19:40:24" ,178, 214);
INSERT INTO Intervencao( EventoID, Descricao) VALUES (677,"descricao");
INSERT INTO MedicoInterv( MedicoID, IntervID) VALUES (426,677);
INSERT INTO Evento(EventoID,Descricao, Data, Admissao, Quarto) VALUES (678, "descricao","1976-11-24 17:57:50" ,192, 232);
INSERT INTO Intervencao( EventoID, Descricao) VALUES (678,"descricao");
INSERT INTO MedicoInterv( MedicoID, IntervID) VALUES (393,678);
INSERT INTO Evento(EventoID,Descricao, Data, Admissao, Quarto) VALUES (679, "descricao","1993-01-29 09:56:51" ,111, 154);
INSERT INTO Intervencao( EventoID, Descricao) VALUES (679,"descricao");
INSERT INTO MedicoInterv( MedicoID, IntervID) VALUES (401,679);
INSERT INTO Evento(EventoID,Descricao, Data, Admissao, Quarto) VALUES (680, "descricao","1986-04-21 07:47:08" ,132, 183);
INSERT INTO Intervencao( EventoID, Descricao) VALUES (680,"descricao");
INSERT INTO MedicoInterv( MedicoID, IntervID) VALUES (389,680);
INSERT INTO Evento(EventoID,Descricao, Data, Admissao, Quarto) VALUES (681, "descricao","1986-03-03 17:58:43" ,160, 145);
INSERT INTO Intervencao( EventoID, Descricao) VALUES (681,"descricao");
INSERT INTO MedicoInterv( MedicoID, IntervID) VALUES (408,681);
INSERT INTO Evento(EventoID,Descricao, Data, Admissao, Quarto) VALUES (682, "descricao","1993-10-20 22:54:41" ,154, 153);
INSERT INTO Intervencao( EventoID, Descricao) VALUES (682,"descricao");
INSERT INTO MedicoInterv( MedicoID, IntervID) VALUES (400,682);
INSERT INTO Evento(EventoID,Descricao, Data, Admissao, Quarto) VALUES (683, "descricao","1970-09-19 16:05:33" ,88, 216);
INSERT INTO Intervencao( EventoID, Descricao) VALUES (683,"descricao");
INSERT INTO MedicoInterv( MedicoID, IntervID) VALUES (407,683);
INSERT INTO Evento(EventoID,Descricao, Data, Admissao, Quarto) VALUES (684, "descricao","1991-09-21 13:54:13" ,192, 235);
INSERT INTO Intervencao( EventoID, Descricao) VALUES (684,"descricao");
INSERT INTO MedicoInterv( MedicoID, IntervID) VALUES (405,684);
INSERT INTO Evento(EventoID,Descricao, Data, Admissao, Quarto) VALUES (685, "descricao","1996-09-04 01:26:16" ,125, 197);
INSERT INTO Intervencao( EventoID, Descricao) VALUES (685,"descricao");
INSERT INTO MedicoInterv( MedicoID, IntervID) VALUES (403,685);
INSERT INTO Evento(EventoID,Descricao, Data, Admissao, Quarto) VALUES (686, "descricao","1974-01-24 18:03:13" ,10, 178);
INSERT INTO Intervencao( EventoID, Descricao) VALUES (686,"descricao");
INSERT INTO MedicoInterv( MedicoID, IntervID) VALUES (417,686);
INSERT INTO Evento(EventoID,Descricao, Data, Admissao, Quarto) VALUES (687, "descricao","1974-02-12 13:17:40" ,156, 212);
INSERT INTO Intervencao( EventoID, Descricao) VALUES (687,"descricao");
INSERT INTO MedicoInterv( MedicoID, IntervID) VALUES (420,687);
INSERT INTO Evento(EventoID,Descricao, Data, Admissao, Quarto) VALUES (688, "descricao","1996-07-02 02:04:21" ,73, 224);
INSERT INTO Intervencao( EventoID, Descricao) VALUES (688,"descricao");
INSERT INTO MedicoInterv( MedicoID, IntervID) VALUES (415,688);
INSERT INTO Evento(EventoID,Descricao, Data, Admissao, Quarto) VALUES (689, "descricao","2004-07-20 11:18:20" ,53, 249);
INSERT INTO Intervencao( EventoID, Descricao) VALUES (689,"descricao");
INSERT INTO MedicoInterv( MedicoID, IntervID) VALUES (420,689);
INSERT INTO Evento(EventoID,Descricao, Data, Admissao, Quarto) VALUES (690, "descricao","1992-12-28 22:39:06" ,160, 200);
INSERT INTO Intervencao( EventoID, Descricao) VALUES (690,"descricao");
INSERT INTO MedicoInterv( MedicoID, IntervID) VALUES (414,690);
INSERT INTO Evento(EventoID,Descricao, Data, Admissao, Quarto) VALUES (691, "descricao","1995-01-25 00:51:28" ,11, 180);
INSERT INTO Intervencao( EventoID, Descricao) VALUES (691,"descricao");
INSERT INTO MedicoInterv( MedicoID, IntervID) VALUES (412,691);
INSERT INTO Evento(EventoID,Descricao, Data, Admissao, Quarto) VALUES (692, "descricao","1973-09-04 17:54:35" ,69, 233);
INSERT INTO Intervencao( EventoID, Descricao) VALUES (692,"descricao");
INSERT INTO MedicoInterv( MedicoID, IntervID) VALUES (405,692);
INSERT INTO Evento(EventoID,Descricao, Data, Admissao, Quarto) VALUES (693, "descricao","1996-03-23 06:32:31" ,108, 112);
INSERT INTO Intervencao( EventoID, Descricao) VALUES (693,"descricao");
INSERT INTO MedicoInterv( MedicoID, IntervID) VALUES (386,693);
INSERT INTO Evento(EventoID,Descricao, Data, Admissao, Quarto) VALUES (694, "descricao","1997-05-11 10:39:30" ,38, 176);
INSERT INTO Intervencao( EventoID, Descricao) VALUES (694,"descricao");
INSERT INTO MedicoInterv( MedicoID, IntervID) VALUES (419,694);
INSERT INTO Evento(EventoID,Descricao, Data, Admissao, Quarto) VALUES (695, "descricao","1974-05-04 17:38:56" ,105, 170);
INSERT INTO Intervencao( EventoID, Descricao) VALUES (695,"descricao");
INSERT INTO MedicoInterv( MedicoID, IntervID) VALUES (386,695);
INSERT INTO Evento(EventoID,Descricao, Data, Admissao, Quarto) VALUES (696, "descricao","2008-12-19 00:49:50" ,3, 117);
INSERT INTO Intervencao( EventoID, Descricao) VALUES (696,"descricao");
INSERT INTO MedicoInterv( MedicoID, IntervID) VALUES (412,696);
INSERT INTO Evento(EventoID,Descricao, Data, Admissao, Quarto) VALUES (697, "descricao","1991-06-18 05:15:30" ,21, 102);
INSERT INTO Intervencao( EventoID, Descricao) VALUES (697,"descricao");
INSERT INTO MedicoInterv( MedicoID, IntervID) VALUES (410,697);
INSERT INTO Evento(EventoID,Descricao, Data, Admissao, Quarto) VALUES (698, "descricao","2019-09-03 21:49:26" ,153, 138);
INSERT INTO Intervencao( EventoID, Descricao) VALUES (698,"descricao");
INSERT INTO MedicoInterv( MedicoID, IntervID) VALUES (408,698);
INSERT INTO Evento(EventoID,Descricao, Data, Admissao, Quarto) VALUES (699, "descricao","2014-01-12 07:16:16" ,73, 126);
INSERT INTO Intervencao( EventoID, Descricao) VALUES (699,"descricao");
INSERT INTO MedicoInterv( MedicoID, IntervID) VALUES (388,699);
INSERT INTO Evento(EventoID,Descricao, Data, Admissao, Quarto) VALUES (700, "descricao","1974-08-26 01:21:42" ,128, 133);
INSERT INTO Intervencao( EventoID, Descricao) VALUES (700,"descricao");
INSERT INTO MedicoInterv( MedicoID, IntervID) VALUES (420,700);
INSERT INTO Evento(EventoID,Descricao, Data, Admissao, Quarto) VALUES (701, "descricao","1975-09-20 19:04:50" ,169, 184);
INSERT INTO Intervencao( EventoID, Descricao) VALUES (701,"descricao");
INSERT INTO MedicoInterv( MedicoID, IntervID) VALUES (396,701);
INSERT INTO Evento(EventoID,Descricao, Data, Admissao, Quarto) VALUES (702, "descricao","1996-03-24 00:37:02" ,192, 166);
INSERT INTO Intervencao( EventoID, Descricao) VALUES (702,"descricao");
INSERT INTO MedicoInterv( MedicoID, IntervID) VALUES (426,702);
INSERT INTO Evento(EventoID,Descricao, Data, Admissao, Quarto) VALUES (703, "descricao","2019-05-18 16:25:49" ,77, 179);
INSERT INTO Intervencao( EventoID, Descricao) VALUES (703,"descricao");
INSERT INTO MedicoInterv( MedicoID, IntervID) VALUES (423,703);
INSERT INTO Evento(EventoID,Descricao, Data, Admissao, Quarto) VALUES (704, "descricao","1995-06-06 18:48:36" ,39, 197);
INSERT INTO Intervencao( EventoID, Descricao) VALUES (704,"descricao");
INSERT INTO MedicoInterv( MedicoID, IntervID) VALUES (390,704);
INSERT INTO Evento(EventoID,Descricao, Data, Admissao, Quarto) VALUES (705, "descricao","1996-01-26 03:09:48" ,120, 198);
INSERT INTO Intervencao( EventoID, Descricao) VALUES (705,"descricao");
INSERT INTO MedicoInterv( MedicoID, IntervID) VALUES (399,705);
INSERT INTO Evento(EventoID,Descricao, Data, Admissao, Quarto) VALUES (706, "descricao","1996-03-01 06:14:00" ,151, 230);
INSERT INTO Intervencao( EventoID, Descricao) VALUES (706,"descricao");
INSERT INTO MedicoInterv( MedicoID, IntervID) VALUES (424,706);
INSERT INTO Evento(EventoID,Descricao, Data, Admissao, Quarto) VALUES (707, "descricao","1990-07-01 00:39:39" ,57, 178);
INSERT INTO Intervencao( EventoID, Descricao) VALUES (707,"descricao");
INSERT INTO MedicoInterv( MedicoID, IntervID) VALUES (397,707);
INSERT INTO Evento(EventoID,Descricao, Data, Admissao, Quarto) VALUES (708, "descricao","2012-10-11 06:37:09" ,17, 223);
INSERT INTO Intervencao( EventoID, Descricao) VALUES (708,"descricao");
INSERT INTO MedicoInterv( MedicoID, IntervID) VALUES (413,708);
INSERT INTO Evento(EventoID,Descricao, Data, Admissao, Quarto) VALUES (709, "descricao","2012-05-29 00:20:28" ,54, 137);
INSERT INTO Intervencao( EventoID, Descricao) VALUES (709,"descricao");
INSERT INTO MedicoInterv( MedicoID, IntervID) VALUES (398,709);
INSERT INTO Evento(EventoID,Descricao, Data, Admissao, Quarto) VALUES (710, "descricao","1981-03-12 20:26:39" ,171, 122);
INSERT INTO Intervencao( EventoID, Descricao) VALUES (710,"descricao");
INSERT INTO MedicoInterv( MedicoID, IntervID) VALUES (426,710);
INSERT INTO Evento(EventoID,Descricao, Data, Admissao, Quarto) VALUES (711, "descricao","2012-12-04 18:31:31" ,166, 170);
INSERT INTO Intervencao( EventoID, Descricao) VALUES (711,"descricao");
INSERT INTO MedicoInterv( MedicoID, IntervID) VALUES (407,711);
INSERT INTO Evento(EventoID,Descricao, Data, Admissao, Quarto) VALUES (712, "descricao","2017-04-19 21:29:17" ,146, 235);
INSERT INTO Intervencao( EventoID, Descricao) VALUES (712,"descricao");
INSERT INTO MedicoInterv( MedicoID, IntervID) VALUES (395,712);
INSERT INTO Evento(EventoID,Descricao, Data, Admissao, Quarto) VALUES (713, "descricao","1986-08-05 04:46:18" ,164, 107);
INSERT INTO Intervencao( EventoID, Descricao) VALUES (713,"descricao");
INSERT INTO MedicoInterv( MedicoID, IntervID) VALUES (412,713);
INSERT INTO Evento(EventoID,Descricao, Data, Admissao, Quarto) VALUES (714, "descricao","2003-03-29 06:52:09" ,32, 188);
INSERT INTO Intervencao( EventoID, Descricao) VALUES (714,"descricao");
INSERT INTO MedicoInterv( MedicoID, IntervID) VALUES (420,714);
INSERT INTO Evento(EventoID,Descricao, Data, Admissao, Quarto) VALUES (715, "descricao","1980-01-11 18:32:21" ,26, 237);
INSERT INTO Intervencao( EventoID, Descricao) VALUES (715,"descricao");
INSERT INTO MedicoInterv( MedicoID, IntervID) VALUES (403,715);
INSERT INTO Evento(EventoID,Descricao, Data, Admissao, Quarto) VALUES (716, "descricao","1981-08-17 00:45:28" ,128, 156);
INSERT INTO Intervencao( EventoID, Descricao) VALUES (716,"descricao");
INSERT INTO MedicoInterv( MedicoID, IntervID) VALUES (398,716);
INSERT INTO Evento(EventoID,Descricao, Data, Admissao, Quarto) VALUES (717, "descricao","1981-09-05 12:38:55" ,129, 159);
INSERT INTO Intervencao( EventoID, Descricao) VALUES (717,"descricao");
INSERT INTO MedicoInterv( MedicoID, IntervID) VALUES (402,717);
INSERT INTO Evento(EventoID,Descricao, Data, Admissao, Quarto) VALUES (718, "descricao","1984-10-10 19:42:29" ,21, 164);
INSERT INTO Intervencao( EventoID, Descricao) VALUES (718,"descricao");
INSERT INTO MedicoInterv( MedicoID, IntervID) VALUES (384,718);
INSERT INTO Evento(EventoID,Descricao, Data, Admissao, Quarto) VALUES (719, "descricao","2016-12-18 18:08:20" ,166, 149);
INSERT INTO Intervencao( EventoID, Descricao) VALUES (719,"descricao");
INSERT INTO MedicoInterv( MedicoID, IntervID) VALUES (383,719);
INSERT INTO Evento(EventoID,Descricao, Data, Admissao, Quarto) VALUES (720, "descricao","2019-06-09 22:38:46" ,3, 195);
INSERT INTO Intervencao( EventoID, Descricao) VALUES (720,"descricao");
INSERT INTO MedicoInterv( MedicoID, IntervID) VALUES (393,720);
INSERT INTO Evento(EventoID,Descricao, Data, Admissao, Quarto) VALUES (721, "descricao","2003-11-30 08:20:52" ,68, 234);
INSERT INTO Intervencao( EventoID, Descricao) VALUES (721,"descricao");
INSERT INTO MedicoInterv( MedicoID, IntervID) VALUES (406,721);
INSERT INTO Evento(EventoID,Descricao, Data, Admissao, Quarto) VALUES (722, "descricao","1974-10-27 11:21:05" ,134, 188);
INSERT INTO Intervencao( EventoID, Descricao) VALUES (722,"descricao");
INSERT INTO MedicoInterv( MedicoID, IntervID) VALUES (415,722);
INSERT INTO Evento(EventoID,Descricao, Data, Admissao, Quarto) VALUES (723, "descricao","2017-08-17 20:33:41" ,62, 141);
INSERT INTO Intervencao( EventoID, Descricao) VALUES (723,"descricao");
INSERT INTO MedicoInterv( MedicoID, IntervID) VALUES (412,723);
INSERT INTO Evento(EventoID,Descricao, Data, Admissao, Quarto) VALUES (724, "descricao","2006-05-03 04:03:49" ,74, 116);
INSERT INTO Intervencao( EventoID, Descricao) VALUES (724,"descricao");
INSERT INTO MedicoInterv( MedicoID, IntervID) VALUES (424,724);
INSERT INTO Evento(EventoID,Descricao, Data, Admissao, Quarto) VALUES (725, "descricao","1981-09-23 21:19:58" ,171, 188);
INSERT INTO Intervencao( EventoID, Descricao) VALUES (725,"descricao");
INSERT INTO MedicoInterv( MedicoID, IntervID) VALUES (409,725);
INSERT INTO Evento(EventoID,Descricao, Data, Admissao, Quarto) VALUES (726, "descricao","2018-03-28 03:47:59" ,131, 232);
INSERT INTO Intervencao( EventoID, Descricao) VALUES (726,"descricao");
INSERT INTO MedicoInterv( MedicoID, IntervID) VALUES (418,726);
INSERT INTO Evento(EventoID,Descricao, Data, Admissao, Quarto) VALUES (727, "descricao","2002-06-10 02:31:03" ,67, 156);
INSERT INTO Intervencao( EventoID, Descricao) VALUES (727,"descricao");
INSERT INTO MedicoInterv( MedicoID, IntervID) VALUES (420,727);
INSERT INTO Evento(EventoID,Descricao, Data, Admissao, Quarto) VALUES (728, "descricao","1997-03-05 02:03:51" ,30, 102);
INSERT INTO Intervencao( EventoID, Descricao) VALUES (728,"descricao");
INSERT INTO MedicoInterv( MedicoID, IntervID) VALUES (399,728);
INSERT INTO Evento(EventoID,Descricao, Data, Admissao, Quarto) VALUES (729, "descricao","2001-09-10 22:28:30" ,42, 108);
INSERT INTO Intervencao( EventoID, Descricao) VALUES (729,"descricao");
INSERT INTO MedicoInterv( MedicoID, IntervID) VALUES (426,729);
INSERT INTO Evento(EventoID,Descricao, Data, Admissao, Quarto) VALUES (730, "descricao","1973-08-25 01:14:54" ,166, 236);
INSERT INTO Intervencao( EventoID, Descricao) VALUES (730,"descricao");
INSERT INTO MedicoInterv( MedicoID, IntervID) VALUES (404,730);
INSERT INTO Evento(EventoID,Descricao, Data, Admissao, Quarto) VALUES (731, "descricao","2008-12-02 01:11:17" ,19, 146);
INSERT INTO Intervencao( EventoID, Descricao) VALUES (731,"descricao");
INSERT INTO MedicoInterv( MedicoID, IntervID) VALUES (417,731);
INSERT INTO Evento(EventoID,Descricao, Data, Admissao, Quarto) VALUES (732, "descricao","1999-11-27 20:14:55" ,176, 139);
INSERT INTO Intervencao( EventoID, Descricao) VALUES (732,"descricao");
INSERT INTO MedicoInterv( MedicoID, IntervID) VALUES (383,732);
INSERT INTO Evento(EventoID,Descricao, Data, Admissao, Quarto) VALUES (733, "descricao","2014-10-28 18:30:07" ,81, 128);
INSERT INTO Intervencao( EventoID, Descricao) VALUES (733,"descricao");
INSERT INTO MedicoInterv( MedicoID, IntervID) VALUES (412,733);
INSERT INTO Evento(EventoID,Descricao, Data, Admissao, Quarto) VALUES (734, "descricao","1995-11-18 23:38:30" ,24, 156);
INSERT INTO Intervencao( EventoID, Descricao) VALUES (734,"descricao");
INSERT INTO MedicoInterv( MedicoID, IntervID) VALUES (390,734);
INSERT INTO Evento(EventoID,Descricao, Data, Admissao, Quarto) VALUES (735, "descricao","2003-10-02 11:29:12" ,163, 222);
INSERT INTO Intervencao( EventoID, Descricao) VALUES (735,"descricao");
INSERT INTO MedicoInterv( MedicoID, IntervID) VALUES (405,735);
INSERT INTO Evento(EventoID,Descricao, Data, Admissao, Quarto) VALUES (736, "descricao","1970-06-16 08:03:15" ,83, 234);
INSERT INTO Intervencao( EventoID, Descricao) VALUES (736,"descricao");
INSERT INTO MedicoInterv( MedicoID, IntervID) VALUES (401,736);
INSERT INTO Evento(EventoID,Descricao, Data, Admissao, Quarto) VALUES (737, "descricao","2011-05-29 22:35:52" ,197, 195);
INSERT INTO Intervencao( EventoID, Descricao) VALUES (737,"descricao");
INSERT INTO MedicoInterv( MedicoID, IntervID) VALUES (415,737);
INSERT INTO Evento(EventoID,Descricao, Data, Admissao, Quarto) VALUES (738, "descricao","2017-10-15 04:55:22" ,102, 174);
INSERT INTO Intervencao( EventoID, Descricao) VALUES (738,"descricao");
INSERT INTO MedicoInterv( MedicoID, IntervID) VALUES (408,738);
INSERT INTO Evento(EventoID,Descricao, Data, Admissao, Quarto) VALUES (739, "descricao","1972-07-05 17:01:02" ,126, 104);
INSERT INTO Intervencao( EventoID, Descricao) VALUES (739,"descricao");
INSERT INTO MedicoInterv( MedicoID, IntervID) VALUES (416,739);
INSERT INTO Evento(EventoID,Descricao, Data, Admissao, Quarto) VALUES (740, "descricao","1980-01-24 17:57:56" ,41, 238);
INSERT INTO Intervencao( EventoID, Descricao) VALUES (740,"descricao");
INSERT INTO MedicoInterv( MedicoID, IntervID) VALUES (395,740);
INSERT INTO Evento(EventoID,Descricao, Data, Admissao, Quarto) VALUES (741, "descricao","2009-10-31 12:48:19" ,191, 101);
INSERT INTO Intervencao( EventoID, Descricao) VALUES (741,"descricao");
INSERT INTO MedicoInterv( MedicoID, IntervID) VALUES (415,741);
INSERT INTO Evento(EventoID,Descricao, Data, Admissao, Quarto) VALUES (742, "descricao","1983-09-06 10:54:50" ,75, 141);
INSERT INTO Intervencao( EventoID, Descricao) VALUES (742,"descricao");
INSERT INTO MedicoInterv( MedicoID, IntervID) VALUES (396,742);
INSERT INTO Evento(EventoID,Descricao, Data, Admissao, Quarto) VALUES (743, "descricao","2002-10-19 19:06:33" ,196, 111);
INSERT INTO Intervencao( EventoID, Descricao) VALUES (743,"descricao");
INSERT INTO MedicoInterv( MedicoID, IntervID) VALUES (422,743);
INSERT INTO Evento(EventoID,Descricao, Data, Admissao, Quarto) VALUES (744, "descricao","2003-03-23 06:47:55" ,69, 159);
INSERT INTO Intervencao( EventoID, Descricao) VALUES (744,"descricao");
INSERT INTO MedicoInterv( MedicoID, IntervID) VALUES (402,744);
INSERT INTO Evento(EventoID,Descricao, Data, Admissao, Quarto) VALUES (745, "descricao","2008-04-01 18:16:57" ,86, 146);
INSERT INTO Intervencao( EventoID, Descricao) VALUES (745,"descricao");
INSERT INTO MedicoInterv( MedicoID, IntervID) VALUES (416,745);
INSERT INTO Evento(EventoID,Descricao, Data, Admissao, Quarto) VALUES (746, "descricao","2017-06-04 22:19:16" ,21, 158);
INSERT INTO Intervencao( EventoID, Descricao) VALUES (746,"descricao");
INSERT INTO MedicoInterv( MedicoID, IntervID) VALUES (420,746);
INSERT INTO Evento(EventoID,Descricao, Data, Admissao, Quarto) VALUES (747, "descricao","1997-01-28 07:56:56" ,134, 213);
INSERT INTO Intervencao( EventoID, Descricao) VALUES (747,"descricao");
INSERT INTO MedicoInterv( MedicoID, IntervID) VALUES (411,747);
INSERT INTO Evento(EventoID,Descricao, Data, Admissao, Quarto) VALUES (748, "descricao","1991-07-22 08:28:50" ,179, 220);
INSERT INTO Intervencao( EventoID, Descricao) VALUES (748,"descricao");
INSERT INTO MedicoInterv( MedicoID, IntervID) VALUES (385,748);
INSERT INTO Evento(EventoID,Descricao, Data, Admissao, Quarto) VALUES (749, "descricao","1997-09-03 01:49:34" ,188, 190);
INSERT INTO Intervencao( EventoID, Descricao) VALUES (749,"descricao");
INSERT INTO MedicoInterv( MedicoID, IntervID) VALUES (410,749);
INSERT INTO Evento(EventoID,Descricao, Data, Admissao, Quarto) VALUES (750, "descricao","1972-12-12 05:22:14" ,149, 203);
INSERT INTO Intervencao( EventoID, Descricao) VALUES (750,"descricao");
INSERT INTO MedicoInterv( MedicoID, IntervID) VALUES (397,750);
INSERT INTO Evento(EventoID,Descricao, Data, Admissao, Quarto) VALUES (751, "descricao","2010-11-14 17:10:13" ,35, 119);
INSERT INTO Intervencao( EventoID, Descricao) VALUES (751,"descricao");
INSERT INTO MedicoInterv( MedicoID, IntervID) VALUES (389,751);
INSERT INTO Evento(EventoID,Descricao, Data, Admissao, Quarto) VALUES (752, "descricao","2006-06-03 13:48:12" ,36, 119);
INSERT INTO Intervencao( EventoID, Descricao) VALUES (752,"descricao");
INSERT INTO MedicoInterv( MedicoID, IntervID) VALUES (383,752);
INSERT INTO Evento(EventoID,Descricao, Data, Admissao, Quarto) VALUES (753, "descricao","1975-03-04 20:14:10" ,99, 174);
INSERT INTO Intervencao( EventoID, Descricao) VALUES (753,"descricao");
INSERT INTO MedicoInterv( MedicoID, IntervID) VALUES (388,753);
INSERT INTO Evento(EventoID,Descricao, Data, Admissao, Quarto) VALUES (754, "descricao","2010-09-02 00:11:56" ,185, 131);
INSERT INTO Intervencao( EventoID, Descricao) VALUES (754,"descricao");
INSERT INTO MedicoInterv( MedicoID, IntervID) VALUES (407,754);
INSERT INTO Evento(EventoID,Descricao, Data, Admissao, Quarto) VALUES (755, "descricao","1995-11-13 13:11:18" ,103, 148);
INSERT INTO Intervencao( EventoID, Descricao) VALUES (755,"descricao");
INSERT INTO MedicoInterv( MedicoID, IntervID) VALUES (398,755);
INSERT INTO Evento(EventoID,Descricao, Data, Admissao, Quarto) VALUES (756, "descricao","1971-10-30 18:48:37" ,101, 144);
INSERT INTO Intervencao( EventoID, Descricao) VALUES (756,"descricao");
INSERT INTO MedicoInterv( MedicoID, IntervID) VALUES (418,756);
INSERT INTO Evento(EventoID,Descricao, Data, Admissao, Quarto) VALUES (757, "descricao","2010-10-19 02:25:36" ,176, 191);
INSERT INTO Intervencao( EventoID, Descricao) VALUES (757,"descricao");
INSERT INTO MedicoInterv( MedicoID, IntervID) VALUES (408,757);
INSERT INTO Evento(EventoID,Descricao, Data, Admissao, Quarto) VALUES (758, "descricao","1985-07-30 00:58:45" ,28, 240);
INSERT INTO Intervencao( EventoID, Descricao) VALUES (758,"descricao");
INSERT INTO MedicoInterv( MedicoID, IntervID) VALUES (410,758);
INSERT INTO Evento(EventoID,Descricao, Data, Admissao, Quarto) VALUES (759, "descricao","2019-07-11 22:37:24" ,65, 213);
INSERT INTO Intervencao( EventoID, Descricao) VALUES (759,"descricao");
INSERT INTO MedicoInterv( MedicoID, IntervID) VALUES (417,759);
INSERT INTO Evento(EventoID,Descricao, Data, Admissao, Quarto) VALUES (760, "descricao","2014-07-06 04:42:31" ,149, 218);
INSERT INTO Intervencao( EventoID, Descricao) VALUES (760,"descricao");
INSERT INTO MedicoInterv( MedicoID, IntervID) VALUES (383,760);
INSERT INTO Evento(EventoID,Descricao, Data, Admissao, Quarto) VALUES (761, "descricao","1974-06-15 15:11:23" ,177, 133);
INSERT INTO Intervencao( EventoID, Descricao) VALUES (761,"descricao");
INSERT INTO MedicoInterv( MedicoID, IntervID) VALUES (406,761);
INSERT INTO Evento(EventoID,Descricao, Data, Admissao, Quarto) VALUES (762, "descricao","2016-02-11 13:31:32" ,171, 108);
INSERT INTO Intervencao( EventoID, Descricao) VALUES (762,"descricao");
INSERT INTO MedicoInterv( MedicoID, IntervID) VALUES (383,762);
INSERT INTO Evento(EventoID,Descricao, Data, Admissao, Quarto) VALUES (763, "descricao","2010-06-18 05:02:54" ,28, 227);
INSERT INTO Intervencao( EventoID, Descricao) VALUES (763,"descricao");
INSERT INTO MedicoInterv( MedicoID, IntervID) VALUES (400,763);
INSERT INTO Evento(EventoID,Descricao, Data, Admissao, Quarto) VALUES (764, "descricao","2013-09-10 18:52:32" ,175, 125);
INSERT INTO Intervencao( EventoID, Descricao) VALUES (764,"descricao");
INSERT INTO MedicoInterv( MedicoID, IntervID) VALUES (410,764);
INSERT INTO Evento(EventoID,Descricao, Data, Admissao, Quarto) VALUES (765, "descricao","2015-08-22 17:27:55" ,181, 192);
INSERT INTO Intervencao( EventoID, Descricao) VALUES (765,"descricao");
INSERT INTO MedicoInterv( MedicoID, IntervID) VALUES (413,765);
INSERT INTO Evento(EventoID,Descricao, Data, Admissao, Quarto) VALUES (766, "descricao","2003-04-26 21:35:30" ,161, 183);
INSERT INTO Intervencao( EventoID, Descricao) VALUES (766,"descricao");
INSERT INTO MedicoInterv( MedicoID, IntervID) VALUES (411,766);
INSERT INTO Evento(EventoID,Descricao, Data, Admissao, Quarto) VALUES (767, "descricao","1984-07-03 16:42:23" ,143, 154);
INSERT INTO Intervencao( EventoID, Descricao) VALUES (767,"descricao");
INSERT INTO MedicoInterv( MedicoID, IntervID) VALUES (413,767);
INSERT INTO Evento(EventoID,Descricao, Data, Admissao, Quarto) VALUES (768, "descricao","1985-01-14 09:12:04" ,129, 229);
INSERT INTO Intervencao( EventoID, Descricao) VALUES (768,"descricao");
INSERT INTO MedicoInterv( MedicoID, IntervID) VALUES (386,768);
INSERT INTO Evento(EventoID,Descricao, Data, Admissao, Quarto) VALUES (769, "descricao","2003-07-30 20:04:12" ,27, 182);
INSERT INTO Intervencao( EventoID, Descricao) VALUES (769,"descricao");
INSERT INTO MedicoInterv( MedicoID, IntervID) VALUES (401,769);
INSERT INTO Evento(EventoID,Descricao, Data, Admissao, Quarto) VALUES (770, "descricao","2002-08-15 15:05:19" ,77, 123);
INSERT INTO Intervencao( EventoID, Descricao) VALUES (770,"descricao");
INSERT INTO MedicoInterv( MedicoID, IntervID) VALUES (420,770);
INSERT INTO Evento(EventoID,Descricao, Data, Admissao, Quarto) VALUES (771, "descricao","2015-07-06 17:32:15" ,109, 215);
INSERT INTO Intervencao( EventoID, Descricao) VALUES (771,"descricao");
INSERT INTO MedicoInterv( MedicoID, IntervID) VALUES (426,771);
INSERT INTO Evento(EventoID,Descricao, Data, Admissao, Quarto) VALUES (772, "descricao","1977-05-08 21:38:27" ,181, 103);
INSERT INTO Intervencao( EventoID, Descricao) VALUES (772,"descricao");
INSERT INTO MedicoInterv( MedicoID, IntervID) VALUES (389,772);
INSERT INTO Evento(EventoID,Descricao, Data, Admissao, Quarto) VALUES (773, "descricao","2016-02-13 09:52:49" ,156, 242);
INSERT INTO Intervencao( EventoID, Descricao) VALUES (773,"descricao");
INSERT INTO MedicoInterv( MedicoID, IntervID) VALUES (386,773);
INSERT INTO Evento(EventoID,Descricao, Data, Admissao, Quarto) VALUES (774, "descricao","2004-04-18 20:08:58" ,111, 134);
INSERT INTO Intervencao( EventoID, Descricao) VALUES (774,"descricao");
INSERT INTO MedicoInterv( MedicoID, IntervID) VALUES (408,774);
INSERT INTO Evento(EventoID,Descricao, Data, Admissao, Quarto) VALUES (775, "descricao","1981-04-28 11:49:38" ,47, 179);
INSERT INTO Intervencao( EventoID, Descricao) VALUES (775,"descricao");
INSERT INTO MedicoInterv( MedicoID, IntervID) VALUES (400,775);
INSERT INTO Evento(EventoID,Descricao, Data, Admissao, Quarto) VALUES (776, "descricao","2007-03-28 04:00:20" ,67, 237);
INSERT INTO Intervencao( EventoID, Descricao) VALUES (776,"descricao");
INSERT INTO MedicoInterv( MedicoID, IntervID) VALUES (397,776);
INSERT INTO Evento(EventoID,Descricao, Data, Admissao, Quarto) VALUES (777, "descricao","1999-02-22 15:47:11" ,131, 152);
INSERT INTO Intervencao( EventoID, Descricao) VALUES (777,"descricao");
INSERT INTO MedicoInterv( MedicoID, IntervID) VALUES (417,777);
INSERT INTO Evento(EventoID,Descricao, Data, Admissao, Quarto) VALUES (778, "descricao","2014-08-30 00:25:47" ,35, 165);
INSERT INTO Intervencao( EventoID, Descricao) VALUES (778,"descricao");
INSERT INTO MedicoInterv( MedicoID, IntervID) VALUES (417,778);
INSERT INTO Evento(EventoID,Descricao, Data, Admissao, Quarto) VALUES (779, "descricao","1995-07-16 11:38:55" ,185, 164);
INSERT INTO Intervencao( EventoID, Descricao) VALUES (779,"descricao");
INSERT INTO MedicoInterv( MedicoID, IntervID) VALUES (409,779);
INSERT INTO Evento(EventoID,Descricao, Data, Admissao, Quarto) VALUES (780, "descricao","1996-11-21 05:18:36" ,102, 114);
INSERT INTO Intervencao( EventoID, Descricao) VALUES (780,"descricao");
INSERT INTO MedicoInterv( MedicoID, IntervID) VALUES (424,780);
INSERT INTO Evento(EventoID,Descricao, Data, Admissao, Quarto) VALUES (781, "descricao","1987-12-31 06:45:50" ,32, 115);
INSERT INTO Intervencao( EventoID, Descricao) VALUES (781,"descricao");
INSERT INTO MedicoInterv( MedicoID, IntervID) VALUES (393,781);
INSERT INTO Evento(EventoID,Descricao, Data, Admissao, Quarto) VALUES (782, "descricao","1976-06-28 19:21:23" ,176, 166);
INSERT INTO Intervencao( EventoID, Descricao) VALUES (782,"descricao");
INSERT INTO MedicoInterv( MedicoID, IntervID) VALUES (423,782);
INSERT INTO Evento(EventoID,Descricao, Data, Admissao, Quarto) VALUES (783, "descricao","1980-06-15 05:41:49" ,15, 243);
INSERT INTO Intervencao( EventoID, Descricao) VALUES (783,"descricao");
INSERT INTO MedicoInterv( MedicoID, IntervID) VALUES (394,783);
INSERT INTO Evento(EventoID,Descricao, Data, Admissao, Quarto) VALUES (784, "descricao","2001-01-06 13:35:26" ,50, 182);
INSERT INTO Intervencao( EventoID, Descricao) VALUES (784,"descricao");
INSERT INTO MedicoInterv( MedicoID, IntervID) VALUES (418,784);
INSERT INTO Evento(EventoID,Descricao, Data, Admissao, Quarto) VALUES (785, "descricao","2015-09-29 14:02:32" ,2, 190);
INSERT INTO Intervencao( EventoID, Descricao) VALUES (785,"descricao");
INSERT INTO MedicoInterv( MedicoID, IntervID) VALUES (403,785);
INSERT INTO Evento(EventoID,Descricao, Data, Admissao, Quarto) VALUES (786, "descricao","2004-08-02 12:31:59" ,141, 172);
INSERT INTO Intervencao( EventoID, Descricao) VALUES (786,"descricao");
INSERT INTO MedicoInterv( MedicoID, IntervID) VALUES (411,786);
INSERT INTO Evento(EventoID,Descricao, Data, Admissao, Quarto) VALUES (787, "descricao","2009-10-14 05:10:24" ,196, 232);
INSERT INTO Intervencao( EventoID, Descricao) VALUES (787,"descricao");
INSERT INTO MedicoInterv( MedicoID, IntervID) VALUES (421,787);
INSERT INTO Evento(EventoID,Descricao, Data, Admissao, Quarto) VALUES (788, "descricao","2002-08-02 02:13:54" ,71, 248);
INSERT INTO Intervencao( EventoID, Descricao) VALUES (788,"descricao");
INSERT INTO MedicoInterv( MedicoID, IntervID) VALUES (398,788);
INSERT INTO Evento(EventoID,Descricao, Data, Admissao, Quarto) VALUES (789, "descricao","2010-03-19 05:08:00" ,172, 207);
INSERT INTO Intervencao( EventoID, Descricao) VALUES (789,"descricao");
INSERT INTO MedicoInterv( MedicoID, IntervID) VALUES (411,789);
INSERT INTO Evento(EventoID,Descricao, Data, Admissao, Quarto) VALUES (790, "descricao","2013-12-14 15:40:15" ,19, 132);
INSERT INTO Intervencao( EventoID, Descricao) VALUES (790,"descricao");
INSERT INTO MedicoInterv( MedicoID, IntervID) VALUES (399,790);
INSERT INTO Evento(EventoID,Descricao, Data, Admissao, Quarto) VALUES (791, "descricao","2018-02-14 09:49:18" ,59, 182);
INSERT INTO Intervencao( EventoID, Descricao) VALUES (791,"descricao");
INSERT INTO MedicoInterv( MedicoID, IntervID) VALUES (401,791);
INSERT INTO Evento(EventoID,Descricao, Data, Admissao, Quarto) VALUES (792, "descricao","2013-06-07 16:43:43" ,41, 190);
INSERT INTO Intervencao( EventoID, Descricao) VALUES (792,"descricao");
INSERT INTO MedicoInterv( MedicoID, IntervID) VALUES (392,792);
INSERT INTO Evento(EventoID,Descricao, Data, Admissao, Quarto) VALUES (793, "descricao","2017-09-17 14:24:48" ,149, 184);
INSERT INTO Intervencao( EventoID, Descricao) VALUES (793,"descricao");
INSERT INTO MedicoInterv( MedicoID, IntervID) VALUES (420,793);
INSERT INTO Evento(EventoID,Descricao, Data, Admissao, Quarto) VALUES (794, "descricao","1998-08-27 19:41:54" ,33, 154);
INSERT INTO Intervencao( EventoID, Descricao) VALUES (794,"descricao");
INSERT INTO MedicoInterv( MedicoID, IntervID) VALUES (391,794);
INSERT INTO Evento(EventoID,Descricao, Data, Admissao, Quarto) VALUES (795, "descricao","2015-11-30 14:07:04" ,134, 177);
INSERT INTO Intervencao( EventoID, Descricao) VALUES (795,"descricao");
INSERT INTO MedicoInterv( MedicoID, IntervID) VALUES (402,795);
INSERT INTO Evento(EventoID,Descricao, Data, Admissao, Quarto) VALUES (796, "descricao","2013-10-18 16:37:02" ,28, 178);
INSERT INTO Intervencao( EventoID, Descricao) VALUES (796,"descricao");
INSERT INTO MedicoInterv( MedicoID, IntervID) VALUES (413,796);
INSERT INTO Evento(EventoID,Descricao, Data, Admissao, Quarto) VALUES (797, "descricao","2019-12-28 17:32:21" ,168, 209);
INSERT INTO Intervencao( EventoID, Descricao) VALUES (797,"descricao");
INSERT INTO MedicoInterv( MedicoID, IntervID) VALUES (417,797);
INSERT INTO Evento(EventoID,Descricao, Data, Admissao, Quarto) VALUES (798, "descricao","1974-05-21 18:07:21" ,151, 208);
INSERT INTO Intervencao( EventoID, Descricao) VALUES (798,"descricao");
INSERT INTO MedicoInterv( MedicoID, IntervID) VALUES (402,798);
INSERT INTO Evento(EventoID,Descricao, Data, Admissao, Quarto) VALUES (799, "descricao","2012-10-28 12:23:07" ,86, 106);
INSERT INTO Intervencao( EventoID, Descricao) VALUES (799,"descricao");
INSERT INTO MedicoInterv( MedicoID, IntervID) VALUES (409,799);

-- Nurse Exam
INSERT INTO Evento(EventoID,Descricao, Data, Admissao, Quarto) VALUES (800, "descricao","1983-03-18 10:21:01" ,27, 156);
INSERT INTO Exame( EventoID, Nome, Descricao) VALUES (800,"Urina","descricao");
INSERT INTO EnfermeiroExame( EnfermeiroID, ExameID) VALUES (345,800);
INSERT INTO Evento(EventoID,Descricao, Data, Admissao, Quarto) VALUES (801, "descricao","1983-12-10 15:49:52" ,77, 194);
INSERT INTO Exame( EventoID, Nome, Descricao) VALUES (801,"esofagoscopia","descricao");
INSERT INTO EnfermeiroExame( EnfermeiroID, ExameID) VALUES (325,801);
INSERT INTO Evento(EventoID,Descricao, Data, Admissao, Quarto) VALUES (802, "descricao","1989-08-18 14:34:36" ,130, 135);
INSERT INTO Exame( EventoID, Nome, Descricao) VALUES (802,"Urina","descricao");
INSERT INTO EnfermeiroExame( EnfermeiroID, ExameID) VALUES (304,802);
INSERT INTO Evento(EventoID,Descricao, Data, Admissao, Quarto) VALUES (803, "descricao","1984-08-14 05:17:15" ,170, 100);
INSERT INTO Exame( EventoID, Nome, Descricao) VALUES (803,"Urina","descricao");
INSERT INTO EnfermeiroExame( EnfermeiroID, ExameID) VALUES (342,803);
INSERT INTO Evento(EventoID,Descricao, Data, Admissao, Quarto) VALUES (804, "descricao","1991-08-25 02:27:19" ,189, 137);
INSERT INTO Exame( EventoID, Nome, Descricao) VALUES (804,"liquido sinovial","descricao");
INSERT INTO EnfermeiroExame( EnfermeiroID, ExameID) VALUES (336,804);
INSERT INTO Evento(EventoID,Descricao, Data, Admissao, Quarto) VALUES (805, "descricao","1971-07-16 12:39:22" ,199, 148);
INSERT INTO Exame( EventoID, Nome, Descricao) VALUES (805,"liquido sinovial","descricao");
INSERT INTO EnfermeiroExame( EnfermeiroID, ExameID) VALUES (359,805);
INSERT INTO Evento(EventoID,Descricao, Data, Admissao, Quarto) VALUES (806, "descricao","2006-03-06 02:52:20" ,88, 181);
INSERT INTO Exame( EventoID, Nome, Descricao) VALUES (806,"esofagoscopia","descricao");
INSERT INTO EnfermeiroExame( EnfermeiroID, ExameID) VALUES (363,806);
INSERT INTO Evento(EventoID,Descricao, Data, Admissao, Quarto) VALUES (807, "descricao","2013-04-29 00:09:46" ,20, 169);
INSERT INTO Exame( EventoID, Nome, Descricao) VALUES (807,"toracoscopia","descricao");
INSERT INTO EnfermeiroExame( EnfermeiroID, ExameID) VALUES (343,807);
INSERT INTO Evento(EventoID,Descricao, Data, Admissao, Quarto) VALUES (808, "descricao","1983-12-10 16:56:27" ,40, 206);
INSERT INTO Exame( EventoID, Nome, Descricao) VALUES (808,"cistoscopia","descricao");
INSERT INTO EnfermeiroExame( EnfermeiroID, ExameID) VALUES (351,808);
INSERT INTO Evento(EventoID,Descricao, Data, Admissao, Quarto) VALUES (809, "descricao","2012-05-29 07:25:41" ,182, 228);
INSERT INTO Exame( EventoID, Nome, Descricao) VALUES (809,"Sangue","descricao");
INSERT INTO EnfermeiroExame( EnfermeiroID, ExameID) VALUES (347,809);
INSERT INTO Evento(EventoID,Descricao, Data, Admissao, Quarto) VALUES (810, "descricao","1976-12-28 15:00:51" ,142, 227);
INSERT INTO Exame( EventoID, Nome, Descricao) VALUES (810,"Urina","descricao");
INSERT INTO EnfermeiroExame( EnfermeiroID, ExameID) VALUES (327,810);
INSERT INTO Evento(EventoID,Descricao, Data, Admissao, Quarto) VALUES (811, "descricao","2019-01-14 07:19:28" ,128, 144);
INSERT INTO Exame( EventoID, Nome, Descricao) VALUES (811,"laparoscopia","descricao");
INSERT INTO EnfermeiroExame( EnfermeiroID, ExameID) VALUES (363,811);
INSERT INTO Evento(EventoID,Descricao, Data, Admissao, Quarto) VALUES (812, "descricao","2004-08-04 08:37:50" ,151, 168);
INSERT INTO Exame( EventoID, Nome, Descricao) VALUES (812,"Sangue","descricao");
INSERT INTO EnfermeiroExame( EnfermeiroID, ExameID) VALUES (330,812);
INSERT INTO Evento(EventoID,Descricao, Data, Admissao, Quarto) VALUES (813, "descricao","1993-04-30 00:31:47" ,179, 212);
INSERT INTO Exame( EventoID, Nome, Descricao) VALUES (813,"liquido cefalorraquidiano","descricao");
INSERT INTO EnfermeiroExame( EnfermeiroID, ExameID) VALUES (353,813);
INSERT INTO Evento(EventoID,Descricao, Data, Admissao, Quarto) VALUES (814, "descricao","1984-09-18 20:23:52" ,115, 158);
INSERT INTO Exame( EventoID, Nome, Descricao) VALUES (814,"esofagoscopia","descricao");
INSERT INTO EnfermeiroExame( EnfermeiroID, ExameID) VALUES (345,814);
INSERT INTO Evento(EventoID,Descricao, Data, Admissao, Quarto) VALUES (815, "descricao","2009-08-19 20:50:34" ,116, 115);
INSERT INTO Exame( EventoID, Nome, Descricao) VALUES (815,"liquido sinovial","descricao");
INSERT INTO EnfermeiroExame( EnfermeiroID, ExameID) VALUES (301,815);
INSERT INTO Evento(EventoID,Descricao, Data, Admissao, Quarto) VALUES (816, "descricao","2004-05-10 09:44:13" ,67, 206);
INSERT INTO Exame( EventoID, Nome, Descricao) VALUES (816,"liquido sinovial","descricao");
INSERT INTO EnfermeiroExame( EnfermeiroID, ExameID) VALUES (301,816);
INSERT INTO Evento(EventoID,Descricao, Data, Admissao, Quarto) VALUES (817, "descricao","1993-05-06 13:26:46" ,15, 155);
INSERT INTO Exame( EventoID, Nome, Descricao) VALUES (817,"cistoscopia","descricao");
INSERT INTO EnfermeiroExame( EnfermeiroID, ExameID) VALUES (342,817);
INSERT INTO Evento(EventoID,Descricao, Data, Admissao, Quarto) VALUES (818, "descricao","2017-05-28 03:22:59" ,125, 187);
INSERT INTO Exame( EventoID, Nome, Descricao) VALUES (818,"laparoscopia","descricao");
INSERT INTO EnfermeiroExame( EnfermeiroID, ExameID) VALUES (349,818);
INSERT INTO Evento(EventoID,Descricao, Data, Admissao, Quarto) VALUES (819, "descricao","2004-02-23 03:02:53" ,153, 234);
INSERT INTO Exame( EventoID, Nome, Descricao) VALUES (819,"liquido sinovial","descricao");
INSERT INTO EnfermeiroExame( EnfermeiroID, ExameID) VALUES (321,819);
INSERT INTO Evento(EventoID,Descricao, Data, Admissao, Quarto) VALUES (820, "descricao","1996-09-16 19:07:33" ,71, 154);
INSERT INTO Exame( EventoID, Nome, Descricao) VALUES (820,"broncoscopia","descricao");
INSERT INTO EnfermeiroExame( EnfermeiroID, ExameID) VALUES (336,820);
INSERT INTO Evento(EventoID,Descricao, Data, Admissao, Quarto) VALUES (821, "descricao","1973-08-18 01:22:15" ,142, 178);
INSERT INTO Exame( EventoID, Nome, Descricao) VALUES (821,"cistoscopia","descricao");
INSERT INTO EnfermeiroExame( EnfermeiroID, ExameID) VALUES (354,821);
INSERT INTO Evento(EventoID,Descricao, Data, Admissao, Quarto) VALUES (822, "descricao","2000-06-18 23:47:30" ,83, 193);
INSERT INTO Exame( EventoID, Nome, Descricao) VALUES (822,"esofagoscopia","descricao");
INSERT INTO EnfermeiroExame( EnfermeiroID, ExameID) VALUES (333,822);
INSERT INTO Evento(EventoID,Descricao, Data, Admissao, Quarto) VALUES (823, "descricao","1982-11-03 07:54:48" ,18, 197);
INSERT INTO Exame( EventoID, Nome, Descricao) VALUES (823,"toracoscopia","descricao");
INSERT INTO EnfermeiroExame( EnfermeiroID, ExameID) VALUES (344,823);
INSERT INTO Evento(EventoID,Descricao, Data, Admissao, Quarto) VALUES (824, "descricao","1986-08-23 15:11:45" ,68, 144);
INSERT INTO Exame( EventoID, Nome, Descricao) VALUES (824,"laparoscopia","descricao");
INSERT INTO EnfermeiroExame( EnfermeiroID, ExameID) VALUES (324,824);
INSERT INTO Evento(EventoID,Descricao, Data, Admissao, Quarto) VALUES (825, "descricao","1976-03-26 18:32:35" ,90, 249);
INSERT INTO Exame( EventoID, Nome, Descricao) VALUES (825,"toracoscopia","descricao");
INSERT INTO EnfermeiroExame( EnfermeiroID, ExameID) VALUES (335,825);
INSERT INTO Evento(EventoID,Descricao, Data, Admissao, Quarto) VALUES (826, "descricao","1987-03-21 08:03:38" ,163, 146);
INSERT INTO Exame( EventoID, Nome, Descricao) VALUES (826,"liquido cefalorraquidiano","descricao");
INSERT INTO EnfermeiroExame( EnfermeiroID, ExameID) VALUES (330,826);
INSERT INTO Evento(EventoID,Descricao, Data, Admissao, Quarto) VALUES (827, "descricao","1972-12-14 03:35:59" ,85, 138);
INSERT INTO Exame( EventoID, Nome, Descricao) VALUES (827,"cistoscopia","descricao");
INSERT INTO EnfermeiroExame( EnfermeiroID, ExameID) VALUES (311,827);
INSERT INTO Evento(EventoID,Descricao, Data, Admissao, Quarto) VALUES (828, "descricao","2014-05-22 06:41:22" ,145, 155);
INSERT INTO Exame( EventoID, Nome, Descricao) VALUES (828,"liquido cefalorraquidiano","descricao");
INSERT INTO EnfermeiroExame( EnfermeiroID, ExameID) VALUES (314,828);
INSERT INTO Evento(EventoID,Descricao, Data, Admissao, Quarto) VALUES (829, "descricao","2001-10-08 08:37:12" ,183, 113);
INSERT INTO Exame( EventoID, Nome, Descricao) VALUES (829,"Urina","descricao");
INSERT INTO EnfermeiroExame( EnfermeiroID, ExameID) VALUES (326,829);
INSERT INTO Evento(EventoID,Descricao, Data, Admissao, Quarto) VALUES (830, "descricao","2011-01-29 03:13:04" ,163, 109);
INSERT INTO Exame( EventoID, Nome, Descricao) VALUES (830,"Urina","descricao");
INSERT INTO EnfermeiroExame( EnfermeiroID, ExameID) VALUES (339,830);
INSERT INTO Evento(EventoID,Descricao, Data, Admissao, Quarto) VALUES (831, "descricao","1996-02-14 20:10:43" ,25, 178);
INSERT INTO Exame( EventoID, Nome, Descricao) VALUES (831,"laringoscopia","descricao");
INSERT INTO EnfermeiroExame( EnfermeiroID, ExameID) VALUES (344,831);
INSERT INTO Evento(EventoID,Descricao, Data, Admissao, Quarto) VALUES (832, "descricao","2015-02-06 19:48:44" ,194, 249);
INSERT INTO Exame( EventoID, Nome, Descricao) VALUES (832,"liquido sinovial","descricao");
INSERT INTO EnfermeiroExame( EnfermeiroID, ExameID) VALUES (365,832);
INSERT INTO Evento(EventoID,Descricao, Data, Admissao, Quarto) VALUES (833, "descricao","1994-08-29 15:50:22" ,172, 183);
INSERT INTO Exame( EventoID, Nome, Descricao) VALUES (833,"mediastinoscopia","descricao");
INSERT INTO EnfermeiroExame( EnfermeiroID, ExameID) VALUES (351,833);
INSERT INTO Evento(EventoID,Descricao, Data, Admissao, Quarto) VALUES (834, "descricao","1997-10-09 13:26:54" ,3, 113);
INSERT INTO Exame( EventoID, Nome, Descricao) VALUES (834,"liquido sinovial","descricao");
INSERT INTO EnfermeiroExame( EnfermeiroID, ExameID) VALUES (347,834);
INSERT INTO Evento(EventoID,Descricao, Data, Admissao, Quarto) VALUES (835, "descricao","1977-10-17 03:33:46" ,106, 195);
INSERT INTO Exame( EventoID, Nome, Descricao) VALUES (835,"mediastinoscopia","descricao");
INSERT INTO EnfermeiroExame( EnfermeiroID, ExameID) VALUES (359,835);
INSERT INTO Evento(EventoID,Descricao, Data, Admissao, Quarto) VALUES (836, "descricao","1972-10-27 22:57:30" ,111, 102);
INSERT INTO Exame( EventoID, Nome, Descricao) VALUES (836,"toracoscopia","descricao");
INSERT INTO EnfermeiroExame( EnfermeiroID, ExameID) VALUES (304,836);
INSERT INTO Evento(EventoID,Descricao, Data, Admissao, Quarto) VALUES (837, "descricao","1995-07-22 03:24:30" ,163, 197);
INSERT INTO Exame( EventoID, Nome, Descricao) VALUES (837,"mediastinoscopia","descricao");
INSERT INTO EnfermeiroExame( EnfermeiroID, ExameID) VALUES (355,837);
INSERT INTO Evento(EventoID,Descricao, Data, Admissao, Quarto) VALUES (838, "descricao","1980-06-18 10:45:37" ,154, 114);
INSERT INTO Exame( EventoID, Nome, Descricao) VALUES (838,"broncoscopia","descricao");
INSERT INTO EnfermeiroExame( EnfermeiroID, ExameID) VALUES (310,838);
INSERT INTO Evento(EventoID,Descricao, Data, Admissao, Quarto) VALUES (839, "descricao","2004-10-22 16:09:17" ,114, 111);
INSERT INTO Exame( EventoID, Nome, Descricao) VALUES (839,"Sangue","descricao");
INSERT INTO EnfermeiroExame( EnfermeiroID, ExameID) VALUES (323,839);
INSERT INTO Evento(EventoID,Descricao, Data, Admissao, Quarto) VALUES (840, "descricao","2008-05-17 20:43:38" ,113, 135);
INSERT INTO Exame( EventoID, Nome, Descricao) VALUES (840,"cistoscopia","descricao");
INSERT INTO EnfermeiroExame( EnfermeiroID, ExameID) VALUES (336,840);
INSERT INTO Evento(EventoID,Descricao, Data, Admissao, Quarto) VALUES (841, "descricao","2010-04-06 04:53:52" ,166, 157);
INSERT INTO Exame( EventoID, Nome, Descricao) VALUES (841,"Urina","descricao");
INSERT INTO EnfermeiroExame( EnfermeiroID, ExameID) VALUES (310,841);
INSERT INTO Evento(EventoID,Descricao, Data, Admissao, Quarto) VALUES (842, "descricao","2011-01-28 21:24:42" ,125, 194);
INSERT INTO Exame( EventoID, Nome, Descricao) VALUES (842,"liquido cefalorraquidiano","descricao");
INSERT INTO EnfermeiroExame( EnfermeiroID, ExameID) VALUES (363,842);
INSERT INTO Evento(EventoID,Descricao, Data, Admissao, Quarto) VALUES (843, "descricao","1993-12-20 07:21:50" ,11, 160);
INSERT INTO Exame( EventoID, Nome, Descricao) VALUES (843,"cistoscopia","descricao");
INSERT INTO EnfermeiroExame( EnfermeiroID, ExameID) VALUES (322,843);
INSERT INTO Evento(EventoID,Descricao, Data, Admissao, Quarto) VALUES (844, "descricao","1999-07-17 14:47:03" ,112, 137);
INSERT INTO Exame( EventoID, Nome, Descricao) VALUES (844,"mediastinoscopia","descricao");
INSERT INTO EnfermeiroExame( EnfermeiroID, ExameID) VALUES (346,844);
INSERT INTO Evento(EventoID,Descricao, Data, Admissao, Quarto) VALUES (845, "descricao","1992-11-01 23:35:12" ,152, 241);
INSERT INTO Exame( EventoID, Nome, Descricao) VALUES (845,"laparoscopia","descricao");
INSERT INTO EnfermeiroExame( EnfermeiroID, ExameID) VALUES (344,845);
INSERT INTO Evento(EventoID,Descricao, Data, Admissao, Quarto) VALUES (846, "descricao","1973-10-21 08:06:51" ,198, 162);
INSERT INTO Exame( EventoID, Nome, Descricao) VALUES (846,"laringoscopia","descricao");
INSERT INTO EnfermeiroExame( EnfermeiroID, ExameID) VALUES (364,846);
INSERT INTO Evento(EventoID,Descricao, Data, Admissao, Quarto) VALUES (847, "descricao","2001-07-04 06:00:10" ,36, 134);
INSERT INTO Exame( EventoID, Nome, Descricao) VALUES (847,"laparoscopia","descricao");
INSERT INTO EnfermeiroExame( EnfermeiroID, ExameID) VALUES (364,847);
INSERT INTO Evento(EventoID,Descricao, Data, Admissao, Quarto) VALUES (848, "descricao","1992-02-16 19:36:27" ,135, 139);
INSERT INTO Exame( EventoID, Nome, Descricao) VALUES (848,"laringoscopia","descricao");
INSERT INTO EnfermeiroExame( EnfermeiroID, ExameID) VALUES (302,848);
INSERT INTO Evento(EventoID,Descricao, Data, Admissao, Quarto) VALUES (849, "descricao","2010-08-08 21:32:44" ,113, 232);
INSERT INTO Exame( EventoID, Nome, Descricao) VALUES (849,"cistoscopia","descricao");
INSERT INTO EnfermeiroExame( EnfermeiroID, ExameID) VALUES (327,849);
INSERT INTO Evento(EventoID,Descricao, Data, Admissao, Quarto) VALUES (850, "descricao","1997-01-30 06:46:52" ,50, 172);
INSERT INTO Exame( EventoID, Nome, Descricao) VALUES (850,"mediastinoscopia","descricao");
INSERT INTO EnfermeiroExame( EnfermeiroID, ExameID) VALUES (356,850);
INSERT INTO Evento(EventoID,Descricao, Data, Admissao, Quarto) VALUES (851, "descricao","2006-08-30 13:44:31" ,152, 168);
INSERT INTO Exame( EventoID, Nome, Descricao) VALUES (851,"Urina","descricao");
INSERT INTO EnfermeiroExame( EnfermeiroID, ExameID) VALUES (302,851);
INSERT INTO Evento(EventoID,Descricao, Data, Admissao, Quarto) VALUES (852, "descricao","1981-03-24 03:03:25" ,192, 120);
INSERT INTO Exame( EventoID, Nome, Descricao) VALUES (852,"Urina","descricao");
INSERT INTO EnfermeiroExame( EnfermeiroID, ExameID) VALUES (330,852);
INSERT INTO Evento(EventoID,Descricao, Data, Admissao, Quarto) VALUES (853, "descricao","1991-08-28 02:56:44" ,114, 142);
INSERT INTO Exame( EventoID, Nome, Descricao) VALUES (853,"toracoscopia","descricao");
INSERT INTO EnfermeiroExame( EnfermeiroID, ExameID) VALUES (322,853);
INSERT INTO Evento(EventoID,Descricao, Data, Admissao, Quarto) VALUES (854, "descricao","2006-02-14 14:15:04" ,9, 193);
INSERT INTO Exame( EventoID, Nome, Descricao) VALUES (854,"broncoscopia","descricao");
INSERT INTO EnfermeiroExame( EnfermeiroID, ExameID) VALUES (348,854);
INSERT INTO Evento(EventoID,Descricao, Data, Admissao, Quarto) VALUES (855, "descricao","2009-09-13 06:09:05" ,162, 134);
INSERT INTO Exame( EventoID, Nome, Descricao) VALUES (855,"Sangue","descricao");
INSERT INTO EnfermeiroExame( EnfermeiroID, ExameID) VALUES (356,855);
INSERT INTO Evento(EventoID,Descricao, Data, Admissao, Quarto) VALUES (856, "descricao","2008-07-13 03:33:10" ,6, 204);
INSERT INTO Exame( EventoID, Nome, Descricao) VALUES (856,"Urina","descricao");
INSERT INTO EnfermeiroExame( EnfermeiroID, ExameID) VALUES (330,856);
INSERT INTO Evento(EventoID,Descricao, Data, Admissao, Quarto) VALUES (857, "descricao","2016-09-27 16:57:40" ,106, 223);
INSERT INTO Exame( EventoID, Nome, Descricao) VALUES (857,"toracoscopia","descricao");
INSERT INTO EnfermeiroExame( EnfermeiroID, ExameID) VALUES (329,857);
INSERT INTO Evento(EventoID,Descricao, Data, Admissao, Quarto) VALUES (858, "descricao","1979-10-28 18:07:58" ,168, 209);
INSERT INTO Exame( EventoID, Nome, Descricao) VALUES (858,"mediastinoscopia","descricao");
INSERT INTO EnfermeiroExame( EnfermeiroID, ExameID) VALUES (321,858);
INSERT INTO Evento(EventoID,Descricao, Data, Admissao, Quarto) VALUES (859, "descricao","1974-08-05 06:31:14" ,126, 161);
INSERT INTO Exame( EventoID, Nome, Descricao) VALUES (859,"broncoscopia","descricao");
INSERT INTO EnfermeiroExame( EnfermeiroID, ExameID) VALUES (366,859);
INSERT INTO Evento(EventoID,Descricao, Data, Admissao, Quarto) VALUES (860, "descricao","1973-08-30 16:18:10" ,88, 186);
INSERT INTO Exame( EventoID, Nome, Descricao) VALUES (860,"toracoscopia","descricao");
INSERT INTO EnfermeiroExame( EnfermeiroID, ExameID) VALUES (314,860);
INSERT INTO Evento(EventoID,Descricao, Data, Admissao, Quarto) VALUES (861, "descricao","1979-08-13 13:45:57" ,172, 218);
INSERT INTO Exame( EventoID, Nome, Descricao) VALUES (861,"Sangue","descricao");
INSERT INTO EnfermeiroExame( EnfermeiroID, ExameID) VALUES (364,861);
INSERT INTO Evento(EventoID,Descricao, Data, Admissao, Quarto) VALUES (862, "descricao","1989-01-07 06:39:06" ,48, 205);
INSERT INTO Exame( EventoID, Nome, Descricao) VALUES (862,"cistoscopia","descricao");
INSERT INTO EnfermeiroExame( EnfermeiroID, ExameID) VALUES (324,862);
INSERT INTO Evento(EventoID,Descricao, Data, Admissao, Quarto) VALUES (863, "descricao","1981-01-28 20:16:39" ,87, 188);
INSERT INTO Exame( EventoID, Nome, Descricao) VALUES (863,"Sangue","descricao");
INSERT INTO EnfermeiroExame( EnfermeiroID, ExameID) VALUES (305,863);
INSERT INTO Evento(EventoID,Descricao, Data, Admissao, Quarto) VALUES (864, "descricao","2018-03-23 02:34:41" ,45, 202);
INSERT INTO Exame( EventoID, Nome, Descricao) VALUES (864,"cistoscopia","descricao");
INSERT INTO EnfermeiroExame( EnfermeiroID, ExameID) VALUES (308,864);
INSERT INTO Evento(EventoID,Descricao, Data, Admissao, Quarto) VALUES (865, "descricao","1983-02-28 10:27:21" ,172, 103);
INSERT INTO Exame( EventoID, Nome, Descricao) VALUES (865,"esofagoscopia","descricao");
INSERT INTO EnfermeiroExame( EnfermeiroID, ExameID) VALUES (346,865);
INSERT INTO Evento(EventoID,Descricao, Data, Admissao, Quarto) VALUES (866, "descricao","1978-03-18 02:03:25" ,145, 249);
INSERT INTO Exame( EventoID, Nome, Descricao) VALUES (866,"cistoscopia","descricao");
INSERT INTO EnfermeiroExame( EnfermeiroID, ExameID) VALUES (328,866);
INSERT INTO Evento(EventoID,Descricao, Data, Admissao, Quarto) VALUES (867, "descricao","2015-12-12 09:49:47" ,92, 203);
INSERT INTO Exame( EventoID, Nome, Descricao) VALUES (867,"esofagoscopia","descricao");
INSERT INTO EnfermeiroExame( EnfermeiroID, ExameID) VALUES (338,867);
INSERT INTO Evento(EventoID,Descricao, Data, Admissao, Quarto) VALUES (868, "descricao","2015-11-28 13:09:56" ,29, 231);
INSERT INTO Exame( EventoID, Nome, Descricao) VALUES (868,"liquido sinovial","descricao");
INSERT INTO EnfermeiroExame( EnfermeiroID, ExameID) VALUES (317,868);
INSERT INTO Evento(EventoID,Descricao, Data, Admissao, Quarto) VALUES (869, "descricao","1990-06-02 13:14:06" ,31, 237);
INSERT INTO Exame( EventoID, Nome, Descricao) VALUES (869,"mediastinoscopia","descricao");
INSERT INTO EnfermeiroExame( EnfermeiroID, ExameID) VALUES (359,869);
INSERT INTO Evento(EventoID,Descricao, Data, Admissao, Quarto) VALUES (870, "descricao","2000-07-25 16:21:01" ,156, 143);
INSERT INTO Exame( EventoID, Nome, Descricao) VALUES (870,"esofagoscopia","descricao");
INSERT INTO EnfermeiroExame( EnfermeiroID, ExameID) VALUES (328,870);
INSERT INTO Evento(EventoID,Descricao, Data, Admissao, Quarto) VALUES (871, "descricao","2012-08-12 09:05:09" ,55, 218);
INSERT INTO Exame( EventoID, Nome, Descricao) VALUES (871,"Urina","descricao");
INSERT INTO EnfermeiroExame( EnfermeiroID, ExameID) VALUES (334,871);
INSERT INTO Evento(EventoID,Descricao, Data, Admissao, Quarto) VALUES (872, "descricao","1990-06-15 11:38:11" ,92, 107);
INSERT INTO Exame( EventoID, Nome, Descricao) VALUES (872,"toracoscopia","descricao");
INSERT INTO EnfermeiroExame( EnfermeiroID, ExameID) VALUES (352,872);
INSERT INTO Evento(EventoID,Descricao, Data, Admissao, Quarto) VALUES (873, "descricao","1990-06-22 05:16:44" ,54, 189);
INSERT INTO Exame( EventoID, Nome, Descricao) VALUES (873,"laringoscopia","descricao");
INSERT INTO EnfermeiroExame( EnfermeiroID, ExameID) VALUES (333,873);
INSERT INTO Evento(EventoID,Descricao, Data, Admissao, Quarto) VALUES (874, "descricao","1979-12-01 05:10:56" ,64, 105);
INSERT INTO Exame( EventoID, Nome, Descricao) VALUES (874,"Sangue","descricao");
INSERT INTO EnfermeiroExame( EnfermeiroID, ExameID) VALUES (323,874);
INSERT INTO Evento(EventoID,Descricao, Data, Admissao, Quarto) VALUES (875, "descricao","2006-04-29 18:19:24" ,49, 226);
INSERT INTO Exame( EventoID, Nome, Descricao) VALUES (875,"Urina","descricao");
INSERT INTO EnfermeiroExame( EnfermeiroID, ExameID) VALUES (304,875);
INSERT INTO Evento(EventoID,Descricao, Data, Admissao, Quarto) VALUES (876, "descricao","1996-10-21 23:32:29" ,182, 212);
INSERT INTO Exame( EventoID, Nome, Descricao) VALUES (876,"cistoscopia","descricao");
INSERT INTO EnfermeiroExame( EnfermeiroID, ExameID) VALUES (328,876);
INSERT INTO Evento(EventoID,Descricao, Data, Admissao, Quarto) VALUES (877, "descricao","1992-12-26 09:12:48" ,69, 192);
INSERT INTO Exame( EventoID, Nome, Descricao) VALUES (877,"broncoscopia","descricao");
INSERT INTO EnfermeiroExame( EnfermeiroID, ExameID) VALUES (346,877);
INSERT INTO Evento(EventoID,Descricao, Data, Admissao, Quarto) VALUES (878, "descricao","1996-03-20 01:21:16" ,38, 118);
INSERT INTO Exame( EventoID, Nome, Descricao) VALUES (878,"esofagoscopia","descricao");
INSERT INTO EnfermeiroExame( EnfermeiroID, ExameID) VALUES (349,878);
INSERT INTO Evento(EventoID,Descricao, Data, Admissao, Quarto) VALUES (879, "descricao","1979-01-24 17:57:49" ,163, 189);
INSERT INTO Exame( EventoID, Nome, Descricao) VALUES (879,"broncoscopia","descricao");
INSERT INTO EnfermeiroExame( EnfermeiroID, ExameID) VALUES (363,879);
INSERT INTO Evento(EventoID,Descricao, Data, Admissao, Quarto) VALUES (880, "descricao","2017-09-08 21:40:42" ,51, 128);
INSERT INTO Exame( EventoID, Nome, Descricao) VALUES (880,"Sangue","descricao");
INSERT INTO EnfermeiroExame( EnfermeiroID, ExameID) VALUES (345,880);
INSERT INTO Evento(EventoID,Descricao, Data, Admissao, Quarto) VALUES (881, "descricao","1976-09-12 03:46:10" ,189, 130);
INSERT INTO Exame( EventoID, Nome, Descricao) VALUES (881,"mediastinoscopia","descricao");
INSERT INTO EnfermeiroExame( EnfermeiroID, ExameID) VALUES (314,881);
INSERT INTO Evento(EventoID,Descricao, Data, Admissao, Quarto) VALUES (882, "descricao","1993-12-03 13:16:47" ,73, 220);
INSERT INTO Exame( EventoID, Nome, Descricao) VALUES (882,"Sangue","descricao");
INSERT INTO EnfermeiroExame( EnfermeiroID, ExameID) VALUES (365,882);
INSERT INTO Evento(EventoID,Descricao, Data, Admissao, Quarto) VALUES (883, "descricao","1986-08-28 00:20:39" ,132, 246);
INSERT INTO Exame( EventoID, Nome, Descricao) VALUES (883,"liquido cefalorraquidiano","descricao");
INSERT INTO EnfermeiroExame( EnfermeiroID, ExameID) VALUES (355,883);
INSERT INTO Evento(EventoID,Descricao, Data, Admissao, Quarto) VALUES (884, "descricao","2004-09-18 13:04:04" ,41, 118);
INSERT INTO Exame( EventoID, Nome, Descricao) VALUES (884,"cistoscopia","descricao");
INSERT INTO EnfermeiroExame( EnfermeiroID, ExameID) VALUES (310,884);
INSERT INTO Evento(EventoID,Descricao, Data, Admissao, Quarto) VALUES (885, "descricao","1999-11-21 08:31:17" ,46, 130);
INSERT INTO Exame( EventoID, Nome, Descricao) VALUES (885,"mediastinoscopia","descricao");
INSERT INTO EnfermeiroExame( EnfermeiroID, ExameID) VALUES (346,885);
INSERT INTO Evento(EventoID,Descricao, Data, Admissao, Quarto) VALUES (886, "descricao","2001-04-16 08:57:06" ,87, 106);
INSERT INTO Exame( EventoID, Nome, Descricao) VALUES (886,"esofagoscopia","descricao");
INSERT INTO EnfermeiroExame( EnfermeiroID, ExameID) VALUES (347,886);
INSERT INTO Evento(EventoID,Descricao, Data, Admissao, Quarto) VALUES (887, "descricao","2004-01-07 22:42:12" ,65, 142);
INSERT INTO Exame( EventoID, Nome, Descricao) VALUES (887,"mediastinoscopia","descricao");
INSERT INTO EnfermeiroExame( EnfermeiroID, ExameID) VALUES (331,887);
INSERT INTO Evento(EventoID,Descricao, Data, Admissao, Quarto) VALUES (888, "descricao","1999-07-22 07:30:44" ,143, 178);
INSERT INTO Exame( EventoID, Nome, Descricao) VALUES (888,"Urina","descricao");
INSERT INTO EnfermeiroExame( EnfermeiroID, ExameID) VALUES (301,888);
INSERT INTO Evento(EventoID,Descricao, Data, Admissao, Quarto) VALUES (889, "descricao","1984-04-10 06:33:44" ,33, 139);
INSERT INTO Exame( EventoID, Nome, Descricao) VALUES (889,"laringoscopia","descricao");
INSERT INTO EnfermeiroExame( EnfermeiroID, ExameID) VALUES (340,889);
INSERT INTO Evento(EventoID,Descricao, Data, Admissao, Quarto) VALUES (890, "descricao","1973-01-31 21:38:52" ,137, 201);
INSERT INTO Exame( EventoID, Nome, Descricao) VALUES (890,"laparoscopia","descricao");
INSERT INTO EnfermeiroExame( EnfermeiroID, ExameID) VALUES (328,890);
INSERT INTO Evento(EventoID,Descricao, Data, Admissao, Quarto) VALUES (891, "descricao","2007-08-01 20:36:02" ,120, 230);
INSERT INTO Exame( EventoID, Nome, Descricao) VALUES (891,"mediastinoscopia","descricao");
INSERT INTO EnfermeiroExame( EnfermeiroID, ExameID) VALUES (302,891);
INSERT INTO Evento(EventoID,Descricao, Data, Admissao, Quarto) VALUES (892, "descricao","2019-09-09 01:59:13" ,59, 187);
INSERT INTO Exame( EventoID, Nome, Descricao) VALUES (892,"broncoscopia","descricao");
INSERT INTO EnfermeiroExame( EnfermeiroID, ExameID) VALUES (365,892);
INSERT INTO Evento(EventoID,Descricao, Data, Admissao, Quarto) VALUES (893, "descricao","1997-08-22 21:06:01" ,165, 215);
INSERT INTO Exame( EventoID, Nome, Descricao) VALUES (893,"esofagoscopia","descricao");
INSERT INTO EnfermeiroExame( EnfermeiroID, ExameID) VALUES (353,893);
INSERT INTO Evento(EventoID,Descricao, Data, Admissao, Quarto) VALUES (894, "descricao","1979-05-02 06:33:12" ,112, 173);
INSERT INTO Exame( EventoID, Nome, Descricao) VALUES (894,"cistoscopia","descricao");
INSERT INTO EnfermeiroExame( EnfermeiroID, ExameID) VALUES (338,894);
INSERT INTO Evento(EventoID,Descricao, Data, Admissao, Quarto) VALUES (895, "descricao","1988-02-09 00:38:10" ,143, 117);
INSERT INTO Exame( EventoID, Nome, Descricao) VALUES (895,"liquido cefalorraquidiano","descricao");
INSERT INTO EnfermeiroExame( EnfermeiroID, ExameID) VALUES (331,895);
INSERT INTO Evento(EventoID,Descricao, Data, Admissao, Quarto) VALUES (896, "descricao","1975-11-13 19:54:19" ,38, 245);
INSERT INTO Exame( EventoID, Nome, Descricao) VALUES (896,"laringoscopia","descricao");
INSERT INTO EnfermeiroExame( EnfermeiroID, ExameID) VALUES (357,896);
INSERT INTO Evento(EventoID,Descricao, Data, Admissao, Quarto) VALUES (897, "descricao","1971-08-13 09:06:08" ,171, 158);
INSERT INTO Exame( EventoID, Nome, Descricao) VALUES (897,"broncoscopia","descricao");
INSERT INTO EnfermeiroExame( EnfermeiroID, ExameID) VALUES (332,897);
INSERT INTO Evento(EventoID,Descricao, Data, Admissao, Quarto) VALUES (898, "descricao","2015-05-01 02:35:13" ,178, 196);
INSERT INTO Exame( EventoID, Nome, Descricao) VALUES (898,"mediastinoscopia","descricao");
INSERT INTO EnfermeiroExame( EnfermeiroID, ExameID) VALUES (316,898);
INSERT INTO Evento(EventoID,Descricao, Data, Admissao, Quarto) VALUES (899, "descricao","2011-03-02 03:31:31" ,31, 221);
INSERT INTO Exame( EventoID, Nome, Descricao) VALUES (899,"cistoscopia","descricao");
INSERT INTO EnfermeiroExame( EnfermeiroID, ExameID) VALUES (364,899);
INSERT INTO Evento(EventoID,Descricao, Data, Admissao, Quarto) VALUES (900, "descricao","2010-11-09 09:39:36" ,178, 112);
INSERT INTO Exame( EventoID, Nome, Descricao) VALUES (900,"laparoscopia","descricao");
INSERT INTO EnfermeiroExame( EnfermeiroID, ExameID) VALUES (344,900);
INSERT INTO Evento(EventoID,Descricao, Data, Admissao, Quarto) VALUES (901, "descricao","2007-07-07 02:57:17" ,127, 201);
INSERT INTO Exame( EventoID, Nome, Descricao) VALUES (901,"mediastinoscopia","descricao");
INSERT INTO EnfermeiroExame( EnfermeiroID, ExameID) VALUES (332,901);
INSERT INTO Evento(EventoID,Descricao, Data, Admissao, Quarto) VALUES (902, "descricao","2017-01-14 13:59:15" ,113, 180);
INSERT INTO Exame( EventoID, Nome, Descricao) VALUES (902,"Sangue","descricao");
INSERT INTO EnfermeiroExame( EnfermeiroID, ExameID) VALUES (302,902);
INSERT INTO Evento(EventoID,Descricao, Data, Admissao, Quarto) VALUES (903, "descricao","1983-03-28 21:01:09" ,41, 116);
INSERT INTO Exame( EventoID, Nome, Descricao) VALUES (903,"Urina","descricao");
INSERT INTO EnfermeiroExame( EnfermeiroID, ExameID) VALUES (344,903);
INSERT INTO Evento(EventoID,Descricao, Data, Admissao, Quarto) VALUES (904, "descricao","2017-04-08 15:23:50" ,85, 119);
INSERT INTO Exame( EventoID, Nome, Descricao) VALUES (904,"mediastinoscopia","descricao");
INSERT INTO EnfermeiroExame( EnfermeiroID, ExameID) VALUES (342,904);
INSERT INTO Evento(EventoID,Descricao, Data, Admissao, Quarto) VALUES (905, "descricao","1973-08-31 23:06:15" ,24, 196);
INSERT INTO Exame( EventoID, Nome, Descricao) VALUES (905,"laparoscopia","descricao");
INSERT INTO EnfermeiroExame( EnfermeiroID, ExameID) VALUES (316,905);
INSERT INTO Evento(EventoID,Descricao, Data, Admissao, Quarto) VALUES (906, "descricao","1977-09-15 05:10:54" ,116, 211);
INSERT INTO Exame( EventoID, Nome, Descricao) VALUES (906,"esofagoscopia","descricao");
INSERT INTO EnfermeiroExame( EnfermeiroID, ExameID) VALUES (332,906);
INSERT INTO Evento(EventoID,Descricao, Data, Admissao, Quarto) VALUES (907, "descricao","1994-12-03 00:48:43" ,123, 130);
INSERT INTO Exame( EventoID, Nome, Descricao) VALUES (907,"laringoscopia","descricao");
INSERT INTO EnfermeiroExame( EnfermeiroID, ExameID) VALUES (301,907);
INSERT INTO Evento(EventoID,Descricao, Data, Admissao, Quarto) VALUES (908, "descricao","1981-06-19 18:18:15" ,63, 209);
INSERT INTO Exame( EventoID, Nome, Descricao) VALUES (908,"broncoscopia","descricao");
INSERT INTO EnfermeiroExame( EnfermeiroID, ExameID) VALUES (357,908);
INSERT INTO Evento(EventoID,Descricao, Data, Admissao, Quarto) VALUES (909, "descricao","1976-09-09 12:27:04" ,147, 161);
INSERT INTO Exame( EventoID, Nome, Descricao) VALUES (909,"liquido sinovial","descricao");
INSERT INTO EnfermeiroExame( EnfermeiroID, ExameID) VALUES (366,909);
INSERT INTO Evento(EventoID,Descricao, Data, Admissao, Quarto) VALUES (910, "descricao","1982-06-17 14:34:28" ,90, 165);
INSERT INTO Exame( EventoID, Nome, Descricao) VALUES (910,"liquido sinovial","descricao");
INSERT INTO EnfermeiroExame( EnfermeiroID, ExameID) VALUES (339,910);
INSERT INTO Evento(EventoID,Descricao, Data, Admissao, Quarto) VALUES (911, "descricao","1980-03-30 11:05:24" ,153, 239);
INSERT INTO Exame( EventoID, Nome, Descricao) VALUES (911,"toracoscopia","descricao");
INSERT INTO EnfermeiroExame( EnfermeiroID, ExameID) VALUES (319,911);
INSERT INTO Evento(EventoID,Descricao, Data, Admissao, Quarto) VALUES (912, "descricao","2019-11-25 03:36:30" ,65, 236);
INSERT INTO Exame( EventoID, Nome, Descricao) VALUES (912,"liquido sinovial","descricao");
INSERT INTO EnfermeiroExame( EnfermeiroID, ExameID) VALUES (310,912);
INSERT INTO Evento(EventoID,Descricao, Data, Admissao, Quarto) VALUES (913, "descricao","1993-08-16 21:40:35" ,121, 123);
INSERT INTO Exame( EventoID, Nome, Descricao) VALUES (913,"Urina","descricao");
INSERT INTO EnfermeiroExame( EnfermeiroID, ExameID) VALUES (312,913);
INSERT INTO Evento(EventoID,Descricao, Data, Admissao, Quarto) VALUES (914, "descricao","2009-01-16 16:02:02" ,15, 213);
INSERT INTO Exame( EventoID, Nome, Descricao) VALUES (914,"cistoscopia","descricao");
INSERT INTO EnfermeiroExame( EnfermeiroID, ExameID) VALUES (352,914);
INSERT INTO Evento(EventoID,Descricao, Data, Admissao, Quarto) VALUES (915, "descricao","1991-11-13 05:08:34" ,50, 181);
INSERT INTO Exame( EventoID, Nome, Descricao) VALUES (915,"laringoscopia","descricao");
INSERT INTO EnfermeiroExame( EnfermeiroID, ExameID) VALUES (353,915);
INSERT INTO Evento(EventoID,Descricao, Data, Admissao, Quarto) VALUES (916, "descricao","1973-12-24 04:50:00" ,47, 242);
INSERT INTO Exame( EventoID, Nome, Descricao) VALUES (916,"laringoscopia","descricao");
INSERT INTO EnfermeiroExame( EnfermeiroID, ExameID) VALUES (355,916);
INSERT INTO Evento(EventoID,Descricao, Data, Admissao, Quarto) VALUES (917, "descricao","2018-02-03 09:33:42" ,41, 248);
INSERT INTO Exame( EventoID, Nome, Descricao) VALUES (917,"liquido sinovial","descricao");
INSERT INTO EnfermeiroExame( EnfermeiroID, ExameID) VALUES (318,917);
INSERT INTO Evento(EventoID,Descricao, Data, Admissao, Quarto) VALUES (918, "descricao","1990-12-28 14:15:09" ,80, 139);
INSERT INTO Exame( EventoID, Nome, Descricao) VALUES (918,"broncoscopia","descricao");
INSERT INTO EnfermeiroExame( EnfermeiroID, ExameID) VALUES (305,918);
INSERT INTO Evento(EventoID,Descricao, Data, Admissao, Quarto) VALUES (919, "descricao","2019-04-11 12:59:25" ,198, 173);
INSERT INTO Exame( EventoID, Nome, Descricao) VALUES (919,"toracoscopia","descricao");
INSERT INTO EnfermeiroExame( EnfermeiroID, ExameID) VALUES (338,919);
INSERT INTO Evento(EventoID,Descricao, Data, Admissao, Quarto) VALUES (920, "descricao","1997-02-26 18:08:01" ,44, 146);
INSERT INTO Exame( EventoID, Nome, Descricao) VALUES (920,"laringoscopia","descricao");
INSERT INTO EnfermeiroExame( EnfermeiroID, ExameID) VALUES (339,920);
INSERT INTO Evento(EventoID,Descricao, Data, Admissao, Quarto) VALUES (921, "descricao","1982-07-12 09:08:18" ,103, 119);
INSERT INTO Exame( EventoID, Nome, Descricao) VALUES (921,"cistoscopia","descricao");
INSERT INTO EnfermeiroExame( EnfermeiroID, ExameID) VALUES (359,921);
INSERT INTO Evento(EventoID,Descricao, Data, Admissao, Quarto) VALUES (922, "descricao","2019-09-27 08:47:51" ,190, 190);
INSERT INTO Exame( EventoID, Nome, Descricao) VALUES (922,"mediastinoscopia","descricao");
INSERT INTO EnfermeiroExame( EnfermeiroID, ExameID) VALUES (354,922);
INSERT INTO Evento(EventoID,Descricao, Data, Admissao, Quarto) VALUES (923, "descricao","1991-06-29 08:56:04" ,183, 152);
INSERT INTO Exame( EventoID, Nome, Descricao) VALUES (923,"esofagoscopia","descricao");
INSERT INTO EnfermeiroExame( EnfermeiroID, ExameID) VALUES (349,923);
INSERT INTO Evento(EventoID,Descricao, Data, Admissao, Quarto) VALUES (924, "descricao","1991-09-29 09:44:12" ,52, 172);
INSERT INTO Exame( EventoID, Nome, Descricao) VALUES (924,"laringoscopia","descricao");
INSERT INTO EnfermeiroExame( EnfermeiroID, ExameID) VALUES (308,924);
INSERT INTO Evento(EventoID,Descricao, Data, Admissao, Quarto) VALUES (925, "descricao","2013-10-17 11:39:00" ,37, 214);
INSERT INTO Exame( EventoID, Nome, Descricao) VALUES (925,"liquido cefalorraquidiano","descricao");
INSERT INTO EnfermeiroExame( EnfermeiroID, ExameID) VALUES (302,925);
INSERT INTO Evento(EventoID,Descricao, Data, Admissao, Quarto) VALUES (926, "descricao","1992-08-18 11:20:39" ,130, 114);
INSERT INTO Exame( EventoID, Nome, Descricao) VALUES (926,"esofagoscopia","descricao");
INSERT INTO EnfermeiroExame( EnfermeiroID, ExameID) VALUES (320,926);
INSERT INTO Evento(EventoID,Descricao, Data, Admissao, Quarto) VALUES (927, "descricao","1996-06-27 04:23:34" ,172, 158);
INSERT INTO Exame( EventoID, Nome, Descricao) VALUES (927,"mediastinoscopia","descricao");
INSERT INTO EnfermeiroExame( EnfermeiroID, ExameID) VALUES (326,927);
INSERT INTO Evento(EventoID,Descricao, Data, Admissao, Quarto) VALUES (928, "descricao","1992-09-17 04:52:06" ,3, 101);
INSERT INTO Exame( EventoID, Nome, Descricao) VALUES (928,"liquido sinovial","descricao");
INSERT INTO EnfermeiroExame( EnfermeiroID, ExameID) VALUES (308,928);
INSERT INTO Evento(EventoID,Descricao, Data, Admissao, Quarto) VALUES (929, "descricao","2012-08-05 03:42:28" ,148, 150);
INSERT INTO Exame( EventoID, Nome, Descricao) VALUES (929,"mediastinoscopia","descricao");
INSERT INTO EnfermeiroExame( EnfermeiroID, ExameID) VALUES (305,929);
INSERT INTO Evento(EventoID,Descricao, Data, Admissao, Quarto) VALUES (930, "descricao","1982-12-05 21:52:39" ,193, 178);
INSERT INTO Exame( EventoID, Nome, Descricao) VALUES (930,"liquido sinovial","descricao");
INSERT INTO EnfermeiroExame( EnfermeiroID, ExameID) VALUES (304,930);
INSERT INTO Evento(EventoID,Descricao, Data, Admissao, Quarto) VALUES (931, "descricao","2005-08-08 22:12:28" ,118, 130);
INSERT INTO Exame( EventoID, Nome, Descricao) VALUES (931,"broncoscopia","descricao");
INSERT INTO EnfermeiroExame( EnfermeiroID, ExameID) VALUES (315,931);
INSERT INTO Evento(EventoID,Descricao, Data, Admissao, Quarto) VALUES (932, "descricao","1985-08-24 13:08:05" ,122, 217);
INSERT INTO Exame( EventoID, Nome, Descricao) VALUES (932,"toracoscopia","descricao");
INSERT INTO EnfermeiroExame( EnfermeiroID, ExameID) VALUES (333,932);
INSERT INTO Evento(EventoID,Descricao, Data, Admissao, Quarto) VALUES (933, "descricao","2003-02-14 21:09:44" ,46, 107);
INSERT INTO Exame( EventoID, Nome, Descricao) VALUES (933,"laparoscopia","descricao");
INSERT INTO EnfermeiroExame( EnfermeiroID, ExameID) VALUES (321,933);
INSERT INTO Evento(EventoID,Descricao, Data, Admissao, Quarto) VALUES (934, "descricao","1991-04-30 08:10:24" ,61, 127);
INSERT INTO Exame( EventoID, Nome, Descricao) VALUES (934,"Sangue","descricao");
INSERT INTO EnfermeiroExame( EnfermeiroID, ExameID) VALUES (321,934);
INSERT INTO Evento(EventoID,Descricao, Data, Admissao, Quarto) VALUES (935, "descricao","1990-06-06 18:36:06" ,85, 242);
INSERT INTO Exame( EventoID, Nome, Descricao) VALUES (935,"liquido cefalorraquidiano","descricao");
INSERT INTO EnfermeiroExame( EnfermeiroID, ExameID) VALUES (330,935);
INSERT INTO Evento(EventoID,Descricao, Data, Admissao, Quarto) VALUES (936, "descricao","2004-04-15 13:43:56" ,195, 114);
INSERT INTO Exame( EventoID, Nome, Descricao) VALUES (936,"mediastinoscopia","descricao");
INSERT INTO EnfermeiroExame( EnfermeiroID, ExameID) VALUES (350,936);
INSERT INTO Evento(EventoID,Descricao, Data, Admissao, Quarto) VALUES (937, "descricao","2013-10-03 06:45:05" ,83, 196);
INSERT INTO Exame( EventoID, Nome, Descricao) VALUES (937,"toracoscopia","descricao");
INSERT INTO EnfermeiroExame( EnfermeiroID, ExameID) VALUES (358,937);
INSERT INTO Evento(EventoID,Descricao, Data, Admissao, Quarto) VALUES (938, "descricao","1999-01-19 15:15:41" ,87, 192);
INSERT INTO Exame( EventoID, Nome, Descricao) VALUES (938,"liquido cefalorraquidiano","descricao");
INSERT INTO EnfermeiroExame( EnfermeiroID, ExameID) VALUES (349,938);
INSERT INTO Evento(EventoID,Descricao, Data, Admissao, Quarto) VALUES (939, "descricao","1983-02-21 13:43:30" ,165, 221);
INSERT INTO Exame( EventoID, Nome, Descricao) VALUES (939,"liquido sinovial","descricao");
INSERT INTO EnfermeiroExame( EnfermeiroID, ExameID) VALUES (365,939);
INSERT INTO Evento(EventoID,Descricao, Data, Admissao, Quarto) VALUES (940, "descricao","2001-04-25 23:01:26" ,167, 212);
INSERT INTO Exame( EventoID, Nome, Descricao) VALUES (940,"mediastinoscopia","descricao");
INSERT INTO EnfermeiroExame( EnfermeiroID, ExameID) VALUES (320,940);
INSERT INTO Evento(EventoID,Descricao, Data, Admissao, Quarto) VALUES (941, "descricao","1988-09-25 23:08:50" ,124, 153);
INSERT INTO Exame( EventoID, Nome, Descricao) VALUES (941,"laparoscopia","descricao");
INSERT INTO EnfermeiroExame( EnfermeiroID, ExameID) VALUES (358,941);
INSERT INTO Evento(EventoID,Descricao, Data, Admissao, Quarto) VALUES (942, "descricao","1995-12-18 07:57:06" ,163, 109);
INSERT INTO Exame( EventoID, Nome, Descricao) VALUES (942,"laparoscopia","descricao");
INSERT INTO EnfermeiroExame( EnfermeiroID, ExameID) VALUES (345,942);
INSERT INTO Evento(EventoID,Descricao, Data, Admissao, Quarto) VALUES (943, "descricao","1970-09-05 06:53:30" ,177, 199);
INSERT INTO Exame( EventoID, Nome, Descricao) VALUES (943,"laringoscopia","descricao");
INSERT INTO EnfermeiroExame( EnfermeiroID, ExameID) VALUES (354,943);
INSERT INTO Evento(EventoID,Descricao, Data, Admissao, Quarto) VALUES (944, "descricao","2005-09-06 16:47:54" ,183, 216);
INSERT INTO Exame( EventoID, Nome, Descricao) VALUES (944,"toracoscopia","descricao");
INSERT INTO EnfermeiroExame( EnfermeiroID, ExameID) VALUES (334,944);
INSERT INTO Evento(EventoID,Descricao, Data, Admissao, Quarto) VALUES (945, "descricao","2018-06-12 12:34:04" ,148, 207);
INSERT INTO Exame( EventoID, Nome, Descricao) VALUES (945,"cistoscopia","descricao");
INSERT INTO EnfermeiroExame( EnfermeiroID, ExameID) VALUES (319,945);
INSERT INTO Evento(EventoID,Descricao, Data, Admissao, Quarto) VALUES (946, "descricao","2009-09-15 01:28:39" ,128, 206);
INSERT INTO Exame( EventoID, Nome, Descricao) VALUES (946,"mediastinoscopia","descricao");
INSERT INTO EnfermeiroExame( EnfermeiroID, ExameID) VALUES (345,946);
INSERT INTO Evento(EventoID,Descricao, Data, Admissao, Quarto) VALUES (947, "descricao","2018-09-03 15:38:48" ,163, 147);
INSERT INTO Exame( EventoID, Nome, Descricao) VALUES (947,"mediastinoscopia","descricao");
INSERT INTO EnfermeiroExame( EnfermeiroID, ExameID) VALUES (343,947);
INSERT INTO Evento(EventoID,Descricao, Data, Admissao, Quarto) VALUES (948, "descricao","2017-01-15 01:49:53" ,142, 123);
INSERT INTO Exame( EventoID, Nome, Descricao) VALUES (948,"liquido sinovial","descricao");
INSERT INTO EnfermeiroExame( EnfermeiroID, ExameID) VALUES (349,948);
INSERT INTO Evento(EventoID,Descricao, Data, Admissao, Quarto) VALUES (949, "descricao","1988-07-15 18:06:16" ,14, 138);
INSERT INTO Exame( EventoID, Nome, Descricao) VALUES (949,"liquido sinovial","descricao");
INSERT INTO EnfermeiroExame( EnfermeiroID, ExameID) VALUES (362,949);

-- Tecnician Exam
INSERT INTO Evento(EventoID,Descricao, Data, Admissao, Quarto) VALUES (950, "descricao","1998-09-17 04:06:33" ,43, 231);
INSERT INTO Exame( EventoID, Nome, Descricao) VALUES (950,"Urina","descricao");
INSERT INTO TecnicoExame( TecnicoID, ExameID) VALUES (381,950);
INSERT INTO Evento(EventoID,Descricao, Data, Admissao, Quarto) VALUES (951, "descricao","2013-03-31 14:19:44" ,193, 158);
INSERT INTO Exame( EventoID, Nome, Descricao) VALUES (951,"esofagoscopia","descricao");
INSERT INTO TecnicoExame( TecnicoID, ExameID) VALUES (368,951);
INSERT INTO Evento(EventoID,Descricao, Data, Admissao, Quarto) VALUES (952, "descricao","1979-05-02 05:52:31" ,59, 177);
INSERT INTO Exame( EventoID, Nome, Descricao) VALUES (952,"broncoscopia","descricao");
INSERT INTO TecnicoExame( TecnicoID, ExameID) VALUES (381,952);
INSERT INTO Evento(EventoID,Descricao, Data, Admissao, Quarto) VALUES (953, "descricao","1993-02-25 11:32:41" ,153, 112);
INSERT INTO Exame( EventoID, Nome, Descricao) VALUES (953,"laringoscopia","descricao");
INSERT INTO TecnicoExame( TecnicoID, ExameID) VALUES (373,953);
INSERT INTO Evento(EventoID,Descricao, Data, Admissao, Quarto) VALUES (954, "descricao","1971-03-03 21:31:43" ,123, 200);
INSERT INTO Exame( EventoID, Nome, Descricao) VALUES (954,"liquido cefalorraquidiano","descricao");
INSERT INTO TecnicoExame( TecnicoID, ExameID) VALUES (372,954);
INSERT INTO Evento(EventoID,Descricao, Data, Admissao, Quarto) VALUES (955, "descricao","1974-10-02 15:48:04" ,142, 178);
INSERT INTO Exame( EventoID, Nome, Descricao) VALUES (955,"cistoscopia","descricao");
INSERT INTO TecnicoExame( TecnicoID, ExameID) VALUES (380,955);
INSERT INTO Evento(EventoID,Descricao, Data, Admissao, Quarto) VALUES (956, "descricao","2016-05-16 18:25:56" ,79, 181);
INSERT INTO Exame( EventoID, Nome, Descricao) VALUES (956,"Sangue","descricao");
INSERT INTO TecnicoExame( TecnicoID, ExameID) VALUES (371,956);
INSERT INTO Evento(EventoID,Descricao, Data, Admissao, Quarto) VALUES (957, "descricao","1994-10-29 07:43:29" ,153, 240);
INSERT INTO Exame( EventoID, Nome, Descricao) VALUES (957,"liquido cefalorraquidiano","descricao");
INSERT INTO TecnicoExame( TecnicoID, ExameID) VALUES (372,957);
INSERT INTO Evento(EventoID,Descricao, Data, Admissao, Quarto) VALUES (958, "descricao","1980-07-08 05:09:47" ,157, 207);
INSERT INTO Exame( EventoID, Nome, Descricao) VALUES (958,"mediastinoscopia","descricao");
INSERT INTO TecnicoExame( TecnicoID, ExameID) VALUES (376,958);
INSERT INTO Evento(EventoID,Descricao, Data, Admissao, Quarto) VALUES (959, "descricao","2009-03-21 08:56:25" ,97, 246);
INSERT INTO Exame( EventoID, Nome, Descricao) VALUES (959,"mediastinoscopia","descricao");
INSERT INTO TecnicoExame( TecnicoID, ExameID) VALUES (369,959);
INSERT INTO Evento(EventoID,Descricao, Data, Admissao, Quarto) VALUES (960, "descricao","2009-04-15 09:22:59" ,21, 209);
INSERT INTO Exame( EventoID, Nome, Descricao) VALUES (960,"toracoscopia","descricao");
INSERT INTO TecnicoExame( TecnicoID, ExameID) VALUES (380,960);
INSERT INTO Evento(EventoID,Descricao, Data, Admissao, Quarto) VALUES (961, "descricao","2018-10-30 12:53:35" ,194, 225);
INSERT INTO Exame( EventoID, Nome, Descricao) VALUES (961,"laringoscopia","descricao");
INSERT INTO TecnicoExame( TecnicoID, ExameID) VALUES (374,961);
INSERT INTO Evento(EventoID,Descricao, Data, Admissao, Quarto) VALUES (962, "descricao","2007-12-17 08:26:41" ,121, 135);
INSERT INTO Exame( EventoID, Nome, Descricao) VALUES (962,"broncoscopia","descricao");
INSERT INTO TecnicoExame( TecnicoID, ExameID) VALUES (379,962);
INSERT INTO Evento(EventoID,Descricao, Data, Admissao, Quarto) VALUES (963, "descricao","1993-01-01 03:48:02" ,165, 133);
INSERT INTO Exame( EventoID, Nome, Descricao) VALUES (963,"Urina","descricao");
INSERT INTO TecnicoExame( TecnicoID, ExameID) VALUES (370,963);
INSERT INTO Evento(EventoID,Descricao, Data, Admissao, Quarto) VALUES (964, "descricao","2004-12-01 02:26:07" ,99, 144);
INSERT INTO Exame( EventoID, Nome, Descricao) VALUES (964,"cistoscopia","descricao");
INSERT INTO TecnicoExame( TecnicoID, ExameID) VALUES (372,964);
INSERT INTO Evento(EventoID,Descricao, Data, Admissao, Quarto) VALUES (965, "descricao","2018-05-10 12:26:22" ,179, 234);
INSERT INTO Exame( EventoID, Nome, Descricao) VALUES (965,"liquido cefalorraquidiano","descricao");
INSERT INTO TecnicoExame( TecnicoID, ExameID) VALUES (371,965);
INSERT INTO Evento(EventoID,Descricao, Data, Admissao, Quarto) VALUES (966, "descricao","1971-09-10 05:40:12" ,106, 235);
INSERT INTO Exame( EventoID, Nome, Descricao) VALUES (966,"esofagoscopia","descricao");
INSERT INTO TecnicoExame( TecnicoID, ExameID) VALUES (378,966);
INSERT INTO Evento(EventoID,Descricao, Data, Admissao, Quarto) VALUES (967, "descricao","1980-09-06 00:34:45" ,47, 173);
INSERT INTO Exame( EventoID, Nome, Descricao) VALUES (967,"liquido sinovial","descricao");
INSERT INTO TecnicoExame( TecnicoID, ExameID) VALUES (381,967);
INSERT INTO Evento(EventoID,Descricao, Data, Admissao, Quarto) VALUES (968, "descricao","2019-11-14 13:52:58" ,187, 183);
INSERT INTO Exame( EventoID, Nome, Descricao) VALUES (968,"broncoscopia","descricao");
INSERT INTO TecnicoExame( TecnicoID, ExameID) VALUES (372,968);
INSERT INTO Evento(EventoID,Descricao, Data, Admissao, Quarto) VALUES (969, "descricao","2009-12-02 12:00:49" ,194, 156);
INSERT INTO Exame( EventoID, Nome, Descricao) VALUES (969,"Sangue","descricao");
INSERT INTO TecnicoExame( TecnicoID, ExameID) VALUES (380,969);
INSERT INTO Evento(EventoID,Descricao, Data, Admissao, Quarto) VALUES (970, "descricao","1979-07-26 05:38:37" ,163, 229);
INSERT INTO Exame( EventoID, Nome, Descricao) VALUES (970,"laringoscopia","descricao");
INSERT INTO TecnicoExame( TecnicoID, ExameID) VALUES (375,970);
INSERT INTO Evento(EventoID,Descricao, Data, Admissao, Quarto) VALUES (971, "descricao","1994-09-17 22:55:39" ,99, 214);
INSERT INTO Exame( EventoID, Nome, Descricao) VALUES (971,"liquido cefalorraquidiano","descricao");
INSERT INTO TecnicoExame( TecnicoID, ExameID) VALUES (370,971);
INSERT INTO Evento(EventoID,Descricao, Data, Admissao, Quarto) VALUES (972, "descricao","1978-08-04 16:54:11" ,9, 142);
INSERT INTO Exame( EventoID, Nome, Descricao) VALUES (972,"Sangue","descricao");
INSERT INTO TecnicoExame( TecnicoID, ExameID) VALUES (370,972);
INSERT INTO Evento(EventoID,Descricao, Data, Admissao, Quarto) VALUES (973, "descricao","1979-08-17 18:37:26" ,66, 120);
INSERT INTO Exame( EventoID, Nome, Descricao) VALUES (973,"Sangue","descricao");
INSERT INTO TecnicoExame( TecnicoID, ExameID) VALUES (372,973);
INSERT INTO Evento(EventoID,Descricao, Data, Admissao, Quarto) VALUES (974, "descricao","1984-03-01 03:17:11" ,99, 235);
INSERT INTO Exame( EventoID, Nome, Descricao) VALUES (974,"laparoscopia","descricao");
INSERT INTO TecnicoExame( TecnicoID, ExameID) VALUES (369,974);
INSERT INTO Evento(EventoID,Descricao, Data, Admissao, Quarto) VALUES (975, "descricao","1981-03-31 01:42:14" ,188, 113);
INSERT INTO Exame( EventoID, Nome, Descricao) VALUES (975,"laringoscopia","descricao");
INSERT INTO TecnicoExame( TecnicoID, ExameID) VALUES (372,975);
INSERT INTO Evento(EventoID,Descricao, Data, Admissao, Quarto) VALUES (976, "descricao","2019-05-06 11:23:28" ,112, 171);
INSERT INTO Exame( EventoID, Nome, Descricao) VALUES (976,"broncoscopia","descricao");
INSERT INTO TecnicoExame( TecnicoID, ExameID) VALUES (382,976);
INSERT INTO Evento(EventoID,Descricao, Data, Admissao, Quarto) VALUES (977, "descricao","2000-01-10 22:16:03" ,36, 126);
INSERT INTO Exame( EventoID, Nome, Descricao) VALUES (977,"broncoscopia","descricao");
INSERT INTO TecnicoExame( TecnicoID, ExameID) VALUES (382,977);
INSERT INTO Evento(EventoID,Descricao, Data, Admissao, Quarto) VALUES (978, "descricao","1992-09-26 05:24:30" ,40, 207);
INSERT INTO Exame( EventoID, Nome, Descricao) VALUES (978,"liquido sinovial","descricao");
INSERT INTO TecnicoExame( TecnicoID, ExameID) VALUES (381,978);
INSERT INTO Evento(EventoID,Descricao, Data, Admissao, Quarto) VALUES (979, "descricao","2013-12-30 21:49:20" ,138, 135);
INSERT INTO Exame( EventoID, Nome, Descricao) VALUES (979,"toracoscopia","descricao");
INSERT INTO TecnicoExame( TecnicoID, ExameID) VALUES (373,979);
INSERT INTO Evento(EventoID,Descricao, Data, Admissao, Quarto) VALUES (980, "descricao","2018-04-28 06:18:30" ,37, 244);
INSERT INTO Exame( EventoID, Nome, Descricao) VALUES (980,"Urina","descricao");
INSERT INTO TecnicoExame( TecnicoID, ExameID) VALUES (370,980);
INSERT INTO Evento(EventoID,Descricao, Data, Admissao, Quarto) VALUES (981, "descricao","1977-08-08 01:20:09" ,141, 227);
INSERT INTO Exame( EventoID, Nome, Descricao) VALUES (981,"laringoscopia","descricao");
INSERT INTO TecnicoExame( TecnicoID, ExameID) VALUES (380,981);
INSERT INTO Evento(EventoID,Descricao, Data, Admissao, Quarto) VALUES (982, "descricao","2014-07-03 07:16:08" ,45, 222);
INSERT INTO Exame( EventoID, Nome, Descricao) VALUES (982,"liquido cefalorraquidiano","descricao");
INSERT INTO TecnicoExame( TecnicoID, ExameID) VALUES (369,982);
INSERT INTO Evento(EventoID,Descricao, Data, Admissao, Quarto) VALUES (983, "descricao","2013-06-03 17:05:46" ,74, 152);
INSERT INTO Exame( EventoID, Nome, Descricao) VALUES (983,"Urina","descricao");
INSERT INTO TecnicoExame( TecnicoID, ExameID) VALUES (382,983);
INSERT INTO Evento(EventoID,Descricao, Data, Admissao, Quarto) VALUES (984, "descricao","1976-08-05 06:32:14" ,21, 135);
INSERT INTO Exame( EventoID, Nome, Descricao) VALUES (984,"mediastinoscopia","descricao");
INSERT INTO TecnicoExame( TecnicoID, ExameID) VALUES (369,984);
INSERT INTO Evento(EventoID,Descricao, Data, Admissao, Quarto) VALUES (985, "descricao","1983-01-20 15:01:48" ,185, 159);
INSERT INTO Exame( EventoID, Nome, Descricao) VALUES (985,"toracoscopia","descricao");
INSERT INTO TecnicoExame( TecnicoID, ExameID) VALUES (370,985);
INSERT INTO Evento(EventoID,Descricao, Data, Admissao, Quarto) VALUES (986, "descricao","1973-01-29 04:56:24" ,160, 209);
INSERT INTO Exame( EventoID, Nome, Descricao) VALUES (986,"toracoscopia","descricao");
INSERT INTO TecnicoExame( TecnicoID, ExameID) VALUES (369,986);
INSERT INTO Evento(EventoID,Descricao, Data, Admissao, Quarto) VALUES (987, "descricao","2012-12-23 23:26:34" ,13, 229);
INSERT INTO Exame( EventoID, Nome, Descricao) VALUES (987,"mediastinoscopia","descricao");
INSERT INTO TecnicoExame( TecnicoID, ExameID) VALUES (370,987);
INSERT INTO Evento(EventoID,Descricao, Data, Admissao, Quarto) VALUES (988, "descricao","1996-12-22 23:44:55" ,157, 208);
INSERT INTO Exame( EventoID, Nome, Descricao) VALUES (988,"toracoscopia","descricao");
INSERT INTO TecnicoExame( TecnicoID, ExameID) VALUES (378,988);
INSERT INTO Evento(EventoID,Descricao, Data, Admissao, Quarto) VALUES (989, "descricao","1999-03-14 02:05:09" ,150, 140);
INSERT INTO Exame( EventoID, Nome, Descricao) VALUES (989,"broncoscopia","descricao");
INSERT INTO TecnicoExame( TecnicoID, ExameID) VALUES (377,989);
INSERT INTO Evento(EventoID,Descricao, Data, Admissao, Quarto) VALUES (990, "descricao","1977-03-12 15:08:41" ,196, 161);
INSERT INTO Exame( EventoID, Nome, Descricao) VALUES (990,"toracoscopia","descricao");
INSERT INTO TecnicoExame( TecnicoID, ExameID) VALUES (367,990);
INSERT INTO Evento(EventoID,Descricao, Data, Admissao, Quarto) VALUES (991, "descricao","2002-05-08 23:58:21" ,102, 104);
INSERT INTO Exame( EventoID, Nome, Descricao) VALUES (991,"mediastinoscopia","descricao");
INSERT INTO TecnicoExame( TecnicoID, ExameID) VALUES (376,991);
INSERT INTO Evento(EventoID,Descricao, Data, Admissao, Quarto) VALUES (992, "descricao","1996-01-24 12:50:28" ,115, 203);
INSERT INTO Exame( EventoID, Nome, Descricao) VALUES (992,"toracoscopia","descricao");
INSERT INTO TecnicoExame( TecnicoID, ExameID) VALUES (378,992);
INSERT INTO Evento(EventoID,Descricao, Data, Admissao, Quarto) VALUES (993, "descricao","1970-11-22 06:46:12" ,162, 211);
INSERT INTO Exame( EventoID, Nome, Descricao) VALUES (993,"cistoscopia","descricao");
INSERT INTO TecnicoExame( TecnicoID, ExameID) VALUES (375,993);
INSERT INTO Evento(EventoID,Descricao, Data, Admissao, Quarto) VALUES (994, "descricao","1970-06-19 01:55:09" ,173, 108);
INSERT INTO Exame( EventoID, Nome, Descricao) VALUES (994,"cistoscopia","descricao");
INSERT INTO TecnicoExame( TecnicoID, ExameID) VALUES (382,994);
INSERT INTO Evento(EventoID,Descricao, Data, Admissao, Quarto) VALUES (995, "descricao","2005-02-12 13:25:03" ,83, 153);
INSERT INTO Exame( EventoID, Nome, Descricao) VALUES (995,"Urina","descricao");
INSERT INTO TecnicoExame( TecnicoID, ExameID) VALUES (379,995);
INSERT INTO Evento(EventoID,Descricao, Data, Admissao, Quarto) VALUES (996, "descricao","1970-04-12 01:20:17" ,195, 198);
INSERT INTO Exame( EventoID, Nome, Descricao) VALUES (996,"Urina","descricao");
INSERT INTO TecnicoExame( TecnicoID, ExameID) VALUES (380,996);
INSERT INTO Evento(EventoID,Descricao, Data, Admissao, Quarto) VALUES (997, "descricao","2014-02-03 20:06:28" ,51, 129);
INSERT INTO Exame( EventoID, Nome, Descricao) VALUES (997,"liquido sinovial","descricao");
INSERT INTO TecnicoExame( TecnicoID, ExameID) VALUES (373,997);
INSERT INTO Evento(EventoID,Descricao, Data, Admissao, Quarto) VALUES (998, "descricao","1984-07-25 13:08:50" ,104, 159);
INSERT INTO Exame( EventoID, Nome, Descricao) VALUES (998,"broncoscopia","descricao");
INSERT INTO TecnicoExame( TecnicoID, ExameID) VALUES (380,998);
INSERT INTO Evento(EventoID,Descricao, Data, Admissao, Quarto) VALUES (999, "descricao","2012-01-26 06:47:43" ,68, 138);
INSERT INTO Exame( EventoID, Nome, Descricao) VALUES (999,"cistoscopia","descricao");
INSERT INTO TecnicoExame( TecnicoID, ExameID) VALUES (382,999);
INSERT INTO Evento(EventoID,Descricao, Data, Admissao, Quarto) VALUES (1000, "descricao","2009-01-27 00:02:23" ,120, 130);
INSERT INTO Exame( EventoID, Nome, Descricao) VALUES (1000,"mediastinoscopia","descricao");
INSERT INTO TecnicoExame( TecnicoID, ExameID) VALUES (368,1000);
INSERT INTO Evento(EventoID,Descricao, Data, Admissao, Quarto) VALUES (1001, "descricao","2015-11-19 00:23:17" ,23, 148);
INSERT INTO Exame( EventoID, Nome, Descricao) VALUES (1001,"laringoscopia","descricao");
INSERT INTO TecnicoExame( TecnicoID, ExameID) VALUES (381,1001);
INSERT INTO Evento(EventoID,Descricao, Data, Admissao, Quarto) VALUES (1002, "descricao","1974-04-27 16:10:12" ,172, 154);
INSERT INTO Exame( EventoID, Nome, Descricao) VALUES (1002,"esofagoscopia","descricao");
INSERT INTO TecnicoExame( TecnicoID, ExameID) VALUES (369,1002);
INSERT INTO Evento(EventoID,Descricao, Data, Admissao, Quarto) VALUES (1003, "descricao","1989-04-18 18:03:17" ,22, 211);
INSERT INTO Exame( EventoID, Nome, Descricao) VALUES (1003,"laringoscopia","descricao");
INSERT INTO TecnicoExame( TecnicoID, ExameID) VALUES (372,1003);
INSERT INTO Evento(EventoID,Descricao, Data, Admissao, Quarto) VALUES (1004, "descricao","2019-02-05 15:19:52" ,100, 131);
INSERT INTO Exame( EventoID, Nome, Descricao) VALUES (1004,"mediastinoscopia","descricao");
INSERT INTO TecnicoExame( TecnicoID, ExameID) VALUES (373,1004);
INSERT INTO Evento(EventoID,Descricao, Data, Admissao, Quarto) VALUES (1005, "descricao","1975-04-02 00:51:19" ,57, 241);
INSERT INTO Exame( EventoID, Nome, Descricao) VALUES (1005,"cistoscopia","descricao");
INSERT INTO TecnicoExame( TecnicoID, ExameID) VALUES (378,1005);
INSERT INTO Evento(EventoID,Descricao, Data, Admissao, Quarto) VALUES (1006, "descricao","2009-02-28 05:52:30" ,191, 162);
INSERT INTO Exame( EventoID, Nome, Descricao) VALUES (1006,"liquido cefalorraquidiano","descricao");
INSERT INTO TecnicoExame( TecnicoID, ExameID) VALUES (370,1006);
INSERT INTO Evento(EventoID,Descricao, Data, Admissao, Quarto) VALUES (1007, "descricao","1990-05-12 12:11:50" ,55, 248);
INSERT INTO Exame( EventoID, Nome, Descricao) VALUES (1007,"Urina","descricao");
INSERT INTO TecnicoExame( TecnicoID, ExameID) VALUES (377,1007);
INSERT INTO Evento(EventoID,Descricao, Data, Admissao, Quarto) VALUES (1008, "descricao","2000-09-29 07:16:41" ,121, 111);
INSERT INTO Exame( EventoID, Nome, Descricao) VALUES (1008,"liquido sinovial","descricao");
INSERT INTO TecnicoExame( TecnicoID, ExameID) VALUES (374,1008);
INSERT INTO Evento(EventoID,Descricao, Data, Admissao, Quarto) VALUES (1009, "descricao","1980-07-13 03:48:32" ,42, 130);
INSERT INTO Exame( EventoID, Nome, Descricao) VALUES (1009,"Urina","descricao");
INSERT INTO TecnicoExame( TecnicoID, ExameID) VALUES (375,1009);
INSERT INTO Evento(EventoID,Descricao, Data, Admissao, Quarto) VALUES (1010, "descricao","1995-07-03 07:31:51" ,16, 214);
INSERT INTO Exame( EventoID, Nome, Descricao) VALUES (1010,"esofagoscopia","descricao");
INSERT INTO TecnicoExame( TecnicoID, ExameID) VALUES (377,1010);
INSERT INTO Evento(EventoID,Descricao, Data, Admissao, Quarto) VALUES (1011, "descricao","2002-03-21 17:18:37" ,16, 138);
INSERT INTO Exame( EventoID, Nome, Descricao) VALUES (1011,"liquido sinovial","descricao");
INSERT INTO TecnicoExame( TecnicoID, ExameID) VALUES (380,1011);
INSERT INTO Evento(EventoID,Descricao, Data, Admissao, Quarto) VALUES (1012, "descricao","1999-11-13 14:42:58" ,1, 161);
INSERT INTO Exame( EventoID, Nome, Descricao) VALUES (1012,"esofagoscopia","descricao");
INSERT INTO TecnicoExame( TecnicoID, ExameID) VALUES (377,1012);
INSERT INTO Evento(EventoID,Descricao, Data, Admissao, Quarto) VALUES (1013, "descricao","1976-07-18 14:34:06" ,184, 232);
INSERT INTO Exame( EventoID, Nome, Descricao) VALUES (1013,"Sangue","descricao");
INSERT INTO TecnicoExame( TecnicoID, ExameID) VALUES (379,1013);
INSERT INTO Evento(EventoID,Descricao, Data, Admissao, Quarto) VALUES (1014, "descricao","2003-03-15 18:19:54" ,38, 105);
INSERT INTO Exame( EventoID, Nome, Descricao) VALUES (1014,"broncoscopia","descricao");
INSERT INTO TecnicoExame( TecnicoID, ExameID) VALUES (373,1014);
INSERT INTO Evento(EventoID,Descricao, Data, Admissao, Quarto) VALUES (1015, "descricao","1979-03-28 12:31:46" ,129, 220);
INSERT INTO Exame( EventoID, Nome, Descricao) VALUES (1015,"toracoscopia","descricao");
INSERT INTO TecnicoExame( TecnicoID, ExameID) VALUES (381,1015);
INSERT INTO Evento(EventoID,Descricao, Data, Admissao, Quarto) VALUES (1016, "descricao","2004-10-14 22:34:23" ,183, 107);
INSERT INTO Exame( EventoID, Nome, Descricao) VALUES (1016,"broncoscopia","descricao");
INSERT INTO TecnicoExame( TecnicoID, ExameID) VALUES (376,1016);
INSERT INTO Evento(EventoID,Descricao, Data, Admissao, Quarto) VALUES (1017, "descricao","2019-03-12 13:10:21" ,62, 171);
INSERT INTO Exame( EventoID, Nome, Descricao) VALUES (1017,"toracoscopia","descricao");
INSERT INTO TecnicoExame( TecnicoID, ExameID) VALUES (371,1017);
INSERT INTO Evento(EventoID,Descricao, Data, Admissao, Quarto) VALUES (1018, "descricao","1976-04-29 09:50:15" ,108, 102);
INSERT INTO Exame( EventoID, Nome, Descricao) VALUES (1018,"esofagoscopia","descricao");
INSERT INTO TecnicoExame( TecnicoID, ExameID) VALUES (368,1018);
INSERT INTO Evento(EventoID,Descricao, Data, Admissao, Quarto) VALUES (1019, "descricao","2015-02-26 16:23:38" ,150, 198);
INSERT INTO Exame( EventoID, Nome, Descricao) VALUES (1019,"toracoscopia","descricao");
INSERT INTO TecnicoExame( TecnicoID, ExameID) VALUES (367,1019);
INSERT INTO Evento(EventoID,Descricao, Data, Admissao, Quarto) VALUES (1020, "descricao","2018-12-20 15:46:15" ,128, 228);
INSERT INTO Exame( EventoID, Nome, Descricao) VALUES (1020,"liquido cefalorraquidiano","descricao");
INSERT INTO TecnicoExame( TecnicoID, ExameID) VALUES (370,1020);
INSERT INTO Evento(EventoID,Descricao, Data, Admissao, Quarto) VALUES (1021, "descricao","1986-10-23 22:12:05" ,102, 179);
INSERT INTO Exame( EventoID, Nome, Descricao) VALUES (1021,"Sangue","descricao");
INSERT INTO TecnicoExame( TecnicoID, ExameID) VALUES (374,1021);
INSERT INTO Evento(EventoID,Descricao, Data, Admissao, Quarto) VALUES (1022, "descricao","2018-12-28 14:27:05" ,98, 211);
INSERT INTO Exame( EventoID, Nome, Descricao) VALUES (1022,"esofagoscopia","descricao");
INSERT INTO TecnicoExame( TecnicoID, ExameID) VALUES (375,1022);
INSERT INTO Evento(EventoID,Descricao, Data, Admissao, Quarto) VALUES (1023, "descricao","2002-07-17 11:22:15" ,136, 153);
INSERT INTO Exame( EventoID, Nome, Descricao) VALUES (1023,"laparoscopia","descricao");
INSERT INTO TecnicoExame( TecnicoID, ExameID) VALUES (378,1023);
INSERT INTO Evento(EventoID,Descricao, Data, Admissao, Quarto) VALUES (1024, "descricao","1973-11-28 21:29:16" ,26, 159);
INSERT INTO Exame( EventoID, Nome, Descricao) VALUES (1024,"cistoscopia","descricao");
INSERT INTO TecnicoExame( TecnicoID, ExameID) VALUES (377,1024);
INSERT INTO Evento(EventoID,Descricao, Data, Admissao, Quarto) VALUES (1025, "descricao","2019-05-18 09:52:10" ,116, 216);
INSERT INTO Exame( EventoID, Nome, Descricao) VALUES (1025,"toracoscopia","descricao");
INSERT INTO TecnicoExame( TecnicoID, ExameID) VALUES (380,1025);
INSERT INTO Evento(EventoID,Descricao, Data, Admissao, Quarto) VALUES (1026, "descricao","2014-07-12 20:06:55" ,141, 181);
INSERT INTO Exame( EventoID, Nome, Descricao) VALUES (1026,"Sangue","descricao");
INSERT INTO TecnicoExame( TecnicoID, ExameID) VALUES (377,1026);
INSERT INTO Evento(EventoID,Descricao, Data, Admissao, Quarto) VALUES (1027, "descricao","2018-06-06 14:12:49" ,171, 196);
INSERT INTO Exame( EventoID, Nome, Descricao) VALUES (1027,"esofagoscopia","descricao");
INSERT INTO TecnicoExame( TecnicoID, ExameID) VALUES (372,1027);
INSERT INTO Evento(EventoID,Descricao, Data, Admissao, Quarto) VALUES (1028, "descricao","1978-08-03 13:45:54" ,194, 192);
INSERT INTO Exame( EventoID, Nome, Descricao) VALUES (1028,"liquido cefalorraquidiano","descricao");
INSERT INTO TecnicoExame( TecnicoID, ExameID) VALUES (368,1028);
INSERT INTO Evento(EventoID,Descricao, Data, Admissao, Quarto) VALUES (1029, "descricao","2005-01-14 20:27:51" ,82, 113);
INSERT INTO Exame( EventoID, Nome, Descricao) VALUES (1029,"toracoscopia","descricao");
INSERT INTO TecnicoExame( TecnicoID, ExameID) VALUES (378,1029);
INSERT INTO Evento(EventoID,Descricao, Data, Admissao, Quarto) VALUES (1030, "descricao","1991-07-10 22:46:09" ,143, 210);
INSERT INTO Exame( EventoID, Nome, Descricao) VALUES (1030,"liquido sinovial","descricao");
INSERT INTO TecnicoExame( TecnicoID, ExameID) VALUES (381,1030);
INSERT INTO Evento(EventoID,Descricao, Data, Admissao, Quarto) VALUES (1031, "descricao","1982-04-20 18:56:12" ,102, 230);
INSERT INTO Exame( EventoID, Nome, Descricao) VALUES (1031,"esofagoscopia","descricao");
INSERT INTO TecnicoExame( TecnicoID, ExameID) VALUES (373,1031);
INSERT INTO Evento(EventoID,Descricao, Data, Admissao, Quarto) VALUES (1032, "descricao","2015-06-19 12:09:45" ,84, 104);
INSERT INTO Exame( EventoID, Nome, Descricao) VALUES (1032,"Urina","descricao");
INSERT INTO TecnicoExame( TecnicoID, ExameID) VALUES (378,1032);
INSERT INTO Evento(EventoID,Descricao, Data, Admissao, Quarto) VALUES (1033, "descricao","2019-08-24 01:23:08" ,143, 166);
INSERT INTO Exame( EventoID, Nome, Descricao) VALUES (1033,"broncoscopia","descricao");
INSERT INTO TecnicoExame( TecnicoID, ExameID) VALUES (382,1033);
INSERT INTO Evento(EventoID,Descricao, Data, Admissao, Quarto) VALUES (1034, "descricao","2007-04-08 02:35:53" ,120, 116);
INSERT INTO Exame( EventoID, Nome, Descricao) VALUES (1034,"esofagoscopia","descricao");
INSERT INTO TecnicoExame( TecnicoID, ExameID) VALUES (369,1034);
INSERT INTO Evento(EventoID,Descricao, Data, Admissao, Quarto) VALUES (1035, "descricao","2000-04-18 15:50:17" ,132, 240);
INSERT INTO Exame( EventoID, Nome, Descricao) VALUES (1035,"esofagoscopia","descricao");
INSERT INTO TecnicoExame( TecnicoID, ExameID) VALUES (378,1035);
INSERT INTO Evento(EventoID,Descricao, Data, Admissao, Quarto) VALUES (1036, "descricao","1979-12-20 04:13:01" ,79, 100);
INSERT INTO Exame( EventoID, Nome, Descricao) VALUES (1036,"mediastinoscopia","descricao");
INSERT INTO TecnicoExame( TecnicoID, ExameID) VALUES (367,1036);
INSERT INTO Evento(EventoID,Descricao, Data, Admissao, Quarto) VALUES (1037, "descricao","1972-06-07 20:30:23" ,90, 242);
INSERT INTO Exame( EventoID, Nome, Descricao) VALUES (1037,"cistoscopia","descricao");
INSERT INTO TecnicoExame( TecnicoID, ExameID) VALUES (381,1037);
INSERT INTO Evento(EventoID,Descricao, Data, Admissao, Quarto) VALUES (1038, "descricao","1982-05-06 08:41:32" ,147, 116);
INSERT INTO Exame( EventoID, Nome, Descricao) VALUES (1038,"Urina","descricao");
INSERT INTO TecnicoExame( TecnicoID, ExameID) VALUES (381,1038);
INSERT INTO Evento(EventoID,Descricao, Data, Admissao, Quarto) VALUES (1039, "descricao","2018-07-28 11:25:29" ,170, 215);
INSERT INTO Exame( EventoID, Nome, Descricao) VALUES (1039,"Sangue","descricao");
INSERT INTO TecnicoExame( TecnicoID, ExameID) VALUES (380,1039);
INSERT INTO Evento(EventoID,Descricao, Data, Admissao, Quarto) VALUES (1040, "descricao","2018-03-14 03:32:00" ,23, 160);
INSERT INTO Exame( EventoID, Nome, Descricao) VALUES (1040,"cistoscopia","descricao");
INSERT INTO TecnicoExame( TecnicoID, ExameID) VALUES (380,1040);
INSERT INTO Evento(EventoID,Descricao, Data, Admissao, Quarto) VALUES (1041, "descricao","1983-11-16 21:38:41" ,179, 222);
INSERT INTO Exame( EventoID, Nome, Descricao) VALUES (1041,"Urina","descricao");
INSERT INTO TecnicoExame( TecnicoID, ExameID) VALUES (370,1041);
INSERT INTO Evento(EventoID,Descricao, Data, Admissao, Quarto) VALUES (1042, "descricao","2006-08-22 03:46:49" ,79, 133);
INSERT INTO Exame( EventoID, Nome, Descricao) VALUES (1042,"Urina","descricao");
INSERT INTO TecnicoExame( TecnicoID, ExameID) VALUES (367,1042);
INSERT INTO Evento(EventoID,Descricao, Data, Admissao, Quarto) VALUES (1043, "descricao","1970-10-13 18:30:20" ,178, 103);
INSERT INTO Exame( EventoID, Nome, Descricao) VALUES (1043,"broncoscopia","descricao");
INSERT INTO TecnicoExame( TecnicoID, ExameID) VALUES (369,1043);
INSERT INTO Evento(EventoID,Descricao, Data, Admissao, Quarto) VALUES (1044, "descricao","2009-12-19 18:46:21" ,89, 135);
INSERT INTO Exame( EventoID, Nome, Descricao) VALUES (1044,"liquido cefalorraquidiano","descricao");
INSERT INTO TecnicoExame( TecnicoID, ExameID) VALUES (368,1044);
INSERT INTO Evento(EventoID,Descricao, Data, Admissao, Quarto) VALUES (1045, "descricao","2014-03-18 04:00:44" ,65, 208);
INSERT INTO Exame( EventoID, Nome, Descricao) VALUES (1045,"cistoscopia","descricao");
INSERT INTO TecnicoExame( TecnicoID, ExameID) VALUES (372,1045);
INSERT INTO Evento(EventoID,Descricao, Data, Admissao, Quarto) VALUES (1046, "descricao","1986-07-13 02:40:53" ,198, 226);
INSERT INTO Exame( EventoID, Nome, Descricao) VALUES (1046,"Sangue","descricao");
INSERT INTO TecnicoExame( TecnicoID, ExameID) VALUES (369,1046);
INSERT INTO Evento(EventoID,Descricao, Data, Admissao, Quarto) VALUES (1047, "descricao","1975-08-19 02:15:18" ,59, 207);
INSERT INTO Exame( EventoID, Nome, Descricao) VALUES (1047,"laparoscopia","descricao");
INSERT INTO TecnicoExame( TecnicoID, ExameID) VALUES (382,1047);
INSERT INTO Evento(EventoID,Descricao, Data, Admissao, Quarto) VALUES (1048, "descricao","1970-11-19 14:28:16" ,64, 129);
INSERT INTO Exame( EventoID, Nome, Descricao) VALUES (1048,"esofagoscopia","descricao");
INSERT INTO TecnicoExame( TecnicoID, ExameID) VALUES (378,1048);
INSERT INTO Evento(EventoID,Descricao, Data, Admissao, Quarto) VALUES (1049, "descricao","2009-05-31 15:10:01" ,50, 151);
INSERT INTO Exame( EventoID, Nome, Descricao) VALUES (1049,"mediastinoscopia","descricao");
INSERT INTO TecnicoExame( TecnicoID, ExameID) VALUES (375,1049);
INSERT INTO Evento(EventoID,Descricao, Data, Admissao, Quarto) VALUES (1050, "descricao","2008-09-10 13:09:22" ,150, 203);
INSERT INTO Exame( EventoID, Nome, Descricao) VALUES (1050,"broncoscopia","descricao");
INSERT INTO TecnicoExame( TecnicoID, ExameID) VALUES (373,1050);
INSERT INTO Evento(EventoID,Descricao, Data, Admissao, Quarto) VALUES (1051, "descricao","1977-05-04 13:26:55" ,193, 160);
INSERT INTO Exame( EventoID, Nome, Descricao) VALUES (1051,"laparoscopia","descricao");
INSERT INTO TecnicoExame( TecnicoID, ExameID) VALUES (367,1051);
INSERT INTO Evento(EventoID,Descricao, Data, Admissao, Quarto) VALUES (1052, "descricao","2013-02-27 09:00:45" ,69, 123);
INSERT INTO Exame( EventoID, Nome, Descricao) VALUES (1052,"laringoscopia","descricao");
INSERT INTO TecnicoExame( TecnicoID, ExameID) VALUES (382,1052);
INSERT INTO Evento(EventoID,Descricao, Data, Admissao, Quarto) VALUES (1053, "descricao","2009-11-12 03:02:21" ,113, 184);
INSERT INTO Exame( EventoID, Nome, Descricao) VALUES (1053,"Urina","descricao");
INSERT INTO TecnicoExame( TecnicoID, ExameID) VALUES (379,1053);
INSERT INTO Evento(EventoID,Descricao, Data, Admissao, Quarto) VALUES (1054, "descricao","1972-09-07 16:31:14" ,151, 114);
INSERT INTO Exame( EventoID, Nome, Descricao) VALUES (1054,"esofagoscopia","descricao");
INSERT INTO TecnicoExame( TecnicoID, ExameID) VALUES (374,1054);
INSERT INTO Evento(EventoID,Descricao, Data, Admissao, Quarto) VALUES (1055, "descricao","1979-04-26 18:38:25" ,192, 195);
INSERT INTO Exame( EventoID, Nome, Descricao) VALUES (1055,"cistoscopia","descricao");
INSERT INTO TecnicoExame( TecnicoID, ExameID) VALUES (377,1055);
INSERT INTO Evento(EventoID,Descricao, Data, Admissao, Quarto) VALUES (1056, "descricao","1990-03-29 23:49:38" ,108, 130);
INSERT INTO Exame( EventoID, Nome, Descricao) VALUES (1056,"Sangue","descricao");
INSERT INTO TecnicoExame( TecnicoID, ExameID) VALUES (379,1056);
INSERT INTO Evento(EventoID,Descricao, Data, Admissao, Quarto) VALUES (1057, "descricao","1978-01-30 19:57:50" ,35, 239);
INSERT INTO Exame( EventoID, Nome, Descricao) VALUES (1057,"cistoscopia","descricao");
INSERT INTO TecnicoExame( TecnicoID, ExameID) VALUES (380,1057);
INSERT INTO Evento(EventoID,Descricao, Data, Admissao, Quarto) VALUES (1058, "descricao","2011-09-23 09:47:59" ,43, 218);
INSERT INTO Exame( EventoID, Nome, Descricao) VALUES (1058,"mediastinoscopia","descricao");
INSERT INTO TecnicoExame( TecnicoID, ExameID) VALUES (382,1058);
INSERT INTO Evento(EventoID,Descricao, Data, Admissao, Quarto) VALUES (1059, "descricao","2003-07-30 20:03:39" ,1, 155);
INSERT INTO Exame( EventoID, Nome, Descricao) VALUES (1059,"laringoscopia","descricao");
INSERT INTO TecnicoExame( TecnicoID, ExameID) VALUES (372,1059);
INSERT INTO Evento(EventoID,Descricao, Data, Admissao, Quarto) VALUES (1060, "descricao","1978-04-05 17:37:39" ,75, 223);
INSERT INTO Exame( EventoID, Nome, Descricao) VALUES (1060,"liquido cefalorraquidiano","descricao");
INSERT INTO TecnicoExame( TecnicoID, ExameID) VALUES (375,1060);
INSERT INTO Evento(EventoID,Descricao, Data, Admissao, Quarto) VALUES (1061, "descricao","2009-03-24 07:53:31" ,2, 114);
INSERT INTO Exame( EventoID, Nome, Descricao) VALUES (1061,"mediastinoscopia","descricao");
INSERT INTO TecnicoExame( TecnicoID, ExameID) VALUES (382,1061);
INSERT INTO Evento(EventoID,Descricao, Data, Admissao, Quarto) VALUES (1062, "descricao","2012-10-23 20:52:17" ,166, 249);
INSERT INTO Exame( EventoID, Nome, Descricao) VALUES (1062,"liquido cefalorraquidiano","descricao");
INSERT INTO TecnicoExame( TecnicoID, ExameID) VALUES (370,1062);
INSERT INTO Evento(EventoID,Descricao, Data, Admissao, Quarto) VALUES (1063, "descricao","1982-10-11 15:13:46" ,184, 131);
INSERT INTO Exame( EventoID, Nome, Descricao) VALUES (1063,"laparoscopia","descricao");
INSERT INTO TecnicoExame( TecnicoID, ExameID) VALUES (374,1063);
INSERT INTO Evento(EventoID,Descricao, Data, Admissao, Quarto) VALUES (1064, "descricao","1992-06-14 16:40:02" ,126, 112);
INSERT INTO Exame( EventoID, Nome, Descricao) VALUES (1064,"Urina","descricao");
INSERT INTO TecnicoExame( TecnicoID, ExameID) VALUES (368,1064);
INSERT INTO Evento(EventoID,Descricao, Data, Admissao, Quarto) VALUES (1065, "descricao","2008-04-23 13:23:15" ,46, 163);
INSERT INTO Exame( EventoID, Nome, Descricao) VALUES (1065,"laringoscopia","descricao");
INSERT INTO TecnicoExame( TecnicoID, ExameID) VALUES (374,1065);
INSERT INTO Evento(EventoID,Descricao, Data, Admissao, Quarto) VALUES (1066, "descricao","1972-08-05 09:33:18" ,101, 161);
INSERT INTO Exame( EventoID, Nome, Descricao) VALUES (1066,"mediastinoscopia","descricao");
INSERT INTO TecnicoExame( TecnicoID, ExameID) VALUES (375,1066);
INSERT INTO Evento(EventoID,Descricao, Data, Admissao, Quarto) VALUES (1067, "descricao","2001-11-16 00:51:05" ,70, 214);
INSERT INTO Exame( EventoID, Nome, Descricao) VALUES (1067,"cistoscopia","descricao");
INSERT INTO TecnicoExame( TecnicoID, ExameID) VALUES (370,1067);
INSERT INTO Evento(EventoID,Descricao, Data, Admissao, Quarto) VALUES (1068, "descricao","1983-10-17 16:10:00" ,137, 240);
INSERT INTO Exame( EventoID, Nome, Descricao) VALUES (1068,"Sangue","descricao");
INSERT INTO TecnicoExame( TecnicoID, ExameID) VALUES (381,1068);
INSERT INTO Evento(EventoID,Descricao, Data, Admissao, Quarto) VALUES (1069, "descricao","2017-08-22 14:44:46" ,103, 112);
INSERT INTO Exame( EventoID, Nome, Descricao) VALUES (1069,"mediastinoscopia","descricao");
INSERT INTO TecnicoExame( TecnicoID, ExameID) VALUES (372,1069);
INSERT INTO Evento(EventoID,Descricao, Data, Admissao, Quarto) VALUES (1070, "descricao","1999-12-11 17:43:50" ,109, 108);
INSERT INTO Exame( EventoID, Nome, Descricao) VALUES (1070,"liquido sinovial","descricao");
INSERT INTO TecnicoExame( TecnicoID, ExameID) VALUES (375,1070);
INSERT INTO Evento(EventoID,Descricao, Data, Admissao, Quarto) VALUES (1071, "descricao","1981-08-26 20:15:58" ,127, 155);
INSERT INTO Exame( EventoID, Nome, Descricao) VALUES (1071,"laringoscopia","descricao");
INSERT INTO TecnicoExame( TecnicoID, ExameID) VALUES (378,1071);
INSERT INTO Evento(EventoID,Descricao, Data, Admissao, Quarto) VALUES (1072, "descricao","2004-06-21 09:13:27" ,51, 160);
INSERT INTO Exame( EventoID, Nome, Descricao) VALUES (1072,"broncoscopia","descricao");
INSERT INTO TecnicoExame( TecnicoID, ExameID) VALUES (375,1072);
INSERT INTO Evento(EventoID,Descricao, Data, Admissao, Quarto) VALUES (1073, "descricao","1986-01-07 07:10:41" ,11, 159);
INSERT INTO Exame( EventoID, Nome, Descricao) VALUES (1073,"liquido sinovial","descricao");
INSERT INTO TecnicoExame( TecnicoID, ExameID) VALUES (367,1073);
INSERT INTO Evento(EventoID,Descricao, Data, Admissao, Quarto) VALUES (1074, "descricao","1972-08-29 10:07:40" ,88, 116);
INSERT INTO Exame( EventoID, Nome, Descricao) VALUES (1074,"broncoscopia","descricao");
INSERT INTO TecnicoExame( TecnicoID, ExameID) VALUES (380,1074);
INSERT INTO Evento(EventoID,Descricao, Data, Admissao, Quarto) VALUES (1075, "descricao","2016-10-27 11:17:25" ,179, 191);
INSERT INTO Exame( EventoID, Nome, Descricao) VALUES (1075,"laparoscopia","descricao");
INSERT INTO TecnicoExame( TecnicoID, ExameID) VALUES (379,1075);
INSERT INTO Evento(EventoID,Descricao, Data, Admissao, Quarto) VALUES (1076, "descricao","1973-06-20 01:38:22" ,13, 239);
INSERT INTO Exame( EventoID, Nome, Descricao) VALUES (1076,"laparoscopia","descricao");
INSERT INTO TecnicoExame( TecnicoID, ExameID) VALUES (377,1076);
INSERT INTO Evento(EventoID,Descricao, Data, Admissao, Quarto) VALUES (1077, "descricao","2012-01-17 11:24:57" ,100, 156);
INSERT INTO Exame( EventoID, Nome, Descricao) VALUES (1077,"esofagoscopia","descricao");
INSERT INTO TecnicoExame( TecnicoID, ExameID) VALUES (372,1077);
INSERT INTO Evento(EventoID,Descricao, Data, Admissao, Quarto) VALUES (1078, "descricao","1999-01-17 08:40:51" ,192, 109);
INSERT INTO Exame( EventoID, Nome, Descricao) VALUES (1078,"Sangue","descricao");
INSERT INTO TecnicoExame( TecnicoID, ExameID) VALUES (368,1078);
INSERT INTO Evento(EventoID,Descricao, Data, Admissao, Quarto) VALUES (1079, "descricao","2018-09-21 11:43:45" ,119, 169);
INSERT INTO Exame( EventoID, Nome, Descricao) VALUES (1079,"laparoscopia","descricao");
INSERT INTO TecnicoExame( TecnicoID, ExameID) VALUES (377,1079);
INSERT INTO Evento(EventoID,Descricao, Data, Admissao, Quarto) VALUES (1080, "descricao","1978-09-24 17:21:45" ,36, 227);
INSERT INTO Exame( EventoID, Nome, Descricao) VALUES (1080,"Urina","descricao");
INSERT INTO TecnicoExame( TecnicoID, ExameID) VALUES (371,1080);
INSERT INTO Evento(EventoID,Descricao, Data, Admissao, Quarto) VALUES (1081, "descricao","2015-10-08 18:43:24" ,120, 234);
INSERT INTO Exame( EventoID, Nome, Descricao) VALUES (1081,"laringoscopia","descricao");
INSERT INTO TecnicoExame( TecnicoID, ExameID) VALUES (381,1081);
INSERT INTO Evento(EventoID,Descricao, Data, Admissao, Quarto) VALUES (1082, "descricao","2016-04-13 17:50:26" ,43, 134);
INSERT INTO Exame( EventoID, Nome, Descricao) VALUES (1082,"cistoscopia","descricao");
INSERT INTO TecnicoExame( TecnicoID, ExameID) VALUES (379,1082);
INSERT INTO Evento(EventoID,Descricao, Data, Admissao, Quarto) VALUES (1083, "descricao","2016-09-13 12:44:53" ,149, 182);
INSERT INTO Exame( EventoID, Nome, Descricao) VALUES (1083,"laparoscopia","descricao");
INSERT INTO TecnicoExame( TecnicoID, ExameID) VALUES (370,1083);
INSERT INTO Evento(EventoID,Descricao, Data, Admissao, Quarto) VALUES (1084, "descricao","1970-08-31 06:36:09" ,155, 196);
INSERT INTO Exame( EventoID, Nome, Descricao) VALUES (1084,"laparoscopia","descricao");
INSERT INTO TecnicoExame( TecnicoID, ExameID) VALUES (380,1084);
INSERT INTO Evento(EventoID,Descricao, Data, Admissao, Quarto) VALUES (1085, "descricao","1990-07-15 20:06:08" ,97, 109);
INSERT INTO Exame( EventoID, Nome, Descricao) VALUES (1085,"laringoscopia","descricao");
INSERT INTO TecnicoExame( TecnicoID, ExameID) VALUES (370,1085);
INSERT INTO Evento(EventoID,Descricao, Data, Admissao, Quarto) VALUES (1086, "descricao","1982-06-30 14:37:38" ,175, 238);
INSERT INTO Exame( EventoID, Nome, Descricao) VALUES (1086,"Sangue","descricao");
INSERT INTO TecnicoExame( TecnicoID, ExameID) VALUES (369,1086);
INSERT INTO Evento(EventoID,Descricao, Data, Admissao, Quarto) VALUES (1087, "descricao","2002-04-09 04:02:24" ,142, 109);
INSERT INTO Exame( EventoID, Nome, Descricao) VALUES (1087,"Urina","descricao");
INSERT INTO TecnicoExame( TecnicoID, ExameID) VALUES (379,1087);
INSERT INTO Evento(EventoID,Descricao, Data, Admissao, Quarto) VALUES (1088, "descricao","2001-03-14 08:09:10" ,144, 140);
INSERT INTO Exame( EventoID, Nome, Descricao) VALUES (1088,"laringoscopia","descricao");
INSERT INTO TecnicoExame( TecnicoID, ExameID) VALUES (381,1088);
INSERT INTO Evento(EventoID,Descricao, Data, Admissao, Quarto) VALUES (1089, "descricao","1999-09-24 16:07:06" ,2, 121);
INSERT INTO Exame( EventoID, Nome, Descricao) VALUES (1089,"Sangue","descricao");
INSERT INTO TecnicoExame( TecnicoID, ExameID) VALUES (379,1089);
INSERT INTO Evento(EventoID,Descricao, Data, Admissao, Quarto) VALUES (1090, "descricao","1998-04-18 06:54:49" ,81, 182);
INSERT INTO Exame( EventoID, Nome, Descricao) VALUES (1090,"liquido cefalorraquidiano","descricao");
INSERT INTO TecnicoExame( TecnicoID, ExameID) VALUES (372,1090);
INSERT INTO Evento(EventoID,Descricao, Data, Admissao, Quarto) VALUES (1091, "descricao","1978-07-30 02:08:05" ,33, 239);
INSERT INTO Exame( EventoID, Nome, Descricao) VALUES (1091,"laringoscopia","descricao");
INSERT INTO TecnicoExame( TecnicoID, ExameID) VALUES (369,1091);
INSERT INTO Evento(EventoID,Descricao, Data, Admissao, Quarto) VALUES (1092, "descricao","1991-10-03 22:57:10" ,34, 135);
INSERT INTO Exame( EventoID, Nome, Descricao) VALUES (1092,"liquido cefalorraquidiano","descricao");
INSERT INTO TecnicoExame( TecnicoID, ExameID) VALUES (381,1092);
INSERT INTO Evento(EventoID,Descricao, Data, Admissao, Quarto) VALUES (1093, "descricao","2003-10-04 00:58:22" ,26, 107);
INSERT INTO Exame( EventoID, Nome, Descricao) VALUES (1093,"toracoscopia","descricao");
INSERT INTO TecnicoExame( TecnicoID, ExameID) VALUES (369,1093);
INSERT INTO Evento(EventoID,Descricao, Data, Admissao, Quarto) VALUES (1094, "descricao","2009-11-06 03:27:01" ,128, 199);
INSERT INTO Exame( EventoID, Nome, Descricao) VALUES (1094,"toracoscopia","descricao");
INSERT INTO TecnicoExame( TecnicoID, ExameID) VALUES (368,1094);
INSERT INTO Evento(EventoID,Descricao, Data, Admissao, Quarto) VALUES (1095, "descricao","2006-11-19 20:04:41" ,40, 198);
INSERT INTO Exame( EventoID, Nome, Descricao) VALUES (1095,"mediastinoscopia","descricao");
INSERT INTO TecnicoExame( TecnicoID, ExameID) VALUES (369,1095);
INSERT INTO Evento(EventoID,Descricao, Data, Admissao, Quarto) VALUES (1096, "descricao","1994-06-26 02:47:14" ,51, 180);
INSERT INTO Exame( EventoID, Nome, Descricao) VALUES (1096,"laparoscopia","descricao");
INSERT INTO TecnicoExame( TecnicoID, ExameID) VALUES (368,1096);
INSERT INTO Evento(EventoID,Descricao, Data, Admissao, Quarto) VALUES (1097, "descricao","1996-03-16 22:44:21" ,63, 152);
INSERT INTO Exame( EventoID, Nome, Descricao) VALUES (1097,"laringoscopia","descricao");
INSERT INTO TecnicoExame( TecnicoID, ExameID) VALUES (370,1097);
INSERT INTO Evento(EventoID,Descricao, Data, Admissao, Quarto) VALUES (1098, "descricao","1994-03-28 10:36:26" ,13, 141);
INSERT INTO Exame( EventoID, Nome, Descricao) VALUES (1098,"Urina","descricao");
INSERT INTO TecnicoExame( TecnicoID, ExameID) VALUES (372,1098);
INSERT INTO Evento(EventoID,Descricao, Data, Admissao, Quarto) VALUES (1099, "descricao","2013-11-21 12:33:56" ,119, 175);
INSERT INTO Exame( EventoID, Nome, Descricao) VALUES (1099,"laparoscopia","descricao");
INSERT INTO TecnicoExame( TecnicoID, ExameID) VALUES (374,1099);
INSERT INTO Evento(EventoID,Descricao, Data, Admissao, Quarto) VALUES (1100, "descricao","1975-08-09 18:08:05" ,104, 229);
INSERT INTO Exame( EventoID, Nome, Descricao) VALUES (1100,"Sangue","descricao");
INSERT INTO TecnicoExame( TecnicoID, ExameID) VALUES (369,1100);
INSERT INTO Evento(EventoID,Descricao, Data, Admissao, Quarto) VALUES (1101, "descricao","2012-07-10 00:53:14" ,190, 173);
INSERT INTO Exame( EventoID, Nome, Descricao) VALUES (1101,"laparoscopia","descricao");
INSERT INTO TecnicoExame( TecnicoID, ExameID) VALUES (368,1101);
INSERT INTO Evento(EventoID,Descricao, Data, Admissao, Quarto) VALUES (1102, "descricao","1991-02-24 22:50:16" ,117, 221);
INSERT INTO Exame( EventoID, Nome, Descricao) VALUES (1102,"toracoscopia","descricao");
INSERT INTO TecnicoExame( TecnicoID, ExameID) VALUES (382,1102);
INSERT INTO Evento(EventoID,Descricao, Data, Admissao, Quarto) VALUES (1103, "descricao","2003-07-29 05:43:47" ,195, 231);
INSERT INTO Exame( EventoID, Nome, Descricao) VALUES (1103,"laparoscopia","descricao");
INSERT INTO TecnicoExame( TecnicoID, ExameID) VALUES (377,1103);
INSERT INTO Evento(EventoID,Descricao, Data, Admissao, Quarto) VALUES (1104, "descricao","1982-06-07 09:16:33" ,109, 110);
INSERT INTO Exame( EventoID, Nome, Descricao) VALUES (1104,"toracoscopia","descricao");
INSERT INTO TecnicoExame( TecnicoID, ExameID) VALUES (373,1104);
INSERT INTO Evento(EventoID,Descricao, Data, Admissao, Quarto) VALUES (1105, "descricao","2018-05-27 08:45:04" ,106, 244);
INSERT INTO Exame( EventoID, Nome, Descricao) VALUES (1105,"liquido sinovial","descricao");
INSERT INTO TecnicoExame( TecnicoID, ExameID) VALUES (381,1105);
INSERT INTO Evento(EventoID,Descricao, Data, Admissao, Quarto) VALUES (1106, "descricao","2018-07-25 02:25:37" ,68, 244);
INSERT INTO Exame( EventoID, Nome, Descricao) VALUES (1106,"cistoscopia","descricao");
INSERT INTO TecnicoExame( TecnicoID, ExameID) VALUES (373,1106);
INSERT INTO Evento(EventoID,Descricao, Data, Admissao, Quarto) VALUES (1107, "descricao","2006-05-25 18:56:42" ,61, 182);
INSERT INTO Exame( EventoID, Nome, Descricao) VALUES (1107,"Urina","descricao");
INSERT INTO TecnicoExame( TecnicoID, ExameID) VALUES (376,1107);
INSERT INTO Evento(EventoID,Descricao, Data, Admissao, Quarto) VALUES (1108, "descricao","2018-05-23 08:39:38" ,152, 136);
INSERT INTO Exame( EventoID, Nome, Descricao) VALUES (1108,"liquido sinovial","descricao");
INSERT INTO TecnicoExame( TecnicoID, ExameID) VALUES (377,1108);
INSERT INTO Evento(EventoID,Descricao, Data, Admissao, Quarto) VALUES (1109, "descricao","2004-08-04 08:26:21" ,19, 225);
INSERT INTO Exame( EventoID, Nome, Descricao) VALUES (1109,"liquido cefalorraquidiano","descricao");
INSERT INTO TecnicoExame( TecnicoID, ExameID) VALUES (372,1109);
INSERT INTO Evento(EventoID,Descricao, Data, Admissao, Quarto) VALUES (1110, "descricao","1980-05-09 19:45:25" ,167, 112);
INSERT INTO Exame( EventoID, Nome, Descricao) VALUES (1110,"broncoscopia","descricao");
INSERT INTO TecnicoExame( TecnicoID, ExameID) VALUES (380,1110);
INSERT INTO Evento(EventoID,Descricao, Data, Admissao, Quarto) VALUES (1111, "descricao","1971-06-09 20:26:55" ,39, 244);
INSERT INTO Exame( EventoID, Nome, Descricao) VALUES (1111,"esofagoscopia","descricao");
INSERT INTO TecnicoExame( TecnicoID, ExameID) VALUES (376,1111);
INSERT INTO Evento(EventoID,Descricao, Data, Admissao, Quarto) VALUES (1112, "descricao","1996-02-17 11:26:47" ,126, 236);
INSERT INTO Exame( EventoID, Nome, Descricao) VALUES (1112,"cistoscopia","descricao");
INSERT INTO TecnicoExame( TecnicoID, ExameID) VALUES (374,1112);
INSERT INTO Evento(EventoID,Descricao, Data, Admissao, Quarto) VALUES (1113, "descricao","1975-11-09 17:19:48" ,111, 133);
INSERT INTO Exame( EventoID, Nome, Descricao) VALUES (1113,"liquido cefalorraquidiano","descricao");
INSERT INTO TecnicoExame( TecnicoID, ExameID) VALUES (380,1113);
INSERT INTO Evento(EventoID,Descricao, Data, Admissao, Quarto) VALUES (1114, "descricao","1978-11-19 04:41:51" ,134, 112);
INSERT INTO Exame( EventoID, Nome, Descricao) VALUES (1114,"laparoscopia","descricao");
INSERT INTO TecnicoExame( TecnicoID, ExameID) VALUES (380,1114);
INSERT INTO Evento(EventoID,Descricao, Data, Admissao, Quarto) VALUES (1115, "descricao","1988-02-08 03:05:32" ,79, 132);
INSERT INTO Exame( EventoID, Nome, Descricao) VALUES (1115,"broncoscopia","descricao");
INSERT INTO TecnicoExame( TecnicoID, ExameID) VALUES (371,1115);
INSERT INTO Evento(EventoID,Descricao, Data, Admissao, Quarto) VALUES (1116, "descricao","1993-02-20 18:43:24" ,95, 125);
INSERT INTO Exame( EventoID, Nome, Descricao) VALUES (1116,"laringoscopia","descricao");
INSERT INTO TecnicoExame( TecnicoID, ExameID) VALUES (370,1116);
INSERT INTO Evento(EventoID,Descricao, Data, Admissao, Quarto) VALUES (1117, "descricao","1998-07-19 18:58:52" ,188, 214);
INSERT INTO Exame( EventoID, Nome, Descricao) VALUES (1117,"esofagoscopia","descricao");
INSERT INTO TecnicoExame( TecnicoID, ExameID) VALUES (381,1117);
INSERT INTO Evento(EventoID,Descricao, Data, Admissao, Quarto) VALUES (1118, "descricao","2000-11-24 22:07:53" ,114, 204);
INSERT INTO Exame( EventoID, Nome, Descricao) VALUES (1118,"toracoscopia","descricao");
INSERT INTO TecnicoExame( TecnicoID, ExameID) VALUES (373,1118);
INSERT INTO Evento(EventoID,Descricao, Data, Admissao, Quarto) VALUES (1119, "descricao","1979-01-04 17:40:12" ,63, 100);
INSERT INTO Exame( EventoID, Nome, Descricao) VALUES (1119,"Urina","descricao");
INSERT INTO TecnicoExame( TecnicoID, ExameID) VALUES (369,1119);
INSERT INTO Evento(EventoID,Descricao, Data, Admissao, Quarto) VALUES (1120, "descricao","1972-04-08 01:16:35" ,43, 217);
INSERT INTO Exame( EventoID, Nome, Descricao) VALUES (1120,"liquido cefalorraquidiano","descricao");
INSERT INTO TecnicoExame( TecnicoID, ExameID) VALUES (370,1120);
INSERT INTO Evento(EventoID,Descricao, Data, Admissao, Quarto) VALUES (1121, "descricao","1992-10-16 02:18:51" ,114, 111);
INSERT INTO Exame( EventoID, Nome, Descricao) VALUES (1121,"esofagoscopia","descricao");
INSERT INTO TecnicoExame( TecnicoID, ExameID) VALUES (375,1121);
INSERT INTO Evento(EventoID,Descricao, Data, Admissao, Quarto) VALUES (1122, "descricao","2011-11-26 19:19:53" ,158, 230);
INSERT INTO Exame( EventoID, Nome, Descricao) VALUES (1122,"laringoscopia","descricao");
INSERT INTO TecnicoExame( TecnicoID, ExameID) VALUES (375,1122);
INSERT INTO Evento(EventoID,Descricao, Data, Admissao, Quarto) VALUES (1123, "descricao","2016-11-02 02:08:06" ,11, 190);
INSERT INTO Exame( EventoID, Nome, Descricao) VALUES (1123,"toracoscopia","descricao");
INSERT INTO TecnicoExame( TecnicoID, ExameID) VALUES (369,1123);
INSERT INTO Evento(EventoID,Descricao, Data, Admissao, Quarto) VALUES (1124, "descricao","2019-05-03 00:00:38" ,99, 191);
INSERT INTO Exame( EventoID, Nome, Descricao) VALUES (1124,"laparoscopia","descricao");
INSERT INTO TecnicoExame( TecnicoID, ExameID) VALUES (373,1124);
INSERT INTO Evento(EventoID,Descricao, Data, Admissao, Quarto) VALUES (1125, "descricao","2002-11-07 16:38:50" ,48, 247);
INSERT INTO Exame( EventoID, Nome, Descricao) VALUES (1125,"cistoscopia","descricao");
INSERT INTO TecnicoExame( TecnicoID, ExameID) VALUES (378,1125);
INSERT INTO Evento(EventoID,Descricao, Data, Admissao, Quarto) VALUES (1126, "descricao","2017-10-16 07:47:28" ,195, 165);
INSERT INTO Exame( EventoID, Nome, Descricao) VALUES (1126,"cistoscopia","descricao");
INSERT INTO TecnicoExame( TecnicoID, ExameID) VALUES (381,1126);
INSERT INTO Evento(EventoID,Descricao, Data, Admissao, Quarto) VALUES (1127, "descricao","2016-03-07 23:05:40" ,141, 211);
INSERT INTO Exame( EventoID, Nome, Descricao) VALUES (1127,"liquido sinovial","descricao");
INSERT INTO TecnicoExame( TecnicoID, ExameID) VALUES (369,1127);
INSERT INTO Evento(EventoID,Descricao, Data, Admissao, Quarto) VALUES (1128, "descricao","2008-12-04 14:00:28" ,76, 191);
INSERT INTO Exame( EventoID, Nome, Descricao) VALUES (1128,"toracoscopia","descricao");
INSERT INTO TecnicoExame( TecnicoID, ExameID) VALUES (374,1128);
INSERT INTO Evento(EventoID,Descricao, Data, Admissao, Quarto) VALUES (1129, "descricao","1991-11-17 00:44:45" ,162, 246);
INSERT INTO Exame( EventoID, Nome, Descricao) VALUES (1129,"liquido sinovial","descricao");
INSERT INTO TecnicoExame( TecnicoID, ExameID) VALUES (376,1129);
INSERT INTO Evento(EventoID,Descricao, Data, Admissao, Quarto) VALUES (1130, "descricao","2016-01-02 20:59:59" ,124, 130);
INSERT INTO Exame( EventoID, Nome, Descricao) VALUES (1130,"liquido sinovial","descricao");
INSERT INTO TecnicoExame( TecnicoID, ExameID) VALUES (371,1130);
INSERT INTO Evento(EventoID,Descricao, Data, Admissao, Quarto) VALUES (1131, "descricao","1995-04-11 00:53:25" ,22, 225);
INSERT INTO Exame( EventoID, Nome, Descricao) VALUES (1131,"laparoscopia","descricao");
INSERT INTO TecnicoExame( TecnicoID, ExameID) VALUES (379,1131);
INSERT INTO Evento(EventoID,Descricao, Data, Admissao, Quarto) VALUES (1132, "descricao","2004-10-04 07:19:39" ,191, 172);
INSERT INTO Exame( EventoID, Nome, Descricao) VALUES (1132,"laparoscopia","descricao");
INSERT INTO TecnicoExame( TecnicoID, ExameID) VALUES (371,1132);
INSERT INTO Evento(EventoID,Descricao, Data, Admissao, Quarto) VALUES (1133, "descricao","1995-04-17 02:00:26" ,198, 195);
INSERT INTO Exame( EventoID, Nome, Descricao) VALUES (1133,"liquido cefalorraquidiano","descricao");
INSERT INTO TecnicoExame( TecnicoID, ExameID) VALUES (376,1133);
INSERT INTO Evento(EventoID,Descricao, Data, Admissao, Quarto) VALUES (1134, "descricao","1992-05-25 14:42:49" ,28, 196);
INSERT INTO Exame( EventoID, Nome, Descricao) VALUES (1134,"esofagoscopia","descricao");
INSERT INTO TecnicoExame( TecnicoID, ExameID) VALUES (371,1134);
INSERT INTO Evento(EventoID,Descricao, Data, Admissao, Quarto) VALUES (1135, "descricao","2014-12-29 13:32:08" ,44, 213);
INSERT INTO Exame( EventoID, Nome, Descricao) VALUES (1135,"cistoscopia","descricao");
INSERT INTO TecnicoExame( TecnicoID, ExameID) VALUES (375,1135);
INSERT INTO Evento(EventoID,Descricao, Data, Admissao, Quarto) VALUES (1136, "descricao","1976-07-09 00:55:18" ,29, 244);
INSERT INTO Exame( EventoID, Nome, Descricao) VALUES (1136,"toracoscopia","descricao");
INSERT INTO TecnicoExame( TecnicoID, ExameID) VALUES (374,1136);
INSERT INTO Evento(EventoID,Descricao, Data, Admissao, Quarto) VALUES (1137, "descricao","1990-07-02 12:00:03" ,46, 168);
INSERT INTO Exame( EventoID, Nome, Descricao) VALUES (1137,"mediastinoscopia","descricao");
INSERT INTO TecnicoExame( TecnicoID, ExameID) VALUES (372,1137);
INSERT INTO Evento(EventoID,Descricao, Data, Admissao, Quarto) VALUES (1138, "descricao","2005-10-17 21:21:55" ,199, 200);
INSERT INTO Exame( EventoID, Nome, Descricao) VALUES (1138,"Urina","descricao");
INSERT INTO TecnicoExame( TecnicoID, ExameID) VALUES (375,1138);
INSERT INTO Evento(EventoID,Descricao, Data, Admissao, Quarto) VALUES (1139, "descricao","1996-12-31 10:31:33" ,170, 248);
INSERT INTO Exame( EventoID, Nome, Descricao) VALUES (1139,"mediastinoscopia","descricao");
INSERT INTO TecnicoExame( TecnicoID, ExameID) VALUES (371,1139);
INSERT INTO Evento(EventoID,Descricao, Data, Admissao, Quarto) VALUES (1140, "descricao","1991-03-25 08:08:36" ,115, 247);
INSERT INTO Exame( EventoID, Nome, Descricao) VALUES (1140,"broncoscopia","descricao");
INSERT INTO TecnicoExame( TecnicoID, ExameID) VALUES (372,1140);
INSERT INTO Evento(EventoID,Descricao, Data, Admissao, Quarto) VALUES (1141, "descricao","1971-10-15 04:45:17" ,91, 164);
INSERT INTO Exame( EventoID, Nome, Descricao) VALUES (1141,"liquido cefalorraquidiano","descricao");
INSERT INTO TecnicoExame( TecnicoID, ExameID) VALUES (382,1141);
INSERT INTO Evento(EventoID,Descricao, Data, Admissao, Quarto) VALUES (1142, "descricao","2015-03-07 22:11:18" ,134, 221);
INSERT INTO Exame( EventoID, Nome, Descricao) VALUES (1142,"Sangue","descricao");
INSERT INTO TecnicoExame( TecnicoID, ExameID) VALUES (379,1142);
INSERT INTO Evento(EventoID,Descricao, Data, Admissao, Quarto) VALUES (1143, "descricao","2003-09-06 00:46:10" ,118, 191);
INSERT INTO Exame( EventoID, Nome, Descricao) VALUES (1143,"toracoscopia","descricao");
INSERT INTO TecnicoExame( TecnicoID, ExameID) VALUES (375,1143);
INSERT INTO Evento(EventoID,Descricao, Data, Admissao, Quarto) VALUES (1144, "descricao","1980-06-20 08:29:26" ,63, 247);
INSERT INTO Exame( EventoID, Nome, Descricao) VALUES (1144,"liquido sinovial","descricao");
INSERT INTO TecnicoExame( TecnicoID, ExameID) VALUES (376,1144);
INSERT INTO Evento(EventoID,Descricao, Data, Admissao, Quarto) VALUES (1145, "descricao","2017-09-27 04:57:54" ,94, 128);
INSERT INTO Exame( EventoID, Nome, Descricao) VALUES (1145,"laringoscopia","descricao");
INSERT INTO TecnicoExame( TecnicoID, ExameID) VALUES (379,1145);
INSERT INTO Evento(EventoID,Descricao, Data, Admissao, Quarto) VALUES (1146, "descricao","1978-03-27 23:00:29" ,33, 101);
INSERT INTO Exame( EventoID, Nome, Descricao) VALUES (1146,"liquido sinovial","descricao");
INSERT INTO TecnicoExame( TecnicoID, ExameID) VALUES (370,1146);
INSERT INTO Evento(EventoID,Descricao, Data, Admissao, Quarto) VALUES (1147, "descricao","1979-08-31 00:58:42" ,130, 113);
INSERT INTO Exame( EventoID, Nome, Descricao) VALUES (1147,"laringoscopia","descricao");
INSERT INTO TecnicoExame( TecnicoID, ExameID) VALUES (371,1147);
INSERT INTO Evento(EventoID,Descricao, Data, Admissao, Quarto) VALUES (1148, "descricao","1987-01-28 15:22:56" ,34, 182);
INSERT INTO Exame( EventoID, Nome, Descricao) VALUES (1148,"Urina","descricao");
INSERT INTO TecnicoExame( TecnicoID, ExameID) VALUES (379,1148);
INSERT INTO Evento(EventoID,Descricao, Data, Admissao, Quarto) VALUES (1149, "descricao","2015-02-05 07:05:54" ,92, 181);
INSERT INTO Exame( EventoID, Nome, Descricao) VALUES (1149,"mediastinoscopia","descricao");
INSERT INTO TecnicoExame( TecnicoID, ExameID) VALUES (371,1149);
INSERT INTO Evento(EventoID,Descricao, Data, Admissao, Quarto) VALUES (1150, "descricao","1971-05-14 05:04:35" ,102, 164);
INSERT INTO Exame( EventoID, Nome, Descricao) VALUES (1150,"liquido sinovial","descricao");
INSERT INTO TecnicoExame( TecnicoID, ExameID) VALUES (375,1150);
INSERT INTO Evento(EventoID,Descricao, Data, Admissao, Quarto) VALUES (1151, "descricao","1971-04-01 09:22:36" ,185, 145);
INSERT INTO Exame( EventoID, Nome, Descricao) VALUES (1151,"Urina","descricao");
INSERT INTO TecnicoExame( TecnicoID, ExameID) VALUES (367,1151);
INSERT INTO Evento(EventoID,Descricao, Data, Admissao, Quarto) VALUES (1152, "descricao","1977-03-06 05:14:31" ,4, 219);
INSERT INTO Exame( EventoID, Nome, Descricao) VALUES (1152,"laringoscopia","descricao");
INSERT INTO TecnicoExame( TecnicoID, ExameID) VALUES (372,1152);
INSERT INTO Evento(EventoID,Descricao, Data, Admissao, Quarto) VALUES (1153, "descricao","1999-08-17 09:10:35" ,90, 196);
INSERT INTO Exame( EventoID, Nome, Descricao) VALUES (1153,"liquido sinovial","descricao");
INSERT INTO TecnicoExame( TecnicoID, ExameID) VALUES (382,1153);
INSERT INTO Evento(EventoID,Descricao, Data, Admissao, Quarto) VALUES (1154, "descricao","1994-08-22 19:45:39" ,99, 197);
INSERT INTO Exame( EventoID, Nome, Descricao) VALUES (1154,"laparoscopia","descricao");
INSERT INTO TecnicoExame( TecnicoID, ExameID) VALUES (379,1154);
INSERT INTO Evento(EventoID,Descricao, Data, Admissao, Quarto) VALUES (1155, "descricao","1994-05-13 05:37:23" ,135, 152);
INSERT INTO Exame( EventoID, Nome, Descricao) VALUES (1155,"cistoscopia","descricao");
INSERT INTO TecnicoExame( TecnicoID, ExameID) VALUES (378,1155);
INSERT INTO Evento(EventoID,Descricao, Data, Admissao, Quarto) VALUES (1156, "descricao","1988-02-13 10:00:21" ,66, 140);
INSERT INTO Exame( EventoID, Nome, Descricao) VALUES (1156,"esofagoscopia","descricao");
INSERT INTO TecnicoExame( TecnicoID, ExameID) VALUES (370,1156);
INSERT INTO Evento(EventoID,Descricao, Data, Admissao, Quarto) VALUES (1157, "descricao","1995-05-04 17:09:17" ,87, 242);
INSERT INTO Exame( EventoID, Nome, Descricao) VALUES (1157,"laparoscopia","descricao");
INSERT INTO TecnicoExame( TecnicoID, ExameID) VALUES (381,1157);
INSERT INTO Evento(EventoID,Descricao, Data, Admissao, Quarto) VALUES (1158, "descricao","1982-10-04 09:30:42" ,41, 101);
INSERT INTO Exame( EventoID, Nome, Descricao) VALUES (1158,"liquido cefalorraquidiano","descricao");
INSERT INTO TecnicoExame( TecnicoID, ExameID) VALUES (376,1158);
INSERT INTO Evento(EventoID,Descricao, Data, Admissao, Quarto) VALUES (1159, "descricao","1974-06-28 06:53:00" ,43, 180);
INSERT INTO Exame( EventoID, Nome, Descricao) VALUES (1159,"laparoscopia","descricao");
INSERT INTO TecnicoExame( TecnicoID, ExameID) VALUES (373,1159);
INSERT INTO Evento(EventoID,Descricao, Data, Admissao, Quarto) VALUES (1160, "descricao","1971-11-17 21:04:05" ,116, 116);
INSERT INTO Exame( EventoID, Nome, Descricao) VALUES (1160,"esofagoscopia","descricao");
INSERT INTO TecnicoExame( TecnicoID, ExameID) VALUES (382,1160);
INSERT INTO Evento(EventoID,Descricao, Data, Admissao, Quarto) VALUES (1161, "descricao","1974-06-25 14:51:51" ,181, 164);
INSERT INTO Exame( EventoID, Nome, Descricao) VALUES (1161,"laringoscopia","descricao");
INSERT INTO TecnicoExame( TecnicoID, ExameID) VALUES (371,1161);
INSERT INTO Evento(EventoID,Descricao, Data, Admissao, Quarto) VALUES (1162, "descricao","1992-10-10 11:56:12" ,10, 121);
INSERT INTO Exame( EventoID, Nome, Descricao) VALUES (1162,"Sangue","descricao");
INSERT INTO TecnicoExame( TecnicoID, ExameID) VALUES (378,1162);
INSERT INTO Evento(EventoID,Descricao, Data, Admissao, Quarto) VALUES (1163, "descricao","1986-04-12 19:20:15" ,161, 178);
INSERT INTO Exame( EventoID, Nome, Descricao) VALUES (1163,"laparoscopia","descricao");
INSERT INTO TecnicoExame( TecnicoID, ExameID) VALUES (374,1163);
INSERT INTO Evento(EventoID,Descricao, Data, Admissao, Quarto) VALUES (1164, "descricao","2006-05-17 03:51:15" ,84, 238);
INSERT INTO Exame( EventoID, Nome, Descricao) VALUES (1164,"liquido cefalorraquidiano","descricao");
INSERT INTO TecnicoExame( TecnicoID, ExameID) VALUES (375,1164);
INSERT INTO Evento(EventoID,Descricao, Data, Admissao, Quarto) VALUES (1165, "descricao","1996-08-09 17:43:04" ,10, 187);
INSERT INTO Exame( EventoID, Nome, Descricao) VALUES (1165,"esofagoscopia","descricao");
INSERT INTO TecnicoExame( TecnicoID, ExameID) VALUES (381,1165);
INSERT INTO Evento(EventoID,Descricao, Data, Admissao, Quarto) VALUES (1166, "descricao","2012-03-09 19:16:30" ,124, 231);
INSERT INTO Exame( EventoID, Nome, Descricao) VALUES (1166,"liquido sinovial","descricao");
INSERT INTO TecnicoExame( TecnicoID, ExameID) VALUES (376,1166);
INSERT INTO Evento(EventoID,Descricao, Data, Admissao, Quarto) VALUES (1167, "descricao","1981-07-14 02:53:35" ,39, 141);
INSERT INTO Exame( EventoID, Nome, Descricao) VALUES (1167,"liquido sinovial","descricao");
INSERT INTO TecnicoExame( TecnicoID, ExameID) VALUES (376,1167);
INSERT INTO Evento(EventoID,Descricao, Data, Admissao, Quarto) VALUES (1168, "descricao","1970-10-15 17:02:20" ,170, 229);
INSERT INTO Exame( EventoID, Nome, Descricao) VALUES (1168,"broncoscopia","descricao");
INSERT INTO TecnicoExame( TecnicoID, ExameID) VALUES (378,1168);
INSERT INTO Evento(EventoID,Descricao, Data, Admissao, Quarto) VALUES (1169, "descricao","2002-07-07 06:26:11" ,150, 150);
INSERT INTO Exame( EventoID, Nome, Descricao) VALUES (1169,"cistoscopia","descricao");
INSERT INTO TecnicoExame( TecnicoID, ExameID) VALUES (367,1169);
INSERT INTO Evento(EventoID,Descricao, Data, Admissao, Quarto) VALUES (1170, "descricao","1979-02-28 18:05:03" ,100, 163);
INSERT INTO Exame( EventoID, Nome, Descricao) VALUES (1170,"cistoscopia","descricao");
INSERT INTO TecnicoExame( TecnicoID, ExameID) VALUES (376,1170);
INSERT INTO Evento(EventoID,Descricao, Data, Admissao, Quarto) VALUES (1171, "descricao","1994-01-21 06:36:33" ,151, 160);
INSERT INTO Exame( EventoID, Nome, Descricao) VALUES (1171,"esofagoscopia","descricao");
INSERT INTO TecnicoExame( TecnicoID, ExameID) VALUES (377,1171);
INSERT INTO Evento(EventoID,Descricao, Data, Admissao, Quarto) VALUES (1172, "descricao","1981-03-06 17:37:06" ,73, 229);
INSERT INTO Exame( EventoID, Nome, Descricao) VALUES (1172,"Urina","descricao");
INSERT INTO TecnicoExame( TecnicoID, ExameID) VALUES (375,1172);
INSERT INTO Evento(EventoID,Descricao, Data, Admissao, Quarto) VALUES (1173, "descricao","1997-07-11 12:28:45" ,65, 126);
INSERT INTO Exame( EventoID, Nome, Descricao) VALUES (1173,"laringoscopia","descricao");
INSERT INTO TecnicoExame( TecnicoID, ExameID) VALUES (372,1173);
INSERT INTO Evento(EventoID,Descricao, Data, Admissao, Quarto) VALUES (1174, "descricao","2011-07-21 19:09:26" ,177, 181);
INSERT INTO Exame( EventoID, Nome, Descricao) VALUES (1174,"laparoscopia","descricao");
INSERT INTO TecnicoExame( TecnicoID, ExameID) VALUES (369,1174);
INSERT INTO Evento(EventoID,Descricao, Data, Admissao, Quarto) VALUES (1175, "descricao","1998-01-15 00:02:34" ,119, 195);
INSERT INTO Exame( EventoID, Nome, Descricao) VALUES (1175,"Sangue","descricao");
INSERT INTO TecnicoExame( TecnicoID, ExameID) VALUES (380,1175);
INSERT INTO Evento(EventoID,Descricao, Data, Admissao, Quarto) VALUES (1176, "descricao","1998-07-28 18:23:07" ,159, 117);
INSERT INTO Exame( EventoID, Nome, Descricao) VALUES (1176,"broncoscopia","descricao");
INSERT INTO TecnicoExame( TecnicoID, ExameID) VALUES (369,1176);
INSERT INTO Evento(EventoID,Descricao, Data, Admissao, Quarto) VALUES (1177, "descricao","1984-12-12 21:08:25" ,62, 176);
INSERT INTO Exame( EventoID, Nome, Descricao) VALUES (1177,"laparoscopia","descricao");
INSERT INTO TecnicoExame( TecnicoID, ExameID) VALUES (370,1177);
INSERT INTO Evento(EventoID,Descricao, Data, Admissao, Quarto) VALUES (1178, "descricao","1996-12-08 16:24:48" ,143, 152);
INSERT INTO Exame( EventoID, Nome, Descricao) VALUES (1178,"laparoscopia","descricao");
INSERT INTO TecnicoExame( TecnicoID, ExameID) VALUES (380,1178);
INSERT INTO Evento(EventoID,Descricao, Data, Admissao, Quarto) VALUES (1179, "descricao","2015-01-04 06:30:55" ,34, 134);
INSERT INTO Exame( EventoID, Nome, Descricao) VALUES (1179,"toracoscopia","descricao");
INSERT INTO TecnicoExame( TecnicoID, ExameID) VALUES (377,1179);
INSERT INTO Evento(EventoID,Descricao, Data, Admissao, Quarto) VALUES (1180, "descricao","1984-01-09 07:57:52" ,83, 119);
INSERT INTO Exame( EventoID, Nome, Descricao) VALUES (1180,"laparoscopia","descricao");
INSERT INTO TecnicoExame( TecnicoID, ExameID) VALUES (380,1180);
INSERT INTO Evento(EventoID,Descricao, Data, Admissao, Quarto) VALUES (1181, "descricao","2000-10-30 17:25:45" ,165, 186);
INSERT INTO Exame( EventoID, Nome, Descricao) VALUES (1181,"mediastinoscopia","descricao");
INSERT INTO TecnicoExame( TecnicoID, ExameID) VALUES (372,1181);
INSERT INTO Evento(EventoID,Descricao, Data, Admissao, Quarto) VALUES (1182, "descricao","1979-06-17 19:54:38" ,102, 198);
INSERT INTO Exame( EventoID, Nome, Descricao) VALUES (1182,"liquido sinovial","descricao");
INSERT INTO TecnicoExame( TecnicoID, ExameID) VALUES (369,1182);
INSERT INTO Evento(EventoID,Descricao, Data, Admissao, Quarto) VALUES (1183, "descricao","1986-02-02 06:42:50" ,84, 223);
INSERT INTO Exame( EventoID, Nome, Descricao) VALUES (1183,"esofagoscopia","descricao");
INSERT INTO TecnicoExame( TecnicoID, ExameID) VALUES (377,1183);
INSERT INTO Evento(EventoID,Descricao, Data, Admissao, Quarto) VALUES (1184, "descricao","1989-10-08 13:12:16" ,13, 183);
INSERT INTO Exame( EventoID, Nome, Descricao) VALUES (1184,"broncoscopia","descricao");
INSERT INTO TecnicoExame( TecnicoID, ExameID) VALUES (380,1184);
INSERT INTO Evento(EventoID,Descricao, Data, Admissao, Quarto) VALUES (1185, "descricao","2007-08-22 13:43:51" ,187, 138);
INSERT INTO Exame( EventoID, Nome, Descricao) VALUES (1185,"laparoscopia","descricao");
INSERT INTO TecnicoExame( TecnicoID, ExameID) VALUES (378,1185);
INSERT INTO Evento(EventoID,Descricao, Data, Admissao, Quarto) VALUES (1186, "descricao","1985-10-02 17:58:27" ,151, 194);
INSERT INTO Exame( EventoID, Nome, Descricao) VALUES (1186,"cistoscopia","descricao");
INSERT INTO TecnicoExame( TecnicoID, ExameID) VALUES (373,1186);
INSERT INTO Evento(EventoID,Descricao, Data, Admissao, Quarto) VALUES (1187, "descricao","1997-08-27 17:08:27" ,40, 102);
INSERT INTO Exame( EventoID, Nome, Descricao) VALUES (1187,"cistoscopia","descricao");
INSERT INTO TecnicoExame( TecnicoID, ExameID) VALUES (376,1187);
INSERT INTO Evento(EventoID,Descricao, Data, Admissao, Quarto) VALUES (1188, "descricao","1973-03-11 16:21:28" ,22, 197);
INSERT INTO Exame( EventoID, Nome, Descricao) VALUES (1188,"broncoscopia","descricao");
INSERT INTO TecnicoExame( TecnicoID, ExameID) VALUES (376,1188);
INSERT INTO Evento(EventoID,Descricao, Data, Admissao, Quarto) VALUES (1189, "descricao","1995-08-21 13:09:18" ,118, 117);
INSERT INTO Exame( EventoID, Nome, Descricao) VALUES (1189,"laringoscopia","descricao");
INSERT INTO TecnicoExame( TecnicoID, ExameID) VALUES (378,1189);
INSERT INTO Evento(EventoID,Descricao, Data, Admissao, Quarto) VALUES (1190, "descricao","1982-05-25 03:46:13" ,56, 201);
INSERT INTO Exame( EventoID, Nome, Descricao) VALUES (1190,"laparoscopia","descricao");
INSERT INTO TecnicoExame( TecnicoID, ExameID) VALUES (379,1190);
INSERT INTO Evento(EventoID,Descricao, Data, Admissao, Quarto) VALUES (1191, "descricao","1989-10-09 05:14:51" ,92, 103);
INSERT INTO Exame( EventoID, Nome, Descricao) VALUES (1191,"mediastinoscopia","descricao");
INSERT INTO TecnicoExame( TecnicoID, ExameID) VALUES (375,1191);
INSERT INTO Evento(EventoID,Descricao, Data, Admissao, Quarto) VALUES (1192, "descricao","2001-05-02 18:01:27" ,31, 196);
INSERT INTO Exame( EventoID, Nome, Descricao) VALUES (1192,"Sangue","descricao");
INSERT INTO TecnicoExame( TecnicoID, ExameID) VALUES (372,1192);
INSERT INTO Evento(EventoID,Descricao, Data, Admissao, Quarto) VALUES (1193, "descricao","2001-07-05 23:47:09" ,63, 134);
INSERT INTO Exame( EventoID, Nome, Descricao) VALUES (1193,"liquido cefalorraquidiano","descricao");
INSERT INTO TecnicoExame( TecnicoID, ExameID) VALUES (371,1193);
INSERT INTO Evento(EventoID,Descricao, Data, Admissao, Quarto) VALUES (1194, "descricao","1984-02-20 18:50:42" ,180, 158);
INSERT INTO Exame( EventoID, Nome, Descricao) VALUES (1194,"toracoscopia","descricao");
INSERT INTO TecnicoExame( TecnicoID, ExameID) VALUES (374,1194);
INSERT INTO Evento(EventoID,Descricao, Data, Admissao, Quarto) VALUES (1195, "descricao","1994-12-27 05:27:24" ,109, 246);
INSERT INTO Exame( EventoID, Nome, Descricao) VALUES (1195,"Sangue","descricao");
INSERT INTO TecnicoExame( TecnicoID, ExameID) VALUES (378,1195);
INSERT INTO Evento(EventoID,Descricao, Data, Admissao, Quarto) VALUES (1196, "descricao","2005-02-25 09:54:18" ,36, 189);
INSERT INTO Exame( EventoID, Nome, Descricao) VALUES (1196,"broncoscopia","descricao");
INSERT INTO TecnicoExame( TecnicoID, ExameID) VALUES (368,1196);
INSERT INTO Evento(EventoID,Descricao, Data, Admissao, Quarto) VALUES (1197, "descricao","1976-04-26 05:44:09" ,24, 236);
INSERT INTO Exame( EventoID, Nome, Descricao) VALUES (1197,"toracoscopia","descricao");
INSERT INTO TecnicoExame( TecnicoID, ExameID) VALUES (381,1197);
INSERT INTO Evento(EventoID,Descricao, Data, Admissao, Quarto) VALUES (1198, "descricao","2016-06-29 00:04:39" ,29, 132);
INSERT INTO Exame( EventoID, Nome, Descricao) VALUES (1198,"cistoscopia","descricao");
INSERT INTO TecnicoExame( TecnicoID, ExameID) VALUES (381,1198);
INSERT INTO Evento(EventoID,Descricao, Data, Admissao, Quarto) VALUES (1199, "descricao","1996-02-26 17:10:38" ,188, 136);
INSERT INTO Exame( EventoID, Nome, Descricao) VALUES (1199,"liquido cefalorraquidiano","descricao");
INSERT INTO TecnicoExame( TecnicoID, ExameID) VALUES (373,1199);
INSERT INTO Evento(EventoID,Descricao, Data, Admissao, Quarto) VALUES (1200, "descricao","1988-08-10 11:43:38" ,191, 131);
INSERT INTO Exame( EventoID, Nome, Descricao) VALUES (1200,"Sangue","descricao");
INSERT INTO TecnicoExame( TecnicoID, ExameID) VALUES (372,1200);
INSERT INTO Evento(EventoID,Descricao, Data, Admissao, Quarto) VALUES (1201, "descricao","2000-10-12 07:41:00" ,31, 225);
INSERT INTO Exame( EventoID, Nome, Descricao) VALUES (1201,"Urina","descricao");
INSERT INTO TecnicoExame( TecnicoID, ExameID) VALUES (378,1201);
INSERT INTO Evento(EventoID,Descricao, Data, Admissao, Quarto) VALUES (1202, "descricao","2004-07-03 17:48:03" ,100, 153);
INSERT INTO Exame( EventoID, Nome, Descricao) VALUES (1202,"mediastinoscopia","descricao");
INSERT INTO TecnicoExame( TecnicoID, ExameID) VALUES (371,1202);
INSERT INTO Evento(EventoID,Descricao, Data, Admissao, Quarto) VALUES (1203, "descricao","1997-08-06 09:23:24" ,75, 104);
INSERT INTO Exame( EventoID, Nome, Descricao) VALUES (1203,"liquido cefalorraquidiano","descricao");
INSERT INTO TecnicoExame( TecnicoID, ExameID) VALUES (381,1203);
INSERT INTO Evento(EventoID,Descricao, Data, Admissao, Quarto) VALUES (1204, "descricao","1975-06-28 12:22:43" ,116, 233);
INSERT INTO Exame( EventoID, Nome, Descricao) VALUES (1204,"laringoscopia","descricao");
INSERT INTO TecnicoExame( TecnicoID, ExameID) VALUES (369,1204);
INSERT INTO Evento(EventoID,Descricao, Data, Admissao, Quarto) VALUES (1205, "descricao","1976-01-25 12:42:23" ,136, 178);
INSERT INTO Exame( EventoID, Nome, Descricao) VALUES (1205,"laparoscopia","descricao");
INSERT INTO TecnicoExame( TecnicoID, ExameID) VALUES (367,1205);
INSERT INTO Evento(EventoID,Descricao, Data, Admissao, Quarto) VALUES (1206, "descricao","1991-09-20 00:53:22" ,19, 193);
INSERT INTO Exame( EventoID, Nome, Descricao) VALUES (1206,"Urina","descricao");
INSERT INTO TecnicoExame( TecnicoID, ExameID) VALUES (367,1206);
INSERT INTO Evento(EventoID,Descricao, Data, Admissao, Quarto) VALUES (1207, "descricao","1993-06-02 07:23:37" ,14, 128);
INSERT INTO Exame( EventoID, Nome, Descricao) VALUES (1207,"Sangue","descricao");
INSERT INTO TecnicoExame( TecnicoID, ExameID) VALUES (367,1207);
INSERT INTO Evento(EventoID,Descricao, Data, Admissao, Quarto) VALUES (1208, "descricao","2016-01-03 23:36:54" ,176, 143);
INSERT INTO Exame( EventoID, Nome, Descricao) VALUES (1208,"liquido cefalorraquidiano","descricao");
INSERT INTO TecnicoExame( TecnicoID, ExameID) VALUES (370,1208);
INSERT INTO Evento(EventoID,Descricao, Data, Admissao, Quarto) VALUES (1209, "descricao","2006-04-11 16:50:31" ,29, 180);
INSERT INTO Exame( EventoID, Nome, Descricao) VALUES (1209,"toracoscopia","descricao");
INSERT INTO TecnicoExame( TecnicoID, ExameID) VALUES (375,1209);
INSERT INTO Evento(EventoID,Descricao, Data, Admissao, Quarto) VALUES (1210, "descricao","2001-12-29 00:52:22" ,66, 121);
INSERT INTO Exame( EventoID, Nome, Descricao) VALUES (1210,"mediastinoscopia","descricao");
INSERT INTO TecnicoExame( TecnicoID, ExameID) VALUES (376,1210);

-- Medical Exam
INSERT INTO Evento(EventoID,Descricao, Data, Admissao, Quarto) VALUES (1211, "descricao","1997-08-29 06:50:33" ,130, 194);
INSERT INTO Exame( EventoID, Nome, Descricao) VALUES (1211,"liquido cefalorraquidiano","descricao");
INSERT INTO MedicoExame( MedicoID, ExameID) VALUES (421,1211);
INSERT INTO Evento(EventoID,Descricao, Data, Admissao, Quarto) VALUES (1212, "descricao","2010-10-01 14:19:22" ,40, 170);
INSERT INTO Exame( EventoID, Nome, Descricao) VALUES (1212,"Sangue","descricao");
INSERT INTO MedicoExame( MedicoID, ExameID) VALUES (400,1212);
INSERT INTO Evento(EventoID,Descricao, Data, Admissao, Quarto) VALUES (1213, "descricao","1989-10-19 23:30:25" ,167, 224);
INSERT INTO Exame( EventoID, Nome, Descricao) VALUES (1213,"broncoscopia","descricao");
INSERT INTO MedicoExame( MedicoID, ExameID) VALUES (392,1213);
INSERT INTO Evento(EventoID,Descricao, Data, Admissao, Quarto) VALUES (1214, "descricao","2010-10-16 01:51:51" ,66, 213);
INSERT INTO Exame( EventoID, Nome, Descricao) VALUES (1214,"cistoscopia","descricao");
INSERT INTO MedicoExame( MedicoID, ExameID) VALUES (412,1214);
INSERT INTO Evento(EventoID,Descricao, Data, Admissao, Quarto) VALUES (1215, "descricao","1985-09-12 10:01:04" ,118, 161);
INSERT INTO Exame( EventoID, Nome, Descricao) VALUES (1215,"broncoscopia","descricao");
INSERT INTO MedicoExame( MedicoID, ExameID) VALUES (393,1215);
INSERT INTO Evento(EventoID,Descricao, Data, Admissao, Quarto) VALUES (1216, "descricao","2004-11-03 21:55:27" ,194, 181);
INSERT INTO Exame( EventoID, Nome, Descricao) VALUES (1216,"cistoscopia","descricao");
INSERT INTO MedicoExame( MedicoID, ExameID) VALUES (408,1216);
INSERT INTO Evento(EventoID,Descricao, Data, Admissao, Quarto) VALUES (1217, "descricao","1996-09-14 12:17:24" ,33, 233);
INSERT INTO Exame( EventoID, Nome, Descricao) VALUES (1217,"laringoscopia","descricao");
INSERT INTO MedicoExame( MedicoID, ExameID) VALUES (402,1217);
INSERT INTO Evento(EventoID,Descricao, Data, Admissao, Quarto) VALUES (1218, "descricao","2014-11-22 23:36:52" ,6, 132);
INSERT INTO Exame( EventoID, Nome, Descricao) VALUES (1218,"laparoscopia","descricao");
INSERT INTO MedicoExame( MedicoID, ExameID) VALUES (415,1218);
INSERT INTO Evento(EventoID,Descricao, Data, Admissao, Quarto) VALUES (1219, "descricao","1981-12-06 17:58:47" ,172, 191);
INSERT INTO Exame( EventoID, Nome, Descricao) VALUES (1219,"laparoscopia","descricao");
INSERT INTO MedicoExame( MedicoID, ExameID) VALUES (397,1219);
INSERT INTO Evento(EventoID,Descricao, Data, Admissao, Quarto) VALUES (1220, "descricao","1978-11-18 01:47:48" ,166, 124);
INSERT INTO Exame( EventoID, Nome, Descricao) VALUES (1220,"liquido sinovial","descricao");
INSERT INTO MedicoExame( MedicoID, ExameID) VALUES (388,1220);
INSERT INTO Evento(EventoID,Descricao, Data, Admissao, Quarto) VALUES (1221, "descricao","1991-02-14 08:02:57" ,34, 158);
INSERT INTO Exame( EventoID, Nome, Descricao) VALUES (1221,"laparoscopia","descricao");
INSERT INTO MedicoExame( MedicoID, ExameID) VALUES (410,1221);
INSERT INTO Evento(EventoID,Descricao, Data, Admissao, Quarto) VALUES (1222, "descricao","2010-12-12 06:17:47" ,31, 137);
INSERT INTO Exame( EventoID, Nome, Descricao) VALUES (1222,"mediastinoscopia","descricao");
INSERT INTO MedicoExame( MedicoID, ExameID) VALUES (398,1222);
INSERT INTO Evento(EventoID,Descricao, Data, Admissao, Quarto) VALUES (1223, "descricao","2005-01-29 05:01:43" ,45, 120);
INSERT INTO Exame( EventoID, Nome, Descricao) VALUES (1223,"Urina","descricao");
INSERT INTO MedicoExame( MedicoID, ExameID) VALUES (417,1223);
INSERT INTO Evento(EventoID,Descricao, Data, Admissao, Quarto) VALUES (1224, "descricao","2001-12-27 12:56:37" ,38, 231);
INSERT INTO Exame( EventoID, Nome, Descricao) VALUES (1224,"liquido sinovial","descricao");
INSERT INTO MedicoExame( MedicoID, ExameID) VALUES (397,1224);
INSERT INTO Evento(EventoID,Descricao, Data, Admissao, Quarto) VALUES (1225, "descricao","2018-09-04 22:01:49" ,175, 248);
INSERT INTO Exame( EventoID, Nome, Descricao) VALUES (1225,"toracoscopia","descricao");
INSERT INTO MedicoExame( MedicoID, ExameID) VALUES (388,1225);
INSERT INTO Evento(EventoID,Descricao, Data, Admissao, Quarto) VALUES (1226, "descricao","1978-07-07 22:49:43" ,104, 244);
INSERT INTO Exame( EventoID, Nome, Descricao) VALUES (1226,"mediastinoscopia","descricao");
INSERT INTO MedicoExame( MedicoID, ExameID) VALUES (396,1226);
INSERT INTO Evento(EventoID,Descricao, Data, Admissao, Quarto) VALUES (1227, "descricao","2012-12-12 05:10:29" ,62, 151);
INSERT INTO Exame( EventoID, Nome, Descricao) VALUES (1227,"laringoscopia","descricao");
INSERT INTO MedicoExame( MedicoID, ExameID) VALUES (399,1227);
INSERT INTO Evento(EventoID,Descricao, Data, Admissao, Quarto) VALUES (1228, "descricao","1999-05-23 04:47:13" ,133, 204);
INSERT INTO Exame( EventoID, Nome, Descricao) VALUES (1228,"laparoscopia","descricao");
INSERT INTO MedicoExame( MedicoID, ExameID) VALUES (391,1228);
INSERT INTO Evento(EventoID,Descricao, Data, Admissao, Quarto) VALUES (1229, "descricao","2018-11-07 12:50:55" ,79, 165);
INSERT INTO Exame( EventoID, Nome, Descricao) VALUES (1229,"Urina","descricao");
INSERT INTO MedicoExame( MedicoID, ExameID) VALUES (417,1229);
INSERT INTO Evento(EventoID,Descricao, Data, Admissao, Quarto) VALUES (1230, "descricao","2009-02-02 01:41:04" ,78, 217);
INSERT INTO Exame( EventoID, Nome, Descricao) VALUES (1230,"liquido cefalorraquidiano","descricao");
INSERT INTO MedicoExame( MedicoID, ExameID) VALUES (418,1230);
INSERT INTO Evento(EventoID,Descricao, Data, Admissao, Quarto) VALUES (1231, "descricao","2006-03-20 13:55:06" ,18, 207);
INSERT INTO Exame( EventoID, Nome, Descricao) VALUES (1231,"liquido cefalorraquidiano","descricao");
INSERT INTO MedicoExame( MedicoID, ExameID) VALUES (414,1231);
INSERT INTO Evento(EventoID,Descricao, Data, Admissao, Quarto) VALUES (1232, "descricao","2002-10-17 03:40:23" ,181, 124);
INSERT INTO Exame( EventoID, Nome, Descricao) VALUES (1232,"Urina","descricao");
INSERT INTO MedicoExame( MedicoID, ExameID) VALUES (391,1232);
INSERT INTO Evento(EventoID,Descricao, Data, Admissao, Quarto) VALUES (1233, "descricao","2003-12-06 13:03:13" ,87, 113);
INSERT INTO Exame( EventoID, Nome, Descricao) VALUES (1233,"laparoscopia","descricao");
INSERT INTO MedicoExame( MedicoID, ExameID) VALUES (423,1233);
INSERT INTO Evento(EventoID,Descricao, Data, Admissao, Quarto) VALUES (1234, "descricao","2007-08-01 12:00:20" ,119, 141);
INSERT INTO Exame( EventoID, Nome, Descricao) VALUES (1234,"broncoscopia","descricao");
INSERT INTO MedicoExame( MedicoID, ExameID) VALUES (418,1234);
INSERT INTO Evento(EventoID,Descricao, Data, Admissao, Quarto) VALUES (1235, "descricao","1983-03-26 09:44:46" ,37, 186);
INSERT INTO Exame( EventoID, Nome, Descricao) VALUES (1235,"Urina","descricao");
INSERT INTO MedicoExame( MedicoID, ExameID) VALUES (408,1235);
INSERT INTO Evento(EventoID,Descricao, Data, Admissao, Quarto) VALUES (1236, "descricao","1994-04-16 10:53:32" ,115, 151);
INSERT INTO Exame( EventoID, Nome, Descricao) VALUES (1236,"cistoscopia","descricao");
INSERT INTO MedicoExame( MedicoID, ExameID) VALUES (411,1236);
INSERT INTO Evento(EventoID,Descricao, Data, Admissao, Quarto) VALUES (1237, "descricao","2010-07-25 19:57:59" ,138, 240);
INSERT INTO Exame( EventoID, Nome, Descricao) VALUES (1237,"Sangue","descricao");
INSERT INTO MedicoExame( MedicoID, ExameID) VALUES (413,1237);
INSERT INTO Evento(EventoID,Descricao, Data, Admissao, Quarto) VALUES (1238, "descricao","2008-04-11 20:21:53" ,77, 194);
INSERT INTO Exame( EventoID, Nome, Descricao) VALUES (1238,"toracoscopia","descricao");
INSERT INTO MedicoExame( MedicoID, ExameID) VALUES (420,1238);
INSERT INTO Evento(EventoID,Descricao, Data, Admissao, Quarto) VALUES (1239, "descricao","2012-11-19 01:11:04" ,156, 218);
INSERT INTO Exame( EventoID, Nome, Descricao) VALUES (1239,"Sangue","descricao");
INSERT INTO MedicoExame( MedicoID, ExameID) VALUES (392,1239);
INSERT INTO Evento(EventoID,Descricao, Data, Admissao, Quarto) VALUES (1240, "descricao","1999-06-30 03:31:18" ,178, 184);
INSERT INTO Exame( EventoID, Nome, Descricao) VALUES (1240,"toracoscopia","descricao");
INSERT INTO MedicoExame( MedicoID, ExameID) VALUES (410,1240);
INSERT INTO Evento(EventoID,Descricao, Data, Admissao, Quarto) VALUES (1241, "descricao","1970-04-11 04:29:47" ,120, 161);
INSERT INTO Exame( EventoID, Nome, Descricao) VALUES (1241,"cistoscopia","descricao");
INSERT INTO MedicoExame( MedicoID, ExameID) VALUES (418,1241);
INSERT INTO Evento(EventoID,Descricao, Data, Admissao, Quarto) VALUES (1242, "descricao","2002-09-10 07:52:45" ,193, 168);
INSERT INTO Exame( EventoID, Nome, Descricao) VALUES (1242,"mediastinoscopia","descricao");
INSERT INTO MedicoExame( MedicoID, ExameID) VALUES (409,1242);
INSERT INTO Evento(EventoID,Descricao, Data, Admissao, Quarto) VALUES (1243, "descricao","1991-06-01 11:21:33" ,199, 225);
INSERT INTO Exame( EventoID, Nome, Descricao) VALUES (1243,"Urina","descricao");
INSERT INTO MedicoExame( MedicoID, ExameID) VALUES (407,1243);
INSERT INTO Evento(EventoID,Descricao, Data, Admissao, Quarto) VALUES (1244, "descricao","2018-06-12 18:30:41" ,103, 106);
INSERT INTO Exame( EventoID, Nome, Descricao) VALUES (1244,"Urina","descricao");
INSERT INTO MedicoExame( MedicoID, ExameID) VALUES (413,1244);
INSERT INTO Evento(EventoID,Descricao, Data, Admissao, Quarto) VALUES (1245, "descricao","1983-07-18 17:23:09" ,170, 205);
INSERT INTO Exame( EventoID, Nome, Descricao) VALUES (1245,"esofagoscopia","descricao");
INSERT INTO MedicoExame( MedicoID, ExameID) VALUES (390,1245);
INSERT INTO Evento(EventoID,Descricao, Data, Admissao, Quarto) VALUES (1246, "descricao","2001-10-09 01:13:36" ,168, 130);
INSERT INTO Exame( EventoID, Nome, Descricao) VALUES (1246,"mediastinoscopia","descricao");
INSERT INTO MedicoExame( MedicoID, ExameID) VALUES (402,1246);
INSERT INTO Evento(EventoID,Descricao, Data, Admissao, Quarto) VALUES (1247, "descricao","1975-12-17 10:49:36" ,185, 178);
INSERT INTO Exame( EventoID, Nome, Descricao) VALUES (1247,"esofagoscopia","descricao");
INSERT INTO MedicoExame( MedicoID, ExameID) VALUES (383,1247);
INSERT INTO Evento(EventoID,Descricao, Data, Admissao, Quarto) VALUES (1248, "descricao","2018-09-04 03:44:44" ,29, 236);
INSERT INTO Exame( EventoID, Nome, Descricao) VALUES (1248,"cistoscopia","descricao");
INSERT INTO MedicoExame( MedicoID, ExameID) VALUES (389,1248);
INSERT INTO Evento(EventoID,Descricao, Data, Admissao, Quarto) VALUES (1249, "descricao","1982-07-22 13:15:00" ,118, 172);
INSERT INTO Exame( EventoID, Nome, Descricao) VALUES (1249,"liquido sinovial","descricao");
INSERT INTO MedicoExame( MedicoID, ExameID) VALUES (420,1249);
INSERT INTO Evento(EventoID,Descricao, Data, Admissao, Quarto) VALUES (1250, "descricao","1994-05-24 18:48:23" ,163, 159);
INSERT INTO Exame( EventoID, Nome, Descricao) VALUES (1250,"liquido cefalorraquidiano","descricao");
INSERT INTO MedicoExame( MedicoID, ExameID) VALUES (394,1250);
INSERT INTO Evento(EventoID,Descricao, Data, Admissao, Quarto) VALUES (1251, "descricao","2002-07-14 16:06:47" ,132, 234);
INSERT INTO Exame( EventoID, Nome, Descricao) VALUES (1251,"broncoscopia","descricao");
INSERT INTO MedicoExame( MedicoID, ExameID) VALUES (420,1251);
INSERT INTO Evento(EventoID,Descricao, Data, Admissao, Quarto) VALUES (1252, "descricao","1978-01-29 09:56:18" ,36, 177);
INSERT INTO Exame( EventoID, Nome, Descricao) VALUES (1252,"laparoscopia","descricao");
INSERT INTO MedicoExame( MedicoID, ExameID) VALUES (419,1252);
INSERT INTO Evento(EventoID,Descricao, Data, Admissao, Quarto) VALUES (1253, "descricao","2016-01-12 03:08:49" ,16, 218);
INSERT INTO Exame( EventoID, Nome, Descricao) VALUES (1253,"liquido cefalorraquidiano","descricao");
INSERT INTO MedicoExame( MedicoID, ExameID) VALUES (420,1253);
INSERT INTO Evento(EventoID,Descricao, Data, Admissao, Quarto) VALUES (1254, "descricao","2015-02-06 09:20:12" ,199, 131);
INSERT INTO Exame( EventoID, Nome, Descricao) VALUES (1254,"cistoscopia","descricao");
INSERT INTO MedicoExame( MedicoID, ExameID) VALUES (389,1254);
INSERT INTO Evento(EventoID,Descricao, Data, Admissao, Quarto) VALUES (1255, "descricao","1985-06-22 09:39:55" ,121, 149);
INSERT INTO Exame( EventoID, Nome, Descricao) VALUES (1255,"esofagoscopia","descricao");
INSERT INTO MedicoExame( MedicoID, ExameID) VALUES (413,1255);
INSERT INTO Evento(EventoID,Descricao, Data, Admissao, Quarto) VALUES (1256, "descricao","1982-01-28 01:46:53" ,55, 134);
INSERT INTO Exame( EventoID, Nome, Descricao) VALUES (1256,"toracoscopia","descricao");
INSERT INTO MedicoExame( MedicoID, ExameID) VALUES (387,1256);
INSERT INTO Evento(EventoID,Descricao, Data, Admissao, Quarto) VALUES (1257, "descricao","2005-07-30 02:13:43" ,95, 231);
INSERT INTO Exame( EventoID, Nome, Descricao) VALUES (1257,"liquido cefalorraquidiano","descricao");
INSERT INTO MedicoExame( MedicoID, ExameID) VALUES (391,1257);
INSERT INTO Evento(EventoID,Descricao, Data, Admissao, Quarto) VALUES (1258, "descricao","1976-02-27 19:05:20" ,122, 137);
INSERT INTO Exame( EventoID, Nome, Descricao) VALUES (1258,"broncoscopia","descricao");
INSERT INTO MedicoExame( MedicoID, ExameID) VALUES (386,1258);
INSERT INTO Evento(EventoID,Descricao, Data, Admissao, Quarto) VALUES (1259, "descricao","2017-10-22 18:01:49" ,103, 231);
INSERT INTO Exame( EventoID, Nome, Descricao) VALUES (1259,"Urina","descricao");
INSERT INTO MedicoExame( MedicoID, ExameID) VALUES (417,1259);
INSERT INTO Evento(EventoID,Descricao, Data, Admissao, Quarto) VALUES (1260, "descricao","2007-12-26 20:25:18" ,18, 121);
INSERT INTO Exame( EventoID, Nome, Descricao) VALUES (1260,"laparoscopia","descricao");
INSERT INTO MedicoExame( MedicoID, ExameID) VALUES (419,1260);
INSERT INTO Evento(EventoID,Descricao, Data, Admissao, Quarto) VALUES (1261, "descricao","2006-08-19 03:27:45" ,118, 134);
INSERT INTO Exame( EventoID, Nome, Descricao) VALUES (1261,"mediastinoscopia","descricao");
INSERT INTO MedicoExame( MedicoID, ExameID) VALUES (422,1261);
INSERT INTO Evento(EventoID,Descricao, Data, Admissao, Quarto) VALUES (1262, "descricao","2014-03-16 09:32:34" ,60, 236);
INSERT INTO Exame( EventoID, Nome, Descricao) VALUES (1262,"liquido cefalorraquidiano","descricao");
INSERT INTO MedicoExame( MedicoID, ExameID) VALUES (387,1262);
INSERT INTO Evento(EventoID,Descricao, Data, Admissao, Quarto) VALUES (1263, "descricao","1988-07-24 00:37:25" ,134, 226);
INSERT INTO Exame( EventoID, Nome, Descricao) VALUES (1263,"liquido sinovial","descricao");
INSERT INTO MedicoExame( MedicoID, ExameID) VALUES (387,1263);
INSERT INTO Evento(EventoID,Descricao, Data, Admissao, Quarto) VALUES (1264, "descricao","2005-03-08 10:44:26" ,140, 216);
INSERT INTO Exame( EventoID, Nome, Descricao) VALUES (1264,"laringoscopia","descricao");
INSERT INTO MedicoExame( MedicoID, ExameID) VALUES (393,1264);
INSERT INTO Evento(EventoID,Descricao, Data, Admissao, Quarto) VALUES (1265, "descricao","2000-06-17 13:52:40" ,180, 195);
INSERT INTO Exame( EventoID, Nome, Descricao) VALUES (1265,"Urina","descricao");
INSERT INTO MedicoExame( MedicoID, ExameID) VALUES (409,1265);
INSERT INTO Evento(EventoID,Descricao, Data, Admissao, Quarto) VALUES (1266, "descricao","1995-01-22 09:19:58" ,141, 194);
INSERT INTO Exame( EventoID, Nome, Descricao) VALUES (1266,"Urina","descricao");
INSERT INTO MedicoExame( MedicoID, ExameID) VALUES (422,1266);
INSERT INTO Evento(EventoID,Descricao, Data, Admissao, Quarto) VALUES (1267, "descricao","2011-03-17 01:24:23" ,118, 146);
INSERT INTO Exame( EventoID, Nome, Descricao) VALUES (1267,"Urina","descricao");
INSERT INTO MedicoExame( MedicoID, ExameID) VALUES (411,1267);
INSERT INTO Evento(EventoID,Descricao, Data, Admissao, Quarto) VALUES (1268, "descricao","1984-12-15 12:27:13" ,121, 133);
INSERT INTO Exame( EventoID, Nome, Descricao) VALUES (1268,"liquido cefalorraquidiano","descricao");
INSERT INTO MedicoExame( MedicoID, ExameID) VALUES (413,1268);
INSERT INTO Evento(EventoID,Descricao, Data, Admissao, Quarto) VALUES (1269, "descricao","2000-07-15 17:03:26" ,133, 180);
INSERT INTO Exame( EventoID, Nome, Descricao) VALUES (1269,"liquido sinovial","descricao");
INSERT INTO MedicoExame( MedicoID, ExameID) VALUES (385,1269);
INSERT INTO Evento(EventoID,Descricao, Data, Admissao, Quarto) VALUES (1270, "descricao","1994-11-23 11:26:37" ,8, 194);
INSERT INTO Exame( EventoID, Nome, Descricao) VALUES (1270,"broncoscopia","descricao");
INSERT INTO MedicoExame( MedicoID, ExameID) VALUES (393,1270);
INSERT INTO Evento(EventoID,Descricao, Data, Admissao, Quarto) VALUES (1271, "descricao","1980-05-13 11:51:17" ,150, 232);
INSERT INTO Exame( EventoID, Nome, Descricao) VALUES (1271,"laringoscopia","descricao");
INSERT INTO MedicoExame( MedicoID, ExameID) VALUES (396,1271);
INSERT INTO Evento(EventoID,Descricao, Data, Admissao, Quarto) VALUES (1272, "descricao","2005-04-24 08:23:51" ,21, 103);
INSERT INTO Exame( EventoID, Nome, Descricao) VALUES (1272,"liquido sinovial","descricao");
INSERT INTO MedicoExame( MedicoID, ExameID) VALUES (410,1272);
INSERT INTO Evento(EventoID,Descricao, Data, Admissao, Quarto) VALUES (1273, "descricao","1995-06-11 18:47:06" ,10, 189);
INSERT INTO Exame( EventoID, Nome, Descricao) VALUES (1273,"liquido cefalorraquidiano","descricao");
INSERT INTO MedicoExame( MedicoID, ExameID) VALUES (418,1273);
INSERT INTO Evento(EventoID,Descricao, Data, Admissao, Quarto) VALUES (1274, "descricao","2012-02-23 20:13:57" ,3, 150);
INSERT INTO Exame( EventoID, Nome, Descricao) VALUES (1274,"laringoscopia","descricao");
INSERT INTO MedicoExame( MedicoID, ExameID) VALUES (385,1274);
INSERT INTO Evento(EventoID,Descricao, Data, Admissao, Quarto) VALUES (1275, "descricao","1988-10-04 11:13:35" ,157, 240);
INSERT INTO Exame( EventoID, Nome, Descricao) VALUES (1275,"esofagoscopia","descricao");
INSERT INTO MedicoExame( MedicoID, ExameID) VALUES (414,1275);
INSERT INTO Evento(EventoID,Descricao, Data, Admissao, Quarto) VALUES (1276, "descricao","1987-10-21 05:34:55" ,30, 162);
INSERT INTO Exame( EventoID, Nome, Descricao) VALUES (1276,"laparoscopia","descricao");
INSERT INTO MedicoExame( MedicoID, ExameID) VALUES (387,1276);
INSERT INTO Evento(EventoID,Descricao, Data, Admissao, Quarto) VALUES (1277, "descricao","1989-09-10 17:42:14" ,54, 230);
INSERT INTO Exame( EventoID, Nome, Descricao) VALUES (1277,"laparoscopia","descricao");
INSERT INTO MedicoExame( MedicoID, ExameID) VALUES (424,1277);
INSERT INTO Evento(EventoID,Descricao, Data, Admissao, Quarto) VALUES (1278, "descricao","1989-10-31 11:49:05" ,32, 218);
INSERT INTO Exame( EventoID, Nome, Descricao) VALUES (1278,"Sangue","descricao");
INSERT INTO MedicoExame( MedicoID, ExameID) VALUES (398,1278);
INSERT INTO Evento(EventoID,Descricao, Data, Admissao, Quarto) VALUES (1279, "descricao","2011-08-12 16:55:29" ,15, 103);
INSERT INTO Exame( EventoID, Nome, Descricao) VALUES (1279,"cistoscopia","descricao");
INSERT INTO MedicoExame( MedicoID, ExameID) VALUES (420,1279);
INSERT INTO Evento(EventoID,Descricao, Data, Admissao, Quarto) VALUES (1280, "descricao","1998-04-03 23:48:36" ,174, 101);
INSERT INTO Exame( EventoID, Nome, Descricao) VALUES (1280,"mediastinoscopia","descricao");
INSERT INTO MedicoExame( MedicoID, ExameID) VALUES (409,1280);
INSERT INTO Evento(EventoID,Descricao, Data, Admissao, Quarto) VALUES (1281, "descricao","2014-10-03 12:46:44" ,54, 188);
INSERT INTO Exame( EventoID, Nome, Descricao) VALUES (1281,"laringoscopia","descricao");
INSERT INTO MedicoExame( MedicoID, ExameID) VALUES (404,1281);
INSERT INTO Evento(EventoID,Descricao, Data, Admissao, Quarto) VALUES (1282, "descricao","2011-01-08 03:11:39" ,14, 214);
INSERT INTO Exame( EventoID, Nome, Descricao) VALUES (1282,"laringoscopia","descricao");
INSERT INTO MedicoExame( MedicoID, ExameID) VALUES (392,1282);
INSERT INTO Evento(EventoID,Descricao, Data, Admissao, Quarto) VALUES (1283, "descricao","1972-12-23 20:17:16" ,32, 240);
INSERT INTO Exame( EventoID, Nome, Descricao) VALUES (1283,"Urina","descricao");
INSERT INTO MedicoExame( MedicoID, ExameID) VALUES (421,1283);
INSERT INTO Evento(EventoID,Descricao, Data, Admissao, Quarto) VALUES (1284, "descricao","1985-12-14 01:30:34" ,69, 189);
INSERT INTO Exame( EventoID, Nome, Descricao) VALUES (1284,"liquido sinovial","descricao");
INSERT INTO MedicoExame( MedicoID, ExameID) VALUES (411,1284);
INSERT INTO Evento(EventoID,Descricao, Data, Admissao, Quarto) VALUES (1285, "descricao","1995-12-10 10:48:51" ,132, 245);
INSERT INTO Exame( EventoID, Nome, Descricao) VALUES (1285,"laparoscopia","descricao");
INSERT INTO MedicoExame( MedicoID, ExameID) VALUES (411,1285);
INSERT INTO Evento(EventoID,Descricao, Data, Admissao, Quarto) VALUES (1286, "descricao","2017-10-10 06:55:06" ,13, 180);
INSERT INTO Exame( EventoID, Nome, Descricao) VALUES (1286,"mediastinoscopia","descricao");
INSERT INTO MedicoExame( MedicoID, ExameID) VALUES (407,1286);
INSERT INTO Evento(EventoID,Descricao, Data, Admissao, Quarto) VALUES (1287, "descricao","1971-10-27 07:08:34" ,137, 160);
INSERT INTO Exame( EventoID, Nome, Descricao) VALUES (1287,"broncoscopia","descricao");
INSERT INTO MedicoExame( MedicoID, ExameID) VALUES (391,1287);
INSERT INTO Evento(EventoID,Descricao, Data, Admissao, Quarto) VALUES (1288, "descricao","2000-07-22 05:08:47" ,93, 181);
INSERT INTO Exame( EventoID, Nome, Descricao) VALUES (1288,"toracoscopia","descricao");
INSERT INTO MedicoExame( MedicoID, ExameID) VALUES (419,1288);
INSERT INTO Evento(EventoID,Descricao, Data, Admissao, Quarto) VALUES (1289, "descricao","2008-07-11 18:09:40" ,43, 198);
INSERT INTO Exame( EventoID, Nome, Descricao) VALUES (1289,"esofagoscopia","descricao");
INSERT INTO MedicoExame( MedicoID, ExameID) VALUES (393,1289);
INSERT INTO Evento(EventoID,Descricao, Data, Admissao, Quarto) VALUES (1290, "descricao","2009-11-12 08:42:52" ,51, 197);
INSERT INTO Exame( EventoID, Nome, Descricao) VALUES (1290,"Sangue","descricao");
INSERT INTO MedicoExame( MedicoID, ExameID) VALUES (402,1290);
INSERT INTO Evento(EventoID,Descricao, Data, Admissao, Quarto) VALUES (1291, "descricao","2004-04-08 09:12:55" ,119, 200);
INSERT INTO Exame( EventoID, Nome, Descricao) VALUES (1291,"liquido cefalorraquidiano","descricao");
INSERT INTO MedicoExame( MedicoID, ExameID) VALUES (401,1291);
INSERT INTO Evento(EventoID,Descricao, Data, Admissao, Quarto) VALUES (1292, "descricao","2007-05-19 18:56:19" ,84, 182);
INSERT INTO Exame( EventoID, Nome, Descricao) VALUES (1292,"cistoscopia","descricao");
INSERT INTO MedicoExame( MedicoID, ExameID) VALUES (405,1292);
INSERT INTO Evento(EventoID,Descricao, Data, Admissao, Quarto) VALUES (1293, "descricao","1977-05-20 00:25:29" ,157, 222);
INSERT INTO Exame( EventoID, Nome, Descricao) VALUES (1293,"cistoscopia","descricao");
INSERT INTO MedicoExame( MedicoID, ExameID) VALUES (412,1293);
INSERT INTO Evento(EventoID,Descricao, Data, Admissao, Quarto) VALUES (1294, "descricao","2009-06-15 09:52:57" ,196, 228);
INSERT INTO Exame( EventoID, Nome, Descricao) VALUES (1294,"liquido sinovial","descricao");
INSERT INTO MedicoExame( MedicoID, ExameID) VALUES (419,1294);
INSERT INTO Evento(EventoID,Descricao, Data, Admissao, Quarto) VALUES (1295, "descricao","1988-03-19 04:56:39" ,186, 103);
INSERT INTO Exame( EventoID, Nome, Descricao) VALUES (1295,"Sangue","descricao");
INSERT INTO MedicoExame( MedicoID, ExameID) VALUES (423,1295);
INSERT INTO Evento(EventoID,Descricao, Data, Admissao, Quarto) VALUES (1296, "descricao","1999-05-20 23:21:07" ,145, 201);
INSERT INTO Exame( EventoID, Nome, Descricao) VALUES (1296,"esofagoscopia","descricao");
INSERT INTO MedicoExame( MedicoID, ExameID) VALUES (398,1296);
INSERT INTO Evento(EventoID,Descricao, Data, Admissao, Quarto) VALUES (1297, "descricao","2003-12-27 23:52:22" ,189, 105);
INSERT INTO Exame( EventoID, Nome, Descricao) VALUES (1297,"laparoscopia","descricao");
INSERT INTO MedicoExame( MedicoID, ExameID) VALUES (422,1297);
INSERT INTO Evento(EventoID,Descricao, Data, Admissao, Quarto) VALUES (1298, "descricao","2002-05-05 20:37:00" ,188, 189);
INSERT INTO Exame( EventoID, Nome, Descricao) VALUES (1298,"cistoscopia","descricao");
INSERT INTO MedicoExame( MedicoID, ExameID) VALUES (393,1298);
INSERT INTO Evento(EventoID,Descricao, Data, Admissao, Quarto) VALUES (1299, "descricao","1972-03-03 13:58:11" ,85, 218);
INSERT INTO Exame( EventoID, Nome, Descricao) VALUES (1299,"Urina","descricao");
INSERT INTO MedicoExame( MedicoID, ExameID) VALUES (397,1299);
INSERT INTO Evento(EventoID,Descricao, Data, Admissao, Quarto) VALUES (1300, "descricao","1984-10-30 21:56:54" ,131, 164);
INSERT INTO Exame( EventoID, Nome, Descricao) VALUES (1300,"laringoscopia","descricao");
INSERT INTO MedicoExame( MedicoID, ExameID) VALUES (404,1300);
INSERT INTO Evento(EventoID,Descricao, Data, Admissao, Quarto) VALUES (1301, "descricao","2012-01-23 19:45:13" ,104, 112);
INSERT INTO Exame( EventoID, Nome, Descricao) VALUES (1301,"liquido cefalorraquidiano","descricao");
INSERT INTO MedicoExame( MedicoID, ExameID) VALUES (415,1301);
INSERT INTO Evento(EventoID,Descricao, Data, Admissao, Quarto) VALUES (1302, "descricao","2000-04-20 04:38:48" ,109, 122);
INSERT INTO Exame( EventoID, Nome, Descricao) VALUES (1302,"liquido cefalorraquidiano","descricao");
INSERT INTO MedicoExame( MedicoID, ExameID) VALUES (401,1302);
INSERT INTO Evento(EventoID,Descricao, Data, Admissao, Quarto) VALUES (1303, "descricao","2007-04-21 14:19:36" ,83, 160);
INSERT INTO Exame( EventoID, Nome, Descricao) VALUES (1303,"broncoscopia","descricao");
INSERT INTO MedicoExame( MedicoID, ExameID) VALUES (413,1303);
INSERT INTO Evento(EventoID,Descricao, Data, Admissao, Quarto) VALUES (1304, "descricao","2012-02-10 08:42:15" ,80, 158);
INSERT INTO Exame( EventoID, Nome, Descricao) VALUES (1304,"Sangue","descricao");
INSERT INTO MedicoExame( MedicoID, ExameID) VALUES (412,1304);
INSERT INTO Evento(EventoID,Descricao, Data, Admissao, Quarto) VALUES (1305, "descricao","1976-01-05 12:32:16" ,46, 158);
INSERT INTO Exame( EventoID, Nome, Descricao) VALUES (1305,"toracoscopia","descricao");
INSERT INTO MedicoExame( MedicoID, ExameID) VALUES (425,1305);
INSERT INTO Evento(EventoID,Descricao, Data, Admissao, Quarto) VALUES (1306, "descricao","2015-04-09 08:22:28" ,103, 119);
INSERT INTO Exame( EventoID, Nome, Descricao) VALUES (1306,"broncoscopia","descricao");
INSERT INTO MedicoExame( MedicoID, ExameID) VALUES (406,1306);
INSERT INTO Evento(EventoID,Descricao, Data, Admissao, Quarto) VALUES (1307, "descricao","2012-01-12 11:17:53" ,36, 104);
INSERT INTO Exame( EventoID, Nome, Descricao) VALUES (1307,"liquido sinovial","descricao");
INSERT INTO MedicoExame( MedicoID, ExameID) VALUES (408,1307);
INSERT INTO Evento(EventoID,Descricao, Data, Admissao, Quarto) VALUES (1308, "descricao","1995-06-30 18:10:50" ,182, 103);
INSERT INTO Exame( EventoID, Nome, Descricao) VALUES (1308,"broncoscopia","descricao");
INSERT INTO MedicoExame( MedicoID, ExameID) VALUES (388,1308);
INSERT INTO Evento(EventoID,Descricao, Data, Admissao, Quarto) VALUES (1309, "descricao","2007-11-24 15:22:41" ,105, 141);
INSERT INTO Exame( EventoID, Nome, Descricao) VALUES (1309,"broncoscopia","descricao");
INSERT INTO MedicoExame( MedicoID, ExameID) VALUES (418,1309);
INSERT INTO Evento(EventoID,Descricao, Data, Admissao, Quarto) VALUES (1310, "descricao","1972-12-12 01:17:08" ,84, 125);
INSERT INTO Exame( EventoID, Nome, Descricao) VALUES (1310,"Urina","descricao");
INSERT INTO MedicoExame( MedicoID, ExameID) VALUES (405,1310);
INSERT INTO Evento(EventoID,Descricao, Data, Admissao, Quarto) VALUES (1311, "descricao","2011-10-16 10:43:10" ,78, 155);
INSERT INTO Exame( EventoID, Nome, Descricao) VALUES (1311,"Urina","descricao");
INSERT INTO MedicoExame( MedicoID, ExameID) VALUES (418,1311);
INSERT INTO Evento(EventoID,Descricao, Data, Admissao, Quarto) VALUES (1312, "descricao","1976-03-29 09:01:00" ,142, 226);
INSERT INTO Exame( EventoID, Nome, Descricao) VALUES (1312,"Sangue","descricao");
INSERT INTO MedicoExame( MedicoID, ExameID) VALUES (420,1312);
INSERT INTO Evento(EventoID,Descricao, Data, Admissao, Quarto) VALUES (1313, "descricao","1998-10-30 20:32:54" ,120, 160);
INSERT INTO Exame( EventoID, Nome, Descricao) VALUES (1313,"mediastinoscopia","descricao");
INSERT INTO MedicoExame( MedicoID, ExameID) VALUES (391,1313);
INSERT INTO Evento(EventoID,Descricao, Data, Admissao, Quarto) VALUES (1314, "descricao","1987-08-21 13:43:45" ,180, 146);
INSERT INTO Exame( EventoID, Nome, Descricao) VALUES (1314,"liquido cefalorraquidiano","descricao");
INSERT INTO MedicoExame( MedicoID, ExameID) VALUES (405,1314);
INSERT INTO Evento(EventoID,Descricao, Data, Admissao, Quarto) VALUES (1315, "descricao","2010-08-03 01:07:16" ,122, 136);
INSERT INTO Exame( EventoID, Nome, Descricao) VALUES (1315,"Sangue","descricao");
INSERT INTO MedicoExame( MedicoID, ExameID) VALUES (400,1315);
INSERT INTO Evento(EventoID,Descricao, Data, Admissao, Quarto) VALUES (1316, "descricao","2000-11-06 03:59:34" ,27, 203);
INSERT INTO Exame( EventoID, Nome, Descricao) VALUES (1316,"cistoscopia","descricao");
INSERT INTO MedicoExame( MedicoID, ExameID) VALUES (384,1316);
INSERT INTO Evento(EventoID,Descricao, Data, Admissao, Quarto) VALUES (1317, "descricao","2015-08-24 03:03:05" ,173, 221);
INSERT INTO Exame( EventoID, Nome, Descricao) VALUES (1317,"Sangue","descricao");
INSERT INTO MedicoExame( MedicoID, ExameID) VALUES (384,1317);
INSERT INTO Evento(EventoID,Descricao, Data, Admissao, Quarto) VALUES (1318, "descricao","2002-03-13 18:00:14" ,5, 153);
INSERT INTO Exame( EventoID, Nome, Descricao) VALUES (1318,"Sangue","descricao");
INSERT INTO MedicoExame( MedicoID, ExameID) VALUES (405,1318);
INSERT INTO Evento(EventoID,Descricao, Data, Admissao, Quarto) VALUES (1319, "descricao","1979-12-15 15:50:29" ,107, 206);
INSERT INTO Exame( EventoID, Nome, Descricao) VALUES (1319,"liquido sinovial","descricao");
INSERT INTO MedicoExame( MedicoID, ExameID) VALUES (397,1319);
INSERT INTO Evento(EventoID,Descricao, Data, Admissao, Quarto) VALUES (1320, "descricao","1988-12-18 04:42:30" ,96, 113);
INSERT INTO Exame( EventoID, Nome, Descricao) VALUES (1320,"mediastinoscopia","descricao");
INSERT INTO MedicoExame( MedicoID, ExameID) VALUES (399,1320);
INSERT INTO Evento(EventoID,Descricao, Data, Admissao, Quarto) VALUES (1321, "descricao","1985-09-16 05:48:58" ,78, 228);
INSERT INTO Exame( EventoID, Nome, Descricao) VALUES (1321,"cistoscopia","descricao");
INSERT INTO MedicoExame( MedicoID, ExameID) VALUES (397,1321);
INSERT INTO Evento(EventoID,Descricao, Data, Admissao, Quarto) VALUES (1322, "descricao","1999-02-08 03:58:05" ,130, 208);
INSERT INTO Exame( EventoID, Nome, Descricao) VALUES (1322,"liquido cefalorraquidiano","descricao");
INSERT INTO MedicoExame( MedicoID, ExameID) VALUES (409,1322);
INSERT INTO Evento(EventoID,Descricao, Data, Admissao, Quarto) VALUES (1323, "descricao","1977-05-27 23:04:37" ,148, 174);
INSERT INTO Exame( EventoID, Nome, Descricao) VALUES (1323,"Urina","descricao");
INSERT INTO MedicoExame( MedicoID, ExameID) VALUES (426,1323);
INSERT INTO Evento(EventoID,Descricao, Data, Admissao, Quarto) VALUES (1324, "descricao","1976-06-11 02:04:12" ,178, 139);
INSERT INTO Exame( EventoID, Nome, Descricao) VALUES (1324,"liquido cefalorraquidiano","descricao");
INSERT INTO MedicoExame( MedicoID, ExameID) VALUES (383,1324);
INSERT INTO Evento(EventoID,Descricao, Data, Admissao, Quarto) VALUES (1325, "descricao","1971-02-18 14:40:39" ,137, 125);
INSERT INTO Exame( EventoID, Nome, Descricao) VALUES (1325,"broncoscopia","descricao");
INSERT INTO MedicoExame( MedicoID, ExameID) VALUES (398,1325);
INSERT INTO Evento(EventoID,Descricao, Data, Admissao, Quarto) VALUES (1326, "descricao","1984-07-30 19:10:16" ,166, 126);
INSERT INTO Exame( EventoID, Nome, Descricao) VALUES (1326,"laparoscopia","descricao");
INSERT INTO MedicoExame( MedicoID, ExameID) VALUES (387,1326);
INSERT INTO Evento(EventoID,Descricao, Data, Admissao, Quarto) VALUES (1327, "descricao","1999-10-17 02:52:19" ,169, 199);
INSERT INTO Exame( EventoID, Nome, Descricao) VALUES (1327,"cistoscopia","descricao");
INSERT INTO MedicoExame( MedicoID, ExameID) VALUES (424,1327);
INSERT INTO Evento(EventoID,Descricao, Data, Admissao, Quarto) VALUES (1328, "descricao","1996-07-25 09:41:20" ,189, 200);
INSERT INTO Exame( EventoID, Nome, Descricao) VALUES (1328,"cistoscopia","descricao");
INSERT INTO MedicoExame( MedicoID, ExameID) VALUES (400,1328);
INSERT INTO Evento(EventoID,Descricao, Data, Admissao, Quarto) VALUES (1329, "descricao","1995-10-12 18:52:26" ,182, 245);
INSERT INTO Exame( EventoID, Nome, Descricao) VALUES (1329,"mediastinoscopia","descricao");
INSERT INTO MedicoExame( MedicoID, ExameID) VALUES (404,1329);
INSERT INTO Evento(EventoID,Descricao, Data, Admissao, Quarto) VALUES (1330, "descricao","1988-11-29 04:26:50" ,87, 114);
INSERT INTO Exame( EventoID, Nome, Descricao) VALUES (1330,"laringoscopia","descricao");
INSERT INTO MedicoExame( MedicoID, ExameID) VALUES (418,1330);
INSERT INTO Evento(EventoID,Descricao, Data, Admissao, Quarto) VALUES (1331, "descricao","1986-05-25 13:54:15" ,195, 209);
INSERT INTO Exame( EventoID, Nome, Descricao) VALUES (1331,"laringoscopia","descricao");
INSERT INTO MedicoExame( MedicoID, ExameID) VALUES (387,1331);
INSERT INTO Evento(EventoID,Descricao, Data, Admissao, Quarto) VALUES (1332, "descricao","2001-02-06 02:11:33" ,93, 141);
INSERT INTO Exame( EventoID, Nome, Descricao) VALUES (1332,"mediastinoscopia","descricao");
INSERT INTO MedicoExame( MedicoID, ExameID) VALUES (392,1332);
INSERT INTO Evento(EventoID,Descricao, Data, Admissao, Quarto) VALUES (1333, "descricao","1972-12-11 23:16:07" ,38, 206);
INSERT INTO Exame( EventoID, Nome, Descricao) VALUES (1333,"esofagoscopia","descricao");
INSERT INTO MedicoExame( MedicoID, ExameID) VALUES (409,1333);
INSERT INTO Evento(EventoID,Descricao, Data, Admissao, Quarto) VALUES (1334, "descricao","2004-03-19 20:03:32" ,88, 213);
INSERT INTO Exame( EventoID, Nome, Descricao) VALUES (1334,"toracoscopia","descricao");
INSERT INTO MedicoExame( MedicoID, ExameID) VALUES (400,1334);
INSERT INTO Evento(EventoID,Descricao, Data, Admissao, Quarto) VALUES (1335, "descricao","1985-11-01 02:58:40" ,113, 148);
INSERT INTO Exame( EventoID, Nome, Descricao) VALUES (1335,"laparoscopia","descricao");
INSERT INTO MedicoExame( MedicoID, ExameID) VALUES (419,1335);
INSERT INTO Evento(EventoID,Descricao, Data, Admissao, Quarto) VALUES (1336, "descricao","2015-01-23 23:39:28" ,187, 195);
INSERT INTO Exame( EventoID, Nome, Descricao) VALUES (1336,"mediastinoscopia","descricao");
INSERT INTO MedicoExame( MedicoID, ExameID) VALUES (396,1336);
INSERT INTO Evento(EventoID,Descricao, Data, Admissao, Quarto) VALUES (1337, "descricao","1971-01-09 05:51:58" ,35, 121);
INSERT INTO Exame( EventoID, Nome, Descricao) VALUES (1337,"toracoscopia","descricao");
INSERT INTO MedicoExame( MedicoID, ExameID) VALUES (392,1337);
INSERT INTO Evento(EventoID,Descricao, Data, Admissao, Quarto) VALUES (1338, "descricao","1978-01-16 14:01:16" ,111, 119);
INSERT INTO Exame( EventoID, Nome, Descricao) VALUES (1338,"Urina","descricao");
INSERT INTO MedicoExame( MedicoID, ExameID) VALUES (394,1338);
INSERT INTO Evento(EventoID,Descricao, Data, Admissao, Quarto) VALUES (1339, "descricao","1995-10-09 00:59:15" ,103, 241);
INSERT INTO Exame( EventoID, Nome, Descricao) VALUES (1339,"Urina","descricao");
INSERT INTO MedicoExame( MedicoID, ExameID) VALUES (390,1339);
INSERT INTO Evento(EventoID,Descricao, Data, Admissao, Quarto) VALUES (1340, "descricao","1995-05-03 11:56:37" ,131, 203);
INSERT INTO Exame( EventoID, Nome, Descricao) VALUES (1340,"mediastinoscopia","descricao");
INSERT INTO MedicoExame( MedicoID, ExameID) VALUES (383,1340);
INSERT INTO Evento(EventoID,Descricao, Data, Admissao, Quarto) VALUES (1341, "descricao","1984-07-08 08:17:48" ,138, 130);
INSERT INTO Exame( EventoID, Nome, Descricao) VALUES (1341,"laparoscopia","descricao");
INSERT INTO MedicoExame( MedicoID, ExameID) VALUES (423,1341);
INSERT INTO Evento(EventoID,Descricao, Data, Admissao, Quarto) VALUES (1342, "descricao","2007-02-02 13:48:10" ,129, 165);
INSERT INTO Exame( EventoID, Nome, Descricao) VALUES (1342,"liquido cefalorraquidiano","descricao");
INSERT INTO MedicoExame( MedicoID, ExameID) VALUES (416,1342);
INSERT INTO Evento(EventoID,Descricao, Data, Admissao, Quarto) VALUES (1343, "descricao","1991-09-03 19:50:11" ,44, 145);
INSERT INTO Exame( EventoID, Nome, Descricao) VALUES (1343,"laparoscopia","descricao");
INSERT INTO MedicoExame( MedicoID, ExameID) VALUES (420,1343);
INSERT INTO Evento(EventoID,Descricao, Data, Admissao, Quarto) VALUES (1344, "descricao","2013-01-17 13:45:42" ,95, 189);
INSERT INTO Exame( EventoID, Nome, Descricao) VALUES (1344,"broncoscopia","descricao");
INSERT INTO MedicoExame( MedicoID, ExameID) VALUES (394,1344);
INSERT INTO Evento(EventoID,Descricao, Data, Admissao, Quarto) VALUES (1345, "descricao","1975-07-26 20:07:31" ,134, 151);
INSERT INTO Exame( EventoID, Nome, Descricao) VALUES (1345,"Urina","descricao");
INSERT INTO MedicoExame( MedicoID, ExameID) VALUES (426,1345);
INSERT INTO Evento(EventoID,Descricao, Data, Admissao, Quarto) VALUES (1346, "descricao","2019-09-10 04:31:48" ,140, 169);
INSERT INTO Exame( EventoID, Nome, Descricao) VALUES (1346,"liquido cefalorraquidiano","descricao");
INSERT INTO MedicoExame( MedicoID, ExameID) VALUES (417,1346);
INSERT INTO Evento(EventoID,Descricao, Data, Admissao, Quarto) VALUES (1347, "descricao","1979-05-01 02:22:15" ,54, 242);
INSERT INTO Exame( EventoID, Nome, Descricao) VALUES (1347,"liquido cefalorraquidiano","descricao");
INSERT INTO MedicoExame( MedicoID, ExameID) VALUES (384,1347);
INSERT INTO Evento(EventoID,Descricao, Data, Admissao, Quarto) VALUES (1348, "descricao","2013-11-24 20:47:37" ,120, 196);
INSERT INTO Exame( EventoID, Nome, Descricao) VALUES (1348,"broncoscopia","descricao");
INSERT INTO MedicoExame( MedicoID, ExameID) VALUES (406,1348);
INSERT INTO Evento(EventoID,Descricao, Data, Admissao, Quarto) VALUES (1349, "descricao","1986-03-14 02:09:36" ,5, 118);
INSERT INTO Exame( EventoID, Nome, Descricao) VALUES (1349,"liquido cefalorraquidiano","descricao");
INSERT INTO MedicoExame( MedicoID, ExameID) VALUES (400,1349);
INSERT INTO Evento(EventoID,Descricao, Data, Admissao, Quarto) VALUES (1350, "descricao","1984-05-08 13:51:44" ,181, 211);
INSERT INTO Exame( EventoID, Nome, Descricao) VALUES (1350,"mediastinoscopia","descricao");
INSERT INTO MedicoExame( MedicoID, ExameID) VALUES (421,1350);
INSERT INTO Evento(EventoID,Descricao, Data, Admissao, Quarto) VALUES (1351, "descricao","2000-04-01 13:54:02" ,194, 185);
INSERT INTO Exame( EventoID, Nome, Descricao) VALUES (1351,"liquido cefalorraquidiano","descricao");
INSERT INTO MedicoExame( MedicoID, ExameID) VALUES (399,1351);
INSERT INTO Evento(EventoID,Descricao, Data, Admissao, Quarto) VALUES (1352, "descricao","1983-01-24 05:27:36" ,83, 137);
INSERT INTO Exame( EventoID, Nome, Descricao) VALUES (1352,"esofagoscopia","descricao");
INSERT INTO MedicoExame( MedicoID, ExameID) VALUES (419,1352);
INSERT INTO Evento(EventoID,Descricao, Data, Admissao, Quarto) VALUES (1353, "descricao","2008-11-26 23:44:17" ,24, 239);
INSERT INTO Exame( EventoID, Nome, Descricao) VALUES (1353,"liquido sinovial","descricao");
INSERT INTO MedicoExame( MedicoID, ExameID) VALUES (411,1353);
INSERT INTO Evento(EventoID,Descricao, Data, Admissao, Quarto) VALUES (1354, "descricao","2001-10-30 18:52:07" ,173, 158);
INSERT INTO Exame( EventoID, Nome, Descricao) VALUES (1354,"mediastinoscopia","descricao");
INSERT INTO MedicoExame( MedicoID, ExameID) VALUES (409,1354);
INSERT INTO Evento(EventoID,Descricao, Data, Admissao, Quarto) VALUES (1355, "descricao","2004-07-30 08:23:46" ,30, 194);
INSERT INTO Exame( EventoID, Nome, Descricao) VALUES (1355,"laparoscopia","descricao");
INSERT INTO MedicoExame( MedicoID, ExameID) VALUES (403,1355);
INSERT INTO Evento(EventoID,Descricao, Data, Admissao, Quarto) VALUES (1356, "descricao","1970-08-11 20:24:04" ,49, 191);
INSERT INTO Exame( EventoID, Nome, Descricao) VALUES (1356,"laparoscopia","descricao");
INSERT INTO MedicoExame( MedicoID, ExameID) VALUES (426,1356);
INSERT INTO Evento(EventoID,Descricao, Data, Admissao, Quarto) VALUES (1357, "descricao","2019-05-18 04:50:46" ,108, 143);
INSERT INTO Exame( EventoID, Nome, Descricao) VALUES (1357,"toracoscopia","descricao");
INSERT INTO MedicoExame( MedicoID, ExameID) VALUES (415,1357);
INSERT INTO Evento(EventoID,Descricao, Data, Admissao, Quarto) VALUES (1358, "descricao","1996-03-24 04:14:48" ,178, 209);
INSERT INTO Exame( EventoID, Nome, Descricao) VALUES (1358,"laringoscopia","descricao");
INSERT INTO MedicoExame( MedicoID, ExameID) VALUES (390,1358);
INSERT INTO Evento(EventoID,Descricao, Data, Admissao, Quarto) VALUES (1359, "descricao","1976-06-14 12:10:09" ,25, 184);
INSERT INTO Exame( EventoID, Nome, Descricao) VALUES (1359,"mediastinoscopia","descricao");
INSERT INTO MedicoExame( MedicoID, ExameID) VALUES (402,1359);
INSERT INTO Evento(EventoID,Descricao, Data, Admissao, Quarto) VALUES (1360, "descricao","1978-07-03 02:00:02" ,97, 119);
INSERT INTO Exame( EventoID, Nome, Descricao) VALUES (1360,"Urina","descricao");
INSERT INTO MedicoExame( MedicoID, ExameID) VALUES (420,1360);
INSERT INTO Evento(EventoID,Descricao, Data, Admissao, Quarto) VALUES (1361, "descricao","1990-04-16 08:30:21" ,71, 162);
INSERT INTO Exame( EventoID, Nome, Descricao) VALUES (1361,"broncoscopia","descricao");
INSERT INTO MedicoExame( MedicoID, ExameID) VALUES (421,1361);
INSERT INTO Evento(EventoID,Descricao, Data, Admissao, Quarto) VALUES (1362, "descricao","1971-09-09 11:37:04" ,81, 222);
INSERT INTO Exame( EventoID, Nome, Descricao) VALUES (1362,"cistoscopia","descricao");
INSERT INTO MedicoExame( MedicoID, ExameID) VALUES (424,1362);
INSERT INTO Evento(EventoID,Descricao, Data, Admissao, Quarto) VALUES (1363, "descricao","1999-03-20 14:54:09" ,12, 203);
INSERT INTO Exame( EventoID, Nome, Descricao) VALUES (1363,"cistoscopia","descricao");
INSERT INTO MedicoExame( MedicoID, ExameID) VALUES (389,1363);
INSERT INTO Evento(EventoID,Descricao, Data, Admissao, Quarto) VALUES (1364, "descricao","1978-09-04 23:34:35" ,141, 105);
INSERT INTO Exame( EventoID, Nome, Descricao) VALUES (1364,"laparoscopia","descricao");
INSERT INTO MedicoExame( MedicoID, ExameID) VALUES (419,1364);
INSERT INTO Evento(EventoID,Descricao, Data, Admissao, Quarto) VALUES (1365, "descricao","2004-05-29 21:02:11" ,5, 214);
INSERT INTO Exame( EventoID, Nome, Descricao) VALUES (1365,"Urina","descricao");
INSERT INTO MedicoExame( MedicoID, ExameID) VALUES (420,1365);
INSERT INTO Evento(EventoID,Descricao, Data, Admissao, Quarto) VALUES (1366, "descricao","2012-02-24 08:54:42" ,113, 239);
INSERT INTO Exame( EventoID, Nome, Descricao) VALUES (1366,"Sangue","descricao");
INSERT INTO MedicoExame( MedicoID, ExameID) VALUES (422,1366);
INSERT INTO Evento(EventoID,Descricao, Data, Admissao, Quarto) VALUES (1367, "descricao","2003-07-31 19:02:17" ,116, 104);
INSERT INTO Exame( EventoID, Nome, Descricao) VALUES (1367,"esofagoscopia","descricao");
INSERT INTO MedicoExame( MedicoID, ExameID) VALUES (398,1367);
INSERT INTO Evento(EventoID,Descricao, Data, Admissao, Quarto) VALUES (1368, "descricao","1980-07-16 19:23:37" ,67, 178);
INSERT INTO Exame( EventoID, Nome, Descricao) VALUES (1368,"liquido sinovial","descricao");
INSERT INTO MedicoExame( MedicoID, ExameID) VALUES (414,1368);
INSERT INTO Evento(EventoID,Descricao, Data, Admissao, Quarto) VALUES (1369, "descricao","1991-04-10 20:37:19" ,30, 241);
INSERT INTO Exame( EventoID, Nome, Descricao) VALUES (1369,"Sangue","descricao");
INSERT INTO MedicoExame( MedicoID, ExameID) VALUES (398,1369);
INSERT INTO Evento(EventoID,Descricao, Data, Admissao, Quarto) VALUES (1370, "descricao","1974-03-19 21:58:49" ,133, 122);
INSERT INTO Exame( EventoID, Nome, Descricao) VALUES (1370,"Urina","descricao");
INSERT INTO MedicoExame( MedicoID, ExameID) VALUES (398,1370);
INSERT INTO Evento(EventoID,Descricao, Data, Admissao, Quarto) VALUES (1371, "descricao","1978-07-27 16:05:11" ,100, 224);
INSERT INTO Exame( EventoID, Nome, Descricao) VALUES (1371,"liquido sinovial","descricao");
INSERT INTO MedicoExame( MedicoID, ExameID) VALUES (408,1371);
INSERT INTO Evento(EventoID,Descricao, Data, Admissao, Quarto) VALUES (1372, "descricao","1972-12-22 20:57:49" ,188, 106);
INSERT INTO Exame( EventoID, Nome, Descricao) VALUES (1372,"mediastinoscopia","descricao");
INSERT INTO MedicoExame( MedicoID, ExameID) VALUES (391,1372);
INSERT INTO Evento(EventoID,Descricao, Data, Admissao, Quarto) VALUES (1373, "descricao","1984-06-07 19:23:35" ,137, 139);
INSERT INTO Exame( EventoID, Nome, Descricao) VALUES (1373,"liquido cefalorraquidiano","descricao");
INSERT INTO MedicoExame( MedicoID, ExameID) VALUES (383,1373);
INSERT INTO Evento(EventoID,Descricao, Data, Admissao, Quarto) VALUES (1374, "descricao","2013-08-03 01:06:48" ,9, 130);
INSERT INTO Exame( EventoID, Nome, Descricao) VALUES (1374,"laringoscopia","descricao");
INSERT INTO MedicoExame( MedicoID, ExameID) VALUES (424,1374);
INSERT INTO Evento(EventoID,Descricao, Data, Admissao, Quarto) VALUES (1375, "descricao","1977-04-13 02:47:52" ,180, 243);
INSERT INTO Exame( EventoID, Nome, Descricao) VALUES (1375,"Sangue","descricao");
INSERT INTO MedicoExame( MedicoID, ExameID) VALUES (414,1375);
INSERT INTO Evento(EventoID,Descricao, Data, Admissao, Quarto) VALUES (1376, "descricao","2010-01-27 12:56:17" ,182, 245);
INSERT INTO Exame( EventoID, Nome, Descricao) VALUES (1376,"Urina","descricao");
INSERT INTO MedicoExame( MedicoID, ExameID) VALUES (404,1376);
INSERT INTO Evento(EventoID,Descricao, Data, Admissao, Quarto) VALUES (1377, "descricao","1971-06-01 18:36:12" ,165, 150);
INSERT INTO Exame( EventoID, Nome, Descricao) VALUES (1377,"laparoscopia","descricao");
INSERT INTO MedicoExame( MedicoID, ExameID) VALUES (398,1377);
INSERT INTO Evento(EventoID,Descricao, Data, Admissao, Quarto) VALUES (1378, "descricao","1985-01-05 04:27:51" ,15, 103);
INSERT INTO Exame( EventoID, Nome, Descricao) VALUES (1378,"mediastinoscopia","descricao");
INSERT INTO MedicoExame( MedicoID, ExameID) VALUES (392,1378);
INSERT INTO Evento(EventoID,Descricao, Data, Admissao, Quarto) VALUES (1379, "descricao","1978-06-15 09:46:12" ,140, 210);
INSERT INTO Exame( EventoID, Nome, Descricao) VALUES (1379,"cistoscopia","descricao");
INSERT INTO MedicoExame( MedicoID, ExameID) VALUES (396,1379);
INSERT INTO Evento(EventoID,Descricao, Data, Admissao, Quarto) VALUES (1380, "descricao","1998-03-14 01:52:35" ,82, 226);
INSERT INTO Exame( EventoID, Nome, Descricao) VALUES (1380,"broncoscopia","descricao");
INSERT INTO MedicoExame( MedicoID, ExameID) VALUES (391,1380);
INSERT INTO Evento(EventoID,Descricao, Data, Admissao, Quarto) VALUES (1381, "descricao","1993-02-05 00:58:42" ,31, 189);
INSERT INTO Exame( EventoID, Nome, Descricao) VALUES (1381,"liquido cefalorraquidiano","descricao");
INSERT INTO MedicoExame( MedicoID, ExameID) VALUES (387,1381);
INSERT INTO Evento(EventoID,Descricao, Data, Admissao, Quarto) VALUES (1382, "descricao","1981-02-24 23:47:38" ,62, 224);
INSERT INTO Exame( EventoID, Nome, Descricao) VALUES (1382,"laparoscopia","descricao");
INSERT INTO MedicoExame( MedicoID, ExameID) VALUES (384,1382);
INSERT INTO Evento(EventoID,Descricao, Data, Admissao, Quarto) VALUES (1383, "descricao","2002-12-04 01:10:34" ,61, 146);
INSERT INTO Exame( EventoID, Nome, Descricao) VALUES (1383,"mediastinoscopia","descricao");
INSERT INTO MedicoExame( MedicoID, ExameID) VALUES (413,1383);
INSERT INTO Evento(EventoID,Descricao, Data, Admissao, Quarto) VALUES (1384, "descricao","1985-11-23 11:27:21" ,32, 184);
INSERT INTO Exame( EventoID, Nome, Descricao) VALUES (1384,"laringoscopia","descricao");
INSERT INTO MedicoExame( MedicoID, ExameID) VALUES (415,1384);
INSERT INTO Evento(EventoID,Descricao, Data, Admissao, Quarto) VALUES (1385, "descricao","2012-01-23 03:53:58" ,114, 167);
INSERT INTO Exame( EventoID, Nome, Descricao) VALUES (1385,"broncoscopia","descricao");
INSERT INTO MedicoExame( MedicoID, ExameID) VALUES (398,1385);
INSERT INTO Evento(EventoID,Descricao, Data, Admissao, Quarto) VALUES (1386, "descricao","1998-01-08 18:09:46" ,185, 151);
INSERT INTO Exame( EventoID, Nome, Descricao) VALUES (1386,"liquido sinovial","descricao");
INSERT INTO MedicoExame( MedicoID, ExameID) VALUES (426,1386);
INSERT INTO Evento(EventoID,Descricao, Data, Admissao, Quarto) VALUES (1387, "descricao","1992-10-06 13:39:27" ,35, 173);
INSERT INTO Exame( EventoID, Nome, Descricao) VALUES (1387,"laringoscopia","descricao");
INSERT INTO MedicoExame( MedicoID, ExameID) VALUES (386,1387);
INSERT INTO Evento(EventoID,Descricao, Data, Admissao, Quarto) VALUES (1388, "descricao","2003-12-22 21:12:08" ,119, 161);
INSERT INTO Exame( EventoID, Nome, Descricao) VALUES (1388,"liquido sinovial","descricao");
INSERT INTO MedicoExame( MedicoID, ExameID) VALUES (400,1388);
INSERT INTO Evento(EventoID,Descricao, Data, Admissao, Quarto) VALUES (1389, "descricao","1996-01-09 05:06:02" ,88, 226);
INSERT INTO Exame( EventoID, Nome, Descricao) VALUES (1389,"laringoscopia","descricao");
INSERT INTO MedicoExame( MedicoID, ExameID) VALUES (405,1389);
INSERT INTO Evento(EventoID,Descricao, Data, Admissao, Quarto) VALUES (1390, "descricao","1985-06-07 07:03:47" ,154, 182);
INSERT INTO Exame( EventoID, Nome, Descricao) VALUES (1390,"toracoscopia","descricao");
INSERT INTO MedicoExame( MedicoID, ExameID) VALUES (405,1390);
INSERT INTO Evento(EventoID,Descricao, Data, Admissao, Quarto) VALUES (1391, "descricao","2006-05-28 18:26:01" ,119, 191);
INSERT INTO Exame( EventoID, Nome, Descricao) VALUES (1391,"Sangue","descricao");
INSERT INTO MedicoExame( MedicoID, ExameID) VALUES (416,1391);
INSERT INTO Evento(EventoID,Descricao, Data, Admissao, Quarto) VALUES (1392, "descricao","2009-12-01 17:45:34" ,16, 133);
INSERT INTO Exame( EventoID, Nome, Descricao) VALUES (1392,"laringoscopia","descricao");
INSERT INTO MedicoExame( MedicoID, ExameID) VALUES (393,1392);
INSERT INTO Evento(EventoID,Descricao, Data, Admissao, Quarto) VALUES (1393, "descricao","1973-08-24 16:59:14" ,159, 101);
INSERT INTO Exame( EventoID, Nome, Descricao) VALUES (1393,"broncoscopia","descricao");
INSERT INTO MedicoExame( MedicoID, ExameID) VALUES (396,1393);
INSERT INTO Evento(EventoID,Descricao, Data, Admissao, Quarto) VALUES (1394, "descricao","2016-11-19 16:37:05" ,135, 192);
INSERT INTO Exame( EventoID, Nome, Descricao) VALUES (1394,"Sangue","descricao");
INSERT INTO MedicoExame( MedicoID, ExameID) VALUES (394,1394);
INSERT INTO Evento(EventoID,Descricao, Data, Admissao, Quarto) VALUES (1395, "descricao","2018-10-31 11:11:20" ,110, 125);
INSERT INTO Exame( EventoID, Nome, Descricao) VALUES (1395,"mediastinoscopia","descricao");
INSERT INTO MedicoExame( MedicoID, ExameID) VALUES (401,1395);
INSERT INTO Evento(EventoID,Descricao, Data, Admissao, Quarto) VALUES (1396, "descricao","1983-10-25 18:14:55" ,196, 152);
INSERT INTO Exame( EventoID, Nome, Descricao) VALUES (1396,"liquido cefalorraquidiano","descricao");
INSERT INTO MedicoExame( MedicoID, ExameID) VALUES (384,1396);
INSERT INTO Evento(EventoID,Descricao, Data, Admissao, Quarto) VALUES (1397, "descricao","1977-08-12 18:27:14" ,80, 198);
INSERT INTO Exame( EventoID, Nome, Descricao) VALUES (1397,"cistoscopia","descricao");
INSERT INTO MedicoExame( MedicoID, ExameID) VALUES (423,1397);
INSERT INTO Evento(EventoID,Descricao, Data, Admissao, Quarto) VALUES (1398, "descricao","2011-03-02 23:49:58" ,103, 187);
INSERT INTO Exame( EventoID, Nome, Descricao) VALUES (1398,"liquido sinovial","descricao");
INSERT INTO MedicoExame( MedicoID, ExameID) VALUES (391,1398);
INSERT INTO Evento(EventoID,Descricao, Data, Admissao, Quarto) VALUES (1399, "descricao","2011-04-03 03:09:15" ,191, 121);
INSERT INTO Exame( EventoID, Nome, Descricao) VALUES (1399,"toracoscopia","descricao");
INSERT INTO MedicoExame( MedicoID, ExameID) VALUES (414,1399);
INSERT INTO Evento(EventoID,Descricao, Data, Admissao, Quarto) VALUES (1400, "descricao","2011-04-27 23:09:27" ,75, 127);
INSERT INTO Exame( EventoID, Nome, Descricao) VALUES (1400,"Sangue","descricao");
INSERT INTO MedicoExame( MedicoID, ExameID) VALUES (420,1400);
INSERT INTO Evento(EventoID,Descricao, Data, Admissao, Quarto) VALUES (1401, "descricao","2009-02-02 10:48:23" ,42, 171);
INSERT INTO Exame( EventoID, Nome, Descricao) VALUES (1401,"mediastinoscopia","descricao");
INSERT INTO MedicoExame( MedicoID, ExameID) VALUES (418,1401);
INSERT INTO Evento(EventoID,Descricao, Data, Admissao, Quarto) VALUES (1402, "descricao","1998-04-20 14:03:35" ,127, 210);
INSERT INTO Exame( EventoID, Nome, Descricao) VALUES (1402,"laparoscopia","descricao");
INSERT INTO MedicoExame( MedicoID, ExameID) VALUES (418,1402);
INSERT INTO Evento(EventoID,Descricao, Data, Admissao, Quarto) VALUES (1403, "descricao","2014-10-25 22:44:39" ,165, 181);
INSERT INTO Exame( EventoID, Nome, Descricao) VALUES (1403,"Sangue","descricao");
INSERT INTO MedicoExame( MedicoID, ExameID) VALUES (422,1403);
INSERT INTO Evento(EventoID,Descricao, Data, Admissao, Quarto) VALUES (1404, "descricao","2008-08-14 21:28:10" ,86, 132);
INSERT INTO Exame( EventoID, Nome, Descricao) VALUES (1404,"toracoscopia","descricao");
INSERT INTO MedicoExame( MedicoID, ExameID) VALUES (411,1404);
INSERT INTO Evento(EventoID,Descricao, Data, Admissao, Quarto) VALUES (1405, "descricao","1970-05-04 11:10:46" ,119, 222);
INSERT INTO Exame( EventoID, Nome, Descricao) VALUES (1405,"mediastinoscopia","descricao");
INSERT INTO MedicoExame( MedicoID, ExameID) VALUES (398,1405);
INSERT INTO Evento(EventoID,Descricao, Data, Admissao, Quarto) VALUES (1406, "descricao","2000-06-14 07:57:27" ,142, 178);
INSERT INTO Exame( EventoID, Nome, Descricao) VALUES (1406,"cistoscopia","descricao");
INSERT INTO MedicoExame( MedicoID, ExameID) VALUES (424,1406);
INSERT INTO Evento(EventoID,Descricao, Data, Admissao, Quarto) VALUES (1407, "descricao","1987-05-23 06:41:09" ,195, 137);
INSERT INTO Exame( EventoID, Nome, Descricao) VALUES (1407,"Sangue","descricao");
INSERT INTO MedicoExame( MedicoID, ExameID) VALUES (387,1407);
INSERT INTO Evento(EventoID,Descricao, Data, Admissao, Quarto) VALUES (1408, "descricao","2015-02-10 16:48:19" ,146, 156);
INSERT INTO Exame( EventoID, Nome, Descricao) VALUES (1408,"liquido cefalorraquidiano","descricao");
INSERT INTO MedicoExame( MedicoID, ExameID) VALUES (419,1408);
INSERT INTO Evento(EventoID,Descricao, Data, Admissao, Quarto) VALUES (1409, "descricao","2009-02-06 09:27:24" ,138, 137);
INSERT INTO Exame( EventoID, Nome, Descricao) VALUES (1409,"broncoscopia","descricao");
INSERT INTO MedicoExame( MedicoID, ExameID) VALUES (412,1409);
INSERT INTO Evento(EventoID,Descricao, Data, Admissao, Quarto) VALUES (1410, "descricao","1996-05-07 08:29:11" ,79, 241);
INSERT INTO Exame( EventoID, Nome, Descricao) VALUES (1410,"esofagoscopia","descricao");
INSERT INTO MedicoExame( MedicoID, ExameID) VALUES (407,1410);
INSERT INTO Evento(EventoID,Descricao, Data, Admissao, Quarto) VALUES (1411, "descricao","2013-10-28 04:19:44" ,171, 100);
INSERT INTO Exame( EventoID, Nome, Descricao) VALUES (1411,"broncoscopia","descricao");
INSERT INTO MedicoExame( MedicoID, ExameID) VALUES (422,1411);
INSERT INTO Evento(EventoID,Descricao, Data, Admissao, Quarto) VALUES (1412, "descricao","2000-01-03 01:41:06" ,4, 169);
INSERT INTO Exame( EventoID, Nome, Descricao) VALUES (1412,"mediastinoscopia","descricao");
INSERT INTO MedicoExame( MedicoID, ExameID) VALUES (399,1412);
INSERT INTO Evento(EventoID,Descricao, Data, Admissao, Quarto) VALUES (1413, "descricao","1991-11-16 17:32:56" ,28, 106);
INSERT INTO Exame( EventoID, Nome, Descricao) VALUES (1413,"Sangue","descricao");
INSERT INTO MedicoExame( MedicoID, ExameID) VALUES (413,1413);
INSERT INTO Evento(EventoID,Descricao, Data, Admissao, Quarto) VALUES (1414, "descricao","1976-01-30 18:28:49" ,193, 116);
INSERT INTO Exame( EventoID, Nome, Descricao) VALUES (1414,"esofagoscopia","descricao");
INSERT INTO MedicoExame( MedicoID, ExameID) VALUES (424,1414);
INSERT INTO Evento(EventoID,Descricao, Data, Admissao, Quarto) VALUES (1415, "descricao","2012-12-28 20:59:57" ,55, 230);
INSERT INTO Exame( EventoID, Nome, Descricao) VALUES (1415,"toracoscopia","descricao");
INSERT INTO MedicoExame( MedicoID, ExameID) VALUES (410,1415);
INSERT INTO Evento(EventoID,Descricao, Data, Admissao, Quarto) VALUES (1416, "descricao","1970-03-10 20:27:43" ,94, 202);
INSERT INTO Exame( EventoID, Nome, Descricao) VALUES (1416,"broncoscopia","descricao");
INSERT INTO MedicoExame( MedicoID, ExameID) VALUES (412,1416);
INSERT INTO Evento(EventoID,Descricao, Data, Admissao, Quarto) VALUES (1417, "descricao","2010-09-16 04:12:14" ,184, 121);
INSERT INTO Exame( EventoID, Nome, Descricao) VALUES (1417,"laparoscopia","descricao");
INSERT INTO MedicoExame( MedicoID, ExameID) VALUES (385,1417);
INSERT INTO Evento(EventoID,Descricao, Data, Admissao, Quarto) VALUES (1418, "descricao","1992-08-26 00:43:56" ,3, 228);
INSERT INTO Exame( EventoID, Nome, Descricao) VALUES (1418,"laparoscopia","descricao");
INSERT INTO MedicoExame( MedicoID, ExameID) VALUES (395,1418);
INSERT INTO Evento(EventoID,Descricao, Data, Admissao, Quarto) VALUES (1419, "descricao","2002-06-11 04:50:13" ,15, 244);
INSERT INTO Exame( EventoID, Nome, Descricao) VALUES (1419,"mediastinoscopia","descricao");
INSERT INTO MedicoExame( MedicoID, ExameID) VALUES (425,1419);
INSERT INTO Evento(EventoID,Descricao, Data, Admissao, Quarto) VALUES (1420, "descricao","1997-03-03 07:35:02" ,187, 182);
INSERT INTO Exame( EventoID, Nome, Descricao) VALUES (1420,"liquido sinovial","descricao");
INSERT INTO MedicoExame( MedicoID, ExameID) VALUES (425,1420);
INSERT INTO Evento(EventoID,Descricao, Data, Admissao, Quarto) VALUES (1421, "descricao","2017-03-23 02:02:58" ,194, 142);
INSERT INTO Exame( EventoID, Nome, Descricao) VALUES (1421,"laparoscopia","descricao");
INSERT INTO MedicoExame( MedicoID, ExameID) VALUES (399,1421);
INSERT INTO Evento(EventoID,Descricao, Data, Admissao, Quarto) VALUES (1422, "descricao","2006-07-29 07:58:17" ,127, 207);
INSERT INTO Exame( EventoID, Nome, Descricao) VALUES (1422,"liquido cefalorraquidiano","descricao");
INSERT INTO MedicoExame( MedicoID, ExameID) VALUES (423,1422);
INSERT INTO Evento(EventoID,Descricao, Data, Admissao, Quarto) VALUES (1423, "descricao","1988-12-26 12:42:14" ,49, 149);
INSERT INTO Exame( EventoID, Nome, Descricao) VALUES (1423,"cistoscopia","descricao");
INSERT INTO MedicoExame( MedicoID, ExameID) VALUES (424,1423);
INSERT INTO Evento(EventoID,Descricao, Data, Admissao, Quarto) VALUES (1424, "descricao","1995-05-21 12:09:44" ,59, 246);
INSERT INTO Exame( EventoID, Nome, Descricao) VALUES (1424,"mediastinoscopia","descricao");
INSERT INTO MedicoExame( MedicoID, ExameID) VALUES (413,1424);
INSERT INTO Evento(EventoID,Descricao, Data, Admissao, Quarto) VALUES (1425, "descricao","2002-09-01 07:41:21" ,24, 153);
INSERT INTO Exame( EventoID, Nome, Descricao) VALUES (1425,"Urina","descricao");
INSERT INTO MedicoExame( MedicoID, ExameID) VALUES (398,1425);
INSERT INTO Evento(EventoID,Descricao, Data, Admissao, Quarto) VALUES (1426, "descricao","1970-02-11 20:55:05" ,81, 245);
INSERT INTO Exame( EventoID, Nome, Descricao) VALUES (1426,"liquido sinovial","descricao");
INSERT INTO MedicoExame( MedicoID, ExameID) VALUES (417,1426);
INSERT INTO Evento(EventoID,Descricao, Data, Admissao, Quarto) VALUES (1427, "descricao","1976-12-23 02:46:14" ,115, 191);
INSERT INTO Exame( EventoID, Nome, Descricao) VALUES (1427,"broncoscopia","descricao");
INSERT INTO MedicoExame( MedicoID, ExameID) VALUES (405,1427);
INSERT INTO Evento(EventoID,Descricao, Data, Admissao, Quarto) VALUES (1428, "descricao","2019-05-07 21:06:20" ,159, 112);
INSERT INTO Exame( EventoID, Nome, Descricao) VALUES (1428,"toracoscopia","descricao");
INSERT INTO MedicoExame( MedicoID, ExameID) VALUES (392,1428);
INSERT INTO Evento(EventoID,Descricao, Data, Admissao, Quarto) VALUES (1429, "descricao","2017-04-21 21:59:14" ,64, 242);
INSERT INTO Exame( EventoID, Nome, Descricao) VALUES (1429,"Urina","descricao");
INSERT INTO MedicoExame( MedicoID, ExameID) VALUES (407,1429);
INSERT INTO Evento(EventoID,Descricao, Data, Admissao, Quarto) VALUES (1430, "descricao","1995-11-06 02:04:03" ,76, 135);
INSERT INTO Exame( EventoID, Nome, Descricao) VALUES (1430,"Urina","descricao");
INSERT INTO MedicoExame( MedicoID, ExameID) VALUES (405,1430);
INSERT INTO Evento(EventoID,Descricao, Data, Admissao, Quarto) VALUES (1431, "descricao","1974-04-06 10:29:04" ,193, 129);
INSERT INTO Exame( EventoID, Nome, Descricao) VALUES (1431,"laringoscopia","descricao");
INSERT INTO MedicoExame( MedicoID, ExameID) VALUES (386,1431);
INSERT INTO Evento(EventoID,Descricao, Data, Admissao, Quarto) VALUES (1432, "descricao","2011-01-20 18:51:52" ,173, 224);
INSERT INTO Exame( EventoID, Nome, Descricao) VALUES (1432,"Urina","descricao");
INSERT INTO MedicoExame( MedicoID, ExameID) VALUES (418,1432);
INSERT INTO Evento(EventoID,Descricao, Data, Admissao, Quarto) VALUES (1433, "descricao","1970-04-20 10:39:24" ,55, 138);
INSERT INTO Exame( EventoID, Nome, Descricao) VALUES (1433,"liquido sinovial","descricao");
INSERT INTO MedicoExame( MedicoID, ExameID) VALUES (410,1433);
INSERT INTO Evento(EventoID,Descricao, Data, Admissao, Quarto) VALUES (1434, "descricao","1977-06-11 05:12:54" ,72, 221);
INSERT INTO Exame( EventoID, Nome, Descricao) VALUES (1434,"liquido cefalorraquidiano","descricao");
INSERT INTO MedicoExame( MedicoID, ExameID) VALUES (404,1434);
INSERT INTO Evento(EventoID,Descricao, Data, Admissao, Quarto) VALUES (1435, "descricao","1982-04-01 12:03:06" ,65, 115);
INSERT INTO Exame( EventoID, Nome, Descricao) VALUES (1435,"Urina","descricao");
INSERT INTO MedicoExame( MedicoID, ExameID) VALUES (420,1435);
INSERT INTO Evento(EventoID,Descricao, Data, Admissao, Quarto) VALUES (1436, "descricao","2014-01-16 15:19:44" ,146, 184);
INSERT INTO Exame( EventoID, Nome, Descricao) VALUES (1436,"Sangue","descricao");
INSERT INTO MedicoExame( MedicoID, ExameID) VALUES (412,1436);
INSERT INTO Evento(EventoID,Descricao, Data, Admissao, Quarto) VALUES (1437, "descricao","1970-09-12 16:56:15" ,114, 131);
INSERT INTO Exame( EventoID, Nome, Descricao) VALUES (1437,"mediastinoscopia","descricao");
INSERT INTO MedicoExame( MedicoID, ExameID) VALUES (416,1437);
INSERT INTO Evento(EventoID,Descricao, Data, Admissao, Quarto) VALUES (1438, "descricao","1984-07-01 19:15:32" ,199, 143);
INSERT INTO Exame( EventoID, Nome, Descricao) VALUES (1438,"laringoscopia","descricao");
INSERT INTO MedicoExame( MedicoID, ExameID) VALUES (411,1438);
INSERT INTO Evento(EventoID,Descricao, Data, Admissao, Quarto) VALUES (1439, "descricao","1987-11-22 22:59:30" ,143, 157);
INSERT INTO Exame( EventoID, Nome, Descricao) VALUES (1439,"laringoscopia","descricao");
INSERT INTO MedicoExame( MedicoID, ExameID) VALUES (402,1439);
INSERT INTO Evento(EventoID,Descricao, Data, Admissao, Quarto) VALUES (1440, "descricao","1976-01-07 10:23:39" ,29, 108);
INSERT INTO Exame( EventoID, Nome, Descricao) VALUES (1440,"liquido cefalorraquidiano","descricao");
INSERT INTO MedicoExame( MedicoID, ExameID) VALUES (390,1440);
INSERT INTO Evento(EventoID,Descricao, Data, Admissao, Quarto) VALUES (1441, "descricao","1974-11-28 07:09:25" ,196, 237);
INSERT INTO Exame( EventoID, Nome, Descricao) VALUES (1441,"cistoscopia","descricao");
INSERT INTO MedicoExame( MedicoID, ExameID) VALUES (405,1441);
INSERT INTO Evento(EventoID,Descricao, Data, Admissao, Quarto) VALUES (1442, "descricao","2010-04-09 04:29:47" ,75, 137);
INSERT INTO Exame( EventoID, Nome, Descricao) VALUES (1442,"liquido sinovial","descricao");
INSERT INTO MedicoExame( MedicoID, ExameID) VALUES (408,1442);
INSERT INTO Evento(EventoID,Descricao, Data, Admissao, Quarto) VALUES (1443, "descricao","2003-02-04 18:22:11" ,29, 162);
INSERT INTO Exame( EventoID, Nome, Descricao) VALUES (1443,"esofagoscopia","descricao");
INSERT INTO MedicoExame( MedicoID, ExameID) VALUES (409,1443);
INSERT INTO Evento(EventoID,Descricao, Data, Admissao, Quarto) VALUES (1444, "descricao","2011-12-05 20:28:19" ,41, 131);
INSERT INTO Exame( EventoID, Nome, Descricao) VALUES (1444,"Urina","descricao");
INSERT INTO MedicoExame( MedicoID, ExameID) VALUES (390,1444);
INSERT INTO Evento(EventoID,Descricao, Data, Admissao, Quarto) VALUES (1445, "descricao","2011-08-15 16:58:18" ,137, 137);
INSERT INTO Exame( EventoID, Nome, Descricao) VALUES (1445,"Urina","descricao");
INSERT INTO MedicoExame( MedicoID, ExameID) VALUES (387,1445);
INSERT INTO Evento(EventoID,Descricao, Data, Admissao, Quarto) VALUES (1446, "descricao","1972-01-04 14:57:42" ,49, 154);
INSERT INTO Exame( EventoID, Nome, Descricao) VALUES (1446,"liquido sinovial","descricao");
INSERT INTO MedicoExame( MedicoID, ExameID) VALUES (418,1446);
INSERT INTO Evento(EventoID,Descricao, Data, Admissao, Quarto) VALUES (1447, "descricao","2016-07-10 01:21:12" ,128, 232);
INSERT INTO Exame( EventoID, Nome, Descricao) VALUES (1447,"cistoscopia","descricao");
INSERT INTO MedicoExame( MedicoID, ExameID) VALUES (398,1447);
INSERT INTO Evento(EventoID,Descricao, Data, Admissao, Quarto) VALUES (1448, "descricao","2010-04-05 18:19:18" ,145, 193);
INSERT INTO Exame( EventoID, Nome, Descricao) VALUES (1448,"laringoscopia","descricao");
INSERT INTO MedicoExame( MedicoID, ExameID) VALUES (387,1448);
INSERT INTO Evento(EventoID,Descricao, Data, Admissao, Quarto) VALUES (1449, "descricao","2013-04-17 09:34:18" ,25, 198);
INSERT INTO Exame( EventoID, Nome, Descricao) VALUES (1449,"esofagoscopia","descricao");
INSERT INTO MedicoExame( MedicoID, ExameID) VALUES (422,1449);
INSERT INTO Evento(EventoID,Descricao, Data, Admissao, Quarto) VALUES (1450, "descricao","1983-01-12 04:11:38" ,162, 212);
INSERT INTO Exame( EventoID, Nome, Descricao) VALUES (1450,"toracoscopia","descricao");
INSERT INTO MedicoExame( MedicoID, ExameID) VALUES (420,1450);
INSERT INTO Evento(EventoID,Descricao, Data, Admissao, Quarto) VALUES (1451, "descricao","1988-01-31 14:23:05" ,193, 149);
INSERT INTO Exame( EventoID, Nome, Descricao) VALUES (1451,"mediastinoscopia","descricao");
INSERT INTO MedicoExame( MedicoID, ExameID) VALUES (388,1451);
INSERT INTO Evento(EventoID,Descricao, Data, Admissao, Quarto) VALUES (1452, "descricao","2017-02-23 07:56:38" ,167, 184);
INSERT INTO Exame( EventoID, Nome, Descricao) VALUES (1452,"broncoscopia","descricao");
INSERT INTO MedicoExame( MedicoID, ExameID) VALUES (383,1452);
INSERT INTO Evento(EventoID,Descricao, Data, Admissao, Quarto) VALUES (1453, "descricao","2010-11-08 22:55:06" ,194, 187);
INSERT INTO Exame( EventoID, Nome, Descricao) VALUES (1453,"esofagoscopia","descricao");
INSERT INTO MedicoExame( MedicoID, ExameID) VALUES (415,1453);
INSERT INTO Evento(EventoID,Descricao, Data, Admissao, Quarto) VALUES (1454, "descricao","2009-09-21 03:10:59" ,183, 225);
INSERT INTO Exame( EventoID, Nome, Descricao) VALUES (1454,"liquido sinovial","descricao");
INSERT INTO MedicoExame( MedicoID, ExameID) VALUES (396,1454);
INSERT INTO Evento(EventoID,Descricao, Data, Admissao, Quarto) VALUES (1455, "descricao","1992-03-13 14:55:28" ,143, 108);
INSERT INTO Exame( EventoID, Nome, Descricao) VALUES (1455,"Urina","descricao");
INSERT INTO MedicoExame( MedicoID, ExameID) VALUES (411,1455);
INSERT INTO Evento(EventoID,Descricao, Data, Admissao, Quarto) VALUES (1456, "descricao","1997-12-02 15:17:26" ,146, 173);
INSERT INTO Exame( EventoID, Nome, Descricao) VALUES (1456,"liquido sinovial","descricao");
INSERT INTO MedicoExame( MedicoID, ExameID) VALUES (384,1456);
INSERT INTO Evento(EventoID,Descricao, Data, Admissao, Quarto) VALUES (1457, "descricao","2014-12-02 22:27:13" ,193, 176);
INSERT INTO Exame( EventoID, Nome, Descricao) VALUES (1457,"liquido sinovial","descricao");
INSERT INTO MedicoExame( MedicoID, ExameID) VALUES (421,1457);
INSERT INTO Evento(EventoID,Descricao, Data, Admissao, Quarto) VALUES (1458, "descricao","2017-09-30 04:31:11" ,130, 123);
INSERT INTO Exame( EventoID, Nome, Descricao) VALUES (1458,"laparoscopia","descricao");
INSERT INTO MedicoExame( MedicoID, ExameID) VALUES (389,1458);
INSERT INTO Evento(EventoID,Descricao, Data, Admissao, Quarto) VALUES (1459, "descricao","1994-01-21 19:41:41" ,81, 232);
INSERT INTO Exame( EventoID, Nome, Descricao) VALUES (1459,"Urina","descricao");
INSERT INTO MedicoExame( MedicoID, ExameID) VALUES (399,1459);
INSERT INTO Evento(EventoID,Descricao, Data, Admissao, Quarto) VALUES (1460, "descricao","1991-05-16 17:09:17" ,101, 121);
INSERT INTO Exame( EventoID, Nome, Descricao) VALUES (1460,"Sangue","descricao");
INSERT INTO MedicoExame( MedicoID, ExameID) VALUES (422,1460);
INSERT INTO Evento(EventoID,Descricao, Data, Admissao, Quarto) VALUES (1461, "descricao","2013-11-21 07:57:08" ,180, 177);
INSERT INTO Exame( EventoID, Nome, Descricao) VALUES (1461,"liquido sinovial","descricao");
INSERT INTO MedicoExame( MedicoID, ExameID) VALUES (426,1461);
INSERT INTO Evento(EventoID,Descricao, Data, Admissao, Quarto) VALUES (1462, "descricao","2008-10-28 00:20:53" ,56, 200);
INSERT INTO Exame( EventoID, Nome, Descricao) VALUES (1462,"toracoscopia","descricao");
INSERT INTO MedicoExame( MedicoID, ExameID) VALUES (407,1462);
INSERT INTO Evento(EventoID,Descricao, Data, Admissao, Quarto) VALUES (1463, "descricao","1979-05-18 18:48:50" ,70, 114);
INSERT INTO Exame( EventoID, Nome, Descricao) VALUES (1463,"broncoscopia","descricao");
INSERT INTO MedicoExame( MedicoID, ExameID) VALUES (425,1463);
INSERT INTO Evento(EventoID,Descricao, Data, Admissao, Quarto) VALUES (1464, "descricao","2004-11-19 17:56:39" ,107, 181);
INSERT INTO Exame( EventoID, Nome, Descricao) VALUES (1464,"toracoscopia","descricao");
INSERT INTO MedicoExame( MedicoID, ExameID) VALUES (402,1464);
INSERT INTO Evento(EventoID,Descricao, Data, Admissao, Quarto) VALUES (1465, "descricao","1991-04-29 04:27:05" ,107, 214);
INSERT INTO Exame( EventoID, Nome, Descricao) VALUES (1465,"Urina","descricao");
INSERT INTO MedicoExame( MedicoID, ExameID) VALUES (411,1465);
INSERT INTO Evento(EventoID,Descricao, Data, Admissao, Quarto) VALUES (1466, "descricao","2017-06-14 01:59:21" ,14, 216);
INSERT INTO Exame( EventoID, Nome, Descricao) VALUES (1466,"broncoscopia","descricao");
INSERT INTO MedicoExame( MedicoID, ExameID) VALUES (420,1466);
INSERT INTO Evento(EventoID,Descricao, Data, Admissao, Quarto) VALUES (1467, "descricao","1973-09-03 23:14:21" ,89, 248);
INSERT INTO Exame( EventoID, Nome, Descricao) VALUES (1467,"laparoscopia","descricao");
INSERT INTO MedicoExame( MedicoID, ExameID) VALUES (404,1467);
INSERT INTO Evento(EventoID,Descricao, Data, Admissao, Quarto) VALUES (1468, "descricao","1994-12-24 20:46:42" ,34, 109);
INSERT INTO Exame( EventoID, Nome, Descricao) VALUES (1468,"laringoscopia","descricao");
INSERT INTO MedicoExame( MedicoID, ExameID) VALUES (387,1468);
INSERT INTO Evento(EventoID,Descricao, Data, Admissao, Quarto) VALUES (1469, "descricao","2006-06-07 17:57:04" ,137, 241);
INSERT INTO Exame( EventoID, Nome, Descricao) VALUES (1469,"liquido cefalorraquidiano","descricao");
INSERT INTO MedicoExame( MedicoID, ExameID) VALUES (395,1469);
INSERT INTO Evento(EventoID,Descricao, Data, Admissao, Quarto) VALUES (1470, "descricao","1972-06-25 05:05:46" ,97, 207);
INSERT INTO Exame( EventoID, Nome, Descricao) VALUES (1470,"liquido sinovial","descricao");
INSERT INTO MedicoExame( MedicoID, ExameID) VALUES (413,1470);
INSERT INTO Evento(EventoID,Descricao, Data, Admissao, Quarto) VALUES (1471, "descricao","1970-03-21 00:37:43" ,173, 227);
INSERT INTO Exame( EventoID, Nome, Descricao) VALUES (1471,"toracoscopia","descricao");
INSERT INTO MedicoExame( MedicoID, ExameID) VALUES (416,1471);
INSERT INTO Evento(EventoID,Descricao, Data, Admissao, Quarto) VALUES (1472, "descricao","2015-07-13 00:16:58" ,162, 152);
INSERT INTO Exame( EventoID, Nome, Descricao) VALUES (1472,"Urina","descricao");
INSERT INTO MedicoExame( MedicoID, ExameID) VALUES (406,1472);
INSERT INTO Evento(EventoID,Descricao, Data, Admissao, Quarto) VALUES (1473, "descricao","1996-10-29 16:40:36" ,156, 236);
INSERT INTO Exame( EventoID, Nome, Descricao) VALUES (1473,"Urina","descricao");
INSERT INTO MedicoExame( MedicoID, ExameID) VALUES (399,1473);
INSERT INTO Evento(EventoID,Descricao, Data, Admissao, Quarto) VALUES (1474, "descricao","1994-11-11 09:32:37" ,103, 227);
INSERT INTO Exame( EventoID, Nome, Descricao) VALUES (1474,"liquido cefalorraquidiano","descricao");
INSERT INTO MedicoExame( MedicoID, ExameID) VALUES (422,1474);
INSERT INTO Evento(EventoID,Descricao, Data, Admissao, Quarto) VALUES (1475, "descricao","1971-08-18 16:31:55" ,119, 188);
INSERT INTO Exame( EventoID, Nome, Descricao) VALUES (1475,"liquido sinovial","descricao");
INSERT INTO MedicoExame( MedicoID, ExameID) VALUES (408,1475);
INSERT INTO Evento(EventoID,Descricao, Data, Admissao, Quarto) VALUES (1476, "descricao","1985-01-18 19:03:04" ,5, 163);
INSERT INTO Exame( EventoID, Nome, Descricao) VALUES (1476,"cistoscopia","descricao");
INSERT INTO MedicoExame( MedicoID, ExameID) VALUES (396,1476);
INSERT INTO Evento(EventoID,Descricao, Data, Admissao, Quarto) VALUES (1477, "descricao","2007-07-21 06:43:48" ,126, 154);
INSERT INTO Exame( EventoID, Nome, Descricao) VALUES (1477,"liquido sinovial","descricao");
INSERT INTO MedicoExame( MedicoID, ExameID) VALUES (392,1477);
INSERT INTO Evento(EventoID,Descricao, Data, Admissao, Quarto) VALUES (1478, "descricao","2003-01-18 11:24:25" ,4, 246);
INSERT INTO Exame( EventoID, Nome, Descricao) VALUES (1478,"Urina","descricao");
INSERT INTO MedicoExame( MedicoID, ExameID) VALUES (393,1478);
INSERT INTO Evento(EventoID,Descricao, Data, Admissao, Quarto) VALUES (1479, "descricao","1982-02-09 07:21:21" ,150, 183);
INSERT INTO Exame( EventoID, Nome, Descricao) VALUES (1479,"laringoscopia","descricao");
INSERT INTO MedicoExame( MedicoID, ExameID) VALUES (389,1479);
INSERT INTO Evento(EventoID,Descricao, Data, Admissao, Quarto) VALUES (1480, "descricao","2008-07-14 10:09:16" ,99, 192);
INSERT INTO Exame( EventoID, Nome, Descricao) VALUES (1480,"toracoscopia","descricao");
INSERT INTO MedicoExame( MedicoID, ExameID) VALUES (426,1480);
INSERT INTO Evento(EventoID,Descricao, Data, Admissao, Quarto) VALUES (1481, "descricao","1977-08-15 20:43:26" ,182, 182);
INSERT INTO Exame( EventoID, Nome, Descricao) VALUES (1481,"laringoscopia","descricao");
INSERT INTO MedicoExame( MedicoID, ExameID) VALUES (399,1481);
INSERT INTO Evento(EventoID,Descricao, Data, Admissao, Quarto) VALUES (1482, "descricao","1983-09-11 23:25:31" ,33, 186);
INSERT INTO Exame( EventoID, Nome, Descricao) VALUES (1482,"liquido sinovial","descricao");
INSERT INTO MedicoExame( MedicoID, ExameID) VALUES (415,1482);
INSERT INTO Evento(EventoID,Descricao, Data, Admissao, Quarto) VALUES (1483, "descricao","1984-10-05 22:32:22" ,31, 135);
INSERT INTO Exame( EventoID, Nome, Descricao) VALUES (1483,"liquido cefalorraquidiano","descricao");
INSERT INTO MedicoExame( MedicoID, ExameID) VALUES (406,1483);
INSERT INTO Evento(EventoID,Descricao, Data, Admissao, Quarto) VALUES (1484, "descricao","1977-01-10 01:14:43" ,6, 233);
INSERT INTO Exame( EventoID, Nome, Descricao) VALUES (1484,"Urina","descricao");
INSERT INTO MedicoExame( MedicoID, ExameID) VALUES (400,1484);
INSERT INTO Evento(EventoID,Descricao, Data, Admissao, Quarto) VALUES (1485, "descricao","1982-05-29 07:19:37" ,65, 147);
INSERT INTO Exame( EventoID, Nome, Descricao) VALUES (1485,"liquido cefalorraquidiano","descricao");
INSERT INTO MedicoExame( MedicoID, ExameID) VALUES (401,1485);
INSERT INTO Evento(EventoID,Descricao, Data, Admissao, Quarto) VALUES (1486, "descricao","2014-07-15 03:35:16" ,148, 116);
INSERT INTO Exame( EventoID, Nome, Descricao) VALUES (1486,"cistoscopia","descricao");
INSERT INTO MedicoExame( MedicoID, ExameID) VALUES (426,1486);
INSERT INTO Evento(EventoID,Descricao, Data, Admissao, Quarto) VALUES (1487, "descricao","2015-08-17 07:09:26" ,139, 100);
INSERT INTO Exame( EventoID, Nome, Descricao) VALUES (1487,"Sangue","descricao");
INSERT INTO MedicoExame( MedicoID, ExameID) VALUES (388,1487);
INSERT INTO Evento(EventoID,Descricao, Data, Admissao, Quarto) VALUES (1488, "descricao","1979-11-24 20:49:51" ,154, 123);
INSERT INTO Exame( EventoID, Nome, Descricao) VALUES (1488,"mediastinoscopia","descricao");
INSERT INTO MedicoExame( MedicoID, ExameID) VALUES (406,1488);
INSERT INTO Evento(EventoID,Descricao, Data, Admissao, Quarto) VALUES (1489, "descricao","1989-12-03 14:02:15" ,78, 110);
INSERT INTO Exame( EventoID, Nome, Descricao) VALUES (1489,"esofagoscopia","descricao");
INSERT INTO MedicoExame( MedicoID, ExameID) VALUES (392,1489);
INSERT INTO Evento(EventoID,Descricao, Data, Admissao, Quarto) VALUES (1490, "descricao","1986-06-05 19:58:30" ,14, 173);
INSERT INTO Exame( EventoID, Nome, Descricao) VALUES (1490,"esofagoscopia","descricao");
INSERT INTO MedicoExame( MedicoID, ExameID) VALUES (384,1490);
INSERT INTO Evento(EventoID,Descricao, Data, Admissao, Quarto) VALUES (1491, "descricao","1978-03-12 01:18:03" ,129, 106);
INSERT INTO Exame( EventoID, Nome, Descricao) VALUES (1491,"broncoscopia","descricao");
INSERT INTO MedicoExame( MedicoID, ExameID) VALUES (397,1491);
INSERT INTO Evento(EventoID,Descricao, Data, Admissao, Quarto) VALUES (1492, "descricao","1980-09-30 21:59:14" ,98, 207);
INSERT INTO Exame( EventoID, Nome, Descricao) VALUES (1492,"esofagoscopia","descricao");
INSERT INTO MedicoExame( MedicoID, ExameID) VALUES (423,1492);
INSERT INTO Evento(EventoID,Descricao, Data, Admissao, Quarto) VALUES (1493, "descricao","2012-05-06 13:32:00" ,128, 166);
INSERT INTO Exame( EventoID, Nome, Descricao) VALUES (1493,"liquido cefalorraquidiano","descricao");
INSERT INTO MedicoExame( MedicoID, ExameID) VALUES (393,1493);
INSERT INTO Evento(EventoID,Descricao, Data, Admissao, Quarto) VALUES (1494, "descricao","1970-09-29 02:26:04" ,153, 141);
INSERT INTO Exame( EventoID, Nome, Descricao) VALUES (1494,"laringoscopia","descricao");
INSERT INTO MedicoExame( MedicoID, ExameID) VALUES (416,1494);
INSERT INTO Evento(EventoID,Descricao, Data, Admissao, Quarto) VALUES (1495, "descricao","2012-09-20 08:57:44" ,32, 175);
INSERT INTO Exame( EventoID, Nome, Descricao) VALUES (1495,"laparoscopia","descricao");
INSERT INTO MedicoExame( MedicoID, ExameID) VALUES (383,1495);
INSERT INTO Evento(EventoID,Descricao, Data, Admissao, Quarto) VALUES (1496, "descricao","2002-11-16 02:15:56" ,144, 238);
INSERT INTO Exame( EventoID, Nome, Descricao) VALUES (1496,"liquido sinovial","descricao");
INSERT INTO MedicoExame( MedicoID, ExameID) VALUES (395,1496);
INSERT INTO Evento(EventoID,Descricao, Data, Admissao, Quarto) VALUES (1497, "descricao","2013-02-27 10:03:01" ,32, 116);
INSERT INTO Exame( EventoID, Nome, Descricao) VALUES (1497,"laringoscopia","descricao");
INSERT INTO MedicoExame( MedicoID, ExameID) VALUES (423,1497);
INSERT INTO Evento(EventoID,Descricao, Data, Admissao, Quarto) VALUES (1498, "descricao","1971-12-01 09:26:55" ,34, 118);
INSERT INTO Exame( EventoID, Nome, Descricao) VALUES (1498,"cistoscopia","descricao");
INSERT INTO MedicoExame( MedicoID, ExameID) VALUES (416,1498);
INSERT INTO Evento(EventoID,Descricao, Data, Admissao, Quarto) VALUES (1499, "descricao","2012-09-06 06:33:19" ,28, 247);
INSERT INTO Exame( EventoID, Nome, Descricao) VALUES (1499,"mediastinoscopia","descricao");
INSERT INTO MedicoExame( MedicoID, ExameID) VALUES (398,1499);
INSERT INTO Evento(EventoID,Descricao, Data, Admissao, Quarto) VALUES (1500, "descricao","1978-12-28 02:50:12" ,167, 157);
INSERT INTO Exame( EventoID, Nome, Descricao) VALUES (1500,"toracoscopia","descricao");
INSERT INTO MedicoExame( MedicoID, ExameID) VALUES (406,1500);
INSERT INTO Evento(EventoID,Descricao, Data, Admissao, Quarto) VALUES (1501, "descricao","2013-06-23 03:10:30" ,36, 205);
INSERT INTO Exame( EventoID, Nome, Descricao) VALUES (1501,"Sangue","descricao");
INSERT INTO MedicoExame( MedicoID, ExameID) VALUES (392,1501);
INSERT INTO Evento(EventoID,Descricao, Data, Admissao, Quarto) VALUES (1502, "descricao","2011-04-15 04:42:23" ,132, 209);
INSERT INTO Exame( EventoID, Nome, Descricao) VALUES (1502,"esofagoscopia","descricao");
INSERT INTO MedicoExame( MedicoID, ExameID) VALUES (411,1502);
INSERT INTO Evento(EventoID,Descricao, Data, Admissao, Quarto) VALUES (1503, "descricao","1970-02-21 02:22:27" ,98, 207);
INSERT INTO Exame( EventoID, Nome, Descricao) VALUES (1503,"mediastinoscopia","descricao");
INSERT INTO MedicoExame( MedicoID, ExameID) VALUES (403,1503);
INSERT INTO Evento(EventoID,Descricao, Data, Admissao, Quarto) VALUES (1504, "descricao","1988-05-27 20:27:07" ,13, 103);
INSERT INTO Exame( EventoID, Nome, Descricao) VALUES (1504,"esofagoscopia","descricao");
INSERT INTO MedicoExame( MedicoID, ExameID) VALUES (404,1504);
INSERT INTO Evento(EventoID,Descricao, Data, Admissao, Quarto) VALUES (1505, "descricao","2003-09-15 23:25:58" ,175, 195);
INSERT INTO Exame( EventoID, Nome, Descricao) VALUES (1505,"laringoscopia","descricao");
INSERT INTO MedicoExame( MedicoID, ExameID) VALUES (410,1505);
INSERT INTO Evento(EventoID,Descricao, Data, Admissao, Quarto) VALUES (1506, "descricao","1979-05-12 23:51:34" ,102, 226);
INSERT INTO Exame( EventoID, Nome, Descricao) VALUES (1506,"Urina","descricao");
INSERT INTO MedicoExame( MedicoID, ExameID) VALUES (423,1506);
INSERT INTO Evento(EventoID,Descricao, Data, Admissao, Quarto) VALUES (1507, "descricao","1988-05-20 13:39:53" ,44, 152);
INSERT INTO Exame( EventoID, Nome, Descricao) VALUES (1507,"laringoscopia","descricao");
INSERT INTO MedicoExame( MedicoID, ExameID) VALUES (401,1507);
INSERT INTO Evento(EventoID,Descricao, Data, Admissao, Quarto) VALUES (1508, "descricao","1996-07-17 19:26:03" ,173, 201);
INSERT INTO Exame( EventoID, Nome, Descricao) VALUES (1508,"Urina","descricao");
INSERT INTO MedicoExame( MedicoID, ExameID) VALUES (407,1508);
INSERT INTO Evento(EventoID,Descricao, Data, Admissao, Quarto) VALUES (1509, "descricao","2007-09-24 23:40:26" ,133, 155);
INSERT INTO Exame( EventoID, Nome, Descricao) VALUES (1509,"Urina","descricao");
INSERT INTO MedicoExame( MedicoID, ExameID) VALUES (398,1509);
INSERT INTO Evento(EventoID,Descricao, Data, Admissao, Quarto) VALUES (1510, "descricao","1991-03-20 11:51:53" ,105, 168);
INSERT INTO Exame( EventoID, Nome, Descricao) VALUES (1510,"liquido cefalorraquidiano","descricao");
INSERT INTO MedicoExame( MedicoID, ExameID) VALUES (414,1510);
INSERT INTO Evento(EventoID,Descricao, Data, Admissao, Quarto) VALUES (1511, "descricao","2016-03-30 10:01:01" ,137, 192);
INSERT INTO Exame( EventoID, Nome, Descricao) VALUES (1511,"esofagoscopia","descricao");
INSERT INTO MedicoExame( MedicoID, ExameID) VALUES (397,1511);
INSERT INTO Evento(EventoID,Descricao, Data, Admissao, Quarto) VALUES (1512, "descricao","1997-12-07 07:41:56" ,127, 127);
INSERT INTO Exame( EventoID, Nome, Descricao) VALUES (1512,"mediastinoscopia","descricao");
INSERT INTO MedicoExame( MedicoID, ExameID) VALUES (414,1512);
INSERT INTO Evento(EventoID,Descricao, Data, Admissao, Quarto) VALUES (1513, "descricao","1982-08-16 11:36:12" ,130, 106);
INSERT INTO Exame( EventoID, Nome, Descricao) VALUES (1513,"broncoscopia","descricao");
INSERT INTO MedicoExame( MedicoID, ExameID) VALUES (405,1513);
INSERT INTO Evento(EventoID,Descricao, Data, Admissao, Quarto) VALUES (1514, "descricao","2015-07-06 08:31:09" ,21, 185);
INSERT INTO Exame( EventoID, Nome, Descricao) VALUES (1514,"Sangue","descricao");
INSERT INTO MedicoExame( MedicoID, ExameID) VALUES (421,1514);
INSERT INTO Evento(EventoID,Descricao, Data, Admissao, Quarto) VALUES (1515, "descricao","1973-05-16 08:27:18" ,43, 202);
INSERT INTO Exame( EventoID, Nome, Descricao) VALUES (1515,"Sangue","descricao");
INSERT INTO MedicoExame( MedicoID, ExameID) VALUES (419,1515);
INSERT INTO Evento(EventoID,Descricao, Data, Admissao, Quarto) VALUES (1516, "descricao","2003-02-07 19:41:03" ,119, 109);
INSERT INTO Exame( EventoID, Nome, Descricao) VALUES (1516,"mediastinoscopia","descricao");
INSERT INTO MedicoExame( MedicoID, ExameID) VALUES (413,1516);
INSERT INTO Evento(EventoID,Descricao, Data, Admissao, Quarto) VALUES (1517, "descricao","1998-04-20 14:48:16" ,42, 143);
INSERT INTO Exame( EventoID, Nome, Descricao) VALUES (1517,"liquido cefalorraquidiano","descricao");
INSERT INTO MedicoExame( MedicoID, ExameID) VALUES (406,1517);
INSERT INTO Evento(EventoID,Descricao, Data, Admissao, Quarto) VALUES (1518, "descricao","2004-11-02 00:07:11" ,29, 116);
INSERT INTO Exame( EventoID, Nome, Descricao) VALUES (1518,"mediastinoscopia","descricao");
INSERT INTO MedicoExame( MedicoID, ExameID) VALUES (392,1518);
INSERT INTO Evento(EventoID,Descricao, Data, Admissao, Quarto) VALUES (1519, "descricao","1978-07-06 01:36:33" ,33, 199);
INSERT INTO Exame( EventoID, Nome, Descricao) VALUES (1519,"toracoscopia","descricao");
INSERT INTO MedicoExame( MedicoID, ExameID) VALUES (394,1519);
INSERT INTO Evento(EventoID,Descricao, Data, Admissao, Quarto) VALUES (1520, "descricao","1986-10-23 03:11:37" ,114, 161);
INSERT INTO Exame( EventoID, Nome, Descricao) VALUES (1520,"laringoscopia","descricao");
INSERT INTO MedicoExame( MedicoID, ExameID) VALUES (383,1520);
INSERT INTO Evento(EventoID,Descricao, Data, Admissao, Quarto) VALUES (1521, "descricao","1991-09-28 10:06:02" ,3, 239);
INSERT INTO Exame( EventoID, Nome, Descricao) VALUES (1521,"Sangue","descricao");
INSERT INTO MedicoExame( MedicoID, ExameID) VALUES (404,1521);
INSERT INTO Evento(EventoID,Descricao, Data, Admissao, Quarto) VALUES (1522, "descricao","1982-07-10 03:13:04" ,54, 138);
INSERT INTO Exame( EventoID, Nome, Descricao) VALUES (1522,"laparoscopia","descricao");
INSERT INTO MedicoExame( MedicoID, ExameID) VALUES (400,1522);
INSERT INTO Evento(EventoID,Descricao, Data, Admissao, Quarto) VALUES (1523, "descricao","2009-03-11 07:11:39" ,24, 216);
INSERT INTO Exame( EventoID, Nome, Descricao) VALUES (1523,"Urina","descricao");
INSERT INTO MedicoExame( MedicoID, ExameID) VALUES (391,1523);
INSERT INTO Evento(EventoID,Descricao, Data, Admissao, Quarto) VALUES (1524, "descricao","2000-02-03 17:41:13" ,74, 105);
INSERT INTO Exame( EventoID, Nome, Descricao) VALUES (1524,"Sangue","descricao");
INSERT INTO MedicoExame( MedicoID, ExameID) VALUES (399,1524);
INSERT INTO Evento(EventoID,Descricao, Data, Admissao, Quarto) VALUES (1525, "descricao","1984-06-10 13:45:01" ,120, 133);
INSERT INTO Exame( EventoID, Nome, Descricao) VALUES (1525,"liquido sinovial","descricao");
INSERT INTO MedicoExame( MedicoID, ExameID) VALUES (395,1525);
INSERT INTO Evento(EventoID,Descricao, Data, Admissao, Quarto) VALUES (1526, "descricao","2007-08-01 09:01:40" ,34, 118);
INSERT INTO Exame( EventoID, Nome, Descricao) VALUES (1526,"Urina","descricao");
INSERT INTO MedicoExame( MedicoID, ExameID) VALUES (405,1526);
INSERT INTO Evento(EventoID,Descricao, Data, Admissao, Quarto) VALUES (1527, "descricao","2002-10-26 12:13:28" ,8, 159);
INSERT INTO Exame( EventoID, Nome, Descricao) VALUES (1527,"esofagoscopia","descricao");
INSERT INTO MedicoExame( MedicoID, ExameID) VALUES (401,1527);
INSERT INTO Evento(EventoID,Descricao, Data, Admissao, Quarto) VALUES (1528, "descricao","2013-07-06 06:56:08" ,189, 198);
INSERT INTO Exame( EventoID, Nome, Descricao) VALUES (1528,"liquido cefalorraquidiano","descricao");
INSERT INTO MedicoExame( MedicoID, ExameID) VALUES (413,1528);
INSERT INTO Evento(EventoID,Descricao, Data, Admissao, Quarto) VALUES (1529, "descricao","2010-12-14 18:30:36" ,145, 101);
INSERT INTO Exame( EventoID, Nome, Descricao) VALUES (1529,"liquido cefalorraquidiano","descricao");
INSERT INTO MedicoExame( MedicoID, ExameID) VALUES (425,1529);
INSERT INTO Evento(EventoID,Descricao, Data, Admissao, Quarto) VALUES (1530, "descricao","1981-12-16 10:29:42" ,9, 235);
INSERT INTO Exame( EventoID, Nome, Descricao) VALUES (1530,"toracoscopia","descricao");
INSERT INTO MedicoExame( MedicoID, ExameID) VALUES (398,1530);
INSERT INTO Evento(EventoID,Descricao, Data, Admissao, Quarto) VALUES (1531, "descricao","2006-04-30 15:50:37" ,12, 139);
INSERT INTO Exame( EventoID, Nome, Descricao) VALUES (1531,"cistoscopia","descricao");
INSERT INTO MedicoExame( MedicoID, ExameID) VALUES (412,1531);
INSERT INTO Evento(EventoID,Descricao, Data, Admissao, Quarto) VALUES (1532, "descricao","2012-10-04 17:15:27" ,187, 153);
INSERT INTO Exame( EventoID, Nome, Descricao) VALUES (1532,"Urina","descricao");
INSERT INTO MedicoExame( MedicoID, ExameID) VALUES (426,1532);
INSERT INTO Evento(EventoID,Descricao, Data, Admissao, Quarto) VALUES (1533, "descricao","2007-12-24 03:09:47" ,150, 155);
INSERT INTO Exame( EventoID, Nome, Descricao) VALUES (1533,"broncoscopia","descricao");
INSERT INTO MedicoExame( MedicoID, ExameID) VALUES (399,1533);
INSERT INTO Evento(EventoID,Descricao, Data, Admissao, Quarto) VALUES (1534, "descricao","1999-02-21 10:03:50" ,104, 201);
INSERT INTO Exame( EventoID, Nome, Descricao) VALUES (1534,"toracoscopia","descricao");
INSERT INTO MedicoExame( MedicoID, ExameID) VALUES (418,1534);
INSERT INTO Evento(EventoID,Descricao, Data, Admissao, Quarto) VALUES (1535, "descricao","1976-06-21 15:08:07" ,102, 245);
INSERT INTO Exame( EventoID, Nome, Descricao) VALUES (1535,"toracoscopia","descricao");
INSERT INTO MedicoExame( MedicoID, ExameID) VALUES (420,1535);
INSERT INTO Evento(EventoID,Descricao, Data, Admissao, Quarto) VALUES (1536, "descricao","2009-12-24 18:40:53" ,159, 225);
INSERT INTO Exame( EventoID, Nome, Descricao) VALUES (1536,"laringoscopia","descricao");
INSERT INTO MedicoExame( MedicoID, ExameID) VALUES (407,1536);
INSERT INTO Evento(EventoID,Descricao, Data, Admissao, Quarto) VALUES (1537, "descricao","1985-01-11 23:19:34" ,39, 236);
INSERT INTO Exame( EventoID, Nome, Descricao) VALUES (1537,"liquido sinovial","descricao");
INSERT INTO MedicoExame( MedicoID, ExameID) VALUES (425,1537);
INSERT INTO Evento(EventoID,Descricao, Data, Admissao, Quarto) VALUES (1538, "descricao","2015-04-06 20:13:29" ,57, 150);
INSERT INTO Exame( EventoID, Nome, Descricao) VALUES (1538,"broncoscopia","descricao");
INSERT INTO MedicoExame( MedicoID, ExameID) VALUES (420,1538);
INSERT INTO Evento(EventoID,Descricao, Data, Admissao, Quarto) VALUES (1539, "descricao","2009-07-21 17:22:31" ,199, 199);
INSERT INTO Exame( EventoID, Nome, Descricao) VALUES (1539,"mediastinoscopia","descricao");
INSERT INTO MedicoExame( MedicoID, ExameID) VALUES (394,1539);
INSERT INTO Evento(EventoID,Descricao, Data, Admissao, Quarto) VALUES (1540, "descricao","1973-02-12 22:16:32" ,122, 139);
INSERT INTO Exame( EventoID, Nome, Descricao) VALUES (1540,"broncoscopia","descricao");
INSERT INTO MedicoExame( MedicoID, ExameID) VALUES (385,1540);
INSERT INTO Evento(EventoID,Descricao, Data, Admissao, Quarto) VALUES (1541, "descricao","1992-03-08 07:32:21" ,163, 249);
INSERT INTO Exame( EventoID, Nome, Descricao) VALUES (1541,"laringoscopia","descricao");
INSERT INTO MedicoExame( MedicoID, ExameID) VALUES (417,1541);
INSERT INTO Evento(EventoID,Descricao, Data, Admissao, Quarto) VALUES (1542, "descricao","2001-12-08 02:08:02" ,180, 121);
INSERT INTO Exame( EventoID, Nome, Descricao) VALUES (1542,"toracoscopia","descricao");
INSERT INTO MedicoExame( MedicoID, ExameID) VALUES (392,1542);
INSERT INTO Evento(EventoID,Descricao, Data, Admissao, Quarto) VALUES (1543, "descricao","2009-03-08 17:12:25" ,112, 116);
INSERT INTO Exame( EventoID, Nome, Descricao) VALUES (1543,"liquido sinovial","descricao");
INSERT INTO MedicoExame( MedicoID, ExameID) VALUES (416,1543);
INSERT INTO Evento(EventoID,Descricao, Data, Admissao, Quarto) VALUES (1544, "descricao","2013-06-11 22:50:18" ,151, 223);
INSERT INTO Exame( EventoID, Nome, Descricao) VALUES (1544,"mediastinoscopia","descricao");
INSERT INTO MedicoExame( MedicoID, ExameID) VALUES (424,1544);
INSERT INTO Evento(EventoID,Descricao, Data, Admissao, Quarto) VALUES (1545, "descricao","1974-03-19 13:29:03" ,96, 111);
INSERT INTO Exame( EventoID, Nome, Descricao) VALUES (1545,"liquido cefalorraquidiano","descricao");
INSERT INTO MedicoExame( MedicoID, ExameID) VALUES (398,1545);
INSERT INTO Evento(EventoID,Descricao, Data, Admissao, Quarto) VALUES (1546, "descricao","1981-08-27 18:00:46" ,24, 179);
INSERT INTO Exame( EventoID, Nome, Descricao) VALUES (1546,"toracoscopia","descricao");
INSERT INTO MedicoExame( MedicoID, ExameID) VALUES (392,1546);
INSERT INTO Evento(EventoID,Descricao, Data, Admissao, Quarto) VALUES (1547, "descricao","1973-07-26 08:54:56" ,191, 215);
INSERT INTO Exame( EventoID, Nome, Descricao) VALUES (1547,"esofagoscopia","descricao");
INSERT INTO MedicoExame( MedicoID, ExameID) VALUES (399,1547);
INSERT INTO Evento(EventoID,Descricao, Data, Admissao, Quarto) VALUES (1548, "descricao","2003-04-16 18:32:34" ,20, 204);
INSERT INTO Exame( EventoID, Nome, Descricao) VALUES (1548,"Sangue","descricao");
INSERT INTO MedicoExame( MedicoID, ExameID) VALUES (424,1548);
INSERT INTO Evento(EventoID,Descricao, Data, Admissao, Quarto) VALUES (1549, "descricao","1976-07-26 06:44:33" ,12, 155);
INSERT INTO Exame( EventoID, Nome, Descricao) VALUES (1549,"Sangue","descricao");
INSERT INTO MedicoExame( MedicoID, ExameID) VALUES (421,1549);
INSERT INTO Evento(EventoID,Descricao, Data, Admissao, Quarto) VALUES (1550, "descricao","2014-10-09 07:08:57" ,88, 197);
INSERT INTO Exame( EventoID, Nome, Descricao) VALUES (1550,"esofagoscopia","descricao");
INSERT INTO MedicoExame( MedicoID, ExameID) VALUES (394,1550);
INSERT INTO Evento(EventoID,Descricao, Data, Admissao, Quarto) VALUES (1551, "descricao","1994-06-06 03:21:07" ,138, 168);
INSERT INTO Exame( EventoID, Nome, Descricao) VALUES (1551,"broncoscopia","descricao");
INSERT INTO MedicoExame( MedicoID, ExameID) VALUES (397,1551);
INSERT INTO Evento(EventoID,Descricao, Data, Admissao, Quarto) VALUES (1552, "descricao","1971-12-02 04:07:45" ,47, 142);
INSERT INTO Exame( EventoID, Nome, Descricao) VALUES (1552,"mediastinoscopia","descricao");
INSERT INTO MedicoExame( MedicoID, ExameID) VALUES (422,1552);
INSERT INTO Evento(EventoID,Descricao, Data, Admissao, Quarto) VALUES (1553, "descricao","1997-10-16 14:15:26" ,42, 182);
INSERT INTO Exame( EventoID, Nome, Descricao) VALUES (1553,"toracoscopia","descricao");
INSERT INTO MedicoExame( MedicoID, ExameID) VALUES (397,1553);
INSERT INTO Evento(EventoID,Descricao, Data, Admissao, Quarto) VALUES (1554, "descricao","2019-01-19 10:36:58" ,97, 242);
INSERT INTO Exame( EventoID, Nome, Descricao) VALUES (1554,"toracoscopia","descricao");
INSERT INTO MedicoExame( MedicoID, ExameID) VALUES (418,1554);
INSERT INTO Evento(EventoID,Descricao, Data, Admissao, Quarto) VALUES (1555, "descricao","2015-11-23 06:24:27" ,167, 184);
INSERT INTO Exame( EventoID, Nome, Descricao) VALUES (1555,"liquido sinovial","descricao");
INSERT INTO MedicoExame( MedicoID, ExameID) VALUES (408,1555);
INSERT INTO Evento(EventoID,Descricao, Data, Admissao, Quarto) VALUES (1556, "descricao","1977-11-10 13:35:04" ,81, 100);
INSERT INTO Exame( EventoID, Nome, Descricao) VALUES (1556,"broncoscopia","descricao");
INSERT INTO MedicoExame( MedicoID, ExameID) VALUES (406,1556);
INSERT INTO Evento(EventoID,Descricao, Data, Admissao, Quarto) VALUES (1557, "descricao","1973-07-08 23:36:36" ,64, 146);
INSERT INTO Exame( EventoID, Nome, Descricao) VALUES (1557,"liquido sinovial","descricao");
INSERT INTO MedicoExame( MedicoID, ExameID) VALUES (407,1557);
INSERT INTO Evento(EventoID,Descricao, Data, Admissao, Quarto) VALUES (1558, "descricao","2005-02-09 11:30:21" ,150, 193);
INSERT INTO Exame( EventoID, Nome, Descricao) VALUES (1558,"broncoscopia","descricao");
INSERT INTO MedicoExame( MedicoID, ExameID) VALUES (418,1558);
INSERT INTO Evento(EventoID,Descricao, Data, Admissao, Quarto) VALUES (1559, "descricao","2019-02-28 22:31:10" ,59, 228);
INSERT INTO Exame( EventoID, Nome, Descricao) VALUES (1559,"liquido cefalorraquidiano","descricao");
INSERT INTO MedicoExame( MedicoID, ExameID) VALUES (393,1559);
INSERT INTO Evento(EventoID,Descricao, Data, Admissao, Quarto) VALUES (1560, "descricao","1997-03-14 04:50:41" ,152, 138);
INSERT INTO Exame( EventoID, Nome, Descricao) VALUES (1560,"liquido sinovial","descricao");
INSERT INTO MedicoExame( MedicoID, ExameID) VALUES (394,1560);
INSERT INTO Evento(EventoID,Descricao, Data, Admissao, Quarto) VALUES (1561, "descricao","2016-09-11 09:22:11" ,23, 145);
INSERT INTO Exame( EventoID, Nome, Descricao) VALUES (1561,"mediastinoscopia","descricao");
INSERT INTO MedicoExame( MedicoID, ExameID) VALUES (385,1561);
INSERT INTO Evento(EventoID,Descricao, Data, Admissao, Quarto) VALUES (1562, "descricao","2017-10-21 05:08:03" ,111, 174);
INSERT INTO Exame( EventoID, Nome, Descricao) VALUES (1562,"esofagoscopia","descricao");
INSERT INTO MedicoExame( MedicoID, ExameID) VALUES (400,1562);
INSERT INTO Evento(EventoID,Descricao, Data, Admissao, Quarto) VALUES (1563, "descricao","2010-07-01 15:27:43" ,94, 210);
INSERT INTO Exame( EventoID, Nome, Descricao) VALUES (1563,"cistoscopia","descricao");
INSERT INTO MedicoExame( MedicoID, ExameID) VALUES (391,1563);
INSERT INTO Evento(EventoID,Descricao, Data, Admissao, Quarto) VALUES (1564, "descricao","1998-08-30 18:41:13" ,166, 173);
INSERT INTO Exame( EventoID, Nome, Descricao) VALUES (1564,"esofagoscopia","descricao");
INSERT INTO MedicoExame( MedicoID, ExameID) VALUES (383,1564);
INSERT INTO Evento(EventoID,Descricao, Data, Admissao, Quarto) VALUES (1565, "descricao","1979-11-28 21:05:01" ,67, 239);
INSERT INTO Exame( EventoID, Nome, Descricao) VALUES (1565,"Urina","descricao");
INSERT INTO MedicoExame( MedicoID, ExameID) VALUES (407,1565);
INSERT INTO Evento(EventoID,Descricao, Data, Admissao, Quarto) VALUES (1566, "descricao","1997-10-01 21:50:44" ,89, 227);
INSERT INTO Exame( EventoID, Nome, Descricao) VALUES (1566,"Urina","descricao");
INSERT INTO MedicoExame( MedicoID, ExameID) VALUES (412,1566);
INSERT INTO Evento(EventoID,Descricao, Data, Admissao, Quarto) VALUES (1567, "descricao","2019-08-22 07:45:05" ,46, 243);
INSERT INTO Exame( EventoID, Nome, Descricao) VALUES (1567,"Urina","descricao");
INSERT INTO MedicoExame( MedicoID, ExameID) VALUES (411,1567);
INSERT INTO Evento(EventoID,Descricao, Data, Admissao, Quarto) VALUES (1568, "descricao","2011-01-01 16:59:02" ,37, 167);
INSERT INTO Exame( EventoID, Nome, Descricao) VALUES (1568,"broncoscopia","descricao");
INSERT INTO MedicoExame( MedicoID, ExameID) VALUES (425,1568);
INSERT INTO Evento(EventoID,Descricao, Data, Admissao, Quarto) VALUES (1569, "descricao","1983-02-26 21:00:44" ,178, 242);
INSERT INTO Exame( EventoID, Nome, Descricao) VALUES (1569,"mediastinoscopia","descricao");
INSERT INTO MedicoExame( MedicoID, ExameID) VALUES (408,1569);
INSERT INTO Evento(EventoID,Descricao, Data, Admissao, Quarto) VALUES (1570, "descricao","1983-06-16 04:21:23" ,52, 204);
INSERT INTO Exame( EventoID, Nome, Descricao) VALUES (1570,"liquido sinovial","descricao");
INSERT INTO MedicoExame( MedicoID, ExameID) VALUES (403,1570);
INSERT INTO Evento(EventoID,Descricao, Data, Admissao, Quarto) VALUES (1571, "descricao","1988-10-06 09:57:42" ,137, 174);
INSERT INTO Exame( EventoID, Nome, Descricao) VALUES (1571,"broncoscopia","descricao");
INSERT INTO MedicoExame( MedicoID, ExameID) VALUES (393,1571);
INSERT INTO Evento(EventoID,Descricao, Data, Admissao, Quarto) VALUES (1572, "descricao","2004-05-28 02:43:50" ,120, 214);
INSERT INTO Exame( EventoID, Nome, Descricao) VALUES (1572,"toracoscopia","descricao");
INSERT INTO MedicoExame( MedicoID, ExameID) VALUES (423,1572);
INSERT INTO Evento(EventoID,Descricao, Data, Admissao, Quarto) VALUES (1573, "descricao","1973-06-16 07:42:42" ,118, 103);
INSERT INTO Exame( EventoID, Nome, Descricao) VALUES (1573,"Urina","descricao");
INSERT INTO MedicoExame( MedicoID, ExameID) VALUES (410,1573);
INSERT INTO Evento(EventoID,Descricao, Data, Admissao, Quarto) VALUES (1574, "descricao","1985-12-03 12:05:01" ,95, 167);
INSERT INTO Exame( EventoID, Nome, Descricao) VALUES (1574,"Urina","descricao");
INSERT INTO MedicoExame( MedicoID, ExameID) VALUES (408,1574);
INSERT INTO Evento(EventoID,Descricao, Data, Admissao, Quarto) VALUES (1575, "descricao","2017-03-05 08:35:44" ,129, 139);
INSERT INTO Exame( EventoID, Nome, Descricao) VALUES (1575,"cistoscopia","descricao");
INSERT INTO MedicoExame( MedicoID, ExameID) VALUES (396,1575);
INSERT INTO Evento(EventoID,Descricao, Data, Admissao, Quarto) VALUES (1576, "descricao","2015-09-02 20:44:58" ,110, 163);
INSERT INTO Exame( EventoID, Nome, Descricao) VALUES (1576,"toracoscopia","descricao");
INSERT INTO MedicoExame( MedicoID, ExameID) VALUES (390,1576);
INSERT INTO Evento(EventoID,Descricao, Data, Admissao, Quarto) VALUES (1577, "descricao","2016-08-06 23:11:11" ,24, 123);
INSERT INTO Exame( EventoID, Nome, Descricao) VALUES (1577,"toracoscopia","descricao");
INSERT INTO MedicoExame( MedicoID, ExameID) VALUES (412,1577);
INSERT INTO Evento(EventoID,Descricao, Data, Admissao, Quarto) VALUES (1578, "descricao","2007-09-12 08:47:26" ,100, 185);
INSERT INTO Exame( EventoID, Nome, Descricao) VALUES (1578,"laparoscopia","descricao");
INSERT INTO MedicoExame( MedicoID, ExameID) VALUES (405,1578);
INSERT INTO Evento(EventoID,Descricao, Data, Admissao, Quarto) VALUES (1579, "descricao","2016-06-27 18:40:45" ,134, 193);
INSERT INTO Exame( EventoID, Nome, Descricao) VALUES (1579,"esofagoscopia","descricao");
INSERT INTO MedicoExame( MedicoID, ExameID) VALUES (415,1579);
INSERT INTO Evento(EventoID,Descricao, Data, Admissao, Quarto) VALUES (1580, "descricao","1999-10-18 22:52:21" ,181, 173);
INSERT INTO Exame( EventoID, Nome, Descricao) VALUES (1580,"cistoscopia","descricao");
INSERT INTO MedicoExame( MedicoID, ExameID) VALUES (419,1580);
INSERT INTO Evento(EventoID,Descricao, Data, Admissao, Quarto) VALUES (1581, "descricao","1996-10-14 15:24:57" ,49, 241);
INSERT INTO Exame( EventoID, Nome, Descricao) VALUES (1581,"liquido sinovial","descricao");
INSERT INTO MedicoExame( MedicoID, ExameID) VALUES (385,1581);
INSERT INTO Evento(EventoID,Descricao, Data, Admissao, Quarto) VALUES (1582, "descricao","1998-02-02 14:28:34" ,95, 124);
INSERT INTO Exame( EventoID, Nome, Descricao) VALUES (1582,"liquido cefalorraquidiano","descricao");
INSERT INTO MedicoExame( MedicoID, ExameID) VALUES (411,1582);
INSERT INTO Evento(EventoID,Descricao, Data, Admissao, Quarto) VALUES (1583, "descricao","1974-05-29 01:40:54" ,158, 205);
INSERT INTO Exame( EventoID, Nome, Descricao) VALUES (1583,"laparoscopia","descricao");
INSERT INTO MedicoExame( MedicoID, ExameID) VALUES (406,1583);
INSERT INTO Evento(EventoID,Descricao, Data, Admissao, Quarto) VALUES (1584, "descricao","1996-02-07 20:44:34" ,9, 189);
INSERT INTO Exame( EventoID, Nome, Descricao) VALUES (1584,"cistoscopia","descricao");
INSERT INTO MedicoExame( MedicoID, ExameID) VALUES (398,1584);
INSERT INTO Evento(EventoID,Descricao, Data, Admissao, Quarto) VALUES (1585, "descricao","2008-11-19 17:38:54" ,164, 206);
INSERT INTO Exame( EventoID, Nome, Descricao) VALUES (1585,"toracoscopia","descricao");
INSERT INTO MedicoExame( MedicoID, ExameID) VALUES (394,1585);
INSERT INTO Evento(EventoID,Descricao, Data, Admissao, Quarto) VALUES (1586, "descricao","2008-08-09 22:12:38" ,21, 206);
INSERT INTO Exame( EventoID, Nome, Descricao) VALUES (1586,"laparoscopia","descricao");
INSERT INTO MedicoExame( MedicoID, ExameID) VALUES (385,1586);
INSERT INTO Evento(EventoID,Descricao, Data, Admissao, Quarto) VALUES (1587, "descricao","2011-07-14 16:16:06" ,112, 226);
INSERT INTO Exame( EventoID, Nome, Descricao) VALUES (1587,"laparoscopia","descricao");
INSERT INTO MedicoExame( MedicoID, ExameID) VALUES (396,1587);
INSERT INTO Evento(EventoID,Descricao, Data, Admissao, Quarto) VALUES (1588, "descricao","2004-07-08 00:29:23" ,199, 227);
INSERT INTO Exame( EventoID, Nome, Descricao) VALUES (1588,"broncoscopia","descricao");
INSERT INTO MedicoExame( MedicoID, ExameID) VALUES (416,1588);
INSERT INTO Evento(EventoID,Descricao, Data, Admissao, Quarto) VALUES (1589, "descricao","2005-10-11 21:58:38" ,70, 119);
INSERT INTO Exame( EventoID, Nome, Descricao) VALUES (1589,"Urina","descricao");
INSERT INTO MedicoExame( MedicoID, ExameID) VALUES (385,1589);
INSERT INTO Evento(EventoID,Descricao, Data, Admissao, Quarto) VALUES (1590, "descricao","1973-09-09 15:10:50" ,17, 249);
INSERT INTO Exame( EventoID, Nome, Descricao) VALUES (1590,"cistoscopia","descricao");
INSERT INTO MedicoExame( MedicoID, ExameID) VALUES (413,1590);
INSERT INTO Evento(EventoID,Descricao, Data, Admissao, Quarto) VALUES (1591, "descricao","1991-04-17 19:05:34" ,164, 224);
INSERT INTO Exame( EventoID, Nome, Descricao) VALUES (1591,"liquido sinovial","descricao");
INSERT INTO MedicoExame( MedicoID, ExameID) VALUES (415,1591);
INSERT INTO Evento(EventoID,Descricao, Data, Admissao, Quarto) VALUES (1592, "descricao","1983-10-26 16:28:15" ,12, 171);
INSERT INTO Exame( EventoID, Nome, Descricao) VALUES (1592,"Urina","descricao");
INSERT INTO MedicoExame( MedicoID, ExameID) VALUES (423,1592);
INSERT INTO Evento(EventoID,Descricao, Data, Admissao, Quarto) VALUES (1593, "descricao","2007-02-18 09:43:51" ,19, 212);
INSERT INTO Exame( EventoID, Nome, Descricao) VALUES (1593,"Urina","descricao");
INSERT INTO MedicoExame( MedicoID, ExameID) VALUES (406,1593);
INSERT INTO Evento(EventoID,Descricao, Data, Admissao, Quarto) VALUES (1594, "descricao","1973-02-05 06:19:24" ,162, 220);
INSERT INTO Exame( EventoID, Nome, Descricao) VALUES (1594,"broncoscopia","descricao");
INSERT INTO MedicoExame( MedicoID, ExameID) VALUES (425,1594);
INSERT INTO Evento(EventoID,Descricao, Data, Admissao, Quarto) VALUES (1595, "descricao","1999-06-04 03:08:03" ,20, 248);
INSERT INTO Exame( EventoID, Nome, Descricao) VALUES (1595,"Urina","descricao");
INSERT INTO MedicoExame( MedicoID, ExameID) VALUES (419,1595);
INSERT INTO Evento(EventoID,Descricao, Data, Admissao, Quarto) VALUES (1596, "descricao","1985-04-09 14:04:04" ,55, 142);
INSERT INTO Exame( EventoID, Nome, Descricao) VALUES (1596,"laparoscopia","descricao");
INSERT INTO MedicoExame( MedicoID, ExameID) VALUES (401,1596);
INSERT INTO Evento(EventoID,Descricao, Data, Admissao, Quarto) VALUES (1597, "descricao","2011-01-21 10:04:42" ,142, 129);
INSERT INTO Exame( EventoID, Nome, Descricao) VALUES (1597,"laringoscopia","descricao");
INSERT INTO MedicoExame( MedicoID, ExameID) VALUES (393,1597);
INSERT INTO Evento(EventoID,Descricao, Data, Admissao, Quarto) VALUES (1598, "descricao","1980-11-07 20:43:09" ,63, 221);
INSERT INTO Exame( EventoID, Nome, Descricao) VALUES (1598,"Sangue","descricao");
INSERT INTO MedicoExame( MedicoID, ExameID) VALUES (422,1598);
INSERT INTO Evento(EventoID,Descricao, Data, Admissao, Quarto) VALUES (1599, "descricao","1977-12-07 15:14:32" ,68, 152);
INSERT INTO Exame( EventoID, Nome, Descricao) VALUES (1599,"laringoscopia","descricao");
INSERT INTO MedicoExame( MedicoID, ExameID) VALUES (384,1599);
INSERT INTO Evento(EventoID,Descricao, Data, Admissao, Quarto) VALUES (1600, "descricao","1970-03-06 18:20:43" ,131, 239);
INSERT INTO Exame( EventoID, Nome, Descricao) VALUES (1600,"laparoscopia","descricao");
INSERT INTO MedicoExame( MedicoID, ExameID) VALUES (387,1600);
INSERT INTO Evento(EventoID,Descricao, Data, Admissao, Quarto) VALUES (1601, "descricao","2008-04-20 12:06:59" ,121, 174);
INSERT INTO Exame( EventoID, Nome, Descricao) VALUES (1601,"liquido cefalorraquidiano","descricao");
INSERT INTO MedicoExame( MedicoID, ExameID) VALUES (393,1601);
INSERT INTO Evento(EventoID,Descricao, Data, Admissao, Quarto) VALUES (1602, "descricao","1975-03-04 17:48:04" ,119, 127);
INSERT INTO Exame( EventoID, Nome, Descricao) VALUES (1602,"Urina","descricao");
INSERT INTO MedicoExame( MedicoID, ExameID) VALUES (395,1602);
INSERT INTO Evento(EventoID,Descricao, Data, Admissao, Quarto) VALUES (1603, "descricao","2005-06-01 17:38:56" ,164, 185);
INSERT INTO Exame( EventoID, Nome, Descricao) VALUES (1603,"broncoscopia","descricao");
INSERT INTO MedicoExame( MedicoID, ExameID) VALUES (413,1603);
INSERT INTO Evento(EventoID,Descricao, Data, Admissao, Quarto) VALUES (1604, "descricao","2010-12-01 07:49:53" ,194, 233);
INSERT INTO Exame( EventoID, Nome, Descricao) VALUES (1604,"toracoscopia","descricao");
INSERT INTO MedicoExame( MedicoID, ExameID) VALUES (422,1604);
INSERT INTO Evento(EventoID,Descricao, Data, Admissao, Quarto) VALUES (1605, "descricao","2015-08-20 01:23:34" ,124, 112);
INSERT INTO Exame( EventoID, Nome, Descricao) VALUES (1605,"broncoscopia","descricao");
INSERT INTO MedicoExame( MedicoID, ExameID) VALUES (399,1605);
INSERT INTO Evento(EventoID,Descricao, Data, Admissao, Quarto) VALUES (1606, "descricao","2015-09-28 19:08:13" ,101, 204);
INSERT INTO Exame( EventoID, Nome, Descricao) VALUES (1606,"liquido sinovial","descricao");
INSERT INTO MedicoExame( MedicoID, ExameID) VALUES (388,1606);
INSERT INTO Evento(EventoID,Descricao, Data, Admissao, Quarto) VALUES (1607, "descricao","1978-09-25 18:05:36" ,98, 115);
INSERT INTO Exame( EventoID, Nome, Descricao) VALUES (1607,"liquido cefalorraquidiano","descricao");
INSERT INTO MedicoExame( MedicoID, ExameID) VALUES (386,1607);
INSERT INTO Evento(EventoID,Descricao, Data, Admissao, Quarto) VALUES (1608, "descricao","2017-01-21 14:37:05" ,116, 158);
INSERT INTO Exame( EventoID, Nome, Descricao) VALUES (1608,"laringoscopia","descricao");
INSERT INTO MedicoExame( MedicoID, ExameID) VALUES (398,1608);
INSERT INTO Evento(EventoID,Descricao, Data, Admissao, Quarto) VALUES (1609, "descricao","1975-04-25 07:48:51" ,158, 218);
INSERT INTO Exame( EventoID, Nome, Descricao) VALUES (1609,"Urina","descricao");
INSERT INTO MedicoExame( MedicoID, ExameID) VALUES (416,1609);
INSERT INTO Evento(EventoID,Descricao, Data, Admissao, Quarto) VALUES (1610, "descricao","2000-06-13 17:49:03" ,128, 136);
INSERT INTO Exame( EventoID, Nome, Descricao) VALUES (1610,"Sangue","descricao");
INSERT INTO MedicoExame( MedicoID, ExameID) VALUES (392,1610);
INSERT INTO Evento(EventoID,Descricao, Data, Admissao, Quarto) VALUES (1611, "descricao","2004-10-09 02:19:27" ,124, 138);
INSERT INTO Exame( EventoID, Nome, Descricao) VALUES (1611,"liquido cefalorraquidiano","descricao");
INSERT INTO MedicoExame( MedicoID, ExameID) VALUES (394,1611);
INSERT INTO Evento(EventoID,Descricao, Data, Admissao, Quarto) VALUES (1612, "descricao","2010-06-24 03:48:41" ,178, 103);
INSERT INTO Exame( EventoID, Nome, Descricao) VALUES (1612,"esofagoscopia","descricao");
INSERT INTO MedicoExame( MedicoID, ExameID) VALUES (408,1612);
INSERT INTO Evento(EventoID,Descricao, Data, Admissao, Quarto) VALUES (1613, "descricao","1989-10-25 16:05:03" ,176, 196);
INSERT INTO Exame( EventoID, Nome, Descricao) VALUES (1613,"esofagoscopia","descricao");
INSERT INTO MedicoExame( MedicoID, ExameID) VALUES (412,1613);
INSERT INTO Evento(EventoID,Descricao, Data, Admissao, Quarto) VALUES (1614, "descricao","1994-12-14 06:31:55" ,136, 202);
INSERT INTO Exame( EventoID, Nome, Descricao) VALUES (1614,"esofagoscopia","descricao");
INSERT INTO MedicoExame( MedicoID, ExameID) VALUES (409,1614);
INSERT INTO Evento(EventoID,Descricao, Data, Admissao, Quarto) VALUES (1615, "descricao","1986-12-15 08:44:22" ,154, 127);
INSERT INTO Exame( EventoID, Nome, Descricao) VALUES (1615,"Urina","descricao");
INSERT INTO MedicoExame( MedicoID, ExameID) VALUES (404,1615);
INSERT INTO Evento(EventoID,Descricao, Data, Admissao, Quarto) VALUES (1616, "descricao","1998-01-28 08:22:43" ,52, 104);
INSERT INTO Exame( EventoID, Nome, Descricao) VALUES (1616,"toracoscopia","descricao");
INSERT INTO MedicoExame( MedicoID, ExameID) VALUES (409,1616);
INSERT INTO Evento(EventoID,Descricao, Data, Admissao, Quarto) VALUES (1617, "descricao","2016-06-17 22:06:09" ,118, 123);
INSERT INTO Exame( EventoID, Nome, Descricao) VALUES (1617,"esofagoscopia","descricao");
INSERT INTO MedicoExame( MedicoID, ExameID) VALUES (419,1617);
INSERT INTO Evento(EventoID,Descricao, Data, Admissao, Quarto) VALUES (1618, "descricao","1997-01-01 05:00:25" ,112, 229);
INSERT INTO Exame( EventoID, Nome, Descricao) VALUES (1618,"mediastinoscopia","descricao");
INSERT INTO MedicoExame( MedicoID, ExameID) VALUES (400,1618);
INSERT INTO Evento(EventoID,Descricao, Data, Admissao, Quarto) VALUES (1619, "descricao","1973-07-10 12:07:47" ,67, 162);
INSERT INTO Exame( EventoID, Nome, Descricao) VALUES (1619,"Urina","descricao");
INSERT INTO MedicoExame( MedicoID, ExameID) VALUES (404,1619);
INSERT INTO Evento(EventoID,Descricao, Data, Admissao, Quarto) VALUES (1620, "descricao","2016-09-25 10:59:57" ,118, 119);
INSERT INTO Exame( EventoID, Nome, Descricao) VALUES (1620,"laringoscopia","descricao");
INSERT INTO MedicoExame( MedicoID, ExameID) VALUES (410,1620);
INSERT INTO Evento(EventoID,Descricao, Data, Admissao, Quarto) VALUES (1621, "descricao","2000-01-17 04:59:59" ,198, 180);
INSERT INTO Exame( EventoID, Nome, Descricao) VALUES (1621,"laparoscopia","descricao");
INSERT INTO MedicoExame( MedicoID, ExameID) VALUES (415,1621);
INSERT INTO Evento(EventoID,Descricao, Data, Admissao, Quarto) VALUES (1622, "descricao","1988-10-20 23:30:52" ,195, 156);
INSERT INTO Exame( EventoID, Nome, Descricao) VALUES (1622,"Urina","descricao");
INSERT INTO MedicoExame( MedicoID, ExameID) VALUES (404,1622);
INSERT INTO Evento(EventoID,Descricao, Data, Admissao, Quarto) VALUES (1623, "descricao","2006-01-16 21:53:55" ,170, 244);
INSERT INTO Exame( EventoID, Nome, Descricao) VALUES (1623,"mediastinoscopia","descricao");
INSERT INTO MedicoExame( MedicoID, ExameID) VALUES (420,1623);
INSERT INTO Evento(EventoID,Descricao, Data, Admissao, Quarto) VALUES (1624, "descricao","2001-07-11 13:32:24" ,162, 170);
INSERT INTO Exame( EventoID, Nome, Descricao) VALUES (1624,"liquido cefalorraquidiano","descricao");
INSERT INTO MedicoExame( MedicoID, ExameID) VALUES (424,1624);
INSERT INTO Evento(EventoID,Descricao, Data, Admissao, Quarto) VALUES (1625, "descricao","1977-04-30 02:14:39" ,90, 192);
INSERT INTO Exame( EventoID, Nome, Descricao) VALUES (1625,"laparoscopia","descricao");
INSERT INTO MedicoExame( MedicoID, ExameID) VALUES (424,1625);
INSERT INTO Evento(EventoID,Descricao, Data, Admissao, Quarto) VALUES (1626, "descricao","1974-08-14 14:43:55" ,136, 204);
INSERT INTO Exame( EventoID, Nome, Descricao) VALUES (1626,"liquido sinovial","descricao");
INSERT INTO MedicoExame( MedicoID, ExameID) VALUES (401,1626);
INSERT INTO Evento(EventoID,Descricao, Data, Admissao, Quarto) VALUES (1627, "descricao","2008-05-08 10:28:38" ,168, 191);
INSERT INTO Exame( EventoID, Nome, Descricao) VALUES (1627,"esofagoscopia","descricao");
INSERT INTO MedicoExame( MedicoID, ExameID) VALUES (408,1627);
INSERT INTO Evento(EventoID,Descricao, Data, Admissao, Quarto) VALUES (1628, "descricao","1977-08-07 19:23:03" ,33, 181);
INSERT INTO Exame( EventoID, Nome, Descricao) VALUES (1628,"liquido sinovial","descricao");
INSERT INTO MedicoExame( MedicoID, ExameID) VALUES (397,1628);
INSERT INTO Evento(EventoID,Descricao, Data, Admissao, Quarto) VALUES (1629, "descricao","1976-11-27 21:01:29" ,17, 244);
INSERT INTO Exame( EventoID, Nome, Descricao) VALUES (1629,"liquido cefalorraquidiano","descricao");
INSERT INTO MedicoExame( MedicoID, ExameID) VALUES (392,1629);
INSERT INTO Evento(EventoID,Descricao, Data, Admissao, Quarto) VALUES (1630, "descricao","1984-07-07 05:05:01" ,78, 169);
INSERT INTO Exame( EventoID, Nome, Descricao) VALUES (1630,"liquido sinovial","descricao");
INSERT INTO MedicoExame( MedicoID, ExameID) VALUES (400,1630);
INSERT INTO Evento(EventoID,Descricao, Data, Admissao, Quarto) VALUES (1631, "descricao","1993-05-07 11:12:21" ,26, 125);
INSERT INTO Exame( EventoID, Nome, Descricao) VALUES (1631,"toracoscopia","descricao");
INSERT INTO MedicoExame( MedicoID, ExameID) VALUES (392,1631);
INSERT INTO Evento(EventoID,Descricao, Data, Admissao, Quarto) VALUES (1632, "descricao","1996-08-03 17:37:00" ,158, 115);
INSERT INTO Exame( EventoID, Nome, Descricao) VALUES (1632,"mediastinoscopia","descricao");
INSERT INTO MedicoExame( MedicoID, ExameID) VALUES (426,1632);
INSERT INTO Evento(EventoID,Descricao, Data, Admissao, Quarto) VALUES (1633, "descricao","2016-08-27 15:09:00" ,168, 143);
INSERT INTO Exame( EventoID, Nome, Descricao) VALUES (1633,"liquido sinovial","descricao");
INSERT INTO MedicoExame( MedicoID, ExameID) VALUES (394,1633);
INSERT INTO Evento(EventoID,Descricao, Data, Admissao, Quarto) VALUES (1634, "descricao","2015-12-21 12:08:14" ,191, 112);
INSERT INTO Exame( EventoID, Nome, Descricao) VALUES (1634,"Urina","descricao");
INSERT INTO MedicoExame( MedicoID, ExameID) VALUES (392,1634);
INSERT INTO Evento(EventoID,Descricao, Data, Admissao, Quarto) VALUES (1635, "descricao","1976-06-23 07:59:30" ,122, 207);
INSERT INTO Exame( EventoID, Nome, Descricao) VALUES (1635,"laringoscopia","descricao");
INSERT INTO MedicoExame( MedicoID, ExameID) VALUES (409,1635);
INSERT INTO Evento(EventoID,Descricao, Data, Admissao, Quarto) VALUES (1636, "descricao","1970-01-12 05:33:36" ,194, 246);
INSERT INTO Exame( EventoID, Nome, Descricao) VALUES (1636,"laringoscopia","descricao");
INSERT INTO MedicoExame( MedicoID, ExameID) VALUES (422,1636);
INSERT INTO Evento(EventoID,Descricao, Data, Admissao, Quarto) VALUES (1637, "descricao","2019-03-07 05:06:58" ,151, 191);
INSERT INTO Exame( EventoID, Nome, Descricao) VALUES (1637,"laringoscopia","descricao");
INSERT INTO MedicoExame( MedicoID, ExameID) VALUES (393,1637);
INSERT INTO Evento(EventoID,Descricao, Data, Admissao, Quarto) VALUES (1638, "descricao","1982-03-11 11:30:39" ,83, 235);
INSERT INTO Exame( EventoID, Nome, Descricao) VALUES (1638,"liquido sinovial","descricao");
INSERT INTO MedicoExame( MedicoID, ExameID) VALUES (401,1638);
INSERT INTO Evento(EventoID,Descricao, Data, Admissao, Quarto) VALUES (1639, "descricao","1976-02-18 18:25:48" ,75, 190);
INSERT INTO Exame( EventoID, Nome, Descricao) VALUES (1639,"mediastinoscopia","descricao");
INSERT INTO MedicoExame( MedicoID, ExameID) VALUES (405,1639);
INSERT INTO Evento(EventoID,Descricao, Data, Admissao, Quarto) VALUES (1640, "descricao","1989-04-29 12:42:56" ,174, 150);
INSERT INTO Exame( EventoID, Nome, Descricao) VALUES (1640,"cistoscopia","descricao");
INSERT INTO MedicoExame( MedicoID, ExameID) VALUES (389,1640);
INSERT INTO Evento(EventoID,Descricao, Data, Admissao, Quarto) VALUES (1641, "descricao","2001-06-03 00:45:07" ,53, 121);
INSERT INTO Exame( EventoID, Nome, Descricao) VALUES (1641,"cistoscopia","descricao");
INSERT INTO MedicoExame( MedicoID, ExameID) VALUES (393,1641);
INSERT INTO Evento(EventoID,Descricao, Data, Admissao, Quarto) VALUES (1642, "descricao","2012-07-25 10:45:01" ,38, 146);
INSERT INTO Exame( EventoID, Nome, Descricao) VALUES (1642,"liquido sinovial","descricao");
INSERT INTO MedicoExame( MedicoID, ExameID) VALUES (385,1642);
INSERT INTO Evento(EventoID,Descricao, Data, Admissao, Quarto) VALUES (1643, "descricao","1992-12-05 17:23:21" ,157, 147);
INSERT INTO Exame( EventoID, Nome, Descricao) VALUES (1643,"mediastinoscopia","descricao");
INSERT INTO MedicoExame( MedicoID, ExameID) VALUES (385,1643);
INSERT INTO Evento(EventoID,Descricao, Data, Admissao, Quarto) VALUES (1644, "descricao","1972-04-30 11:33:03" ,121, 215);
INSERT INTO Exame( EventoID, Nome, Descricao) VALUES (1644,"mediastinoscopia","descricao");
INSERT INTO MedicoExame( MedicoID, ExameID) VALUES (391,1644);
INSERT INTO Evento(EventoID,Descricao, Data, Admissao, Quarto) VALUES (1645, "descricao","1980-06-02 11:57:47" ,26, 142);
INSERT INTO Exame( EventoID, Nome, Descricao) VALUES (1645,"cistoscopia","descricao");
INSERT INTO MedicoExame( MedicoID, ExameID) VALUES (404,1645);
INSERT INTO Evento(EventoID,Descricao, Data, Admissao, Quarto) VALUES (1646, "descricao","2019-01-26 00:45:01" ,49, 148);
INSERT INTO Exame( EventoID, Nome, Descricao) VALUES (1646,"Urina","descricao");
INSERT INTO MedicoExame( MedicoID, ExameID) VALUES (400,1646);
INSERT INTO Evento(EventoID,Descricao, Data, Admissao, Quarto) VALUES (1647, "descricao","2001-08-15 02:08:48" ,72, 232);
INSERT INTO Exame( EventoID, Nome, Descricao) VALUES (1647,"mediastinoscopia","descricao");
INSERT INTO MedicoExame( MedicoID, ExameID) VALUES (425,1647);
INSERT INTO Evento(EventoID,Descricao, Data, Admissao, Quarto) VALUES (1648, "descricao","1995-02-07 06:04:00" ,105, 230);
INSERT INTO Exame( EventoID, Nome, Descricao) VALUES (1648,"esofagoscopia","descricao");
INSERT INTO MedicoExame( MedicoID, ExameID) VALUES (389,1648);
INSERT INTO Evento(EventoID,Descricao, Data, Admissao, Quarto) VALUES (1649, "descricao","2010-06-07 10:18:13" ,85, 115);
INSERT INTO Exame( EventoID, Nome, Descricao) VALUES (1649,"esofagoscopia","descricao");
INSERT INTO MedicoExame( MedicoID, ExameID) VALUES (393,1649);
INSERT INTO Evento(EventoID,Descricao, Data, Admissao, Quarto) VALUES (1650, "descricao","2011-12-27 19:56:54" ,23, 229);
INSERT INTO Exame( EventoID, Nome, Descricao) VALUES (1650,"liquido sinovial","descricao");
INSERT INTO MedicoExame( MedicoID, ExameID) VALUES (404,1650);
INSERT INTO Evento(EventoID,Descricao, Data, Admissao, Quarto) VALUES (1651, "descricao","1982-02-20 08:41:02" ,115, 246);
INSERT INTO Exame( EventoID, Nome, Descricao) VALUES (1651,"cistoscopia","descricao");
INSERT INTO MedicoExame( MedicoID, ExameID) VALUES (408,1651);
INSERT INTO Evento(EventoID,Descricao, Data, Admissao, Quarto) VALUES (1652, "descricao","2011-11-01 04:55:11" ,79, 249);
INSERT INTO Exame( EventoID, Nome, Descricao) VALUES (1652,"esofagoscopia","descricao");
INSERT INTO MedicoExame( MedicoID, ExameID) VALUES (423,1652);
INSERT INTO Evento(EventoID,Descricao, Data, Admissao, Quarto) VALUES (1653, "descricao","2015-10-05 03:27:00" ,94, 191);
INSERT INTO Exame( EventoID, Nome, Descricao) VALUES (1653,"broncoscopia","descricao");
INSERT INTO MedicoExame( MedicoID, ExameID) VALUES (406,1653);
INSERT INTO Evento(EventoID,Descricao, Data, Admissao, Quarto) VALUES (1654, "descricao","1993-05-12 21:39:00" ,94, 103);
INSERT INTO Exame( EventoID, Nome, Descricao) VALUES (1654,"Sangue","descricao");
INSERT INTO MedicoExame( MedicoID, ExameID) VALUES (421,1654);
INSERT INTO Evento(EventoID,Descricao, Data, Admissao, Quarto) VALUES (1655, "descricao","2015-08-10 03:51:58" ,178, 204);
INSERT INTO Exame( EventoID, Nome, Descricao) VALUES (1655,"toracoscopia","descricao");
INSERT INTO MedicoExame( MedicoID, ExameID) VALUES (389,1655);
INSERT INTO Evento(EventoID,Descricao, Data, Admissao, Quarto) VALUES (1656, "descricao","1971-03-19 22:15:58" ,48, 118);
INSERT INTO Exame( EventoID, Nome, Descricao) VALUES (1656,"esofagoscopia","descricao");
INSERT INTO MedicoExame( MedicoID, ExameID) VALUES (387,1656);
INSERT INTO Evento(EventoID,Descricao, Data, Admissao, Quarto) VALUES (1657, "descricao","2000-05-29 20:46:57" ,157, 107);
INSERT INTO Exame( EventoID, Nome, Descricao) VALUES (1657,"laringoscopia","descricao");
INSERT INTO MedicoExame( MedicoID, ExameID) VALUES (385,1657);
INSERT INTO Evento(EventoID,Descricao, Data, Admissao, Quarto) VALUES (1658, "descricao","2010-10-19 18:00:01" ,163, 236);
INSERT INTO Exame( EventoID, Nome, Descricao) VALUES (1658,"laringoscopia","descricao");
INSERT INTO MedicoExame( MedicoID, ExameID) VALUES (426,1658);
INSERT INTO Evento(EventoID,Descricao, Data, Admissao, Quarto) VALUES (1659, "descricao","2010-06-28 18:35:36" ,179, 183);
INSERT INTO Exame( EventoID, Nome, Descricao) VALUES (1659,"liquido sinovial","descricao");
INSERT INTO MedicoExame( MedicoID, ExameID) VALUES (398,1659);
INSERT INTO Evento(EventoID,Descricao, Data, Admissao, Quarto) VALUES (1660, "descricao","1976-11-01 00:14:47" ,69, 175);
INSERT INTO Exame( EventoID, Nome, Descricao) VALUES (1660,"esofagoscopia","descricao");
INSERT INTO MedicoExame( MedicoID, ExameID) VALUES (425,1660);
INSERT INTO Evento(EventoID,Descricao, Data, Admissao, Quarto) VALUES (1661, "descricao","1996-11-09 00:58:37" ,151, 200);
INSERT INTO Exame( EventoID, Nome, Descricao) VALUES (1661,"broncoscopia","descricao");
INSERT INTO MedicoExame( MedicoID, ExameID) VALUES (390,1661);
INSERT INTO Evento(EventoID,Descricao, Data, Admissao, Quarto) VALUES (1662, "descricao","1981-03-28 03:45:13" ,194, 186);
INSERT INTO Exame( EventoID, Nome, Descricao) VALUES (1662,"toracoscopia","descricao");
INSERT INTO MedicoExame( MedicoID, ExameID) VALUES (410,1662);
INSERT INTO Evento(EventoID,Descricao, Data, Admissao, Quarto) VALUES (1663, "descricao","1991-06-03 17:02:46" ,101, 242);
INSERT INTO Exame( EventoID, Nome, Descricao) VALUES (1663,"liquido cefalorraquidiano","descricao");
INSERT INTO MedicoExame( MedicoID, ExameID) VALUES (384,1663);
INSERT INTO Evento(EventoID,Descricao, Data, Admissao, Quarto) VALUES (1664, "descricao","1989-04-10 14:36:04" ,158, 182);
INSERT INTO Exame( EventoID, Nome, Descricao) VALUES (1664,"Sangue","descricao");
INSERT INTO MedicoExame( MedicoID, ExameID) VALUES (406,1664);
INSERT INTO Evento(EventoID,Descricao, Data, Admissao, Quarto) VALUES (1665, "descricao","2015-04-24 18:02:52" ,32, 143);
INSERT INTO Exame( EventoID, Nome, Descricao) VALUES (1665,"Sangue","descricao");
INSERT INTO MedicoExame( MedicoID, ExameID) VALUES (410,1665);
INSERT INTO Evento(EventoID,Descricao, Data, Admissao, Quarto) VALUES (1666, "descricao","1973-05-10 20:25:14" ,184, 163);
INSERT INTO Exame( EventoID, Nome, Descricao) VALUES (1666,"liquido sinovial","descricao");
INSERT INTO MedicoExame( MedicoID, ExameID) VALUES (418,1666);
INSERT INTO Evento(EventoID,Descricao, Data, Admissao, Quarto) VALUES (1667, "descricao","1973-12-09 19:23:26" ,106, 216);
INSERT INTO Exame( EventoID, Nome, Descricao) VALUES (1667,"Urina","descricao");
INSERT INTO MedicoExame( MedicoID, ExameID) VALUES (396,1667);
INSERT INTO Evento(EventoID,Descricao, Data, Admissao, Quarto) VALUES (1668, "descricao","1976-03-19 10:17:11" ,68, 204);
INSERT INTO Exame( EventoID, Nome, Descricao) VALUES (1668,"mediastinoscopia","descricao");
INSERT INTO MedicoExame( MedicoID, ExameID) VALUES (402,1668);
INSERT INTO Evento(EventoID,Descricao, Data, Admissao, Quarto) VALUES (1669, "descricao","1977-11-29 00:07:59" ,158, 119);
INSERT INTO Exame( EventoID, Nome, Descricao) VALUES (1669,"mediastinoscopia","descricao");
INSERT INTO MedicoExame( MedicoID, ExameID) VALUES (396,1669);
INSERT INTO Evento(EventoID,Descricao, Data, Admissao, Quarto) VALUES (1670, "descricao","1987-02-03 05:39:51" ,76, 176);
INSERT INTO Exame( EventoID, Nome, Descricao) VALUES (1670,"Urina","descricao");
INSERT INTO MedicoExame( MedicoID, ExameID) VALUES (406,1670);
INSERT INTO Evento(EventoID,Descricao, Data, Admissao, Quarto) VALUES (1671, "descricao","1996-12-18 09:06:39" ,71, 197);
INSERT INTO Exame( EventoID, Nome, Descricao) VALUES (1671,"liquido cefalorraquidiano","descricao");
INSERT INTO MedicoExame( MedicoID, ExameID) VALUES (426,1671);
INSERT INTO Evento(EventoID,Descricao, Data, Admissao, Quarto) VALUES (1672, "descricao","1985-02-21 21:12:53" ,145, 200);
INSERT INTO Exame( EventoID, Nome, Descricao) VALUES (1672,"Urina","descricao");
INSERT INTO MedicoExame( MedicoID, ExameID) VALUES (403,1672);
INSERT INTO Evento(EventoID,Descricao, Data, Admissao, Quarto) VALUES (1673, "descricao","1980-01-12 09:56:23" ,16, 211);
INSERT INTO Exame( EventoID, Nome, Descricao) VALUES (1673,"cistoscopia","descricao");
INSERT INTO MedicoExame( MedicoID, ExameID) VALUES (398,1673);
INSERT INTO Evento(EventoID,Descricao, Data, Admissao, Quarto) VALUES (1674, "descricao","2013-05-12 02:30:09" ,37, 249);
INSERT INTO Exame( EventoID, Nome, Descricao) VALUES (1674,"Sangue","descricao");
INSERT INTO MedicoExame( MedicoID, ExameID) VALUES (405,1674);
INSERT INTO Evento(EventoID,Descricao, Data, Admissao, Quarto) VALUES (1675, "descricao","1999-06-19 08:23:03" ,171, 140);
INSERT INTO Exame( EventoID, Nome, Descricao) VALUES (1675,"laringoscopia","descricao");
INSERT INTO MedicoExame( MedicoID, ExameID) VALUES (412,1675);
INSERT INTO Evento(EventoID,Descricao, Data, Admissao, Quarto) VALUES (1676, "descricao","1975-02-13 13:39:41" ,62, 113);
INSERT INTO Exame( EventoID, Nome, Descricao) VALUES (1676,"Sangue","descricao");
INSERT INTO MedicoExame( MedicoID, ExameID) VALUES (384,1676);
INSERT INTO Evento(EventoID,Descricao, Data, Admissao, Quarto) VALUES (1677, "descricao","2014-03-23 00:47:31" ,183, 146);
INSERT INTO Exame( EventoID, Nome, Descricao) VALUES (1677,"mediastinoscopia","descricao");
INSERT INTO MedicoExame( MedicoID, ExameID) VALUES (384,1677);
INSERT INTO Evento(EventoID,Descricao, Data, Admissao, Quarto) VALUES (1678, "descricao","1995-05-15 22:51:20" ,167, 143);
INSERT INTO Exame( EventoID, Nome, Descricao) VALUES (1678,"Urina","descricao");
INSERT INTO MedicoExame( MedicoID, ExameID) VALUES (401,1678);
INSERT INTO Evento(EventoID,Descricao, Data, Admissao, Quarto) VALUES (1679, "descricao","2008-07-03 04:01:26" ,55, 248);
INSERT INTO Exame( EventoID, Nome, Descricao) VALUES (1679,"cistoscopia","descricao");
INSERT INTO MedicoExame( MedicoID, ExameID) VALUES (413,1679);
INSERT INTO Evento(EventoID,Descricao, Data, Admissao, Quarto) VALUES (1680, "descricao","2013-08-13 08:48:25" ,145, 211);
INSERT INTO Exame( EventoID, Nome, Descricao) VALUES (1680,"mediastinoscopia","descricao");
INSERT INTO MedicoExame( MedicoID, ExameID) VALUES (405,1680);
INSERT INTO Evento(EventoID,Descricao, Data, Admissao, Quarto) VALUES (1681, "descricao","2007-10-19 13:21:05" ,151, 133);
INSERT INTO Exame( EventoID, Nome, Descricao) VALUES (1681,"esofagoscopia","descricao");
INSERT INTO MedicoExame( MedicoID, ExameID) VALUES (417,1681);
INSERT INTO Evento(EventoID,Descricao, Data, Admissao, Quarto) VALUES (1682, "descricao","1986-04-04 01:17:10" ,7, 200);
INSERT INTO Exame( EventoID, Nome, Descricao) VALUES (1682,"esofagoscopia","descricao");
INSERT INTO MedicoExame( MedicoID, ExameID) VALUES (419,1682);
INSERT INTO Evento(EventoID,Descricao, Data, Admissao, Quarto) VALUES (1683, "descricao","2012-02-01 11:50:27" ,7, 229);
INSERT INTO Exame( EventoID, Nome, Descricao) VALUES (1683,"liquido sinovial","descricao");
INSERT INTO MedicoExame( MedicoID, ExameID) VALUES (384,1683);
INSERT INTO Evento(EventoID,Descricao, Data, Admissao, Quarto) VALUES (1684, "descricao","1979-05-19 11:50:50" ,73, 245);
INSERT INTO Exame( EventoID, Nome, Descricao) VALUES (1684,"broncoscopia","descricao");
INSERT INTO MedicoExame( MedicoID, ExameID) VALUES (416,1684);
INSERT INTO Evento(EventoID,Descricao, Data, Admissao, Quarto) VALUES (1685, "descricao","2015-07-08 20:49:19" ,175, 131);
INSERT INTO Exame( EventoID, Nome, Descricao) VALUES (1685,"cistoscopia","descricao");
INSERT INTO MedicoExame( MedicoID, ExameID) VALUES (399,1685);
INSERT INTO Evento(EventoID,Descricao, Data, Admissao, Quarto) VALUES (1686, "descricao","1976-08-12 15:45:54" ,104, 108);
INSERT INTO Exame( EventoID, Nome, Descricao) VALUES (1686,"mediastinoscopia","descricao");
INSERT INTO MedicoExame( MedicoID, ExameID) VALUES (392,1686);
INSERT INTO Evento(EventoID,Descricao, Data, Admissao, Quarto) VALUES (1687, "descricao","2010-11-11 11:42:13" ,18, 141);
INSERT INTO Exame( EventoID, Nome, Descricao) VALUES (1687,"laringoscopia","descricao");
INSERT INTO MedicoExame( MedicoID, ExameID) VALUES (398,1687);
INSERT INTO Evento(EventoID,Descricao, Data, Admissao, Quarto) VALUES (1688, "descricao","2007-02-06 01:05:41" ,7, 188);
INSERT INTO Exame( EventoID, Nome, Descricao) VALUES (1688,"liquido cefalorraquidiano","descricao");
INSERT INTO MedicoExame( MedicoID, ExameID) VALUES (426,1688);
INSERT INTO Evento(EventoID,Descricao, Data, Admissao, Quarto) VALUES (1689, "descricao","2009-06-09 07:49:10" ,121, 121);
INSERT INTO Exame( EventoID, Nome, Descricao) VALUES (1689,"liquido sinovial","descricao");
INSERT INTO MedicoExame( MedicoID, ExameID) VALUES (405,1689);
INSERT INTO Evento(EventoID,Descricao, Data, Admissao, Quarto) VALUES (1690, "descricao","2007-05-10 02:20:10" ,5, 228);
INSERT INTO Exame( EventoID, Nome, Descricao) VALUES (1690,"Sangue","descricao");
INSERT INTO MedicoExame( MedicoID, ExameID) VALUES (393,1690);
INSERT INTO Evento(EventoID,Descricao, Data, Admissao, Quarto) VALUES (1691, "descricao","2019-04-30 17:48:52" ,123, 182);
INSERT INTO Exame( EventoID, Nome, Descricao) VALUES (1691,"mediastinoscopia","descricao");
INSERT INTO MedicoExame( MedicoID, ExameID) VALUES (426,1691);
INSERT INTO Evento(EventoID,Descricao, Data, Admissao, Quarto) VALUES (1692, "descricao","1979-12-21 01:25:22" ,68, 242);
INSERT INTO Exame( EventoID, Nome, Descricao) VALUES (1692,"liquido cefalorraquidiano","descricao");
INSERT INTO MedicoExame( MedicoID, ExameID) VALUES (387,1692);
INSERT INTO Evento(EventoID,Descricao, Data, Admissao, Quarto) VALUES (1693, "descricao","2010-07-20 03:00:43" ,48, 245);
INSERT INTO Exame( EventoID, Nome, Descricao) VALUES (1693,"laparoscopia","descricao");
INSERT INTO MedicoExame( MedicoID, ExameID) VALUES (391,1693);
INSERT INTO Evento(EventoID,Descricao, Data, Admissao, Quarto) VALUES (1694, "descricao","1997-12-25 07:36:59" ,96, 105);
INSERT INTO Exame( EventoID, Nome, Descricao) VALUES (1694,"Urina","descricao");
INSERT INTO MedicoExame( MedicoID, ExameID) VALUES (391,1694);
INSERT INTO Evento(EventoID,Descricao, Data, Admissao, Quarto) VALUES (1695, "descricao","1978-01-07 16:18:18" ,159, 140);
INSERT INTO Exame( EventoID, Nome, Descricao) VALUES (1695,"mediastinoscopia","descricao");
INSERT INTO MedicoExame( MedicoID, ExameID) VALUES (418,1695);
INSERT INTO Evento(EventoID,Descricao, Data, Admissao, Quarto) VALUES (1696, "descricao","2017-02-25 08:20:16" ,47, 181);
INSERT INTO Exame( EventoID, Nome, Descricao) VALUES (1696,"laringoscopia","descricao");
INSERT INTO MedicoExame( MedicoID, ExameID) VALUES (401,1696);
INSERT INTO Evento(EventoID,Descricao, Data, Admissao, Quarto) VALUES (1697, "descricao","1982-12-03 13:01:25" ,113, 180);
INSERT INTO Exame( EventoID, Nome, Descricao) VALUES (1697,"Sangue","descricao");
INSERT INTO MedicoExame( MedicoID, ExameID) VALUES (388,1697);
INSERT INTO Evento(EventoID,Descricao, Data, Admissao, Quarto) VALUES (1698, "descricao","1991-08-20 15:19:00" ,40, 190);
INSERT INTO Exame( EventoID, Nome, Descricao) VALUES (1698,"toracoscopia","descricao");
INSERT INTO MedicoExame( MedicoID, ExameID) VALUES (413,1698);
INSERT INTO Evento(EventoID,Descricao, Data, Admissao, Quarto) VALUES (1699, "descricao","1974-03-19 20:20:00" ,11, 242);
INSERT INTO Exame( EventoID, Nome, Descricao) VALUES (1699,"Urina","descricao");
INSERT INTO MedicoExame( MedicoID, ExameID) VALUES (394,1699);
INSERT INTO Evento(EventoID,Descricao, Data, Admissao, Quarto) VALUES (1700, "descricao","2000-10-24 19:39:27" ,5, 202);
INSERT INTO Exame( EventoID, Nome, Descricao) VALUES (1700,"liquido cefalorraquidiano","descricao");
INSERT INTO MedicoExame( MedicoID, ExameID) VALUES (414,1700);
INSERT INTO Evento(EventoID,Descricao, Data, Admissao, Quarto) VALUES (1701, "descricao","2001-09-30 21:00:40" ,131, 122);
INSERT INTO Exame( EventoID, Nome, Descricao) VALUES (1701,"laparoscopia","descricao");
INSERT INTO MedicoExame( MedicoID, ExameID) VALUES (418,1701);
INSERT INTO Evento(EventoID,Descricao, Data, Admissao, Quarto) VALUES (1702, "descricao","1982-07-21 10:43:22" ,122, 187);
INSERT INTO Exame( EventoID, Nome, Descricao) VALUES (1702,"toracoscopia","descricao");
INSERT INTO MedicoExame( MedicoID, ExameID) VALUES (398,1702);
INSERT INTO Evento(EventoID,Descricao, Data, Admissao, Quarto) VALUES (1703, "descricao","2001-08-08 06:03:40" ,148, 137);
INSERT INTO Exame( EventoID, Nome, Descricao) VALUES (1703,"laparoscopia","descricao");
INSERT INTO MedicoExame( MedicoID, ExameID) VALUES (410,1703);
INSERT INTO Evento(EventoID,Descricao, Data, Admissao, Quarto) VALUES (1704, "descricao","1999-11-18 08:53:16" ,67, 177);
INSERT INTO Exame( EventoID, Nome, Descricao) VALUES (1704,"broncoscopia","descricao");
INSERT INTO MedicoExame( MedicoID, ExameID) VALUES (421,1704);
INSERT INTO Evento(EventoID,Descricao, Data, Admissao, Quarto) VALUES (1705, "descricao","1974-12-27 09:34:17" ,62, 202);
INSERT INTO Exame( EventoID, Nome, Descricao) VALUES (1705,"Urina","descricao");
INSERT INTO MedicoExame( MedicoID, ExameID) VALUES (388,1705);
INSERT INTO Evento(EventoID,Descricao, Data, Admissao, Quarto) VALUES (1706, "descricao","2017-09-28 12:41:27" ,121, 164);
INSERT INTO Exame( EventoID, Nome, Descricao) VALUES (1706,"Sangue","descricao");
INSERT INTO MedicoExame( MedicoID, ExameID) VALUES (384,1706);
INSERT INTO Evento(EventoID,Descricao, Data, Admissao, Quarto) VALUES (1707, "descricao","1995-10-10 02:41:33" ,109, 133);
INSERT INTO Exame( EventoID, Nome, Descricao) VALUES (1707,"Sangue","descricao");
INSERT INTO MedicoExame( MedicoID, ExameID) VALUES (392,1707);
INSERT INTO Evento(EventoID,Descricao, Data, Admissao, Quarto) VALUES (1708, "descricao","1974-12-06 16:05:19" ,11, 163);
INSERT INTO Exame( EventoID, Nome, Descricao) VALUES (1708,"mediastinoscopia","descricao");
INSERT INTO MedicoExame( MedicoID, ExameID) VALUES (409,1708);
INSERT INTO Evento(EventoID,Descricao, Data, Admissao, Quarto) VALUES (1709, "descricao","2006-02-18 01:48:21" ,178, 150);
INSERT INTO Exame( EventoID, Nome, Descricao) VALUES (1709,"mediastinoscopia","descricao");
INSERT INTO MedicoExame( MedicoID, ExameID) VALUES (420,1709);
INSERT INTO Evento(EventoID,Descricao, Data, Admissao, Quarto) VALUES (1710, "descricao","2009-05-16 04:35:07" ,131, 182);
INSERT INTO Exame( EventoID, Nome, Descricao) VALUES (1710,"broncoscopia","descricao");
INSERT INTO MedicoExame( MedicoID, ExameID) VALUES (406,1710);
INSERT INTO Evento(EventoID,Descricao, Data, Admissao, Quarto) VALUES (1711, "descricao","2007-11-19 22:55:04" ,26, 240);
INSERT INTO Exame( EventoID, Nome, Descricao) VALUES (1711,"laparoscopia","descricao");
INSERT INTO MedicoExame( MedicoID, ExameID) VALUES (399,1711);
INSERT INTO Evento(EventoID,Descricao, Data, Admissao, Quarto) VALUES (1712, "descricao","2001-09-24 15:54:56" ,165, 234);
INSERT INTO Exame( EventoID, Nome, Descricao) VALUES (1712,"mediastinoscopia","descricao");
INSERT INTO MedicoExame( MedicoID, ExameID) VALUES (406,1712);
INSERT INTO Evento(EventoID,Descricao, Data, Admissao, Quarto) VALUES (1713, "descricao","2001-08-23 13:35:26" ,125, 158);
INSERT INTO Exame( EventoID, Nome, Descricao) VALUES (1713,"Urina","descricao");
INSERT INTO MedicoExame( MedicoID, ExameID) VALUES (416,1713);
INSERT INTO Evento(EventoID,Descricao, Data, Admissao, Quarto) VALUES (1714, "descricao","2005-09-11 07:58:43" ,51, 107);
INSERT INTO Exame( EventoID, Nome, Descricao) VALUES (1714,"liquido sinovial","descricao");
INSERT INTO MedicoExame( MedicoID, ExameID) VALUES (397,1714);
INSERT INTO Evento(EventoID,Descricao, Data, Admissao, Quarto) VALUES (1715, "descricao","1972-07-31 01:37:24" ,15, 150);
INSERT INTO Exame( EventoID, Nome, Descricao) VALUES (1715,"broncoscopia","descricao");
INSERT INTO MedicoExame( MedicoID, ExameID) VALUES (412,1715);
INSERT INTO Evento(EventoID,Descricao, Data, Admissao, Quarto) VALUES (1716, "descricao","1974-06-07 10:42:59" ,140, 111);
INSERT INTO Exame( EventoID, Nome, Descricao) VALUES (1716,"cistoscopia","descricao");
INSERT INTO MedicoExame( MedicoID, ExameID) VALUES (414,1716);
INSERT INTO Evento(EventoID,Descricao, Data, Admissao, Quarto) VALUES (1717, "descricao","1980-02-25 11:47:45" ,80, 235);
INSERT INTO Exame( EventoID, Nome, Descricao) VALUES (1717,"mediastinoscopia","descricao");
INSERT INTO MedicoExame( MedicoID, ExameID) VALUES (395,1717);
INSERT INTO Evento(EventoID,Descricao, Data, Admissao, Quarto) VALUES (1718, "descricao","2000-03-21 13:24:40" ,179, 122);
INSERT INTO Exame( EventoID, Nome, Descricao) VALUES (1718,"broncoscopia","descricao");
INSERT INTO MedicoExame( MedicoID, ExameID) VALUES (393,1718);
INSERT INTO Evento(EventoID,Descricao, Data, Admissao, Quarto) VALUES (1719, "descricao","2007-01-20 06:02:08" ,73, 202);
INSERT INTO Exame( EventoID, Nome, Descricao) VALUES (1719,"liquido cefalorraquidiano","descricao");
INSERT INTO MedicoExame( MedicoID, ExameID) VALUES (423,1719);
INSERT INTO Evento(EventoID,Descricao, Data, Admissao, Quarto) VALUES (1720, "descricao","2007-10-28 05:39:23" ,123, 184);
INSERT INTO Exame( EventoID, Nome, Descricao) VALUES (1720,"laparoscopia","descricao");
INSERT INTO MedicoExame( MedicoID, ExameID) VALUES (386,1720);
INSERT INTO Evento(EventoID,Descricao, Data, Admissao, Quarto) VALUES (1721, "descricao","1999-02-01 18:43:40" ,41, 196);
INSERT INTO Exame( EventoID, Nome, Descricao) VALUES (1721,"liquido sinovial","descricao");
INSERT INTO MedicoExame( MedicoID, ExameID) VALUES (388,1721);
INSERT INTO Evento(EventoID,Descricao, Data, Admissao, Quarto) VALUES (1722, "descricao","1995-06-07 09:14:40" ,144, 224);
INSERT INTO Exame( EventoID, Nome, Descricao) VALUES (1722,"esofagoscopia","descricao");
INSERT INTO MedicoExame( MedicoID, ExameID) VALUES (399,1722);
INSERT INTO Evento(EventoID,Descricao, Data, Admissao, Quarto) VALUES (1723, "descricao","2014-02-28 19:14:46" ,117, 153);
INSERT INTO Exame( EventoID, Nome, Descricao) VALUES (1723,"liquido cefalorraquidiano","descricao");
INSERT INTO MedicoExame( MedicoID, ExameID) VALUES (419,1723);
INSERT INTO Evento(EventoID,Descricao, Data, Admissao, Quarto) VALUES (1724, "descricao","1985-07-27 12:03:08" ,62, 246);
INSERT INTO Exame( EventoID, Nome, Descricao) VALUES (1724,"cistoscopia","descricao");
INSERT INTO MedicoExame( MedicoID, ExameID) VALUES (418,1724);
INSERT INTO Evento(EventoID,Descricao, Data, Admissao, Quarto) VALUES (1725, "descricao","1991-06-09 19:43:52" ,180, 142);
INSERT INTO Exame( EventoID, Nome, Descricao) VALUES (1725,"laparoscopia","descricao");
INSERT INTO MedicoExame( MedicoID, ExameID) VALUES (409,1725);
INSERT INTO Evento(EventoID,Descricao, Data, Admissao, Quarto) VALUES (1726, "descricao","1994-08-30 18:46:32" ,51, 220);
INSERT INTO Exame( EventoID, Nome, Descricao) VALUES (1726,"Urina","descricao");
INSERT INTO MedicoExame( MedicoID, ExameID) VALUES (401,1726);
INSERT INTO Evento(EventoID,Descricao, Data, Admissao, Quarto) VALUES (1727, "descricao","2011-09-29 08:47:38" ,2, 162);
INSERT INTO Exame( EventoID, Nome, Descricao) VALUES (1727,"cistoscopia","descricao");
INSERT INTO MedicoExame( MedicoID, ExameID) VALUES (416,1727);
INSERT INTO Evento(EventoID,Descricao, Data, Admissao, Quarto) VALUES (1728, "descricao","1971-12-15 20:08:57" ,26, 156);
INSERT INTO Exame( EventoID, Nome, Descricao) VALUES (1728,"Sangue","descricao");
INSERT INTO MedicoExame( MedicoID, ExameID) VALUES (408,1728);
INSERT INTO Evento(EventoID,Descricao, Data, Admissao, Quarto) VALUES (1729, "descricao","1999-08-13 21:36:25" ,34, 115);
INSERT INTO Exame( EventoID, Nome, Descricao) VALUES (1729,"esofagoscopia","descricao");
INSERT INTO MedicoExame( MedicoID, ExameID) VALUES (392,1729);
INSERT INTO Evento(EventoID,Descricao, Data, Admissao, Quarto) VALUES (1730, "descricao","1992-04-15 07:15:54" ,30, 119);
INSERT INTO Exame( EventoID, Nome, Descricao) VALUES (1730,"laparoscopia","descricao");
INSERT INTO MedicoExame( MedicoID, ExameID) VALUES (426,1730);
INSERT INTO Evento(EventoID,Descricao, Data, Admissao, Quarto) VALUES (1731, "descricao","2010-06-10 20:35:29" ,4, 224);
INSERT INTO Exame( EventoID, Nome, Descricao) VALUES (1731,"Sangue","descricao");
INSERT INTO MedicoExame( MedicoID, ExameID) VALUES (392,1731);
INSERT INTO Evento(EventoID,Descricao, Data, Admissao, Quarto) VALUES (1732, "descricao","1979-04-15 12:22:16" ,155, 122);
INSERT INTO Exame( EventoID, Nome, Descricao) VALUES (1732,"broncoscopia","descricao");
INSERT INTO MedicoExame( MedicoID, ExameID) VALUES (424,1732);
INSERT INTO Evento(EventoID,Descricao, Data, Admissao, Quarto) VALUES (1733, "descricao","2007-07-02 12:06:27" ,130, 183);
INSERT INTO Exame( EventoID, Nome, Descricao) VALUES (1733,"mediastinoscopia","descricao");
INSERT INTO MedicoExame( MedicoID, ExameID) VALUES (417,1733);
INSERT INTO Evento(EventoID,Descricao, Data, Admissao, Quarto) VALUES (1734, "descricao","2017-01-17 21:35:27" ,126, 194);
INSERT INTO Exame( EventoID, Nome, Descricao) VALUES (1734,"liquido sinovial","descricao");
INSERT INTO MedicoExame( MedicoID, ExameID) VALUES (389,1734);
INSERT INTO Evento(EventoID,Descricao, Data, Admissao, Quarto) VALUES (1735, "descricao","2012-08-06 08:57:36" ,91, 154);
INSERT INTO Exame( EventoID, Nome, Descricao) VALUES (1735,"laringoscopia","descricao");
INSERT INTO MedicoExame( MedicoID, ExameID) VALUES (409,1735);
INSERT INTO Evento(EventoID,Descricao, Data, Admissao, Quarto) VALUES (1736, "descricao","2008-08-30 23:33:37" ,94, 217);
INSERT INTO Exame( EventoID, Nome, Descricao) VALUES (1736,"mediastinoscopia","descricao");
INSERT INTO MedicoExame( MedicoID, ExameID) VALUES (407,1736);
INSERT INTO Evento(EventoID,Descricao, Data, Admissao, Quarto) VALUES (1737, "descricao","1987-04-28 04:04:06" ,18, 189);
INSERT INTO Exame( EventoID, Nome, Descricao) VALUES (1737,"toracoscopia","descricao");
INSERT INTO MedicoExame( MedicoID, ExameID) VALUES (403,1737);
INSERT INTO Evento(EventoID,Descricao, Data, Admissao, Quarto) VALUES (1738, "descricao","1989-12-21 13:56:05" ,162, 230);
INSERT INTO Exame( EventoID, Nome, Descricao) VALUES (1738,"laringoscopia","descricao");
INSERT INTO MedicoExame( MedicoID, ExameID) VALUES (405,1738);
INSERT INTO Evento(EventoID,Descricao, Data, Admissao, Quarto) VALUES (1739, "descricao","2018-10-07 06:39:25" ,112, 202);
INSERT INTO Exame( EventoID, Nome, Descricao) VALUES (1739,"esofagoscopia","descricao");
INSERT INTO MedicoExame( MedicoID, ExameID) VALUES (420,1739);
INSERT INTO Evento(EventoID,Descricao, Data, Admissao, Quarto) VALUES (1740, "descricao","1992-10-15 05:05:00" ,14, 165);
INSERT INTO Exame( EventoID, Nome, Descricao) VALUES (1740,"Sangue","descricao");
INSERT INTO MedicoExame( MedicoID, ExameID) VALUES (387,1740);
INSERT INTO Evento(EventoID,Descricao, Data, Admissao, Quarto) VALUES (1741, "descricao","1997-03-02 08:12:42" ,157, 201);
INSERT INTO Exame( EventoID, Nome, Descricao) VALUES (1741,"toracoscopia","descricao");
INSERT INTO MedicoExame( MedicoID, ExameID) VALUES (414,1741);
INSERT INTO Evento(EventoID,Descricao, Data, Admissao, Quarto) VALUES (1742, "descricao","2010-05-06 19:23:08" ,48, 234);
INSERT INTO Exame( EventoID, Nome, Descricao) VALUES (1742,"toracoscopia","descricao");
INSERT INTO MedicoExame( MedicoID, ExameID) VALUES (420,1742);
INSERT INTO Evento(EventoID,Descricao, Data, Admissao, Quarto) VALUES (1743, "descricao","1970-11-10 20:03:28" ,95, 104);
INSERT INTO Exame( EventoID, Nome, Descricao) VALUES (1743,"toracoscopia","descricao");
INSERT INTO MedicoExame( MedicoID, ExameID) VALUES (414,1743);
INSERT INTO Evento(EventoID,Descricao, Data, Admissao, Quarto) VALUES (1744, "descricao","1975-11-22 21:21:28" ,183, 183);
INSERT INTO Exame( EventoID, Nome, Descricao) VALUES (1744,"cistoscopia","descricao");
INSERT INTO MedicoExame( MedicoID, ExameID) VALUES (384,1744);
INSERT INTO Evento(EventoID,Descricao, Data, Admissao, Quarto) VALUES (1745, "descricao","1986-08-05 15:16:31" ,49, 237);
INSERT INTO Exame( EventoID, Nome, Descricao) VALUES (1745,"mediastinoscopia","descricao");
INSERT INTO MedicoExame( MedicoID, ExameID) VALUES (422,1745);
INSERT INTO Evento(EventoID,Descricao, Data, Admissao, Quarto) VALUES (1746, "descricao","2015-12-23 23:33:39" ,190, 208);
INSERT INTO Exame( EventoID, Nome, Descricao) VALUES (1746,"mediastinoscopia","descricao");
INSERT INTO MedicoExame( MedicoID, ExameID) VALUES (397,1746);
INSERT INTO Evento(EventoID,Descricao, Data, Admissao, Quarto) VALUES (1747, "descricao","1974-04-28 20:50:13" ,164, 184);
INSERT INTO Exame( EventoID, Nome, Descricao) VALUES (1747,"esofagoscopia","descricao");
INSERT INTO MedicoExame( MedicoID, ExameID) VALUES (414,1747);
INSERT INTO Evento(EventoID,Descricao, Data, Admissao, Quarto) VALUES (1748, "descricao","1999-06-08 17:43:38" ,182, 117);
INSERT INTO Exame( EventoID, Nome, Descricao) VALUES (1748,"esofagoscopia","descricao");
INSERT INTO MedicoExame( MedicoID, ExameID) VALUES (390,1748);
INSERT INTO Evento(EventoID,Descricao, Data, Admissao, Quarto) VALUES (1749, "descricao","1979-11-01 17:37:29" ,80, 195);
INSERT INTO Exame( EventoID, Nome, Descricao) VALUES (1749,"liquido cefalorraquidiano","descricao");
INSERT INTO MedicoExame( MedicoID, ExameID) VALUES (420,1749);
INSERT INTO Evento(EventoID,Descricao, Data, Admissao, Quarto) VALUES (1750, "descricao","2004-06-08 06:12:59" ,128, 119);
INSERT INTO Exame( EventoID, Nome, Descricao) VALUES (1750,"liquido sinovial","descricao");
INSERT INTO MedicoExame( MedicoID, ExameID) VALUES (402,1750);
INSERT INTO Evento(EventoID,Descricao, Data, Admissao, Quarto) VALUES (1751, "descricao","1996-09-11 20:13:22" ,103, 117);
INSERT INTO Exame( EventoID, Nome, Descricao) VALUES (1751,"laringoscopia","descricao");
INSERT INTO MedicoExame( MedicoID, ExameID) VALUES (401,1751);
INSERT INTO Evento(EventoID,Descricao, Data, Admissao, Quarto) VALUES (1752, "descricao","2009-06-28 16:29:38" ,52, 149);
INSERT INTO Exame( EventoID, Nome, Descricao) VALUES (1752,"laparoscopia","descricao");
INSERT INTO MedicoExame( MedicoID, ExameID) VALUES (417,1752);
INSERT INTO Evento(EventoID,Descricao, Data, Admissao, Quarto) VALUES (1753, "descricao","2006-07-29 17:12:27" ,163, 112);
INSERT INTO Exame( EventoID, Nome, Descricao) VALUES (1753,"Sangue","descricao");
INSERT INTO MedicoExame( MedicoID, ExameID) VALUES (408,1753);
INSERT INTO Evento(EventoID,Descricao, Data, Admissao, Quarto) VALUES (1754, "descricao","2000-07-12 10:08:46" ,47, 160);
INSERT INTO Exame( EventoID, Nome, Descricao) VALUES (1754,"liquido cefalorraquidiano","descricao");
INSERT INTO MedicoExame( MedicoID, ExameID) VALUES (396,1754);
INSERT INTO Evento(EventoID,Descricao, Data, Admissao, Quarto) VALUES (1755, "descricao","1975-10-19 05:54:06" ,41, 190);
INSERT INTO Exame( EventoID, Nome, Descricao) VALUES (1755,"broncoscopia","descricao");
INSERT INTO MedicoExame( MedicoID, ExameID) VALUES (417,1755);
INSERT INTO Evento(EventoID,Descricao, Data, Admissao, Quarto) VALUES (1756, "descricao","2004-07-04 08:59:20" ,106, 176);
INSERT INTO Exame( EventoID, Nome, Descricao) VALUES (1756,"liquido cefalorraquidiano","descricao");
INSERT INTO MedicoExame( MedicoID, ExameID) VALUES (416,1756);
INSERT INTO Evento(EventoID,Descricao, Data, Admissao, Quarto) VALUES (1757, "descricao","1973-11-22 12:58:18" ,53, 219);
INSERT INTO Exame( EventoID, Nome, Descricao) VALUES (1757,"mediastinoscopia","descricao");
INSERT INTO MedicoExame( MedicoID, ExameID) VALUES (407,1757);
INSERT INTO Evento(EventoID,Descricao, Data, Admissao, Quarto) VALUES (1758, "descricao","2005-06-13 06:32:07" ,94, 176);
INSERT INTO Exame( EventoID, Nome, Descricao) VALUES (1758,"laparoscopia","descricao");
INSERT INTO MedicoExame( MedicoID, ExameID) VALUES (415,1758);
INSERT INTO Evento(EventoID,Descricao, Data, Admissao, Quarto) VALUES (1759, "descricao","1990-05-18 13:38:56" ,157, 226);
INSERT INTO Exame( EventoID, Nome, Descricao) VALUES (1759,"cistoscopia","descricao");
INSERT INTO MedicoExame( MedicoID, ExameID) VALUES (385,1759);
INSERT INTO Evento(EventoID,Descricao, Data, Admissao, Quarto) VALUES (1760, "descricao","1989-11-14 13:01:13" ,106, 245);
INSERT INTO Exame( EventoID, Nome, Descricao) VALUES (1760,"esofagoscopia","descricao");
INSERT INTO MedicoExame( MedicoID, ExameID) VALUES (401,1760);
INSERT INTO Evento(EventoID,Descricao, Data, Admissao, Quarto) VALUES (1761, "descricao","2010-02-05 21:50:31" ,64, 156);
INSERT INTO Exame( EventoID, Nome, Descricao) VALUES (1761,"cistoscopia","descricao");
INSERT INTO MedicoExame( MedicoID, ExameID) VALUES (384,1761);
INSERT INTO Evento(EventoID,Descricao, Data, Admissao, Quarto) VALUES (1762, "descricao","1971-05-14 13:02:39" ,35, 227);
INSERT INTO Exame( EventoID, Nome, Descricao) VALUES (1762,"broncoscopia","descricao");
INSERT INTO MedicoExame( MedicoID, ExameID) VALUES (390,1762);
INSERT INTO Evento(EventoID,Descricao, Data, Admissao, Quarto) VALUES (1763, "descricao","1984-09-03 19:03:04" ,17, 102);
INSERT INTO Exame( EventoID, Nome, Descricao) VALUES (1763,"Urina","descricao");
INSERT INTO MedicoExame( MedicoID, ExameID) VALUES (408,1763);
INSERT INTO Evento(EventoID,Descricao, Data, Admissao, Quarto) VALUES (1764, "descricao","1985-06-01 20:36:36" ,191, 108);
INSERT INTO Exame( EventoID, Nome, Descricao) VALUES (1764,"mediastinoscopia","descricao");
INSERT INTO MedicoExame( MedicoID, ExameID) VALUES (417,1764);
INSERT INTO Evento(EventoID,Descricao, Data, Admissao, Quarto) VALUES (1765, "descricao","1991-11-01 12:34:48" ,52, 115);
INSERT INTO Exame( EventoID, Nome, Descricao) VALUES (1765,"liquido sinovial","descricao");
INSERT INTO MedicoExame( MedicoID, ExameID) VALUES (387,1765);
INSERT INTO Evento(EventoID,Descricao, Data, Admissao, Quarto) VALUES (1766, "descricao","2002-11-04 18:14:33" ,114, 233);
INSERT INTO Exame( EventoID, Nome, Descricao) VALUES (1766,"laparoscopia","descricao");
INSERT INTO MedicoExame( MedicoID, ExameID) VALUES (402,1766);
INSERT INTO Evento(EventoID,Descricao, Data, Admissao, Quarto) VALUES (1767, "descricao","1990-05-17 02:52:09" ,39, 151);
INSERT INTO Exame( EventoID, Nome, Descricao) VALUES (1767,"esofagoscopia","descricao");
INSERT INTO MedicoExame( MedicoID, ExameID) VALUES (383,1767);
INSERT INTO Evento(EventoID,Descricao, Data, Admissao, Quarto) VALUES (1768, "descricao","1971-06-04 05:14:25" ,58, 204);
INSERT INTO Exame( EventoID, Nome, Descricao) VALUES (1768,"Sangue","descricao");
INSERT INTO MedicoExame( MedicoID, ExameID) VALUES (385,1768);
INSERT INTO Evento(EventoID,Descricao, Data, Admissao, Quarto) VALUES (1769, "descricao","1971-11-17 03:17:54" ,137, 163);
INSERT INTO Exame( EventoID, Nome, Descricao) VALUES (1769,"Urina","descricao");
INSERT INTO MedicoExame( MedicoID, ExameID) VALUES (388,1769);
INSERT INTO Evento(EventoID,Descricao, Data, Admissao, Quarto) VALUES (1770, "descricao","1974-09-15 20:22:25" ,104, 239);
INSERT INTO Exame( EventoID, Nome, Descricao) VALUES (1770,"mediastinoscopia","descricao");
INSERT INTO MedicoExame( MedicoID, ExameID) VALUES (396,1770);
INSERT INTO Evento(EventoID,Descricao, Data, Admissao, Quarto) VALUES (1771, "descricao","2008-08-20 14:43:36" ,51, 170);
INSERT INTO Exame( EventoID, Nome, Descricao) VALUES (1771,"esofagoscopia","descricao");
INSERT INTO MedicoExame( MedicoID, ExameID) VALUES (393,1771);
INSERT INTO Evento(EventoID,Descricao, Data, Admissao, Quarto) VALUES (1772, "descricao","1999-04-25 19:30:33" ,74, 161);
INSERT INTO Exame( EventoID, Nome, Descricao) VALUES (1772,"mediastinoscopia","descricao");
INSERT INTO MedicoExame( MedicoID, ExameID) VALUES (415,1772);
INSERT INTO Evento(EventoID,Descricao, Data, Admissao, Quarto) VALUES (1773, "descricao","2007-06-12 20:30:07" ,183, 168);
INSERT INTO Exame( EventoID, Nome, Descricao) VALUES (1773,"cistoscopia","descricao");
INSERT INTO MedicoExame( MedicoID, ExameID) VALUES (423,1773);
INSERT INTO Evento(EventoID,Descricao, Data, Admissao, Quarto) VALUES (1774, "descricao","1981-02-12 11:07:07" ,36, 223);
INSERT INTO Exame( EventoID, Nome, Descricao) VALUES (1774,"liquido sinovial","descricao");
INSERT INTO MedicoExame( MedicoID, ExameID) VALUES (386,1774);
INSERT INTO Evento(EventoID,Descricao, Data, Admissao, Quarto) VALUES (1775, "descricao","2003-10-07 13:04:39" ,181, 104);
INSERT INTO Exame( EventoID, Nome, Descricao) VALUES (1775,"esofagoscopia","descricao");
INSERT INTO MedicoExame( MedicoID, ExameID) VALUES (396,1775);
INSERT INTO Evento(EventoID,Descricao, Data, Admissao, Quarto) VALUES (1776, "descricao","1978-11-08 23:32:17" ,44, 140);
INSERT INTO Exame( EventoID, Nome, Descricao) VALUES (1776,"Sangue","descricao");
INSERT INTO MedicoExame( MedicoID, ExameID) VALUES (413,1776);
INSERT INTO Evento(EventoID,Descricao, Data, Admissao, Quarto) VALUES (1777, "descricao","1997-12-27 11:41:39" ,105, 232);
INSERT INTO Exame( EventoID, Nome, Descricao) VALUES (1777,"mediastinoscopia","descricao");
INSERT INTO MedicoExame( MedicoID, ExameID) VALUES (388,1777);
INSERT INTO Evento(EventoID,Descricao, Data, Admissao, Quarto) VALUES (1778, "descricao","1982-12-03 09:39:49" ,60, 168);
INSERT INTO Exame( EventoID, Nome, Descricao) VALUES (1778,"laringoscopia","descricao");
INSERT INTO MedicoExame( MedicoID, ExameID) VALUES (426,1778);
INSERT INTO Evento(EventoID,Descricao, Data, Admissao, Quarto) VALUES (1779, "descricao","2009-03-17 09:28:07" ,18, 126);
INSERT INTO Exame( EventoID, Nome, Descricao) VALUES (1779,"laparoscopia","descricao");
INSERT INTO MedicoExame( MedicoID, ExameID) VALUES (396,1779);
INSERT INTO Evento(EventoID,Descricao, Data, Admissao, Quarto) VALUES (1780, "descricao","2007-06-03 17:12:18" ,2, 135);
INSERT INTO Exame( EventoID, Nome, Descricao) VALUES (1780,"Sangue","descricao");
INSERT INTO MedicoExame( MedicoID, ExameID) VALUES (423,1780);
INSERT INTO Evento(EventoID,Descricao, Data, Admissao, Quarto) VALUES (1781, "descricao","2003-01-15 10:30:05" ,37, 193);
INSERT INTO Exame( EventoID, Nome, Descricao) VALUES (1781,"toracoscopia","descricao");
INSERT INTO MedicoExame( MedicoID, ExameID) VALUES (412,1781);
INSERT INTO Evento(EventoID,Descricao, Data, Admissao, Quarto) VALUES (1782, "descricao","1993-05-10 02:53:41" ,136, 154);
INSERT INTO Exame( EventoID, Nome, Descricao) VALUES (1782,"Sangue","descricao");
INSERT INTO MedicoExame( MedicoID, ExameID) VALUES (417,1782);
INSERT INTO Evento(EventoID,Descricao, Data, Admissao, Quarto) VALUES (1783, "descricao","1979-04-11 01:57:21" ,9, 116);
INSERT INTO Exame( EventoID, Nome, Descricao) VALUES (1783,"cistoscopia","descricao");
INSERT INTO MedicoExame( MedicoID, ExameID) VALUES (413,1783);
INSERT INTO Evento(EventoID,Descricao, Data, Admissao, Quarto) VALUES (1784, "descricao","2004-05-13 01:33:02" ,14, 238);
INSERT INTO Exame( EventoID, Nome, Descricao) VALUES (1784,"laringoscopia","descricao");
INSERT INTO MedicoExame( MedicoID, ExameID) VALUES (408,1784);
INSERT INTO Evento(EventoID,Descricao, Data, Admissao, Quarto) VALUES (1785, "descricao","2006-09-08 05:28:59" ,67, 140);
INSERT INTO Exame( EventoID, Nome, Descricao) VALUES (1785,"liquido cefalorraquidiano","descricao");
INSERT INTO MedicoExame( MedicoID, ExameID) VALUES (391,1785);
INSERT INTO Evento(EventoID,Descricao, Data, Admissao, Quarto) VALUES (1786, "descricao","1998-09-04 14:23:32" ,105, 222);
INSERT INTO Exame( EventoID, Nome, Descricao) VALUES (1786,"esofagoscopia","descricao");
INSERT INTO MedicoExame( MedicoID, ExameID) VALUES (405,1786);
INSERT INTO Evento(EventoID,Descricao, Data, Admissao, Quarto) VALUES (1787, "descricao","1975-02-13 08:47:24" ,13, 207);
INSERT INTO Exame( EventoID, Nome, Descricao) VALUES (1787,"mediastinoscopia","descricao");
INSERT INTO MedicoExame( MedicoID, ExameID) VALUES (397,1787);
INSERT INTO Evento(EventoID,Descricao, Data, Admissao, Quarto) VALUES (1788, "descricao","1972-04-12 10:15:35" ,147, 118);
INSERT INTO Exame( EventoID, Nome, Descricao) VALUES (1788,"toracoscopia","descricao");
INSERT INTO MedicoExame( MedicoID, ExameID) VALUES (392,1788);
INSERT INTO Evento(EventoID,Descricao, Data, Admissao, Quarto) VALUES (1789, "descricao","1997-08-14 15:34:06" ,126, 130);
INSERT INTO Exame( EventoID, Nome, Descricao) VALUES (1789,"Sangue","descricao");
INSERT INTO MedicoExame( MedicoID, ExameID) VALUES (394,1789);
INSERT INTO Evento(EventoID,Descricao, Data, Admissao, Quarto) VALUES (1790, "descricao","2009-12-07 19:29:57" ,57, 211);
INSERT INTO Exame( EventoID, Nome, Descricao) VALUES (1790,"liquido sinovial","descricao");
INSERT INTO MedicoExame( MedicoID, ExameID) VALUES (411,1790);
INSERT INTO Evento(EventoID,Descricao, Data, Admissao, Quarto) VALUES (1791, "descricao","1990-11-14 14:29:42" ,88, 185);
INSERT INTO Exame( EventoID, Nome, Descricao) VALUES (1791,"laparoscopia","descricao");
INSERT INTO MedicoExame( MedicoID, ExameID) VALUES (422,1791);
INSERT INTO Evento(EventoID,Descricao, Data, Admissao, Quarto) VALUES (1792, "descricao","2016-07-24 17:05:46" ,45, 127);
INSERT INTO Exame( EventoID, Nome, Descricao) VALUES (1792,"Urina","descricao");
INSERT INTO MedicoExame( MedicoID, ExameID) VALUES (418,1792);
INSERT INTO Evento(EventoID,Descricao, Data, Admissao, Quarto) VALUES (1793, "descricao","2004-04-04 13:17:20" ,32, 118);
INSERT INTO Exame( EventoID, Nome, Descricao) VALUES (1793,"broncoscopia","descricao");
INSERT INTO MedicoExame( MedicoID, ExameID) VALUES (418,1793);
INSERT INTO Evento(EventoID,Descricao, Data, Admissao, Quarto) VALUES (1794, "descricao","1991-12-08 05:20:35" ,111, 202);
INSERT INTO Exame( EventoID, Nome, Descricao) VALUES (1794,"esofagoscopia","descricao");
INSERT INTO MedicoExame( MedicoID, ExameID) VALUES (410,1794);
INSERT INTO Evento(EventoID,Descricao, Data, Admissao, Quarto) VALUES (1795, "descricao","1999-02-25 23:04:17" ,20, 232);
INSERT INTO Exame( EventoID, Nome, Descricao) VALUES (1795,"broncoscopia","descricao");
INSERT INTO MedicoExame( MedicoID, ExameID) VALUES (397,1795);
INSERT INTO Evento(EventoID,Descricao, Data, Admissao, Quarto) VALUES (1796, "descricao","2003-05-04 15:42:21" ,75, 157);
INSERT INTO Exame( EventoID, Nome, Descricao) VALUES (1796,"cistoscopia","descricao");
INSERT INTO MedicoExame( MedicoID, ExameID) VALUES (415,1796);
INSERT INTO Evento(EventoID,Descricao, Data, Admissao, Quarto) VALUES (1797, "descricao","1981-02-15 02:03:19" ,55, 218);
INSERT INTO Exame( EventoID, Nome, Descricao) VALUES (1797,"cistoscopia","descricao");
INSERT INTO MedicoExame( MedicoID, ExameID) VALUES (383,1797);
INSERT INTO Evento(EventoID,Descricao, Data, Admissao, Quarto) VALUES (1798, "descricao","1974-09-13 22:32:07" ,134, 248);
INSERT INTO Exame( EventoID, Nome, Descricao) VALUES (1798,"mediastinoscopia","descricao");
INSERT INTO MedicoExame( MedicoID, ExameID) VALUES (398,1798);
INSERT INTO Evento(EventoID,Descricao, Data, Admissao, Quarto) VALUES (1799, "descricao","1999-01-22 17:05:39" ,198, 230);
INSERT INTO Exame( EventoID, Nome, Descricao) VALUES (1799,"laringoscopia","descricao");
INSERT INTO MedicoExame( MedicoID, ExameID) VALUES (403,1799);
INSERT INTO Evento(EventoID,Descricao, Data, Admissao, Quarto) VALUES (1800, "descricao","1999-10-03 23:41:05" ,138, 118);
INSERT INTO Exame( EventoID, Nome, Descricao) VALUES (1800,"toracoscopia","descricao");
INSERT INTO MedicoExame( MedicoID, ExameID) VALUES (408,1800);
INSERT INTO Evento(EventoID,Descricao, Data, Admissao, Quarto) VALUES (1801, "descricao","1981-09-07 21:44:13" ,178, 229);
INSERT INTO Exame( EventoID, Nome, Descricao) VALUES (1801,"Sangue","descricao");
INSERT INTO MedicoExame( MedicoID, ExameID) VALUES (390,1801);
INSERT INTO Evento(EventoID,Descricao, Data, Admissao, Quarto) VALUES (1802, "descricao","2019-12-02 19:59:18" ,97, 134);
INSERT INTO Exame( EventoID, Nome, Descricao) VALUES (1802,"broncoscopia","descricao");
INSERT INTO MedicoExame( MedicoID, ExameID) VALUES (403,1802);
INSERT INTO Evento(EventoID,Descricao, Data, Admissao, Quarto) VALUES (1803, "descricao","2000-03-09 11:02:04" ,6, 181);
INSERT INTO Exame( EventoID, Nome, Descricao) VALUES (1803,"cistoscopia","descricao");
INSERT INTO MedicoExame( MedicoID, ExameID) VALUES (422,1803);
INSERT INTO Evento(EventoID,Descricao, Data, Admissao, Quarto) VALUES (1804, "descricao","2006-01-29 15:13:53" ,66, 125);
INSERT INTO Exame( EventoID, Nome, Descricao) VALUES (1804,"broncoscopia","descricao");
INSERT INTO MedicoExame( MedicoID, ExameID) VALUES (426,1804);
INSERT INTO Evento(EventoID,Descricao, Data, Admissao, Quarto) VALUES (1805, "descricao","2000-08-06 22:12:41" ,3, 135);
INSERT INTO Exame( EventoID, Nome, Descricao) VALUES (1805,"cistoscopia","descricao");
INSERT INTO MedicoExame( MedicoID, ExameID) VALUES (416,1805);
INSERT INTO Evento(EventoID,Descricao, Data, Admissao, Quarto) VALUES (1806, "descricao","1974-11-29 12:43:27" ,69, 190);
INSERT INTO Exame( EventoID, Nome, Descricao) VALUES (1806,"Sangue","descricao");
INSERT INTO MedicoExame( MedicoID, ExameID) VALUES (384,1806);
INSERT INTO Evento(EventoID,Descricao, Data, Admissao, Quarto) VALUES (1807, "descricao","1981-01-14 04:33:16" ,15, 146);
INSERT INTO Exame( EventoID, Nome, Descricao) VALUES (1807,"liquido sinovial","descricao");
INSERT INTO MedicoExame( MedicoID, ExameID) VALUES (414,1807);
INSERT INTO Evento(EventoID,Descricao, Data, Admissao, Quarto) VALUES (1808, "descricao","2019-03-15 14:51:24" ,167, 168);
INSERT INTO Exame( EventoID, Nome, Descricao) VALUES (1808,"broncoscopia","descricao");
INSERT INTO MedicoExame( MedicoID, ExameID) VALUES (426,1808);
INSERT INTO Evento(EventoID,Descricao, Data, Admissao, Quarto) VALUES (1809, "descricao","1982-04-27 07:25:51" ,72, 138);
INSERT INTO Exame( EventoID, Nome, Descricao) VALUES (1809,"mediastinoscopia","descricao");
INSERT INTO MedicoExame( MedicoID, ExameID) VALUES (419,1809);
INSERT INTO Evento(EventoID,Descricao, Data, Admissao, Quarto) VALUES (1810, "descricao","1998-11-12 18:26:35" ,178, 156);
INSERT INTO Exame( EventoID, Nome, Descricao) VALUES (1810,"esofagoscopia","descricao");
INSERT INTO MedicoExame( MedicoID, ExameID) VALUES (402,1810);
INSERT INTO Evento(EventoID,Descricao, Data, Admissao, Quarto) VALUES (1811, "descricao","2004-06-25 18:39:26" ,152, 226);
INSERT INTO Exame( EventoID, Nome, Descricao) VALUES (1811,"Sangue","descricao");
INSERT INTO MedicoExame( MedicoID, ExameID) VALUES (414,1811);
INSERT INTO Evento(EventoID,Descricao, Data, Admissao, Quarto) VALUES (1812, "descricao","1992-08-27 22:40:28" ,53, 170);
INSERT INTO Exame( EventoID, Nome, Descricao) VALUES (1812,"liquido sinovial","descricao");
INSERT INTO MedicoExame( MedicoID, ExameID) VALUES (389,1812);
INSERT INTO Evento(EventoID,Descricao, Data, Admissao, Quarto) VALUES (1813, "descricao","1975-08-04 23:55:23" ,107, 173);
INSERT INTO Exame( EventoID, Nome, Descricao) VALUES (1813,"mediastinoscopia","descricao");
INSERT INTO MedicoExame( MedicoID, ExameID) VALUES (390,1813);
INSERT INTO Evento(EventoID,Descricao, Data, Admissao, Quarto) VALUES (1814, "descricao","2002-02-09 19:42:49" ,22, 180);
INSERT INTO Exame( EventoID, Nome, Descricao) VALUES (1814,"broncoscopia","descricao");
INSERT INTO MedicoExame( MedicoID, ExameID) VALUES (411,1814);
INSERT INTO Evento(EventoID,Descricao, Data, Admissao, Quarto) VALUES (1815, "descricao","1987-12-02 03:09:45" ,109, 126);
INSERT INTO Exame( EventoID, Nome, Descricao) VALUES (1815,"liquido sinovial","descricao");
INSERT INTO MedicoExame( MedicoID, ExameID) VALUES (389,1815);
INSERT INTO Evento(EventoID,Descricao, Data, Admissao, Quarto) VALUES (1816, "descricao","1985-04-13 20:03:14" ,171, 177);
INSERT INTO Exame( EventoID, Nome, Descricao) VALUES (1816,"Urina","descricao");
INSERT INTO MedicoExame( MedicoID, ExameID) VALUES (420,1816);
INSERT INTO Evento(EventoID,Descricao, Data, Admissao, Quarto) VALUES (1817, "descricao","1984-10-07 16:57:34" ,26, 197);
INSERT INTO Exame( EventoID, Nome, Descricao) VALUES (1817,"mediastinoscopia","descricao");
INSERT INTO MedicoExame( MedicoID, ExameID) VALUES (412,1817);
INSERT INTO Evento(EventoID,Descricao, Data, Admissao, Quarto) VALUES (1818, "descricao","1983-01-30 09:13:33" ,143, 128);
INSERT INTO Exame( EventoID, Nome, Descricao) VALUES (1818,"toracoscopia","descricao");
INSERT INTO MedicoExame( MedicoID, ExameID) VALUES (422,1818);
INSERT INTO Evento(EventoID,Descricao, Data, Admissao, Quarto) VALUES (1819, "descricao","1982-11-22 23:33:28" ,86, 206);
INSERT INTO Exame( EventoID, Nome, Descricao) VALUES (1819,"esofagoscopia","descricao");
INSERT INTO MedicoExame( MedicoID, ExameID) VALUES (389,1819);
INSERT INTO Evento(EventoID,Descricao, Data, Admissao, Quarto) VALUES (1820, "descricao","1988-05-22 18:11:31" ,7, 124);
INSERT INTO Exame( EventoID, Nome, Descricao) VALUES (1820,"cistoscopia","descricao");
INSERT INTO MedicoExame( MedicoID, ExameID) VALUES (396,1820);
INSERT INTO Evento(EventoID,Descricao, Data, Admissao, Quarto) VALUES (1821, "descricao","2007-05-17 09:50:14" ,32, 207);
INSERT INTO Exame( EventoID, Nome, Descricao) VALUES (1821,"broncoscopia","descricao");
INSERT INTO MedicoExame( MedicoID, ExameID) VALUES (388,1821);
INSERT INTO Evento(EventoID,Descricao, Data, Admissao, Quarto) VALUES (1822, "descricao","1973-12-08 19:24:16" ,176, 100);
INSERT INTO Exame( EventoID, Nome, Descricao) VALUES (1822,"laringoscopia","descricao");
INSERT INTO MedicoExame( MedicoID, ExameID) VALUES (420,1822);
INSERT INTO Evento(EventoID,Descricao, Data, Admissao, Quarto) VALUES (1823, "descricao","1988-03-28 23:45:30" ,80, 222);
INSERT INTO Exame( EventoID, Nome, Descricao) VALUES (1823,"toracoscopia","descricao");
INSERT INTO MedicoExame( MedicoID, ExameID) VALUES (420,1823);
INSERT INTO Evento(EventoID,Descricao, Data, Admissao, Quarto) VALUES (1824, "descricao","2007-11-05 02:29:18" ,158, 171);
INSERT INTO Exame( EventoID, Nome, Descricao) VALUES (1824,"cistoscopia","descricao");
INSERT INTO MedicoExame( MedicoID, ExameID) VALUES (422,1824);
INSERT INTO Evento(EventoID,Descricao, Data, Admissao, Quarto) VALUES (1825, "descricao","2004-09-13 06:30:01" ,70, 167);
INSERT INTO Exame( EventoID, Nome, Descricao) VALUES (1825,"mediastinoscopia","descricao");
INSERT INTO MedicoExame( MedicoID, ExameID) VALUES (400,1825);
INSERT INTO Evento(EventoID,Descricao, Data, Admissao, Quarto) VALUES (1826, "descricao","1988-07-20 03:16:22" ,195, 246);
INSERT INTO Exame( EventoID, Nome, Descricao) VALUES (1826,"toracoscopia","descricao");
INSERT INTO MedicoExame( MedicoID, ExameID) VALUES (421,1826);
INSERT INTO Evento(EventoID,Descricao, Data, Admissao, Quarto) VALUES (1827, "descricao","1985-10-21 01:01:57" ,36, 104);
INSERT INTO Exame( EventoID, Nome, Descricao) VALUES (1827,"Urina","descricao");
INSERT INTO MedicoExame( MedicoID, ExameID) VALUES (391,1827);
INSERT INTO Evento(EventoID,Descricao, Data, Admissao, Quarto) VALUES (1828, "descricao","2007-10-11 06:04:44" ,32, 169);
INSERT INTO Exame( EventoID, Nome, Descricao) VALUES (1828,"toracoscopia","descricao");
INSERT INTO MedicoExame( MedicoID, ExameID) VALUES (385,1828);
INSERT INTO Evento(EventoID,Descricao, Data, Admissao, Quarto) VALUES (1829, "descricao","2004-05-30 20:09:04" ,66, 147);
INSERT INTO Exame( EventoID, Nome, Descricao) VALUES (1829,"liquido sinovial","descricao");
INSERT INTO MedicoExame( MedicoID, ExameID) VALUES (417,1829);
INSERT INTO Evento(EventoID,Descricao, Data, Admissao, Quarto) VALUES (1830, "descricao","1998-01-31 17:25:12" ,58, 211);
INSERT INTO Exame( EventoID, Nome, Descricao) VALUES (1830,"Urina","descricao");
INSERT INTO MedicoExame( MedicoID, ExameID) VALUES (416,1830);
INSERT INTO Evento(EventoID,Descricao, Data, Admissao, Quarto) VALUES (1831, "descricao","1972-05-14 11:53:24" ,89, 120);
INSERT INTO Exame( EventoID, Nome, Descricao) VALUES (1831,"esofagoscopia","descricao");
INSERT INTO MedicoExame( MedicoID, ExameID) VALUES (413,1831);
INSERT INTO Evento(EventoID,Descricao, Data, Admissao, Quarto) VALUES (1832, "descricao","2006-05-04 22:40:44" ,170, 156);
INSERT INTO Exame( EventoID, Nome, Descricao) VALUES (1832,"cistoscopia","descricao");
INSERT INTO MedicoExame( MedicoID, ExameID) VALUES (398,1832);
INSERT INTO Evento(EventoID,Descricao, Data, Admissao, Quarto) VALUES (1833, "descricao","2010-08-06 05:02:29" ,126, 160);
INSERT INTO Exame( EventoID, Nome, Descricao) VALUES (1833,"laparoscopia","descricao");
INSERT INTO MedicoExame( MedicoID, ExameID) VALUES (399,1833);
INSERT INTO Evento(EventoID,Descricao, Data, Admissao, Quarto) VALUES (1834, "descricao","1989-09-04 13:46:08" ,14, 131);
INSERT INTO Exame( EventoID, Nome, Descricao) VALUES (1834,"Sangue","descricao");
INSERT INTO MedicoExame( MedicoID, ExameID) VALUES (394,1834);
INSERT INTO Evento(EventoID,Descricao, Data, Admissao, Quarto) VALUES (1835, "descricao","1975-10-19 04:31:28" ,30, 117);
INSERT INTO Exame( EventoID, Nome, Descricao) VALUES (1835,"Urina","descricao");
INSERT INTO MedicoExame( MedicoID, ExameID) VALUES (397,1835);
INSERT INTO Evento(EventoID,Descricao, Data, Admissao, Quarto) VALUES (1836, "descricao","2011-11-28 19:28:41" ,46, 199);
INSERT INTO Exame( EventoID, Nome, Descricao) VALUES (1836,"liquido sinovial","descricao");
INSERT INTO MedicoExame( MedicoID, ExameID) VALUES (389,1836);
INSERT INTO Evento(EventoID,Descricao, Data, Admissao, Quarto) VALUES (1837, "descricao","1976-01-10 12:40:31" ,71, 171);
INSERT INTO Exame( EventoID, Nome, Descricao) VALUES (1837,"broncoscopia","descricao");
INSERT INTO MedicoExame( MedicoID, ExameID) VALUES (385,1837);
INSERT INTO Evento(EventoID,Descricao, Data, Admissao, Quarto) VALUES (1838, "descricao","2016-11-16 05:55:06" ,12, 132);
INSERT INTO Exame( EventoID, Nome, Descricao) VALUES (1838,"cistoscopia","descricao");
INSERT INTO MedicoExame( MedicoID, ExameID) VALUES (426,1838);
INSERT INTO Evento(EventoID,Descricao, Data, Admissao, Quarto) VALUES (1839, "descricao","2019-06-18 19:22:15" ,2, 201);
INSERT INTO Exame( EventoID, Nome, Descricao) VALUES (1839,"liquido sinovial","descricao");
INSERT INTO MedicoExame( MedicoID, ExameID) VALUES (422,1839);
INSERT INTO Evento(EventoID,Descricao, Data, Admissao, Quarto) VALUES (1840, "descricao","2018-07-16 13:06:28" ,168, 231);
INSERT INTO Exame( EventoID, Nome, Descricao) VALUES (1840,"broncoscopia","descricao");
INSERT INTO MedicoExame( MedicoID, ExameID) VALUES (390,1840);
INSERT INTO Evento(EventoID,Descricao, Data, Admissao, Quarto) VALUES (1841, "descricao","2006-06-10 07:06:00" ,197, 226);
INSERT INTO Exame( EventoID, Nome, Descricao) VALUES (1841,"laparoscopia","descricao");
INSERT INTO MedicoExame( MedicoID, ExameID) VALUES (389,1841);
INSERT INTO Evento(EventoID,Descricao, Data, Admissao, Quarto) VALUES (1842, "descricao","1998-03-09 16:39:42" ,58, 177);
INSERT INTO Exame( EventoID, Nome, Descricao) VALUES (1842,"esofagoscopia","descricao");
INSERT INTO MedicoExame( MedicoID, ExameID) VALUES (391,1842);
INSERT INTO Evento(EventoID,Descricao, Data, Admissao, Quarto) VALUES (1843, "descricao","2012-08-02 21:29:55" ,21, 179);
INSERT INTO Exame( EventoID, Nome, Descricao) VALUES (1843,"cistoscopia","descricao");
INSERT INTO MedicoExame( MedicoID, ExameID) VALUES (399,1843);
INSERT INTO Evento(EventoID,Descricao, Data, Admissao, Quarto) VALUES (1844, "descricao","1985-10-31 15:55:20" ,164, 100);
INSERT INTO Exame( EventoID, Nome, Descricao) VALUES (1844,"cistoscopia","descricao");
INSERT INTO MedicoExame( MedicoID, ExameID) VALUES (388,1844);
INSERT INTO Evento(EventoID,Descricao, Data, Admissao, Quarto) VALUES (1845, "descricao","2003-12-09 07:10:29" ,95, 135);
INSERT INTO Exame( EventoID, Nome, Descricao) VALUES (1845,"cistoscopia","descricao");
INSERT INTO MedicoExame( MedicoID, ExameID) VALUES (406,1845);
INSERT INTO Evento(EventoID,Descricao, Data, Admissao, Quarto) VALUES (1846, "descricao","1984-10-26 11:41:12" ,20, 200);
INSERT INTO Exame( EventoID, Nome, Descricao) VALUES (1846,"broncoscopia","descricao");
INSERT INTO MedicoExame( MedicoID, ExameID) VALUES (401,1846);
INSERT INTO Evento(EventoID,Descricao, Data, Admissao, Quarto) VALUES (1847, "descricao","2007-10-23 18:45:58" ,10, 238);
INSERT INTO Exame( EventoID, Nome, Descricao) VALUES (1847,"cistoscopia","descricao");
INSERT INTO MedicoExame( MedicoID, ExameID) VALUES (393,1847);
INSERT INTO Evento(EventoID,Descricao, Data, Admissao, Quarto) VALUES (1848, "descricao","2013-08-07 01:28:44" ,55, 137);
INSERT INTO Exame( EventoID, Nome, Descricao) VALUES (1848,"liquido cefalorraquidiano","descricao");
INSERT INTO MedicoExame( MedicoID, ExameID) VALUES (403,1848);
INSERT INTO Evento(EventoID,Descricao, Data, Admissao, Quarto) VALUES (1849, "descricao","1997-12-22 23:23:12" ,9, 184);
INSERT INTO Exame( EventoID, Nome, Descricao) VALUES (1849,"Sangue","descricao");
INSERT INTO MedicoExame( MedicoID, ExameID) VALUES (389,1849);

-- Consultation
INSERT INTO Evento(EventoID,Descricao, Data, Admissao, Quarto) VALUES (1850, "descricao","2012-01-22 10:11:38" ,154, 238);
INSERT INTO Consulta( EventoID, Diagnostico, Medico) VALUES (1850,"Porphyria",389);
INSERT INTO Evento(EventoID,Descricao, Data, Admissao, Quarto) VALUES (1851, "descricao","1996-09-01 06:55:38" ,110, 145);
INSERT INTO Consulta( EventoID, Diagnostico, Medico) VALUES (1851,"Lung cancer",415);
INSERT INTO Evento(EventoID,Descricao, Data, Admissao, Quarto) VALUES (1852, "descricao","2012-03-08 13:39:42" ,38, 179);
INSERT INTO Consulta( EventoID, Diagnostico, Medico) VALUES (1852,"Beriberi",400);
INSERT INTO Evento(EventoID,Descricao, Data, Admissao, Quarto) VALUES (1853, "descricao","2008-03-25 01:29:22" ,159, 240);
INSERT INTO Consulta( EventoID, Diagnostico, Medico) VALUES (1853,"Iritis",413);
INSERT INTO Evento(EventoID,Descricao, Data, Admissao, Quarto) VALUES (1854, "descricao","1989-03-11 07:18:45" ,79, 194);
INSERT INTO Consulta( EventoID, Diagnostico, Medico) VALUES (1854,"Scarlet fever",416);
INSERT INTO Evento(EventoID,Descricao, Data, Admissao, Quarto) VALUES (1855, "descricao","1976-02-19 07:56:51" ,132, 194);
INSERT INTO Consulta( EventoID, Diagnostico, Medico) VALUES (1855,"Mal estar",419);
INSERT INTO Evento(EventoID,Descricao, Data, Admissao, Quarto) VALUES (1856, "descricao","2009-05-03 03:20:21" ,143, 190);
INSERT INTO Consulta( EventoID, Diagnostico, Medico) VALUES (1856,"Scurvy",384);
INSERT INTO Evento(EventoID,Descricao, Data, Admissao, Quarto) VALUES (1857, "descricao","2000-05-10 03:08:19" ,91, 108);
INSERT INTO Consulta( EventoID, Diagnostico, Medico) VALUES (1857,"Infeccao bacteriana",404);
INSERT INTO Evento(EventoID,Descricao, Data, Admissao, Quarto) VALUES (1858, "descricao","2007-01-03 06:03:52" ,34, 109);
INSERT INTO Consulta( EventoID, Diagnostico, Medico) VALUES (1858,"Ulcerative colitis",426);
INSERT INTO Evento(EventoID,Descricao, Data, Admissao, Quarto) VALUES (1859, "descricao","1985-12-27 03:29:57" ,5, 229);
INSERT INTO Consulta( EventoID, Diagnostico, Medico) VALUES (1859,"Abscess",387);
INSERT INTO Evento(EventoID,Descricao, Data, Admissao, Quarto) VALUES (1860, "descricao","2003-03-03 02:41:10" ,137, 151);
INSERT INTO Consulta( EventoID, Diagnostico, Medico) VALUES (1860,"Virose",426);
INSERT INTO Evento(EventoID,Descricao, Data, Admissao, Quarto) VALUES (1861, "descricao","1983-01-17 10:09:28" ,196, 118);
INSERT INTO Consulta( EventoID, Diagnostico, Medico) VALUES (1861,"Otitis",388);
INSERT INTO Evento(EventoID,Descricao, Data, Admissao, Quarto) VALUES (1862, "descricao","1994-07-08 13:31:58" ,153, 232);
INSERT INTO Consulta( EventoID, Diagnostico, Medico) VALUES (1862,"Stomach ulcers",390);
INSERT INTO Evento(EventoID,Descricao, Data, Admissao, Quarto) VALUES (1863, "descricao","1973-03-28 13:14:08" ,54, 162);
INSERT INTO Consulta( EventoID, Diagnostico, Medico) VALUES (1863,"Virose",418);
INSERT INTO Evento(EventoID,Descricao, Data, Admissao, Quarto) VALUES (1864, "descricao","1974-01-07 10:12:35" ,159, 206);
INSERT INTO Consulta( EventoID, Diagnostico, Medico) VALUES (1864,"Dehydration",402);
INSERT INTO Evento(EventoID,Descricao, Data, Admissao, Quarto) VALUES (1865, "descricao","2019-11-20 22:28:11" ,65, 233);
INSERT INTO Consulta( EventoID, Diagnostico, Medico) VALUES (1865,"Catapora",389);
INSERT INTO Evento(EventoID,Descricao, Data, Admissao, Quarto) VALUES (1866, "descricao","1985-08-15 02:52:20" ,35, 201);
INSERT INTO Consulta( EventoID, Diagnostico, Medico) VALUES (1866,"Ear infection",385);
INSERT INTO Evento(EventoID,Descricao, Data, Admissao, Quarto) VALUES (1867, "descricao","2005-02-02 18:11:10" ,53, 151);
INSERT INTO Consulta( EventoID, Diagnostico, Medico) VALUES (1867,"Scrapie",405);
INSERT INTO Evento(EventoID,Descricao, Data, Admissao, Quarto) VALUES (1868, "descricao","1992-09-06 03:32:15" ,109, 181);
INSERT INTO Consulta( EventoID, Diagnostico, Medico) VALUES (1868,"Histiocytosis (childhood cancer)",407);
INSERT INTO Evento(EventoID,Descricao, Data, Admissao, Quarto) VALUES (1869, "descricao","2002-07-14 19:48:12" ,162, 132);
INSERT INTO Consulta( EventoID, Diagnostico, Medico) VALUES (1869,"Virose",385);
INSERT INTO Evento(EventoID,Descricao, Data, Admissao, Quarto) VALUES (1870, "descricao","2016-08-22 10:36:36" ,102, 207);
INSERT INTO Consulta( EventoID, Diagnostico, Medico) VALUES (1870,"Leprosy",397);
INSERT INTO Evento(EventoID,Descricao, Data, Admissao, Quarto) VALUES (1871, "descricao","2004-12-11 09:42:57" ,53, 159);
INSERT INTO Consulta( EventoID, Diagnostico, Medico) VALUES (1871,"Multiple myeloma",408);
INSERT INTO Evento(EventoID,Descricao, Data, Admissao, Quarto) VALUES (1872, "descricao","1996-12-22 08:00:07" ,91, 169);
INSERT INTO Consulta( EventoID, Diagnostico, Medico) VALUES (1872,"Strabismus",391);
INSERT INTO Evento(EventoID,Descricao, Data, Admissao, Quarto) VALUES (1873, "descricao","1988-01-05 10:42:22" ,179, 135);
INSERT INTO Consulta( EventoID, Diagnostico, Medico) VALUES (1873,"Anthrax",386);
INSERT INTO Evento(EventoID,Descricao, Data, Admissao, Quarto) VALUES (1874, "descricao","2018-07-11 11:51:49" ,154, 170);
INSERT INTO Consulta( EventoID, Diagnostico, Medico) VALUES (1874,"Congestive heart disease",424);
INSERT INTO Evento(EventoID,Descricao, Data, Admissao, Quarto) VALUES (1875, "descricao","1976-06-12 14:44:21" ,138, 130);
INSERT INTO Consulta( EventoID, Diagnostico, Medico) VALUES (1875,"Jaundice",398);
INSERT INTO Evento(EventoID,Descricao, Data, Admissao, Quarto) VALUES (1876, "descricao","1997-04-30 19:25:28" ,59, 247);
INSERT INTO Consulta( EventoID, Diagnostico, Medico) VALUES (1876,"Leukemia",398);
INSERT INTO Evento(EventoID,Descricao, Data, Admissao, Quarto) VALUES (1877, "descricao","1982-10-18 23:51:22" ,147, 142);
INSERT INTO Consulta( EventoID, Diagnostico, Medico) VALUES (1877,"Q fever",391);
INSERT INTO Evento(EventoID,Descricao, Data, Admissao, Quarto) VALUES (1878, "descricao","1989-05-02 01:54:13" ,26, 169);
INSERT INTO Consulta( EventoID, Diagnostico, Medico) VALUES (1878,"Rheumatism",419);
INSERT INTO Evento(EventoID,Descricao, Data, Admissao, Quarto) VALUES (1879, "descricao","1973-07-03 05:23:10" ,50, 158);
INSERT INTO Consulta( EventoID, Diagnostico, Medico) VALUES (1879,"Indeterminado",398);
INSERT INTO Evento(EventoID,Descricao, Data, Admissao, Quarto) VALUES (1880, "descricao","2010-08-19 05:25:08" ,157, 104);
INSERT INTO Consulta( EventoID, Diagnostico, Medico) VALUES (1880,"Gangrene",390);
INSERT INTO Evento(EventoID,Descricao, Data, Admissao, Quarto) VALUES (1881, "descricao","1980-03-01 05:57:40" ,88, 174);
INSERT INTO Consulta( EventoID, Diagnostico, Medico) VALUES (1881,"Uremia",389);
INSERT INTO Evento(EventoID,Descricao, Data, Admissao, Quarto) VALUES (1882, "descricao","1998-11-13 09:48:45" ,192, 141);
INSERT INTO Consulta( EventoID, Diagnostico, Medico) VALUES (1882,"Parkinson's disease",415);
INSERT INTO Evento(EventoID,Descricao, Data, Admissao, Quarto) VALUES (1883, "descricao","1990-01-10 03:57:47" ,182, 230);
INSERT INTO Consulta( EventoID, Diagnostico, Medico) VALUES (1883,"Virose",408);
INSERT INTO Evento(EventoID,Descricao, Data, Admissao, Quarto) VALUES (1884, "descricao","1971-08-10 16:46:46" ,20, 197);
INSERT INTO Consulta( EventoID, Diagnostico, Medico) VALUES (1884,"Siderosis",402);
INSERT INTO Evento(EventoID,Descricao, Data, Admissao, Quarto) VALUES (1885, "descricao","1994-11-03 16:43:46" ,103, 156);
INSERT INTO Consulta( EventoID, Diagnostico, Medico) VALUES (1885,"Virose",397);
INSERT INTO Evento(EventoID,Descricao, Data, Admissao, Quarto) VALUES (1886, "descricao","1989-11-06 05:40:24" ,19, 159);
INSERT INTO Consulta( EventoID, Diagnostico, Medico) VALUES (1886,"Keloids",403);
INSERT INTO Evento(EventoID,Descricao, Data, Admissao, Quarto) VALUES (1887, "descricao","1974-09-28 19:16:42" ,123, 122);
INSERT INTO Consulta( EventoID, Diagnostico, Medico) VALUES (1887,"Measles",394);
INSERT INTO Evento(EventoID,Descricao, Data, Admissao, Quarto) VALUES (1888, "descricao","2019-11-21 22:30:00" ,11, 172);
INSERT INTO Consulta( EventoID, Diagnostico, Medico) VALUES (1888,"Swine influenza",399);
INSERT INTO Evento(EventoID,Descricao, Data, Admissao, Quarto) VALUES (1889, "descricao","2008-12-23 18:24:37" ,155, 105);
INSERT INTO Consulta( EventoID, Diagnostico, Medico) VALUES (1889,"Marburg fever",390);
INSERT INTO Evento(EventoID,Descricao, Data, Admissao, Quarto) VALUES (1890, "descricao","2005-05-29 01:07:33" ,156, 180);
INSERT INTO Consulta( EventoID, Diagnostico, Medico) VALUES (1890,"Yersiniosis",404);
INSERT INTO Evento(EventoID,Descricao, Data, Admissao, Quarto) VALUES (1891, "descricao","1974-06-06 03:41:57" ,62, 205);
INSERT INTO Consulta( EventoID, Diagnostico, Medico) VALUES (1891,"Varicella",396);
INSERT INTO Evento(EventoID,Descricao, Data, Admissao, Quarto) VALUES (1892, "descricao","1993-09-08 03:57:39" ,181, 247);
INSERT INTO Consulta( EventoID, Diagnostico, Medico) VALUES (1892,"Trichinosis",425);
INSERT INTO Evento(EventoID,Descricao, Data, Admissao, Quarto) VALUES (1893, "descricao","1971-08-18 16:36:40" ,77, 191);
INSERT INTO Consulta( EventoID, Diagnostico, Medico) VALUES (1893,"Paratyphoid fever",399);
INSERT INTO Evento(EventoID,Descricao, Data, Admissao, Quarto) VALUES (1894, "descricao","1988-07-25 13:37:30" ,165, 171);
INSERT INTO Consulta( EventoID, Diagnostico, Medico) VALUES (1894,"Swine influenza",384);
INSERT INTO Evento(EventoID,Descricao, Data, Admissao, Quarto) VALUES (1895, "descricao","1995-12-03 01:41:44" ,28, 217);
INSERT INTO Consulta( EventoID, Diagnostico, Medico) VALUES (1895,"Rheumatism",425);
INSERT INTO Evento(EventoID,Descricao, Data, Admissao, Quarto) VALUES (1896, "descricao","1990-12-18 07:28:00" ,143, 186);
INSERT INTO Consulta( EventoID, Diagnostico, Medico) VALUES (1896,"Hypotonia",414);
INSERT INTO Evento(EventoID,Descricao, Data, Admissao, Quarto) VALUES (1897, "descricao","1989-07-01 19:08:33" ,30, 132);
INSERT INTO Consulta( EventoID, Diagnostico, Medico) VALUES (1897,"Warkany syndrome",405);
INSERT INTO Evento(EventoID,Descricao, Data, Admissao, Quarto) VALUES (1898, "descricao","1982-09-01 17:16:53" ,74, 122);
INSERT INTO Consulta( EventoID, Diagnostico, Medico) VALUES (1898,"Vitiligo",404);
INSERT INTO Evento(EventoID,Descricao, Data, Admissao, Quarto) VALUES (1899, "descricao","1976-11-26 17:34:34" ,136, 224);
INSERT INTO Consulta( EventoID, Diagnostico, Medico) VALUES (1899,"Osso quebrado",402);
INSERT INTO Evento(EventoID,Descricao, Data, Admissao, Quarto) VALUES (1900, "descricao","2018-04-16 17:55:10" ,167, 228);
INSERT INTO Consulta( EventoID, Diagnostico, Medico) VALUES (1900,"Vasovagal syncope",384);
INSERT INTO Evento(EventoID,Descricao, Data, Admissao, Quarto) VALUES (1901, "descricao","2005-12-19 07:09:50" ,149, 114);
INSERT INTO Consulta( EventoID, Diagnostico, Medico) VALUES (1901,"Catapora",419);
INSERT INTO Evento(EventoID,Descricao, Data, Admissao, Quarto) VALUES (1902, "descricao","2018-12-29 23:19:47" ,147, 210);
INSERT INTO Consulta( EventoID, Diagnostico, Medico) VALUES (1902,"Ebola",394);
INSERT INTO Evento(EventoID,Descricao, Data, Admissao, Quarto) VALUES (1903, "descricao","1996-11-26 20:51:05" ,199, 246);
INSERT INTO Consulta( EventoID, Diagnostico, Medico) VALUES (1903,"Hepatitis C",421);
INSERT INTO Evento(EventoID,Descricao, Data, Admissao, Quarto) VALUES (1904, "descricao","2011-11-20 17:54:34" ,55, 190);
INSERT INTO Consulta( EventoID, Diagnostico, Medico) VALUES (1904,"Typhoid fever",395);
INSERT INTO Evento(EventoID,Descricao, Data, Admissao, Quarto) VALUES (1905, "descricao","1980-02-28 18:15:33" ,24, 162);
INSERT INTO Consulta( EventoID, Diagnostico, Medico) VALUES (1905,"Iron-deficiency anemia",414);
INSERT INTO Evento(EventoID,Descricao, Data, Admissao, Quarto) VALUES (1906, "descricao","1993-11-18 13:07:31" ,40, 223);
INSERT INTO Consulta( EventoID, Diagnostico, Medico) VALUES (1906,"Hepatitis E",416);
INSERT INTO Evento(EventoID,Descricao, Data, Admissao, Quarto) VALUES (1907, "descricao","2002-07-08 18:23:32" ,176, 244);
INSERT INTO Consulta( EventoID, Diagnostico, Medico) VALUES (1907,"Mal estar",395);
INSERT INTO Evento(EventoID,Descricao, Data, Admissao, Quarto) VALUES (1908, "descricao","2001-10-20 16:43:44" ,171, 186);
INSERT INTO Consulta( EventoID, Diagnostico, Medico) VALUES (1908,"Synovitis",409);
INSERT INTO Evento(EventoID,Descricao, Data, Admissao, Quarto) VALUES (1909, "descricao","1988-03-28 16:37:28" ,163, 159);
INSERT INTO Consulta( EventoID, Diagnostico, Medico) VALUES (1909,"Chordoma",418);
INSERT INTO Evento(EventoID,Descricao, Data, Admissao, Quarto) VALUES (1910, "descricao","2014-02-27 08:30:05" ,119, 203);
INSERT INTO Consulta( EventoID, Diagnostico, Medico) VALUES (1910,"Chickenpox",418);
INSERT INTO Evento(EventoID,Descricao, Data, Admissao, Quarto) VALUES (1911, "descricao","1996-10-07 12:42:14" ,46, 130);
INSERT INTO Consulta( EventoID, Diagnostico, Medico) VALUES (1911,"Virose",400);
INSERT INTO Evento(EventoID,Descricao, Data, Admissao, Quarto) VALUES (1912, "descricao","2015-11-07 03:17:42" ,67, 197);
INSERT INTO Consulta( EventoID, Diagnostico, Medico) VALUES (1912,"Mal estar",399);
INSERT INTO Evento(EventoID,Descricao, Data, Admissao, Quarto) VALUES (1913, "descricao","1990-10-22 15:38:54" ,170, 199);
INSERT INTO Consulta( EventoID, Diagnostico, Medico) VALUES (1913,"Necrotizing Fasciitis",419);
INSERT INTO Evento(EventoID,Descricao, Data, Admissao, Quarto) VALUES (1914, "descricao","1996-06-19 14:58:30" ,156, 138);
INSERT INTO Consulta( EventoID, Diagnostico, Medico) VALUES (1914,"Teratoma",415);
INSERT INTO Evento(EventoID,Descricao, Data, Admissao, Quarto) VALUES (1915, "descricao","1973-03-25 22:32:57" ,150, 221);
INSERT INTO Consulta( EventoID, Diagnostico, Medico) VALUES (1915,"Psoriasis",397);
INSERT INTO Evento(EventoID,Descricao, Data, Admissao, Quarto) VALUES (1916, "descricao","1985-10-10 09:32:15" ,3, 223);
INSERT INTO Consulta( EventoID, Diagnostico, Medico) VALUES (1916,"Metastatic cancer",395);
INSERT INTO Evento(EventoID,Descricao, Data, Admissao, Quarto) VALUES (1917, "descricao","2019-08-12 08:05:17" ,144, 104);
INSERT INTO Consulta( EventoID, Diagnostico, Medico) VALUES (1917,"Osso quebrado",383);
INSERT INTO Evento(EventoID,Descricao, Data, Admissao, Quarto) VALUES (1918, "descricao","1981-08-10 11:18:02" ,144, 249);
INSERT INTO Consulta( EventoID, Diagnostico, Medico) VALUES (1918,"Mononucleosis",407);
INSERT INTO Evento(EventoID,Descricao, Data, Admissao, Quarto) VALUES (1919, "descricao","2005-01-22 03:04:37" ,190, 232);
INSERT INTO Consulta( EventoID, Diagnostico, Medico) VALUES (1919,"Gastroenteritis",423);
INSERT INTO Evento(EventoID,Descricao, Data, Admissao, Quarto) VALUES (1920, "descricao","1997-10-18 09:05:39" ,35, 139);
INSERT INTO Consulta( EventoID, Diagnostico, Medico) VALUES (1920,"Ear infection",394);
INSERT INTO Evento(EventoID,Descricao, Data, Admissao, Quarto) VALUES (1921, "descricao","1971-11-08 06:20:11" ,33, 219);
INSERT INTO Consulta( EventoID, Diagnostico, Medico) VALUES (1921,"Gangrene",384);
INSERT INTO Evento(EventoID,Descricao, Data, Admissao, Quarto) VALUES (1922, "descricao","1973-03-18 19:40:38" ,88, 179);
INSERT INTO Consulta( EventoID, Diagnostico, Medico) VALUES (1922,"Colitis",421);
INSERT INTO Evento(EventoID,Descricao, Data, Admissao, Quarto) VALUES (1923, "descricao","1983-03-11 18:27:08" ,44, 181);
INSERT INTO Consulta( EventoID, Diagnostico, Medico) VALUES (1923,"Limbtoosa",403);
INSERT INTO Evento(EventoID,Descricao, Data, Admissao, Quarto) VALUES (1924, "descricao","1993-09-10 15:51:02" ,96, 185);
INSERT INTO Consulta( EventoID, Diagnostico, Medico) VALUES (1924,"Colitis",423);
INSERT INTO Evento(EventoID,Descricao, Data, Admissao, Quarto) VALUES (1925, "descricao","1986-08-25 11:48:23" ,136, 150);
INSERT INTO Consulta( EventoID, Diagnostico, Medico) VALUES (1925,"Salmonellosis",393);
INSERT INTO Evento(EventoID,Descricao, Data, Admissao, Quarto) VALUES (1926, "descricao","1998-12-28 04:32:45" ,36, 183);
INSERT INTO Consulta( EventoID, Diagnostico, Medico) VALUES (1926,"Metastatic cancer",419);
INSERT INTO Evento(EventoID,Descricao, Data, Admissao, Quarto) VALUES (1927, "descricao","1994-12-01 01:59:54" ,135, 179);
INSERT INTO Consulta( EventoID, Diagnostico, Medico) VALUES (1927,"Vitiligo",393);
INSERT INTO Evento(EventoID,Descricao, Data, Admissao, Quarto) VALUES (1928, "descricao","1989-04-28 10:36:12" ,50, 179);
INSERT INTO Consulta( EventoID, Diagnostico, Medico) VALUES (1928,"Psoriasis",383);
INSERT INTO Evento(EventoID,Descricao, Data, Admissao, Quarto) VALUES (1929, "descricao","2003-05-26 13:26:13" ,4, 161);
INSERT INTO Consulta( EventoID, Diagnostico, Medico) VALUES (1929,"Lice",408);
INSERT INTO Evento(EventoID,Descricao, Data, Admissao, Quarto) VALUES (1930, "descricao","1980-07-18 21:39:01" ,140, 185);
INSERT INTO Consulta( EventoID, Diagnostico, Medico) VALUES (1930,"Catapora",401);
INSERT INTO Evento(EventoID,Descricao, Data, Admissao, Quarto) VALUES (1931, "descricao","2000-05-17 13:46:12" ,179, 175);
INSERT INTO Consulta( EventoID, Diagnostico, Medico) VALUES (1931,"Coronary heart disease",384);
INSERT INTO Evento(EventoID,Descricao, Data, Admissao, Quarto) VALUES (1932, "descricao","2013-02-25 11:09:57" ,4, 204);
INSERT INTO Consulta( EventoID, Diagnostico, Medico) VALUES (1932,"Jaundice",415);
INSERT INTO Evento(EventoID,Descricao, Data, Admissao, Quarto) VALUES (1933, "descricao","1997-12-14 00:43:09" ,103, 193);
INSERT INTO Consulta( EventoID, Diagnostico, Medico) VALUES (1933,"Sciatica",423);
INSERT INTO Evento(EventoID,Descricao, Data, Admissao, Quarto) VALUES (1934, "descricao","2009-01-17 14:19:51" ,177, 115);
INSERT INTO Consulta( EventoID, Diagnostico, Medico) VALUES (1934,"Huntington's disease",422);
INSERT INTO Evento(EventoID,Descricao, Data, Admissao, Quarto) VALUES (1935, "descricao","2014-10-10 13:31:10" ,40, 105);
INSERT INTO Consulta( EventoID, Diagnostico, Medico) VALUES (1935,"Rheumatic heart",398);
INSERT INTO Evento(EventoID,Descricao, Data, Admissao, Quarto) VALUES (1936, "descricao","1976-07-14 20:28:24" ,20, 144);
INSERT INTO Consulta( EventoID, Diagnostico, Medico) VALUES (1936,"Leptospirosis",419);
INSERT INTO Evento(EventoID,Descricao, Data, Admissao, Quarto) VALUES (1937, "descricao","1987-03-13 00:37:43" ,3, 187);
INSERT INTO Consulta( EventoID, Diagnostico, Medico) VALUES (1937,"Virose",395);
INSERT INTO Evento(EventoID,Descricao, Data, Admissao, Quarto) VALUES (1938, "descricao","1994-11-16 19:03:21" ,185, 164);
INSERT INTO Consulta( EventoID, Diagnostico, Medico) VALUES (1938,"Virose",403);
INSERT INTO Evento(EventoID,Descricao, Data, Admissao, Quarto) VALUES (1939, "descricao","2009-06-05 06:31:52" ,161, 217);
INSERT INTO Consulta( EventoID, Diagnostico, Medico) VALUES (1939,"Kidney stone disease",423);
INSERT INTO Evento(EventoID,Descricao, Data, Admissao, Quarto) VALUES (1940, "descricao","2009-08-17 07:20:09" ,184, 247);
INSERT INTO Consulta( EventoID, Diagnostico, Medico) VALUES (1940,"Tuberculosis",423);
INSERT INTO Evento(EventoID,Descricao, Data, Admissao, Quarto) VALUES (1941, "descricao","1973-06-27 01:27:14" ,195, 106);
INSERT INTO Consulta( EventoID, Diagnostico, Medico) VALUES (1941,"Hypermetropia",385);
INSERT INTO Evento(EventoID,Descricao, Data, Admissao, Quarto) VALUES (1942, "descricao","2006-11-26 23:56:48" ,79, 112);
INSERT INTO Consulta( EventoID, Diagnostico, Medico) VALUES (1942,"Yersiniosis",412);
INSERT INTO Evento(EventoID,Descricao, Data, Admissao, Quarto) VALUES (1943, "descricao","1979-03-02 08:59:13" ,155, 246);
INSERT INTO Consulta( EventoID, Diagnostico, Medico) VALUES (1943,"Sickle-cell anemia",410);
INSERT INTO Evento(EventoID,Descricao, Data, Admissao, Quarto) VALUES (1944, "descricao","1970-09-29 10:47:46" ,134, 145);
INSERT INTO Consulta( EventoID, Diagnostico, Medico) VALUES (1944,"Catapora",420);
INSERT INTO Evento(EventoID,Descricao, Data, Admissao, Quarto) VALUES (1945, "descricao","2003-09-16 02:26:49" ,19, 153);
INSERT INTO Consulta( EventoID, Diagnostico, Medico) VALUES (1945,"Obesity",385);
INSERT INTO Evento(EventoID,Descricao, Data, Admissao, Quarto) VALUES (1946, "descricao","2013-06-13 19:31:54" ,24, 182);
INSERT INTO Consulta( EventoID, Diagnostico, Medico) VALUES (1946,"Swine influenza",397);
INSERT INTO Evento(EventoID,Descricao, Data, Admissao, Quarto) VALUES (1947, "descricao","1988-03-19 21:33:53" ,134, 100);
INSERT INTO Consulta( EventoID, Diagnostico, Medico) VALUES (1947,"Tuberculosis",425);
INSERT INTO Evento(EventoID,Descricao, Data, Admissao, Quarto) VALUES (1948, "descricao","1998-02-27 15:42:32" ,18, 167);
INSERT INTO Consulta( EventoID, Diagnostico, Medico) VALUES (1948,"Catapora",399);
INSERT INTO Evento(EventoID,Descricao, Data, Admissao, Quarto) VALUES (1949, "descricao","2009-07-09 05:17:29" ,146, 239);
INSERT INTO Consulta( EventoID, Diagnostico, Medico) VALUES (1949,"Goitre",383);
INSERT INTO Evento(EventoID,Descricao, Data, Admissao, Quarto) VALUES (1950, "descricao","2002-04-24 03:57:19" ,4, 159);
INSERT INTO Consulta( EventoID, Diagnostico, Medico) VALUES (1950,"Stomach ulcers",383);
INSERT INTO Evento(EventoID,Descricao, Data, Admissao, Quarto) VALUES (1951, "descricao","1979-07-26 21:10:00" ,62, 204);
INSERT INTO Consulta( EventoID, Diagnostico, Medico) VALUES (1951,"Lice",385);
INSERT INTO Evento(EventoID,Descricao, Data, Admissao, Quarto) VALUES (1952, "descricao","2002-11-07 00:51:21" ,59, 220);
INSERT INTO Consulta( EventoID, Diagnostico, Medico) VALUES (1952,"Prostatitis",392);
INSERT INTO Evento(EventoID,Descricao, Data, Admissao, Quarto) VALUES (1953, "descricao","1970-12-07 00:51:48" ,19, 217);
INSERT INTO Consulta( EventoID, Diagnostico, Medico) VALUES (1953,"Osso quebrado",421);
INSERT INTO Evento(EventoID,Descricao, Data, Admissao, Quarto) VALUES (1954, "descricao","2018-02-17 19:39:31" ,133, 150);
INSERT INTO Consulta( EventoID, Diagnostico, Medico) VALUES (1954,"Coeliac disease",407);
INSERT INTO Evento(EventoID,Descricao, Data, Admissao, Quarto) VALUES (1955, "descricao","1999-09-20 01:40:01" ,63, 170);
INSERT INTO Consulta( EventoID, Diagnostico, Medico) VALUES (1955,"Ulcers",383);
INSERT INTO Evento(EventoID,Descricao, Data, Admissao, Quarto) VALUES (1956, "descricao","1993-04-28 05:10:44" ,56, 233);
INSERT INTO Consulta( EventoID, Diagnostico, Medico) VALUES (1956,"Infeccao bacteriana",401);
INSERT INTO Evento(EventoID,Descricao, Data, Admissao, Quarto) VALUES (1957, "descricao","1981-09-06 04:54:29" ,124, 180);
INSERT INTO Consulta( EventoID, Diagnostico, Medico) VALUES (1957,"Silicosis",391);
INSERT INTO Evento(EventoID,Descricao, Data, Admissao, Quarto) VALUES (1958, "descricao","1970-05-18 18:05:46" ,195, 185);
INSERT INTO Consulta( EventoID, Diagnostico, Medico) VALUES (1958,"SARS",398);
INSERT INTO Evento(EventoID,Descricao, Data, Admissao, Quarto) VALUES (1959, "descricao","1996-04-03 23:52:25" ,10, 112);
INSERT INTO Consulta( EventoID, Diagnostico, Medico) VALUES (1959,"Streptococcal infection",403);
INSERT INTO Evento(EventoID,Descricao, Data, Admissao, Quarto) VALUES (1960, "descricao","2008-01-01 01:20:08" ,192, 213);
INSERT INTO Consulta( EventoID, Diagnostico, Medico) VALUES (1960,"Toxic shock syndrome",404);
INSERT INTO Evento(EventoID,Descricao, Data, Admissao, Quarto) VALUES (1961, "descricao","2011-01-19 21:17:42" ,159, 144);
INSERT INTO Consulta( EventoID, Diagnostico, Medico) VALUES (1961,"Listeriosis",387);
INSERT INTO Evento(EventoID,Descricao, Data, Admissao, Quarto) VALUES (1962, "descricao","1979-08-09 01:55:33" ,93, 128);
INSERT INTO Consulta( EventoID, Diagnostico, Medico) VALUES (1962,"Mumps",420);
INSERT INTO Evento(EventoID,Descricao, Data, Admissao, Quarto) VALUES (1963, "descricao","1973-09-09 16:32:09" ,130, 246);
INSERT INTO Consulta( EventoID, Diagnostico, Medico) VALUES (1963,"Lymphogranuloma venereum",408);
INSERT INTO Evento(EventoID,Descricao, Data, Admissao, Quarto) VALUES (1964, "descricao","1978-12-27 21:57:32" ,186, 104);
INSERT INTO Consulta( EventoID, Diagnostico, Medico) VALUES (1964,"Pertussis",389);
INSERT INTO Evento(EventoID,Descricao, Data, Admissao, Quarto) VALUES (1965, "descricao","2001-10-07 08:00:44" ,152, 220);
INSERT INTO Consulta( EventoID, Diagnostico, Medico) VALUES (1965,"Virose",420);
INSERT INTO Evento(EventoID,Descricao, Data, Admissao, Quarto) VALUES (1966, "descricao","1983-12-14 04:10:22" ,119, 119);
INSERT INTO Consulta( EventoID, Diagnostico, Medico) VALUES (1966,"Streptococcal infection",426);
INSERT INTO Evento(EventoID,Descricao, Data, Admissao, Quarto) VALUES (1967, "descricao","1997-09-05 07:27:59" ,28, 157);
INSERT INTO Consulta( EventoID, Diagnostico, Medico) VALUES (1967,"Hyperthyroidism",391);
INSERT INTO Evento(EventoID,Descricao, Data, Admissao, Quarto) VALUES (1968, "descricao","1990-06-18 21:47:02" ,178, 198);
INSERT INTO Consulta( EventoID, Diagnostico, Medico) VALUES (1968,"Emphysema",417);
INSERT INTO Evento(EventoID,Descricao, Data, Admissao, Quarto) VALUES (1969, "descricao","2016-08-09 02:51:30" ,39, 191);
INSERT INTO Consulta( EventoID, Diagnostico, Medico) VALUES (1969,"Foodborne illness",396);
INSERT INTO Evento(EventoID,Descricao, Data, Admissao, Quarto) VALUES (1970, "descricao","1987-08-27 18:33:32" ,104, 183);
INSERT INTO Consulta( EventoID, Diagnostico, Medico) VALUES (1970,"Marburg fever",410);
INSERT INTO Evento(EventoID,Descricao, Data, Admissao, Quarto) VALUES (1971, "descricao","1979-01-07 15:13:59" ,108, 126);
INSERT INTO Consulta( EventoID, Diagnostico, Medico) VALUES (1971,"Periodontal disease",386);
INSERT INTO Evento(EventoID,Descricao, Data, Admissao, Quarto) VALUES (1972, "descricao","1995-03-18 12:09:42" ,164, 155);
INSERT INTO Consulta( EventoID, Diagnostico, Medico) VALUES (1972,"Scabies",389);
INSERT INTO Evento(EventoID,Descricao, Data, Admissao, Quarto) VALUES (1973, "descricao","1984-11-15 04:26:44" ,21, 202);
INSERT INTO Consulta( EventoID, Diagnostico, Medico) VALUES (1973,"Emphysema",404);
INSERT INTO Evento(EventoID,Descricao, Data, Admissao, Quarto) VALUES (1974, "descricao","1984-09-16 22:06:47" ,137, 153);
INSERT INTO Consulta( EventoID, Diagnostico, Medico) VALUES (1974,"Osso quebrado",391);
INSERT INTO Evento(EventoID,Descricao, Data, Admissao, Quarto) VALUES (1975, "descricao","2014-06-18 14:13:16" ,33, 140);
INSERT INTO Consulta( EventoID, Diagnostico, Medico) VALUES (1975,"Urticaria",389);
INSERT INTO Evento(EventoID,Descricao, Data, Admissao, Quarto) VALUES (1976, "descricao","2013-03-28 10:09:13" ,141, 140);
INSERT INTO Consulta( EventoID, Diagnostico, Medico) VALUES (1976,"Typhoid fever",411);
INSERT INTO Evento(EventoID,Descricao, Data, Admissao, Quarto) VALUES (1977, "descricao","1973-03-28 05:29:17" ,65, 236);
INSERT INTO Consulta( EventoID, Diagnostico, Medico) VALUES (1977,"Leptospirosis",397);
INSERT INTO Evento(EventoID,Descricao, Data, Admissao, Quarto) VALUES (1978, "descricao","2002-09-06 12:55:15" ,71, 122);
INSERT INTO Consulta( EventoID, Diagnostico, Medico) VALUES (1978,"Infeccao bacteriana",418);
INSERT INTO Evento(EventoID,Descricao, Data, Admissao, Quarto) VALUES (1979, "descricao","1999-11-07 18:13:32" ,185, 128);
INSERT INTO Consulta( EventoID, Diagnostico, Medico) VALUES (1979,"Osso quebrado",411);
INSERT INTO Evento(EventoID,Descricao, Data, Admissao, Quarto) VALUES (1980, "descricao","2019-12-21 06:47:44" ,119, 231);
INSERT INTO Consulta( EventoID, Diagnostico, Medico) VALUES (1980,"Thymoma",421);
INSERT INTO Evento(EventoID,Descricao, Data, Admissao, Quarto) VALUES (1981, "descricao","1994-10-26 18:56:36" ,55, 101);
INSERT INTO Consulta( EventoID, Diagnostico, Medico) VALUES (1981,"Metastatic cancer",411);
INSERT INTO Evento(EventoID,Descricao, Data, Admissao, Quarto) VALUES (1982, "descricao","1971-02-16 09:20:40" ,125, 209);
INSERT INTO Consulta( EventoID, Diagnostico, Medico) VALUES (1982,"Migraine",411);
INSERT INTO Evento(EventoID,Descricao, Data, Admissao, Quarto) VALUES (1983, "descricao","1985-04-16 19:18:51" ,149, 177);
INSERT INTO Consulta( EventoID, Diagnostico, Medico) VALUES (1983,"COVID-19",424);
INSERT INTO Evento(EventoID,Descricao, Data, Admissao, Quarto) VALUES (1984, "descricao","1997-06-13 02:56:47" ,128, 218);
INSERT INTO Consulta( EventoID, Diagnostico, Medico) VALUES (1984,"Osso quebrado",399);
INSERT INTO Evento(EventoID,Descricao, Data, Admissao, Quarto) VALUES (1985, "descricao","2005-09-08 11:34:54" ,159, 193);
INSERT INTO Consulta( EventoID, Diagnostico, Medico) VALUES (1985,"Crohn's Disease",425);
INSERT INTO Evento(EventoID,Descricao, Data, Admissao, Quarto) VALUES (1986, "descricao","1978-04-28 20:21:04" ,69, 248);
INSERT INTO Consulta( EventoID, Diagnostico, Medico) VALUES (1986,"Catapora",399);
INSERT INTO Evento(EventoID,Descricao, Data, Admissao, Quarto) VALUES (1987, "descricao","1970-04-18 19:05:57" ,33, 155);
INSERT INTO Consulta( EventoID, Diagnostico, Medico) VALUES (1987,"Hepatitis D",413);
INSERT INTO Evento(EventoID,Descricao, Data, Admissao, Quarto) VALUES (1988, "descricao","1993-08-26 20:01:39" ,20, 185);
INSERT INTO Consulta( EventoID, Diagnostico, Medico) VALUES (1988,"Chlamydia",392);
INSERT INTO Evento(EventoID,Descricao, Data, Admissao, Quarto) VALUES (1989, "descricao","2010-11-22 02:31:12" ,93, 145);
INSERT INTO Consulta( EventoID, Diagnostico, Medico) VALUES (1989,"Scrapie",397);
INSERT INTO Evento(EventoID,Descricao, Data, Admissao, Quarto) VALUES (1990, "descricao","1987-06-09 08:31:14" ,29, 124);
INSERT INTO Consulta( EventoID, Diagnostico, Medico) VALUES (1990,"Strep throat",402);
INSERT INTO Evento(EventoID,Descricao, Data, Admissao, Quarto) VALUES (1991, "descricao","1977-10-02 19:14:47" ,183, 162);
INSERT INTO Consulta( EventoID, Diagnostico, Medico) VALUES (1991,"Hepatitis A",410);
INSERT INTO Evento(EventoID,Descricao, Data, Admissao, Quarto) VALUES (1992, "descricao","2015-10-18 12:05:37" ,132, 177);
INSERT INTO Consulta( EventoID, Diagnostico, Medico) VALUES (1992,"Phenylketonuria",420);
INSERT INTO Evento(EventoID,Descricao, Data, Admissao, Quarto) VALUES (1993, "descricao","2018-12-27 09:27:03" ,194, 110);
INSERT INTO Consulta( EventoID, Diagnostico, Medico) VALUES (1993,"Mal estar",405);
INSERT INTO Evento(EventoID,Descricao, Data, Admissao, Quarto) VALUES (1994, "descricao","2011-09-28 04:38:52" ,103, 204);
INSERT INTO Consulta( EventoID, Diagnostico, Medico) VALUES (1994,"Meniere's disease",420);
INSERT INTO Evento(EventoID,Descricao, Data, Admissao, Quarto) VALUES (1995, "descricao","1975-12-13 00:31:49" ,118, 134);
INSERT INTO Consulta( EventoID, Diagnostico, Medico) VALUES (1995,"Chronic fatigue syndrome",426);
INSERT INTO Evento(EventoID,Descricao, Data, Admissao, Quarto) VALUES (1996, "descricao","1981-01-22 00:13:11" ,136, 140);
INSERT INTO Consulta( EventoID, Diagnostico, Medico) VALUES (1996,"Lymphogranuloma venereum",406);
INSERT INTO Evento(EventoID,Descricao, Data, Admissao, Quarto) VALUES (1997, "descricao","2018-06-27 02:29:38" ,193, 148);
INSERT INTO Consulta( EventoID, Diagnostico, Medico) VALUES (1997,"Diabetes mellitus",409);
INSERT INTO Evento(EventoID,Descricao, Data, Admissao, Quarto) VALUES (1998, "descricao","1979-08-12 12:16:32" ,152, 102);
INSERT INTO Consulta( EventoID, Diagnostico, Medico) VALUES (1998,"Viral meningitis",413);
INSERT INTO Evento(EventoID,Descricao, Data, Admissao, Quarto) VALUES (1999, "descricao","1978-10-14 05:56:41" ,73, 105);
INSERT INTO Consulta( EventoID, Diagnostico, Medico) VALUES (1999,"Dengue Fever",410);
INSERT INTO Evento(EventoID,Descricao, Data, Admissao, Quarto) VALUES (2000, "descricao","1984-01-13 22:51:53" ,78, 215);
INSERT INTO Consulta( EventoID, Diagnostico, Medico) VALUES (2000,"Bacterial meningitis",409);
INSERT INTO Evento(EventoID,Descricao, Data, Admissao, Quarto) VALUES (2001, "descricao","1989-12-26 06:36:27" ,24, 242);
INSERT INTO Consulta( EventoID, Diagnostico, Medico) VALUES (2001,"Shingles",404);
INSERT INTO Evento(EventoID,Descricao, Data, Admissao, Quarto) VALUES (2002, "descricao","1986-10-31 08:04:28" ,172, 177);
INSERT INTO Consulta( EventoID, Diagnostico, Medico) VALUES (2002,"Periodontal disease",425);
INSERT INTO Evento(EventoID,Descricao, Data, Admissao, Quarto) VALUES (2003, "descricao","2008-04-04 06:49:07" ,96, 217);
INSERT INTO Consulta( EventoID, Diagnostico, Medico) VALUES (2003,"Multiple myeloma",395);
INSERT INTO Evento(EventoID,Descricao, Data, Admissao, Quarto) VALUES (2004, "descricao","2019-10-18 03:30:01" ,128, 167);
INSERT INTO Consulta( EventoID, Diagnostico, Medico) VALUES (2004,"Paratyphoid fever",422);
INSERT INTO Evento(EventoID,Descricao, Data, Admissao, Quarto) VALUES (2005, "descricao","1975-09-02 02:41:37" ,182, 168);
INSERT INTO Consulta( EventoID, Diagnostico, Medico) VALUES (2005,"Appendicitis",392);
INSERT INTO Evento(EventoID,Descricao, Data, Admissao, Quarto) VALUES (2006, "descricao","1971-07-22 22:07:39" ,111, 227);
INSERT INTO Consulta( EventoID, Diagnostico, Medico) VALUES (2006,"Infeccao bacteriana",400);
INSERT INTO Evento(EventoID,Descricao, Data, Admissao, Quarto) VALUES (2007, "descricao","1997-12-28 20:39:09" ,41, 229);
INSERT INTO Consulta( EventoID, Diagnostico, Medico) VALUES (2007,"Mal estar",384);
INSERT INTO Evento(EventoID,Descricao, Data, Admissao, Quarto) VALUES (2008, "descricao","2006-03-24 04:58:21" ,159, 195);
INSERT INTO Consulta( EventoID, Diagnostico, Medico) VALUES (2008,"Infeccao bacteriana",407);
INSERT INTO Evento(EventoID,Descricao, Data, Admissao, Quarto) VALUES (2009, "descricao","1975-02-07 01:33:53" ,90, 210);
INSERT INTO Consulta( EventoID, Diagnostico, Medico) VALUES (2009,"Campylobacter infection",389);
INSERT INTO Evento(EventoID,Descricao, Data, Admissao, Quarto) VALUES (2010, "descricao","2013-05-19 21:20:10" ,40, 155);
INSERT INTO Consulta( EventoID, Diagnostico, Medico) VALUES (2010,"Rift Valley fever",409);
INSERT INTO Evento(EventoID,Descricao, Data, Admissao, Quarto) VALUES (2011, "descricao","1990-05-11 01:36:14" ,124, 105);
INSERT INTO Consulta( EventoID, Diagnostico, Medico) VALUES (2011,"Mal estar",397);
INSERT INTO Evento(EventoID,Descricao, Data, Admissao, Quarto) VALUES (2012, "descricao","2005-01-30 01:34:36" ,154, 182);
INSERT INTO Consulta( EventoID, Diagnostico, Medico) VALUES (2012,"Multiple myeloma",391);
INSERT INTO Evento(EventoID,Descricao, Data, Admissao, Quarto) VALUES (2013, "descricao","1980-01-07 14:45:43" ,174, 240);
INSERT INTO Consulta( EventoID, Diagnostico, Medico) VALUES (2013,"Sepsis",392);
INSERT INTO Evento(EventoID,Descricao, Data, Admissao, Quarto) VALUES (2014, "descricao","2007-02-06 20:42:17" ,78, 134);
INSERT INTO Consulta( EventoID, Diagnostico, Medico) VALUES (2014,"Marburg fever",386);
INSERT INTO Evento(EventoID,Descricao, Data, Admissao, Quarto) VALUES (2015, "descricao","2018-03-29 07:36:38" ,3, 201);
INSERT INTO Consulta( EventoID, Diagnostico, Medico) VALUES (2015,"Urticaria",405);
INSERT INTO Evento(EventoID,Descricao, Data, Admissao, Quarto) VALUES (2016, "descricao","1982-12-26 19:52:20" ,148, 228);
INSERT INTO Consulta( EventoID, Diagnostico, Medico) VALUES (2016,"Catapora",425);
INSERT INTO Evento(EventoID,Descricao, Data, Admissao, Quarto) VALUES (2017, "descricao","1970-12-15 10:23:11" ,91, 154);
INSERT INTO Consulta( EventoID, Diagnostico, Medico) VALUES (2017,"Typhus",424);
INSERT INTO Evento(EventoID,Descricao, Data, Admissao, Quarto) VALUES (2018, "descricao","1986-12-18 10:13:38" ,100, 200);
INSERT INTO Consulta( EventoID, Diagnostico, Medico) VALUES (2018,"Taeniasis",386);
INSERT INTO Evento(EventoID,Descricao, Data, Admissao, Quarto) VALUES (2019, "descricao","1993-01-30 23:09:37" ,188, 209);
INSERT INTO Consulta( EventoID, Diagnostico, Medico) VALUES (2019,"Indeterminado",420);
INSERT INTO Evento(EventoID,Descricao, Data, Admissao, Quarto) VALUES (2020, "descricao","1973-02-20 08:46:03" ,73, 115);
INSERT INTO Consulta( EventoID, Diagnostico, Medico) VALUES (2020,"Rheumatism",414);
INSERT INTO Evento(EventoID,Descricao, Data, Admissao, Quarto) VALUES (2021, "descricao","2002-04-21 08:23:30" ,108, 106);
INSERT INTO Consulta( EventoID, Diagnostico, Medico) VALUES (2021,"Pulmonary embolism",421);
INSERT INTO Evento(EventoID,Descricao, Data, Admissao, Quarto) VALUES (2022, "descricao","2018-08-02 07:05:24" ,77, 214);
INSERT INTO Consulta( EventoID, Diagnostico, Medico) VALUES (2022,"Indeterminado",389);
INSERT INTO Evento(EventoID,Descricao, Data, Admissao, Quarto) VALUES (2023, "descricao","2019-08-20 07:42:50" ,93, 153);
INSERT INTO Consulta( EventoID, Diagnostico, Medico) VALUES (2023,"Taeniasis",425);
INSERT INTO Evento(EventoID,Descricao, Data, Admissao, Quarto) VALUES (2024, "descricao","2004-07-18 08:38:05" ,170, 110);
INSERT INTO Consulta( EventoID, Diagnostico, Medico) VALUES (2024,"Histiocytosis (childhood cancer)",414);
INSERT INTO Evento(EventoID,Descricao, Data, Admissao, Quarto) VALUES (2025, "descricao","1973-01-08 18:28:59" ,138, 104);
INSERT INTO Consulta( EventoID, Diagnostico, Medico) VALUES (2025,"Scleroderma",422);
INSERT INTO Evento(EventoID,Descricao, Data, Admissao, Quarto) VALUES (2026, "descricao","1984-08-10 17:24:49" ,10, 153);
INSERT INTO Consulta( EventoID, Diagnostico, Medico) VALUES (2026,"Multiple sclerosis",411);
INSERT INTO Evento(EventoID,Descricao, Data, Admissao, Quarto) VALUES (2027, "descricao","2006-06-25 01:43:59" ,31, 180);
INSERT INTO Consulta( EventoID, Diagnostico, Medico) VALUES (2027,"Colitis",411);
INSERT INTO Evento(EventoID,Descricao, Data, Admissao, Quarto) VALUES (2028, "descricao","1985-01-06 17:41:27" ,134, 126);
INSERT INTO Consulta( EventoID, Diagnostico, Medico) VALUES (2028,"Bunion",425);
INSERT INTO Evento(EventoID,Descricao, Data, Admissao, Quarto) VALUES (2029, "descricao","1973-04-15 21:06:06" ,88, 159);
INSERT INTO Consulta( EventoID, Diagnostico, Medico) VALUES (2029,"Myopia",398);
INSERT INTO Evento(EventoID,Descricao, Data, Admissao, Quarto) VALUES (2030, "descricao","1984-02-17 04:54:45" ,192, 164);
INSERT INTO Consulta( EventoID, Diagnostico, Medico) VALUES (2030,"Irritable bowel syndrome",390);
INSERT INTO Evento(EventoID,Descricao, Data, Admissao, Quarto) VALUES (2031, "descricao","2012-02-02 15:47:47" ,154, 174);
INSERT INTO Consulta( EventoID, Diagnostico, Medico) VALUES (2031,"Lupus erythematosus",405);
INSERT INTO Evento(EventoID,Descricao, Data, Admissao, Quarto) VALUES (2032, "descricao","1984-06-16 15:29:48" ,69, 127);
INSERT INTO Consulta( EventoID, Diagnostico, Medico) VALUES (2032,"Otitis",385);
INSERT INTO Evento(EventoID,Descricao, Data, Admissao, Quarto) VALUES (2033, "descricao","2006-09-09 17:22:54" ,49, 214);
INSERT INTO Consulta( EventoID, Diagnostico, Medico) VALUES (2033,"Varicose veins",420);
INSERT INTO Evento(EventoID,Descricao, Data, Admissao, Quarto) VALUES (2034, "descricao","1971-07-29 05:32:18" ,29, 112);
INSERT INTO Consulta( EventoID, Diagnostico, Medico) VALUES (2034,"Brucellosis",387);
INSERT INTO Evento(EventoID,Descricao, Data, Admissao, Quarto) VALUES (2035, "descricao","1971-12-16 12:31:34" ,23, 170);
INSERT INTO Consulta( EventoID, Diagnostico, Medico) VALUES (2035,"Watkins",387);
INSERT INTO Evento(EventoID,Descricao, Data, Admissao, Quarto) VALUES (2036, "descricao","1988-07-25 17:23:16" ,5, 117);
INSERT INTO Consulta( EventoID, Diagnostico, Medico) VALUES (2036,"Mad cow disease",423);
INSERT INTO Evento(EventoID,Descricao, Data, Admissao, Quarto) VALUES (2037, "descricao","1972-06-04 20:29:03" ,52, 198);
INSERT INTO Consulta( EventoID, Diagnostico, Medico) VALUES (2037,"Chagas disease",420);
INSERT INTO Evento(EventoID,Descricao, Data, Admissao, Quarto) VALUES (2038, "descricao","2010-06-22 08:48:45" ,34, 177);
INSERT INTO Consulta( EventoID, Diagnostico, Medico) VALUES (2038,"Brucellosis",411);
INSERT INTO Evento(EventoID,Descricao, Data, Admissao, Quarto) VALUES (2039, "descricao","1970-12-24 15:22:18" ,107, 141);
INSERT INTO Consulta( EventoID, Diagnostico, Medico) VALUES (2039,"Necrotizing Fasciitis",404);
INSERT INTO Evento(EventoID,Descricao, Data, Admissao, Quarto) VALUES (2040, "descricao","1985-03-06 08:11:39" ,41, 173);
INSERT INTO Consulta( EventoID, Diagnostico, Medico) VALUES (2040,"Stomach flu",388);
INSERT INTO Evento(EventoID,Descricao, Data, Admissao, Quarto) VALUES (2041, "descricao","1987-08-24 10:49:21" ,32, 115);
INSERT INTO Consulta( EventoID, Diagnostico, Medico) VALUES (2041,"Warkany syndrome",397);
INSERT INTO Evento(EventoID,Descricao, Data, Admissao, Quarto) VALUES (2042, "descricao","2018-12-09 18:31:36" ,83, 129);
INSERT INTO Consulta( EventoID, Diagnostico, Medico) VALUES (2042,"Melanoma",388);
INSERT INTO Evento(EventoID,Descricao, Data, Admissao, Quarto) VALUES (2043, "descricao","1990-09-24 01:16:09" ,82, 102);
INSERT INTO Consulta( EventoID, Diagnostico, Medico) VALUES (2043,"Metastatic cancer",424);
INSERT INTO Evento(EventoID,Descricao, Data, Admissao, Quarto) VALUES (2044, "descricao","1976-02-01 12:52:35" ,45, 227);
INSERT INTO Consulta( EventoID, Diagnostico, Medico) VALUES (2044,"Osteoporosis",420);
INSERT INTO Evento(EventoID,Descricao, Data, Admissao, Quarto) VALUES (2045, "descricao","1971-11-03 11:26:04" ,78, 213);
INSERT INTO Consulta( EventoID, Diagnostico, Medico) VALUES (2045,"Lupus erythematosus",404);
INSERT INTO Evento(EventoID,Descricao, Data, Admissao, Quarto) VALUES (2046, "descricao","1997-01-23 13:49:22" ,5, 116);
INSERT INTO Consulta( EventoID, Diagnostico, Medico) VALUES (2046,"Cancer",418);
INSERT INTO Evento(EventoID,Descricao, Data, Admissao, Quarto) VALUES (2047, "descricao","1986-07-12 02:15:14" ,95, 147);
INSERT INTO Consulta( EventoID, Diagnostico, Medico) VALUES (2047,"Smallpox",397);
INSERT INTO Evento(EventoID,Descricao, Data, Admissao, Quarto) VALUES (2048, "descricao","1999-12-24 21:09:15" ,12, 119);
INSERT INTO Consulta( EventoID, Diagnostico, Medico) VALUES (2048,"UTI'S",421);
INSERT INTO Evento(EventoID,Descricao, Data, Admissao, Quarto) VALUES (2049, "descricao","2003-11-11 15:52:37" ,75, 152);
INSERT INTO Consulta( EventoID, Diagnostico, Medico) VALUES (2049,"Catapora",393);
INSERT INTO Evento(EventoID,Descricao, Data, Admissao, Quarto) VALUES (2050, "descricao","2014-07-21 10:41:45" ,99, 166);
INSERT INTO Consulta( EventoID, Diagnostico, Medico) VALUES (2050,"Septicemia",402);
INSERT INTO Evento(EventoID,Descricao, Data, Admissao, Quarto) VALUES (2051, "descricao","1989-06-01 21:20:56" ,100, 227);
INSERT INTO Consulta( EventoID, Diagnostico, Medico) VALUES (2051,"Chlamydia trachomatis",393);
INSERT INTO Evento(EventoID,Descricao, Data, Admissao, Quarto) VALUES (2052, "descricao","1992-09-21 20:56:38" ,132, 198);
INSERT INTO Consulta( EventoID, Diagnostico, Medico) VALUES (2052,"Leptospirosis",416);
INSERT INTO Evento(EventoID,Descricao, Data, Admissao, Quarto) VALUES (2053, "descricao","1985-08-09 00:17:30" ,150, 169);
INSERT INTO Consulta( EventoID, Diagnostico, Medico) VALUES (2053,"Osso quebrado",421);
INSERT INTO Evento(EventoID,Descricao, Data, Admissao, Quarto) VALUES (2054, "descricao","1977-03-24 05:37:07" ,138, 223);
INSERT INTO Consulta( EventoID, Diagnostico, Medico) VALUES (2054,"Jaundice",393);
INSERT INTO Evento(EventoID,Descricao, Data, Admissao, Quarto) VALUES (2055, "descricao","2009-08-02 17:40:40" ,157, 220);
INSERT INTO Consulta( EventoID, Diagnostico, Medico) VALUES (2055,"Crohn's Disease",383);
INSERT INTO Evento(EventoID,Descricao, Data, Admissao, Quarto) VALUES (2056, "descricao","1976-11-06 18:06:11" ,76, 157);
INSERT INTO Consulta( EventoID, Diagnostico, Medico) VALUES (2056,"Measles",419);
INSERT INTO Evento(EventoID,Descricao, Data, Admissao, Quarto) VALUES (2057, "descricao","1978-09-13 12:51:02" ,169, 238);
INSERT INTO Consulta( EventoID, Diagnostico, Medico) VALUES (2057,"Scabies",393);
INSERT INTO Evento(EventoID,Descricao, Data, Admissao, Quarto) VALUES (2058, "descricao","1991-12-20 23:56:04" ,21, 222);
INSERT INTO Consulta( EventoID, Diagnostico, Medico) VALUES (2058,"Varicella",399);
INSERT INTO Evento(EventoID,Descricao, Data, Admissao, Quarto) VALUES (2059, "descricao","1970-11-15 02:14:39" ,74, 120);
INSERT INTO Consulta( EventoID, Diagnostico, Medico) VALUES (2059,"Lymphoma",404);
INSERT INTO Evento(EventoID,Descricao, Data, Admissao, Quarto) VALUES (2060, "descricao","2015-07-27 05:09:43" ,173, 226);
INSERT INTO Consulta( EventoID, Diagnostico, Medico) VALUES (2060,"Pertussis",402);
INSERT INTO Evento(EventoID,Descricao, Data, Admissao, Quarto) VALUES (2061, "descricao","1996-04-17 10:23:51" ,174, 167);
INSERT INTO Consulta( EventoID, Diagnostico, Medico) VALUES (2061,"Stomach flu",392);
INSERT INTO Evento(EventoID,Descricao, Data, Admissao, Quarto) VALUES (2062, "descricao","1986-10-08 15:55:46" ,156, 100);
INSERT INTO Consulta( EventoID, Diagnostico, Medico) VALUES (2062,"Encephalitis",413);
INSERT INTO Evento(EventoID,Descricao, Data, Admissao, Quarto) VALUES (2063, "descricao","2005-10-09 00:18:23" ,13, 163);
INSERT INTO Consulta( EventoID, Diagnostico, Medico) VALUES (2063,"Asthma",405);
INSERT INTO Evento(EventoID,Descricao, Data, Admissao, Quarto) VALUES (2064, "descricao","1986-06-08 01:13:28" ,164, 167);
INSERT INTO Consulta( EventoID, Diagnostico, Medico) VALUES (2064,"Mattticular syndrome",403);
INSERT INTO Evento(EventoID,Descricao, Data, Admissao, Quarto) VALUES (2065, "descricao","2005-05-27 08:04:02" ,6, 133);
INSERT INTO Consulta( EventoID, Diagnostico, Medico) VALUES (2065,"Rocky Mountain spotted fever",400);
INSERT INTO Evento(EventoID,Descricao, Data, Admissao, Quarto) VALUES (2066, "descricao","2008-10-29 10:50:17" ,136, 152);
INSERT INTO Consulta( EventoID, Diagnostico, Medico) VALUES (2066,"Pulmonary embolism",402);
INSERT INTO Evento(EventoID,Descricao, Data, Admissao, Quarto) VALUES (2067, "descricao","2001-05-27 19:26:53" ,160, 102);
INSERT INTO Consulta( EventoID, Diagnostico, Medico) VALUES (2067,"Tonsillitis",424);
INSERT INTO Evento(EventoID,Descricao, Data, Admissao, Quarto) VALUES (2068, "descricao","1987-06-05 12:15:00" ,190, 162);
INSERT INTO Consulta( EventoID, Diagnostico, Medico) VALUES (2068,"Sickle-cell anemia",388);
INSERT INTO Evento(EventoID,Descricao, Data, Admissao, Quarto) VALUES (2069, "descricao","2000-11-04 04:31:42" ,124, 224);
INSERT INTO Consulta( EventoID, Diagnostico, Medico) VALUES (2069,"Infeccao bacteriana",408);
INSERT INTO Evento(EventoID,Descricao, Data, Admissao, Quarto) VALUES (2070, "descricao","2008-08-29 10:39:04" ,128, 128);
INSERT INTO Consulta( EventoID, Diagnostico, Medico) VALUES (2070,"HIV",407);
INSERT INTO Evento(EventoID,Descricao, Data, Admissao, Quarto) VALUES (2071, "descricao","1985-08-29 08:03:04" ,160, 107);
INSERT INTO Consulta( EventoID, Diagnostico, Medico) VALUES (2071,"Stomach flu",409);
INSERT INTO Evento(EventoID,Descricao, Data, Admissao, Quarto) VALUES (2072, "descricao","2002-03-29 01:20:34" ,10, 118);
INSERT INTO Consulta( EventoID, Diagnostico, Medico) VALUES (2072,"Shingles",405);
INSERT INTO Evento(EventoID,Descricao, Data, Admissao, Quarto) VALUES (2073, "descricao","1976-07-24 03:41:27" ,82, 233);
INSERT INTO Consulta( EventoID, Diagnostico, Medico) VALUES (2073,"Meningitis",390);
INSERT INTO Evento(EventoID,Descricao, Data, Admissao, Quarto) VALUES (2074, "descricao","1982-10-08 21:50:46" ,102, 105);
INSERT INTO Consulta( EventoID, Diagnostico, Medico) VALUES (2074,"Tooth decay",418);
INSERT INTO Evento(EventoID,Descricao, Data, Admissao, Quarto) VALUES (2075, "descricao","2019-03-24 04:55:34" ,51, 130);
INSERT INTO Consulta( EventoID, Diagnostico, Medico) VALUES (2075,"Q fever",392);
INSERT INTO Evento(EventoID,Descricao, Data, Admissao, Quarto) VALUES (2076, "descricao","2004-12-17 05:35:38" ,167, 213);
INSERT INTO Consulta( EventoID, Diagnostico, Medico) VALUES (2076,"Metastatic cancer",406);
INSERT INTO Evento(EventoID,Descricao, Data, Admissao, Quarto) VALUES (2077, "descricao","1990-06-06 06:11:06" ,9, 233);
INSERT INTO Consulta( EventoID, Diagnostico, Medico) VALUES (2077,"Kuru",416);
INSERT INTO Evento(EventoID,Descricao, Data, Admissao, Quarto) VALUES (2078, "descricao","2018-03-11 20:06:35" ,168, 233);
INSERT INTO Consulta( EventoID, Diagnostico, Medico) VALUES (2078,"Alzheimer's disease",383);
INSERT INTO Evento(EventoID,Descricao, Data, Admissao, Quarto) VALUES (2079, "descricao","1977-07-30 14:37:03" ,45, 130);
INSERT INTO Consulta( EventoID, Diagnostico, Medico) VALUES (2079,"Uremia",422);
INSERT INTO Evento(EventoID,Descricao, Data, Admissao, Quarto) VALUES (2080, "descricao","2010-12-30 06:33:39" ,96, 156);
INSERT INTO Consulta( EventoID, Diagnostico, Medico) VALUES (2080,"Kuru",397);
INSERT INTO Evento(EventoID,Descricao, Data, Admissao, Quarto) VALUES (2081, "descricao","2012-01-04 22:56:57" ,161, 149);
INSERT INTO Consulta( EventoID, Diagnostico, Medico) VALUES (2081,"Dengue Fever",384);
INSERT INTO Evento(EventoID,Descricao, Data, Admissao, Quarto) VALUES (2082, "descricao","1982-04-18 02:49:24" ,85, 167);
INSERT INTO Consulta( EventoID, Diagnostico, Medico) VALUES (2082,"Infeccao bacteriana",387);
INSERT INTO Evento(EventoID,Descricao, Data, Admissao, Quarto) VALUES (2083, "descricao","2014-07-11 12:57:47" ,168, 142);
INSERT INTO Consulta( EventoID, Diagnostico, Medico) VALUES (2083,"Chronic fatigue syndrome",396);
INSERT INTO Evento(EventoID,Descricao, Data, Admissao, Quarto) VALUES (2084, "descricao","1997-07-04 03:22:33" ,21, 175);
INSERT INTO Consulta( EventoID, Diagnostico, Medico) VALUES (2084,"Arthritis",401);
INSERT INTO Evento(EventoID,Descricao, Data, Admissao, Quarto) VALUES (2085, "descricao","1986-02-07 08:50:39" ,104, 137);
INSERT INTO Consulta( EventoID, Diagnostico, Medico) VALUES (2085,"Mal estar",405);
INSERT INTO Evento(EventoID,Descricao, Data, Admissao, Quarto) VALUES (2086, "descricao","2011-06-19 17:13:51" ,147, 247);
INSERT INTO Consulta( EventoID, Diagnostico, Medico) VALUES (2086,"Iritis",402);
INSERT INTO Evento(EventoID,Descricao, Data, Admissao, Quarto) VALUES (2087, "descricao","1994-11-04 10:12:26" ,152, 182);
INSERT INTO Consulta( EventoID, Diagnostico, Medico) VALUES (2087,"Siderosis",417);
INSERT INTO Evento(EventoID,Descricao, Data, Admissao, Quarto) VALUES (2088, "descricao","2017-08-12 19:51:58" ,71, 236);
INSERT INTO Consulta( EventoID, Diagnostico, Medico) VALUES (2088,"Interstitial cystitis",400);
INSERT INTO Evento(EventoID,Descricao, Data, Admissao, Quarto) VALUES (2089, "descricao","1974-07-10 09:57:32" ,57, 155);
INSERT INTO Consulta( EventoID, Diagnostico, Medico) VALUES (2089,"Smallpox",391);
INSERT INTO Evento(EventoID,Descricao, Data, Admissao, Quarto) VALUES (2090, "descricao","1983-10-28 06:35:11" ,77, 206);
INSERT INTO Consulta( EventoID, Diagnostico, Medico) VALUES (2090,"Porphyria",394);
INSERT INTO Evento(EventoID,Descricao, Data, Admissao, Quarto) VALUES (2091, "descricao","1976-02-21 19:58:06" ,180, 101);
INSERT INTO Consulta( EventoID, Diagnostico, Medico) VALUES (2091,"Virose",415);
INSERT INTO Evento(EventoID,Descricao, Data, Admissao, Quarto) VALUES (2092, "descricao","1987-07-23 01:15:56" ,77, 164);
INSERT INTO Consulta( EventoID, Diagnostico, Medico) VALUES (2092,"Meningitis",411);
INSERT INTO Evento(EventoID,Descricao, Data, Admissao, Quarto) VALUES (2093, "descricao","2017-04-26 15:46:02" ,149, 223);
INSERT INTO Consulta( EventoID, Diagnostico, Medico) VALUES (2093,"Colitis",397);
INSERT INTO Evento(EventoID,Descricao, Data, Admissao, Quarto) VALUES (2094, "descricao","2007-08-06 11:27:20" ,84, 111);
INSERT INTO Consulta( EventoID, Diagnostico, Medico) VALUES (2094,"Q fever",398);
INSERT INTO Evento(EventoID,Descricao, Data, Admissao, Quarto) VALUES (2095, "descricao","2002-10-23 13:07:40" ,191, 185);
INSERT INTO Consulta( EventoID, Diagnostico, Medico) VALUES (2095,"Tuberculosis",383);
INSERT INTO Evento(EventoID,Descricao, Data, Admissao, Quarto) VALUES (2096, "descricao","1981-04-07 03:57:13" ,52, 136);
INSERT INTO Consulta( EventoID, Diagnostico, Medico) VALUES (2096,"Ques fever",414);
INSERT INTO Evento(EventoID,Descricao, Data, Admissao, Quarto) VALUES (2097, "descricao","2014-12-27 09:18:19" ,137, 177);
INSERT INTO Consulta( EventoID, Diagnostico, Medico) VALUES (2097,"Interstitial cystitis",395);
INSERT INTO Evento(EventoID,Descricao, Data, Admissao, Quarto) VALUES (2098, "descricao","2018-10-08 08:12:49" ,105, 235);
INSERT INTO Consulta( EventoID, Diagnostico, Medico) VALUES (2098,"Arthritis",408);
INSERT INTO Evento(EventoID,Descricao, Data, Admissao, Quarto) VALUES (2099, "descricao","1995-07-11 19:43:29" ,17, 173);
INSERT INTO Consulta( EventoID, Diagnostico, Medico) VALUES (2099,"Morquio Syndrome",404);
INSERT INTO Evento(EventoID,Descricao, Data, Admissao, Quarto) VALUES (2100, "descricao","1979-06-05 01:19:23" ,108, 220);
INSERT INTO Consulta( EventoID, Diagnostico, Medico) VALUES (2100,"Hyperthyroidism",387);
INSERT INTO Evento(EventoID,Descricao, Data, Admissao, Quarto) VALUES (2101, "descricao","1983-09-10 01:21:25" ,118, 188);
INSERT INTO Consulta( EventoID, Diagnostico, Medico) VALUES (2101,"Lung cancer",400);
INSERT INTO Evento(EventoID,Descricao, Data, Admissao, Quarto) VALUES (2102, "descricao","2005-01-28 09:33:38" ,127, 169);
INSERT INTO Consulta( EventoID, Diagnostico, Medico) VALUES (2102,"Hyperopia",417);
INSERT INTO Evento(EventoID,Descricao, Data, Admissao, Quarto) VALUES (2103, "descricao","2015-01-18 00:41:11" ,36, 128);
INSERT INTO Consulta( EventoID, Diagnostico, Medico) VALUES (2103,"Ulcerative colitis",391);
INSERT INTO Evento(EventoID,Descricao, Data, Admissao, Quarto) VALUES (2104, "descricao","2012-11-05 22:31:17" ,7, 245);
INSERT INTO Consulta( EventoID, Diagnostico, Medico) VALUES (2104,"Infeccao bacteriana",411);
INSERT INTO Evento(EventoID,Descricao, Data, Admissao, Quarto) VALUES (2105, "descricao","2012-12-02 15:49:34" ,192, 128);
INSERT INTO Consulta( EventoID, Diagnostico, Medico) VALUES (2105,"Keloids",401);
INSERT INTO Evento(EventoID,Descricao, Data, Admissao, Quarto) VALUES (2106, "descricao","1985-11-17 20:12:18" ,108, 247);
INSERT INTO Consulta( EventoID, Diagnostico, Medico) VALUES (2106,"Osso quebrado",410);
INSERT INTO Evento(EventoID,Descricao, Data, Admissao, Quarto) VALUES (2107, "descricao","2012-04-08 02:11:14" ,122, 216);
INSERT INTO Consulta( EventoID, Diagnostico, Medico) VALUES (2107,"Scabies",403);
INSERT INTO Evento(EventoID,Descricao, Data, Admissao, Quarto) VALUES (2108, "descricao","2011-06-24 21:54:25" ,164, 156);
INSERT INTO Consulta( EventoID, Diagnostico, Medico) VALUES (2108,"Pelvic inflammatory disease",392);
INSERT INTO Evento(EventoID,Descricao, Data, Admissao, Quarto) VALUES (2109, "descricao","2018-06-07 10:41:43" ,124, 209);
INSERT INTO Consulta( EventoID, Diagnostico, Medico) VALUES (2109,"Bubonic plague",416);
INSERT INTO Evento(EventoID,Descricao, Data, Admissao, Quarto) VALUES (2110, "descricao","1998-09-27 12:16:10" ,59, 195);
INSERT INTO Consulta( EventoID, Diagnostico, Medico) VALUES (2110,"Meningitis",412);
INSERT INTO Evento(EventoID,Descricao, Data, Admissao, Quarto) VALUES (2111, "descricao","1976-05-03 20:08:33" ,32, 217);
INSERT INTO Consulta( EventoID, Diagnostico, Medico) VALUES (2111,"Indeterminado",423);
INSERT INTO Evento(EventoID,Descricao, Data, Admissao, Quarto) VALUES (2112, "descricao","2017-03-31 10:39:23" ,185, 225);
INSERT INTO Consulta( EventoID, Diagnostico, Medico) VALUES (2112,"Salmonellosis",422);
INSERT INTO Evento(EventoID,Descricao, Data, Admissao, Quarto) VALUES (2113, "descricao","1985-06-07 02:30:26" ,68, 177);
INSERT INTO Consulta( EventoID, Diagnostico, Medico) VALUES (2113,"Virose",389);
INSERT INTO Evento(EventoID,Descricao, Data, Admissao, Quarto) VALUES (2114, "descricao","2003-06-15 09:32:51" ,169, 222);
INSERT INTO Consulta( EventoID, Diagnostico, Medico) VALUES (2114,"Lymphoma",392);
INSERT INTO Evento(EventoID,Descricao, Data, Admissao, Quarto) VALUES (2115, "descricao","2000-04-23 00:07:17" ,46, 207);
INSERT INTO Consulta( EventoID, Diagnostico, Medico) VALUES (2115,"Trichomoniasis",410);
INSERT INTO Evento(EventoID,Descricao, Data, Admissao, Quarto) VALUES (2116, "descricao","1991-12-03 19:45:09" ,162, 164);
INSERT INTO Consulta( EventoID, Diagnostico, Medico) VALUES (2116,"Indeterminado",401);
INSERT INTO Evento(EventoID,Descricao, Data, Admissao, Quarto) VALUES (2117, "descricao","1979-02-28 18:47:59" ,143, 236);
INSERT INTO Consulta( EventoID, Diagnostico, Medico) VALUES (2117,"Scrapie",417);
INSERT INTO Evento(EventoID,Descricao, Data, Admissao, Quarto) VALUES (2118, "descricao","2006-06-24 03:55:09" ,28, 137);
INSERT INTO Consulta( EventoID, Diagnostico, Medico) VALUES (2118,"Mononucleosis",384);
INSERT INTO Evento(EventoID,Descricao, Data, Admissao, Quarto) VALUES (2119, "descricao","2000-02-03 03:10:01" ,49, 220);
INSERT INTO Consulta( EventoID, Diagnostico, Medico) VALUES (2119,"Catapora",424);
INSERT INTO Evento(EventoID,Descricao, Data, Admissao, Quarto) VALUES (2120, "descricao","1991-08-14 04:55:41" ,115, 134);
INSERT INTO Consulta( EventoID, Diagnostico, Medico) VALUES (2120,"Crohn's Disease",404);
INSERT INTO Evento(EventoID,Descricao, Data, Admissao, Quarto) VALUES (2121, "descricao","2017-02-18 02:36:41" ,184, 109);
INSERT INTO Consulta( EventoID, Diagnostico, Medico) VALUES (2121,"Ulcerative colitis",411);
INSERT INTO Evento(EventoID,Descricao, Data, Admissao, Quarto) VALUES (2122, "descricao","1982-01-12 18:13:13" ,107, 249);
INSERT INTO Consulta( EventoID, Diagnostico, Medico) VALUES (2122,"Parkinson's disease",422);
INSERT INTO Evento(EventoID,Descricao, Data, Admissao, Quarto) VALUES (2123, "descricao","1995-08-19 19:47:16" ,70, 176);
INSERT INTO Consulta( EventoID, Diagnostico, Medico) VALUES (2123,"Pelvic inflammatory disease",383);
INSERT INTO Evento(EventoID,Descricao, Data, Admissao, Quarto) VALUES (2124, "descricao","2017-09-02 10:07:11" ,78, 128);
INSERT INTO Consulta( EventoID, Diagnostico, Medico) VALUES (2124,"Aseptic meningitis",414);
INSERT INTO Evento(EventoID,Descricao, Data, Admissao, Quarto) VALUES (2125, "descricao","1984-09-13 21:52:32" ,54, 140);
INSERT INTO Consulta( EventoID, Diagnostico, Medico) VALUES (2125,"Limbtoosa",386);
INSERT INTO Evento(EventoID,Descricao, Data, Admissao, Quarto) VALUES (2126, "descricao","1978-09-26 04:39:00" ,31, 112);
INSERT INTO Consulta( EventoID, Diagnostico, Medico) VALUES (2126,"Mal estar",419);
INSERT INTO Evento(EventoID,Descricao, Data, Admissao, Quarto) VALUES (2127, "descricao","2002-11-18 12:45:14" ,169, 232);
INSERT INTO Consulta( EventoID, Diagnostico, Medico) VALUES (2127,"Hepatitis D",406);
INSERT INTO Evento(EventoID,Descricao, Data, Admissao, Quarto) VALUES (2128, "descricao","1989-02-13 01:28:51" ,108, 204);
INSERT INTO Consulta( EventoID, Diagnostico, Medico) VALUES (2128,"Chorea",415);
INSERT INTO Evento(EventoID,Descricao, Data, Admissao, Quarto) VALUES (2129, "descricao","2010-02-23 16:23:27" ,60, 190);
INSERT INTO Consulta( EventoID, Diagnostico, Medico) VALUES (2129,"Appendicitis",383);
INSERT INTO Evento(EventoID,Descricao, Data, Admissao, Quarto) VALUES (2130, "descricao","1983-12-09 01:32:29" ,13, 195);
INSERT INTO Consulta( EventoID, Diagnostico, Medico) VALUES (2130,"Silicosis",402);
INSERT INTO Evento(EventoID,Descricao, Data, Admissao, Quarto) VALUES (2131, "descricao","2012-07-03 22:10:34" ,156, 185);
INSERT INTO Consulta( EventoID, Diagnostico, Medico) VALUES (2131,"Mattticular syndrome",394);
INSERT INTO Evento(EventoID,Descricao, Data, Admissao, Quarto) VALUES (2132, "descricao","1993-03-27 14:48:21" ,114, 111);
INSERT INTO Consulta( EventoID, Diagnostico, Medico) VALUES (2132,"Paratyphoid fever",385);
INSERT INTO Evento(EventoID,Descricao, Data, Admissao, Quarto) VALUES (2133, "descricao","2009-04-20 11:45:42" ,127, 213);
INSERT INTO Consulta( EventoID, Diagnostico, Medico) VALUES (2133,"HIV",425);
INSERT INTO Evento(EventoID,Descricao, Data, Admissao, Quarto) VALUES (2134, "descricao","1994-02-05 09:41:09" ,108, 116);
INSERT INTO Consulta( EventoID, Diagnostico, Medico) VALUES (2134,"Ear infection",402);
INSERT INTO Evento(EventoID,Descricao, Data, Admissao, Quarto) VALUES (2135, "descricao","1997-11-12 14:11:56" ,88, 195);
INSERT INTO Consulta( EventoID, Diagnostico, Medico) VALUES (2135,"Cerebral palsy",405);
INSERT INTO Evento(EventoID,Descricao, Data, Admissao, Quarto) VALUES (2136, "descricao","1979-05-17 05:29:55" ,122, 216);
INSERT INTO Consulta( EventoID, Diagnostico, Medico) VALUES (2136,"Rocky Mountain spotted fever",390);
INSERT INTO Evento(EventoID,Descricao, Data, Admissao, Quarto) VALUES (2137, "descricao","1990-03-25 22:00:51" ,175, 124);
INSERT INTO Consulta( EventoID, Diagnostico, Medico) VALUES (2137,"Infeccao bacteriana",402);
INSERT INTO Evento(EventoID,Descricao, Data, Admissao, Quarto) VALUES (2138, "descricao","1975-02-20 16:16:05" ,138, 131);
INSERT INTO Consulta( EventoID, Diagnostico, Medico) VALUES (2138,"Poliomyelitis",397);
INSERT INTO Evento(EventoID,Descricao, Data, Admissao, Quarto) VALUES (2139, "descricao","1971-12-11 03:08:01" ,37, 194);
INSERT INTO Consulta( EventoID, Diagnostico, Medico) VALUES (2139,"Appendicitis",384);
INSERT INTO Evento(EventoID,Descricao, Data, Admissao, Quarto) VALUES (2140, "descricao","2013-07-03 01:11:28" ,157, 224);
INSERT INTO Consulta( EventoID, Diagnostico, Medico) VALUES (2140,"Lung cancer",418);
INSERT INTO Evento(EventoID,Descricao, Data, Admissao, Quarto) VALUES (2141, "descricao","2010-02-26 22:17:11" ,185, 144);
INSERT INTO Consulta( EventoID, Diagnostico, Medico) VALUES (2141,"Scarlet fever",425);
INSERT INTO Evento(EventoID,Descricao, Data, Admissao, Quarto) VALUES (2142, "descricao","1979-05-04 07:16:04" ,15, 220);
INSERT INTO Consulta( EventoID, Diagnostico, Medico) VALUES (2142,"Lymphoma",400);
INSERT INTO Evento(EventoID,Descricao, Data, Admissao, Quarto) VALUES (2143, "descricao","1977-04-30 07:27:52" ,112, 177);
INSERT INTO Consulta( EventoID, Diagnostico, Medico) VALUES (2143,"Urticaria",415);
INSERT INTO Evento(EventoID,Descricao, Data, Admissao, Quarto) VALUES (2144, "descricao","1991-01-12 23:42:30" ,30, 198);
INSERT INTO Consulta( EventoID, Diagnostico, Medico) VALUES (2144,"Dengue Fever",418);
INSERT INTO Evento(EventoID,Descricao, Data, Admissao, Quarto) VALUES (2145, "descricao","1970-12-24 20:59:54" ,38, 111);
INSERT INTO Consulta( EventoID, Diagnostico, Medico) VALUES (2145,"Coeliac disease",407);
INSERT INTO Evento(EventoID,Descricao, Data, Admissao, Quarto) VALUES (2146, "descricao","2018-01-03 23:18:57" ,121, 120);
INSERT INTO Consulta( EventoID, Diagnostico, Medico) VALUES (2146,"Marburg fever",404);
INSERT INTO Evento(EventoID,Descricao, Data, Admissao, Quarto) VALUES (2147, "descricao","1996-02-27 07:49:06" ,3, 203);
INSERT INTO Consulta( EventoID, Diagnostico, Medico) VALUES (2147,"Trichinosis",395);
INSERT INTO Evento(EventoID,Descricao, Data, Admissao, Quarto) VALUES (2148, "descricao","1979-12-26 07:05:53" ,24, 155);
INSERT INTO Consulta( EventoID, Diagnostico, Medico) VALUES (2148,"Mattticular syndrome",394);
INSERT INTO Evento(EventoID,Descricao, Data, Admissao, Quarto) VALUES (2149, "descricao","2010-05-06 23:41:50" ,23, 119);
INSERT INTO Consulta( EventoID, Diagnostico, Medico) VALUES (2149,"Gangrene",419);
INSERT INTO Evento(EventoID,Descricao, Data, Admissao, Quarto) VALUES (2150, "descricao","2010-11-10 02:46:40" ,170, 124);
INSERT INTO Consulta( EventoID, Diagnostico, Medico) VALUES (2150,"Catapora",390);
INSERT INTO Evento(EventoID,Descricao, Data, Admissao, Quarto) VALUES (2151, "descricao","2017-04-15 09:45:56" ,71, 232);
INSERT INTO Consulta( EventoID, Diagnostico, Medico) VALUES (2151,"Keloids",409);
INSERT INTO Evento(EventoID,Descricao, Data, Admissao, Quarto) VALUES (2152, "descricao","2011-07-10 13:29:10" ,49, 140);
INSERT INTO Consulta( EventoID, Diagnostico, Medico) VALUES (2152,"Chickenpox",392);
INSERT INTO Evento(EventoID,Descricao, Data, Admissao, Quarto) VALUES (2153, "descricao","2006-10-15 09:06:39" ,158, 231);
INSERT INTO Consulta( EventoID, Diagnostico, Medico) VALUES (2153,"Morquio Syndrome",386);
INSERT INTO Evento(EventoID,Descricao, Data, Admissao, Quarto) VALUES (2154, "descricao","1996-06-16 10:40:00" ,96, 201);
INSERT INTO Consulta( EventoID, Diagnostico, Medico) VALUES (2154,"Bronchitis",405);
INSERT INTO Evento(EventoID,Descricao, Data, Admissao, Quarto) VALUES (2155, "descricao","1979-12-02 06:33:17" ,90, 238);
INSERT INTO Consulta( EventoID, Diagnostico, Medico) VALUES (2155,"Osso quebrado",401);
INSERT INTO Evento(EventoID,Descricao, Data, Admissao, Quarto) VALUES (2156, "descricao","2007-07-04 04:33:30" ,43, 202);
INSERT INTO Consulta( EventoID, Diagnostico, Medico) VALUES (2156,"Psittacosis",417);
INSERT INTO Evento(EventoID,Descricao, Data, Admissao, Quarto) VALUES (2157, "descricao","2004-06-17 21:45:29" ,150, 207);
INSERT INTO Consulta( EventoID, Diagnostico, Medico) VALUES (2157,"Circadian rhythm sleep disorder",409);
INSERT INTO Evento(EventoID,Descricao, Data, Admissao, Quarto) VALUES (2158, "descricao","1995-07-31 23:46:35" ,11, 121);
INSERT INTO Consulta( EventoID, Diagnostico, Medico) VALUES (2158,"Rheumatoid arthritis",411);
INSERT INTO Evento(EventoID,Descricao, Data, Admissao, Quarto) VALUES (2159, "descricao","2018-11-09 21:53:48" ,57, 227);
INSERT INTO Consulta( EventoID, Diagnostico, Medico) VALUES (2159,"Infeccao bacteriana",388);
INSERT INTO Evento(EventoID,Descricao, Data, Admissao, Quarto) VALUES (2160, "descricao","2002-03-19 06:31:33" ,49, 229);
INSERT INTO Consulta( EventoID, Diagnostico, Medico) VALUES (2160,"Stevens–Johnson syndrome",387);
INSERT INTO Evento(EventoID,Descricao, Data, Admissao, Quarto) VALUES (2161, "descricao","2019-12-25 02:04:59" ,47, 132);
INSERT INTO Consulta( EventoID, Diagnostico, Medico) VALUES (2161,"Alzheimer's disease",408);
INSERT INTO Evento(EventoID,Descricao, Data, Admissao, Quarto) VALUES (2162, "descricao","2013-09-03 08:27:22" ,192, 147);
INSERT INTO Consulta( EventoID, Diagnostico, Medico) VALUES (2162,"Abscess",394);
INSERT INTO Evento(EventoID,Descricao, Data, Admissao, Quarto) VALUES (2163, "descricao","2019-03-25 04:55:08" ,156, 100);
INSERT INTO Consulta( EventoID, Diagnostico, Medico) VALUES (2163,"Rabies",394);
INSERT INTO Evento(EventoID,Descricao, Data, Admissao, Quarto) VALUES (2164, "descricao","2012-11-23 08:21:57" ,78, 194);
INSERT INTO Consulta( EventoID, Diagnostico, Medico) VALUES (2164,"Psittacosis",385);
INSERT INTO Evento(EventoID,Descricao, Data, Admissao, Quarto) VALUES (2165, "descricao","1973-05-21 01:02:16" ,28, 243);
INSERT INTO Consulta( EventoID, Diagnostico, Medico) VALUES (2165,"Virose",388);
INSERT INTO Evento(EventoID,Descricao, Data, Admissao, Quarto) VALUES (2166, "descricao","1986-04-28 13:34:39" ,41, 216);
INSERT INTO Consulta( EventoID, Diagnostico, Medico) VALUES (2166,"Repetitive strain injury",410);
INSERT INTO Evento(EventoID,Descricao, Data, Admissao, Quarto) VALUES (2167, "descricao","1977-03-15 07:34:10" ,105, 232);
INSERT INTO Consulta( EventoID, Diagnostico, Medico) VALUES (2167,"Teratoma",398);
INSERT INTO Evento(EventoID,Descricao, Data, Admissao, Quarto) VALUES (2168, "descricao","1988-07-12 14:01:31" ,40, 134);
INSERT INTO Consulta( EventoID, Diagnostico, Medico) VALUES (2168,"Osso quebrado",425);
INSERT INTO Evento(EventoID,Descricao, Data, Admissao, Quarto) VALUES (2169, "descricao","1992-08-29 04:00:08" ,66, 146);
INSERT INTO Consulta( EventoID, Diagnostico, Medico) VALUES (2169,"Mal estar",387);
INSERT INTO Evento(EventoID,Descricao, Data, Admissao, Quarto) VALUES (2170, "descricao","1976-11-11 21:01:24" ,105, 124);
INSERT INTO Consulta( EventoID, Diagnostico, Medico) VALUES (2170,"Condyloma",399);
INSERT INTO Evento(EventoID,Descricao, Data, Admissao, Quarto) VALUES (2171, "descricao","1971-06-14 16:03:00" ,45, 152);
INSERT INTO Consulta( EventoID, Diagnostico, Medico) VALUES (2171,"Synovitis",395);
INSERT INTO Evento(EventoID,Descricao, Data, Admissao, Quarto) VALUES (2172, "descricao","2002-10-24 16:09:33" ,163, 107);
INSERT INTO Consulta( EventoID, Diagnostico, Medico) VALUES (2172,"Thrush",408);
INSERT INTO Evento(EventoID,Descricao, Data, Admissao, Quarto) VALUES (2173, "descricao","2005-09-10 02:25:58" ,35, 216);
INSERT INTO Consulta( EventoID, Diagnostico, Medico) VALUES (2173,"Rickets",398);
INSERT INTO Evento(EventoID,Descricao, Data, Admissao, Quarto) VALUES (2174, "descricao","1985-04-09 07:38:01" ,100, 240);
INSERT INTO Consulta( EventoID, Diagnostico, Medico) VALUES (2174,"Strabismus",391);
INSERT INTO Evento(EventoID,Descricao, Data, Admissao, Quarto) VALUES (2175, "descricao","1996-10-12 02:08:54" ,23, 196);
INSERT INTO Consulta( EventoID, Diagnostico, Medico) VALUES (2175,"Mal estar",391);
INSERT INTO Evento(EventoID,Descricao, Data, Admissao, Quarto) VALUES (2176, "descricao","2001-11-01 14:43:51" ,103, 162);
INSERT INTO Consulta( EventoID, Diagnostico, Medico) VALUES (2176,"Myelitis",411);
INSERT INTO Evento(EventoID,Descricao, Data, Admissao, Quarto) VALUES (2177, "descricao","2018-09-19 04:32:16" ,145, 232);
INSERT INTO Consulta( EventoID, Diagnostico, Medico) VALUES (2177,"Chorea",426);
INSERT INTO Evento(EventoID,Descricao, Data, Admissao, Quarto) VALUES (2178, "descricao","2001-01-17 01:27:09" ,150, 227);
INSERT INTO Consulta( EventoID, Diagnostico, Medico) VALUES (2178,"Morquio Syndrome",401);
INSERT INTO Evento(EventoID,Descricao, Data, Admissao, Quarto) VALUES (2179, "descricao","2016-06-08 15:46:11" ,153, 121);
INSERT INTO Consulta( EventoID, Diagnostico, Medico) VALUES (2179,"Rickets",383);
INSERT INTO Evento(EventoID,Descricao, Data, Admissao, Quarto) VALUES (2180, "descricao","2008-02-26 16:57:07" ,64, 110);
INSERT INTO Consulta( EventoID, Diagnostico, Medico) VALUES (2180,"Leishmaniasis",424);
INSERT INTO Evento(EventoID,Descricao, Data, Admissao, Quarto) VALUES (2181, "descricao","2012-06-13 05:47:48" ,12, 221);
INSERT INTO Consulta( EventoID, Diagnostico, Medico) VALUES (2181,"Typhoid fever",397);
INSERT INTO Evento(EventoID,Descricao, Data, Admissao, Quarto) VALUES (2182, "descricao","2015-02-19 08:52:31" ,159, 225);
INSERT INTO Consulta( EventoID, Diagnostico, Medico) VALUES (2182,"Catapora",402);
INSERT INTO Evento(EventoID,Descricao, Data, Admissao, Quarto) VALUES (2183, "descricao","1979-02-14 18:21:47" ,103, 141);
INSERT INTO Consulta( EventoID, Diagnostico, Medico) VALUES (2183,"Myopia",422);
INSERT INTO Evento(EventoID,Descricao, Data, Admissao, Quarto) VALUES (2184, "descricao","2009-02-03 19:07:38" ,99, 237);
INSERT INTO Consulta( EventoID, Diagnostico, Medico) VALUES (2184,"Indeterminado",394);
INSERT INTO Evento(EventoID,Descricao, Data, Admissao, Quarto) VALUES (2185, "descricao","2016-06-02 09:17:50" ,11, 196);
INSERT INTO Consulta( EventoID, Diagnostico, Medico) VALUES (2185,"Watkins",425);
INSERT INTO Evento(EventoID,Descricao, Data, Admissao, Quarto) VALUES (2186, "descricao","1995-10-21 03:03:38" ,129, 238);
INSERT INTO Consulta( EventoID, Diagnostico, Medico) VALUES (2186,"Dehydration",426);
INSERT INTO Evento(EventoID,Descricao, Data, Admissao, Quarto) VALUES (2187, "descricao","1970-03-28 16:09:15" ,175, 113);
INSERT INTO Consulta( EventoID, Diagnostico, Medico) VALUES (2187,"Indeterminado",419);
INSERT INTO Evento(EventoID,Descricao, Data, Admissao, Quarto) VALUES (2188, "descricao","1991-06-08 11:10:26" ,155, 120);
INSERT INTO Consulta( EventoID, Diagnostico, Medico) VALUES (2188,"Meniere's disease",402);
INSERT INTO Evento(EventoID,Descricao, Data, Admissao, Quarto) VALUES (2189, "descricao","1993-08-29 09:06:15" ,49, 116);
INSERT INTO Consulta( EventoID, Diagnostico, Medico) VALUES (2189,"Prostatitis",397);
INSERT INTO Evento(EventoID,Descricao, Data, Admissao, Quarto) VALUES (2190, "descricao","1985-07-06 16:49:46" ,191, 137);
INSERT INTO Consulta( EventoID, Diagnostico, Medico) VALUES (2190,"Poliomyelitis",413);
INSERT INTO Evento(EventoID,Descricao, Data, Admissao, Quarto) VALUES (2191, "descricao","2010-10-08 03:28:52" ,164, 150);
INSERT INTO Consulta( EventoID, Diagnostico, Medico) VALUES (2191,"Gastroenteritis",424);
INSERT INTO Evento(EventoID,Descricao, Data, Admissao, Quarto) VALUES (2192, "descricao","1987-09-19 16:57:20" ,53, 139);
INSERT INTO Consulta( EventoID, Diagnostico, Medico) VALUES (2192,"SIDS",425);
INSERT INTO Evento(EventoID,Descricao, Data, Admissao, Quarto) VALUES (2193, "descricao","2019-02-19 21:28:51" ,12, 108);
INSERT INTO Consulta( EventoID, Diagnostico, Medico) VALUES (2193,"Crohn's Disease",391);
INSERT INTO Evento(EventoID,Descricao, Data, Admissao, Quarto) VALUES (2194, "descricao","1988-11-27 20:31:21" ,26, 225);
INSERT INTO Consulta( EventoID, Diagnostico, Medico) VALUES (2194,"Lyme disease",396);
INSERT INTO Evento(EventoID,Descricao, Data, Admissao, Quarto) VALUES (2195, "descricao","1997-01-05 02:27:38" ,192, 164);
INSERT INTO Consulta( EventoID, Diagnostico, Medico) VALUES (2195,"Limbtoosa",415);
INSERT INTO Evento(EventoID,Descricao, Data, Admissao, Quarto) VALUES (2196, "descricao","1989-10-05 16:39:46" ,41, 218);
INSERT INTO Consulta( EventoID, Diagnostico, Medico) VALUES (2196,"Muscular dystrophy",407);
INSERT INTO Evento(EventoID,Descricao, Data, Admissao, Quarto) VALUES (2197, "descricao","1996-09-22 04:02:29" ,34, 189);
INSERT INTO Consulta( EventoID, Diagnostico, Medico) VALUES (2197,"Chordoma",397);
INSERT INTO Evento(EventoID,Descricao, Data, Admissao, Quarto) VALUES (2198, "descricao","1984-10-08 11:08:12" ,62, 121);
INSERT INTO Consulta( EventoID, Diagnostico, Medico) VALUES (2198,"Tooth decay",385);
INSERT INTO Evento(EventoID,Descricao, Data, Admissao, Quarto) VALUES (2199, "descricao","2007-07-10 21:40:36" ,45, 102);
INSERT INTO Consulta( EventoID, Diagnostico, Medico) VALUES (2199,"Infeccao bacteriana",417);
INSERT INTO Evento(EventoID,Descricao, Data, Admissao, Quarto) VALUES (2200, "descricao","2016-08-13 23:28:46" ,189, 141);
INSERT INTO Consulta( EventoID, Diagnostico, Medico) VALUES (2200,"Interstitial cystitis",394);
INSERT INTO Evento(EventoID,Descricao, Data, Admissao, Quarto) VALUES (2201, "descricao","1980-09-30 21:51:34" ,185, 218);
INSERT INTO Consulta( EventoID, Diagnostico, Medico) VALUES (2201,"Heart disease",406);
INSERT INTO Evento(EventoID,Descricao, Data, Admissao, Quarto) VALUES (2202, "descricao","2013-07-22 00:46:59" ,175, 188);
INSERT INTO Consulta( EventoID, Diagnostico, Medico) VALUES (2202,"Mal estar",384);
INSERT INTO Evento(EventoID,Descricao, Data, Admissao, Quarto) VALUES (2203, "descricao","2013-08-30 10:39:40" ,137, 178);
INSERT INTO Consulta( EventoID, Diagnostico, Medico) VALUES (2203,"Virose",426);
INSERT INTO Evento(EventoID,Descricao, Data, Admissao, Quarto) VALUES (2204, "descricao","1984-08-03 08:13:51" ,171, 247);
INSERT INTO Consulta( EventoID, Diagnostico, Medico) VALUES (2204,"Paratyphoid fever",423);
INSERT INTO Evento(EventoID,Descricao, Data, Admissao, Quarto) VALUES (2205, "descricao","2013-06-05 18:30:42" ,44, 244);
INSERT INTO Consulta( EventoID, Diagnostico, Medico) VALUES (2205,"Keloids",423);
INSERT INTO Evento(EventoID,Descricao, Data, Admissao, Quarto) VALUES (2206, "descricao","2014-09-30 01:58:36" ,99, 124);
INSERT INTO Consulta( EventoID, Diagnostico, Medico) VALUES (2206,"Mal estar",401);
INSERT INTO Evento(EventoID,Descricao, Data, Admissao, Quarto) VALUES (2207, "descricao","1974-08-30 22:11:41" ,15, 138);
INSERT INTO Consulta( EventoID, Diagnostico, Medico) VALUES (2207,"Infeccao bacteriana",383);
INSERT INTO Evento(EventoID,Descricao, Data, Admissao, Quarto) VALUES (2208, "descricao","2018-07-24 16:41:11" ,138, 197);
INSERT INTO Consulta( EventoID, Diagnostico, Medico) VALUES (2208,"Meningitis",422);
INSERT INTO Evento(EventoID,Descricao, Data, Admissao, Quarto) VALUES (2209, "descricao","2000-10-28 11:36:19" ,51, 200);
INSERT INTO Consulta( EventoID, Diagnostico, Medico) VALUES (2209,"Smallpox",395);
INSERT INTO Evento(EventoID,Descricao, Data, Admissao, Quarto) VALUES (2210, "descricao","2017-04-01 13:23:28" ,70, 171);
INSERT INTO Consulta( EventoID, Diagnostico, Medico) VALUES (2210,"Rubella",419);
INSERT INTO Evento(EventoID,Descricao, Data, Admissao, Quarto) VALUES (2211, "descricao","2005-09-01 04:48:41" ,67, 104);
INSERT INTO Consulta( EventoID, Diagnostico, Medico) VALUES (2211,"Catapora",405);
INSERT INTO Evento(EventoID,Descricao, Data, Admissao, Quarto) VALUES (2212, "descricao","1990-09-25 12:46:06" ,191, 197);
INSERT INTO Consulta( EventoID, Diagnostico, Medico) VALUES (2212,"Strep throat",404);
INSERT INTO Evento(EventoID,Descricao, Data, Admissao, Quarto) VALUES (2213, "descricao","1997-04-26 19:14:46" ,42, 237);
INSERT INTO Consulta( EventoID, Diagnostico, Medico) VALUES (2213,"Sciatica",416);
INSERT INTO Evento(EventoID,Descricao, Data, Admissao, Quarto) VALUES (2214, "descricao","1982-10-02 09:13:51" ,6, 120);
INSERT INTO Consulta( EventoID, Diagnostico, Medico) VALUES (2214,"Meniere's disease",417);
INSERT INTO Evento(EventoID,Descricao, Data, Admissao, Quarto) VALUES (2215, "descricao","2003-05-08 13:28:10" ,38, 195);
INSERT INTO Consulta( EventoID, Diagnostico, Medico) VALUES (2215,"Infeccao bacteriana",400);
INSERT INTO Evento(EventoID,Descricao, Data, Admissao, Quarto) VALUES (2216, "descricao","1994-08-23 00:43:20" ,131, 247);
INSERT INTO Consulta( EventoID, Diagnostico, Medico) VALUES (2216,"Infeccao bacteriana",424);
INSERT INTO Evento(EventoID,Descricao, Data, Admissao, Quarto) VALUES (2217, "descricao","1971-03-15 07:10:46" ,106, 183);
INSERT INTO Consulta( EventoID, Diagnostico, Medico) VALUES (2217,"Scarlet fever",383);
INSERT INTO Evento(EventoID,Descricao, Data, Admissao, Quarto) VALUES (2218, "descricao","1987-08-12 16:34:08" ,190, 167);
INSERT INTO Consulta( EventoID, Diagnostico, Medico) VALUES (2218,"Diphtheria",424);
INSERT INTO Evento(EventoID,Descricao, Data, Admissao, Quarto) VALUES (2219, "descricao","1977-12-21 03:31:07" ,34, 190);
INSERT INTO Consulta( EventoID, Diagnostico, Medico) VALUES (2219,"Chagas disease",387);
INSERT INTO Evento(EventoID,Descricao, Data, Admissao, Quarto) VALUES (2220, "descricao","1994-06-24 12:28:50" ,25, 116);
INSERT INTO Consulta( EventoID, Diagnostico, Medico) VALUES (2220,"Myelitis",418);
INSERT INTO Evento(EventoID,Descricao, Data, Admissao, Quarto) VALUES (2221, "descricao","1983-01-31 03:06:41" ,153, 108);
INSERT INTO Consulta( EventoID, Diagnostico, Medico) VALUES (2221,"Prostatitis",385);
INSERT INTO Evento(EventoID,Descricao, Data, Admissao, Quarto) VALUES (2222, "descricao","1995-03-05 08:13:50" ,83, 133);
INSERT INTO Consulta( EventoID, Diagnostico, Medico) VALUES (2222,"Jaundice",388);
INSERT INTO Evento(EventoID,Descricao, Data, Admissao, Quarto) VALUES (2223, "descricao","2002-01-03 05:51:21" ,75, 249);
INSERT INTO Consulta( EventoID, Diagnostico, Medico) VALUES (2223,"Strep throat",424);
INSERT INTO Evento(EventoID,Descricao, Data, Admissao, Quarto) VALUES (2224, "descricao","1974-02-12 15:15:06" ,191, 198);
INSERT INTO Consulta( EventoID, Diagnostico, Medico) VALUES (2224,"Ulcerative colitis",391);
INSERT INTO Evento(EventoID,Descricao, Data, Admissao, Quarto) VALUES (2225, "descricao","1992-08-28 01:00:39" ,198, 176);
INSERT INTO Consulta( EventoID, Diagnostico, Medico) VALUES (2225,"Hepatitis B",417);
INSERT INTO Evento(EventoID,Descricao, Data, Admissao, Quarto) VALUES (2226, "descricao","1987-01-03 17:34:49" ,16, 146);
INSERT INTO Consulta( EventoID, Diagnostico, Medico) VALUES (2226,"Yersiniosis",405);
INSERT INTO Evento(EventoID,Descricao, Data, Admissao, Quarto) VALUES (2227, "descricao","2007-09-23 05:00:29" ,41, 138);
INSERT INTO Consulta( EventoID, Diagnostico, Medico) VALUES (2227,"Gangrene",416);
INSERT INTO Evento(EventoID,Descricao, Data, Admissao, Quarto) VALUES (2228, "descricao","1991-10-17 13:59:08" ,148, 221);
INSERT INTO Consulta( EventoID, Diagnostico, Medico) VALUES (2228,"Aseptic meningitis",423);
INSERT INTO Evento(EventoID,Descricao, Data, Admissao, Quarto) VALUES (2229, "descricao","2018-12-30 11:12:20" ,160, 245);
INSERT INTO Consulta( EventoID, Diagnostico, Medico) VALUES (2229,"Virose",384);
INSERT INTO Evento(EventoID,Descricao, Data, Admissao, Quarto) VALUES (2230, "descricao","1990-07-27 10:03:13" ,169, 170);
INSERT INTO Consulta( EventoID, Diagnostico, Medico) VALUES (2230,"Histiocytosis (childhood cancer)",408);
INSERT INTO Evento(EventoID,Descricao, Data, Admissao, Quarto) VALUES (2231, "descricao","1998-04-06 23:12:08" ,146, 173);
INSERT INTO Consulta( EventoID, Diagnostico, Medico) VALUES (2231,"Kwashiorkor",422);
INSERT INTO Evento(EventoID,Descricao, Data, Admissao, Quarto) VALUES (2232, "descricao","1975-03-22 21:55:31" ,136, 109);
INSERT INTO Consulta( EventoID, Diagnostico, Medico) VALUES (2232,"Silicosis",395);
INSERT INTO Evento(EventoID,Descricao, Data, Admissao, Quarto) VALUES (2233, "descricao","2018-09-13 01:06:20" ,23, 206);
INSERT INTO Consulta( EventoID, Diagnostico, Medico) VALUES (2233,"Astigmatism",388);
INSERT INTO Evento(EventoID,Descricao, Data, Admissao, Quarto) VALUES (2234, "descricao","2011-09-29 22:24:07" ,43, 243);
INSERT INTO Consulta( EventoID, Diagnostico, Medico) VALUES (2234,"Brucellosis",402);
INSERT INTO Evento(EventoID,Descricao, Data, Admissao, Quarto) VALUES (2235, "descricao","1984-05-08 11:09:08" ,112, 199);
INSERT INTO Consulta( EventoID, Diagnostico, Medico) VALUES (2235,"Carbon monoxide poisoning",395);
INSERT INTO Evento(EventoID,Descricao, Data, Admissao, Quarto) VALUES (2236, "descricao","2008-02-22 08:01:25" ,176, 136);
INSERT INTO Consulta( EventoID, Diagnostico, Medico) VALUES (2236,"Catapora",394);
INSERT INTO Evento(EventoID,Descricao, Data, Admissao, Quarto) VALUES (2237, "descricao","1971-06-23 06:19:48" ,165, 194);
INSERT INTO Consulta( EventoID, Diagnostico, Medico) VALUES (2237,"Mal estar",424);
INSERT INTO Evento(EventoID,Descricao, Data, Admissao, Quarto) VALUES (2238, "descricao","2005-12-09 01:30:37" ,46, 201);
INSERT INTO Consulta( EventoID, Diagnostico, Medico) VALUES (2238,"Taeniasis",413);
INSERT INTO Evento(EventoID,Descricao, Data, Admissao, Quarto) VALUES (2239, "descricao","1987-04-27 21:20:41" ,155, 162);
INSERT INTO Consulta( EventoID, Diagnostico, Medico) VALUES (2239,"Trichinosis",423);
INSERT INTO Evento(EventoID,Descricao, Data, Admissao, Quarto) VALUES (2240, "descricao","1977-03-29 16:48:14" ,115, 165);
INSERT INTO Consulta( EventoID, Diagnostico, Medico) VALUES (2240,"Migraine",399);
INSERT INTO Evento(EventoID,Descricao, Data, Admissao, Quarto) VALUES (2241, "descricao","1989-06-05 10:33:29" ,95, 157);
INSERT INTO Consulta( EventoID, Diagnostico, Medico) VALUES (2241,"Mal estar",403);
INSERT INTO Evento(EventoID,Descricao, Data, Admissao, Quarto) VALUES (2242, "descricao","1993-11-04 03:12:04" ,195, 241);
INSERT INTO Consulta( EventoID, Diagnostico, Medico) VALUES (2242,"Chronic fatigue syndrome",406);
INSERT INTO Evento(EventoID,Descricao, Data, Admissao, Quarto) VALUES (2243, "descricao","1973-10-02 00:15:49" ,104, 109);
INSERT INTO Consulta( EventoID, Diagnostico, Medico) VALUES (2243,"Tularemia",383);
INSERT INTO Evento(EventoID,Descricao, Data, Admissao, Quarto) VALUES (2244, "descricao","1996-09-01 11:41:20" ,112, 232);
INSERT INTO Consulta( EventoID, Diagnostico, Medico) VALUES (2244,"Osso quebrado",398);
INSERT INTO Evento(EventoID,Descricao, Data, Admissao, Quarto) VALUES (2245, "descricao","2011-08-24 00:45:16" ,101, 124);
INSERT INTO Consulta( EventoID, Diagnostico, Medico) VALUES (2245,"Catapora",406);
INSERT INTO Evento(EventoID,Descricao, Data, Admissao, Quarto) VALUES (2246, "descricao","2014-11-02 04:24:10" ,151, 214);
INSERT INTO Consulta( EventoID, Diagnostico, Medico) VALUES (2246,"Trisomy",415);
INSERT INTO Evento(EventoID,Descricao, Data, Admissao, Quarto) VALUES (2247, "descricao","1982-07-14 08:53:32" ,81, 113);
INSERT INTO Consulta( EventoID, Diagnostico, Medico) VALUES (2247,"Yellow fever",414);
INSERT INTO Evento(EventoID,Descricao, Data, Admissao, Quarto) VALUES (2248, "descricao","1992-03-26 17:56:33" ,1, 228);
INSERT INTO Consulta( EventoID, Diagnostico, Medico) VALUES (2248,"Infeccao bacteriana",407);
INSERT INTO Evento(EventoID,Descricao, Data, Admissao, Quarto) VALUES (2249, "descricao","2001-05-17 16:33:16" ,38, 180);
INSERT INTO Consulta( EventoID, Diagnostico, Medico) VALUES (2249,"Astigmatism",394);
INSERT INTO Evento(EventoID,Descricao, Data, Admissao, Quarto) VALUES (2250, "descricao","2005-01-31 02:14:58" ,54, 104);
INSERT INTO Consulta( EventoID, Diagnostico, Medico) VALUES (2250,"Typhoid fever",410);
INSERT INTO Evento(EventoID,Descricao, Data, Admissao, Quarto) VALUES (2251, "descricao","2002-04-09 04:54:19" ,168, 235);
INSERT INTO Consulta( EventoID, Diagnostico, Medico) VALUES (2251,"COVID-19",406);
INSERT INTO Evento(EventoID,Descricao, Data, Admissao, Quarto) VALUES (2252, "descricao","1995-12-23 20:14:38" ,61, 105);
INSERT INTO Consulta( EventoID, Diagnostico, Medico) VALUES (2252,"Chorea",422);
INSERT INTO Evento(EventoID,Descricao, Data, Admissao, Quarto) VALUES (2253, "descricao","1997-09-17 10:44:23" ,31, 204);
INSERT INTO Consulta( EventoID, Diagnostico, Medico) VALUES (2253,"Kwashiorkor",421);
INSERT INTO Evento(EventoID,Descricao, Data, Admissao, Quarto) VALUES (2254, "descricao","1982-07-19 12:06:08" ,45, 171);
INSERT INTO Consulta( EventoID, Diagnostico, Medico) VALUES (2254,"Osso quebrado",398);
INSERT INTO Evento(EventoID,Descricao, Data, Admissao, Quarto) VALUES (2255, "descricao","2018-08-16 04:05:53" ,74, 105);
INSERT INTO Consulta( EventoID, Diagnostico, Medico) VALUES (2255,"Q fever",421);
INSERT INTO Evento(EventoID,Descricao, Data, Admissao, Quarto) VALUES (2256, "descricao","1993-04-29 22:27:56" ,19, 175);
INSERT INTO Consulta( EventoID, Diagnostico, Medico) VALUES (2256,"Gangrene",395);
INSERT INTO Evento(EventoID,Descricao, Data, Admissao, Quarto) VALUES (2257, "descricao","1980-05-18 03:59:19" ,151, 230);
INSERT INTO Consulta( EventoID, Diagnostico, Medico) VALUES (2257,"Metastatic cancer",387);
INSERT INTO Evento(EventoID,Descricao, Data, Admissao, Quarto) VALUES (2258, "descricao","1998-08-11 01:42:22" ,153, 111);
INSERT INTO Consulta( EventoID, Diagnostico, Medico) VALUES (2258,"Thrush",408);
INSERT INTO Evento(EventoID,Descricao, Data, Admissao, Quarto) VALUES (2259, "descricao","1999-02-03 06:11:44" ,95, 195);
INSERT INTO Consulta( EventoID, Diagnostico, Medico) VALUES (2259,"Virose",410);
INSERT INTO Evento(EventoID,Descricao, Data, Admissao, Quarto) VALUES (2260, "descricao","1978-03-21 14:21:55" ,126, 219);
INSERT INTO Consulta( EventoID, Diagnostico, Medico) VALUES (2260,"Gangrene",411);
INSERT INTO Evento(EventoID,Descricao, Data, Admissao, Quarto) VALUES (2261, "descricao","1978-02-04 12:31:07" ,127, 195);
INSERT INTO Consulta( EventoID, Diagnostico, Medico) VALUES (2261,"Catapora",390);
INSERT INTO Evento(EventoID,Descricao, Data, Admissao, Quarto) VALUES (2262, "descricao","1977-04-28 23:30:39" ,191, 243);
INSERT INTO Consulta( EventoID, Diagnostico, Medico) VALUES (2262,"Virose",391);
INSERT INTO Evento(EventoID,Descricao, Data, Admissao, Quarto) VALUES (2263, "descricao","1974-12-14 22:40:24" ,77, 145);
INSERT INTO Consulta( EventoID, Diagnostico, Medico) VALUES (2263,"Poliomyelitis",418);
INSERT INTO Evento(EventoID,Descricao, Data, Admissao, Quarto) VALUES (2264, "descricao","1986-08-27 16:48:49" ,89, 148);
INSERT INTO Consulta( EventoID, Diagnostico, Medico) VALUES (2264,"Indeterminado",407);
INSERT INTO Evento(EventoID,Descricao, Data, Admissao, Quarto) VALUES (2265, "descricao","1997-09-26 07:32:47" ,66, 238);
INSERT INTO Consulta( EventoID, Diagnostico, Medico) VALUES (2265,"Syphilis",422);
INSERT INTO Evento(EventoID,Descricao, Data, Admissao, Quarto) VALUES (2266, "descricao","1980-03-20 07:01:09" ,134, 153);
INSERT INTO Consulta( EventoID, Diagnostico, Medico) VALUES (2266,"Marburg fever",417);
INSERT INTO Evento(EventoID,Descricao, Data, Admissao, Quarto) VALUES (2267, "descricao","2018-04-20 15:52:28" ,137, 140);
INSERT INTO Consulta( EventoID, Diagnostico, Medico) VALUES (2267,"Tonsillitis",383);
INSERT INTO Evento(EventoID,Descricao, Data, Admissao, Quarto) VALUES (2268, "descricao","1977-08-23 00:21:39" ,31, 117);
INSERT INTO Consulta( EventoID, Diagnostico, Medico) VALUES (2268,"Tay-Sachs disease",385);
INSERT INTO Evento(EventoID,Descricao, Data, Admissao, Quarto) VALUES (2269, "descricao","2012-12-10 16:22:04" ,121, 215);
INSERT INTO Consulta( EventoID, Diagnostico, Medico) VALUES (2269,"Thrush",385);
INSERT INTO Evento(EventoID,Descricao, Data, Admissao, Quarto) VALUES (2270, "descricao","1973-05-15 22:26:27" ,180, 127);
INSERT INTO Consulta( EventoID, Diagnostico, Medico) VALUES (2270,"Virose",385);
INSERT INTO Evento(EventoID,Descricao, Data, Admissao, Quarto) VALUES (2271, "descricao","1970-04-10 20:03:08" ,138, 240);
INSERT INTO Consulta( EventoID, Diagnostico, Medico) VALUES (2271,"HIV",418);
INSERT INTO Evento(EventoID,Descricao, Data, Admissao, Quarto) VALUES (2272, "descricao","2012-11-26 15:29:53" ,112, 236);
INSERT INTO Consulta( EventoID, Diagnostico, Medico) VALUES (2272,"Periodontal disease",405);
INSERT INTO Evento(EventoID,Descricao, Data, Admissao, Quarto) VALUES (2273, "descricao","1975-08-07 22:17:53" ,19, 196);
INSERT INTO Consulta( EventoID, Diagnostico, Medico) VALUES (2273,"Indeterminado",390);
INSERT INTO Evento(EventoID,Descricao, Data, Admissao, Quarto) VALUES (2274, "descricao","1987-05-18 04:20:56" ,21, 118);
INSERT INTO Consulta( EventoID, Diagnostico, Medico) VALUES (2274,"Hepatitis A",426);
INSERT INTO Evento(EventoID,Descricao, Data, Admissao, Quarto) VALUES (2275, "descricao","2001-04-11 11:58:36" ,125, 229);
INSERT INTO Consulta( EventoID, Diagnostico, Medico) VALUES (2275,"Osteoporosis",389);
INSERT INTO Evento(EventoID,Descricao, Data, Admissao, Quarto) VALUES (2276, "descricao","1994-04-10 20:56:32" ,105, 237);
INSERT INTO Consulta( EventoID, Diagnostico, Medico) VALUES (2276,"Virose",385);
INSERT INTO Evento(EventoID,Descricao, Data, Admissao, Quarto) VALUES (2277, "descricao","1970-07-01 09:43:07" ,99, 178);
INSERT INTO Consulta( EventoID, Diagnostico, Medico) VALUES (2277,"Dysentery",397);
INSERT INTO Evento(EventoID,Descricao, Data, Admissao, Quarto) VALUES (2278, "descricao","2000-08-27 23:26:03" ,60, 191);
INSERT INTO Consulta( EventoID, Diagnostico, Medico) VALUES (2278,"Arthritis",413);
INSERT INTO Evento(EventoID,Descricao, Data, Admissao, Quarto) VALUES (2279, "descricao","2016-07-09 23:07:27" ,85, 210);
INSERT INTO Consulta( EventoID, Diagnostico, Medico) VALUES (2279,"Keloids",417);
INSERT INTO Evento(EventoID,Descricao, Data, Admissao, Quarto) VALUES (2280, "descricao","1971-05-29 18:27:40" ,61, 219);
INSERT INTO Consulta( EventoID, Diagnostico, Medico) VALUES (2280,"Scabies",388);
INSERT INTO Evento(EventoID,Descricao, Data, Admissao, Quarto) VALUES (2281, "descricao","2014-11-20 20:34:09" ,23, 208);
INSERT INTO Consulta( EventoID, Diagnostico, Medico) VALUES (2281,"Typhoid fever",419);
INSERT INTO Evento(EventoID,Descricao, Data, Admissao, Quarto) VALUES (2282, "descricao","2013-03-30 07:56:55" ,119, 212);
INSERT INTO Consulta( EventoID, Diagnostico, Medico) VALUES (2282,"Meningitis",417);
INSERT INTO Evento(EventoID,Descricao, Data, Admissao, Quarto) VALUES (2283, "descricao","1984-02-29 09:17:06" ,69, 111);
INSERT INTO Consulta( EventoID, Diagnostico, Medico) VALUES (2283,"Mononucleosis",425);
INSERT INTO Evento(EventoID,Descricao, Data, Admissao, Quarto) VALUES (2284, "descricao","1994-04-03 16:29:35" ,14, 122);
INSERT INTO Consulta( EventoID, Diagnostico, Medico) VALUES (2284,"Mal estar",386);
INSERT INTO Evento(EventoID,Descricao, Data, Admissao, Quarto) VALUES (2285, "descricao","1971-03-28 10:42:37" ,107, 187);
INSERT INTO Consulta( EventoID, Diagnostico, Medico) VALUES (2285,"Hyperthyroidism",420);
INSERT INTO Evento(EventoID,Descricao, Data, Admissao, Quarto) VALUES (2286, "descricao","2017-06-23 09:19:52" ,144, 203);
INSERT INTO Consulta( EventoID, Diagnostico, Medico) VALUES (2286,"Catapora",423);
INSERT INTO Evento(EventoID,Descricao, Data, Admissao, Quarto) VALUES (2287, "descricao","2012-10-05 07:41:35" ,99, 229);
INSERT INTO Consulta( EventoID, Diagnostico, Medico) VALUES (2287,"Trisomy",401);
INSERT INTO Evento(EventoID,Descricao, Data, Admissao, Quarto) VALUES (2288, "descricao","1988-12-25 15:20:56" ,100, 238);
INSERT INTO Consulta( EventoID, Diagnostico, Medico) VALUES (2288,"Osso quebrado",419);
INSERT INTO Evento(EventoID,Descricao, Data, Admissao, Quarto) VALUES (2289, "descricao","1981-03-20 12:36:03" ,182, 220);
INSERT INTO Consulta( EventoID, Diagnostico, Medico) VALUES (2289,"Lice",422);
INSERT INTO Evento(EventoID,Descricao, Data, Admissao, Quarto) VALUES (2290, "descricao","2019-10-30 19:06:05" ,137, 247);
INSERT INTO Consulta( EventoID, Diagnostico, Medico) VALUES (2290,"Cholera",402);
INSERT INTO Evento(EventoID,Descricao, Data, Admissao, Quarto) VALUES (2291, "descricao","2013-10-12 10:24:14" ,108, 172);
INSERT INTO Consulta( EventoID, Diagnostico, Medico) VALUES (2291,"Otitis",407);
INSERT INTO Evento(EventoID,Descricao, Data, Admissao, Quarto) VALUES (2292, "descricao","1994-01-22 15:34:01" ,59, 201);
INSERT INTO Consulta( EventoID, Diagnostico, Medico) VALUES (2292,"Necrotizing Fasciitis",423);
INSERT INTO Evento(EventoID,Descricao, Data, Admissao, Quarto) VALUES (2293, "descricao","1978-10-21 10:52:20" ,111, 147);
INSERT INTO Consulta( EventoID, Diagnostico, Medico) VALUES (2293,"Hypothyroid",387);
INSERT INTO Evento(EventoID,Descricao, Data, Admissao, Quarto) VALUES (2294, "descricao","1991-05-12 06:40:50" ,147, 200);
INSERT INTO Consulta( EventoID, Diagnostico, Medico) VALUES (2294,"Rocky Mountain spotted fever",412);
INSERT INTO Evento(EventoID,Descricao, Data, Admissao, Quarto) VALUES (2295, "descricao","1974-09-27 07:43:11" ,12, 147);
INSERT INTO Consulta( EventoID, Diagnostico, Medico) VALUES (2295,"Ulcers",391);
INSERT INTO Evento(EventoID,Descricao, Data, Admissao, Quarto) VALUES (2296, "descricao","1995-03-05 23:25:05" ,57, 233);
INSERT INTO Consulta( EventoID, Diagnostico, Medico) VALUES (2296,"Ignious Syndrome",393);
INSERT INTO Evento(EventoID,Descricao, Data, Admissao, Quarto) VALUES (2297, "descricao","1971-09-22 03:47:44" ,80, 155);
INSERT INTO Consulta( EventoID, Diagnostico, Medico) VALUES (2297,"Leukemia",417);
INSERT INTO Evento(EventoID,Descricao, Data, Admissao, Quarto) VALUES (2298, "descricao","2006-12-14 21:35:06" ,126, 206);
INSERT INTO Consulta( EventoID, Diagnostico, Medico) VALUES (2298,"Infeccao bacteriana",409);
INSERT INTO Evento(EventoID,Descricao, Data, Admissao, Quarto) VALUES (2299, "descricao","1970-02-09 16:54:03" ,85, 166);
INSERT INTO Consulta( EventoID, Diagnostico, Medico) VALUES (2299,"Pubic lice",394);

-- Internamento
INSERT INTO Evento(EventoID,Descricao, Data, Admissao, Quarto) VALUES (2300, "descricao","2015-06-12 02:12:40" ,124, 192);
INSERT INTO Internamento( EventoID, Motivo, DataFim, Ativo) VALUES (2300,"Scabies",NULL,0);
INSERT INTO Evento(EventoID,Descricao, Data, Admissao, Quarto) VALUES (2301, "descricao","2002-01-18 15:55:22" ,9, 168);
INSERT INTO Internamento( EventoID, Motivo, DataFim, Ativo) VALUES (2301,"Ulcerative colitis",NULL,0);
INSERT INTO Evento(EventoID,Descricao, Data, Admissao, Quarto) VALUES (2302, "descricao","1993-09-28 22:25:35" ,134, 244);
INSERT INTO Internamento( EventoID, Motivo, DataFim, Ativo) VALUES (2302,"Shigellosis",NULL,0);
INSERT INTO Evento(EventoID,Descricao, Data, Admissao, Quarto) VALUES (2303, "descricao","2006-11-03 22:39:49" ,75, 204);
INSERT INTO Internamento( EventoID, Motivo, DataFim, Ativo) VALUES (2303,"Chlamydia trachomatis","2006-12-10 08:13:20",1);
INSERT INTO Evento(EventoID,Descricao, Data, Admissao, Quarto) VALUES (2304, "descricao","1982-12-03 03:01:21" ,87, 189);
INSERT INTO Internamento( EventoID, Motivo, DataFim, Ativo) VALUES (2304,"Cholera","1997-01-17 01:31:54",1);
INSERT INTO Evento(EventoID,Descricao, Data, Admissao, Quarto) VALUES (2305, "descricao","1992-07-30 07:10:24" ,63, 148);
INSERT INTO Internamento( EventoID, Motivo, DataFim, Ativo) VALUES (2305,"Warts","2012-09-04 01:40:28",1);
INSERT INTO Evento(EventoID,Descricao, Data, Admissao, Quarto) VALUES (2306, "descricao","2012-10-05 06:30:29" ,113, 203);
INSERT INTO Internamento( EventoID, Motivo, DataFim, Ativo) VALUES (2306,"Thalassaemia","2019-02-20 11:58:19",1);
INSERT INTO Evento(EventoID,Descricao, Data, Admissao, Quarto) VALUES (2307, "descricao","2012-09-17 04:03:27" ,166, 201);
INSERT INTO Internamento( EventoID, Motivo, DataFim, Ativo) VALUES (2307,"Hypothyroid","2017-08-16 08:07:53",1);
INSERT INTO Evento(EventoID,Descricao, Data, Admissao, Quarto) VALUES (2308, "descricao","1977-01-22 17:51:37" ,193, 169);
INSERT INTO Internamento( EventoID, Motivo, DataFim, Ativo) VALUES (2308,"Limbtoosa","2010-08-05 10:46:44",1);
INSERT INTO Evento(EventoID,Descricao, Data, Admissao, Quarto) VALUES (2309, "descricao","2000-05-26 03:26:11" ,110, 239);
INSERT INTO Internamento( EventoID, Motivo, DataFim, Ativo) VALUES (2309,"Cowpox","2006-07-29 00:14:57",1);
INSERT INTO Evento(EventoID,Descricao, Data, Admissao, Quarto) VALUES (2310, "descricao","1998-02-03 16:06:09" ,173, 235);
INSERT INTO Internamento( EventoID, Motivo, DataFim, Ativo) VALUES (2310,"Varicose veins",NULL,0);
INSERT INTO Evento(EventoID,Descricao, Data, Admissao, Quarto) VALUES (2311, "descricao","1980-12-21 11:18:08" ,156, 213);
INSERT INTO Internamento( EventoID, Motivo, DataFim, Ativo) VALUES (2311,"Urticaria","2019-04-25 04:59:48",1);
INSERT INTO Evento(EventoID,Descricao, Data, Admissao, Quarto) VALUES (2312, "descricao","2016-08-29 16:04:11" ,31, 218);
INSERT INTO Internamento( EventoID, Motivo, DataFim, Ativo) VALUES (2312,"Bunion","2018-03-21 13:52:40",1);
INSERT INTO Evento(EventoID,Descricao, Data, Admissao, Quarto) VALUES (2313, "descricao","1990-05-26 12:13:17" ,15, 168);
INSERT INTO Internamento( EventoID, Motivo, DataFim, Ativo) VALUES (2313,"Poliomyelitis",NULL,0);
INSERT INTO Evento(EventoID,Descricao, Data, Admissao, Quarto) VALUES (2314, "descricao","2013-07-23 10:24:48" ,14, 147);
INSERT INTO Internamento( EventoID, Motivo, DataFim, Ativo) VALUES (2314,"Beriberi","2014-05-26 09:08:48",1);
INSERT INTO Evento(EventoID,Descricao, Data, Admissao, Quarto) VALUES (2315, "descricao","1972-05-05 19:56:06" ,148, 236);
INSERT INTO Internamento( EventoID, Motivo, DataFim, Ativo) VALUES (2315,"Shin splints","1981-06-09 14:54:41",1);
INSERT INTO Evento(EventoID,Descricao, Data, Admissao, Quarto) VALUES (2316, "descricao","2014-05-06 05:37:33" ,86, 104);
INSERT INTO Internamento( EventoID, Motivo, DataFim, Ativo) VALUES (2316,"Asthma",NULL,0);
INSERT INTO Evento(EventoID,Descricao, Data, Admissao, Quarto) VALUES (2317, "descricao","1995-06-28 10:39:58" ,135, 175);
INSERT INTO Internamento( EventoID, Motivo, DataFim, Ativo) VALUES (2317,"Non-gonococcal urethritis","2015-08-28 23:36:14",1);
INSERT INTO Evento(EventoID,Descricao, Data, Admissao, Quarto) VALUES (2318, "descricao","1997-04-08 23:43:57" ,8, 170);
INSERT INTO Internamento( EventoID, Motivo, DataFim, Ativo) VALUES (2318,"Night blindness","2016-10-22 02:27:04",1);
INSERT INTO Evento(EventoID,Descricao, Data, Admissao, Quarto) VALUES (2319, "descricao","1993-02-12 20:06:07" ,136, 161);
INSERT INTO Internamento( EventoID, Motivo, DataFim, Ativo) VALUES (2319,"Infertility","2006-05-10 16:56:55",1);
INSERT INTO Evento(EventoID,Descricao, Data, Admissao, Quarto) VALUES (2320, "descricao","2007-01-06 06:16:45" ,47, 219);
INSERT INTO Internamento( EventoID, Motivo, DataFim, Ativo) VALUES (2320,"Mattticular syndrome",NULL,0);
INSERT INTO Evento(EventoID,Descricao, Data, Admissao, Quarto) VALUES (2321, "descricao","2015-06-08 15:07:44" ,14, 216);
INSERT INTO Internamento( EventoID, Motivo, DataFim, Ativo) VALUES (2321,"Rift Valley fever","2015-10-02 17:53:39",1);
INSERT INTO Evento(EventoID,Descricao, Data, Admissao, Quarto) VALUES (2322, "descricao","2015-11-07 12:39:47" ,191, 164);
INSERT INTO Internamento( EventoID, Motivo, DataFim, Ativo) VALUES (2322,"Rubella","2018-05-22 09:42:52",1);
INSERT INTO Evento(EventoID,Descricao, Data, Admissao, Quarto) VALUES (2323, "descricao","2003-12-30 05:53:25" ,48, 120);
INSERT INTO Internamento( EventoID, Motivo, DataFim, Ativo) VALUES (2323,"Epilepsy",NULL,0);
INSERT INTO Evento(EventoID,Descricao, Data, Admissao, Quarto) VALUES (2324, "descricao","2002-06-07 02:34:06" ,51, 230);
INSERT INTO Internamento( EventoID, Motivo, DataFim, Ativo) VALUES (2324,"Chronic fatigue syndrome","2017-10-25 19:22:21",1);
INSERT INTO Evento(EventoID,Descricao, Data, Admissao, Quarto) VALUES (2325, "descricao","2014-01-28 18:49:50" ,39, 189);
INSERT INTO Internamento( EventoID, Motivo, DataFim, Ativo) VALUES (2325,"Osteoporosis","2019-04-21 21:25:39",1);
INSERT INTO Evento(EventoID,Descricao, Data, Admissao, Quarto) VALUES (2326, "descricao","2017-08-29 14:28:13" ,101, 172);
INSERT INTO Internamento( EventoID, Motivo, DataFim, Ativo) VALUES (2326,"Taeniasis","2019-08-02 11:10:39",1);
INSERT INTO Evento(EventoID,Descricao, Data, Admissao, Quarto) VALUES (2327, "descricao","1984-01-28 14:11:11" ,94, 237);
INSERT INTO Internamento( EventoID, Motivo, DataFim, Ativo) VALUES (2327,"Q fever","2018-03-16 20:35:31",1);
INSERT INTO Evento(EventoID,Descricao, Data, Admissao, Quarto) VALUES (2328, "descricao","2008-12-18 23:02:57" ,186, 177);
INSERT INTO Internamento( EventoID, Motivo, DataFim, Ativo) VALUES (2328,"Silicosis","2009-07-26 02:18:36",1);
INSERT INTO Evento(EventoID,Descricao, Data, Admissao, Quarto) VALUES (2329, "descricao","2015-08-18 16:25:27" ,194, 228);
INSERT INTO Internamento( EventoID, Motivo, DataFim, Ativo) VALUES (2329,"Urticaria","2019-09-15 15:59:48",1);
INSERT INTO Evento(EventoID,Descricao, Data, Admissao, Quarto) VALUES (2330, "descricao","2002-01-05 21:51:26" ,69, 190);
INSERT INTO Internamento( EventoID, Motivo, DataFim, Ativo) VALUES (2330,"Psittacosis","2008-08-24 18:36:51",1);
INSERT INTO Evento(EventoID,Descricao, Data, Admissao, Quarto) VALUES (2331, "descricao","2016-02-10 05:03:46" ,146, 227);
INSERT INTO Internamento( EventoID, Motivo, DataFim, Ativo) VALUES (2331,"UTI'S","2017-06-29 16:37:15",1);
INSERT INTO Evento(EventoID,Descricao, Data, Admissao, Quarto) VALUES (2332, "descricao","2016-05-15 11:16:29" ,146, 211);
INSERT INTO Internamento( EventoID, Motivo, DataFim, Ativo) VALUES (2332,"Carbon monoxide poisoning","2017-11-30 12:47:34",1);
INSERT INTO Evento(EventoID,Descricao, Data, Admissao, Quarto) VALUES (2333, "descricao","2013-03-13 00:21:52" ,71, 138);
INSERT INTO Internamento( EventoID, Motivo, DataFim, Ativo) VALUES (2333,"Iron-deficiency anemia","2015-04-08 15:51:31",1);
INSERT INTO Evento(EventoID,Descricao, Data, Admissao, Quarto) VALUES (2334, "descricao","1981-12-26 19:08:51" ,18, 138);
INSERT INTO Internamento( EventoID, Motivo, DataFim, Ativo) VALUES (2334,"Coronary heart disease","1996-06-28 04:56:51",1);
INSERT INTO Evento(EventoID,Descricao, Data, Admissao, Quarto) VALUES (2335, "descricao","2017-02-16 01:01:51" ,103, 225);
INSERT INTO Internamento( EventoID, Motivo, DataFim, Ativo) VALUES (2335,"Rheumatic fever","2017-06-21 13:56:44",1);
INSERT INTO Evento(EventoID,Descricao, Data, Admissao, Quarto) VALUES (2336, "descricao","1978-10-03 10:04:53" ,11, 100);
INSERT INTO Internamento( EventoID, Motivo, DataFim, Ativo) VALUES (2336,"Rheumatoid arthritis","1995-04-03 08:33:32",1);
INSERT INTO Evento(EventoID,Descricao, Data, Admissao, Quarto) VALUES (2337, "descricao","1986-11-10 15:02:02" ,22, 121);
INSERT INTO Internamento( EventoID, Motivo, DataFim, Ativo) VALUES (2337,"Scabies","2009-01-14 00:29:52",1);
INSERT INTO Evento(EventoID,Descricao, Data, Admissao, Quarto) VALUES (2338, "descricao","1982-03-06 03:24:13" ,125, 180);
INSERT INTO Internamento( EventoID, Motivo, DataFim, Ativo) VALUES (2338,"Trichomoniasis",NULL,0);
INSERT INTO Evento(EventoID,Descricao, Data, Admissao, Quarto) VALUES (2339, "descricao","1991-06-06 07:07:04" ,143, 195);
INSERT INTO Internamento( EventoID, Motivo, DataFim, Ativo) VALUES (2339,"Typhoid fever",NULL,0);
INSERT INTO Evento(EventoID,Descricao, Data, Admissao, Quarto) VALUES (2340, "descricao","1979-10-17 17:57:08" ,176, 215);
INSERT INTO Internamento( EventoID, Motivo, DataFim, Ativo) VALUES (2340,"Appendicitis",NULL,0);
INSERT INTO Evento(EventoID,Descricao, Data, Admissao, Quarto) VALUES (2341, "descricao","1997-07-22 02:27:31" ,180, 242);
INSERT INTO Internamento( EventoID, Motivo, DataFim, Ativo) VALUES (2341,"Osteoarthritis","2006-07-19 06:00:03",1);
INSERT INTO Evento(EventoID,Descricao, Data, Admissao, Quarto) VALUES (2342, "descricao","1981-12-01 11:16:20" ,79, 230);
INSERT INTO Internamento( EventoID, Motivo, DataFim, Ativo) VALUES (2342,"Rubella",NULL,0);
INSERT INTO Evento(EventoID,Descricao, Data, Admissao, Quarto) VALUES (2343, "descricao","1985-05-27 20:48:32" ,163, 161);
INSERT INTO Internamento( EventoID, Motivo, DataFim, Ativo) VALUES (2343,"Ulcers",NULL,0);
INSERT INTO Evento(EventoID,Descricao, Data, Admissao, Quarto) VALUES (2344, "descricao","2019-11-16 19:17:53" ,129, 167);
INSERT INTO Internamento( EventoID, Motivo, DataFim, Ativo) VALUES (2344,"Cholera",NULL,0);
INSERT INTO Evento(EventoID,Descricao, Data, Admissao, Quarto) VALUES (2345, "descricao","2001-07-22 20:25:39" ,59, 154);
INSERT INTO Internamento( EventoID, Motivo, DataFim, Ativo) VALUES (2345,"Impetigo","2005-01-25 03:31:11",1);
INSERT INTO Evento(EventoID,Descricao, Data, Admissao, Quarto) VALUES (2346, "descricao","1971-01-14 20:11:01" ,4, 207);
INSERT INTO Internamento( EventoID, Motivo, DataFim, Ativo) VALUES (2346,"Tuberculosis","1994-08-13 09:56:53",1);
INSERT INTO Evento(EventoID,Descricao, Data, Admissao, Quarto) VALUES (2347, "descricao","2016-06-22 18:44:04" ,181, 167);
INSERT INTO Internamento( EventoID, Motivo, DataFim, Ativo) VALUES (2347,"Pelvic inflammatory disease","2019-12-25 10:16:09",1);
INSERT INTO Evento(EventoID,Descricao, Data, Admissao, Quarto) VALUES (2348, "descricao","1992-12-28 21:59:49" ,135, 228);
INSERT INTO Internamento( EventoID, Motivo, DataFim, Ativo) VALUES (2348,"Watkins",NULL,0);
INSERT INTO Evento(EventoID,Descricao, Data, Admissao, Quarto) VALUES (2349, "descricao","1996-12-10 09:48:27" ,98, 154);
INSERT INTO Internamento( EventoID, Motivo, DataFim, Ativo) VALUES (2349,"Pubic lice","2012-02-25 17:14:42",1);
INSERT INTO Evento(EventoID,Descricao, Data, Admissao, Quarto) VALUES (2350, "descricao","1990-11-17 00:39:35" ,6, 166);
INSERT INTO Internamento( EventoID, Motivo, DataFim, Ativo) VALUES (2350,"Goitre","1994-01-31 12:49:13",1);
INSERT INTO Evento(EventoID,Descricao, Data, Admissao, Quarto) VALUES (2351, "descricao","1971-02-25 09:02:00" ,54, 242);
INSERT INTO Internamento( EventoID, Motivo, DataFim, Ativo) VALUES (2351,"Genital herpes","2017-10-08 04:36:06",1);
INSERT INTO Evento(EventoID,Descricao, Data, Admissao, Quarto) VALUES (2352, "descricao","1984-05-08 16:31:02" ,28, 162);
INSERT INTO Internamento( EventoID, Motivo, DataFim, Ativo) VALUES (2352,"Rheumatoid arthritis","2006-07-05 10:44:06",1);
INSERT INTO Evento(EventoID,Descricao, Data, Admissao, Quarto) VALUES (2353, "descricao","1997-04-27 01:27:46" ,93, 107);
INSERT INTO Internamento( EventoID, Motivo, DataFim, Ativo) VALUES (2353,"Yellow fever","2018-11-04 00:09:47",1);
INSERT INTO Evento(EventoID,Descricao, Data, Admissao, Quarto) VALUES (2354, "descricao","1984-12-03 22:59:11" ,25, 156);
INSERT INTO Internamento( EventoID, Motivo, DataFim, Ativo) VALUES (2354,"Tennis elbow","2005-01-25 01:21:13",1);
INSERT INTO Evento(EventoID,Descricao, Data, Admissao, Quarto) VALUES (2355, "descricao","2013-06-30 01:46:34" ,66, 149);
INSERT INTO Internamento( EventoID, Motivo, DataFim, Ativo) VALUES (2355,"Candidiasis","2016-01-19 00:19:09",1);
INSERT INTO Evento(EventoID,Descricao, Data, Admissao, Quarto) VALUES (2356, "descricao","2015-03-29 02:29:11" ,166, 216);
INSERT INTO Internamento( EventoID, Motivo, DataFim, Ativo) VALUES (2356,"Sickle-cell anemia",NULL,0);
INSERT INTO Evento(EventoID,Descricao, Data, Admissao, Quarto) VALUES (2357, "descricao","1983-08-12 23:43:28" ,47, 218);
INSERT INTO Internamento( EventoID, Motivo, DataFim, Ativo) VALUES (2357,"Dysentery","2010-09-23 18:29:56",1);
INSERT INTO Evento(EventoID,Descricao, Data, Admissao, Quarto) VALUES (2358, "descricao","2007-08-02 04:25:53" ,73, 167);
INSERT INTO Internamento( EventoID, Motivo, DataFim, Ativo) VALUES (2358,"Colitis",NULL,0);
INSERT INTO Evento(EventoID,Descricao, Data, Admissao, Quarto) VALUES (2359, "descricao","1996-02-07 03:27:05" ,172, 125);
INSERT INTO Internamento( EventoID, Motivo, DataFim, Ativo) VALUES (2359,"Bacterial meningitis",NULL,0);
INSERT INTO Evento(EventoID,Descricao, Data, Admissao, Quarto) VALUES (2360, "descricao","1998-12-23 19:59:29" ,67, 129);
INSERT INTO Internamento( EventoID, Motivo, DataFim, Ativo) VALUES (2360,"Paratyphoid fever","2002-12-28 15:35:05",1);
INSERT INTO Evento(EventoID,Descricao, Data, Admissao, Quarto) VALUES (2361, "descricao","1988-02-23 15:15:16" ,157, 184);
INSERT INTO Internamento( EventoID, Motivo, DataFim, Ativo) VALUES (2361,"Urticaria","2006-02-09 15:39:36",1);
INSERT INTO Evento(EventoID,Descricao, Data, Admissao, Quarto) VALUES (2362, "descricao","1979-07-07 06:14:42" ,189, 195);
INSERT INTO Internamento( EventoID, Motivo, DataFim, Ativo) VALUES (2362,"Fibromyalgia",NULL,0);
INSERT INTO Evento(EventoID,Descricao, Data, Admissao, Quarto) VALUES (2363, "descricao","2013-07-20 09:06:53" ,69, 106);
INSERT INTO Internamento( EventoID, Motivo, DataFim, Ativo) VALUES (2363,"Gangrene",NULL,0);
INSERT INTO Evento(EventoID,Descricao, Data, Admissao, Quarto) VALUES (2364, "descricao","1993-09-13 16:07:58" ,53, 138);
INSERT INTO Internamento( EventoID, Motivo, DataFim, Ativo) VALUES (2364,"Warts",NULL,0);
INSERT INTO Evento(EventoID,Descricao, Data, Admissao, Quarto) VALUES (2365, "descricao","2002-05-09 01:59:33" ,34, 139);
INSERT INTO Internamento( EventoID, Motivo, DataFim, Ativo) VALUES (2365,"Pubic lice","2015-02-08 17:24:01",1);
INSERT INTO Evento(EventoID,Descricao, Data, Admissao, Quarto) VALUES (2366, "descricao","2019-03-18 13:25:28" ,191, 114);
INSERT INTO Internamento( EventoID, Motivo, DataFim, Ativo) VALUES (2366,"Ulcers","2019-12-20 07:06:01",1);
INSERT INTO Evento(EventoID,Descricao, Data, Admissao, Quarto) VALUES (2367, "descricao","1987-06-26 10:55:29" ,117, 184);
INSERT INTO Internamento( EventoID, Motivo, DataFim, Ativo) VALUES (2367,"Mononucleosis",NULL,0);
INSERT INTO Evento(EventoID,Descricao, Data, Admissao, Quarto) VALUES (2368, "descricao","1989-07-02 02:18:06" ,169, 111);
INSERT INTO Internamento( EventoID, Motivo, DataFim, Ativo) VALUES (2368,"HIV","2011-04-04 09:47:47",1);
INSERT INTO Evento(EventoID,Descricao, Data, Admissao, Quarto) VALUES (2369, "descricao","1987-11-26 05:54:01" ,43, 174);
INSERT INTO Internamento( EventoID, Motivo, DataFim, Ativo) VALUES (2369,"Gastroenteritis","2007-06-14 20:14:04",1);
INSERT INTO Evento(EventoID,Descricao, Data, Admissao, Quarto) VALUES (2370, "descricao","1977-05-06 08:47:25" ,94, 133);
INSERT INTO Internamento( EventoID, Motivo, DataFim, Ativo) VALUES (2370,"Myxedema",NULL,0);
INSERT INTO Evento(EventoID,Descricao, Data, Admissao, Quarto) VALUES (2371, "descricao","1995-08-30 06:06:51" ,138, 114);
INSERT INTO Internamento( EventoID, Motivo, DataFim, Ativo) VALUES (2371,"Peritonitis",NULL,0);
INSERT INTO Evento(EventoID,Descricao, Data, Admissao, Quarto) VALUES (2372, "descricao","2008-07-09 18:49:41" ,43, 242);
INSERT INTO Internamento( EventoID, Motivo, DataFim, Ativo) VALUES (2372,"Black Death",NULL,0);
INSERT INTO Evento(EventoID,Descricao, Data, Admissao, Quarto) VALUES (2373, "descricao","2005-07-17 12:23:15" ,38, 194);
INSERT INTO Internamento( EventoID, Motivo, DataFim, Ativo) VALUES (2373,"Night blindness",NULL,0);
INSERT INTO Evento(EventoID,Descricao, Data, Admissao, Quarto) VALUES (2374, "descricao","2011-05-22 06:45:41" ,137, 202);
INSERT INTO Internamento( EventoID, Motivo, DataFim, Ativo) VALUES (2374,"Carbon monoxide poisoning","2014-11-30 04:51:07",1);
INSERT INTO Evento(EventoID,Descricao, Data, Admissao, Quarto) VALUES (2375, "descricao","2001-01-05 19:11:45" ,65, 140);
INSERT INTO Internamento( EventoID, Motivo, DataFim, Ativo) VALUES (2375,"Tay-Sachs disease","2012-06-13 03:48:51",1);
INSERT INTO Evento(EventoID,Descricao, Data, Admissao, Quarto) VALUES (2376, "descricao","1986-04-20 15:23:44" ,130, 212);
INSERT INTO Internamento( EventoID, Motivo, DataFim, Ativo) VALUES (2376,"Goitre",NULL,0);
INSERT INTO Evento(EventoID,Descricao, Data, Admissao, Quarto) VALUES (2377, "descricao","1980-01-30 18:10:36" ,114, 172);
INSERT INTO Internamento( EventoID, Motivo, DataFim, Ativo) VALUES (2377,"Mumps",NULL,0);
INSERT INTO Evento(EventoID,Descricao, Data, Admissao, Quarto) VALUES (2378, "descricao","2010-10-23 03:26:05" ,169, 209);
INSERT INTO Internamento( EventoID, Motivo, DataFim, Ativo) VALUES (2378,"Osteoarthritis","2019-11-03 01:47:22",1);
INSERT INTO Evento(EventoID,Descricao, Data, Admissao, Quarto) VALUES (2379, "descricao","2018-04-04 14:03:09" ,48, 174);
INSERT INTO Internamento( EventoID, Motivo, DataFim, Ativo) VALUES (2379,"Chorea","2018-05-19 21:34:02",1);
INSERT INTO Evento(EventoID,Descricao, Data, Admissao, Quarto) VALUES (2380, "descricao","1991-02-28 17:36:51" ,32, 226);
INSERT INTO Internamento( EventoID, Motivo, DataFim, Ativo) VALUES (2380,"Lung cancer",NULL,0);
INSERT INTO Evento(EventoID,Descricao, Data, Admissao, Quarto) VALUES (2381, "descricao","2019-09-12 00:45:55" ,89, 183);
INSERT INTO Internamento( EventoID, Motivo, DataFim, Ativo) VALUES (2381,"Huntington's disease",NULL,0);
INSERT INTO Evento(EventoID,Descricao, Data, Admissao, Quarto) VALUES (2382, "descricao","1971-10-05 13:47:04" ,31, 106);
INSERT INTO Internamento( EventoID, Motivo, DataFim, Ativo) VALUES (2382,"Pilia","1973-08-18 17:31:06",1);
INSERT INTO Evento(EventoID,Descricao, Data, Admissao, Quarto) VALUES (2383, "descricao","1971-07-31 15:18:18" ,186, 219);
INSERT INTO Internamento( EventoID, Motivo, DataFim, Ativo) VALUES (2383,"Leukemia",NULL,0);
INSERT INTO Evento(EventoID,Descricao, Data, Admissao, Quarto) VALUES (2384, "descricao","1970-12-30 17:42:24" ,39, 145);
INSERT INTO Internamento( EventoID, Motivo, DataFim, Ativo) VALUES (2384,"Kidney stone disease",NULL,0);
INSERT INTO Evento(EventoID,Descricao, Data, Admissao, Quarto) VALUES (2385, "descricao","2008-12-31 12:13:32" ,150, 167);
INSERT INTO Internamento( EventoID, Motivo, DataFim, Ativo) VALUES (2385,"Impetigo","2019-01-03 18:07:46",1);
INSERT INTO Evento(EventoID,Descricao, Data, Admissao, Quarto) VALUES (2386, "descricao","1995-09-02 18:31:33" ,179, 102);
INSERT INTO Internamento( EventoID, Motivo, DataFim, Ativo) VALUES (2386,"Astigmatism","2007-10-08 11:13:11",1);
INSERT INTO Evento(EventoID,Descricao, Data, Admissao, Quarto) VALUES (2387, "descricao","1997-07-17 22:09:45" ,128, 110);
INSERT INTO Internamento( EventoID, Motivo, DataFim, Ativo) VALUES (2387,"Pulmonary embolism","2011-08-19 15:48:03",1);
INSERT INTO Evento(EventoID,Descricao, Data, Admissao, Quarto) VALUES (2388, "descricao","1986-02-20 01:20:35" ,97, 125);
INSERT INTO Internamento( EventoID, Motivo, DataFim, Ativo) VALUES (2388,"Cowpox","2002-05-21 00:38:45",1);
INSERT INTO Evento(EventoID,Descricao, Data, Admissao, Quarto) VALUES (2389, "descricao","2018-05-06 12:44:46" ,6, 198);
INSERT INTO Internamento( EventoID, Motivo, DataFim, Ativo) VALUES (2389,"Tumor",NULL,0);
INSERT INTO Evento(EventoID,Descricao, Data, Admissao, Quarto) VALUES (2390, "descricao","2016-07-03 14:57:56" ,122, 242);
INSERT INTO Internamento( EventoID, Motivo, DataFim, Ativo) VALUES (2390,"Histiocytosis (childhood cancer)",NULL,0);
INSERT INTO Evento(EventoID,Descricao, Data, Admissao, Quarto) VALUES (2391, "descricao","2001-08-07 13:02:48" ,92, 163);
INSERT INTO Internamento( EventoID, Motivo, DataFim, Ativo) VALUES (2391,"Emphysema","2012-09-01 18:22:33",1);
INSERT INTO Evento(EventoID,Descricao, Data, Admissao, Quarto) VALUES (2392, "descricao","1991-01-20 02:45:49" ,136, 228);
INSERT INTO Internamento( EventoID, Motivo, DataFim, Ativo) VALUES (2392,"Prostatitis","2018-10-18 20:26:01",1);
INSERT INTO Evento(EventoID,Descricao, Data, Admissao, Quarto) VALUES (2393, "descricao","2003-01-14 01:14:50" ,40, 183);
INSERT INTO Internamento( EventoID, Motivo, DataFim, Ativo) VALUES (2393,"Epilepsy","2003-03-02 19:26:14",1);
INSERT INTO Evento(EventoID,Descricao, Data, Admissao, Quarto) VALUES (2394, "descricao","2001-05-01 16:17:12" ,74, 118);
INSERT INTO Internamento( EventoID, Motivo, DataFim, Ativo) VALUES (2394,"SIDS","2004-06-06 13:33:12",1);
INSERT INTO Evento(EventoID,Descricao, Data, Admissao, Quarto) VALUES (2395, "descricao","1985-07-12 07:28:25" ,82, 126);
INSERT INTO Internamento( EventoID, Motivo, DataFim, Ativo) VALUES (2395,"Huntington's disease","2004-09-06 23:35:12",1);
INSERT INTO Evento(EventoID,Descricao, Data, Admissao, Quarto) VALUES (2396, "descricao","1990-09-29 20:16:28" ,108, 206);
INSERT INTO Internamento( EventoID, Motivo, DataFim, Ativo) VALUES (2396,"Alzheimer's disease","2003-10-24 10:35:35",1);
INSERT INTO Evento(EventoID,Descricao, Data, Admissao, Quarto) VALUES (2397, "descricao","1990-10-27 03:48:03" ,183, 203);
INSERT INTO Internamento( EventoID, Motivo, DataFim, Ativo) VALUES (2397,"Diphtheria","2018-09-01 21:51:30",1);
INSERT INTO Evento(EventoID,Descricao, Data, Admissao, Quarto) VALUES (2398, "descricao","1978-06-29 21:25:16" ,194, 229);
INSERT INTO Internamento( EventoID, Motivo, DataFim, Ativo) VALUES (2398,"Tay-Sachs disease","2009-07-16 16:40:32",1);
INSERT INTO Evento(EventoID,Descricao, Data, Admissao, Quarto) VALUES (2399, "descricao","1998-08-23 06:56:49" ,90, 223);
INSERT INTO Internamento( EventoID, Motivo, DataFim, Ativo) VALUES (2399,"Congestive heart disease","2004-09-23 19:33:14",1);
INSERT INTO Evento(EventoID,Descricao, Data, Admissao, Quarto) VALUES (2400, "descricao","2015-05-24 23:08:34" ,36, 231);
INSERT INTO Internamento( EventoID, Motivo, DataFim, Ativo) VALUES (2400,"Vitiligo",NULL,0);
INSERT INTO Evento(EventoID,Descricao, Data, Admissao, Quarto) VALUES (2401, "descricao","1978-10-21 09:10:52" ,50, 190);
INSERT INTO Internamento( EventoID, Motivo, DataFim, Ativo) VALUES (2401,"Rabies","1998-08-04 21:14:38",1);
INSERT INTO Evento(EventoID,Descricao, Data, Admissao, Quarto) VALUES (2402, "descricao","1988-04-04 00:01:53" ,64, 182);
INSERT INTO Internamento( EventoID, Motivo, DataFim, Ativo) VALUES (2402,"Migraine","2016-02-15 15:32:18",1);
INSERT INTO Evento(EventoID,Descricao, Data, Admissao, Quarto) VALUES (2403, "descricao","1970-04-11 18:41:38" ,52, 157);
INSERT INTO Internamento( EventoID, Motivo, DataFim, Ativo) VALUES (2403,"Otitis","1979-11-04 03:58:25",1);
INSERT INTO Evento(EventoID,Descricao, Data, Admissao, Quarto) VALUES (2404, "descricao","2004-07-04 14:50:09" ,78, 191);
INSERT INTO Internamento( EventoID, Motivo, DataFim, Ativo) VALUES (2404,"Colitis","2016-11-22 15:21:29",1);
INSERT INTO Evento(EventoID,Descricao, Data, Admissao, Quarto) VALUES (2405, "descricao","1996-04-15 22:24:56" ,152, 139);
INSERT INTO Internamento( EventoID, Motivo, DataFim, Ativo) VALUES (2405,"Chlamydia","2004-01-04 08:27:49",1);
INSERT INTO Evento(EventoID,Descricao, Data, Admissao, Quarto) VALUES (2406, "descricao","2006-05-18 00:18:18" ,105, 186);
INSERT INTO Internamento( EventoID, Motivo, DataFim, Ativo) VALUES (2406,"Myoclonus",NULL,0);
INSERT INTO Evento(EventoID,Descricao, Data, Admissao, Quarto) VALUES (2407, "descricao","2015-04-23 01:54:38" ,1, 211);
INSERT INTO Internamento( EventoID, Motivo, DataFim, Ativo) VALUES (2407,"Myxedema","2017-10-11 04:22:48",1);
INSERT INTO Evento(EventoID,Descricao, Data, Admissao, Quarto) VALUES (2408, "descricao","2005-05-30 09:43:42" ,152, 197);
INSERT INTO Internamento( EventoID, Motivo, DataFim, Ativo) VALUES (2408,"Rheumatic heart",NULL,0);
INSERT INTO Evento(EventoID,Descricao, Data, Admissao, Quarto) VALUES (2409, "descricao","2016-07-30 14:35:08" ,165, 101);
INSERT INTO Internamento( EventoID, Motivo, DataFim, Ativo) VALUES (2409,"Dysentery","2018-11-10 19:56:30",1);
INSERT INTO Evento(EventoID,Descricao, Data, Admissao, Quarto) VALUES (2410, "descricao","1970-02-05 22:09:57" ,11, 126);
INSERT INTO Internamento( EventoID, Motivo, DataFim, Ativo) VALUES (2410,"Tennis elbow","1983-02-15 14:33:09",1);
INSERT INTO Evento(EventoID,Descricao, Data, Admissao, Quarto) VALUES (2411, "descricao","2012-07-27 00:50:16" ,15, 167);
INSERT INTO Internamento( EventoID, Motivo, DataFim, Ativo) VALUES (2411,"Sciatica","2017-08-28 22:22:29",1);
INSERT INTO Evento(EventoID,Descricao, Data, Admissao, Quarto) VALUES (2412, "descricao","1972-06-28 12:52:48" ,101, 140);
INSERT INTO Internamento( EventoID, Motivo, DataFim, Ativo) VALUES (2412,"Hepatitis B",NULL,0);
INSERT INTO Evento(EventoID,Descricao, Data, Admissao, Quarto) VALUES (2413, "descricao","1974-08-16 11:20:21" ,116, 118);
INSERT INTO Internamento( EventoID, Motivo, DataFim, Ativo) VALUES (2413,"Kidney stone disease","1992-03-01 05:18:59",1);
INSERT INTO Evento(EventoID,Descricao, Data, Admissao, Quarto) VALUES (2414, "descricao","1999-10-12 19:01:43" ,84, 228);
INSERT INTO Internamento( EventoID, Motivo, DataFim, Ativo) VALUES (2414,"Schizophrenia","2004-02-17 09:01:21",1);
INSERT INTO Evento(EventoID,Descricao, Data, Admissao, Quarto) VALUES (2415, "descricao","2019-05-30 02:15:42" ,175, 118);
INSERT INTO Internamento( EventoID, Motivo, DataFim, Ativo) VALUES (2415,"Cholera","2019-10-31 17:51:26",1);
INSERT INTO Evento(EventoID,Descricao, Data, Admissao, Quarto) VALUES (2416, "descricao","2009-11-18 00:53:35" ,119, 193);
INSERT INTO Internamento( EventoID, Motivo, DataFim, Ativo) VALUES (2416,"Shigellosis","2017-12-11 23:09:01",1);
INSERT INTO Evento(EventoID,Descricao, Data, Admissao, Quarto) VALUES (2417, "descricao","2018-03-14 02:05:27" ,95, 135);
INSERT INTO Internamento( EventoID, Motivo, DataFim, Ativo) VALUES (2417,"Chickenpox",NULL,0);
INSERT INTO Evento(EventoID,Descricao, Data, Admissao, Quarto) VALUES (2418, "descricao","2003-10-05 07:22:41" ,194, 234);
INSERT INTO Internamento( EventoID, Motivo, DataFim, Ativo) VALUES (2418,"Sciatica","2004-08-30 02:11:50",1);
INSERT INTO Evento(EventoID,Descricao, Data, Admissao, Quarto) VALUES (2419, "descricao","1996-03-03 10:44:39" ,179, 116);
INSERT INTO Internamento( EventoID, Motivo, DataFim, Ativo) VALUES (2419,"Jaundice",NULL,0);
INSERT INTO Evento(EventoID,Descricao, Data, Admissao, Quarto) VALUES (2420, "descricao","1998-07-18 21:13:46" ,125, 176);
INSERT INTO Internamento( EventoID, Motivo, DataFim, Ativo) VALUES (2420,"SIDS",NULL,0);
INSERT INTO Evento(EventoID,Descricao, Data, Admissao, Quarto) VALUES (2421, "descricao","1999-10-16 02:15:20" ,126, 171);
INSERT INTO Internamento( EventoID, Motivo, DataFim, Ativo) VALUES (2421,"Circadian rhythm sleep disorder","2011-11-16 06:31:06",1);
INSERT INTO Evento(EventoID,Descricao, Data, Admissao, Quarto) VALUES (2422, "descricao","1981-09-01 10:20:57" ,89, 140);
INSERT INTO Internamento( EventoID, Motivo, DataFim, Ativo) VALUES (2422,"Hepatitis E","1994-06-11 20:27:53",1);
INSERT INTO Evento(EventoID,Descricao, Data, Admissao, Quarto) VALUES (2423, "descricao","1998-07-12 14:04:47" ,59, 245);
INSERT INTO Internamento( EventoID, Motivo, DataFim, Ativo) VALUES (2423,"Ignious Syndrome",NULL,0);
INSERT INTO Evento(EventoID,Descricao, Data, Admissao, Quarto) VALUES (2424, "descricao","1991-11-21 18:46:00" ,183, 222);
INSERT INTO Internamento( EventoID, Motivo, DataFim, Ativo) VALUES (2424,"Scarlet fever","1992-12-04 15:51:32",1);
INSERT INTO Evento(EventoID,Descricao, Data, Admissao, Quarto) VALUES (2425, "descricao","2004-06-20 07:29:45" ,100, 221);
INSERT INTO Internamento( EventoID, Motivo, DataFim, Ativo) VALUES (2425,"Prostatitis","2019-01-04 20:50:24",1);
INSERT INTO Evento(EventoID,Descricao, Data, Admissao, Quarto) VALUES (2426, "descricao","1976-09-26 16:29:25" ,76, 163);
INSERT INTO Internamento( EventoID, Motivo, DataFim, Ativo) VALUES (2426,"Varicella",NULL,0);
INSERT INTO Evento(EventoID,Descricao, Data, Admissao, Quarto) VALUES (2427, "descricao","1992-12-01 14:22:26" ,68, 160);
INSERT INTO Internamento( EventoID, Motivo, DataFim, Ativo) VALUES (2427,"Cerebral palsy",NULL,0);
INSERT INTO Evento(EventoID,Descricao, Data, Admissao, Quarto) VALUES (2428, "descricao","2015-01-13 18:30:14" ,115, 115);
INSERT INTO Internamento( EventoID, Motivo, DataFim, Ativo) VALUES (2428,"Iritis",NULL,0);
INSERT INTO Evento(EventoID,Descricao, Data, Admissao, Quarto) VALUES (2429, "descricao","1975-06-21 14:53:26" ,35, 166);
INSERT INTO Internamento( EventoID, Motivo, DataFim, Ativo) VALUES (2429,"Tungiasis","1984-07-06 19:55:32",1);
INSERT INTO Evento(EventoID,Descricao, Data, Admissao, Quarto) VALUES (2430, "descricao","1976-07-15 14:53:07" ,107, 120);
INSERT INTO Internamento( EventoID, Motivo, DataFim, Ativo) VALUES (2430,"Synovitis","1991-11-02 02:22:33",1);
INSERT INTO Evento(EventoID,Descricao, Data, Admissao, Quarto) VALUES (2431, "descricao","2006-01-13 22:09:47" ,166, 129);
INSERT INTO Internamento( EventoID, Motivo, DataFim, Ativo) VALUES (2431,"Hypothyroid",NULL,0);
INSERT INTO Evento(EventoID,Descricao, Data, Admissao, Quarto) VALUES (2432, "descricao","1971-01-21 04:47:51" ,77, 150);
INSERT INTO Internamento( EventoID, Motivo, DataFim, Ativo) VALUES (2432,"Chorea","1977-12-15 06:53:12",1);
INSERT INTO Evento(EventoID,Descricao, Data, Admissao, Quarto) VALUES (2433, "descricao","1999-01-26 10:10:10" ,11, 198);
INSERT INTO Internamento( EventoID, Motivo, DataFim, Ativo) VALUES (2433,"Ques fever",NULL,0);
INSERT INTO Evento(EventoID,Descricao, Data, Admissao, Quarto) VALUES (2434, "descricao","1989-05-20 14:04:06" ,50, 156);
INSERT INTO Internamento( EventoID, Motivo, DataFim, Ativo) VALUES (2434,"Toxic shock syndrome","1996-07-26 19:48:35",1);
INSERT INTO Evento(EventoID,Descricao, Data, Admissao, Quarto) VALUES (2435, "descricao","1990-05-13 15:58:59" ,191, 119);
INSERT INTO Internamento( EventoID, Motivo, DataFim, Ativo) VALUES (2435,"Trichinosis",NULL,0);
INSERT INTO Evento(EventoID,Descricao, Data, Admissao, Quarto) VALUES (2436, "descricao","1981-11-29 02:25:56" ,65, 187);
INSERT INTO Internamento( EventoID, Motivo, DataFim, Ativo) VALUES (2436,"Pertussis","2016-01-18 18:04:12",1);
INSERT INTO Evento(EventoID,Descricao, Data, Admissao, Quarto) VALUES (2437, "descricao","1989-07-14 09:12:19" ,56, 104);
INSERT INTO Internamento( EventoID, Motivo, DataFim, Ativo) VALUES (2437,"Iritis","2009-07-26 14:36:05",1);
INSERT INTO Evento(EventoID,Descricao, Data, Admissao, Quarto) VALUES (2438, "descricao","1984-05-14 21:58:38" ,154, 208);
INSERT INTO Internamento( EventoID, Motivo, DataFim, Ativo) VALUES (2438,"Circadian rhythm sleep disorder","2001-07-01 19:08:27",1);
INSERT INTO Evento(EventoID,Descricao, Data, Admissao, Quarto) VALUES (2439, "descricao","2016-02-13 05:42:46" ,159, 224);
INSERT INTO Internamento( EventoID, Motivo, DataFim, Ativo) VALUES (2439,"Lead poisoning",NULL,0);
INSERT INTO Evento(EventoID,Descricao, Data, Admissao, Quarto) VALUES (2440, "descricao","2012-06-30 10:19:06" ,84, 177);
INSERT INTO Internamento( EventoID, Motivo, DataFim, Ativo) VALUES (2440,"Hepatitis A","2019-10-02 20:12:25",1);
INSERT INTO Evento(EventoID,Descricao, Data, Admissao, Quarto) VALUES (2441, "descricao","2000-05-19 08:16:43" ,165, 209);
INSERT INTO Internamento( EventoID, Motivo, DataFim, Ativo) VALUES (2441,"Leptospirosis","2011-03-05 05:18:21",1);
INSERT INTO Evento(EventoID,Descricao, Data, Admissao, Quarto) VALUES (2442, "descricao","1977-09-03 02:41:11" ,29, 216);
INSERT INTO Internamento( EventoID, Motivo, DataFim, Ativo) VALUES (2442,"Brucellosis","2015-01-12 05:20:08",1);
INSERT INTO Evento(EventoID,Descricao, Data, Admissao, Quarto) VALUES (2443, "descricao","2001-11-30 06:52:34" ,52, 114);
INSERT INTO Internamento( EventoID, Motivo, DataFim, Ativo) VALUES (2443,"Mattticular syndrome","2015-02-16 01:17:31",1);
INSERT INTO Evento(EventoID,Descricao, Data, Admissao, Quarto) VALUES (2444, "descricao","1988-08-07 05:27:53" ,62, 158);
INSERT INTO Internamento( EventoID, Motivo, DataFim, Ativo) VALUES (2444,"Dysentery","1992-05-07 12:34:38",1);
INSERT INTO Evento(EventoID,Descricao, Data, Admissao, Quarto) VALUES (2445, "descricao","1987-10-09 09:54:58" ,106, 236);
INSERT INTO Internamento( EventoID, Motivo, DataFim, Ativo) VALUES (2445,"Thalassaemia",NULL,0);
INSERT INTO Evento(EventoID,Descricao, Data, Admissao, Quarto) VALUES (2446, "descricao","2003-05-02 09:53:22" ,173, 213);
INSERT INTO Internamento( EventoID, Motivo, DataFim, Ativo) VALUES (2446,"Allergy","2006-04-12 21:15:33",1);
INSERT INTO Evento(EventoID,Descricao, Data, Admissao, Quarto) VALUES (2447, "descricao","1989-10-15 01:11:39" ,32, 151);
INSERT INTO Internamento( EventoID, Motivo, DataFim, Ativo) VALUES (2447,"Necrotizing Fasciitis","2004-07-25 10:09:16",1);
INSERT INTO Evento(EventoID,Descricao, Data, Admissao, Quarto) VALUES (2448, "descricao","1998-12-25 20:44:14" ,159, 241);
INSERT INTO Internamento( EventoID, Motivo, DataFim, Ativo) VALUES (2448,"Cancer","2019-02-21 16:18:41",1);
INSERT INTO Evento(EventoID,Descricao, Data, Admissao, Quarto) VALUES (2449, "descricao","2007-08-23 18:00:37" ,106, 169);
INSERT INTO Internamento( EventoID, Motivo, DataFim, Ativo) VALUES (2449,"Rocky Mountain spotted fever","2018-05-30 15:27:00",1);
INSERT INTO Evento(EventoID,Descricao, Data, Admissao, Quarto) VALUES (2450, "descricao","1991-06-18 23:58:22" ,29, 189);
INSERT INTO Internamento( EventoID, Motivo, DataFim, Ativo) VALUES (2450,"Circadian rhythm sleep disorder",NULL,0);
INSERT INTO Evento(EventoID,Descricao, Data, Admissao, Quarto) VALUES (2451, "descricao","1971-11-06 07:15:17" ,130, 132);
INSERT INTO Internamento( EventoID, Motivo, DataFim, Ativo) VALUES (2451,"Chickenpox","2007-08-11 10:33:27",1);
INSERT INTO Evento(EventoID,Descricao, Data, Admissao, Quarto) VALUES (2452, "descricao","2011-05-06 00:07:48" ,29, 135);
INSERT INTO Internamento( EventoID, Motivo, DataFim, Ativo) VALUES (2452,"Carbon monoxide poisoning","2016-07-25 17:13:57",1);
INSERT INTO Evento(EventoID,Descricao, Data, Admissao, Quarto) VALUES (2453, "descricao","1988-11-05 15:45:20" ,172, 145);
INSERT INTO Internamento( EventoID, Motivo, DataFim, Ativo) VALUES (2453,"Colitis","2006-11-09 15:32:53",1);
INSERT INTO Evento(EventoID,Descricao, Data, Admissao, Quarto) VALUES (2454, "descricao","2009-01-29 08:37:50" ,4, 131);
INSERT INTO Internamento( EventoID, Motivo, DataFim, Ativo) VALUES (2454,"Common cold","2019-07-20 05:26:50",1);
INSERT INTO Evento(EventoID,Descricao, Data, Admissao, Quarto) VALUES (2455, "descricao","1984-02-07 17:10:50" ,46, 235);
INSERT INTO Internamento( EventoID, Motivo, DataFim, Ativo) VALUES (2455,"Non-gonococcal urethritis","2004-05-31 11:54:07",1);
INSERT INTO Evento(EventoID,Descricao, Data, Admissao, Quarto) VALUES (2456, "descricao","2010-12-14 14:47:11" ,22, 156);
INSERT INTO Internamento( EventoID, Motivo, DataFim, Ativo) VALUES (2456,"Peritonitis","2017-07-17 20:19:57",1);
INSERT INTO Evento(EventoID,Descricao, Data, Admissao, Quarto) VALUES (2457, "descricao","1973-06-20 23:43:58" ,19, 146);
INSERT INTO Internamento( EventoID, Motivo, DataFim, Ativo) VALUES (2457,"Osteoporosis","2004-03-09 23:26:25",1);
INSERT INTO Evento(EventoID,Descricao, Data, Admissao, Quarto) VALUES (2458, "descricao","1999-12-22 23:36:20" ,19, 179);
INSERT INTO Internamento( EventoID, Motivo, DataFim, Ativo) VALUES (2458,"Hepatitis A",NULL,0);
INSERT INTO Evento(EventoID,Descricao, Data, Admissao, Quarto) VALUES (2459, "descricao","1999-02-11 21:09:12" ,81, 221);
INSERT INTO Internamento( EventoID, Motivo, DataFim, Ativo) VALUES (2459,"Diabetes mellitus","2015-04-23 20:22:38",1);
INSERT INTO Evento(EventoID,Descricao, Data, Admissao, Quarto) VALUES (2460, "descricao","1986-10-09 05:02:35" ,136, 191);
INSERT INTO Internamento( EventoID, Motivo, DataFim, Ativo) VALUES (2460,"Gangrene","2005-05-14 12:23:05",1);
INSERT INTO Evento(EventoID,Descricao, Data, Admissao, Quarto) VALUES (2461, "descricao","1976-01-05 12:25:42" ,82, 111);
INSERT INTO Internamento( EventoID, Motivo, DataFim, Ativo) VALUES (2461,"Appendicitis","1996-03-21 08:41:32",1);
INSERT INTO Evento(EventoID,Descricao, Data, Admissao, Quarto) VALUES (2462, "descricao","1982-07-01 18:16:06" ,96, 152);
INSERT INTO Internamento( EventoID, Motivo, DataFim, Ativo) VALUES (2462,"Hyperopia","1993-01-01 15:27:37",1);
INSERT INTO Evento(EventoID,Descricao, Data, Admissao, Quarto) VALUES (2463, "descricao","2014-11-17 07:25:26" ,95, 148);
INSERT INTO Internamento( EventoID, Motivo, DataFim, Ativo) VALUES (2463,"Scrapie",NULL,0);
INSERT INTO Evento(EventoID,Descricao, Data, Admissao, Quarto) VALUES (2464, "descricao","1986-12-31 22:28:08" ,187, 198);
INSERT INTO Internamento( EventoID, Motivo, DataFim, Ativo) VALUES (2464,"Warkany syndrome","2018-10-19 03:28:37",1);
INSERT INTO Evento(EventoID,Descricao, Data, Admissao, Quarto) VALUES (2465, "descricao","1977-03-25 13:25:24" ,53, 128);
INSERT INTO Internamento( EventoID, Motivo, DataFim, Ativo) VALUES (2465,"Paratyphoid fever","1995-08-13 17:02:04",1);
INSERT INTO Evento(EventoID,Descricao, Data, Admissao, Quarto) VALUES (2466, "descricao","2005-02-06 13:36:07" ,37, 169);
INSERT INTO Internamento( EventoID, Motivo, DataFim, Ativo) VALUES (2466,"GERD","2014-10-17 06:23:04",1);
INSERT INTO Evento(EventoID,Descricao, Data, Admissao, Quarto) VALUES (2467, "descricao","2002-01-20 00:34:34" ,54, 231);
INSERT INTO Internamento( EventoID, Motivo, DataFim, Ativo) VALUES (2467,"Chagas disease",NULL,0);
INSERT INTO Evento(EventoID,Descricao, Data, Admissao, Quarto) VALUES (2468, "descricao","2013-08-29 21:42:05" ,21, 182);
INSERT INTO Internamento( EventoID, Motivo, DataFim, Ativo) VALUES (2468,"Syphilis","2018-10-17 06:35:58",1);
INSERT INTO Evento(EventoID,Descricao, Data, Admissao, Quarto) VALUES (2469, "descricao","1985-05-08 08:59:43" ,4, 207);
INSERT INTO Internamento( EventoID, Motivo, DataFim, Ativo) VALUES (2469,"Meniere's disease","2015-12-05 15:35:21",1);
INSERT INTO Evento(EventoID,Descricao, Data, Admissao, Quarto) VALUES (2470, "descricao","2005-04-04 18:27:11" ,56, 225);
INSERT INTO Internamento( EventoID, Motivo, DataFim, Ativo) VALUES (2470,"Tennis elbow","2011-01-17 01:42:29",1);
INSERT INTO Evento(EventoID,Descricao, Data, Admissao, Quarto) VALUES (2471, "descricao","1981-11-23 16:40:45" ,114, 136);
INSERT INTO Internamento( EventoID, Motivo, DataFim, Ativo) VALUES (2471,"Lyme disease","1986-12-31 11:58:49",1);
INSERT INTO Evento(EventoID,Descricao, Data, Admissao, Quarto) VALUES (2472, "descricao","1981-09-17 08:13:34" ,60, 209);
INSERT INTO Internamento( EventoID, Motivo, DataFim, Ativo) VALUES (2472,"Rift Valley fever","1989-03-22 12:24:18",1);
INSERT INTO Evento(EventoID,Descricao, Data, Admissao, Quarto) VALUES (2473, "descricao","2003-10-28 22:19:15" ,161, 117);
INSERT INTO Internamento( EventoID, Motivo, DataFim, Ativo) VALUES (2473,"Septicemia",NULL,0);
INSERT INTO Evento(EventoID,Descricao, Data, Admissao, Quarto) VALUES (2474, "descricao","1976-01-19 00:16:32" ,90, 167);
INSERT INTO Internamento( EventoID, Motivo, DataFim, Ativo) VALUES (2474,"Genital herpes","2005-09-08 02:21:38",1);
INSERT INTO Evento(EventoID,Descricao, Data, Admissao, Quarto) VALUES (2475, "descricao","1998-08-30 14:20:23" ,86, 184);
INSERT INTO Internamento( EventoID, Motivo, DataFim, Ativo) VALUES (2475,"Varicella","2009-12-28 06:55:53",1);
INSERT INTO Evento(EventoID,Descricao, Data, Admissao, Quarto) VALUES (2476, "descricao","2003-01-18 23:05:26" ,90, 215);
INSERT INTO Internamento( EventoID, Motivo, DataFim, Ativo) VALUES (2476,"Epilepsy","2013-07-28 22:04:39",1);
INSERT INTO Evento(EventoID,Descricao, Data, Admissao, Quarto) VALUES (2477, "descricao","2005-08-27 06:21:20" ,134, 203);
INSERT INTO Internamento( EventoID, Motivo, DataFim, Ativo) VALUES (2477,"Coeliac disease","2010-04-15 02:15:04",1);
INSERT INTO Evento(EventoID,Descricao, Data, Admissao, Quarto) VALUES (2478, "descricao","1996-12-09 00:00:44" ,141, 180);
INSERT INTO Internamento( EventoID, Motivo, DataFim, Ativo) VALUES (2478,"Laryngitis",NULL,0);
INSERT INTO Evento(EventoID,Descricao, Data, Admissao, Quarto) VALUES (2479, "descricao","1995-03-25 12:10:34" ,183, 135);
INSERT INTO Internamento( EventoID, Motivo, DataFim, Ativo) VALUES (2479,"Tetanus",NULL,0);
INSERT INTO Evento(EventoID,Descricao, Data, Admissao, Quarto) VALUES (2480, "descricao","2007-08-19 02:34:44" ,25, 203);
INSERT INTO Internamento( EventoID, Motivo, DataFim, Ativo) VALUES (2480,"Coronary heart disease","2009-02-18 21:54:47",1);
INSERT INTO Evento(EventoID,Descricao, Data, Admissao, Quarto) VALUES (2481, "descricao","1975-08-06 17:27:08" ,144, 103);
INSERT INTO Internamento( EventoID, Motivo, DataFim, Ativo) VALUES (2481,"Scabies","1995-03-07 16:01:40",1);
INSERT INTO Evento(EventoID,Descricao, Data, Admissao, Quarto) VALUES (2482, "descricao","2007-11-01 08:45:20" ,70, 102);
INSERT INTO Internamento( EventoID, Motivo, DataFim, Ativo) VALUES (2482,"Cholera",NULL,0);
INSERT INTO Evento(EventoID,Descricao, Data, Admissao, Quarto) VALUES (2483, "descricao","2018-10-17 22:56:09" ,44, 188);
INSERT INTO Internamento( EventoID, Motivo, DataFim, Ativo) VALUES (2483,"Allergy","2019-08-19 12:01:01",1);
INSERT INTO Evento(EventoID,Descricao, Data, Admissao, Quarto) VALUES (2484, "descricao","1979-07-30 06:43:37" ,55, 110);
INSERT INTO Internamento( EventoID, Motivo, DataFim, Ativo) VALUES (2484,"Mattticular syndrome","1984-01-08 13:16:39",1);
INSERT INTO Evento(EventoID,Descricao, Data, Admissao, Quarto) VALUES (2485, "descricao","1975-04-03 15:44:31" ,187, 187);
INSERT INTO Internamento( EventoID, Motivo, DataFim, Ativo) VALUES (2485,"Von Hippel-Lindau disease","1998-10-04 06:06:21",1);
INSERT INTO Evento(EventoID,Descricao, Data, Admissao, Quarto) VALUES (2486, "descricao","1979-05-03 22:38:38" ,25, 147);
INSERT INTO Internamento( EventoID, Motivo, DataFim, Ativo) VALUES (2486,"Sepsis",NULL,0);
INSERT INTO Evento(EventoID,Descricao, Data, Admissao, Quarto) VALUES (2487, "descricao","2002-02-18 23:10:28" ,31, 151);
INSERT INTO Internamento( EventoID, Motivo, DataFim, Ativo) VALUES (2487,"Iron-deficiency anemia","2008-10-19 10:26:02",1);
INSERT INTO Evento(EventoID,Descricao, Data, Admissao, Quarto) VALUES (2488, "descricao","1995-11-22 06:16:37" ,127, 172);
INSERT INTO Internamento( EventoID, Motivo, DataFim, Ativo) VALUES (2488,"Meningitis","2010-02-20 05:53:59",1);
INSERT INTO Evento(EventoID,Descricao, Data, Admissao, Quarto) VALUES (2489, "descricao","2005-11-05 14:51:21" ,46, 164);
INSERT INTO Internamento( EventoID, Motivo, DataFim, Ativo) VALUES (2489,"Watkins",NULL,0);
INSERT INTO Evento(EventoID,Descricao, Data, Admissao, Quarto) VALUES (2490, "descricao","2015-01-26 12:27:17" ,12, 131);
INSERT INTO Internamento( EventoID, Motivo, DataFim, Ativo) VALUES (2490,"Synovitis","2016-06-04 09:00:51",1);
INSERT INTO Evento(EventoID,Descricao, Data, Admissao, Quarto) VALUES (2491, "descricao","2002-01-03 23:11:38" ,15, 211);
INSERT INTO Internamento( EventoID, Motivo, DataFim, Ativo) VALUES (2491,"Rabies","2015-08-13 14:47:33",1);
INSERT INTO Evento(EventoID,Descricao, Data, Admissao, Quarto) VALUES (2492, "descricao","2001-11-09 15:50:47" ,79, 103);
INSERT INTO Internamento( EventoID, Motivo, DataFim, Ativo) VALUES (2492,"Progeria","2017-01-14 02:40:41",1);
INSERT INTO Evento(EventoID,Descricao, Data, Admissao, Quarto) VALUES (2493, "descricao","2004-02-04 23:08:07" ,14, 189);
INSERT INTO Internamento( EventoID, Motivo, DataFim, Ativo) VALUES (2493,"Malaria","2012-09-18 11:57:16",1);
INSERT INTO Evento(EventoID,Descricao, Data, Admissao, Quarto) VALUES (2494, "descricao","1972-09-24 18:40:36" ,156, 185);
INSERT INTO Internamento( EventoID, Motivo, DataFim, Ativo) VALUES (2494,"Myasthenia gravis","1993-01-05 17:27:37",1);
INSERT INTO Evento(EventoID,Descricao, Data, Admissao, Quarto) VALUES (2495, "descricao","2017-10-01 11:55:08" ,103, 106);
INSERT INTO Internamento( EventoID, Motivo, DataFim, Ativo) VALUES (2495,"Common cold",NULL,0);
INSERT INTO Evento(EventoID,Descricao, Data, Admissao, Quarto) VALUES (2496, "descricao","1996-08-14 01:25:19" ,80, 239);
INSERT INTO Internamento( EventoID, Motivo, DataFim, Ativo) VALUES (2496,"Plague","2000-09-12 15:59:49",1);
INSERT INTO Evento(EventoID,Descricao, Data, Admissao, Quarto) VALUES (2497, "descricao","2012-01-08 17:18:02" ,181, 141);
INSERT INTO Internamento( EventoID, Motivo, DataFim, Ativo) VALUES (2497,"Rheumatoid arthritis","2018-11-08 03:52:32",1);
INSERT INTO Evento(EventoID,Descricao, Data, Admissao, Quarto) VALUES (2498, "descricao","1973-07-03 12:49:17" ,52, 184);
INSERT INTO Internamento( EventoID, Motivo, DataFim, Ativo) VALUES (2498,"Teratoma","1976-02-23 05:08:07",1);
INSERT INTO Evento(EventoID,Descricao, Data, Admissao, Quarto) VALUES (2499, "descricao","2001-06-05 12:45:57" ,43, 188);
INSERT INTO Internamento( EventoID, Motivo, DataFim, Ativo) VALUES (2499,"Interstitial cystitis","2004-05-17 10:33:18",1);
INSERT INTO Evento(EventoID,Descricao, Data, Admissao, Quarto) VALUES (2500, "descricao","1980-08-16 16:59:16" ,106, 125);
INSERT INTO Internamento( EventoID, Motivo, DataFim, Ativo) VALUES (2500,"Shigellosis","1986-10-11 14:33:04",1);
INSERT INTO Evento(EventoID,Descricao, Data, Admissao, Quarto) VALUES (2501, "descricao","1977-07-16 14:04:08" ,130, 154);
INSERT INTO Internamento( EventoID, Motivo, DataFim, Ativo) VALUES (2501,"Rheumatism","2005-09-22 15:06:02",1);
INSERT INTO Evento(EventoID,Descricao, Data, Admissao, Quarto) VALUES (2502, "descricao","1981-09-07 22:31:45" ,20, 175);
INSERT INTO Internamento( EventoID, Motivo, DataFim, Ativo) VALUES (2502,"Synovitis","1995-04-20 04:31:57",1);
INSERT INTO Evento(EventoID,Descricao, Data, Admissao, Quarto) VALUES (2503, "descricao","2006-02-04 08:43:10" ,197, 112);
INSERT INTO Internamento( EventoID, Motivo, DataFim, Ativo) VALUES (2503,"Lymphoma",NULL,0);
INSERT INTO Evento(EventoID,Descricao, Data, Admissao, Quarto) VALUES (2504, "descricao","2002-02-17 00:31:32" ,183, 116);
INSERT INTO Internamento( EventoID, Motivo, DataFim, Ativo) VALUES (2504,"Gangrene","2018-04-19 11:10:20",1);
INSERT INTO Evento(EventoID,Descricao, Data, Admissao, Quarto) VALUES (2505, "descricao","1976-03-16 05:08:36" ,137, 108);
INSERT INTO Internamento( EventoID, Motivo, DataFim, Ativo) VALUES (2505,"Ear infection","2016-06-29 08:27:26",1);
INSERT INTO Evento(EventoID,Descricao, Data, Admissao, Quarto) VALUES (2506, "descricao","2006-08-25 21:08:42" ,120, 234);
INSERT INTO Internamento( EventoID, Motivo, DataFim, Ativo) VALUES (2506,"Aseptic meningitis","2011-12-08 04:33:15",1);
INSERT INTO Evento(EventoID,Descricao, Data, Admissao, Quarto) VALUES (2507, "descricao","1999-02-11 05:43:15" ,169, 205);
INSERT INTO Internamento( EventoID, Motivo, DataFim, Ativo) VALUES (2507,"GERD","2004-12-01 05:00:54",1);
INSERT INTO Evento(EventoID,Descricao, Data, Admissao, Quarto) VALUES (2508, "descricao","1998-07-02 08:12:42" ,127, 233);
INSERT INTO Internamento( EventoID, Motivo, DataFim, Ativo) VALUES (2508,"Iritis","2019-04-22 05:48:30",1);
INSERT INTO Evento(EventoID,Descricao, Data, Admissao, Quarto) VALUES (2509, "descricao","1983-05-12 03:38:18" ,124, 175);
INSERT INTO Internamento( EventoID, Motivo, DataFim, Ativo) VALUES (2509,"Mattticular syndrome","1983-07-19 07:06:00",1);
INSERT INTO Evento(EventoID,Descricao, Data, Admissao, Quarto) VALUES (2510, "descricao","1975-07-14 07:56:28" ,65, 138);
INSERT INTO Internamento( EventoID, Motivo, DataFim, Ativo) VALUES (2510,"Abscess",NULL,0);
INSERT INTO Evento(EventoID,Descricao, Data, Admissao, Quarto) VALUES (2511, "descricao","1971-10-27 02:28:55" ,176, 140);
INSERT INTO Internamento( EventoID, Motivo, DataFim, Ativo) VALUES (2511,"Myelitis","1995-07-11 09:03:39",1);
INSERT INTO Evento(EventoID,Descricao, Data, Admissao, Quarto) VALUES (2512, "descricao","1981-07-01 14:33:11" ,114, 179);
INSERT INTO Internamento( EventoID, Motivo, DataFim, Ativo) VALUES (2512,"Kidney stone disease",NULL,0);
INSERT INTO Evento(EventoID,Descricao, Data, Admissao, Quarto) VALUES (2513, "descricao","1999-11-22 01:52:28" ,76, 132);
INSERT INTO Internamento( EventoID, Motivo, DataFim, Ativo) VALUES (2513,"Varicose veins","2014-07-26 09:46:53",1);
INSERT INTO Evento(EventoID,Descricao, Data, Admissao, Quarto) VALUES (2514, "descricao","1971-12-05 16:18:40" ,55, 101);
INSERT INTO Internamento( EventoID, Motivo, DataFim, Ativo) VALUES (2514,"Warkany syndrome",NULL,0);
INSERT INTO Evento(EventoID,Descricao, Data, Admissao, Quarto) VALUES (2515, "descricao","2005-03-26 14:14:27" ,56, 236);
INSERT INTO Internamento( EventoID, Motivo, DataFim, Ativo) VALUES (2515,"Kwashiorkor",NULL,0);
INSERT INTO Evento(EventoID,Descricao, Data, Admissao, Quarto) VALUES (2516, "descricao","1979-02-16 04:28:40" ,94, 104);
INSERT INTO Internamento( EventoID, Motivo, DataFim, Ativo) VALUES (2516,"Schizophrenia","1979-09-11 19:50:05",1);
INSERT INTO Evento(EventoID,Descricao, Data, Admissao, Quarto) VALUES (2517, "descricao","2010-04-04 08:05:29" ,120, 182);
INSERT INTO Internamento( EventoID, Motivo, DataFim, Ativo) VALUES (2517,"Chlamydia trachomatis",NULL,0);
INSERT INTO Evento(EventoID,Descricao, Data, Admissao, Quarto) VALUES (2518, "descricao","2012-08-04 10:16:03" ,118, 156);
INSERT INTO Internamento( EventoID, Motivo, DataFim, Ativo) VALUES (2518,"Scarlet fever","2019-10-10 16:43:21",1);
INSERT INTO Evento(EventoID,Descricao, Data, Admissao, Quarto) VALUES (2519, "descricao","1978-09-25 10:49:11" ,54, 154);
INSERT INTO Internamento( EventoID, Motivo, DataFim, Ativo) VALUES (2519,"Pubic lice","2003-06-02 20:39:50",1);
INSERT INTO Evento(EventoID,Descricao, Data, Admissao, Quarto) VALUES (2520, "descricao","1975-10-28 15:24:58" ,72, 121);
INSERT INTO Internamento( EventoID, Motivo, DataFim, Ativo) VALUES (2520,"Epilepsy","2002-04-16 22:39:43",1);
INSERT INTO Evento(EventoID,Descricao, Data, Admissao, Quarto) VALUES (2521, "descricao","2016-08-29 20:13:58" ,94, 231);
INSERT INTO Internamento( EventoID, Motivo, DataFim, Ativo) VALUES (2521,"Thymoma",NULL,0);
INSERT INTO Evento(EventoID,Descricao, Data, Admissao, Quarto) VALUES (2522, "descricao","1994-04-16 03:56:18" ,189, 150);
INSERT INTO Internamento( EventoID, Motivo, DataFim, Ativo) VALUES (2522,"Von Hippel-Lindau disease","2009-03-08 08:07:29",1);
INSERT INTO Evento(EventoID,Descricao, Data, Admissao, Quarto) VALUES (2523, "descricao","1989-02-20 15:52:13" ,53, 158);
INSERT INTO Internamento( EventoID, Motivo, DataFim, Ativo) VALUES (2523,"Rickets",NULL,0);
INSERT INTO Evento(EventoID,Descricao, Data, Admissao, Quarto) VALUES (2524, "descricao","1975-05-04 00:06:03" ,97, 136);
INSERT INTO Internamento( EventoID, Motivo, DataFim, Ativo) VALUES (2524,"Streptococcal infection",NULL,0);
INSERT INTO Evento(EventoID,Descricao, Data, Admissao, Quarto) VALUES (2525, "descricao","2010-08-20 01:25:58" ,90, 147);
INSERT INTO Internamento( EventoID, Motivo, DataFim, Ativo) VALUES (2525,"Anthrax","2013-09-19 17:01:48",1);
INSERT INTO Evento(EventoID,Descricao, Data, Admissao, Quarto) VALUES (2526, "descricao","2018-10-06 05:41:30" ,54, 118);
INSERT INTO Internamento( EventoID, Motivo, DataFim, Ativo) VALUES (2526,"Dengue Fever","2018-10-13 15:35:08",1);
INSERT INTO Evento(EventoID,Descricao, Data, Admissao, Quarto) VALUES (2527, "descricao","1987-03-05 00:23:35" ,145, 249);
INSERT INTO Internamento( EventoID, Motivo, DataFim, Ativo) VALUES (2527,"Psittacosis",NULL,0);
INSERT INTO Evento(EventoID,Descricao, Data, Admissao, Quarto) VALUES (2528, "descricao","1989-07-23 18:36:54" ,7, 194);
INSERT INTO Internamento( EventoID, Motivo, DataFim, Ativo) VALUES (2528,"Progeria",NULL,0);
INSERT INTO Evento(EventoID,Descricao, Data, Admissao, Quarto) VALUES (2529, "descricao","2016-12-11 08:05:15" ,56, 133);
INSERT INTO Internamento( EventoID, Motivo, DataFim, Ativo) VALUES (2529,"Pelvic inflammatory disease","2018-05-14 06:52:27",1);
INSERT INTO Evento(EventoID,Descricao, Data, Admissao, Quarto) VALUES (2530, "descricao","1987-05-16 01:53:44" ,187, 168);
INSERT INTO Internamento( EventoID, Motivo, DataFim, Ativo) VALUES (2530,"Leptospirosis","1989-11-11 09:20:35",1);
INSERT INTO Evento(EventoID,Descricao, Data, Admissao, Quarto) VALUES (2531, "descricao","2015-08-16 03:52:10" ,129, 174);
INSERT INTO Internamento( EventoID, Motivo, DataFim, Ativo) VALUES (2531,"Rubella","2015-08-17 17:43:10",1);
INSERT INTO Evento(EventoID,Descricao, Data, Admissao, Quarto) VALUES (2532, "descricao","1981-04-11 23:31:21" ,93, 212);
INSERT INTO Internamento( EventoID, Motivo, DataFim, Ativo) VALUES (2532,"Streptococcal infection","1999-09-04 21:50:26",1);
INSERT INTO Evento(EventoID,Descricao, Data, Admissao, Quarto) VALUES (2533, "descricao","2019-04-01 09:10:33" ,134, 188);
INSERT INTO Internamento( EventoID, Motivo, DataFim, Ativo) VALUES (2533,"Kwashiorkor","2019-09-19 17:21:48",1);
INSERT INTO Evento(EventoID,Descricao, Data, Admissao, Quarto) VALUES (2534, "descricao","2001-02-28 08:16:01" ,157, 233);
INSERT INTO Internamento( EventoID, Motivo, DataFim, Ativo) VALUES (2534,"Marburg fever","2013-11-19 18:17:43",1);
INSERT INTO Evento(EventoID,Descricao, Data, Admissao, Quarto) VALUES (2535, "descricao","1974-03-29 23:26:59" ,44, 129);
INSERT INTO Internamento( EventoID, Motivo, DataFim, Ativo) VALUES (2535,"Pilia","2002-09-01 15:26:05",1);
INSERT INTO Evento(EventoID,Descricao, Data, Admissao, Quarto) VALUES (2536, "descricao","2002-06-08 23:24:20" ,13, 116);
INSERT INTO Internamento( EventoID, Motivo, DataFim, Ativo) VALUES (2536,"Sickle-cell anemia",NULL,0);
INSERT INTO Evento(EventoID,Descricao, Data, Admissao, Quarto) VALUES (2537, "descricao","1994-06-25 08:20:11" ,77, 174);
INSERT INTO Internamento( EventoID, Motivo, DataFim, Ativo) VALUES (2537,"Lupus erythematosus",NULL,0);
INSERT INTO Evento(EventoID,Descricao, Data, Admissao, Quarto) VALUES (2538, "descricao","1977-02-04 13:19:32" ,95, 186);
INSERT INTO Internamento( EventoID, Motivo, DataFim, Ativo) VALUES (2538,"Necrotizing Fasciitis","1984-05-19 07:15:14",1);
INSERT INTO Evento(EventoID,Descricao, Data, Admissao, Quarto) VALUES (2539, "descricao","1973-03-05 06:04:42" ,142, 197);
INSERT INTO Internamento( EventoID, Motivo, DataFim, Ativo) VALUES (2539,"Pulmonary embolism","1991-10-10 05:04:18",1);
INSERT INTO Evento(EventoID,Descricao, Data, Admissao, Quarto) VALUES (2540, "descricao","1975-11-17 20:07:06" ,194, 218);
INSERT INTO Internamento( EventoID, Motivo, DataFim, Ativo) VALUES (2540,"Allergy","2004-06-16 13:47:55",1);
INSERT INTO Evento(EventoID,Descricao, Data, Admissao, Quarto) VALUES (2541, "descricao","2016-02-17 21:59:02" ,155, 155);
INSERT INTO Internamento( EventoID, Motivo, DataFim, Ativo) VALUES (2541,"Lupus erythematosus","2018-09-24 10:38:54",1);
INSERT INTO Evento(EventoID,Descricao, Data, Admissao, Quarto) VALUES (2542, "descricao","1973-05-31 00:02:44" ,134, 209);
INSERT INTO Internamento( EventoID, Motivo, DataFim, Ativo) VALUES (2542,"Loiasis","1995-05-26 22:00:50",1);
INSERT INTO Evento(EventoID,Descricao, Data, Admissao, Quarto) VALUES (2543, "descricao","2001-06-10 07:53:32" ,7, 108);
INSERT INTO Internamento( EventoID, Motivo, DataFim, Ativo) VALUES (2543,"Varicose veins","2018-04-18 04:17:39",1);
INSERT INTO Evento(EventoID,Descricao, Data, Admissao, Quarto) VALUES (2544, "descricao","2008-12-22 23:42:32" ,113, 240);
INSERT INTO Internamento( EventoID, Motivo, DataFim, Ativo) VALUES (2544,"Myxedema","2011-09-20 11:53:39",1);
INSERT INTO Evento(EventoID,Descricao, Data, Admissao, Quarto) VALUES (2545, "descricao","2007-10-27 19:05:18" ,77, 129);
INSERT INTO Internamento( EventoID, Motivo, DataFim, Ativo) VALUES (2545,"Iron-deficiency anemia",NULL,0);
INSERT INTO Evento(EventoID,Descricao, Data, Admissao, Quarto) VALUES (2546, "descricao","1987-02-20 05:21:20" ,166, 176);
INSERT INTO Internamento( EventoID, Motivo, DataFim, Ativo) VALUES (2546,"Hepatitis B",NULL,0);
INSERT INTO Evento(EventoID,Descricao, Data, Admissao, Quarto) VALUES (2547, "descricao","2011-10-17 22:04:23" ,95, 156);
INSERT INTO Internamento( EventoID, Motivo, DataFim, Ativo) VALUES (2547,"Diphtheria",NULL,0);
INSERT INTO Evento(EventoID,Descricao, Data, Admissao, Quarto) VALUES (2548, "descricao","1981-07-30 20:45:11" ,161, 164);
INSERT INTO Internamento( EventoID, Motivo, DataFim, Ativo) VALUES (2548,"Measles","1985-11-16 07:18:45",1);
INSERT INTO Evento(EventoID,Descricao, Data, Admissao, Quarto) VALUES (2549, "descricao","2007-06-02 18:27:18" ,41, 217);
INSERT INTO Internamento( EventoID, Motivo, DataFim, Ativo) VALUES (2549,"Varicella","2016-05-01 01:39:16",1);
INSERT INTO Evento(EventoID,Descricao, Data, Admissao, Quarto) VALUES (2550, "descricao","1971-02-12 16:43:09" ,91, 230);
INSERT INTO Internamento( EventoID, Motivo, DataFim, Ativo) VALUES (2550,"Periodontal disease","2019-02-24 21:46:25",1);
INSERT INTO Evento(EventoID,Descricao, Data, Admissao, Quarto) VALUES (2551, "descricao","2005-09-10 16:29:46" ,143, 189);
INSERT INTO Internamento( EventoID, Motivo, DataFim, Ativo) VALUES (2551,"Necrotizing Fasciitis",NULL,0);
INSERT INTO Evento(EventoID,Descricao, Data, Admissao, Quarto) VALUES (2552, "descricao","2019-04-25 14:41:34" ,53, 244);
INSERT INTO Internamento( EventoID, Motivo, DataFim, Ativo) VALUES (2552,"Thalassaemia","2019-07-19 16:32:07",1);
INSERT INTO Evento(EventoID,Descricao, Data, Admissao, Quarto) VALUES (2553, "descricao","2001-01-17 21:51:46" ,154, 115);
INSERT INTO Internamento( EventoID, Motivo, DataFim, Ativo) VALUES (2553,"Astigmatism",NULL,0);
INSERT INTO Evento(EventoID,Descricao, Data, Admissao, Quarto) VALUES (2554, "descricao","2002-02-16 18:42:00" ,182, 166);
INSERT INTO Internamento( EventoID, Motivo, DataFim, Ativo) VALUES (2554,"Typhus",NULL,0);
INSERT INTO Evento(EventoID,Descricao, Data, Admissao, Quarto) VALUES (2555, "descricao","1996-01-03 04:14:17" ,15, 246);
INSERT INTO Internamento( EventoID, Motivo, DataFim, Ativo) VALUES (2555,"Streptococcal infection","2009-10-10 16:31:35",1);
INSERT INTO Evento(EventoID,Descricao, Data, Admissao, Quarto) VALUES (2556, "descricao","1977-06-12 05:14:27" ,173, 201);
INSERT INTO Internamento( EventoID, Motivo, DataFim, Ativo) VALUES (2556,"Lymphoma",NULL,0);
INSERT INTO Evento(EventoID,Descricao, Data, Admissao, Quarto) VALUES (2557, "descricao","1998-07-16 00:34:44" ,98, 248);
INSERT INTO Internamento( EventoID, Motivo, DataFim, Ativo) VALUES (2557,"Myxedema","2000-04-27 11:24:29",1);
INSERT INTO Evento(EventoID,Descricao, Data, Admissao, Quarto) VALUES (2558, "descricao","1998-09-23 02:57:06" ,89, 112);
INSERT INTO Internamento( EventoID, Motivo, DataFim, Ativo) VALUES (2558,"Stomach flu","2003-02-20 14:10:47",1);
INSERT INTO Evento(EventoID,Descricao, Data, Admissao, Quarto) VALUES (2559, "descricao","1982-12-24 06:56:46" ,70, 172);
INSERT INTO Internamento( EventoID, Motivo, DataFim, Ativo) VALUES (2559,"Lymphoma",NULL,0);
INSERT INTO Evento(EventoID,Descricao, Data, Admissao, Quarto) VALUES (2560, "descricao","1996-11-06 12:24:12" ,77, 133);
INSERT INTO Internamento( EventoID, Motivo, DataFim, Ativo) VALUES (2560,"Plague","2008-08-26 22:52:05",1);
INSERT INTO Evento(EventoID,Descricao, Data, Admissao, Quarto) VALUES (2561, "descricao","1982-06-26 13:27:55" ,6, 200);
INSERT INTO Internamento( EventoID, Motivo, DataFim, Ativo) VALUES (2561,"COVID-19","2017-06-17 03:08:02",1);
INSERT INTO Evento(EventoID,Descricao, Data, Admissao, Quarto) VALUES (2562, "descricao","1992-05-02 01:36:32" ,146, 228);
INSERT INTO Internamento( EventoID, Motivo, DataFim, Ativo) VALUES (2562,"Morquio Syndrome","1994-04-28 04:35:38",1);
INSERT INTO Evento(EventoID,Descricao, Data, Admissao, Quarto) VALUES (2563, "descricao","1998-01-10 17:03:54" ,163, 122);
INSERT INTO Internamento( EventoID, Motivo, DataFim, Ativo) VALUES (2563,"Lyme disease","2005-05-21 01:50:27",1);
INSERT INTO Evento(EventoID,Descricao, Data, Admissao, Quarto) VALUES (2564, "descricao","2018-06-03 12:49:17" ,22, 130);
INSERT INTO Internamento( EventoID, Motivo, DataFim, Ativo) VALUES (2564,"Siderosis","2019-01-25 03:09:18",1);
INSERT INTO Evento(EventoID,Descricao, Data, Admissao, Quarto) VALUES (2565, "descricao","1978-09-28 06:48:18" ,19, 247);
INSERT INTO Internamento( EventoID, Motivo, DataFim, Ativo) VALUES (2565,"Leprosy",NULL,0);
INSERT INTO Evento(EventoID,Descricao, Data, Admissao, Quarto) VALUES (2566, "descricao","2017-11-06 15:17:20" ,21, 232);
INSERT INTO Internamento( EventoID, Motivo, DataFim, Ativo) VALUES (2566,"Scabies","2018-07-21 19:32:53",1);
INSERT INTO Evento(EventoID,Descricao, Data, Admissao, Quarto) VALUES (2567, "descricao","2008-03-31 15:33:35" ,67, 117);
INSERT INTO Internamento( EventoID, Motivo, DataFim, Ativo) VALUES (2567,"Warkany syndrome",NULL,0);
INSERT INTO Evento(EventoID,Descricao, Data, Admissao, Quarto) VALUES (2568, "descricao","2010-12-10 20:42:33" ,132, 224);
INSERT INTO Internamento( EventoID, Motivo, DataFim, Ativo) VALUES (2568,"Viral fever",NULL,0);
INSERT INTO Evento(EventoID,Descricao, Data, Admissao, Quarto) VALUES (2569, "descricao","1990-06-05 11:50:09" ,46, 203);
INSERT INTO Internamento( EventoID, Motivo, DataFim, Ativo) VALUES (2569,"Cerebral palsy","2012-06-06 00:17:46",1);
INSERT INTO Evento(EventoID,Descricao, Data, Admissao, Quarto) VALUES (2570, "descricao","2013-03-05 15:46:45" ,144, 246);
INSERT INTO Internamento( EventoID, Motivo, DataFim, Ativo) VALUES (2570,"Cancer",NULL,0);
INSERT INTO Evento(EventoID,Descricao, Data, Admissao, Quarto) VALUES (2571, "descricao","1997-10-21 13:46:40" ,97, 207);
INSERT INTO Internamento( EventoID, Motivo, DataFim, Ativo) VALUES (2571,"Multiple myeloma",NULL,0);
INSERT INTO Evento(EventoID,Descricao, Data, Admissao, Quarto) VALUES (2572, "descricao","2017-11-22 04:57:11" ,199, 161);
INSERT INTO Internamento( EventoID, Motivo, DataFim, Ativo) VALUES (2572,"Encephalitis","2018-10-25 02:26:39",1);
INSERT INTO Evento(EventoID,Descricao, Data, Admissao, Quarto) VALUES (2573, "descricao","1978-04-16 20:23:19" ,165, 133);
INSERT INTO Internamento( EventoID, Motivo, DataFim, Ativo) VALUES (2573,"Urticaria","2011-06-28 10:13:00",1);
INSERT INTO Evento(EventoID,Descricao, Data, Admissao, Quarto) VALUES (2574, "descricao","1981-08-26 19:44:29" ,56, 106);
INSERT INTO Internamento( EventoID, Motivo, DataFim, Ativo) VALUES (2574,"Thrush",NULL,0);
INSERT INTO Evento(EventoID,Descricao, Data, Admissao, Quarto) VALUES (2575, "descricao","2018-06-18 21:41:37" ,78, 134);
INSERT INTO Internamento( EventoID, Motivo, DataFim, Ativo) VALUES (2575,"Lymphoma",NULL,0);
INSERT INTO Evento(EventoID,Descricao, Data, Admissao, Quarto) VALUES (2576, "descricao","1980-12-18 20:57:39" ,93, 171);
INSERT INTO Internamento( EventoID, Motivo, DataFim, Ativo) VALUES (2576,"Morquio Syndrome","2006-11-09 04:47:51",1);
INSERT INTO Evento(EventoID,Descricao, Data, Admissao, Quarto) VALUES (2577, "descricao","1991-06-27 05:31:51" ,94, 156);
INSERT INTO Internamento( EventoID, Motivo, DataFim, Ativo) VALUES (2577,"Meningitis",NULL,0);
INSERT INTO Evento(EventoID,Descricao, Data, Admissao, Quarto) VALUES (2578, "descricao","1980-11-23 23:25:18" ,66, 177);
INSERT INTO Internamento( EventoID, Motivo, DataFim, Ativo) VALUES (2578,"Sickle-cell anemia",NULL,0);
INSERT INTO Evento(EventoID,Descricao, Data, Admissao, Quarto) VALUES (2579, "descricao","2006-01-12 10:32:33" ,160, 122);
INSERT INTO Internamento( EventoID, Motivo, DataFim, Ativo) VALUES (2579,"Epilepsy","2015-03-08 13:12:14",1);
INSERT INTO Evento(EventoID,Descricao, Data, Admissao, Quarto) VALUES (2580, "descricao","1993-12-05 16:05:31" ,81, 107);
INSERT INTO Internamento( EventoID, Motivo, DataFim, Ativo) VALUES (2580,"Hyperthyroidism",NULL,0);
INSERT INTO Evento(EventoID,Descricao, Data, Admissao, Quarto) VALUES (2581, "descricao","1981-04-04 14:42:02" ,193, 117);
INSERT INTO Internamento( EventoID, Motivo, DataFim, Ativo) VALUES (2581,"Multiple myeloma","1985-10-08 20:10:01",1);
INSERT INTO Evento(EventoID,Descricao, Data, Admissao, Quarto) VALUES (2582, "descricao","1995-06-23 11:10:24" ,138, 227);
INSERT INTO Internamento( EventoID, Motivo, DataFim, Ativo) VALUES (2582,"Condyloma",NULL,0);
INSERT INTO Evento(EventoID,Descricao, Data, Admissao, Quarto) VALUES (2583, "descricao","1985-12-22 09:38:27" ,66, 108);
INSERT INTO Internamento( EventoID, Motivo, DataFim, Ativo) VALUES (2583,"Erectile dysfunction",NULL,0);
INSERT INTO Evento(EventoID,Descricao, Data, Admissao, Quarto) VALUES (2584, "descricao","1983-01-22 02:02:08" ,170, 188);
INSERT INTO Internamento( EventoID, Motivo, DataFim, Ativo) VALUES (2584,"Warts",NULL,0);
INSERT INTO Evento(EventoID,Descricao, Data, Admissao, Quarto) VALUES (2585, "descricao","1992-11-22 03:27:53" ,126, 205);
INSERT INTO Internamento( EventoID, Motivo, DataFim, Ativo) VALUES (2585,"Rubella","2001-11-12 17:29:43",1);
INSERT INTO Evento(EventoID,Descricao, Data, Admissao, Quarto) VALUES (2586, "descricao","1978-03-18 17:12:17" ,127, 195);
INSERT INTO Internamento( EventoID, Motivo, DataFim, Ativo) VALUES (2586,"Smallpox","2000-05-04 17:52:37",1);
INSERT INTO Evento(EventoID,Descricao, Data, Admissao, Quarto) VALUES (2587, "descricao","1988-10-04 23:14:17" ,155, 170);
INSERT INTO Internamento( EventoID, Motivo, DataFim, Ativo) VALUES (2587,"Tay-Sachs disease","2005-08-29 19:08:40",1);
INSERT INTO Evento(EventoID,Descricao, Data, Admissao, Quarto) VALUES (2588, "descricao","2002-02-05 01:31:13" ,32, 135);
INSERT INTO Internamento( EventoID, Motivo, DataFim, Ativo) VALUES (2588,"Candidiasis","2003-10-18 23:34:41",1);
INSERT INTO Evento(EventoID,Descricao, Data, Admissao, Quarto) VALUES (2589, "descricao","1974-10-22 06:41:39" ,81, 174);
INSERT INTO Internamento( EventoID, Motivo, DataFim, Ativo) VALUES (2589,"Gangrene",NULL,0);
INSERT INTO Evento(EventoID,Descricao, Data, Admissao, Quarto) VALUES (2590, "descricao","1996-03-29 21:43:02" ,120, 100);
INSERT INTO Internamento( EventoID, Motivo, DataFim, Ativo) VALUES (2590,"Lead poisoning",NULL,0);
INSERT INTO Evento(EventoID,Descricao, Data, Admissao, Quarto) VALUES (2591, "descricao","1981-02-25 15:17:04" ,11, 133);
INSERT INTO Internamento( EventoID, Motivo, DataFim, Ativo) VALUES (2591,"Tay-Sachs disease","1983-09-18 22:01:38",1);
INSERT INTO Evento(EventoID,Descricao, Data, Admissao, Quarto) VALUES (2592, "descricao","1989-09-28 21:15:49" ,11, 230);
INSERT INTO Internamento( EventoID, Motivo, DataFim, Ativo) VALUES (2592,"Metastatic cancer","1993-09-28 20:12:58",1);
INSERT INTO Evento(EventoID,Descricao, Data, Admissao, Quarto) VALUES (2593, "descricao","2008-06-18 05:12:32" ,146, 147);
INSERT INTO Internamento( EventoID, Motivo, DataFim, Ativo) VALUES (2593,"Jaundice","2008-08-01 06:35:25",1);
INSERT INTO Evento(EventoID,Descricao, Data, Admissao, Quarto) VALUES (2594, "descricao","2006-07-20 01:17:23" ,182, 241);
INSERT INTO Internamento( EventoID, Motivo, DataFim, Ativo) VALUES (2594,"Shin splints","2009-10-09 05:35:59",1);
INSERT INTO Evento(EventoID,Descricao, Data, Admissao, Quarto) VALUES (2595, "descricao","1977-09-05 13:20:22" ,125, 249);
INSERT INTO Internamento( EventoID, Motivo, DataFim, Ativo) VALUES (2595,"Influenza","1982-02-06 12:25:35",1);
INSERT INTO Evento(EventoID,Descricao, Data, Admissao, Quarto) VALUES (2596, "descricao","1981-06-07 21:02:38" ,14, 159);
INSERT INTO Internamento( EventoID, Motivo, DataFim, Ativo) VALUES (2596,"Cerebral palsy",NULL,0);
INSERT INTO Evento(EventoID,Descricao, Data, Admissao, Quarto) VALUES (2597, "descricao","1995-03-31 00:31:41" ,94, 188);
INSERT INTO Internamento( EventoID, Motivo, DataFim, Ativo) VALUES (2597,"Meniere's disease","1998-07-27 09:24:38",1);
INSERT INTO Evento(EventoID,Descricao, Data, Admissao, Quarto) VALUES (2598, "descricao","2012-09-28 05:51:04" ,12, 197);
INSERT INTO Internamento( EventoID, Motivo, DataFim, Ativo) VALUES (2598,"Tennis elbow","2017-06-16 18:07:17",1);
INSERT INTO Evento(EventoID,Descricao, Data, Admissao, Quarto) VALUES (2599, "descricao","1990-02-05 09:23:13" ,189, 153);
INSERT INTO Internamento( EventoID, Motivo, DataFim, Ativo) VALUES (2599,"Bubonic plague","1997-04-30 16:36:30",1);
INSERT INTO Evento(EventoID,Descricao, Data, Admissao, Quarto) VALUES (2600, "descricao","2018-12-27 23:28:51" ,76, 143);
INSERT INTO Internamento( EventoID, Motivo, DataFim, Ativo) VALUES (2600,"Dengue Fever","2019-06-04 00:08:07",1);
INSERT INTO Evento(EventoID,Descricao, Data, Admissao, Quarto) VALUES (2601, "descricao","1980-05-07 07:46:34" ,153, 247);
INSERT INTO Internamento( EventoID, Motivo, DataFim, Ativo) VALUES (2601,"Cancer","2007-04-18 12:08:19",1);
INSERT INTO Evento(EventoID,Descricao, Data, Admissao, Quarto) VALUES (2602, "descricao","1978-11-04 13:42:07" ,14, 192);
INSERT INTO Internamento( EventoID, Motivo, DataFim, Ativo) VALUES (2602,"Pulmonary embolism",NULL,0);
INSERT INTO Evento(EventoID,Descricao, Data, Admissao, Quarto) VALUES (2603, "descricao","2012-01-12 05:04:21" ,174, 235);
INSERT INTO Internamento( EventoID, Motivo, DataFim, Ativo) VALUES (2603,"Leprosy","2018-04-27 16:04:48",1);
INSERT INTO Evento(EventoID,Descricao, Data, Admissao, Quarto) VALUES (2604, "descricao","1989-07-07 22:16:11" ,162, 175);
INSERT INTO Internamento( EventoID, Motivo, DataFim, Ativo) VALUES (2604,"Lyme disease","1996-08-04 16:58:15",1);
INSERT INTO Evento(EventoID,Descricao, Data, Admissao, Quarto) VALUES (2605, "descricao","2002-03-30 12:19:10" ,62, 133);
INSERT INTO Internamento( EventoID, Motivo, DataFim, Ativo) VALUES (2605,"Rabies","2008-04-06 18:39:31",1);
INSERT INTO Evento(EventoID,Descricao, Data, Admissao, Quarto) VALUES (2606, "descricao","1985-07-24 10:17:27" ,144, 122);
INSERT INTO Internamento( EventoID, Motivo, DataFim, Ativo) VALUES (2606,"Chorea","2013-11-29 02:28:14",1);
INSERT INTO Evento(EventoID,Descricao, Data, Admissao, Quarto) VALUES (2607, "descricao","1989-06-17 22:57:44" ,69, 239);
INSERT INTO Internamento( EventoID, Motivo, DataFim, Ativo) VALUES (2607,"Rubella",NULL,0);
INSERT INTO Evento(EventoID,Descricao, Data, Admissao, Quarto) VALUES (2608, "descricao","2010-01-26 15:08:27" ,126, 148);
INSERT INTO Internamento( EventoID, Motivo, DataFim, Ativo) VALUES (2608,"Scabies","2012-05-27 17:51:39",1);
INSERT INTO Evento(EventoID,Descricao, Data, Admissao, Quarto) VALUES (2609, "descricao","2011-08-06 12:50:51" ,152, 164);
INSERT INTO Internamento( EventoID, Motivo, DataFim, Ativo) VALUES (2609,"Tennis elbow","2015-12-06 09:10:40",1);
INSERT INTO Evento(EventoID,Descricao, Data, Admissao, Quarto) VALUES (2610, "descricao","1986-08-01 08:10:26" ,23, 104);
INSERT INTO Internamento( EventoID, Motivo, DataFim, Ativo) VALUES (2610,"Kidney stone disease","2000-02-05 19:23:29",1);
INSERT INTO Evento(EventoID,Descricao, Data, Admissao, Quarto) VALUES (2611, "descricao","2012-05-14 18:46:53" ,52, 185);
INSERT INTO Internamento( EventoID, Motivo, DataFim, Ativo) VALUES (2611,"Alzheimer's disease","2014-10-21 04:53:55",1);
INSERT INTO Evento(EventoID,Descricao, Data, Admissao, Quarto) VALUES (2612, "descricao","1986-10-17 19:41:35" ,199, 180);
INSERT INTO Internamento( EventoID, Motivo, DataFim, Ativo) VALUES (2612,"Emphysema","2009-07-08 03:29:36",1);
INSERT INTO Evento(EventoID,Descricao, Data, Admissao, Quarto) VALUES (2613, "descricao","1986-02-16 23:22:18" ,12, 248);
INSERT INTO Internamento( EventoID, Motivo, DataFim, Ativo) VALUES (2613,"Chagas disease","1990-06-20 01:43:36",1);
INSERT INTO Evento(EventoID,Descricao, Data, Admissao, Quarto) VALUES (2614, "descricao","1971-11-01 14:24:27" ,108, 167);
INSERT INTO Internamento( EventoID, Motivo, DataFim, Ativo) VALUES (2614,"Hyperthyroidism",NULL,0);
INSERT INTO Evento(EventoID,Descricao, Data, Admissao, Quarto) VALUES (2615, "descricao","1981-02-05 22:29:55" ,38, 134);
INSERT INTO Internamento( EventoID, Motivo, DataFim, Ativo) VALUES (2615,"Septicemia","1984-05-12 11:01:52",1);
INSERT INTO Evento(EventoID,Descricao, Data, Admissao, Quarto) VALUES (2616, "descricao","1975-12-05 02:19:03" ,36, 232);
INSERT INTO Internamento( EventoID, Motivo, DataFim, Ativo) VALUES (2616,"Mad cow disease","1979-02-08 01:58:53",1);
INSERT INTO Evento(EventoID,Descricao, Data, Admissao, Quarto) VALUES (2617, "descricao","1986-08-15 22:29:59" ,171, 136);
INSERT INTO Internamento( EventoID, Motivo, DataFim, Ativo) VALUES (2617,"Chlamydia trachomatis","2008-10-02 20:47:25",1);
INSERT INTO Evento(EventoID,Descricao, Data, Admissao, Quarto) VALUES (2618, "descricao","2014-09-02 15:58:06" ,151, 104);
INSERT INTO Internamento( EventoID, Motivo, DataFim, Ativo) VALUES (2618,"Rheumatic fever","2016-03-17 13:25:26",1);
INSERT INTO Evento(EventoID,Descricao, Data, Admissao, Quarto) VALUES (2619, "descricao","1980-08-09 11:26:00" ,146, 102);
INSERT INTO Internamento( EventoID, Motivo, DataFim, Ativo) VALUES (2619,"Peritonitis","1991-05-06 10:44:46",1);
INSERT INTO Evento(EventoID,Descricao, Data, Admissao, Quarto) VALUES (2620, "descricao","1972-12-26 05:16:47" ,59, 171);
INSERT INTO Internamento( EventoID, Motivo, DataFim, Ativo) VALUES (2620,"Morquio Syndrome",NULL,0);
INSERT INTO Evento(EventoID,Descricao, Data, Admissao, Quarto) VALUES (2621, "descricao","1995-05-15 11:25:20" ,164, 109);
INSERT INTO Internamento( EventoID, Motivo, DataFim, Ativo) VALUES (2621,"Leishmaniasis","2002-08-31 12:35:34",1);
INSERT INTO Evento(EventoID,Descricao, Data, Admissao, Quarto) VALUES (2622, "descricao","2006-07-11 15:30:07" ,14, 156);
INSERT INTO Internamento( EventoID, Motivo, DataFim, Ativo) VALUES (2622,"Hepatitis C",NULL,0);
INSERT INTO Evento(EventoID,Descricao, Data, Admissao, Quarto) VALUES (2623, "descricao","1980-07-15 23:34:40" ,18, 210);
INSERT INTO Internamento( EventoID, Motivo, DataFim, Ativo) VALUES (2623,"Myopia","2008-08-21 18:03:03",1);
INSERT INTO Evento(EventoID,Descricao, Data, Admissao, Quarto) VALUES (2624, "descricao","1987-02-05 16:36:53" ,190, 151);
INSERT INTO Internamento( EventoID, Motivo, DataFim, Ativo) VALUES (2624,"Breast cancer","2009-02-03 16:09:46",1);
INSERT INTO Evento(EventoID,Descricao, Data, Admissao, Quarto) VALUES (2625, "descricao","1973-10-27 22:45:02" ,60, 104);
INSERT INTO Internamento( EventoID, Motivo, DataFim, Ativo) VALUES (2625,"Common cold",NULL,0);
INSERT INTO Evento(EventoID,Descricao, Data, Admissao, Quarto) VALUES (2626, "descricao","1982-06-16 14:23:41" ,28, 178);
INSERT INTO Internamento( EventoID, Motivo, DataFim, Ativo) VALUES (2626,"Lupus erythematosus","1999-08-30 07:29:48",1);
INSERT INTO Evento(EventoID,Descricao, Data, Admissao, Quarto) VALUES (2627, "descricao","2017-01-13 21:39:10" ,75, 241);
INSERT INTO Internamento( EventoID, Motivo, DataFim, Ativo) VALUES (2627,"Hyperopia",NULL,0);
INSERT INTO Evento(EventoID,Descricao, Data, Admissao, Quarto) VALUES (2628, "descricao","2013-06-11 11:06:58" ,23, 108);
INSERT INTO Internamento( EventoID, Motivo, DataFim, Ativo) VALUES (2628,"Taeniasis",NULL,0);
INSERT INTO Evento(EventoID,Descricao, Data, Admissao, Quarto) VALUES (2629, "descricao","1993-05-18 21:05:50" ,117, 160);
INSERT INTO Internamento( EventoID, Motivo, DataFim, Ativo) VALUES (2629,"Dehydration","2008-12-16 23:46:41",1);
INSERT INTO Evento(EventoID,Descricao, Data, Admissao, Quarto) VALUES (2630, "descricao","1997-08-25 16:12:51" ,126, 164);
INSERT INTO Internamento( EventoID, Motivo, DataFim, Ativo) VALUES (2630,"Mononucleosis","2001-01-25 11:38:05",1);
INSERT INTO Evento(EventoID,Descricao, Data, Admissao, Quarto) VALUES (2631, "descricao","1977-04-13 19:08:13" ,183, 157);
INSERT INTO Internamento( EventoID, Motivo, DataFim, Ativo) VALUES (2631,"Coeliac disease","2008-08-11 12:53:46",1);
INSERT INTO Evento(EventoID,Descricao, Data, Admissao, Quarto) VALUES (2632, "descricao","2001-03-25 16:47:32" ,89, 144);
INSERT INTO Internamento( EventoID, Motivo, DataFim, Ativo) VALUES (2632,"Measles","2018-05-13 11:35:31",1);
INSERT INTO Evento(EventoID,Descricao, Data, Admissao, Quarto) VALUES (2633, "descricao","1997-12-04 02:20:25" ,30, 207);
INSERT INTO Internamento( EventoID, Motivo, DataFim, Ativo) VALUES (2633,"Tinnitus",NULL,0);
INSERT INTO Evento(EventoID,Descricao, Data, Admissao, Quarto) VALUES (2634, "descricao","1972-10-01 11:43:02" ,81, 113);
INSERT INTO Internamento( EventoID, Motivo, DataFim, Ativo) VALUES (2634,"Limbtoosa","1993-04-17 09:24:29",1);
INSERT INTO Evento(EventoID,Descricao, Data, Admissao, Quarto) VALUES (2635, "descricao","1993-10-13 01:56:05" ,189, 120);
INSERT INTO Internamento( EventoID, Motivo, DataFim, Ativo) VALUES (2635,"Peritonitis","2006-01-24 00:18:40",1);
INSERT INTO Evento(EventoID,Descricao, Data, Admissao, Quarto) VALUES (2636, "descricao","1996-05-15 05:55:57" ,173, 223);
INSERT INTO Internamento( EventoID, Motivo, DataFim, Ativo) VALUES (2636,"Mattticular syndrome",NULL,0);
INSERT INTO Evento(EventoID,Descricao, Data, Admissao, Quarto) VALUES (2637, "descricao","1970-04-18 01:13:27" ,109, 233);
INSERT INTO Internamento( EventoID, Motivo, DataFim, Ativo) VALUES (2637,"Congestive heart disease","1999-07-07 13:32:36",1);
INSERT INTO Evento(EventoID,Descricao, Data, Admissao, Quarto) VALUES (2638, "descricao","1989-05-03 11:17:24" ,87, 192);
INSERT INTO Internamento( EventoID, Motivo, DataFim, Ativo) VALUES (2638,"Lyme disease","2004-06-01 01:30:44",1);
INSERT INTO Evento(EventoID,Descricao, Data, Admissao, Quarto) VALUES (2639, "descricao","1976-05-23 21:48:20" ,42, 166);
INSERT INTO Internamento( EventoID, Motivo, DataFim, Ativo) VALUES (2639,"Asthma","2003-07-23 04:50:53",1);
INSERT INTO Evento(EventoID,Descricao, Data, Admissao, Quarto) VALUES (2640, "descricao","1975-09-26 13:45:52" ,7, 123);
INSERT INTO Internamento( EventoID, Motivo, DataFim, Ativo) VALUES (2640,"Anthrax","2018-03-24 18:05:21",1);
INSERT INTO Evento(EventoID,Descricao, Data, Admissao, Quarto) VALUES (2641, "descricao","1988-11-08 13:07:16" ,35, 166);
INSERT INTO Internamento( EventoID, Motivo, DataFim, Ativo) VALUES (2641,"Measles","1996-06-23 00:06:00",1);
INSERT INTO Evento(EventoID,Descricao, Data, Admissao, Quarto) VALUES (2642, "descricao","1994-05-24 18:49:30" ,11, 238);
INSERT INTO Internamento( EventoID, Motivo, DataFim, Ativo) VALUES (2642,"Thymoma","2014-02-09 04:10:01",1);
INSERT INTO Evento(EventoID,Descricao, Data, Admissao, Quarto) VALUES (2643, "descricao","1977-04-23 23:31:04" ,111, 226);
INSERT INTO Internamento( EventoID, Motivo, DataFim, Ativo) VALUES (2643,"Infertility","1997-05-05 13:15:50",1);
INSERT INTO Evento(EventoID,Descricao, Data, Admissao, Quarto) VALUES (2644, "descricao","2015-02-09 03:49:45" ,96, 108);
INSERT INTO Internamento( EventoID, Motivo, DataFim, Ativo) VALUES (2644,"Toxic shock syndrome","2017-11-13 16:44:17",1);
INSERT INTO Evento(EventoID,Descricao, Data, Admissao, Quarto) VALUES (2645, "descricao","1982-11-07 05:15:20" ,76, 128);
INSERT INTO Internamento( EventoID, Motivo, DataFim, Ativo) VALUES (2645,"Paratyphoid fever",NULL,0);
INSERT INTO Evento(EventoID,Descricao, Data, Admissao, Quarto) VALUES (2646, "descricao","1996-05-25 15:58:34" ,180, 141);
INSERT INTO Internamento( EventoID, Motivo, DataFim, Ativo) VALUES (2646,"Shigellosis","2008-10-22 19:28:52",1);
INSERT INTO Evento(EventoID,Descricao, Data, Admissao, Quarto) VALUES (2647, "descricao","1995-09-21 16:43:22" ,12, 237);
INSERT INTO Internamento( EventoID, Motivo, DataFim, Ativo) VALUES (2647,"Pulmonary embolism","2000-06-07 20:46:45",1);
INSERT INTO Evento(EventoID,Descricao, Data, Admissao, Quarto) VALUES (2648, "descricao","1999-11-17 18:05:36" ,64, 229);
INSERT INTO Internamento( EventoID, Motivo, DataFim, Ativo) VALUES (2648,"Vitiligo",NULL,0);
INSERT INTO Evento(EventoID,Descricao, Data, Admissao, Quarto) VALUES (2649, "descricao","1972-06-16 20:57:48" ,77, 240);
INSERT INTO Internamento( EventoID, Motivo, DataFim, Ativo) VALUES (2649,"Ulcers","2006-07-19 06:29:17",1);
INSERT INTO Evento(EventoID,Descricao, Data, Admissao, Quarto) VALUES (2650, "descricao","2019-08-15 09:50:10" ,155, 206);
INSERT INTO Internamento( EventoID, Motivo, DataFim, Ativo) VALUES (2650,"Mononucleosis","2019-10-22 05:48:52",1);
INSERT INTO Evento(EventoID,Descricao, Data, Admissao, Quarto) VALUES (2651, "descricao","2006-03-28 06:16:32" ,34, 122);
INSERT INTO Internamento( EventoID, Motivo, DataFim, Ativo) VALUES (2651,"Laryngitis","2008-03-04 22:35:02",1);
INSERT INTO Evento(EventoID,Descricao, Data, Admissao, Quarto) VALUES (2652, "descricao","1972-08-05 12:41:31" ,139, 165);
INSERT INTO Internamento( EventoID, Motivo, DataFim, Ativo) VALUES (2652,"Diabetes mellitus","1993-05-07 01:35:08",1);
INSERT INTO Evento(EventoID,Descricao, Data, Admissao, Quarto) VALUES (2653, "descricao","2002-12-25 21:03:37" ,113, 121);
INSERT INTO Internamento( EventoID, Motivo, DataFim, Ativo) VALUES (2653,"Stomach ulcers","2015-06-19 01:07:18",1);
INSERT INTO Evento(EventoID,Descricao, Data, Admissao, Quarto) VALUES (2654, "descricao","2002-02-16 20:33:19" ,7, 218);
INSERT INTO Internamento( EventoID, Motivo, DataFim, Ativo) VALUES (2654,"GERD","2017-03-22 09:05:43",1);
INSERT INTO Evento(EventoID,Descricao, Data, Admissao, Quarto) VALUES (2655, "descricao","2014-04-11 05:25:56" ,33, 157);
INSERT INTO Internamento( EventoID, Motivo, DataFim, Ativo) VALUES (2655,"Tay-Sachs disease",NULL,0);
INSERT INTO Evento(EventoID,Descricao, Data, Admissao, Quarto) VALUES (2656, "descricao","1991-09-22 06:43:59" ,121, 209);
INSERT INTO Internamento( EventoID, Motivo, DataFim, Ativo) VALUES (2656,"Hepatitis D",NULL,0);
INSERT INTO Evento(EventoID,Descricao, Data, Admissao, Quarto) VALUES (2657, "descricao","1996-07-21 16:28:38" ,30, 207);
INSERT INTO Internamento( EventoID, Motivo, DataFim, Ativo) VALUES (2657,"Uveitis","2001-04-16 14:02:35",1);
INSERT INTO Evento(EventoID,Descricao, Data, Admissao, Quarto) VALUES (2658, "descricao","1979-05-06 09:04:30" ,160, 205);
INSERT INTO Internamento( EventoID, Motivo, DataFim, Ativo) VALUES (2658,"Pelvic inflammatory disease","1983-10-10 06:14:55",1);
INSERT INTO Evento(EventoID,Descricao, Data, Admissao, Quarto) VALUES (2659, "descricao","2011-05-29 05:23:39" ,182, 248);
INSERT INTO Internamento( EventoID, Motivo, DataFim, Ativo) VALUES (2659,"Influenza",NULL,0);
INSERT INTO Evento(EventoID,Descricao, Data, Admissao, Quarto) VALUES (2660, "descricao","2009-08-10 04:43:58" ,110, 118);
INSERT INTO Internamento( EventoID, Motivo, DataFim, Ativo) VALUES (2660,"Tularemia","2018-08-15 14:46:05",1);
INSERT INTO Evento(EventoID,Descricao, Data, Admissao, Quarto) VALUES (2661, "descricao","1983-04-01 13:08:25" ,195, 185);
INSERT INTO Internamento( EventoID, Motivo, DataFim, Ativo) VALUES (2661,"Campylobacter infection","2005-04-11 21:23:58",1);
INSERT INTO Evento(EventoID,Descricao, Data, Admissao, Quarto) VALUES (2662, "descricao","2012-02-20 07:59:35" ,132, 189);
INSERT INTO Internamento( EventoID, Motivo, DataFim, Ativo) VALUES (2662,"Syphilis","2013-11-14 02:08:46",1);
INSERT INTO Evento(EventoID,Descricao, Data, Admissao, Quarto) VALUES (2663, "descricao","1972-05-14 15:09:12" ,194, 133);
INSERT INTO Internamento( EventoID, Motivo, DataFim, Ativo) VALUES (2663,"Iritis","2006-01-25 21:03:12",1);
INSERT INTO Evento(EventoID,Descricao, Data, Admissao, Quarto) VALUES (2664, "descricao","2018-08-01 08:29:51" ,22, 124);
INSERT INTO Internamento( EventoID, Motivo, DataFim, Ativo) VALUES (2664,"Streptococcal infection",NULL,0);
INSERT INTO Evento(EventoID,Descricao, Data, Admissao, Quarto) VALUES (2665, "descricao","1977-01-30 20:19:03" ,161, 188);
INSERT INTO Internamento( EventoID, Motivo, DataFim, Ativo) VALUES (2665,"Lymphoma",NULL,0);
INSERT INTO Evento(EventoID,Descricao, Data, Admissao, Quarto) VALUES (2666, "descricao","2014-01-18 04:37:52" ,179, 244);
INSERT INTO Internamento( EventoID, Motivo, DataFim, Ativo) VALUES (2666,"Septicemia",NULL,0);
INSERT INTO Evento(EventoID,Descricao, Data, Admissao, Quarto) VALUES (2667, "descricao","2005-01-05 14:34:28" ,126, 117);
INSERT INTO Internamento( EventoID, Motivo, DataFim, Ativo) VALUES (2667,"Bacterial meningitis","2008-04-10 16:28:57",1);
INSERT INTO Evento(EventoID,Descricao, Data, Admissao, Quarto) VALUES (2668, "descricao","1999-06-07 18:20:48" ,18, 140);
INSERT INTO Internamento( EventoID, Motivo, DataFim, Ativo) VALUES (2668,"Ebola",NULL,0);
INSERT INTO Evento(EventoID,Descricao, Data, Admissao, Quarto) VALUES (2669, "descricao","1996-11-12 12:03:39" ,47, 144);
INSERT INTO Internamento( EventoID, Motivo, DataFim, Ativo) VALUES (2669,"Rickets","2015-09-20 20:57:28",1);
INSERT INTO Evento(EventoID,Descricao, Data, Admissao, Quarto) VALUES (2670, "descricao","1980-10-23 06:32:06" ,64, 145);
INSERT INTO Internamento( EventoID, Motivo, DataFim, Ativo) VALUES (2670,"Schizophrenia",NULL,0);
INSERT INTO Evento(EventoID,Descricao, Data, Admissao, Quarto) VALUES (2671, "descricao","2009-08-19 00:01:21" ,71, 167);
INSERT INTO Internamento( EventoID, Motivo, DataFim, Ativo) VALUES (2671,"Trisomy",NULL,0);
INSERT INTO Evento(EventoID,Descricao, Data, Admissao, Quarto) VALUES (2672, "descricao","2011-10-17 14:07:46" ,196, 144);
INSERT INTO Internamento( EventoID, Motivo, DataFim, Ativo) VALUES (2672,"Congestive heart disease",NULL,0);
INSERT INTO Evento(EventoID,Descricao, Data, Admissao, Quarto) VALUES (2673, "descricao","1977-10-01 17:03:01" ,36, 178);
INSERT INTO Internamento( EventoID, Motivo, DataFim, Ativo) VALUES (2673,"Hepatitis D",NULL,0);
INSERT INTO Evento(EventoID,Descricao, Data, Admissao, Quarto) VALUES (2674, "descricao","1992-04-25 23:11:57" ,91, 231);
INSERT INTO Internamento( EventoID, Motivo, DataFim, Ativo) VALUES (2674,"Jaundice",NULL,0);
INSERT INTO Evento(EventoID,Descricao, Data, Admissao, Quarto) VALUES (2675, "descricao","1991-03-12 04:54:22" ,93, 169);
INSERT INTO Internamento( EventoID, Motivo, DataFim, Ativo) VALUES (2675,"Swine influenza","2018-11-11 09:45:27",1);
INSERT INTO Evento(EventoID,Descricao, Data, Admissao, Quarto) VALUES (2676, "descricao","1994-01-03 05:01:20" ,91, 123);
INSERT INTO Internamento( EventoID, Motivo, DataFim, Ativo) VALUES (2676,"Rift Valley fever","2016-06-12 12:28:47",1);
INSERT INTO Evento(EventoID,Descricao, Data, Admissao, Quarto) VALUES (2677, "descricao","1992-04-15 17:02:51" ,19, 128);
INSERT INTO Internamento( EventoID, Motivo, DataFim, Ativo) VALUES (2677,"Mumps","2015-10-04 07:48:04",1);
INSERT INTO Evento(EventoID,Descricao, Data, Admissao, Quarto) VALUES (2678, "descricao","2019-08-04 09:37:31" ,82, 122);
INSERT INTO Internamento( EventoID, Motivo, DataFim, Ativo) VALUES (2678,"Silicosis","2019-08-17 15:41:15",1);
INSERT INTO Evento(EventoID,Descricao, Data, Admissao, Quarto) VALUES (2679, "descricao","2015-11-20 20:52:10" ,68, 147);
INSERT INTO Internamento( EventoID, Motivo, DataFim, Ativo) VALUES (2679,"Scrapie",NULL,0);
INSERT INTO Evento(EventoID,Descricao, Data, Admissao, Quarto) VALUES (2680, "descricao","1978-11-10 00:50:14" ,150, 190);
INSERT INTO Internamento( EventoID, Motivo, DataFim, Ativo) VALUES (2680,"Lung cancer","1997-08-18 13:40:29",1);
INSERT INTO Evento(EventoID,Descricao, Data, Admissao, Quarto) VALUES (2681, "descricao","1978-05-01 22:37:30" ,19, 158);
INSERT INTO Internamento( EventoID, Motivo, DataFim, Ativo) VALUES (2681,"Teratoma","2000-06-02 03:53:46",1);
INSERT INTO Evento(EventoID,Descricao, Data, Admissao, Quarto) VALUES (2682, "descricao","1985-10-10 20:06:55" ,189, 112);
INSERT INTO Internamento( EventoID, Motivo, DataFim, Ativo) VALUES (2682,"Huntington's disease","2019-05-14 05:57:56",1);
INSERT INTO Evento(EventoID,Descricao, Data, Admissao, Quarto) VALUES (2683, "descricao","2012-06-23 23:43:47" ,132, 228);
INSERT INTO Internamento( EventoID, Motivo, DataFim, Ativo) VALUES (2683,"Multiple myeloma",NULL,0);
INSERT INTO Evento(EventoID,Descricao, Data, Admissao, Quarto) VALUES (2684, "descricao","2019-10-19 05:39:44" ,11, 219);
INSERT INTO Internamento( EventoID, Motivo, DataFim, Ativo) VALUES (2684,"Foodborne illness","2019-11-04 20:04:49",1);
INSERT INTO Evento(EventoID,Descricao, Data, Admissao, Quarto) VALUES (2685, "descricao","2009-04-17 03:32:51" ,27, 136);
INSERT INTO Internamento( EventoID, Motivo, DataFim, Ativo) VALUES (2685,"Lyme disease",NULL,0);
INSERT INTO Evento(EventoID,Descricao, Data, Admissao, Quarto) VALUES (2686, "descricao","1971-05-21 06:03:01" ,123, 158);
INSERT INTO Internamento( EventoID, Motivo, DataFim, Ativo) VALUES (2686,"Botulism","2014-04-10 22:11:13",1);
INSERT INTO Evento(EventoID,Descricao, Data, Admissao, Quarto) VALUES (2687, "descricao","1986-11-07 11:49:35" ,24, 101);
INSERT INTO Internamento( EventoID, Motivo, DataFim, Ativo) VALUES (2687,"Varicose veins","1995-01-12 17:00:00",1);
INSERT INTO Evento(EventoID,Descricao, Data, Admissao, Quarto) VALUES (2688, "descricao","1997-01-17 16:17:01" ,123, 104);
INSERT INTO Internamento( EventoID, Motivo, DataFim, Ativo) VALUES (2688,"Tumor","1997-06-09 20:50:47",1);
INSERT INTO Evento(EventoID,Descricao, Data, Admissao, Quarto) VALUES (2689, "descricao","1995-06-27 17:05:41" ,120, 193);
INSERT INTO Internamento( EventoID, Motivo, DataFim, Ativo) VALUES (2689,"Tumor","2001-10-27 13:46:52",1);
INSERT INTO Evento(EventoID,Descricao, Data, Admissao, Quarto) VALUES (2690, "descricao","2003-01-31 06:36:32" ,126, 186);
INSERT INTO Internamento( EventoID, Motivo, DataFim, Ativo) VALUES (2690,"Lice","2012-09-21 03:33:23",1);
INSERT INTO Evento(EventoID,Descricao, Data, Admissao, Quarto) VALUES (2691, "descricao","2003-10-06 18:58:25" ,146, 105);
INSERT INTO Internamento( EventoID, Motivo, DataFim, Ativo) VALUES (2691,"Pelvic inflammatory disease","2013-08-29 02:53:44",1);
INSERT INTO Evento(EventoID,Descricao, Data, Admissao, Quarto) VALUES (2692, "descricao","2002-02-16 01:26:20" ,70, 196);
INSERT INTO Internamento( EventoID, Motivo, DataFim, Ativo) VALUES (2692,"Periodontal disease","2018-11-17 00:21:00",1);
INSERT INTO Evento(EventoID,Descricao, Data, Admissao, Quarto) VALUES (2693, "descricao","1979-10-24 09:15:00" ,7, 170);
INSERT INTO Internamento( EventoID, Motivo, DataFim, Ativo) VALUES (2693,"Poliomyelitis",NULL,0);
INSERT INTO Evento(EventoID,Descricao, Data, Admissao, Quarto) VALUES (2694, "descricao","2017-07-17 20:11:57" ,110, 175);
INSERT INTO Internamento( EventoID, Motivo, DataFim, Ativo) VALUES (2694,"Rift Valley fever","2017-10-30 18:31:51",1);
INSERT INTO Evento(EventoID,Descricao, Data, Admissao, Quarto) VALUES (2695, "descricao","2017-06-30 17:18:49" ,86, 197);
INSERT INTO Internamento( EventoID, Motivo, DataFim, Ativo) VALUES (2695,"Epilepsy","2018-10-23 23:05:11",1);
INSERT INTO Evento(EventoID,Descricao, Data, Admissao, Quarto) VALUES (2696, "descricao","1971-08-25 23:14:53" ,124, 207);
INSERT INTO Internamento( EventoID, Motivo, DataFim, Ativo) VALUES (2696,"Appendicitis","1986-05-06 04:41:12",1);
INSERT INTO Evento(EventoID,Descricao, Data, Admissao, Quarto) VALUES (2697, "descricao","1991-06-07 14:45:10" ,29, 239);
INSERT INTO Internamento( EventoID, Motivo, DataFim, Ativo) VALUES (2697,"Warts",NULL,0);
INSERT INTO Evento(EventoID,Descricao, Data, Admissao, Quarto) VALUES (2698, "descricao","1975-11-28 18:45:20" ,131, 229);
INSERT INTO Internamento( EventoID, Motivo, DataFim, Ativo) VALUES (2698,"Rheumatic heart",NULL,0);
INSERT INTO Evento(EventoID,Descricao, Data, Admissao, Quarto) VALUES (2699, "descricao","1975-06-15 22:58:16" ,160, 236);
INSERT INTO Internamento( EventoID, Motivo, DataFim, Ativo) VALUES (2699,"pneumonia","1990-02-18 04:10:55",1);
INSERT INTO Evento(EventoID,Descricao, Data, Admissao, Quarto) VALUES (2700, "descricao","1985-05-17 20:15:30" ,47, 218);
INSERT INTO Internamento( EventoID, Motivo, DataFim, Ativo) VALUES (2700,"Salmonellosis","2004-04-27 16:26:25",1);
INSERT INTO Evento(EventoID,Descricao, Data, Admissao, Quarto) VALUES (2701, "descricao","1973-01-15 10:18:53" ,164, 127);
INSERT INTO Internamento( EventoID, Motivo, DataFim, Ativo) VALUES (2701,"Mattticular syndrome","1993-11-12 23:10:22",1);
INSERT INTO Evento(EventoID,Descricao, Data, Admissao, Quarto) VALUES (2702, "descricao","1988-08-20 20:21:37" ,78, 196);
INSERT INTO Internamento( EventoID, Motivo, DataFim, Ativo) VALUES (2702,"Thalassaemia",NULL,0);
INSERT INTO Evento(EventoID,Descricao, Data, Admissao, Quarto) VALUES (2703, "descricao","1981-10-25 00:30:52" ,122, 170);
INSERT INTO Internamento( EventoID, Motivo, DataFim, Ativo) VALUES (2703,"Campylobacter infection","2011-09-20 16:04:22",1);
INSERT INTO Evento(EventoID,Descricao, Data, Admissao, Quarto) VALUES (2704, "descricao","1977-12-13 02:57:06" ,134, 150);
INSERT INTO Internamento( EventoID, Motivo, DataFim, Ativo) VALUES (2704,"GERD","2016-10-07 15:26:31",1);
INSERT INTO Evento(EventoID,Descricao, Data, Admissao, Quarto) VALUES (2705, "descricao","1984-02-28 01:11:53" ,181, 195);
INSERT INTO Internamento( EventoID, Motivo, DataFim, Ativo) VALUES (2705,"Scurvy","1990-03-13 10:43:01",1);
INSERT INTO Evento(EventoID,Descricao, Data, Admissao, Quarto) VALUES (2706, "descricao","1972-01-14 19:48:00" ,193, 222);
INSERT INTO Internamento( EventoID, Motivo, DataFim, Ativo) VALUES (2706,"Necrotizing Fasciitis","2019-04-20 20:57:57",1);
INSERT INTO Evento(EventoID,Descricao, Data, Admissao, Quarto) VALUES (2707, "descricao","1984-10-12 03:11:37" ,46, 185);
INSERT INTO Internamento( EventoID, Motivo, DataFim, Ativo) VALUES (2707,"Thymoma",NULL,0);
INSERT INTO Evento(EventoID,Descricao, Data, Admissao, Quarto) VALUES (2708, "descricao","1990-12-29 10:44:15" ,110, 151);
INSERT INTO Internamento( EventoID, Motivo, DataFim, Ativo) VALUES (2708,"Viral meningitis","1997-08-19 04:48:58",1);
INSERT INTO Evento(EventoID,Descricao, Data, Admissao, Quarto) VALUES (2709, "descricao","1992-03-23 15:39:38" ,11, 214);
INSERT INTO Internamento( EventoID, Motivo, DataFim, Ativo) VALUES (2709,"Mumps","2003-01-24 02:09:37",1);
INSERT INTO Evento(EventoID,Descricao, Data, Admissao, Quarto) VALUES (2710, "descricao","1988-11-17 07:18:13" ,113, 114);
INSERT INTO Internamento( EventoID, Motivo, DataFim, Ativo) VALUES (2710,"Emphysema","2017-09-01 07:42:29",1);
INSERT INTO Evento(EventoID,Descricao, Data, Admissao, Quarto) VALUES (2711, "descricao","1985-11-20 06:59:54" ,71, 241);
INSERT INTO Internamento( EventoID, Motivo, DataFim, Ativo) VALUES (2711,"Hyperopia",NULL,0);
INSERT INTO Evento(EventoID,Descricao, Data, Admissao, Quarto) VALUES (2712, "descricao","1988-05-29 14:21:43" ,31, 224);
INSERT INTO Internamento( EventoID, Motivo, DataFim, Ativo) VALUES (2712,"Warts","2014-08-30 10:16:55",1);
INSERT INTO Evento(EventoID,Descricao, Data, Admissao, Quarto) VALUES (2713, "descricao","1974-06-25 23:38:13" ,78, 219);
INSERT INTO Internamento( EventoID, Motivo, DataFim, Ativo) VALUES (2713,"Rheumatism",NULL,0);
INSERT INTO Evento(EventoID,Descricao, Data, Admissao, Quarto) VALUES (2714, "descricao","2018-05-08 16:03:41" ,174, 104);
INSERT INTO Internamento( EventoID, Motivo, DataFim, Ativo) VALUES (2714,"Dysentery","2019-01-28 04:47:58",1);
INSERT INTO Evento(EventoID,Descricao, Data, Admissao, Quarto) VALUES (2715, "descricao","1984-09-28 08:27:56" ,126, 213);
INSERT INTO Internamento( EventoID, Motivo, DataFim, Ativo) VALUES (2715,"Myasthenia gravis","1987-02-02 01:41:59",1);
INSERT INTO Evento(EventoID,Descricao, Data, Admissao, Quarto) VALUES (2716, "descricao","1978-04-30 02:46:05" ,93, 173);
INSERT INTO Internamento( EventoID, Motivo, DataFim, Ativo) VALUES (2716,"Pertussis","2005-10-15 01:16:19",1);
INSERT INTO Evento(EventoID,Descricao, Data, Admissao, Quarto) VALUES (2717, "descricao","1998-03-05 23:15:19" ,27, 173);
INSERT INTO Internamento( EventoID, Motivo, DataFim, Ativo) VALUES (2717,"Varicella","2017-02-06 18:44:55",1);
INSERT INTO Evento(EventoID,Descricao, Data, Admissao, Quarto) VALUES (2718, "descricao","1983-07-29 21:46:11" ,197, 221);
INSERT INTO Internamento( EventoID, Motivo, DataFim, Ativo) VALUES (2718,"Pelvic inflammatory disease","2003-12-30 20:41:09",1);
INSERT INTO Evento(EventoID,Descricao, Data, Admissao, Quarto) VALUES (2719, "descricao","1980-02-14 06:37:17" ,51, 237);
INSERT INTO Internamento( EventoID, Motivo, DataFim, Ativo) VALUES (2719,"GERD","2004-09-05 23:44:58",1);
INSERT INTO Evento(EventoID,Descricao, Data, Admissao, Quarto) VALUES (2720, "descricao","1973-10-27 18:50:38" ,121, 211);
INSERT INTO Internamento( EventoID, Motivo, DataFim, Ativo) VALUES (2720,"Cerebral palsy","2012-11-10 02:07:59",1);
INSERT INTO Evento(EventoID,Descricao, Data, Admissao, Quarto) VALUES (2721, "descricao","1996-10-16 07:45:48" ,44, 166);
INSERT INTO Internamento( EventoID, Motivo, DataFim, Ativo) VALUES (2721,"Uveitis",NULL,0);
INSERT INTO Evento(EventoID,Descricao, Data, Admissao, Quarto) VALUES (2722, "descricao","1998-09-06 04:45:35" ,122, 178);
INSERT INTO Internamento( EventoID, Motivo, DataFim, Ativo) VALUES (2722,"UTI'S","2019-01-10 14:25:31",1);
INSERT INTO Evento(EventoID,Descricao, Data, Admissao, Quarto) VALUES (2723, "descricao","1999-03-03 20:55:46" ,22, 205);
INSERT INTO Internamento( EventoID, Motivo, DataFim, Ativo) VALUES (2723,"Candidiasis","2007-05-21 01:26:37",1);
INSERT INTO Evento(EventoID,Descricao, Data, Admissao, Quarto) VALUES (2724, "descricao","1988-02-19 02:02:59" ,96, 148);
INSERT INTO Internamento( EventoID, Motivo, DataFim, Ativo) VALUES (2724,"Typhus","1996-12-01 05:10:42",1);
INSERT INTO Evento(EventoID,Descricao, Data, Admissao, Quarto) VALUES (2725, "descricao","2015-02-12 02:35:21" ,198, 127);
INSERT INTO Internamento( EventoID, Motivo, DataFim, Ativo) VALUES (2725,"Huntington's disease","2019-06-27 20:48:18",1);
INSERT INTO Evento(EventoID,Descricao, Data, Admissao, Quarto) VALUES (2726, "descricao","1993-09-14 07:48:59" ,165, 168);
INSERT INTO Internamento( EventoID, Motivo, DataFim, Ativo) VALUES (2726,"Allergy","2017-03-29 14:27:57",1);
INSERT INTO Evento(EventoID,Descricao, Data, Admissao, Quarto) VALUES (2727, "descricao","1970-10-10 19:39:01" ,160, 193);
INSERT INTO Internamento( EventoID, Motivo, DataFim, Ativo) VALUES (2727,"Rickets",NULL,0);
INSERT INTO Evento(EventoID,Descricao, Data, Admissao, Quarto) VALUES (2728, "descricao","2002-06-13 22:22:25" ,154, 198);
INSERT INTO Internamento( EventoID, Motivo, DataFim, Ativo) VALUES (2728,"Osteoarthritis","2005-03-14 02:19:03",1);
INSERT INTO Evento(EventoID,Descricao, Data, Admissao, Quarto) VALUES (2729, "descricao","1980-08-11 17:26:30" ,87, 136);
INSERT INTO Internamento( EventoID, Motivo, DataFim, Ativo) VALUES (2729,"Sepsis","2005-12-31 04:23:10",1);
INSERT INTO Evento(EventoID,Descricao, Data, Admissao, Quarto) VALUES (2730, "descricao","1991-06-04 06:25:55" ,90, 100);
INSERT INTO Internamento( EventoID, Motivo, DataFim, Ativo) VALUES (2730,"Leprosy",NULL,0);
INSERT INTO Evento(EventoID,Descricao, Data, Admissao, Quarto) VALUES (2731, "descricao","2015-09-01 08:52:59" ,20, 139);
INSERT INTO Internamento( EventoID, Motivo, DataFim, Ativo) VALUES (2731,"Leptospirosis","2017-04-24 04:04:32",1);
INSERT INTO Evento(EventoID,Descricao, Data, Admissao, Quarto) VALUES (2732, "descricao","2015-09-10 15:05:03" ,15, 217);
INSERT INTO Internamento( EventoID, Motivo, DataFim, Ativo) VALUES (2732,"Erectile dysfunction","2019-11-10 12:17:44",1);
INSERT INTO Evento(EventoID,Descricao, Data, Admissao, Quarto) VALUES (2733, "descricao","1999-03-25 12:02:48" ,157, 108);
INSERT INTO Internamento( EventoID, Motivo, DataFim, Ativo) VALUES (2733,"Dengue Fever","2012-08-22 22:42:58",1);
INSERT INTO Evento(EventoID,Descricao, Data, Admissao, Quarto) VALUES (2734, "descricao","1972-03-10 16:13:55" ,98, 235);
INSERT INTO Internamento( EventoID, Motivo, DataFim, Ativo) VALUES (2734,"Lupus erythematosus","1986-04-25 08:49:18",1);
INSERT INTO Evento(EventoID,Descricao, Data, Admissao, Quarto) VALUES (2735, "descricao","2001-10-17 05:09:15" ,187, 173);
INSERT INTO Internamento( EventoID, Motivo, DataFim, Ativo) VALUES (2735,"Osteoarthritis","2007-08-07 07:34:31",1);
INSERT INTO Evento(EventoID,Descricao, Data, Admissao, Quarto) VALUES (2736, "descricao","1975-12-06 05:59:01" ,126, 136);
INSERT INTO Internamento( EventoID, Motivo, DataFim, Ativo) VALUES (2736,"Rift Valley fever","1987-11-22 02:27:33",1);
INSERT INTO Evento(EventoID,Descricao, Data, Admissao, Quarto) VALUES (2737, "descricao","1977-03-05 19:14:21" ,48, 155);
INSERT INTO Internamento( EventoID, Motivo, DataFim, Ativo) VALUES (2737,"Dengue Fever",NULL,0);
INSERT INTO Evento(EventoID,Descricao, Data, Admissao, Quarto) VALUES (2738, "descricao","2006-02-11 06:05:46" ,118, 197);
INSERT INTO Internamento( EventoID, Motivo, DataFim, Ativo) VALUES (2738,"Iritis",NULL,0);
INSERT INTO Evento(EventoID,Descricao, Data, Admissao, Quarto) VALUES (2739, "descricao","1976-01-18 14:39:59" ,77, 152);
INSERT INTO Internamento( EventoID, Motivo, DataFim, Ativo) VALUES (2739,"Ignious Syndrome",NULL,0);
INSERT INTO Evento(EventoID,Descricao, Data, Admissao, Quarto) VALUES (2740, "descricao","1999-01-15 08:21:41" ,131, 226);
INSERT INTO Internamento( EventoID, Motivo, DataFim, Ativo) VALUES (2740,"Yersiniosis","2006-05-08 03:41:05",1);
INSERT INTO Evento(EventoID,Descricao, Data, Admissao, Quarto) VALUES (2741, "descricao","1973-01-07 04:30:26" ,34, 104);
INSERT INTO Internamento( EventoID, Motivo, DataFim, Ativo) VALUES (2741,"Tungiasis","2016-05-21 02:55:52",1);
INSERT INTO Evento(EventoID,Descricao, Data, Admissao, Quarto) VALUES (2742, "descricao","1983-03-07 11:17:13" ,33, 244);
INSERT INTO Internamento( EventoID, Motivo, DataFim, Ativo) VALUES (2742,"Rift Valley fever","1990-06-08 10:00:52",1);
INSERT INTO Evento(EventoID,Descricao, Data, Admissao, Quarto) VALUES (2743, "descricao","2016-03-29 14:44:42" ,64, 181);
INSERT INTO Internamento( EventoID, Motivo, DataFim, Ativo) VALUES (2743,"Gonorrhea",NULL,0);
INSERT INTO Evento(EventoID,Descricao, Data, Admissao, Quarto) VALUES (2744, "descricao","1980-07-08 17:39:02" ,188, 245);
INSERT INTO Internamento( EventoID, Motivo, DataFim, Ativo) VALUES (2744,"Limbtoosa","2007-09-24 23:57:51",1);
INSERT INTO Evento(EventoID,Descricao, Data, Admissao, Quarto) VALUES (2745, "descricao","2006-05-07 06:58:39" ,19, 129);
INSERT INTO Internamento( EventoID, Motivo, DataFim, Ativo) VALUES (2745,"Erectile dysfunction","2008-05-28 04:12:01",1);
INSERT INTO Evento(EventoID,Descricao, Data, Admissao, Quarto) VALUES (2746, "descricao","1985-12-30 16:49:05" ,83, 244);
INSERT INTO Internamento( EventoID, Motivo, DataFim, Ativo) VALUES (2746,"Shin splints","1989-01-24 19:45:29",1);
INSERT INTO Evento(EventoID,Descricao, Data, Admissao, Quarto) VALUES (2747, "descricao","1975-12-22 12:26:17" ,133, 123);
INSERT INTO Internamento( EventoID, Motivo, DataFim, Ativo) VALUES (2747,"Warts","1990-09-15 08:01:56",1);
INSERT INTO Evento(EventoID,Descricao, Data, Admissao, Quarto) VALUES (2748, "descricao","1971-06-18 15:51:43" ,123, 146);
INSERT INTO Internamento( EventoID, Motivo, DataFim, Ativo) VALUES (2748,"Tay-Sachs disease",NULL,0);
INSERT INTO Evento(EventoID,Descricao, Data, Admissao, Quarto) VALUES (2749, "descricao","1980-02-21 19:24:29" ,109, 202);
INSERT INTO Internamento( EventoID, Motivo, DataFim, Ativo) VALUES (2749,"Cholera","2015-06-18 09:03:54",1);

-- Event Occourence
INSERT INTO OcorrenciaEvento(OcorrenciaID,EventoID) VALUES (1, 1442);
INSERT INTO OcorrenciaEvento(OcorrenciaID,EventoID) VALUES (2, 1903);
INSERT INTO OcorrenciaEvento(OcorrenciaID,EventoID) VALUES (3, 1679);
INSERT INTO OcorrenciaEvento(OcorrenciaID,EventoID) VALUES (4, 1409);
INSERT INTO OcorrenciaEvento(OcorrenciaID,EventoID) VALUES (5, 1293);
INSERT INTO OcorrenciaEvento(OcorrenciaID,EventoID) VALUES (6, 2420);
INSERT INTO OcorrenciaEvento(OcorrenciaID,EventoID) VALUES (7, 2283);
INSERT INTO OcorrenciaEvento(OcorrenciaID,EventoID) VALUES (8, 25);
INSERT INTO OcorrenciaEvento(OcorrenciaID,EventoID) VALUES (9, 822);
INSERT INTO OcorrenciaEvento(OcorrenciaID,EventoID) VALUES (10, 2113);
INSERT INTO OcorrenciaEvento(OcorrenciaID,EventoID) VALUES (11, 1144);
INSERT INTO OcorrenciaEvento(OcorrenciaID,EventoID) VALUES (12, 902);
INSERT INTO OcorrenciaEvento(OcorrenciaID,EventoID) VALUES (13, 563);
INSERT INTO OcorrenciaEvento(OcorrenciaID,EventoID) VALUES (14, 2721);
INSERT INTO OcorrenciaEvento(OcorrenciaID,EventoID) VALUES (15, 1035);
INSERT INTO OcorrenciaEvento(OcorrenciaID,EventoID) VALUES (16, 70);
INSERT INTO OcorrenciaEvento(OcorrenciaID,EventoID) VALUES (17, 980);
INSERT INTO OcorrenciaEvento(OcorrenciaID,EventoID) VALUES (18, 398);
INSERT INTO OcorrenciaEvento(OcorrenciaID,EventoID) VALUES (19, 3);
INSERT INTO OcorrenciaEvento(OcorrenciaID,EventoID) VALUES (20, 329);
INSERT INTO OcorrenciaEvento(OcorrenciaID,EventoID) VALUES (21, 1316);
INSERT INTO OcorrenciaEvento(OcorrenciaID,EventoID) VALUES (22, 2230);
INSERT INTO OcorrenciaEvento(OcorrenciaID,EventoID) VALUES (23, 229);
INSERT INTO OcorrenciaEvento(OcorrenciaID,EventoID) VALUES (24, 490);
INSERT INTO OcorrenciaEvento(OcorrenciaID,EventoID) VALUES (25, 2684);
INSERT INTO OcorrenciaEvento(OcorrenciaID,EventoID) VALUES (26, 2060);
INSERT INTO OcorrenciaEvento(OcorrenciaID,EventoID) VALUES (27, 1654);
INSERT INTO OcorrenciaEvento(OcorrenciaID,EventoID) VALUES (28, 2409);
INSERT INTO OcorrenciaEvento(OcorrenciaID,EventoID) VALUES (29, 94);
INSERT INTO OcorrenciaEvento(OcorrenciaID,EventoID) VALUES (30, 1498);
INSERT INTO OcorrenciaEvento(OcorrenciaID,EventoID) VALUES (31, 1915);
INSERT INTO OcorrenciaEvento(OcorrenciaID,EventoID) VALUES (32, 1447);
INSERT INTO OcorrenciaEvento(OcorrenciaID,EventoID) VALUES (33, 1016);
INSERT INTO OcorrenciaEvento(OcorrenciaID,EventoID) VALUES (34, 2051);
INSERT INTO OcorrenciaEvento(OcorrenciaID,EventoID) VALUES (35, 1452);
INSERT INTO OcorrenciaEvento(OcorrenciaID,EventoID) VALUES (36, 1813);
INSERT INTO OcorrenciaEvento(OcorrenciaID,EventoID) VALUES (37, 913);
INSERT INTO OcorrenciaEvento(OcorrenciaID,EventoID) VALUES (38, 57);
INSERT INTO OcorrenciaEvento(OcorrenciaID,EventoID) VALUES (39, 1377);
INSERT INTO OcorrenciaEvento(OcorrenciaID,EventoID) VALUES (40, 1977);
INSERT INTO OcorrenciaEvento(OcorrenciaID,EventoID) VALUES (41, 1147);
INSERT INTO OcorrenciaEvento(OcorrenciaID,EventoID) VALUES (42, 917);
INSERT INTO OcorrenciaEvento(OcorrenciaID,EventoID) VALUES (43, 826);
INSERT INTO OcorrenciaEvento(OcorrenciaID,EventoID) VALUES (44, 1500);
INSERT INTO OcorrenciaEvento(OcorrenciaID,EventoID) VALUES (45, 1046);
INSERT INTO OcorrenciaEvento(OcorrenciaID,EventoID) VALUES (46, 2087);
INSERT INTO OcorrenciaEvento(OcorrenciaID,EventoID) VALUES (47, 1736);
INSERT INTO OcorrenciaEvento(OcorrenciaID,EventoID) VALUES (48, 1551);
INSERT INTO OcorrenciaEvento(OcorrenciaID,EventoID) VALUES (49, 1942);
INSERT INTO OcorrenciaEvento(OcorrenciaID,EventoID) VALUES (50, 2683);
INSERT INTO OcorrenciaEvento(OcorrenciaID,EventoID) VALUES (51, 2223);
INSERT INTO OcorrenciaEvento(OcorrenciaID,EventoID) VALUES (52, 525);
INSERT INTO OcorrenciaEvento(OcorrenciaID,EventoID) VALUES (53, 1491);
INSERT INTO OcorrenciaEvento(OcorrenciaID,EventoID) VALUES (54, 132);
INSERT INTO OcorrenciaEvento(OcorrenciaID,EventoID) VALUES (55, 2027);
INSERT INTO OcorrenciaEvento(OcorrenciaID,EventoID) VALUES (56, 1613);
INSERT INTO OcorrenciaEvento(OcorrenciaID,EventoID) VALUES (57, 1350);
INSERT INTO OcorrenciaEvento(OcorrenciaID,EventoID) VALUES (58, 666);
INSERT INTO OcorrenciaEvento(OcorrenciaID,EventoID) VALUES (59, 2243);
INSERT INTO OcorrenciaEvento(OcorrenciaID,EventoID) VALUES (60, 2515);
INSERT INTO OcorrenciaEvento(OcorrenciaID,EventoID) VALUES (61, 2371);
INSERT INTO OcorrenciaEvento(OcorrenciaID,EventoID) VALUES (62, 380);
INSERT INTO OcorrenciaEvento(OcorrenciaID,EventoID) VALUES (63, 1785);
INSERT INTO OcorrenciaEvento(OcorrenciaID,EventoID) VALUES (64, 1244);
INSERT INTO OcorrenciaEvento(OcorrenciaID,EventoID) VALUES (65, 1352);
INSERT INTO OcorrenciaEvento(OcorrenciaID,EventoID) VALUES (66, 544);
INSERT INTO OcorrenciaEvento(OcorrenciaID,EventoID) VALUES (67, 160);
INSERT INTO OcorrenciaEvento(OcorrenciaID,EventoID) VALUES (68, 1247);
INSERT INTO OcorrenciaEvento(OcorrenciaID,EventoID) VALUES (69, 1320);
INSERT INTO OcorrenciaEvento(OcorrenciaID,EventoID) VALUES (70, 1014);
INSERT INTO OcorrenciaEvento(OcorrenciaID,EventoID) VALUES (71, 1127);
INSERT INTO OcorrenciaEvento(OcorrenciaID,EventoID) VALUES (72, 2340);
INSERT INTO OcorrenciaEvento(OcorrenciaID,EventoID) VALUES (73, 1904);
INSERT INTO OcorrenciaEvento(OcorrenciaID,EventoID) VALUES (74, 619);
INSERT INTO OcorrenciaEvento(OcorrenciaID,EventoID) VALUES (75, 1339);
INSERT INTO OcorrenciaEvento(OcorrenciaID,EventoID) VALUES (76, 1480);
INSERT INTO OcorrenciaEvento(OcorrenciaID,EventoID) VALUES (77, 696);
INSERT INTO OcorrenciaEvento(OcorrenciaID,EventoID) VALUES (78, 2407);
INSERT INTO OcorrenciaEvento(OcorrenciaID,EventoID) VALUES (79, 2622);
INSERT INTO OcorrenciaEvento(OcorrenciaID,EventoID) VALUES (80, 2438);
INSERT INTO OcorrenciaEvento(OcorrenciaID,EventoID) VALUES (81, 1818);
INSERT INTO OcorrenciaEvento(OcorrenciaID,EventoID) VALUES (82, 1914);
INSERT INTO OcorrenciaEvento(OcorrenciaID,EventoID) VALUES (83, 2367);
INSERT INTO OcorrenciaEvento(OcorrenciaID,EventoID) VALUES (84, 1043);
INSERT INTO OcorrenciaEvento(OcorrenciaID,EventoID) VALUES (85, 2277);
INSERT INTO OcorrenciaEvento(OcorrenciaID,EventoID) VALUES (86, 1289);
INSERT INTO OcorrenciaEvento(OcorrenciaID,EventoID) VALUES (87, 873);
INSERT INTO OcorrenciaEvento(OcorrenciaID,EventoID) VALUES (88, 1823);
INSERT INTO OcorrenciaEvento(OcorrenciaID,EventoID) VALUES (89, 2435);
INSERT INTO OcorrenciaEvento(OcorrenciaID,EventoID) VALUES (90, 2575);
INSERT INTO OcorrenciaEvento(OcorrenciaID,EventoID) VALUES (91, 849);
INSERT INTO OcorrenciaEvento(OcorrenciaID,EventoID) VALUES (92, 812);
INSERT INTO OcorrenciaEvento(OcorrenciaID,EventoID) VALUES (93, 2517);
INSERT INTO OcorrenciaEvento(OcorrenciaID,EventoID) VALUES (94, 201);
INSERT INTO OcorrenciaEvento(OcorrenciaID,EventoID) VALUES (95, 2053);
INSERT INTO OcorrenciaEvento(OcorrenciaID,EventoID) VALUES (96, 1039);
INSERT INTO OcorrenciaEvento(OcorrenciaID,EventoID) VALUES (97, 1526);
INSERT INTO OcorrenciaEvento(OcorrenciaID,EventoID) VALUES (98, 2430);
INSERT INTO OcorrenciaEvento(OcorrenciaID,EventoID) VALUES (99, 1538);
INSERT INTO OcorrenciaEvento(OcorrenciaID,EventoID) VALUES (100, 237);
INSERT INTO OcorrenciaEvento(OcorrenciaID,EventoID) VALUES (101, 1156);
INSERT INTO OcorrenciaEvento(OcorrenciaID,EventoID) VALUES (102, 508);
INSERT INTO OcorrenciaEvento(OcorrenciaID,EventoID) VALUES (103, 1237);
INSERT INTO OcorrenciaEvento(OcorrenciaID,EventoID) VALUES (104, 391);
INSERT INTO OcorrenciaEvento(OcorrenciaID,EventoID) VALUES (105, 2662);
INSERT INTO OcorrenciaEvento(OcorrenciaID,EventoID) VALUES (106, 1484);
INSERT INTO OcorrenciaEvento(OcorrenciaID,EventoID) VALUES (109, 357);
INSERT INTO OcorrenciaEvento(OcorrenciaID,EventoID) VALUES (110, 2281);
INSERT INTO OcorrenciaEvento(OcorrenciaID,EventoID) VALUES (111, 1907);
INSERT INTO OcorrenciaEvento(OcorrenciaID,EventoID) VALUES (112, 2632);
INSERT INTO OcorrenciaEvento(OcorrenciaID,EventoID) VALUES (113, 26);
INSERT INTO OcorrenciaEvento(OcorrenciaID,EventoID) VALUES (114, 411);
INSERT INTO OcorrenciaEvento(OcorrenciaID,EventoID) VALUES (115, 1246);
INSERT INTO OcorrenciaEvento(OcorrenciaID,EventoID) VALUES (116, 778);
INSERT INTO OcorrenciaEvento(OcorrenciaID,EventoID) VALUES (117, 2732);
INSERT INTO OcorrenciaEvento(OcorrenciaID,EventoID) VALUES (118, 1505);
INSERT INTO OcorrenciaEvento(OcorrenciaID,EventoID) VALUES (119, 1208);
INSERT INTO OcorrenciaEvento(OcorrenciaID,EventoID) VALUES (120, 806);
INSERT INTO OcorrenciaEvento(OcorrenciaID,EventoID) VALUES (121, 1590);
INSERT INTO OcorrenciaEvento(OcorrenciaID,EventoID) VALUES (122, 2400);
INSERT INTO OcorrenciaEvento(OcorrenciaID,EventoID) VALUES (123, 2428);
INSERT INTO OcorrenciaEvento(OcorrenciaID,EventoID) VALUES (124, 22);
INSERT INTO OcorrenciaEvento(OcorrenciaID,EventoID) VALUES (125, 1408);
INSERT INTO OcorrenciaEvento(OcorrenciaID,EventoID) VALUES (126, 208);
INSERT INTO OcorrenciaEvento(OcorrenciaID,EventoID) VALUES (127, 994);
INSERT INTO OcorrenciaEvento(OcorrenciaID,EventoID) VALUES (128, 2596);
INSERT INTO OcorrenciaEvento(OcorrenciaID,EventoID) VALUES (129, 1260);
INSERT INTO OcorrenciaEvento(OcorrenciaID,EventoID) VALUES (130, 1911);
INSERT INTO OcorrenciaEvento(OcorrenciaID,EventoID) VALUES (131, 2177);
INSERT INTO OcorrenciaEvento(OcorrenciaID,EventoID) VALUES (132, 1608);
INSERT INTO OcorrenciaEvento(OcorrenciaID,EventoID) VALUES (134, 1876);
INSERT INTO OcorrenciaEvento(OcorrenciaID,EventoID) VALUES (135, 422);
INSERT INTO OcorrenciaEvento(OcorrenciaID,EventoID) VALUES (136, 1194);
INSERT INTO OcorrenciaEvento(OcorrenciaID,EventoID) VALUES (137, 1365);
INSERT INTO OcorrenciaEvento(OcorrenciaID,EventoID) VALUES (138, 2231);
INSERT INTO OcorrenciaEvento(OcorrenciaID,EventoID) VALUES (139, 1449);
INSERT INTO OcorrenciaEvento(OcorrenciaID,EventoID) VALUES (140, 2279);
INSERT INTO OcorrenciaEvento(OcorrenciaID,EventoID) VALUES (141, 530);
INSERT INTO OcorrenciaEvento(OcorrenciaID,EventoID) VALUES (142, 1057);
INSERT INTO OcorrenciaEvento(OcorrenciaID,EventoID) VALUES (143, 298);
INSERT INTO OcorrenciaEvento(OcorrenciaID,EventoID) VALUES (144, 2029);
INSERT INTO OcorrenciaEvento(OcorrenciaID,EventoID) VALUES (145, 1936);
INSERT INTO OcorrenciaEvento(OcorrenciaID,EventoID) VALUES (146, 647);
INSERT INTO OcorrenciaEvento(OcorrenciaID,EventoID) VALUES (147, 2012);
INSERT INTO OcorrenciaEvento(OcorrenciaID,EventoID) VALUES (148, 1378);
INSERT INTO OcorrenciaEvento(OcorrenciaID,EventoID) VALUES (150, 560);
INSERT INTO OcorrenciaEvento(OcorrenciaID,EventoID) VALUES (151, 926);
INSERT INTO OcorrenciaEvento(OcorrenciaID,EventoID) VALUES (152, 954);
INSERT INTO OcorrenciaEvento(OcorrenciaID,EventoID) VALUES (153, 676);
INSERT INTO OcorrenciaEvento(OcorrenciaID,EventoID) VALUES (154, 2485);
INSERT INTO OcorrenciaEvento(OcorrenciaID,EventoID) VALUES (155, 495);
INSERT INTO OcorrenciaEvento(OcorrenciaID,EventoID) VALUES (156, 2262);
INSERT INTO OcorrenciaEvento(OcorrenciaID,EventoID) VALUES (157, 1701);
INSERT INTO OcorrenciaEvento(OcorrenciaID,EventoID) VALUES (159, 1573);
INSERT INTO OcorrenciaEvento(OcorrenciaID,EventoID) VALUES (160, 78);
INSERT INTO OcorrenciaEvento(OcorrenciaID,EventoID) VALUES (161, 1286);
INSERT INTO OcorrenciaEvento(OcorrenciaID,EventoID) VALUES (162, 2007);
INSERT INTO OcorrenciaEvento(OcorrenciaID,EventoID) VALUES (163, 1521);
INSERT INTO OcorrenciaEvento(OcorrenciaID,EventoID) VALUES (164, 609);
INSERT INTO OcorrenciaEvento(OcorrenciaID,EventoID) VALUES (165, 1781);
INSERT INTO OcorrenciaEvento(OcorrenciaID,EventoID) VALUES (166, 2265);
INSERT INTO OcorrenciaEvento(OcorrenciaID,EventoID) VALUES (167, 2028);
INSERT INTO OcorrenciaEvento(OcorrenciaID,EventoID) VALUES (168, 524);
INSERT INTO OcorrenciaEvento(OcorrenciaID,EventoID) VALUES (169, 1413);
INSERT INTO OcorrenciaEvento(OcorrenciaID,EventoID) VALUES (170, 1691);
INSERT INTO OcorrenciaEvento(OcorrenciaID,EventoID) VALUES (171, 1397);
INSERT INTO OcorrenciaEvento(OcorrenciaID,EventoID) VALUES (172, 162);
INSERT INTO OcorrenciaEvento(OcorrenciaID,EventoID) VALUES (173, 106);
INSERT INTO OcorrenciaEvento(OcorrenciaID,EventoID) VALUES (174, 741);
INSERT INTO OcorrenciaEvento(OcorrenciaID,EventoID) VALUES (175, 2334);
INSERT INTO OcorrenciaEvento(OcorrenciaID,EventoID) VALUES (176, 1984);
INSERT INTO OcorrenciaEvento(OcorrenciaID,EventoID) VALUES (177, 2041);
INSERT INTO OcorrenciaEvento(OcorrenciaID,EventoID) VALUES (178, 2386);
INSERT INTO OcorrenciaEvento(OcorrenciaID,EventoID) VALUES (179, 1585);
INSERT INTO OcorrenciaEvento(OcorrenciaID,EventoID) VALUES (180, 2296);
INSERT INTO OcorrenciaEvento(OcorrenciaID,EventoID) VALUES (181, 2672);
INSERT INTO OcorrenciaEvento(OcorrenciaID,EventoID) VALUES (182, 692);
INSERT INTO OcorrenciaEvento(OcorrenciaID,EventoID) VALUES (183, 543);
INSERT INTO OcorrenciaEvento(OcorrenciaID,EventoID) VALUES (184, 260);
INSERT INTO OcorrenciaEvento(OcorrenciaID,EventoID) VALUES (185, 2046);
INSERT INTO OcorrenciaEvento(OcorrenciaID,EventoID) VALUES (186, 1440);
INSERT INTO OcorrenciaEvento(OcorrenciaID,EventoID) VALUES (187, 1225);
INSERT INTO OcorrenciaEvento(OcorrenciaID,EventoID) VALUES (188, 2210);
INSERT INTO OcorrenciaEvento(OcorrenciaID,EventoID) VALUES (189, 1525);
INSERT INTO OcorrenciaEvento(OcorrenciaID,EventoID) VALUES (190, 969);
INSERT INTO OcorrenciaEvento(OcorrenciaID,EventoID) VALUES (191, 623);
INSERT INTO OcorrenciaEvento(OcorrenciaID,EventoID) VALUES (192, 1187);
INSERT INTO OcorrenciaEvento(OcorrenciaID,EventoID) VALUES (193, 715);
INSERT INTO OcorrenciaEvento(OcorrenciaID,EventoID) VALUES (194, 85);
INSERT INTO OcorrenciaEvento(OcorrenciaID,EventoID) VALUES (195, 2376);
INSERT INTO OcorrenciaEvento(OcorrenciaID,EventoID) VALUES (196, 126);
INSERT INTO OcorrenciaEvento(OcorrenciaID,EventoID) VALUES (197, 1207);
INSERT INTO OcorrenciaEvento(OcorrenciaID,EventoID) VALUES (198, 2454);
INSERT INTO OcorrenciaEvento(OcorrenciaID,EventoID) VALUES (199, 791);
