PRAGMA foreign_key = ON;


-- Diseases
INSERT INTO Doenca (DoencaID, Nome, Descricao, Sintomas) VALUES (1, "Abscess", "description", "symptoms");
INSERT INTO Doenca (DoencaID, Nome, Descricao, Sintomas) VALUES (2, "Alzheimer's disease", "description", "symptoms");
INSERT INTO Doenca (DoencaID, Nome, Descricao, Sintomas) VALUES (3, "Anthrax", "description", "symptoms");
INSERT INTO Doenca (DoencaID, Nome, Descricao, Sintomas) VALUES (4, "Appendicitis", "description", "symptoms");
INSERT INTO Doenca (DoencaID, Nome, Descricao, Sintomas) VALUES (5, "Allergy", "description", "symptoms");
INSERT INTO Doenca (DoencaID, Nome, Descricao, Sintomas) VALUES (6, "Arthritis", "description", "symptoms");
INSERT INTO Doenca (DoencaID, Nome, Descricao, Sintomas) VALUES (7, "Aseptic meningitis", "description", "symptoms");
INSERT INTO Doenca (DoencaID, Nome, Descricao, Sintomas) VALUES (8, "Asthma", "description", "symptoms");
INSERT INTO Doenca (DoencaID, Nome, Descricao, Sintomas) VALUES (9, "Astigmatism", "description", "symptoms");
INSERT INTO Doenca (DoencaID, Nome, Descricao, Sintomas) VALUES (10, "Atherosclerosis", "description", "symptoms");
INSERT INTO Doenca (DoencaID, Nome, Descricao, Sintomas) VALUES (11, "Bacterial meningitis", "description", "symptoms");
INSERT INTO Doenca (DoencaID, Nome, Descricao, Sintomas) VALUES (12, "Beriberi", "description", "symptoms");
INSERT INTO Doenca (DoencaID, Nome, Descricao, Sintomas) VALUES (13, "Black Death", "description", "symptoms");
INSERT INTO Doenca (DoencaID, Nome, Descricao, Sintomas) VALUES (14, "Botulism", "description", "symptoms");
INSERT INTO Doenca (DoencaID, Nome, Descricao, Sintomas) VALUES (15, "Breast cancer", "description", "symptoms");
INSERT INTO Doenca (DoencaID, Nome, Descricao, Sintomas) VALUES (16, "Bronchitis", "description", "symptoms");
INSERT INTO Doenca (DoencaID, Nome, Descricao, Sintomas) VALUES (17, "Brucellosis", "description", "symptoms");
INSERT INTO Doenca (DoencaID, Nome, Descricao, Sintomas) VALUES (18, "Bubonic plague", "description", "symptoms");
INSERT INTO Doenca (DoencaID, Nome, Descricao, Sintomas) VALUES (19, "Bunion", "description", "symptoms");
INSERT INTO Doenca (DoencaID, Nome, Descricao, Sintomas) VALUES (20, "Campylobacter infection", "description", "symptoms");
INSERT INTO Doenca (DoencaID, Nome, Descricao, Sintomas) VALUES (21, "Cancer", "description", "symptoms");
INSERT INTO Doenca (DoencaID, Nome, Descricao, Sintomas) VALUES (22, "Candidiasis", "description", "symptoms");
INSERT INTO Doenca (DoencaID, Nome, Descricao, Sintomas) VALUES (23, "Carbon monoxide poisoning", "description", "symptoms");
INSERT INTO Doenca (DoencaID, Nome, Descricao, Sintomas) VALUES (24, "Coeliac disease", "description", "symptoms");
INSERT INTO Doenca (DoencaID, Nome, Descricao, Sintomas) VALUES (25, "Cerebral palsy", "description", "symptoms");
INSERT INTO Doenca (DoencaID, Nome, Descricao, Sintomas) VALUES (26, "Chagas disease", "description", "symptoms");
INSERT INTO Doenca (DoencaID, Nome, Descricao, Sintomas) VALUES (27, "Chickenpox", "description", "symptoms");
INSERT INTO Doenca (DoencaID, Nome, Descricao, Sintomas) VALUES (28, "Chlamydia", "description", "symptoms");
INSERT INTO Doenca (DoencaID, Nome, Descricao, Sintomas) VALUES (29, "Chlamydia trachomatis", "description", "symptoms");
INSERT INTO Doenca (DoencaID, Nome, Descricao, Sintomas) VALUES (30, "Cholera", "description", "symptoms");
INSERT INTO Doenca (DoencaID, Nome, Descricao, Sintomas) VALUES (31, "Chordoma", "description", "symptoms");
INSERT INTO Doenca (DoencaID, Nome, Descricao, Sintomas) VALUES (32, "Chorea", "description", "symptoms");
INSERT INTO Doenca (DoencaID, Nome, Descricao, Sintomas) VALUES (33, "Chronic fatigue syndrome", "description", "symptoms");
INSERT INTO Doenca (DoencaID, Nome, Descricao, Sintomas) VALUES (34, "Circadian rhythm sleep disorder", "description", "symptoms");
INSERT INTO Doenca (DoencaID, Nome, Descricao, Sintomas) VALUES (35, "Colitis", "description", "symptoms");
INSERT INTO Doenca (DoencaID, Nome, Descricao, Sintomas) VALUES (36, "Common cold", "description", "symptoms");
INSERT INTO Doenca (DoencaID, Nome, Descricao, Sintomas) VALUES (37, "Condyloma", "description", "symptoms");
INSERT INTO Doenca (DoencaID, Nome, Descricao, Sintomas) VALUES (38, "Congestive heart disease", "description", "symptoms");
INSERT INTO Doenca (DoencaID, Nome, Descricao, Sintomas) VALUES (39, "Coronary heart disease", "description", "symptoms");
INSERT INTO Doenca (DoencaID, Nome, Descricao, Sintomas) VALUES (40, "COVID-19", "end of humanity", "destroy health care systems");
INSERT INTO Doenca (DoencaID, Nome, Descricao, Sintomas) VALUES (41, "Cowpox", "description", "symptoms");
INSERT INTO Doenca (DoencaID, Nome, Descricao, Sintomas) VALUES (42, "Crohn's Disease", "description", "symptoms");
INSERT INTO Doenca (DoencaID, Nome, Descricao, Sintomas) VALUES (43, "Dengue Fever", "description", "symptoms");
INSERT INTO Doenca (DoencaID, Nome, Descricao, Sintomas) VALUES (44, "Diabetes mellitus", "description", "symptoms");
INSERT INTO Doenca (DoencaID, Nome, Descricao, Sintomas) VALUES (45, "Diphtheria", "description", "symptoms");
INSERT INTO Doenca (DoencaID, Nome, Descricao, Sintomas) VALUES (46, "Dehydration", "description", "symptoms");
INSERT INTO Doenca (DoencaID, Nome, Descricao, Sintomas) VALUES (47, "Dysentery", "description", "symptoms");
INSERT INTO Doenca (DoencaID, Nome, Descricao, Sintomas) VALUES (48, "Ear infection", "description", "symptoms");
INSERT INTO Doenca (DoencaID, Nome, Descricao, Sintomas) VALUES (49, "Ebola", "description", "symptoms");
INSERT INTO Doenca (DoencaID, Nome, Descricao, Sintomas) VALUES (50, "Encephalitis", "description", "symptoms");
INSERT INTO Doenca (DoencaID, Nome, Descricao, Sintomas) VALUES (51, "Emphysema", "description", "symptoms");
INSERT INTO Doenca (DoencaID, Nome, Descricao, Sintomas) VALUES (52, "Epilepsy", "description", "symptoms");
INSERT INTO Doenca (DoencaID, Nome, Descricao, Sintomas) VALUES (53, "Erectile dysfunction", "description", "symptoms");
INSERT INTO Doenca (DoencaID, Nome, Descricao, Sintomas) VALUES (54, "Fibromyalgia", "description", "symptoms");
INSERT INTO Doenca (DoencaID, Nome, Descricao, Sintomas) VALUES (55, "Foodborne illness", "description", "symptoms");
INSERT INTO Doenca (DoencaID, Nome, Descricao, Sintomas) VALUES (56, "Gangrene", "description", "symptoms");
INSERT INTO Doenca (DoencaID, Nome, Descricao, Sintomas) VALUES (57, "Gastroenteritis", "description", "symptoms");
INSERT INTO Doenca (DoencaID, Nome, Descricao, Sintomas) VALUES (58, "Genital herpes", "description", "symptoms");
INSERT INTO Doenca (DoencaID, Nome, Descricao, Sintomas) VALUES (59, "GERD", "description", "symptoms");
INSERT INTO Doenca (DoencaID, Nome, Descricao, Sintomas) VALUES (60, "Goitre", "description", "symptoms");
INSERT INTO Doenca (DoencaID, Nome, Descricao, Sintomas) VALUES (61, "Gonorrhea", "description", "symptoms");
INSERT INTO Doenca (DoencaID, Nome, Descricao, Sintomas) VALUES (62, "Heart disease", "description", "symptoms");
INSERT INTO Doenca (DoencaID, Nome, Descricao, Sintomas) VALUES (63, "Hepatitis A", "description", "symptoms");
INSERT INTO Doenca (DoencaID, Nome, Descricao, Sintomas) VALUES (64, "Hepatitis B", "description", "symptoms");
INSERT INTO Doenca (DoencaID, Nome, Descricao, Sintomas) VALUES (65, "Hepatitis C", "description", "symptoms");
INSERT INTO Doenca (DoencaID, Nome, Descricao, Sintomas) VALUES (66, "Hepatitis D", "description", "symptoms");
INSERT INTO Doenca (DoencaID, Nome, Descricao, Sintomas) VALUES (67, "Hepatitis E", "description", "symptoms");
INSERT INTO Doenca (DoencaID, Nome, Descricao, Sintomas) VALUES (68, "Histiocytosis (childhood cancer)", "description", "symptoms");
INSERT INTO Doenca (DoencaID, Nome, Descricao, Sintomas) VALUES (69, "HIV", "description", "symptoms");
INSERT INTO Doenca (DoencaID, Nome, Descricao, Sintomas) VALUES (70, "Human papillomavirus", "description", "symptoms");
INSERT INTO Doenca (DoencaID, Nome, Descricao, Sintomas) VALUES (71, "Huntington's disease", "description", "symptoms");
INSERT INTO Doenca (DoencaID, Nome, Descricao, Sintomas) VALUES (72, "Hypermetropia", "description", "symptoms");
INSERT INTO Doenca (DoencaID, Nome, Descricao, Sintomas) VALUES (73, "Hyperopia", "description", "symptoms");
INSERT INTO Doenca (DoencaID, Nome, Descricao, Sintomas) VALUES (74, "Hyperthyroidism", "description", "symptoms");
INSERT INTO Doenca (DoencaID, Nome, Descricao, Sintomas) VALUES (75, "Hypothyroid", "description", "symptoms");
INSERT INTO Doenca (DoencaID, Nome, Descricao, Sintomas) VALUES (76, "Hypotonia", "description", "symptoms");
INSERT INTO Doenca (DoencaID, Nome, Descricao, Sintomas) VALUES (77, "Impetigo", "description", "symptoms");
INSERT INTO Doenca (DoencaID, Nome, Descricao, Sintomas) VALUES (78, "Infertility", "description", "symptoms");
INSERT INTO Doenca (DoencaID, Nome, Descricao, Sintomas) VALUES (79, "Influenza", "description", "symptoms");
INSERT INTO Doenca (DoencaID, Nome, Descricao, Sintomas) VALUES (80, "Interstitial cystitis", "description", "symptoms");
INSERT INTO Doenca (DoencaID, Nome, Descricao, Sintomas) VALUES (81, "Iritis", "description", "symptoms");
INSERT INTO Doenca (DoencaID, Nome, Descricao, Sintomas) VALUES (82, "Iron-deficiency anemia", "description", "symptoms");
INSERT INTO Doenca (DoencaID, Nome, Descricao, Sintomas) VALUES (83, "Irritable bowel syndrome", "description", "symptoms");
INSERT INTO Doenca (DoencaID, Nome, Descricao, Sintomas) VALUES (84, "Ignious Syndrome", "description", "symptoms");
INSERT INTO Doenca (DoencaID, Nome, Descricao, Sintomas) VALUES (85, "Jaundice", "description", "symptoms");
INSERT INTO Doenca (DoencaID, Nome, Descricao, Sintomas) VALUES (86, "Keloids", "description", "symptoms");
INSERT INTO Doenca (DoencaID, Nome, Descricao, Sintomas) VALUES (87, "Kuru", "description", "symptoms");
INSERT INTO Doenca (DoencaID, Nome, Descricao, Sintomas) VALUES (88, "Kwashiorkor", "description", "symptoms");
INSERT INTO Doenca (DoencaID, Nome, Descricao, Sintomas) VALUES (89, "Kidney stone disease", "description", "symptoms");
INSERT INTO Doenca (DoencaID, Nome, Descricao, Sintomas) VALUES (90, "Laryngitis", "description", "symptoms");
INSERT INTO Doenca (DoencaID, Nome, Descricao, Sintomas) VALUES (91, "Lead poisoning", "description", "symptoms");
INSERT INTO Doenca (DoencaID, Nome, Descricao, Sintomas) VALUES (92, "Legionellosis", "description", "symptoms");
INSERT INTO Doenca (DoencaID, Nome, Descricao, Sintomas) VALUES (93, "Leishmaniasis", "description", "symptoms");
INSERT INTO Doenca (DoencaID, Nome, Descricao, Sintomas) VALUES (94, "Leprosy", "description", "symptoms");
INSERT INTO Doenca (DoencaID, Nome, Descricao, Sintomas) VALUES (95, "Leptospirosis", "description", "symptoms");
INSERT INTO Doenca (DoencaID, Nome, Descricao, Sintomas) VALUES (96, "Listeriosis", "description", "symptoms");
INSERT INTO Doenca (DoencaID, Nome, Descricao, Sintomas) VALUES (97, "Leukemia", "description", "symptoms");
INSERT INTO Doenca (DoencaID, Nome, Descricao, Sintomas) VALUES (98, "Lice", "description", "symptoms");
INSERT INTO Doenca (DoencaID, Nome, Descricao, Sintomas) VALUES (99, "Loiasis", "description", "symptoms");
INSERT INTO Doenca (DoencaID, Nome, Descricao, Sintomas) VALUES (100, "Lung cancer", "description", "symptoms");
INSERT INTO Doenca (DoencaID, Nome, Descricao, Sintomas) VALUES (101, "Lupus erythematosus", "description", "symptoms");
INSERT INTO Doenca (DoencaID, Nome, Descricao, Sintomas) VALUES (102, "Lyme disease", "description", "symptoms");
INSERT INTO Doenca (DoencaID, Nome, Descricao, Sintomas) VALUES (103, "Lymphogranuloma venereum", "description", "symptoms");
INSERT INTO Doenca (DoencaID, Nome, Descricao, Sintomas) VALUES (104, "Lymphoma", "description", "symptoms");
INSERT INTO Doenca (DoencaID, Nome, Descricao, Sintomas) VALUES (105, "Limbtoosa", "description", "symptoms");
INSERT INTO Doenca (DoencaID, Nome, Descricao, Sintomas) VALUES (106, "Mad cow disease", "description", "symptoms");
INSERT INTO Doenca (DoencaID, Nome, Descricao, Sintomas) VALUES (107, "Malaria", "description", "symptoms");
INSERT INTO Doenca (DoencaID, Nome, Descricao, Sintomas) VALUES (108, "Marburg fever", "description", "symptoms");
INSERT INTO Doenca (DoencaID, Nome, Descricao, Sintomas) VALUES (109, "Measles", "description", "symptoms");
INSERT INTO Doenca (DoencaID, Nome, Descricao, Sintomas) VALUES (110, "Melanoma", "description", "symptoms");
INSERT INTO Doenca (DoencaID, Nome, Descricao, Sintomas) VALUES (111, "Metastatic cancer", "description", "symptoms");
INSERT INTO Doenca (DoencaID, Nome, Descricao, Sintomas) VALUES (112, "Meniere's disease", "description", "symptoms");
INSERT INTO Doenca (DoencaID, Nome, Descricao, Sintomas) VALUES (113, "Meningitis", "description", "symptoms");
INSERT INTO Doenca (DoencaID, Nome, Descricao, Sintomas) VALUES (114, "Migraine", "description", "symptoms");
INSERT INTO Doenca (DoencaID, Nome, Descricao, Sintomas) VALUES (115, "Multiple myeloma", "description", "symptoms");
INSERT INTO Doenca (DoencaID, Nome, Descricao, Sintomas) VALUES (116, "Multiple sclerosis", "description", "symptoms");
INSERT INTO Doenca (DoencaID, Nome, Descricao, Sintomas) VALUES (117, "Mumps", "description", "symptoms");
INSERT INTO Doenca (DoencaID, Nome, Descricao, Sintomas) VALUES (118, "Muscular dystrophy", "description", "symptoms");
INSERT INTO Doenca (DoencaID, Nome, Descricao, Sintomas) VALUES (119, "Myasthenia gravis", "description", "symptoms");
INSERT INTO Doenca (DoencaID, Nome, Descricao, Sintomas) VALUES (120, "Myelitis", "description", "symptoms");
INSERT INTO Doenca (DoencaID, Nome, Descricao, Sintomas) VALUES (121, "Myoclonus", "description", "symptoms");
INSERT INTO Doenca (DoencaID, Nome, Descricao, Sintomas) VALUES (122, "Myopia", "description", "symptoms");
INSERT INTO Doenca (DoencaID, Nome, Descricao, Sintomas) VALUES (123, "Myxedema", "description", "symptoms");
INSERT INTO Doenca (DoencaID, Nome, Descricao, Sintomas) VALUES (124, "Morquio Syndrome", "description", "symptoms");
INSERT INTO Doenca (DoencaID, Nome, Descricao, Sintomas) VALUES (125, "Mattticular syndrome", "description", "symptoms");
INSERT INTO Doenca (DoencaID, Nome, Descricao, Sintomas) VALUES (126, "Mononucleosis", "description", "symptoms");
INSERT INTO Doenca (DoencaID, Nome, Descricao, Sintomas) VALUES (127, "Neoplasm", "description", "symptoms");
INSERT INTO Doenca (DoencaID, Nome, Descricao, Sintomas) VALUES (128, "Non-gonococcal urethritis", "description", "symptoms");
INSERT INTO Doenca (DoencaID, Nome, Descricao, Sintomas) VALUES (129, "Necrotizing Fasciitis", "description", "symptoms");
INSERT INTO Doenca (DoencaID, Nome, Descricao, Sintomas) VALUES (130, "Night blindness", "description", "symptoms");
INSERT INTO Doenca (DoencaID, Nome, Descricao, Sintomas) VALUES (131, "Obesity", "description", "symptoms");
INSERT INTO Doenca (DoencaID, Nome, Descricao, Sintomas) VALUES (132, "Osteoarthritis", "description", "symptoms");
INSERT INTO Doenca (DoencaID, Nome, Descricao, Sintomas) VALUES (133, "Osteoporosis", "description", "symptoms");
INSERT INTO Doenca (DoencaID, Nome, Descricao, Sintomas) VALUES (134, "Otitis", "description", "symptoms");
INSERT INTO Doenca (DoencaID, Nome, Descricao, Sintomas) VALUES (135, "Palindromic rheumatism", "description", "symptoms");
INSERT INTO Doenca (DoencaID, Nome, Descricao, Sintomas) VALUES (136, "Paratyphoid fever", "description", "symptoms");
INSERT INTO Doenca (DoencaID, Nome, Descricao, Sintomas) VALUES (137, "Parkinson's disease", "description", "symptoms");
INSERT INTO Doenca (DoencaID, Nome, Descricao, Sintomas) VALUES (138, "Pelvic inflammatory disease", "description", "symptoms");
INSERT INTO Doenca (DoencaID, Nome, Descricao, Sintomas) VALUES (139, "Peritonitis", "description", "symptoms");
INSERT INTO Doenca (DoencaID, Nome, Descricao, Sintomas) VALUES (140, "Periodontal disease", "description", "symptoms");
INSERT INTO Doenca (DoencaID, Nome, Descricao, Sintomas) VALUES (141, "Pertussis", "description", "symptoms");
INSERT INTO Doenca (DoencaID, Nome, Descricao, Sintomas) VALUES (142, "Phenylketonuria", "description", "symptoms");
INSERT INTO Doenca (DoencaID, Nome, Descricao, Sintomas) VALUES (143, "Plague", "description", "symptoms");
INSERT INTO Doenca (DoencaID, Nome, Descricao, Sintomas) VALUES (144, "Poliomyelitis", "description", "symptoms");
INSERT INTO Doenca (DoencaID, Nome, Descricao, Sintomas) VALUES (145, "Porphyria", "description", "symptoms");
INSERT INTO Doenca (DoencaID, Nome, Descricao, Sintomas) VALUES (146, "Progeria", "description", "symptoms");
INSERT INTO Doenca (DoencaID, Nome, Descricao, Sintomas) VALUES (147, "Prostatitis", "description", "symptoms");
INSERT INTO Doenca (DoencaID, Nome, Descricao, Sintomas) VALUES (148, "Psittacosis", "description", "symptoms");
INSERT INTO Doenca (DoencaID, Nome, Descricao, Sintomas) VALUES (149, "Psoriasis", "description", "symptoms");
INSERT INTO Doenca (DoencaID, Nome, Descricao, Sintomas) VALUES (150, "Pubic lice", "description", "symptoms");
INSERT INTO Doenca (DoencaID, Nome, Descricao, Sintomas) VALUES (151, "Pulmonary embolism", "description", "symptoms");
INSERT INTO Doenca (DoencaID, Nome, Descricao, Sintomas) VALUES (152, "Pilia", "description", "symptoms");
INSERT INTO Doenca (DoencaID, Nome, Descricao, Sintomas) VALUES (153, "pneumonia", "description", "symptoms");
INSERT INTO Doenca (DoencaID, Nome, Descricao, Sintomas) VALUES (154, "Q fever", "description", "symptoms");
INSERT INTO Doenca (DoencaID, Nome, Descricao, Sintomas) VALUES (155, "Ques fever", "description", "symptoms");
INSERT INTO Doenca (DoencaID, Nome, Descricao, Sintomas) VALUES (156, "Rabies", "description", "symptoms");
INSERT INTO Doenca (DoencaID, Nome, Descricao, Sintomas) VALUES (157, "Repetitive strain injury", "description", "symptoms");
INSERT INTO Doenca (DoencaID, Nome, Descricao, Sintomas) VALUES (158, "Rheumatic fever", "description", "symptoms");
INSERT INTO Doenca (DoencaID, Nome, Descricao, Sintomas) VALUES (159, "Rheumatic heart", "description", "symptoms");
INSERT INTO Doenca (DoencaID, Nome, Descricao, Sintomas) VALUES (160, "Rheumatism", "description", "symptoms");
INSERT INTO Doenca (DoencaID, Nome, Descricao, Sintomas) VALUES (161, "Rheumatoid arthritis", "description", "symptoms");
INSERT INTO Doenca (DoencaID, Nome, Descricao, Sintomas) VALUES (162, "Rickets", "description", "symptoms");
INSERT INTO Doenca (DoencaID, Nome, Descricao, Sintomas) VALUES (163, "Rift Valley fever", "description", "symptoms");
INSERT INTO Doenca (DoencaID, Nome, Descricao, Sintomas) VALUES (164, "Rocky Mountain spotted fever", "description", "symptoms");
INSERT INTO Doenca (DoencaID, Nome, Descricao, Sintomas) VALUES (165, "Rubella", "description", "symptoms");
INSERT INTO Doenca (DoencaID, Nome, Descricao, Sintomas) VALUES (166, "Salmonellosis", "description", "symptoms");
INSERT INTO Doenca (DoencaID, Nome, Descricao, Sintomas) VALUES (167, "Scabies", "description", "symptoms");
INSERT INTO Doenca (DoencaID, Nome, Descricao, Sintomas) VALUES (168, "Scarlet fever", "description", "symptoms");
INSERT INTO Doenca (DoencaID, Nome, Descricao, Sintomas) VALUES (169, "Sciatica", "description", "symptoms");
INSERT INTO Doenca (DoencaID, Nome, Descricao, Sintomas) VALUES (170, "Scleroderma", "description", "symptoms");
INSERT INTO Doenca (DoencaID, Nome, Descricao, Sintomas) VALUES (171, "Scrapie", "description", "symptoms");
INSERT INTO Doenca (DoencaID, Nome, Descricao, Sintomas) VALUES (172, "Scurvy", "description", "symptoms");
INSERT INTO Doenca (DoencaID, Nome, Descricao, Sintomas) VALUES (173, "Sepsis", "description", "symptoms");
INSERT INTO Doenca (DoencaID, Nome, Descricao, Sintomas) VALUES (174, "Septicemia", "description", "symptoms");
INSERT INTO Doenca (DoencaID, Nome, Descricao, Sintomas) VALUES (175, "SARS", "description", "symptoms");
INSERT INTO Doenca (DoencaID, Nome, Descricao, Sintomas) VALUES (176, "Shigellosis", "description", "symptoms");
INSERT INTO Doenca (DoencaID, Nome, Descricao, Sintomas) VALUES (177, "Shin splints", "description", "symptoms");
INSERT INTO Doenca (DoencaID, Nome, Descricao, Sintomas) VALUES (178, "Shingles", "description", "symptoms");
INSERT INTO Doenca (DoencaID, Nome, Descricao, Sintomas) VALUES (179, "Sickle-cell anemia", "description", "symptoms");
INSERT INTO Doenca (DoencaID, Nome, Descricao, Sintomas) VALUES (180, "Siderosis", "description", "symptoms");
INSERT INTO Doenca (DoencaID, Nome, Descricao, Sintomas) VALUES (181, "SIDS", "description", "symptoms");
INSERT INTO Doenca (DoencaID, Nome, Descricao, Sintomas) VALUES (182, "Silicosis", "description", "symptoms");
INSERT INTO Doenca (DoencaID, Nome, Descricao, Sintomas) VALUES (183, "Smallpox", "description", "symptoms");
INSERT INTO Doenca (DoencaID, Nome, Descricao, Sintomas) VALUES (184, "Stevens–Johnson syndrome", "description", "symptoms");
INSERT INTO Doenca (DoencaID, Nome, Descricao, Sintomas) VALUES (185, "Stomach flu", "description", "symptoms");
INSERT INTO Doenca (DoencaID, Nome, Descricao, Sintomas) VALUES (186, "Stomach ulcers", "description", "symptoms");
INSERT INTO Doenca (DoencaID, Nome, Descricao, Sintomas) VALUES (187, "Strabismus", "description", "symptoms");
INSERT INTO Doenca (DoencaID, Nome, Descricao, Sintomas) VALUES (188, "Strep throat", "description", "symptoms");
INSERT INTO Doenca (DoencaID, Nome, Descricao, Sintomas) VALUES (189, "Streptococcal infection", "description", "symptoms");
INSERT INTO Doenca (DoencaID, Nome, Descricao, Sintomas) VALUES (190, "Synovitis", "description", "symptoms");
INSERT INTO Doenca (DoencaID, Nome, Descricao, Sintomas) VALUES (191, "Syphilis", "description", "symptoms");
INSERT INTO Doenca (DoencaID, Nome, Descricao, Sintomas) VALUES (192, "Swine influenza", "description", "symptoms");
INSERT INTO Doenca (DoencaID, Nome, Descricao, Sintomas) VALUES (193, "Schizophrenia", "description", "symptoms");
INSERT INTO Doenca (DoencaID, Nome, Descricao, Sintomas) VALUES (194, "Taeniasis", "description", "symptoms");
INSERT INTO Doenca (DoencaID, Nome, Descricao, Sintomas) VALUES (195, "Tay-Sachs disease", "description", "symptoms");
INSERT INTO Doenca (DoencaID, Nome, Descricao, Sintomas) VALUES (196, "Tennis elbow", "description", "symptoms");
INSERT INTO Doenca (DoencaID, Nome, Descricao, Sintomas) VALUES (197, "Teratoma", "description", "symptoms");
INSERT INTO Doenca (DoencaID, Nome, Descricao, Sintomas) VALUES (198, "Tetanus", "description", "symptoms");
INSERT INTO Doenca (DoencaID, Nome, Descricao, Sintomas) VALUES (199, "Thalassaemia", "description", "symptoms");
INSERT INTO Doenca (DoencaID, Nome, Descricao, Sintomas) VALUES (200, "Thrush", "description", "symptoms");
INSERT INTO Doenca (DoencaID, Nome, Descricao, Sintomas) VALUES (201, "Thymoma", "description", "symptoms");
INSERT INTO Doenca (DoencaID, Nome, Descricao, Sintomas) VALUES (202, "Tinnitus", "description", "symptoms");
INSERT INTO Doenca (DoencaID, Nome, Descricao, Sintomas) VALUES (203, "Tonsillitis", "description", "symptoms");
INSERT INTO Doenca (DoencaID, Nome, Descricao, Sintomas) VALUES (204, "Tooth decay", "description", "symptoms");
INSERT INTO Doenca (DoencaID, Nome, Descricao, Sintomas) VALUES (205, "Toxic shock syndrome", "description", "symptoms");
INSERT INTO Doenca (DoencaID, Nome, Descricao, Sintomas) VALUES (206, "Trichinosis", "description", "symptoms");
INSERT INTO Doenca (DoencaID, Nome, Descricao, Sintomas) VALUES (207, "Trichomoniasis", "description", "symptoms");
INSERT INTO Doenca (DoencaID, Nome, Descricao, Sintomas) VALUES (208, "Trisomy", "description", "symptoms");
INSERT INTO Doenca (DoencaID, Nome, Descricao, Sintomas) VALUES (209, "Tuberculosis", "description", "symptoms");
INSERT INTO Doenca (DoencaID, Nome, Descricao, Sintomas) VALUES (210, "Tularemia", "description", "symptoms");
INSERT INTO Doenca (DoencaID, Nome, Descricao, Sintomas) VALUES (211, "Tungiasis", "description", "symptoms");
INSERT INTO Doenca (DoencaID, Nome, Descricao, Sintomas) VALUES (212, "Typhoid fever", "description", "symptoms");
INSERT INTO Doenca (DoencaID, Nome, Descricao, Sintomas) VALUES (213, "Typhus", "description", "symptoms");
INSERT INTO Doenca (DoencaID, Nome, Descricao, Sintomas) VALUES (214, "Tumor", "description", "symptoms");
INSERT INTO Doenca (DoencaID, Nome, Descricao, Sintomas) VALUES (215, "Ulcerative colitis", "description", "symptoms");
INSERT INTO Doenca (DoencaID, Nome, Descricao, Sintomas) VALUES (216, "Ulcers", "description", "symptoms");
INSERT INTO Doenca (DoencaID, Nome, Descricao, Sintomas) VALUES (217, "Uremia", "description", "symptoms");
INSERT INTO Doenca (DoencaID, Nome, Descricao, Sintomas) VALUES (218, "Urticaria", "description", "symptoms");
INSERT INTO Doenca (DoencaID, Nome, Descricao, Sintomas) VALUES (219, "Uveitis", "description", "symptoms");
INSERT INTO Doenca (DoencaID, Nome, Descricao, Sintomas) VALUES (220, "UTI'S", "description", "symptoms");
INSERT INTO Doenca (DoencaID, Nome, Descricao, Sintomas) VALUES (221, "Varicella", "description", "symptoms");
INSERT INTO Doenca (DoencaID, Nome, Descricao, Sintomas) VALUES (222, "Varicose veins", "description", "symptoms");
INSERT INTO Doenca (DoencaID, Nome, Descricao, Sintomas) VALUES (223, "Vasovagal syncope", "description", "symptoms");
INSERT INTO Doenca (DoencaID, Nome, Descricao, Sintomas) VALUES (224, "Vitiligo", "description", "symptoms");
INSERT INTO Doenca (DoencaID, Nome, Descricao, Sintomas) VALUES (225, "Von Hippel-Lindau disease", "description", "symptoms");
INSERT INTO Doenca (DoencaID, Nome, Descricao, Sintomas) VALUES (226, "Viral fever", "description", "symptoms");
INSERT INTO Doenca (DoencaID, Nome, Descricao, Sintomas) VALUES (227, "Viral meningitis", "description", "symptoms");
INSERT INTO Doenca (DoencaID, Nome, Descricao, Sintomas) VALUES (228, "Warkany syndrome", "description", "symptoms");
INSERT INTO Doenca (DoencaID, Nome, Descricao, Sintomas) VALUES (229, "Warts", "description", "symptoms");
INSERT INTO Doenca (DoencaID, Nome, Descricao, Sintomas) VALUES (230, "Watkins", "description", "symptoms");
INSERT INTO Doenca (DoencaID, Nome, Descricao, Sintomas) VALUES (231, "Yellow fever", "description", "symptoms");
INSERT INTO Doenca (DoencaID, Nome, Descricao, Sintomas) VALUES (232, "Yersiniosis", "description", "symptoms");


-- Specialities
INSERT INTO Especializacao (EspecializacaoID, Nome) VALUES (1, "Anatomia Patológica");
INSERT INTO Especializacao (EspecializacaoID, Nome) VALUES (2, "Anestesiologia");
INSERT INTO Especializacao (EspecializacaoID, Nome) VALUES (3, "Angiologia e Cirurgia Vascular");
INSERT INTO Especializacao (EspecializacaoID, Nome) VALUES (4, "Cardiologia");
INSERT INTO Especializacao (EspecializacaoID, Nome) VALUES (5, "Cardiologia Pediátrica");
INSERT INTO Especializacao (EspecializacaoID, Nome) VALUES (6, "Cirurgia Cardíaca");
INSERT INTO Especializacao (EspecializacaoID, Nome) VALUES (7, "Cirurgia Cardiotorácica");
INSERT INTO Especializacao (EspecializacaoID, Nome) VALUES (8, "Cirurgia Geral");
INSERT INTO Especializacao (EspecializacaoID, Nome) VALUES (9, "Cirurgia Maxilofacial");
INSERT INTO Especializacao (EspecializacaoID, Nome) VALUES (10, "Cirurgia Pediátrica");
INSERT INTO Especializacao (EspecializacaoID, Nome) VALUES (11, "Cirurgia Plástica Reconstrutiva e Estética");
INSERT INTO Especializacao (EspecializacaoID, Nome) VALUES (12, "Cirurgia Torácica");
INSERT INTO Especializacao (EspecializacaoID, Nome) VALUES (13, "Dermatovenereologia");
INSERT INTO Especializacao (EspecializacaoID, Nome) VALUES (14, "Doenças Infecciosas");
INSERT INTO Especializacao (EspecializacaoID, Nome) VALUES (15, "Endocrinologia e Nutrição");
INSERT INTO Especializacao (EspecializacaoID, Nome) VALUES (16, "Estomatologia");
INSERT INTO Especializacao (EspecializacaoID, Nome) VALUES (17, "Gastrenterologia");
INSERT INTO Especializacao (EspecializacaoID, Nome) VALUES (18, "Genética Médica");
INSERT INTO Especializacao (EspecializacaoID, Nome) VALUES (19, "Ginecologia/Obstetrícia");
INSERT INTO Especializacao (EspecializacaoID, Nome) VALUES (20, "Imunoalergologia");
INSERT INTO Especializacao (EspecializacaoID, Nome) VALUES (21, "Imuno-hemoterapia");
INSERT INTO Especializacao (EspecializacaoID, Nome) VALUES (22, "Farmacologia Clínica");
INSERT INTO Especializacao (EspecializacaoID, Nome) VALUES (23, "Hematologia Clínica");
INSERT INTO Especializacao (EspecializacaoID, Nome) VALUES (24, "Medicina Desportiva");
INSERT INTO Especializacao (EspecializacaoID, Nome) VALUES (25, "Medicina do Trabalho");
INSERT INTO Especializacao (EspecializacaoID, Nome) VALUES (26, "Medicina Física e Reabilitação");
INSERT INTO Especializacao (EspecializacaoID, Nome) VALUES (27, "Medicina Geral e Familiar");
INSERT INTO Especializacao (EspecializacaoID, Nome) VALUES (28, "Medicina Intensiva");
INSERT INTO Especializacao (EspecializacaoID, Nome) VALUES (29, "Medicina Interna");
INSERT INTO Especializacao (EspecializacaoID, Nome) VALUES (30, "Medicina Legal");
INSERT INTO Especializacao (EspecializacaoID, Nome) VALUES (31, "Medicina Nuclear");
INSERT INTO Especializacao (EspecializacaoID, Nome) VALUES (32, "Medicina Tropical");
INSERT INTO Especializacao (EspecializacaoID, Nome) VALUES (33, "Nefrologia");
INSERT INTO Especializacao (EspecializacaoID, Nome) VALUES (34, "Neurocirurgia");
INSERT INTO Especializacao (EspecializacaoID, Nome) VALUES (35, "Neurologia");
INSERT INTO Especializacao (EspecializacaoID, Nome) VALUES (36, "Neurorradiologia");
INSERT INTO Especializacao (EspecializacaoID, Nome) VALUES (37, "Oftalmologia");
INSERT INTO Especializacao (EspecializacaoID, Nome) VALUES (38, "Oncologia Médica");
INSERT INTO Especializacao (EspecializacaoID, Nome) VALUES (39, "Ortopedia");
INSERT INTO Especializacao (EspecializacaoID, Nome) VALUES (40, "Otorrinolaringologia");
INSERT INTO Especializacao (EspecializacaoID, Nome) VALUES (41, "Patologia Clínica");
INSERT INTO Especializacao (EspecializacaoID, Nome) VALUES (42, "Pediatria");
INSERT INTO Especializacao (EspecializacaoID, Nome) VALUES (43, "Pneumologia");
INSERT INTO Especializacao (EspecializacaoID, Nome) VALUES (44, "Psiquiatria");
INSERT INTO Especializacao (EspecializacaoID, Nome) VALUES (45, "Psiquiatria da Infância e da Adolescência");
INSERT INTO Especializacao (EspecializacaoID, Nome) VALUES (46, "Radiologia");
INSERT INTO Especializacao (EspecializacaoID, Nome) VALUES (47, "Radioncologia");
INSERT INTO Especializacao (EspecializacaoID, Nome) VALUES (48, "Reumatologia");
INSERT INTO Especializacao (EspecializacaoID, Nome) VALUES (49, "Saúde Pública");
INSERT INTO Especializacao (EspecializacaoID, Nome) VALUES (50, "Urologia");


-- Rooms
INSERT INTO Quarto (Numero) VALUES (100);
INSERT INTO Quarto (Numero) VALUES (101);
INSERT INTO Quarto (Numero) VALUES (102);
INSERT INTO Quarto (Numero) VALUES (103);
INSERT INTO Quarto (Numero) VALUES (104);
INSERT INTO Quarto (Numero) VALUES (105);
INSERT INTO Quarto (Numero) VALUES (106);
INSERT INTO Quarto (Numero) VALUES (107);
INSERT INTO Quarto (Numero) VALUES (108);
INSERT INTO Quarto (Numero) VALUES (109);
INSERT INTO Quarto (Numero) VALUES (110);
INSERT INTO Quarto (Numero) VALUES (111);
INSERT INTO Quarto (Numero) VALUES (112);
INSERT INTO Quarto (Numero) VALUES (113);
INSERT INTO Quarto (Numero) VALUES (114);
INSERT INTO Quarto (Numero) VALUES (115);
INSERT INTO Quarto (Numero) VALUES (116);
INSERT INTO Quarto (Numero) VALUES (117);
INSERT INTO Quarto (Numero) VALUES (118);
INSERT INTO Quarto (Numero) VALUES (119);
INSERT INTO Quarto (Numero) VALUES (120);
INSERT INTO Quarto (Numero) VALUES (121);
INSERT INTO Quarto (Numero) VALUES (122);
INSERT INTO Quarto (Numero) VALUES (123);
INSERT INTO Quarto (Numero) VALUES (124);
INSERT INTO Quarto (Numero) VALUES (125);
INSERT INTO Quarto (Numero) VALUES (126);
INSERT INTO Quarto (Numero) VALUES (127);
INSERT INTO Quarto (Numero) VALUES (128);
INSERT INTO Quarto (Numero) VALUES (129);
INSERT INTO Quarto (Numero) VALUES (130);
INSERT INTO Quarto (Numero) VALUES (131);
INSERT INTO Quarto (Numero) VALUES (132);
INSERT INTO Quarto (Numero) VALUES (133);
INSERT INTO Quarto (Numero) VALUES (134);
INSERT INTO Quarto (Numero) VALUES (135);
INSERT INTO Quarto (Numero) VALUES (136);
INSERT INTO Quarto (Numero) VALUES (137);
INSERT INTO Quarto (Numero) VALUES (138);
INSERT INTO Quarto (Numero) VALUES (139);
INSERT INTO Quarto (Numero) VALUES (140);
INSERT INTO Quarto (Numero) VALUES (141);
INSERT INTO Quarto (Numero) VALUES (142);
INSERT INTO Quarto (Numero) VALUES (143);
INSERT INTO Quarto (Numero) VALUES (144);
INSERT INTO Quarto (Numero) VALUES (145);
INSERT INTO Quarto (Numero) VALUES (146);
INSERT INTO Quarto (Numero) VALUES (147);
INSERT INTO Quarto (Numero) VALUES (148);
INSERT INTO Quarto (Numero) VALUES (149);
INSERT INTO Quarto (Numero) VALUES (150);
INSERT INTO Quarto (Numero) VALUES (151);
INSERT INTO Quarto (Numero) VALUES (152);
INSERT INTO Quarto (Numero) VALUES (153);
INSERT INTO Quarto (Numero) VALUES (154);
INSERT INTO Quarto (Numero) VALUES (155);
INSERT INTO Quarto (Numero) VALUES (156);
INSERT INTO Quarto (Numero) VALUES (157);
INSERT INTO Quarto (Numero) VALUES (158);
INSERT INTO Quarto (Numero) VALUES (159);
INSERT INTO Quarto (Numero) VALUES (160);
INSERT INTO Quarto (Numero) VALUES (161);
INSERT INTO Quarto (Numero) VALUES (162);
INSERT INTO Quarto (Numero) VALUES (163);
INSERT INTO Quarto (Numero) VALUES (164);
INSERT INTO Quarto (Numero) VALUES (165);
INSERT INTO Quarto (Numero) VALUES (166);
INSERT INTO Quarto (Numero) VALUES (167);
INSERT INTO Quarto (Numero) VALUES (168);
INSERT INTO Quarto (Numero) VALUES (169);
INSERT INTO Quarto (Numero) VALUES (170);
INSERT INTO Quarto (Numero) VALUES (171);
INSERT INTO Quarto (Numero) VALUES (172);
INSERT INTO Quarto (Numero) VALUES (173);
INSERT INTO Quarto (Numero) VALUES (174);
INSERT INTO Quarto (Numero) VALUES (175);
INSERT INTO Quarto (Numero) VALUES (176);
INSERT INTO Quarto (Numero) VALUES (177);
INSERT INTO Quarto (Numero) VALUES (178);
INSERT INTO Quarto (Numero) VALUES (179);
INSERT INTO Quarto (Numero) VALUES (180);
INSERT INTO Quarto (Numero) VALUES (181);
INSERT INTO Quarto (Numero) VALUES (182);
INSERT INTO Quarto (Numero) VALUES (183);
INSERT INTO Quarto (Numero) VALUES (184);
INSERT INTO Quarto (Numero) VALUES (185);
INSERT INTO Quarto (Numero) VALUES (186);
INSERT INTO Quarto (Numero) VALUES (187);
INSERT INTO Quarto (Numero) VALUES (188);
INSERT INTO Quarto (Numero) VALUES (189);
INSERT INTO Quarto (Numero) VALUES (190);
INSERT INTO Quarto (Numero) VALUES (191);
INSERT INTO Quarto (Numero) VALUES (192);
INSERT INTO Quarto (Numero) VALUES (193);
INSERT INTO Quarto (Numero) VALUES (194);
INSERT INTO Quarto (Numero) VALUES (195);
INSERT INTO Quarto (Numero) VALUES (196);
INSERT INTO Quarto (Numero) VALUES (197);
INSERT INTO Quarto (Numero) VALUES (198);
INSERT INTO Quarto (Numero) VALUES (199);
INSERT INTO Quarto (Numero) VALUES (200);
INSERT INTO Quarto (Numero) VALUES (201);
INSERT INTO Quarto (Numero) VALUES (202);
INSERT INTO Quarto (Numero) VALUES (203);
INSERT INTO Quarto (Numero) VALUES (204);
INSERT INTO Quarto (Numero) VALUES (205);
INSERT INTO Quarto (Numero) VALUES (206);
INSERT INTO Quarto (Numero) VALUES (207);
INSERT INTO Quarto (Numero) VALUES (208);
INSERT INTO Quarto (Numero) VALUES (209);
INSERT INTO Quarto (Numero) VALUES (210);
INSERT INTO Quarto (Numero) VALUES (211);
INSERT INTO Quarto (Numero) VALUES (212);
INSERT INTO Quarto (Numero) VALUES (213);
INSERT INTO Quarto (Numero) VALUES (214);
INSERT INTO Quarto (Numero) VALUES (215);
INSERT INTO Quarto (Numero) VALUES (216);
INSERT INTO Quarto (Numero) VALUES (217);
INSERT INTO Quarto (Numero) VALUES (218);
INSERT INTO Quarto (Numero) VALUES (219);
INSERT INTO Quarto (Numero) VALUES (220);
INSERT INTO Quarto (Numero) VALUES (221);
INSERT INTO Quarto (Numero) VALUES (222);
INSERT INTO Quarto (Numero) VALUES (223);
INSERT INTO Quarto (Numero) VALUES (224);
INSERT INTO Quarto (Numero) VALUES (225);
INSERT INTO Quarto (Numero) VALUES (226);
INSERT INTO Quarto (Numero) VALUES (227);
INSERT INTO Quarto (Numero) VALUES (228);
INSERT INTO Quarto (Numero) VALUES (229);
INSERT INTO Quarto (Numero) VALUES (230);
INSERT INTO Quarto (Numero) VALUES (231);
INSERT INTO Quarto (Numero) VALUES (232);
INSERT INTO Quarto (Numero) VALUES (233);
INSERT INTO Quarto (Numero) VALUES (234);
INSERT INTO Quarto (Numero) VALUES (235);
INSERT INTO Quarto (Numero) VALUES (236);
INSERT INTO Quarto (Numero) VALUES (237);
INSERT INTO Quarto (Numero) VALUES (238);
INSERT INTO Quarto (Numero) VALUES (239);
INSERT INTO Quarto (Numero) VALUES (240);
INSERT INTO Quarto (Numero) VALUES (241);
INSERT INTO Quarto (Numero) VALUES (242);
INSERT INTO Quarto (Numero) VALUES (243);
INSERT INTO Quarto (Numero) VALUES (244);
INSERT INTO Quarto (Numero) VALUES (245);
INSERT INTO Quarto (Numero) VALUES (246);
INSERT INTO Quarto (Numero) VALUES (247);
INSERT INTO Quarto (Numero) VALUES (248);
INSERT INTO Quarto (Numero) VALUES (249);


-- Health Subsystems
INSERT INTO SubsistemaSaude (SubsistemaSaudeID, Nome) VALUES (1, "ADSE");
INSERT INTO SubsistemaSaude (SubsistemaSaudeID, Nome) VALUES (2, "PSP");
INSERT INTO SubsistemaSaude (SubsistemaSaudeID, Nome) VALUES (3, "GNR");
INSERT INTO SubsistemaSaude (SubsistemaSaudeID, Nome) VALUES (4, "SSMJ");


-- Schedule
INSERT INTO Horario (HorarioID, DiaSemana, HoraInicio, HoraFim) VALUES (1, "Segunda", "00:00", "04:00");
INSERT INTO Horario (HorarioID, DiaSemana, HoraInicio, HoraFim) VALUES (2, "Segunda", "04:00", "10:15");
INSERT INTO Horario (HorarioID, DiaSemana, HoraInicio, HoraFim) VALUES (3, "Segunda", "10:15", "20:30");
INSERT INTO Horario (HorarioID, DiaSemana, HoraInicio, HoraFim) VALUES (4, "Segunda", "20:30", "23:59");
INSERT INTO Horario (HorarioID, DiaSemana, HoraInicio, HoraFim) VALUES (5, "Terca", "00:00", "04:15");
INSERT INTO Horario (HorarioID, DiaSemana, HoraInicio, HoraFim) VALUES (6, "Terca", "04:15", "10:30");
INSERT INTO Horario (HorarioID, DiaSemana, HoraInicio, HoraFim) VALUES (7, "Terca", "10:30", "14:15");
INSERT INTO Horario (HorarioID, DiaSemana, HoraInicio, HoraFim) VALUES (8, "Terca", "14:15", "20:45");
INSERT INTO Horario (HorarioID, DiaSemana, HoraInicio, HoraFim) VALUES (9, "Terca", "20:45", "23:59");
INSERT INTO Horario (HorarioID, DiaSemana, HoraInicio, HoraFim) VALUES (10, "Quarta", "00:00", "12:15");
INSERT INTO Horario (HorarioID, DiaSemana, HoraInicio, HoraFim) VALUES (11, "Quarta", "12:15", "16:00");
INSERT INTO Horario (HorarioID, DiaSemana, HoraInicio, HoraFim) VALUES (12, "Quarta", "16:00", "23:45");
INSERT INTO Horario (HorarioID, DiaSemana, HoraInicio, HoraFim) VALUES (13, "Quarta", "23:45", "23:59");
INSERT INTO Horario (HorarioID, DiaSemana, HoraInicio, HoraFim) VALUES (14, "Quinta", "00:00", "04:15");
INSERT INTO Horario (HorarioID, DiaSemana, HoraInicio, HoraFim) VALUES (15, "Quinta", "04:15", "12:15");
INSERT INTO Horario (HorarioID, DiaSemana, HoraInicio, HoraFim) VALUES (16, "Quinta", "12:15", "20:00");
INSERT INTO Horario (HorarioID, DiaSemana, HoraInicio, HoraFim) VALUES (17, "Quinta", "20:00", "23:59");
INSERT INTO Horario (HorarioID, DiaSemana, HoraInicio, HoraFim) VALUES (18, "Sexta", "00:00", "10:30");
INSERT INTO Horario (HorarioID, DiaSemana, HoraInicio, HoraFim) VALUES (19, "Sexta", "10:30", "14:45");
INSERT INTO Horario (HorarioID, DiaSemana, HoraInicio, HoraFim) VALUES (20, "Sexta", "14:45", "20:00");
INSERT INTO Horario (HorarioID, DiaSemana, HoraInicio, HoraFim) VALUES (21, "Sexta", "20:00", "23:59");
INSERT INTO Horario (HorarioID, DiaSemana, HoraInicio, HoraFim) VALUES (22, "Sabado", "00:00", "06:45");
INSERT INTO Horario (HorarioID, DiaSemana, HoraInicio, HoraFim) VALUES (23, "Sabado", "06:45", "16:30");
INSERT INTO Horario (HorarioID, DiaSemana, HoraInicio, HoraFim) VALUES (24, "Sabado", "16:30", "22:00");
INSERT INTO Horario (HorarioID, DiaSemana, HoraInicio, HoraFim) VALUES (25, "Sabado", "22:00", "23:59");
INSERT INTO Horario (HorarioID, DiaSemana, HoraInicio, HoraFim) VALUES (26, "Domingo", "00:00", "06:15");
INSERT INTO Horario (HorarioID, DiaSemana, HoraInicio, HoraFim) VALUES (27, "Domingo", "06:15", "10:30");
INSERT INTO Horario (HorarioID, DiaSemana, HoraInicio, HoraFim) VALUES (28, "Domingo", "10:30", "16:15");
INSERT INTO Horario (HorarioID, DiaSemana, HoraInicio, HoraFim) VALUES (29, "Domingo", "16:15", "23:15");
INSERT INTO Horario (HorarioID, DiaSemana, HoraInicio, HoraFim) VALUES (30, "Domingo", "23:15", "23:59");


-- Patients
INSERT INTO Pessoa (PessoaID, NumIdentificacao, Nome, Morada, Telefone, NumeroBeneficiario, Sexo, DataNascimento) VALUES (1, 52455593, "Clarence Bickerstaff", "morada", 962175813, 945101984, "M", "17/04/1997 18:20:27");
INSERT INTO Paciente (PessoaID, GrupoSanguineo, SubsistemaSaude) VALUES (1, "A-", 1);
INSERT INTO Pessoa (PessoaID, NumIdentificacao, Nome, Morada, Telefone, NumeroBeneficiario, Sexo, DataNascimento) VALUES (2, 14613077, "Peter Mitchell", "morada", 952605577, 600239534, "M", "22/06/2017 20:59:39");
INSERT INTO Paciente (PessoaID, GrupoSanguineo) VALUES (2, "O-");
INSERT INTO Pessoa (PessoaID, NumIdentificacao, Nome, Morada, Telefone, NumeroBeneficiario, Sexo, DataNascimento) VALUES (3, 84034409, "Bryan Hughes", "morada", 933289013, 610072908, "M", "10/06/1978 08:08:03");
INSERT INTO Paciente (PessoaID, GrupoSanguineo, SubsistemaSaude) VALUES (3, "B+", 1);
INSERT INTO Pessoa (PessoaID, NumIdentificacao, Nome, Morada, Telefone, NumeroBeneficiario, Sexo, DataNascimento) VALUES (4, 53643419, "Victor Tavolario", "morada", 957472813, 646736205, "M", "10/10/1996 12:53:56");
INSERT INTO Paciente (PessoaID, GrupoSanguineo) VALUES (4, "B+");
INSERT INTO Pessoa (PessoaID, NumIdentificacao, Nome, Morada, Telefone, NumeroBeneficiario, Sexo, DataNascimento) VALUES (5, 80833077, "Abel Tomlinson", "morada", 981669259, 130364792, "M", "04/07/1982 13:36:55");
INSERT INTO Paciente (PessoaID, GrupoSanguineo, SubsistemaSaude) VALUES (5, "A-", 2);
INSERT INTO Pessoa (PessoaID, NumIdentificacao, Nome, Morada, Telefone, NumeroBeneficiario, Sexo, DataNascimento) VALUES (6, 28487663, "Alice Bush", "morada", 965954898, 881381108, "F", "19/02/2012 12:28:12");
INSERT INTO Paciente (PessoaID, GrupoSanguineo, SubsistemaSaude) VALUES (6, "AB+", 1);
INSERT INTO Pessoa (PessoaID, NumIdentificacao, Nome, Morada, Telefone, NumeroBeneficiario, Sexo, DataNascimento) VALUES (7, 55183775, "Marc Hollomon", "morada", 976223203, 160940596, "M", "27/06/2013 00:32:00");
INSERT INTO Paciente (PessoaID, GrupoSanguineo, SubsistemaSaude) VALUES (7, "A+", 1);
INSERT INTO Pessoa (PessoaID, NumIdentificacao, Nome, Morada, Telefone, NumeroBeneficiario, Sexo, DataNascimento) VALUES (8, 53290255, "Susanne Gill", "morada", 982441541, 295352195, "F", "31/07/1977 04:47:51");
INSERT INTO Paciente (PessoaID, GrupoSanguineo) VALUES (8, "O-");
INSERT INTO Pessoa (PessoaID, NumIdentificacao, Nome, Morada, Telefone, NumeroBeneficiario, Sexo, DataNascimento) VALUES (9, 51044488, "Norman Gamez", "morada", 995468232, 470944276, "M", "18/09/1987 09:47:23");
INSERT INTO Paciente (PessoaID, GrupoSanguineo, SubsistemaSaude) VALUES (9, "O+", 2);
INSERT INTO Pessoa (PessoaID, NumIdentificacao, Nome, Morada, Telefone, NumeroBeneficiario, Sexo, DataNascimento) VALUES (10, 83472044, "William Jehlicka", "morada", 964976221, 310309089, "M", "23/06/2010 15:16:53");
INSERT INTO Paciente (PessoaID, GrupoSanguineo, SubsistemaSaude) VALUES (10, "A-", 1);
INSERT INTO Pessoa (PessoaID, NumIdentificacao, Nome, Morada, Telefone, NumeroBeneficiario, Sexo, DataNascimento) VALUES (11, 84703618, "Phillip Mcgrath", "morada", 969695422, 532055840, "M", "18/04/2016 17:31:40");
INSERT INTO Paciente (PessoaID, GrupoSanguineo) VALUES (11, "O-");
INSERT INTO Pessoa (PessoaID, NumIdentificacao, Nome, Morada, Telefone, NumeroBeneficiario, Sexo, DataNascimento) VALUES (12, 66357536, "Candice Guzman", "morada", 991983465, 708786831, "F", "11/05/2019 15:57:34");
INSERT INTO Paciente (PessoaID, GrupoSanguineo, SubsistemaSaude) VALUES (12, "O-", 3);
INSERT INTO Pessoa (PessoaID, NumIdentificacao, Nome, Morada, Telefone, NumeroBeneficiario, Sexo, DataNascimento) VALUES (13, 84313361, "Linda Monson", "morada", 937980387, 444465317, "F", "28/02/1999 13:04:31");
INSERT INTO Paciente (PessoaID, GrupoSanguineo, SubsistemaSaude) VALUES (13, "O-", 1);
INSERT INTO Pessoa (PessoaID, NumIdentificacao, Nome, Morada, Telefone, NumeroBeneficiario, Sexo, DataNascimento) VALUES (14, 62482891, "Miriam Harrington", "morada", 997789656, 295767035, "F", "26/08/1999 16:23:54");
INSERT INTO Paciente (PessoaID, GrupoSanguineo) VALUES (14, "A+");
INSERT INTO Pessoa (PessoaID, NumIdentificacao, Nome, Morada, Telefone, NumeroBeneficiario, Sexo, DataNascimento) VALUES (15, 17201009, "Linda Brantley", "morada", 956032388, 668594560, "F", "10/09/1983 05:22:34");
INSERT INTO Paciente (PessoaID, GrupoSanguineo) VALUES (15, "O+");
INSERT INTO Pessoa (PessoaID, NumIdentificacao, Nome, Morada, Telefone, NumeroBeneficiario, Sexo, DataNascimento) VALUES (16, 72770050, "Scott Newell", "morada", 984999637, 629174778, "M", "06/01/1989 04:07:24");
INSERT INTO Paciente (PessoaID, GrupoSanguineo) VALUES (16, "O+");
INSERT INTO Pessoa (PessoaID, NumIdentificacao, Nome, Morada, Telefone, NumeroBeneficiario, Sexo, DataNascimento) VALUES (17, 29721959, "Walter Drinkard", "morada", 940153260, 895126899, "M", "11/04/2013 16:20:48");
INSERT INTO Paciente (PessoaID, GrupoSanguineo) VALUES (17, "AB+");
INSERT INTO Pessoa (PessoaID, NumIdentificacao, Nome, Morada, Telefone, NumeroBeneficiario, Sexo, DataNascimento) VALUES (18, 73200433, "Angela Duncan", "morada", 980208356, 531877075, "F", "26/03/1983 02:06:24");
INSERT INTO Paciente (PessoaID, GrupoSanguineo, SubsistemaSaude) VALUES (18, "B+", 1);
INSERT INTO Pessoa (PessoaID, NumIdentificacao, Nome, Morada, Telefone, NumeroBeneficiario, Sexo, DataNascimento) VALUES (19, 48649364, "Eileen Wehn", "morada", 991239370, 342078352, "F", "28/11/1980 15:05:25");
INSERT INTO Paciente (PessoaID, GrupoSanguineo, SubsistemaSaude) VALUES (19, "A+", 1);
INSERT INTO Pessoa (PessoaID, NumIdentificacao, Nome, Morada, Telefone, NumeroBeneficiario, Sexo, DataNascimento) VALUES (20, 36963107, "Sharon Mitchell", "morada", 912157953, 316619380, "F", "14/03/2001 10:19:58");
INSERT INTO Paciente (PessoaID, GrupoSanguineo) VALUES (20, "B-");
INSERT INTO Pessoa (PessoaID, NumIdentificacao, Nome, Morada, Telefone, NumeroBeneficiario, Sexo, DataNascimento) VALUES (21, 39489480, "Gerardo Williams", "morada", 984673976, 235129382, "M", "26/12/1985 07:52:46");
INSERT INTO Paciente (PessoaID, GrupoSanguineo, SubsistemaSaude) VALUES (21, "AB-", 2);
INSERT INTO Pessoa (PessoaID, NumIdentificacao, Nome, Morada, Telefone, NumeroBeneficiario, Sexo, DataNascimento) VALUES (22, 45343808, "Annie Hoose", "morada", 945445218, 108303221, "F", "04/12/1972 07:14:28");
INSERT INTO Paciente (PessoaID, GrupoSanguineo) VALUES (22, "A+");
INSERT INTO Pessoa (PessoaID, NumIdentificacao, Nome, Morada, Telefone, NumeroBeneficiario, Sexo, DataNascimento) VALUES (23, 45845740, "Elaine Polin", "morada", 930196636, 724638566, "F", "01/11/2011 05:01:50");
INSERT INTO Paciente (PessoaID, GrupoSanguineo, SubsistemaSaude) VALUES (23, "A-", 1);
INSERT INTO Pessoa (PessoaID, NumIdentificacao, Nome, Morada, Telefone, NumeroBeneficiario, Sexo, DataNascimento) VALUES (24, 41751642, "Danny Shea", "morada", 996383122, 708505633, "M", "14/09/2019 17:52:01");
INSERT INTO Paciente (PessoaID, GrupoSanguineo) VALUES (24, "B-");
INSERT INTO Pessoa (PessoaID, NumIdentificacao, Nome, Morada, Telefone, NumeroBeneficiario, Sexo, DataNascimento) VALUES (25, 11319891, "Jaime Buckland", "morada", 941045886, 398936638, "F", "14/04/1991 09:56:14");
INSERT INTO Paciente (PessoaID, GrupoSanguineo) VALUES (25, "AB-");
INSERT INTO Pessoa (PessoaID, NumIdentificacao, Nome, Morada, Telefone, NumeroBeneficiario, Sexo, DataNascimento) VALUES (26, 56555563, "Francis Carter", "morada", 932356375, 533549765, "F", "14/12/2014 04:53:37");
INSERT INTO Paciente (PessoaID, GrupoSanguineo) VALUES (26, "O-");
INSERT INTO Pessoa (PessoaID, NumIdentificacao, Nome, Morada, Telefone, NumeroBeneficiario, Sexo, DataNascimento) VALUES (27, 21145705, "Katherine Burgess", "morada", 925432711, 344574464, "F", "15/09/1987 15:47:12");
INSERT INTO Paciente (PessoaID, GrupoSanguineo) VALUES (27, "A-");
INSERT INTO Pessoa (PessoaID, NumIdentificacao, Nome, Morada, Telefone, NumeroBeneficiario, Sexo, DataNascimento) VALUES (28, 56349049, "Evelyn Selover", "morada", 989879761, 448843521, "F", "25/01/1971 18:59:33");
INSERT INTO Paciente (PessoaID, GrupoSanguineo) VALUES (28, "O-");
INSERT INTO Pessoa (PessoaID, NumIdentificacao, Nome, Morada, Telefone, NumeroBeneficiario, Sexo, DataNascimento) VALUES (29, 53790136, "Ryan Feldkamp", "morada", 949195018, 622257835, "M", "10/10/1982 20:07:29");
INSERT INTO Paciente (PessoaID, GrupoSanguineo) VALUES (29, "AB-");
INSERT INTO Pessoa (PessoaID, NumIdentificacao, Nome, Morada, Telefone, NumeroBeneficiario, Sexo, DataNascimento) VALUES (30, 53620511, "Lori Baker", "morada", 920853549, 719763726, "F", "07/10/1981 19:23:37");
INSERT INTO Paciente (PessoaID, GrupoSanguineo, SubsistemaSaude) VALUES (30, "A+", 2);
INSERT INTO Pessoa (PessoaID, NumIdentificacao, Nome, Morada, Telefone, NumeroBeneficiario, Sexo, DataNascimento) VALUES (31, 78352994, "Tyler Alnutt", "morada", 926007975, 232544698, "M", "25/08/2005 19:34:34");
INSERT INTO Paciente (PessoaID, GrupoSanguineo) VALUES (31, "B-");
INSERT INTO Pessoa (PessoaID, NumIdentificacao, Nome, Morada, Telefone, NumeroBeneficiario, Sexo, DataNascimento) VALUES (32, 62971150, "Gloria Weyrick", "morada", 983372976, 246095034, "F", "11/03/1974 15:21:04");
INSERT INTO Paciente (PessoaID, GrupoSanguineo, SubsistemaSaude) VALUES (32, "A-", 2);
INSERT INTO Pessoa (PessoaID, NumIdentificacao, Nome, Morada, Telefone, NumeroBeneficiario, Sexo, DataNascimento) VALUES (33, 26887349, "Rosalyn Dubois", "morada", 912829451, 838183119, "F", "05/07/1996 06:53:29");
INSERT INTO Paciente (PessoaID, GrupoSanguineo) VALUES (33, "A-");
INSERT INTO Pessoa (PessoaID, NumIdentificacao, Nome, Morada, Telefone, NumeroBeneficiario, Sexo, DataNascimento) VALUES (34, 39366624, "Martha Handy", "morada", 932217745, 588963416, "F", "24/10/1975 17:40:37");
INSERT INTO Paciente (PessoaID, GrupoSanguineo) VALUES (34, "B+");
INSERT INTO Pessoa (PessoaID, NumIdentificacao, Nome, Morada, Telefone, NumeroBeneficiario, Sexo, DataNascimento) VALUES (35, 61361370, "Dorothy Simpson", "morada", 958038369, 662072261, "F", "05/12/2011 18:55:35");
INSERT INTO Paciente (PessoaID, GrupoSanguineo) VALUES (35, "B+");
INSERT INTO Pessoa (PessoaID, NumIdentificacao, Nome, Morada, Telefone, NumeroBeneficiario, Sexo, DataNascimento) VALUES (36, 59244206, "Alvin Young", "morada", 960086477, 313355023, "M", "13/03/2016 15:02:51");
INSERT INTO Paciente (PessoaID, GrupoSanguineo, SubsistemaSaude) VALUES (36, "O-", 1);
INSERT INTO Pessoa (PessoaID, NumIdentificacao, Nome, Morada, Telefone, NumeroBeneficiario, Sexo, DataNascimento) VALUES (37, 90179537, "Donald Ward", "morada", 955202554, 734190881, "M", "20/10/2011 09:48:27");
INSERT INTO Paciente (PessoaID, GrupoSanguineo, SubsistemaSaude) VALUES (37, "O+", 4);
INSERT INTO Pessoa (PessoaID, NumIdentificacao, Nome, Morada, Telefone, NumeroBeneficiario, Sexo, DataNascimento) VALUES (38, 50356414, "Patricia Taylor", "morada", 926860976, 606277998, "F", "02/08/1998 06:20:40");
INSERT INTO Paciente (PessoaID, GrupoSanguineo) VALUES (38, "B-");
INSERT INTO Pessoa (PessoaID, NumIdentificacao, Nome, Morada, Telefone, NumeroBeneficiario, Sexo, DataNascimento) VALUES (39, 17489501, "Agnes Conorich", "morada", 960681353, 368662882, "F", "31/12/1974 13:11:41");
INSERT INTO Paciente (PessoaID, GrupoSanguineo, SubsistemaSaude) VALUES (39, "AB+", 4);
INSERT INTO Pessoa (PessoaID, NumIdentificacao, Nome, Morada, Telefone, NumeroBeneficiario, Sexo, DataNascimento) VALUES (40, 12294408, "Rhonda Adams", "morada", 996506685, 834528585, "F", "20/12/1980 00:29:29");
INSERT INTO Paciente (PessoaID, GrupoSanguineo, SubsistemaSaude) VALUES (40, "AB-", 1);
INSERT INTO Pessoa (PessoaID, NumIdentificacao, Nome, Morada, Telefone, NumeroBeneficiario, Sexo, DataNascimento) VALUES (41, 93337264, "Tommie Desouza", "morada", 976737865, 368131967, "M", "24/11/1993 09:19:25");
INSERT INTO Paciente (PessoaID, GrupoSanguineo) VALUES (41, "B-");
INSERT INTO Pessoa (PessoaID, NumIdentificacao, Nome, Morada, Telefone, NumeroBeneficiario, Sexo, DataNascimento) VALUES (42, 40955317, "Clarice Cohen", "morada", 918766663, 657507145, "F", "20/04/1992 21:56:37");
INSERT INTO Paciente (PessoaID, GrupoSanguineo, SubsistemaSaude) VALUES (42, "AB-", 3);
INSERT INTO Pessoa (PessoaID, NumIdentificacao, Nome, Morada, Telefone, NumeroBeneficiario, Sexo, DataNascimento) VALUES (43, 52906873, "Sarah Southard", "morada", 947779874, 659619924, "F", "20/07/2018 23:01:07");
INSERT INTO Paciente (PessoaID, GrupoSanguineo) VALUES (43, "A+");
INSERT INTO Pessoa (PessoaID, NumIdentificacao, Nome, Morada, Telefone, NumeroBeneficiario, Sexo, DataNascimento) VALUES (44, 25786988, "Maria Babcock", "morada", 911694229, 708931592, "F", "27/08/2003 12:58:44");
INSERT INTO Paciente (PessoaID, GrupoSanguineo) VALUES (44, "A-");
INSERT INTO Pessoa (PessoaID, NumIdentificacao, Nome, Morada, Telefone, NumeroBeneficiario, Sexo, DataNascimento) VALUES (45, 40242475, "Ida Thomas", "morada", 993674027, 557662454, "F", "18/12/2005 13:19:35");
INSERT INTO Paciente (PessoaID, GrupoSanguineo, SubsistemaSaude) VALUES (45, "AB-", 2);
INSERT INTO Pessoa (PessoaID, NumIdentificacao, Nome, Morada, Telefone, NumeroBeneficiario, Sexo, DataNascimento) VALUES (46, 28018745, "Douglas Stewart", "morada", 977273130, 348300283, "M", "28/11/1992 18:03:12");
INSERT INTO Paciente (PessoaID, GrupoSanguineo) VALUES (46, "B+");
INSERT INTO Pessoa (PessoaID, NumIdentificacao, Nome, Morada, Telefone, NumeroBeneficiario, Sexo, DataNascimento) VALUES (47, 29063232, "Keith Bland", "morada", 963757326, 679669224, "M", "22/02/1977 20:40:31");
INSERT INTO Paciente (PessoaID, GrupoSanguineo) VALUES (47, "AB+");
INSERT INTO Pessoa (PessoaID, NumIdentificacao, Nome, Morada, Telefone, NumeroBeneficiario, Sexo, DataNascimento) VALUES (48, 45395104, "Linda Yuengling", "morada", 972094097, 150453358, "F", "12/02/2010 17:03:31");
INSERT INTO Paciente (PessoaID, GrupoSanguineo) VALUES (48, "O-");
INSERT INTO Pessoa (PessoaID, NumIdentificacao, Nome, Morada, Telefone, NumeroBeneficiario, Sexo, DataNascimento) VALUES (49, 34516413, "Kenneth Cobb", "morada", 930527327, 687541052, "M", "12/03/1997 06:02:17");
INSERT INTO Paciente (PessoaID, GrupoSanguineo) VALUES (49, "O-");
INSERT INTO Pessoa (PessoaID, NumIdentificacao, Nome, Morada, Telefone, NumeroBeneficiario, Sexo, DataNascimento) VALUES (50, 47681381, "Melissa Larsen", "morada", 973013574, 183359484, "F", "11/01/1986 16:36:48");
INSERT INTO Paciente (PessoaID, GrupoSanguineo) VALUES (50, "A+");
INSERT INTO Pessoa (PessoaID, NumIdentificacao, Nome, Morada, Telefone, NumeroBeneficiario, Sexo, DataNascimento) VALUES (51, 13031656, "Jeff Nighman", "morada", 917879770, 877706377, "M", "15/08/1986 06:59:44");
INSERT INTO Paciente (PessoaID, GrupoSanguineo) VALUES (51, "O+");
INSERT INTO Pessoa (PessoaID, NumIdentificacao, Nome, Morada, Telefone, NumeroBeneficiario, Sexo, DataNascimento) VALUES (52, 31717531, "Kevin Bruch", "morada", 963775770, 173843287, "M", "01/10/1987 14:00:36");
INSERT INTO Paciente (PessoaID, GrupoSanguineo) VALUES (52, "A-");
INSERT INTO Pessoa (PessoaID, NumIdentificacao, Nome, Morada, Telefone, NumeroBeneficiario, Sexo, DataNascimento) VALUES (53, 57558106, "Adam Anding", "morada", 954281654, 677832893, "M", "09/07/2000 06:58:31");
INSERT INTO Paciente (PessoaID, GrupoSanguineo) VALUES (53, "A-");
INSERT INTO Pessoa (PessoaID, NumIdentificacao, Nome, Morada, Telefone, NumeroBeneficiario, Sexo, DataNascimento) VALUES (54, 72698426, "Roselyn Hill", "morada", 987935992, 813627875, "F", "20/08/2016 05:56:16");
INSERT INTO Paciente (PessoaID, GrupoSanguineo) VALUES (54, "B+");
INSERT INTO Pessoa (PessoaID, NumIdentificacao, Nome, Morada, Telefone, NumeroBeneficiario, Sexo, DataNascimento) VALUES (55, 47828237, "Greg Lee", "morada", 924586852, 857272206, "M", "10/05/1998 01:46:16");
INSERT INTO Paciente (PessoaID, GrupoSanguineo) VALUES (55, "A-");
INSERT INTO Pessoa (PessoaID, NumIdentificacao, Nome, Morada, Telefone, NumeroBeneficiario, Sexo, DataNascimento) VALUES (56, 43793693, "Sheryl English", "morada", 945128255, 904696698, "F", "22/08/2013 23:37:28");
INSERT INTO Paciente (PessoaID, GrupoSanguineo) VALUES (56, "B+");
INSERT INTO Pessoa (PessoaID, NumIdentificacao, Nome, Morada, Telefone, NumeroBeneficiario, Sexo, DataNascimento) VALUES (57, 80139096, "Jeffrey Campbell", "morada", 980665448, 253572160, "M", "11/06/1998 00:23:54");
INSERT INTO Paciente (PessoaID, GrupoSanguineo) VALUES (57, "O-");
INSERT INTO Pessoa (PessoaID, NumIdentificacao, Nome, Morada, Telefone, NumeroBeneficiario, Sexo, DataNascimento) VALUES (58, 66226090, "Clarence Pimental", "morada", 976282971, 413271814, "M", "19/04/2004 16:42:55");
INSERT INTO Paciente (PessoaID, GrupoSanguineo, SubsistemaSaude) VALUES (58, "A-", 1);
INSERT INTO Pessoa (PessoaID, NumIdentificacao, Nome, Morada, Telefone, NumeroBeneficiario, Sexo, DataNascimento) VALUES (59, 33554450, "Billy Slaughter", "morada", 960179910, 796653503, "M", "28/02/1990 17:21:34");
INSERT INTO Paciente (PessoaID, GrupoSanguineo) VALUES (59, "AB+");
INSERT INTO Pessoa (PessoaID, NumIdentificacao, Nome, Morada, Telefone, NumeroBeneficiario, Sexo, DataNascimento) VALUES (60, 84055834, "Matthew Kerney", "morada", 924882607, 720722929, "M", "12/02/2006 13:07:26");
INSERT INTO Paciente (PessoaID, GrupoSanguineo) VALUES (60, "O-");
INSERT INTO Pessoa (PessoaID, NumIdentificacao, Nome, Morada, Telefone, NumeroBeneficiario, Sexo, DataNascimento) VALUES (61, 38473559, "Scott Gleason", "morada", 958888924, 407515802, "M", "08/06/1993 21:45:39");
INSERT INTO Paciente (PessoaID, GrupoSanguineo) VALUES (61, "A+");
INSERT INTO Pessoa (PessoaID, NumIdentificacao, Nome, Morada, Telefone, NumeroBeneficiario, Sexo, DataNascimento) VALUES (62, 19569119, "Ron Martin", "morada", 994297163, 911966605, "M", "03/03/1988 06:41:04");
INSERT INTO Paciente (PessoaID, GrupoSanguineo) VALUES (62, "A+");
INSERT INTO Pessoa (PessoaID, NumIdentificacao, Nome, Morada, Telefone, NumeroBeneficiario, Sexo, DataNascimento) VALUES (63, 55201823, "Anthony Nailer", "morada", 973864779, 738890547, "M", "06/02/2005 07:52:04");
INSERT INTO Paciente (PessoaID, GrupoSanguineo, SubsistemaSaude) VALUES (63, "O-", 3);
INSERT INTO Pessoa (PessoaID, NumIdentificacao, Nome, Morada, Telefone, NumeroBeneficiario, Sexo, DataNascimento) VALUES (64, 10072557, "Richard Dean", "morada", 962608064, 982051653, "M", "18/09/1999 02:54:34");
INSERT INTO Paciente (PessoaID, GrupoSanguineo, SubsistemaSaude) VALUES (64, "B+", 1);
INSERT INTO Pessoa (PessoaID, NumIdentificacao, Nome, Morada, Telefone, NumeroBeneficiario, Sexo, DataNascimento) VALUES (65, 57227578, "Anjanette Vance", "morada", 990548879, 295738647, "F", "13/05/2001 07:03:34");
INSERT INTO Paciente (PessoaID, GrupoSanguineo) VALUES (65, "AB+");
INSERT INTO Pessoa (PessoaID, NumIdentificacao, Nome, Morada, Telefone, NumeroBeneficiario, Sexo, DataNascimento) VALUES (66, 59603234, "Stephanie Beach", "morada", 981394910, 296731236, "F", "17/10/2005 07:34:47");
INSERT INTO Paciente (PessoaID, GrupoSanguineo, SubsistemaSaude) VALUES (66, "O+", 1);
INSERT INTO Pessoa (PessoaID, NumIdentificacao, Nome, Morada, Telefone, NumeroBeneficiario, Sexo, DataNascimento) VALUES (67, 36256390, "Kathleen Smith", "morada", 920708817, 660536064, "F", "20/04/1992 17:37:24");
INSERT INTO Paciente (PessoaID, GrupoSanguineo, SubsistemaSaude) VALUES (67, "AB+", 3);
INSERT INTO Pessoa (PessoaID, NumIdentificacao, Nome, Morada, Telefone, NumeroBeneficiario, Sexo, DataNascimento) VALUES (68, 66959142, "Pedro Bayles", "morada", 996183403, 104898854, "M", "12/03/1990 06:03:41");
INSERT INTO Paciente (PessoaID, GrupoSanguineo, SubsistemaSaude) VALUES (68, "O+", 1);
INSERT INTO Pessoa (PessoaID, NumIdentificacao, Nome, Morada, Telefone, NumeroBeneficiario, Sexo, DataNascimento) VALUES (69, 21612845, "Patrick Ryan", "morada", 959842080, 677499280, "M", "18/04/2008 04:25:22");
INSERT INTO Paciente (PessoaID, GrupoSanguineo) VALUES (69, "B-");
INSERT INTO Pessoa (PessoaID, NumIdentificacao, Nome, Morada, Telefone, NumeroBeneficiario, Sexo, DataNascimento) VALUES (70, 77252983, "Trevor Sitzes", "morada", 933860442, 303874718, "M", "12/09/2017 12:42:28");
INSERT INTO Paciente (PessoaID, GrupoSanguineo, SubsistemaSaude) VALUES (70, "A-", 1);
INSERT INTO Pessoa (PessoaID, NumIdentificacao, Nome, Morada, Telefone, NumeroBeneficiario, Sexo, DataNascimento) VALUES (71, 80519241, "Timothy Gates", "morada", 913541259, 601564944, "M", "12/11/1980 03:25:34");
INSERT INTO Paciente (PessoaID, GrupoSanguineo) VALUES (71, "AB+");
INSERT INTO Pessoa (PessoaID, NumIdentificacao, Nome, Morada, Telefone, NumeroBeneficiario, Sexo, DataNascimento) VALUES (72, 33655592, "Joe Villegas", "morada", 958035080, 819824894, "M", "06/04/1971 22:30:02");
INSERT INTO Paciente (PessoaID, GrupoSanguineo, SubsistemaSaude) VALUES (72, "O+", 1);
INSERT INTO Pessoa (PessoaID, NumIdentificacao, Nome, Morada, Telefone, NumeroBeneficiario, Sexo, DataNascimento) VALUES (73, 26087706, "Antionette Wiggins", "morada", 949034648, 934685674, "F", "12/04/1999 18:05:17");
INSERT INTO Paciente (PessoaID, GrupoSanguineo) VALUES (73, "O-");
INSERT INTO Pessoa (PessoaID, NumIdentificacao, Nome, Morada, Telefone, NumeroBeneficiario, Sexo, DataNascimento) VALUES (74, 49673217, "Mark Bland", "morada", 926099820, 339861058, "M", "01/11/1975 12:23:51");
INSERT INTO Paciente (PessoaID, GrupoSanguineo, SubsistemaSaude) VALUES (74, "B-", 1);
INSERT INTO Pessoa (PessoaID, NumIdentificacao, Nome, Morada, Telefone, NumeroBeneficiario, Sexo, DataNascimento) VALUES (75, 89085651, "Leigha Stover", "morada", 933348022, 677766089, "F", "06/01/2018 17:56:46");
INSERT INTO Paciente (PessoaID, GrupoSanguineo, SubsistemaSaude) VALUES (75, "A+", 1);
INSERT INTO Pessoa (PessoaID, NumIdentificacao, Nome, Morada, Telefone, NumeroBeneficiario, Sexo, DataNascimento) VALUES (76, 10362739, "Philip Clark", "morada", 962365312, 625791823, "M", "21/09/2004 07:22:00");
INSERT INTO Paciente (PessoaID, GrupoSanguineo, SubsistemaSaude) VALUES (76, "O+", 1);
INSERT INTO Pessoa (PessoaID, NumIdentificacao, Nome, Morada, Telefone, NumeroBeneficiario, Sexo, DataNascimento) VALUES (77, 57259888, "Andrew Martinez", "morada", 954412447, 895508542, "M", "24/09/2016 08:12:24");
INSERT INTO Paciente (PessoaID, GrupoSanguineo) VALUES (77, "O+");
INSERT INTO Pessoa (PessoaID, NumIdentificacao, Nome, Morada, Telefone, NumeroBeneficiario, Sexo, DataNascimento) VALUES (78, 92409362, "Raymond White", "morada", 990757671, 210336879, "M", "14/01/1977 16:54:48");
INSERT INTO Paciente (PessoaID, GrupoSanguineo, SubsistemaSaude) VALUES (78, "B+", 1);
INSERT INTO Pessoa (PessoaID, NumIdentificacao, Nome, Morada, Telefone, NumeroBeneficiario, Sexo, DataNascimento) VALUES (79, 16642487, "Maria Henry", "morada", 995593879, 507896874, "F", "09/02/1972 01:33:55");
INSERT INTO Paciente (PessoaID, GrupoSanguineo, SubsistemaSaude) VALUES (79, "B+", 1);
INSERT INTO Pessoa (PessoaID, NumIdentificacao, Nome, Morada, Telefone, NumeroBeneficiario, Sexo, DataNascimento) VALUES (80, 38807294, "John Lumpkin", "morada", 942978050, 223635801, "M", "30/05/2003 15:21:57");
INSERT INTO Paciente (PessoaID, GrupoSanguineo) VALUES (80, "AB+");
INSERT INTO Pessoa (PessoaID, NumIdentificacao, Nome, Morada, Telefone, NumeroBeneficiario, Sexo, DataNascimento) VALUES (81, 36908549, "Tracy Sales", "morada", 929155422, 358197315, "F", "02/06/2018 01:02:24");
INSERT INTO Paciente (PessoaID, GrupoSanguineo) VALUES (81, "B+");
INSERT INTO Pessoa (PessoaID, NumIdentificacao, Nome, Morada, Telefone, NumeroBeneficiario, Sexo, DataNascimento) VALUES (82, 85738461, "Terry Peterson", "morada", 915366290, 909914417, "M", "02/09/1996 14:10:38");
INSERT INTO Paciente (PessoaID, GrupoSanguineo) VALUES (82, "A+");
INSERT INTO Pessoa (PessoaID, NumIdentificacao, Nome, Morada, Telefone, NumeroBeneficiario, Sexo, DataNascimento) VALUES (83, 76708873, "Arthur Lynch", "morada", 920033778, 449967903, "M", "05/07/1985 07:10:40");
INSERT INTO Paciente (PessoaID, GrupoSanguineo, SubsistemaSaude) VALUES (83, "B-", 3);
INSERT INTO Pessoa (PessoaID, NumIdentificacao, Nome, Morada, Telefone, NumeroBeneficiario, Sexo, DataNascimento) VALUES (84, 10723352, "Elnora Jones", "morada", 911016015, 637322814, "F", "20/02/1975 05:07:09");
INSERT INTO Paciente (PessoaID, GrupoSanguineo, SubsistemaSaude) VALUES (84, "B-", 1);
INSERT INTO Pessoa (PessoaID, NumIdentificacao, Nome, Morada, Telefone, NumeroBeneficiario, Sexo, DataNascimento) VALUES (85, 10489558, "John Reid", "morada", 927172837, 991208385, "M", "15/07/2002 14:24:52");
INSERT INTO Paciente (PessoaID, GrupoSanguineo) VALUES (85, "A-");
INSERT INTO Pessoa (PessoaID, NumIdentificacao, Nome, Morada, Telefone, NumeroBeneficiario, Sexo, DataNascimento) VALUES (86, 12169740, "Leslie Cook", "morada", 948853679, 190471875, "F", "04/01/2007 10:31:32");
INSERT INTO Paciente (PessoaID, GrupoSanguineo, SubsistemaSaude) VALUES (86, "O+", 1);
INSERT INTO Pessoa (PessoaID, NumIdentificacao, Nome, Morada, Telefone, NumeroBeneficiario, Sexo, DataNascimento) VALUES (87, 94397380, "Felicia Pena", "morada", 915632826, 196938086, "F", "09/10/2009 21:21:23");
INSERT INTO Paciente (PessoaID, GrupoSanguineo) VALUES (87, "AB-");
INSERT INTO Pessoa (PessoaID, NumIdentificacao, Nome, Morada, Telefone, NumeroBeneficiario, Sexo, DataNascimento) VALUES (88, 16232534, "Kevin Culver", "morada", 934558171, 168671959, "M", "18/08/1994 13:23:23");
INSERT INTO Paciente (PessoaID, GrupoSanguineo, SubsistemaSaude) VALUES (88, "A+", 2);
INSERT INTO Pessoa (PessoaID, NumIdentificacao, Nome, Morada, Telefone, NumeroBeneficiario, Sexo, DataNascimento) VALUES (89, 16248281, "Christa Whatley", "morada", 934819999, 759550488, "F", "18/01/1995 15:28:02");
INSERT INTO Paciente (PessoaID, GrupoSanguineo, SubsistemaSaude) VALUES (89, "O+", 1);
INSERT INTO Pessoa (PessoaID, NumIdentificacao, Nome, Morada, Telefone, NumeroBeneficiario, Sexo, DataNascimento) VALUES (90, 58178046, "Robert Elder", "morada", 969878874, 796525169, "M", "30/11/1987 08:13:26");
INSERT INTO Paciente (PessoaID, GrupoSanguineo) VALUES (90, "A+");
INSERT INTO Pessoa (PessoaID, NumIdentificacao, Nome, Morada, Telefone, NumeroBeneficiario, Sexo, DataNascimento) VALUES (91, 50057089, "John Gonzales", "morada", 917791466, 141983909, "M", "15/09/1979 23:03:28");
INSERT INTO Paciente (PessoaID, GrupoSanguineo, SubsistemaSaude) VALUES (91, "B+", 1);
INSERT INTO Pessoa (PessoaID, NumIdentificacao, Nome, Morada, Telefone, NumeroBeneficiario, Sexo, DataNascimento) VALUES (92, 24267583, "Robert Goslee", "morada", 940242904, 999406309, "M", "07/11/1995 02:35:50");
INSERT INTO Paciente (PessoaID, GrupoSanguineo) VALUES (92, "O-");
INSERT INTO Pessoa (PessoaID, NumIdentificacao, Nome, Morada, Telefone, NumeroBeneficiario, Sexo, DataNascimento) VALUES (93, 48763337, "Angela Dejesus", "morada", 981179367, 858479709, "F", "25/07/1992 12:17:40");
INSERT INTO Paciente (PessoaID, GrupoSanguineo) VALUES (93, "O-");
INSERT INTO Pessoa (PessoaID, NumIdentificacao, Nome, Morada, Telefone, NumeroBeneficiario, Sexo, DataNascimento) VALUES (94, 94009593, "Elaine Hall", "morada", 923243648, 687324251, "F", "02/02/1994 19:08:54");
INSERT INTO Paciente (PessoaID, GrupoSanguineo, SubsistemaSaude) VALUES (94, "O-", 1);
INSERT INTO Pessoa (PessoaID, NumIdentificacao, Nome, Morada, Telefone, NumeroBeneficiario, Sexo, DataNascimento) VALUES (95, 19654083, "Stephanie Huffman", "morada", 946157768, 843181118, "F", "05/04/2006 05:43:21");
INSERT INTO Paciente (PessoaID, GrupoSanguineo) VALUES (95, "O-");
INSERT INTO Pessoa (PessoaID, NumIdentificacao, Nome, Morada, Telefone, NumeroBeneficiario, Sexo, DataNascimento) VALUES (96, 98085374, "Lisa Kass", "morada", 993508931, 637928229, "F", "10/03/1972 13:17:31");
INSERT INTO Paciente (PessoaID, GrupoSanguineo, SubsistemaSaude) VALUES (96, "AB-", 1);
INSERT INTO Pessoa (PessoaID, NumIdentificacao, Nome, Morada, Telefone, NumeroBeneficiario, Sexo, DataNascimento) VALUES (97, 35615367, "Nancy Thomas", "morada", 982879150, 172582639, "F", "18/03/2001 12:59:29");
INSERT INTO Paciente (PessoaID, GrupoSanguineo, SubsistemaSaude) VALUES (97, "O-", 3);
INSERT INTO Pessoa (PessoaID, NumIdentificacao, Nome, Morada, Telefone, NumeroBeneficiario, Sexo, DataNascimento) VALUES (98, 96191735, "Merle Rose", "morada", 910478764, 671200445, "M", "03/06/2010 09:35:28");
INSERT INTO Paciente (PessoaID, GrupoSanguineo) VALUES (98, "B-");
INSERT INTO Pessoa (PessoaID, NumIdentificacao, Nome, Morada, Telefone, NumeroBeneficiario, Sexo, DataNascimento) VALUES (99, 70040564, "Carolyn Martin", "morada", 955854437, 217655378, "F", "09/10/1971 14:42:15");
INSERT INTO Paciente (PessoaID, GrupoSanguineo) VALUES (99, "O+");
INSERT INTO Pessoa (PessoaID, NumIdentificacao, Nome, Morada, Telefone, NumeroBeneficiario, Sexo, DataNascimento) VALUES (100, 40848001, "Robert Knight", "morada", 929603565, 491441540, "M", "16/07/1974 13:30:41");
INSERT INTO Paciente (PessoaID, GrupoSanguineo) VALUES (100, "A+");
INSERT INTO Pessoa (PessoaID, NumIdentificacao, Nome, Morada, Telefone, NumeroBeneficiario, Sexo, DataNascimento) VALUES (101, 64072880, "Gordon Garcia", "morada", 942738436, 299102977, "M", "08/08/1998 18:16:46");
INSERT INTO Paciente (PessoaID, GrupoSanguineo) VALUES (101, "AB-");
INSERT INTO Pessoa (PessoaID, NumIdentificacao, Nome, Morada, Telefone, NumeroBeneficiario, Sexo, DataNascimento) VALUES (102, 36328408, "Gabriel Wollenberg", "morada", 933459464, 347937877, "M", "14/05/1976 10:34:19");
INSERT INTO Paciente (PessoaID, GrupoSanguineo) VALUES (102, "O+");
INSERT INTO Pessoa (PessoaID, NumIdentificacao, Nome, Morada, Telefone, NumeroBeneficiario, Sexo, DataNascimento) VALUES (103, 70233032, "Zachary Forrest", "morada", 925167226, 364107065, "M", "08/09/2010 17:13:04");
INSERT INTO Paciente (PessoaID, GrupoSanguineo, SubsistemaSaude) VALUES (103, "O-", 1);
INSERT INTO Pessoa (PessoaID, NumIdentificacao, Nome, Morada, Telefone, NumeroBeneficiario, Sexo, DataNascimento) VALUES (104, 40068498, "Dennis Sanders", "morada", 915140166, 255056698, "M", "15/06/1972 14:45:39");
INSERT INTO Paciente (PessoaID, GrupoSanguineo) VALUES (104, "B+");
INSERT INTO Pessoa (PessoaID, NumIdentificacao, Nome, Morada, Telefone, NumeroBeneficiario, Sexo, DataNascimento) VALUES (105, 61373401, "William Melton", "morada", 942334164, 240767091, "M", "27/07/2013 17:44:26");
INSERT INTO Paciente (PessoaID, GrupoSanguineo, SubsistemaSaude) VALUES (105, "B+", 1);
INSERT INTO Pessoa (PessoaID, NumIdentificacao, Nome, Morada, Telefone, NumeroBeneficiario, Sexo, DataNascimento) VALUES (106, 48447147, "Diana Voeks", "morada", 998489509, 857468483, "F", "23/08/1983 00:52:38");
INSERT INTO Paciente (PessoaID, GrupoSanguineo) VALUES (106, "A+");
INSERT INTO Pessoa (PessoaID, NumIdentificacao, Nome, Morada, Telefone, NumeroBeneficiario, Sexo, DataNascimento) VALUES (107, 49829023, "Anthony Leboeuf", "morada", 925637248, 545557230, "M", "27/10/1984 17:26:08");
INSERT INTO Paciente (PessoaID, GrupoSanguineo) VALUES (107, "AB-");
INSERT INTO Pessoa (PessoaID, NumIdentificacao, Nome, Morada, Telefone, NumeroBeneficiario, Sexo, DataNascimento) VALUES (108, 72606054, "Byron Orr", "morada", 917322000, 585472702, "M", "13/07/1985 07:44:08");
INSERT INTO Paciente (PessoaID, GrupoSanguineo, SubsistemaSaude) VALUES (108, "AB-", 1);
INSERT INTO Pessoa (PessoaID, NumIdentificacao, Nome, Morada, Telefone, NumeroBeneficiario, Sexo, DataNascimento) VALUES (109, 72057660, "William Williams", "morada", 969105803, 578282354, "M", "15/01/1992 07:08:25");
INSERT INTO Paciente (PessoaID, GrupoSanguineo, SubsistemaSaude) VALUES (109, "A-", 1);
INSERT INTO Pessoa (PessoaID, NumIdentificacao, Nome, Morada, Telefone, NumeroBeneficiario, Sexo, DataNascimento) VALUES (110, 35242790, "Lillian Green", "morada", 987490506, 351235924, "F", "08/11/1972 01:35:21");
INSERT INTO Paciente (PessoaID, GrupoSanguineo) VALUES (110, "AB-");
INSERT INTO Pessoa (PessoaID, NumIdentificacao, Nome, Morada, Telefone, NumeroBeneficiario, Sexo, DataNascimento) VALUES (111, 86470540, "Kurt Quintana", "morada", 979002726, 976350118, "M", "11/12/1999 18:27:27");
INSERT INTO Paciente (PessoaID, GrupoSanguineo, SubsistemaSaude) VALUES (111, "A+", 1);
INSERT INTO Pessoa (PessoaID, NumIdentificacao, Nome, Morada, Telefone, NumeroBeneficiario, Sexo, DataNascimento) VALUES (112, 24341554, "Ronald Burgener", "morada", 973963768, 164863002, "M", "18/04/1984 13:38:49");
INSERT INTO Paciente (PessoaID, GrupoSanguineo) VALUES (112, "A-");
INSERT INTO Pessoa (PessoaID, NumIdentificacao, Nome, Morada, Telefone, NumeroBeneficiario, Sexo, DataNascimento) VALUES (113, 69025259, "Dorothy Kubica", "morada", 977990085, 576936318, "F", "02/08/1994 11:28:29");
INSERT INTO Paciente (PessoaID, GrupoSanguineo) VALUES (113, "AB+");
INSERT INTO Pessoa (PessoaID, NumIdentificacao, Nome, Morada, Telefone, NumeroBeneficiario, Sexo, DataNascimento) VALUES (114, 59826838, "Brian Murch", "morada", 966587479, 406306103, "M", "29/07/2012 16:45:14");
INSERT INTO Paciente (PessoaID, GrupoSanguineo, SubsistemaSaude) VALUES (114, "A+", 1);
INSERT INTO Pessoa (PessoaID, NumIdentificacao, Nome, Morada, Telefone, NumeroBeneficiario, Sexo, DataNascimento) VALUES (115, 74957103, "Seth Liaw", "morada", 985011390, 666032435, "M", "08/06/1985 21:05:25");
INSERT INTO Paciente (PessoaID, GrupoSanguineo, SubsistemaSaude) VALUES (115, "B+", 2);
INSERT INTO Pessoa (PessoaID, NumIdentificacao, Nome, Morada, Telefone, NumeroBeneficiario, Sexo, DataNascimento) VALUES (116, 60763131, "James Annas", "morada", 987105604, 266907783, "M", "04/02/1994 21:36:59");
INSERT INTO Paciente (PessoaID, GrupoSanguineo) VALUES (116, "AB-");
INSERT INTO Pessoa (PessoaID, NumIdentificacao, Nome, Morada, Telefone, NumeroBeneficiario, Sexo, DataNascimento) VALUES (117, 90094162, "Molly Reynalds", "morada", 924024902, 785748093, "F", "27/08/1972 04:24:57");
INSERT INTO Paciente (PessoaID, GrupoSanguineo, SubsistemaSaude) VALUES (117, "AB-", 4);
INSERT INTO Pessoa (PessoaID, NumIdentificacao, Nome, Morada, Telefone, NumeroBeneficiario, Sexo, DataNascimento) VALUES (118, 27119172, "Bridget Williams", "morada", 931961650, 348921460, "F", "07/08/1992 02:01:12");
INSERT INTO Paciente (PessoaID, GrupoSanguineo) VALUES (118, "B-");
INSERT INTO Pessoa (PessoaID, NumIdentificacao, Nome, Morada, Telefone, NumeroBeneficiario, Sexo, DataNascimento) VALUES (119, 70179887, "Jonathan Fisher", "morada", 956803379, 531778507, "M", "17/11/1986 09:58:49");
INSERT INTO Paciente (PessoaID, GrupoSanguineo) VALUES (119, "B-");
INSERT INTO Pessoa (PessoaID, NumIdentificacao, Nome, Morada, Telefone, NumeroBeneficiario, Sexo, DataNascimento) VALUES (120, 97584174, "Daniel Rimple", "morada", 969137618, 348163955, "M", "17/03/2014 00:17:18");
INSERT INTO Paciente (PessoaID, GrupoSanguineo) VALUES (120, "O-");
INSERT INTO Pessoa (PessoaID, NumIdentificacao, Nome, Morada, Telefone, NumeroBeneficiario, Sexo, DataNascimento) VALUES (121, 67944766, "Rosetta Mendez", "morada", 969010230, 754569095, "F", "31/07/1976 01:20:33");
INSERT INTO Paciente (PessoaID, GrupoSanguineo) VALUES (121, "B+");
INSERT INTO Pessoa (PessoaID, NumIdentificacao, Nome, Morada, Telefone, NumeroBeneficiario, Sexo, DataNascimento) VALUES (122, 56316786, "Leroy Piirto", "morada", 917577414, 988533700, "M", "20/11/1998 07:41:49");
INSERT INTO Paciente (PessoaID, GrupoSanguineo) VALUES (122, "O-");
INSERT INTO Pessoa (PessoaID, NumIdentificacao, Nome, Morada, Telefone, NumeroBeneficiario, Sexo, DataNascimento) VALUES (123, 48574988, "Gregory Rich", "morada", 941654686, 528589345, "M", "13/10/2005 23:49:24");
INSERT INTO Paciente (PessoaID, GrupoSanguineo) VALUES (123, "A+");
INSERT INTO Pessoa (PessoaID, NumIdentificacao, Nome, Morada, Telefone, NumeroBeneficiario, Sexo, DataNascimento) VALUES (124, 51648634, "Joseph Radford", "morada", 916937306, 384845927, "M", "14/06/1992 09:04:21");
INSERT INTO Paciente (PessoaID, GrupoSanguineo, SubsistemaSaude) VALUES (124, "AB-", 3);
INSERT INTO Pessoa (PessoaID, NumIdentificacao, Nome, Morada, Telefone, NumeroBeneficiario, Sexo, DataNascimento) VALUES (125, 16078960, "Gary Thomas", "morada", 919222870, 676731304, "M", "10/12/1973 12:18:32");
INSERT INTO Paciente (PessoaID, GrupoSanguineo) VALUES (125, "AB+");
INSERT INTO Pessoa (PessoaID, NumIdentificacao, Nome, Morada, Telefone, NumeroBeneficiario, Sexo, DataNascimento) VALUES (126, 42236505, "Maria Mesa", "morada", 998031491, 517416159, "F", "18/04/2009 04:04:50");
INSERT INTO Paciente (PessoaID, GrupoSanguineo) VALUES (126, "B-");
INSERT INTO Pessoa (PessoaID, NumIdentificacao, Nome, Morada, Telefone, NumeroBeneficiario, Sexo, DataNascimento) VALUES (127, 61082202, "Roger Gaudio", "morada", 997327797, 610885351, "M", "16/01/1997 04:20:19");
INSERT INTO Paciente (PessoaID, GrupoSanguineo) VALUES (127, "B+");
INSERT INTO Pessoa (PessoaID, NumIdentificacao, Nome, Morada, Telefone, NumeroBeneficiario, Sexo, DataNascimento) VALUES (128, 71631478, "Chelsea Stetler", "morada", 974865074, 696673479, "F", "18/07/1970 01:56:27");
INSERT INTO Paciente (PessoaID, GrupoSanguineo, SubsistemaSaude) VALUES (128, "B-", 1);
INSERT INTO Pessoa (PessoaID, NumIdentificacao, Nome, Morada, Telefone, NumeroBeneficiario, Sexo, DataNascimento) VALUES (129, 49664080, "Elaine Eckert", "morada", 955376966, 346411521, "F", "26/05/1984 02:04:59");
INSERT INTO Paciente (PessoaID, GrupoSanguineo) VALUES (129, "A-");
INSERT INTO Pessoa (PessoaID, NumIdentificacao, Nome, Morada, Telefone, NumeroBeneficiario, Sexo, DataNascimento) VALUES (130, 58397777, "Kelsey Bullard", "morada", 934751924, 315250205, "F", "04/11/2019 12:24:24");
INSERT INTO Paciente (PessoaID, GrupoSanguineo) VALUES (130, "A+");
INSERT INTO Pessoa (PessoaID, NumIdentificacao, Nome, Morada, Telefone, NumeroBeneficiario, Sexo, DataNascimento) VALUES (131, 28832137, "Floyd Swinehart", "morada", 960239801, 405590712, "M", "06/07/1983 03:42:07");
INSERT INTO Paciente (PessoaID, GrupoSanguineo) VALUES (131, "AB-");
INSERT INTO Pessoa (PessoaID, NumIdentificacao, Nome, Morada, Telefone, NumeroBeneficiario, Sexo, DataNascimento) VALUES (132, 30931228, "Pat Kondracki", "morada", 918249723, 720875065, "M", "21/11/2006 18:40:19");
INSERT INTO Paciente (PessoaID, GrupoSanguineo, SubsistemaSaude) VALUES (132, "A+", 1);
INSERT INTO Pessoa (PessoaID, NumIdentificacao, Nome, Morada, Telefone, NumeroBeneficiario, Sexo, DataNascimento) VALUES (133, 98265339, "Mary Sturman", "morada", 921299494, 888057624, "F", "03/08/1991 22:31:54");
INSERT INTO Paciente (PessoaID, GrupoSanguineo, SubsistemaSaude) VALUES (133, "A+", 4);
INSERT INTO Pessoa (PessoaID, NumIdentificacao, Nome, Morada, Telefone, NumeroBeneficiario, Sexo, DataNascimento) VALUES (134, 48934532, "Jason Catalano", "morada", 957179734, 326502755, "M", "24/03/1997 13:44:14");
INSERT INTO Paciente (PessoaID, GrupoSanguineo) VALUES (134, "AB-");
INSERT INTO Pessoa (PessoaID, NumIdentificacao, Nome, Morada, Telefone, NumeroBeneficiario, Sexo, DataNascimento) VALUES (135, 76018006, "Sarah Sanders", "morada", 920547919, 518047533, "F", "15/11/1993 03:07:36");
INSERT INTO Paciente (PessoaID, GrupoSanguineo, SubsistemaSaude) VALUES (135, "A-", 1);
INSERT INTO Pessoa (PessoaID, NumIdentificacao, Nome, Morada, Telefone, NumeroBeneficiario, Sexo, DataNascimento) VALUES (136, 18044261, "Helen Gatling", "morada", 917658325, 204480056, "F", "24/05/2018 11:09:55");
INSERT INTO Paciente (PessoaID, GrupoSanguineo) VALUES (136, "A-");
INSERT INTO Pessoa (PessoaID, NumIdentificacao, Nome, Morada, Telefone, NumeroBeneficiario, Sexo, DataNascimento) VALUES (137, 41063460, "Franklin Sylvester", "morada", 913860026, 426909746, "M", "26/01/1981 10:53:23");
INSERT INTO Paciente (PessoaID, GrupoSanguineo) VALUES (137, "A+");
INSERT INTO Pessoa (PessoaID, NumIdentificacao, Nome, Morada, Telefone, NumeroBeneficiario, Sexo, DataNascimento) VALUES (138, 11512211, "Gary Waldrup", "morada", 924373337, 821160096, "M", "05/04/1988 04:59:45");
INSERT INTO Paciente (PessoaID, GrupoSanguineo, SubsistemaSaude) VALUES (138, "O-", 3);
INSERT INTO Pessoa (PessoaID, NumIdentificacao, Nome, Morada, Telefone, NumeroBeneficiario, Sexo, DataNascimento) VALUES (139, 92901185, "Leroy Vincent", "morada", 972308867, 906989922, "M", "17/12/1991 05:24:45");
INSERT INTO Paciente (PessoaID, GrupoSanguineo, SubsistemaSaude) VALUES (139, "AB+", 1);
INSERT INTO Pessoa (PessoaID, NumIdentificacao, Nome, Morada, Telefone, NumeroBeneficiario, Sexo, DataNascimento) VALUES (140, 66913480, "Anna Shoemaker", "morada", 937555143, 985668564, "F", "14/12/1994 03:18:46");
INSERT INTO Paciente (PessoaID, GrupoSanguineo, SubsistemaSaude) VALUES (140, "AB-", 1);
INSERT INTO Pessoa (PessoaID, NumIdentificacao, Nome, Morada, Telefone, NumeroBeneficiario, Sexo, DataNascimento) VALUES (141, 61470007, "Tamara Walker", "morada", 977914316, 164838341, "F", "22/11/1982 01:50:07");
INSERT INTO Paciente (PessoaID, GrupoSanguineo) VALUES (141, "A+");
INSERT INTO Pessoa (PessoaID, NumIdentificacao, Nome, Morada, Telefone, NumeroBeneficiario, Sexo, DataNascimento) VALUES (142, 79793280, "Autumn Boardman", "morada", 974004270, 616861958, "F", "21/07/1999 21:12:45");
INSERT INTO Paciente (PessoaID, GrupoSanguineo) VALUES (142, "B-");
INSERT INTO Pessoa (PessoaID, NumIdentificacao, Nome, Morada, Telefone, NumeroBeneficiario, Sexo, DataNascimento) VALUES (143, 56093677, "Helen Zimmerman", "morada", 995167458, 298927790, "F", "04/09/1984 06:39:13");
INSERT INTO Paciente (PessoaID, GrupoSanguineo) VALUES (143, "AB-");
INSERT INTO Pessoa (PessoaID, NumIdentificacao, Nome, Morada, Telefone, NumeroBeneficiario, Sexo, DataNascimento) VALUES (144, 14282503, "Patty Sorkin", "morada", 987895830, 302783810, "F", "16/08/2015 21:33:51");
INSERT INTO Paciente (PessoaID, GrupoSanguineo) VALUES (144, "AB-");
INSERT INTO Pessoa (PessoaID, NumIdentificacao, Nome, Morada, Telefone, NumeroBeneficiario, Sexo, DataNascimento) VALUES (145, 74443935, "Richard Loaiza", "morada", 953602054, 242950919, "M", "09/11/1991 03:08:45");
INSERT INTO Paciente (PessoaID, GrupoSanguineo) VALUES (145, "B+");
INSERT INTO Pessoa (PessoaID, NumIdentificacao, Nome, Morada, Telefone, NumeroBeneficiario, Sexo, DataNascimento) VALUES (146, 88466132, "Michael Goldbach", "morada", 977942625, 813306242, "M", "19/08/1981 07:44:46");
INSERT INTO Paciente (PessoaID, GrupoSanguineo) VALUES (146, "O-");
INSERT INTO Pessoa (PessoaID, NumIdentificacao, Nome, Morada, Telefone, NumeroBeneficiario, Sexo, DataNascimento) VALUES (147, 87810355, "Thad Totten", "morada", 944589881, 341859053, "M", "04/01/1997 15:45:31");
INSERT INTO Paciente (PessoaID, GrupoSanguineo) VALUES (147, "AB-");
INSERT INTO Pessoa (PessoaID, NumIdentificacao, Nome, Morada, Telefone, NumeroBeneficiario, Sexo, DataNascimento) VALUES (148, 79651605, "Teddy Boniello", "morada", 932127754, 273886846, "M", "02/02/2015 17:08:06");
INSERT INTO Paciente (PessoaID, GrupoSanguineo) VALUES (148, "AB+");
INSERT INTO Pessoa (PessoaID, NumIdentificacao, Nome, Morada, Telefone, NumeroBeneficiario, Sexo, DataNascimento) VALUES (149, 16941307, "Joni Jean", "morada", 984196574, 384675830, "F", "04/02/1990 13:04:12");
INSERT INTO Paciente (PessoaID, GrupoSanguineo) VALUES (149, "O-");
INSERT INTO Pessoa (PessoaID, NumIdentificacao, Nome, Morada, Telefone, NumeroBeneficiario, Sexo, DataNascimento) VALUES (150, 26597448, "David Beaulieu", "morada", 988949181, 965850005, "M", "17/02/1992 14:05:04");
INSERT INTO Paciente (PessoaID, GrupoSanguineo) VALUES (150, "A+");
INSERT INTO Pessoa (PessoaID, NumIdentificacao, Nome, Morada, Telefone, NumeroBeneficiario, Sexo, DataNascimento) VALUES (151, 96954506, "Elizabeth Reed", "morada", 923996428, 894469307, "F", "08/04/1971 08:12:57");
INSERT INTO Paciente (PessoaID, GrupoSanguineo) VALUES (151, "AB-");
INSERT INTO Pessoa (PessoaID, NumIdentificacao, Nome, Morada, Telefone, NumeroBeneficiario, Sexo, DataNascimento) VALUES (152, 67513241, "Hilda Salazar", "morada", 930953264, 719220848, "F", "27/11/1994 15:09:47");
INSERT INTO Paciente (PessoaID, GrupoSanguineo, SubsistemaSaude) VALUES (152, "AB-", 2);
INSERT INTO Pessoa (PessoaID, NumIdentificacao, Nome, Morada, Telefone, NumeroBeneficiario, Sexo, DataNascimento) VALUES (153, 33570561, "Ruby Elkins", "morada", 937415875, 406406587, "F", "21/11/1977 06:03:20");
INSERT INTO Paciente (PessoaID, GrupoSanguineo) VALUES (153, "B+");
INSERT INTO Pessoa (PessoaID, NumIdentificacao, Nome, Morada, Telefone, NumeroBeneficiario, Sexo, DataNascimento) VALUES (154, 71543260, "Marjorie Truocchio", "morada", 979763296, 311852097, "F", "21/08/2017 23:06:24");
INSERT INTO Paciente (PessoaID, GrupoSanguineo) VALUES (154, "O-");
INSERT INTO Pessoa (PessoaID, NumIdentificacao, Nome, Morada, Telefone, NumeroBeneficiario, Sexo, DataNascimento) VALUES (155, 40777408, "Robert Mannino", "morada", 927090268, 665094327, "M", "25/04/1986 15:04:49");
INSERT INTO Paciente (PessoaID, GrupoSanguineo) VALUES (155, "B-");
INSERT INTO Pessoa (PessoaID, NumIdentificacao, Nome, Morada, Telefone, NumeroBeneficiario, Sexo, DataNascimento) VALUES (156, 72799502, "Horace Kraus", "morada", 996571262, 985871480, "M", "08/07/2018 09:34:04");
INSERT INTO Paciente (PessoaID, GrupoSanguineo) VALUES (156, "B+");
INSERT INTO Pessoa (PessoaID, NumIdentificacao, Nome, Morada, Telefone, NumeroBeneficiario, Sexo, DataNascimento) VALUES (157, 97798055, "Lawrence Buri", "morada", 986534475, 461400705, "M", "21/08/1997 17:31:00");
INSERT INTO Paciente (PessoaID, GrupoSanguineo) VALUES (157, "A+");
INSERT INTO Pessoa (PessoaID, NumIdentificacao, Nome, Morada, Telefone, NumeroBeneficiario, Sexo, DataNascimento) VALUES (158, 47208009, "James Stinson", "morada", 940939021, 218781973, "M", "25/01/1994 20:26:04");
INSERT INTO Paciente (PessoaID, GrupoSanguineo) VALUES (158, "AB-");
INSERT INTO Pessoa (PessoaID, NumIdentificacao, Nome, Morada, Telefone, NumeroBeneficiario, Sexo, DataNascimento) VALUES (159, 12432777, "Martha Poirier", "morada", 965516854, 987425944, "F", "17/07/1974 03:59:58");
INSERT INTO Paciente (PessoaID, GrupoSanguineo) VALUES (159, "O-");
INSERT INTO Pessoa (PessoaID, NumIdentificacao, Nome, Morada, Telefone, NumeroBeneficiario, Sexo, DataNascimento) VALUES (160, 15815388, "Kathleen Lopes", "morada", 957330729, 469703669, "F", "15/07/2005 22:02:16");
INSERT INTO Paciente (PessoaID, GrupoSanguineo) VALUES (160, "A+");
INSERT INTO Pessoa (PessoaID, NumIdentificacao, Nome, Morada, Telefone, NumeroBeneficiario, Sexo, DataNascimento) VALUES (161, 96190529, "Gerald Castillo", "morada", 933620049, 455450773, "M", "21/03/1977 23:43:02");
INSERT INTO Paciente (PessoaID, GrupoSanguineo) VALUES (161, "B-");
INSERT INTO Pessoa (PessoaID, NumIdentificacao, Nome, Morada, Telefone, NumeroBeneficiario, Sexo, DataNascimento) VALUES (162, 98401095, "Aubrey Brown", "morada", 955179628, 959106414, "M", "28/05/2003 11:28:01");
INSERT INTO Paciente (PessoaID, GrupoSanguineo, SubsistemaSaude) VALUES (162, "A-", 3);
INSERT INTO Pessoa (PessoaID, NumIdentificacao, Nome, Morada, Telefone, NumeroBeneficiario, Sexo, DataNascimento) VALUES (163, 57381589, "Anna Dominquez", "morada", 981735248, 527032531, "F", "19/12/1986 14:51:47");
INSERT INTO Paciente (PessoaID, GrupoSanguineo) VALUES (163, "B-");
INSERT INTO Pessoa (PessoaID, NumIdentificacao, Nome, Morada, Telefone, NumeroBeneficiario, Sexo, DataNascimento) VALUES (164, 55113276, "William Mueller", "morada", 960710838, 861527342, "F", "17/05/1983 06:18:20");
INSERT INTO Paciente (PessoaID, GrupoSanguineo) VALUES (164, "AB+");
INSERT INTO Pessoa (PessoaID, NumIdentificacao, Nome, Morada, Telefone, NumeroBeneficiario, Sexo, DataNascimento) VALUES (165, 91269314, "Fredia Lambert", "morada", 944898319, 444444257, "F", "10/03/1989 21:07:14");
INSERT INTO Paciente (PessoaID, GrupoSanguineo) VALUES (165, "A+");
INSERT INTO Pessoa (PessoaID, NumIdentificacao, Nome, Morada, Telefone, NumeroBeneficiario, Sexo, DataNascimento) VALUES (166, 18685013, "Kasey Pando", "morada", 998745665, 134723953, "F", "20/07/2008 00:30:43");
INSERT INTO Paciente (PessoaID, GrupoSanguineo, SubsistemaSaude) VALUES (166, "A+", 1);
INSERT INTO Pessoa (PessoaID, NumIdentificacao, Nome, Morada, Telefone, NumeroBeneficiario, Sexo, DataNascimento) VALUES (167, 98642229, "Joyce Bowser", "morada", 938246401, 750341746, "F", "27/03/1990 01:19:19");
INSERT INTO Paciente (PessoaID, GrupoSanguineo, SubsistemaSaude) VALUES (167, "AB-", 1);
INSERT INTO Pessoa (PessoaID, NumIdentificacao, Nome, Morada, Telefone, NumeroBeneficiario, Sexo, DataNascimento) VALUES (168, 29220156, "Dan Spencer", "morada", 998261846, 192859705, "M", "15/08/1973 20:31:55");
INSERT INTO Paciente (PessoaID, GrupoSanguineo) VALUES (168, "B-");
INSERT INTO Pessoa (PessoaID, NumIdentificacao, Nome, Morada, Telefone, NumeroBeneficiario, Sexo, DataNascimento) VALUES (169, 56559624, "Louis Hunt", "morada", 962103835, 481404801, "M", "02/07/1970 03:42:11");
INSERT INTO Paciente (PessoaID, GrupoSanguineo) VALUES (169, "O+");
INSERT INTO Pessoa (PessoaID, NumIdentificacao, Nome, Morada, Telefone, NumeroBeneficiario, Sexo, DataNascimento) VALUES (170, 73371376, "Phyllis Morris", "morada", 986790809, 629810370, "F", "23/04/2016 19:36:44");
INSERT INTO Paciente (PessoaID, GrupoSanguineo) VALUES (170, "B-");
INSERT INTO Pessoa (PessoaID, NumIdentificacao, Nome, Morada, Telefone, NumeroBeneficiario, Sexo, DataNascimento) VALUES (171, 69081584, "Patricia Spicer", "morada", 995324544, 510020522, "F", "01/06/2005 07:00:53");
INSERT INTO Paciente (PessoaID, GrupoSanguineo) VALUES (171, "A+");
INSERT INTO Pessoa (PessoaID, NumIdentificacao, Nome, Morada, Telefone, NumeroBeneficiario, Sexo, DataNascimento) VALUES (172, 92716000, "Gena Mendoza", "morada", 913481892, 846669483, "F", "07/06/2010 06:15:22");
INSERT INTO Paciente (PessoaID, GrupoSanguineo, SubsistemaSaude) VALUES (172, "O+", 1);
INSERT INTO Pessoa (PessoaID, NumIdentificacao, Nome, Morada, Telefone, NumeroBeneficiario, Sexo, DataNascimento) VALUES (173, 34261507, "Michelle Boyd", "morada", 993040902, 721855532, "F", "10/11/2016 23:03:31");
INSERT INTO Paciente (PessoaID, GrupoSanguineo) VALUES (173, "AB-");
INSERT INTO Pessoa (PessoaID, NumIdentificacao, Nome, Morada, Telefone, NumeroBeneficiario, Sexo, DataNascimento) VALUES (174, 11770208, "Desmond Rhodes", "morada", 932486190, 975642142, "M", "28/08/1980 22:27:41");
INSERT INTO Paciente (PessoaID, GrupoSanguineo) VALUES (174, "B+");
INSERT INTO Pessoa (PessoaID, NumIdentificacao, Nome, Morada, Telefone, NumeroBeneficiario, Sexo, DataNascimento) VALUES (175, 27050036, "Jeremy Petch", "morada", 985701085, 822576289, "M", "03/04/1981 02:42:08");
INSERT INTO Paciente (PessoaID, GrupoSanguineo, SubsistemaSaude) VALUES (175, "B+", 1);
INSERT INTO Pessoa (PessoaID, NumIdentificacao, Nome, Morada, Telefone, NumeroBeneficiario, Sexo, DataNascimento) VALUES (176, 92868806, "Elsie Holmes", "morada", 924491930, 153374786, "F", "18/01/2012 04:48:45");
INSERT INTO Paciente (PessoaID, GrupoSanguineo) VALUES (176, "AB-");
INSERT INTO Pessoa (PessoaID, NumIdentificacao, Nome, Morada, Telefone, NumeroBeneficiario, Sexo, DataNascimento) VALUES (177, 31797658, "Reginald Chung", "morada", 977434087, 315766718, "M", "23/03/1995 12:21:07");
INSERT INTO Paciente (PessoaID, GrupoSanguineo, SubsistemaSaude) VALUES (177, "B+", 1);
INSERT INTO Pessoa (PessoaID, NumIdentificacao, Nome, Morada, Telefone, NumeroBeneficiario, Sexo, DataNascimento) VALUES (178, 69863600, "Marsha Finley", "morada", 913185908, 634279791, "F", "14/01/2015 18:45:02");
INSERT INTO Paciente (PessoaID, GrupoSanguineo) VALUES (178, "AB+");
INSERT INTO Pessoa (PessoaID, NumIdentificacao, Nome, Morada, Telefone, NumeroBeneficiario, Sexo, DataNascimento) VALUES (179, 66657162, "Gloria Phillips", "morada", 968664004, 270275617, "F", "24/08/2013 17:07:42");
INSERT INTO Paciente (PessoaID, GrupoSanguineo, SubsistemaSaude) VALUES (179, "AB-", 1);
INSERT INTO Pessoa (PessoaID, NumIdentificacao, Nome, Morada, Telefone, NumeroBeneficiario, Sexo, DataNascimento) VALUES (180, 41400843, "Beverly Duarte", "morada", 916230671, 984997427, "F", "03/11/2005 09:26:32");
INSERT INTO Paciente (PessoaID, GrupoSanguineo) VALUES (180, "A-");
INSERT INTO Pessoa (PessoaID, NumIdentificacao, Nome, Morada, Telefone, NumeroBeneficiario, Sexo, DataNascimento) VALUES (181, 74634322, "Ronnie Crandall", "morada", 992448825, 383436999, "M", "18/11/2012 21:08:51");
INSERT INTO Paciente (PessoaID, GrupoSanguineo, SubsistemaSaude) VALUES (181, "O+", 1);
INSERT INTO Pessoa (PessoaID, NumIdentificacao, Nome, Morada, Telefone, NumeroBeneficiario, Sexo, DataNascimento) VALUES (182, 13684062, "Winston Bernstein", "morada", 954747409, 855824409, "M", "11/01/1999 17:55:23");
INSERT INTO Paciente (PessoaID, GrupoSanguineo) VALUES (182, "B+");
INSERT INTO Pessoa (PessoaID, NumIdentificacao, Nome, Morada, Telefone, NumeroBeneficiario, Sexo, DataNascimento) VALUES (183, 18505854, "Kirk King", "morada", 925246068, 377252267, "M", "09/04/1973 10:01:21");
INSERT INTO Paciente (PessoaID, GrupoSanguineo) VALUES (183, "O+");
INSERT INTO Pessoa (PessoaID, NumIdentificacao, Nome, Morada, Telefone, NumeroBeneficiario, Sexo, DataNascimento) VALUES (184, 40866096, "Ruby Goodman", "morada", 928177526, 461758095, "F", "29/08/1978 12:57:33");
INSERT INTO Paciente (PessoaID, GrupoSanguineo) VALUES (184, "AB+");
INSERT INTO Pessoa (PessoaID, NumIdentificacao, Nome, Morada, Telefone, NumeroBeneficiario, Sexo, DataNascimento) VALUES (185, 98593857, "Esmeralda Gunter", "morada", 959401508, 831073899, "F", "27/02/1981 12:31:01");
INSERT INTO Paciente (PessoaID, GrupoSanguineo, SubsistemaSaude) VALUES (185, "A-", 1);
INSERT INTO Pessoa (PessoaID, NumIdentificacao, Nome, Morada, Telefone, NumeroBeneficiario, Sexo, DataNascimento) VALUES (186, 87650210, "Henry Donaldson", "morada", 925243461, 517233149, "M", "27/01/1996 16:43:26");
INSERT INTO Paciente (PessoaID, GrupoSanguineo, SubsistemaSaude) VALUES (186, "O-", 1);
INSERT INTO Pessoa (PessoaID, NumIdentificacao, Nome, Morada, Telefone, NumeroBeneficiario, Sexo, DataNascimento) VALUES (187, 99240680, "John Hulbert", "morada", 984673238, 469664865, "M", "04/04/2002 23:12:02");
INSERT INTO Paciente (PessoaID, GrupoSanguineo) VALUES (187, "B+");
INSERT INTO Pessoa (PessoaID, NumIdentificacao, Nome, Morada, Telefone, NumeroBeneficiario, Sexo, DataNascimento) VALUES (188, 60920631, "Adam Barnett", "morada", 999584900, 238270211, "M", "08/10/2016 15:16:26");
INSERT INTO Paciente (PessoaID, GrupoSanguineo) VALUES (188, "B+");
INSERT INTO Pessoa (PessoaID, NumIdentificacao, Nome, Morada, Telefone, NumeroBeneficiario, Sexo, DataNascimento) VALUES (189, 92843534, "Lisa Moyer", "morada", 995259086, 559869304, "F", "12/02/2005 03:48:06");
INSERT INTO Paciente (PessoaID, GrupoSanguineo) VALUES (189, "B-");
INSERT INTO Pessoa (PessoaID, NumIdentificacao, Nome, Morada, Telefone, NumeroBeneficiario, Sexo, DataNascimento) VALUES (190, 86550585, "Young Bass", "morada", 997320709, 411421925, "M", "25/03/2014 03:58:45");
INSERT INTO Paciente (PessoaID, GrupoSanguineo) VALUES (190, "B+");
INSERT INTO Pessoa (PessoaID, NumIdentificacao, Nome, Morada, Telefone, NumeroBeneficiario, Sexo, DataNascimento) VALUES (191, 79650202, "Richard Jones", "morada", 968185948, 225238945, "M", "14/10/1981 06:37:42");
INSERT INTO Paciente (PessoaID, GrupoSanguineo, SubsistemaSaude) VALUES (191, "O-", 1);
INSERT INTO Pessoa (PessoaID, NumIdentificacao, Nome, Morada, Telefone, NumeroBeneficiario, Sexo, DataNascimento) VALUES (192, 95483049, "Jennifer Miranda", "morada", 958090605, 208679212, "F", "07/10/1987 18:13:50");
INSERT INTO Paciente (PessoaID, GrupoSanguineo) VALUES (192, "O-");
INSERT INTO Pessoa (PessoaID, NumIdentificacao, Nome, Morada, Telefone, NumeroBeneficiario, Sexo, DataNascimento) VALUES (193, 83517882, "Ralph Bostic", "morada", 941811619, 346659008, "M", "06/03/2006 19:48:21");
INSERT INTO Paciente (PessoaID, GrupoSanguineo, SubsistemaSaude) VALUES (193, "O+", 1);
INSERT INTO Pessoa (PessoaID, NumIdentificacao, Nome, Morada, Telefone, NumeroBeneficiario, Sexo, DataNascimento) VALUES (194, 56385472, "Shannon Cox", "morada", 989666389, 908882200, "F", "31/03/1990 14:11:11");
INSERT INTO Paciente (PessoaID, GrupoSanguineo, SubsistemaSaude) VALUES (194, "AB+", 4);
INSERT INTO Pessoa (PessoaID, NumIdentificacao, Nome, Morada, Telefone, NumeroBeneficiario, Sexo, DataNascimento) VALUES (195, 38051915, "Mary Debernardi", "morada", 966806894, 246878425, "F", "04/05/2017 06:16:39");
INSERT INTO Paciente (PessoaID, GrupoSanguineo) VALUES (195, "B-");
INSERT INTO Pessoa (PessoaID, NumIdentificacao, Nome, Morada, Telefone, NumeroBeneficiario, Sexo, DataNascimento) VALUES (196, 33070131, "Leticia Perkins", "morada", 926091496, 179308223, "F", "14/02/1974 10:08:07");
INSERT INTO Paciente (PessoaID, GrupoSanguineo, SubsistemaSaude) VALUES (196, "B+", 1);
INSERT INTO Pessoa (PessoaID, NumIdentificacao, Nome, Morada, Telefone, NumeroBeneficiario, Sexo, DataNascimento) VALUES (197, 70324990, "Dorothy Bebee", "morada", 968826609, 356459245, "F", "31/01/1973 01:21:14");
INSERT INTO Paciente (PessoaID, GrupoSanguineo) VALUES (197, "A-");
INSERT INTO Pessoa (PessoaID, NumIdentificacao, Nome, Morada, Telefone, NumeroBeneficiario, Sexo, DataNascimento) VALUES (198, 42881509, "Nicholas Watson", "morada", 953271229, 134352224, "M", "18/05/1990 07:00:42");
INSERT INTO Paciente (PessoaID, GrupoSanguineo) VALUES (198, "B+");
INSERT INTO Pessoa (PessoaID, NumIdentificacao, Nome, Morada, Telefone, NumeroBeneficiario, Sexo, DataNascimento) VALUES (199, 89276884, "Brenda Campbell", "morada", 947520216, 759196989, "F", "08/10/1981 05:50:19");
INSERT INTO Paciente (PessoaID, GrupoSanguineo, SubsistemaSaude) VALUES (199, "A+", 1);
INSERT INTO Pessoa (PessoaID, NumIdentificacao, Nome, Morada, Telefone, NumeroBeneficiario, Sexo, DataNascimento) VALUES (200, 15865288, "Sherry Edwards", "morada", 973076335, 455891801, "F", "24/01/2014 20:41:25");
INSERT INTO Paciente (PessoaID, GrupoSanguineo) VALUES (200, "AB+");
INSERT INTO Pessoa (PessoaID, NumIdentificacao, Nome, Morada, Telefone, NumeroBeneficiario, Sexo, DataNascimento) VALUES (201, 10533624, "Bruce Otto", "morada", 984565936, 327147690, "M", "30/10/1976 03:37:20");
INSERT INTO Paciente (PessoaID, GrupoSanguineo) VALUES (201, "A+");
INSERT INTO Pessoa (PessoaID, NumIdentificacao, Nome, Morada, Telefone, NumeroBeneficiario, Sexo, DataNascimento) VALUES (202, 67349163, "Jessica Gonzales", "morada", 939314713, 946737485, "F", "09/09/2010 10:59:47");
INSERT INTO Paciente (PessoaID, GrupoSanguineo, SubsistemaSaude) VALUES (202, "B+", 1);
INSERT INTO Pessoa (PessoaID, NumIdentificacao, Nome, Morada, Telefone, NumeroBeneficiario, Sexo, DataNascimento) VALUES (203, 44021322, "Maria Williams", "morada", 948090723, 756915516, "F", "24/11/1996 00:47:43");
INSERT INTO Paciente (PessoaID, GrupoSanguineo) VALUES (203, "AB-");
INSERT INTO Pessoa (PessoaID, NumIdentificacao, Nome, Morada, Telefone, NumeroBeneficiario, Sexo, DataNascimento) VALUES (204, 25896756, "Lindsay Barren", "morada", 993245973, 664902633, "F", "31/01/1973 16:07:59");
INSERT INTO Paciente (PessoaID, GrupoSanguineo, SubsistemaSaude) VALUES (204, "AB+", 1);
INSERT INTO Pessoa (PessoaID, NumIdentificacao, Nome, Morada, Telefone, NumeroBeneficiario, Sexo, DataNascimento) VALUES (205, 97003697, "Brittany Nelson", "morada", 930283852, 434480667, "F", "13/08/1981 20:56:58");
INSERT INTO Paciente (PessoaID, GrupoSanguineo, SubsistemaSaude) VALUES (205, "AB-", 1);
INSERT INTO Pessoa (PessoaID, NumIdentificacao, Nome, Morada, Telefone, NumeroBeneficiario, Sexo, DataNascimento) VALUES (206, 50186907, "John Bee", "morada", 974988125, 950807227, "M", "15/05/2017 00:47:16");
INSERT INTO Paciente (PessoaID, GrupoSanguineo) VALUES (206, "B-");
INSERT INTO Pessoa (PessoaID, NumIdentificacao, Nome, Morada, Telefone, NumeroBeneficiario, Sexo, DataNascimento) VALUES (207, 16569791, "Linda Moats", "morada", 967509230, 444990992, "F", "20/04/1986 14:43:28");
INSERT INTO Paciente (PessoaID, GrupoSanguineo, SubsistemaSaude) VALUES (207, "A+", 2);
INSERT INTO Pessoa (PessoaID, NumIdentificacao, Nome, Morada, Telefone, NumeroBeneficiario, Sexo, DataNascimento) VALUES (208, 36409258, "Marianna Kay", "morada", 972511452, 299478218, "F", "30/12/2014 22:40:54");
INSERT INTO Paciente (PessoaID, GrupoSanguineo, SubsistemaSaude) VALUES (208, "B-", 1);
INSERT INTO Pessoa (PessoaID, NumIdentificacao, Nome, Morada, Telefone, NumeroBeneficiario, Sexo, DataNascimento) VALUES (209, 97288701, "Angie Demski", "morada", 994952174, 560662495, "F", "25/12/1980 22:37:50");
INSERT INTO Paciente (PessoaID, GrupoSanguineo, SubsistemaSaude) VALUES (209, "O+", 4);
INSERT INTO Pessoa (PessoaID, NumIdentificacao, Nome, Morada, Telefone, NumeroBeneficiario, Sexo, DataNascimento) VALUES (210, 45818045, "Jeana Christopher", "morada", 956410257, 975827500, "F", "23/05/1994 13:30:26");
INSERT INTO Paciente (PessoaID, GrupoSanguineo) VALUES (210, "O-");
INSERT INTO Pessoa (PessoaID, NumIdentificacao, Nome, Morada, Telefone, NumeroBeneficiario, Sexo, DataNascimento) VALUES (211, 93081273, "Arthur Chen", "morada", 946577234, 262683727, "M", "10/07/2009 18:16:07");
INSERT INTO Paciente (PessoaID, GrupoSanguineo) VALUES (211, "B+");
INSERT INTO Pessoa (PessoaID, NumIdentificacao, Nome, Morada, Telefone, NumeroBeneficiario, Sexo, DataNascimento) VALUES (212, 55901005, "Dion Sica", "morada", 919091881, 926804095, "F", "02/09/2016 12:26:26");
INSERT INTO Paciente (PessoaID, GrupoSanguineo, SubsistemaSaude) VALUES (212, "B+", 1);
INSERT INTO Pessoa (PessoaID, NumIdentificacao, Nome, Morada, Telefone, NumeroBeneficiario, Sexo, DataNascimento) VALUES (213, 17451751, "Amy Newsom", "morada", 999426919, 201549502, "F", "17/07/2017 07:56:15");
INSERT INTO Paciente (PessoaID, GrupoSanguineo, SubsistemaSaude) VALUES (213, "A+", 1);
INSERT INTO Pessoa (PessoaID, NumIdentificacao, Nome, Morada, Telefone, NumeroBeneficiario, Sexo, DataNascimento) VALUES (214, 74583081, "Karen Shannon", "morada", 950633557, 757030554, "F", "13/11/1993 20:18:00");
INSERT INTO Paciente (PessoaID, GrupoSanguineo) VALUES (214, "B+");
INSERT INTO Pessoa (PessoaID, NumIdentificacao, Nome, Morada, Telefone, NumeroBeneficiario, Sexo, DataNascimento) VALUES (215, 84922011, "Frederick Johns", "morada", 961564408, 993480104, "M", "04/10/1984 04:27:45");
INSERT INTO Paciente (PessoaID, GrupoSanguineo, SubsistemaSaude) VALUES (215, "AB+", 1);
INSERT INTO Pessoa (PessoaID, NumIdentificacao, Nome, Morada, Telefone, NumeroBeneficiario, Sexo, DataNascimento) VALUES (216, 88797268, "Rochelle House", "morada", 954599184, 504013970, "F", "18/10/2013 17:32:41");
INSERT INTO Paciente (PessoaID, GrupoSanguineo) VALUES (216, "A-");
INSERT INTO Pessoa (PessoaID, NumIdentificacao, Nome, Morada, Telefone, NumeroBeneficiario, Sexo, DataNascimento) VALUES (217, 99433034, "Amy Olson", "morada", 956784994, 399666316, "F", "03/12/1994 06:15:49");
INSERT INTO Paciente (PessoaID, GrupoSanguineo, SubsistemaSaude) VALUES (217, "AB+", 1);
INSERT INTO Pessoa (PessoaID, NumIdentificacao, Nome, Morada, Telefone, NumeroBeneficiario, Sexo, DataNascimento) VALUES (218, 23080031, "Susan Ficklin", "morada", 981379561, 358241269, "F", "26/09/1984 13:42:16");
INSERT INTO Paciente (PessoaID, GrupoSanguineo) VALUES (218, "O+");
INSERT INTO Pessoa (PessoaID, NumIdentificacao, Nome, Morada, Telefone, NumeroBeneficiario, Sexo, DataNascimento) VALUES (219, 82146035, "Brian Howard", "morada", 944247242, 214239389, "M", "25/10/2001 10:26:25");
INSERT INTO Paciente (PessoaID, GrupoSanguineo, SubsistemaSaude) VALUES (219, "AB+", 1);
INSERT INTO Pessoa (PessoaID, NumIdentificacao, Nome, Morada, Telefone, NumeroBeneficiario, Sexo, DataNascimento) VALUES (220, 32256427, "David Deleon", "morada", 942553231, 633127967, "M", "14/01/1985 22:56:42");
INSERT INTO Paciente (PessoaID, GrupoSanguineo) VALUES (220, "AB+");
INSERT INTO Pessoa (PessoaID, NumIdentificacao, Nome, Morada, Telefone, NumeroBeneficiario, Sexo, DataNascimento) VALUES (221, 15620703, "Louise Jarmon", "morada", 930011083, 127500123, "F", "23/04/1981 04:48:12");
INSERT INTO Paciente (PessoaID, GrupoSanguineo) VALUES (221, "AB+");
INSERT INTO Pessoa (PessoaID, NumIdentificacao, Nome, Morada, Telefone, NumeroBeneficiario, Sexo, DataNascimento) VALUES (222, 95766010, "Richard Kennedy", "morada", 991712363, 729543147, "M", "30/12/1974 17:49:47");
INSERT INTO Paciente (PessoaID, GrupoSanguineo) VALUES (222, "B-");
INSERT INTO Pessoa (PessoaID, NumIdentificacao, Nome, Morada, Telefone, NumeroBeneficiario, Sexo, DataNascimento) VALUES (223, 72769601, "Michael Echols", "morada", 990050893, 264843719, "M", "23/03/1979 08:13:28");
INSERT INTO Paciente (PessoaID, GrupoSanguineo) VALUES (223, "B+");
INSERT INTO Pessoa (PessoaID, NumIdentificacao, Nome, Morada, Telefone, NumeroBeneficiario, Sexo, DataNascimento) VALUES (224, 38176435, "John Branchaud", "morada", 912132742, 815004608, "M", "04/03/1982 14:45:38");
INSERT INTO Paciente (PessoaID, GrupoSanguineo) VALUES (224, "AB-");
INSERT INTO Pessoa (PessoaID, NumIdentificacao, Nome, Morada, Telefone, NumeroBeneficiario, Sexo, DataNascimento) VALUES (225, 28340315, "Robert Guerrero", "morada", 988680353, 166914625, "M", "30/05/2015 17:18:19");
INSERT INTO Paciente (PessoaID, GrupoSanguineo, SubsistemaSaude) VALUES (225, "AB-", 4);
INSERT INTO Pessoa (PessoaID, NumIdentificacao, Nome, Morada, Telefone, NumeroBeneficiario, Sexo, DataNascimento) VALUES (226, 14443895, "Rusty Charlot", "morada", 932732052, 139439870, "M", "03/02/2006 23:29:14");
INSERT INTO Paciente (PessoaID, GrupoSanguineo) VALUES (226, "B-");
INSERT INTO Pessoa (PessoaID, NumIdentificacao, Nome, Morada, Telefone, NumeroBeneficiario, Sexo, DataNascimento) VALUES (227, 24575750, "Michael Wills", "morada", 984256929, 787791956, "M", "06/10/2008 08:57:50");
INSERT INTO Paciente (PessoaID, GrupoSanguineo) VALUES (227, "O+");
INSERT INTO Pessoa (PessoaID, NumIdentificacao, Nome, Morada, Telefone, NumeroBeneficiario, Sexo, DataNascimento) VALUES (228, 49264139, "Martha Hedges", "morada", 982130609, 959711847, "F", "25/10/2014 01:24:09");
INSERT INTO Paciente (PessoaID, GrupoSanguineo) VALUES (228, "A-");
INSERT INTO Pessoa (PessoaID, NumIdentificacao, Nome, Morada, Telefone, NumeroBeneficiario, Sexo, DataNascimento) VALUES (229, 11411242, "Dave Kazunas", "morada", 973044747, 740820273, "M", "01/02/1983 00:00:55");
INSERT INTO Paciente (PessoaID, GrupoSanguineo, SubsistemaSaude) VALUES (229, "B+", 2);
INSERT INTO Pessoa (PessoaID, NumIdentificacao, Nome, Morada, Telefone, NumeroBeneficiario, Sexo, DataNascimento) VALUES (230, 76164270, "Nell Carner", "morada", 971964404, 597238474, "F", "16/05/1991 08:51:11");
INSERT INTO Paciente (PessoaID, GrupoSanguineo, SubsistemaSaude) VALUES (230, "A-", 1);
INSERT INTO Pessoa (PessoaID, NumIdentificacao, Nome, Morada, Telefone, NumeroBeneficiario, Sexo, DataNascimento) VALUES (231, 82760661, "Ronald Pacitto", "morada", 975296917, 808972963, "M", "01/05/2016 18:10:16");
INSERT INTO Paciente (PessoaID, GrupoSanguineo, SubsistemaSaude) VALUES (231, "O+", 1);
INSERT INTO Pessoa (PessoaID, NumIdentificacao, Nome, Morada, Telefone, NumeroBeneficiario, Sexo, DataNascimento) VALUES (232, 10907404, "Kathleen Vargas", "morada", 967101740, 284924436, "F", "06/05/1975 22:59:39");
INSERT INTO Paciente (PessoaID, GrupoSanguineo) VALUES (232, "A+");
INSERT INTO Pessoa (PessoaID, NumIdentificacao, Nome, Morada, Telefone, NumeroBeneficiario, Sexo, DataNascimento) VALUES (233, 74105829, "Billy Adams", "morada", 923844167, 486635463, "M", "06/12/2018 13:52:54");
INSERT INTO Paciente (PessoaID, GrupoSanguineo) VALUES (233, "O+");
INSERT INTO Pessoa (PessoaID, NumIdentificacao, Nome, Morada, Telefone, NumeroBeneficiario, Sexo, DataNascimento) VALUES (234, 27702008, "David Wood", "morada", 966275934, 325545890, "M", "11/09/1993 11:23:43");
INSERT INTO Paciente (PessoaID, GrupoSanguineo) VALUES (234, "A-");
INSERT INTO Pessoa (PessoaID, NumIdentificacao, Nome, Morada, Telefone, NumeroBeneficiario, Sexo, DataNascimento) VALUES (235, 48712260, "Laurence Storm", "morada", 918273878, 678919210, "M", "04/04/1996 10:29:28");
INSERT INTO Paciente (PessoaID, GrupoSanguineo) VALUES (235, "AB+");
INSERT INTO Pessoa (PessoaID, NumIdentificacao, Nome, Morada, Telefone, NumeroBeneficiario, Sexo, DataNascimento) VALUES (236, 96494497, "Leona Gurley", "morada", 962730660, 467136679, "F", "10/12/2013 20:54:36");
INSERT INTO Paciente (PessoaID, GrupoSanguineo) VALUES (236, "AB+");
INSERT INTO Pessoa (PessoaID, NumIdentificacao, Nome, Morada, Telefone, NumeroBeneficiario, Sexo, DataNascimento) VALUES (237, 81493477, "Roger Irwin", "morada", 997086058, 793184085, "M", "07/11/2014 06:29:31");
INSERT INTO Paciente (PessoaID, GrupoSanguineo, SubsistemaSaude) VALUES (237, "B+", 1);
INSERT INTO Pessoa (PessoaID, NumIdentificacao, Nome, Morada, Telefone, NumeroBeneficiario, Sexo, DataNascimento) VALUES (238, 58155283, "Robert Stepnowski", "morada", 960563890, 783809465, "M", "04/01/2007 15:27:30");
INSERT INTO Paciente (PessoaID, GrupoSanguineo) VALUES (238, "B-");
INSERT INTO Pessoa (PessoaID, NumIdentificacao, Nome, Morada, Telefone, NumeroBeneficiario, Sexo, DataNascimento) VALUES (239, 84715277, "Wendy Mars", "morada", 956562442, 796078778, "F", "06/12/1997 05:39:38");
INSERT INTO Paciente (PessoaID, GrupoSanguineo) VALUES (239, "AB-");
INSERT INTO Pessoa (PessoaID, NumIdentificacao, Nome, Morada, Telefone, NumeroBeneficiario, Sexo, DataNascimento) VALUES (240, 86262444, "Catherine Rivera", "morada", 968628535, 525582431, "F", "01/02/1972 07:50:08");
INSERT INTO Paciente (PessoaID, GrupoSanguineo, SubsistemaSaude) VALUES (240, "B-", 4);
INSERT INTO Pessoa (PessoaID, NumIdentificacao, Nome, Morada, Telefone, NumeroBeneficiario, Sexo, DataNascimento) VALUES (241, 24894204, "Joanne Warner", "morada", 973090697, 748190489, "F", "03/02/1991 13:28:17");
INSERT INTO Paciente (PessoaID, GrupoSanguineo) VALUES (241, "A-");
INSERT INTO Pessoa (PessoaID, NumIdentificacao, Nome, Morada, Telefone, NumeroBeneficiario, Sexo, DataNascimento) VALUES (242, 60285285, "Van Howell", "morada", 930293353, 262456889, "M", "21/04/1994 22:51:05");
INSERT INTO Paciente (PessoaID, GrupoSanguineo) VALUES (242, "O+");
INSERT INTO Pessoa (PessoaID, NumIdentificacao, Nome, Morada, Telefone, NumeroBeneficiario, Sexo, DataNascimento) VALUES (243, 68343965, "William Peoples", "morada", 949220376, 925167794, "M", "05/05/1970 22:22:26");
INSERT INTO Paciente (PessoaID, GrupoSanguineo) VALUES (243, "A+");
INSERT INTO Pessoa (PessoaID, NumIdentificacao, Nome, Morada, Telefone, NumeroBeneficiario, Sexo, DataNascimento) VALUES (244, 54041317, "Miranda Cooke", "morada", 916718159, 148904679, "F", "30/05/1986 00:06:36");
INSERT INTO Paciente (PessoaID, GrupoSanguineo, SubsistemaSaude) VALUES (244, "B-", 1);
INSERT INTO Pessoa (PessoaID, NumIdentificacao, Nome, Morada, Telefone, NumeroBeneficiario, Sexo, DataNascimento) VALUES (245, 32092467, "Brian Bellinghausen", "morada", 947878436, 126083160, "M", "20/09/1982 15:12:41");
INSERT INTO Paciente (PessoaID, GrupoSanguineo) VALUES (245, "O-");
INSERT INTO Pessoa (PessoaID, NumIdentificacao, Nome, Morada, Telefone, NumeroBeneficiario, Sexo, DataNascimento) VALUES (246, 53237698, "Norma Akerley", "morada", 926300784, 341162368, "F", "29/09/1996 12:59:34");
INSERT INTO Paciente (PessoaID, GrupoSanguineo, SubsistemaSaude) VALUES (246, "A-", 4);
INSERT INTO Pessoa (PessoaID, NumIdentificacao, Nome, Morada, Telefone, NumeroBeneficiario, Sexo, DataNascimento) VALUES (247, 73267711, "Gerda Johnson", "morada", 957565693, 517122203, "F", "17/11/1976 21:30:27");
INSERT INTO Paciente (PessoaID, GrupoSanguineo, SubsistemaSaude) VALUES (247, "B+", 1);
INSERT INTO Pessoa (PessoaID, NumIdentificacao, Nome, Morada, Telefone, NumeroBeneficiario, Sexo, DataNascimento) VALUES (248, 83521099, "Matthew Johnson", "morada", 962518397, 471958353, "M", "13/12/2010 14:25:42");
INSERT INTO Paciente (PessoaID, GrupoSanguineo, SubsistemaSaude) VALUES (248, "A-", 1);
INSERT INTO Pessoa (PessoaID, NumIdentificacao, Nome, Morada, Telefone, NumeroBeneficiario, Sexo, DataNascimento) VALUES (249, 84956655, "Norman Russell", "morada", 968257138, 204484034, "M", "27/04/1973 08:26:05");
INSERT INTO Paciente (PessoaID, GrupoSanguineo) VALUES (249, "B-");
INSERT INTO Pessoa (PessoaID, NumIdentificacao, Nome, Morada, Telefone, NumeroBeneficiario, Sexo, DataNascimento) VALUES (250, 95716991, "Kim Vazquez", "morada", 944508147, 269673977, "F", "13/02/1981 15:14:29");
INSERT INTO Paciente (PessoaID, GrupoSanguineo, SubsistemaSaude) VALUES (250, "O+", 4);
INSERT INTO Pessoa (PessoaID, NumIdentificacao, Nome, Morada, Telefone, NumeroBeneficiario, Sexo, DataNascimento) VALUES (251, 19920421, "Brendan Crisafi", "morada", 966160789, 605957940, "M", "15/07/2017 09:55:24");
INSERT INTO Paciente (PessoaID, GrupoSanguineo) VALUES (251, "B+");
INSERT INTO Pessoa (PessoaID, NumIdentificacao, Nome, Morada, Telefone, NumeroBeneficiario, Sexo, DataNascimento) VALUES (252, 92379038, "Richard Carr", "morada", 923515448, 895834132, "M", "06/09/1991 04:42:04");
INSERT INTO Paciente (PessoaID, GrupoSanguineo, SubsistemaSaude) VALUES (252, "O+", 1);
INSERT INTO Pessoa (PessoaID, NumIdentificacao, Nome, Morada, Telefone, NumeroBeneficiario, Sexo, DataNascimento) VALUES (253, 33863921, "Michael Messenger", "morada", 962551504, 615122170, "M", "23/05/2019 12:42:31");
INSERT INTO Paciente (PessoaID, GrupoSanguineo) VALUES (253, "O-");
INSERT INTO Pessoa (PessoaID, NumIdentificacao, Nome, Morada, Telefone, NumeroBeneficiario, Sexo, DataNascimento) VALUES (254, 38718417, "Kristin Garber", "morada", 987566303, 109424949, "F", "01/03/2014 05:39:24");
INSERT INTO Paciente (PessoaID, GrupoSanguineo) VALUES (254, "A-");
INSERT INTO Pessoa (PessoaID, NumIdentificacao, Nome, Morada, Telefone, NumeroBeneficiario, Sexo, DataNascimento) VALUES (255, 50836413, "Blanch Frith", "morada", 949142328, 320917307, "F", "02/10/2004 15:07:28");
INSERT INTO Paciente (PessoaID, GrupoSanguineo, SubsistemaSaude) VALUES (255, "AB+", 4);
INSERT INTO Pessoa (PessoaID, NumIdentificacao, Nome, Morada, Telefone, NumeroBeneficiario, Sexo, DataNascimento) VALUES (256, 50796536, "Susan Chandler", "morada", 912708752, 700643973, "F", "24/01/2017 02:46:49");
INSERT INTO Paciente (PessoaID, GrupoSanguineo, SubsistemaSaude) VALUES (256, "O-", 3);
INSERT INTO Pessoa (PessoaID, NumIdentificacao, Nome, Morada, Telefone, NumeroBeneficiario, Sexo, DataNascimento) VALUES (257, 59777143, "Ines Bingaman", "morada", 932104547, 315687795, "F", "13/07/1970 16:31:54");
INSERT INTO Paciente (PessoaID, GrupoSanguineo) VALUES (257, "A+");
INSERT INTO Pessoa (PessoaID, NumIdentificacao, Nome, Morada, Telefone, NumeroBeneficiario, Sexo, DataNascimento) VALUES (258, 62972660, "Tina Allen", "morada", 915025340, 637487053, "F", "29/01/2014 03:52:31");
INSERT INTO Paciente (PessoaID, GrupoSanguineo, SubsistemaSaude) VALUES (258, "A-", 2);
INSERT INTO Pessoa (PessoaID, NumIdentificacao, Nome, Morada, Telefone, NumeroBeneficiario, Sexo, DataNascimento) VALUES (259, 30333782, "Christine Dixon", "morada", 956381648, 308618608, "F", "28/02/1980 20:12:19");
INSERT INTO Paciente (PessoaID, GrupoSanguineo, SubsistemaSaude) VALUES (259, "B-", 4);
INSERT INTO Pessoa (PessoaID, NumIdentificacao, Nome, Morada, Telefone, NumeroBeneficiario, Sexo, DataNascimento) VALUES (260, 96472589, "Margaret Covington", "morada", 916196441, 367645601, "F", "06/06/1996 15:19:50");
INSERT INTO Paciente (PessoaID, GrupoSanguineo, SubsistemaSaude) VALUES (260, "B+", 1);
INSERT INTO Pessoa (PessoaID, NumIdentificacao, Nome, Morada, Telefone, NumeroBeneficiario, Sexo, DataNascimento) VALUES (261, 45191207, "Diane Frank", "morada", 993888726, 632367947, "F", "05/07/1996 12:37:16");
INSERT INTO Paciente (PessoaID, GrupoSanguineo) VALUES (261, "O+");
INSERT INTO Pessoa (PessoaID, NumIdentificacao, Nome, Morada, Telefone, NumeroBeneficiario, Sexo, DataNascimento) VALUES (262, 32095800, "Rex Fisher", "morada", 934745432, 446179760, "M", "21/08/2003 18:24:07");
INSERT INTO Paciente (PessoaID, GrupoSanguineo) VALUES (262, "A-");
INSERT INTO Pessoa (PessoaID, NumIdentificacao, Nome, Morada, Telefone, NumeroBeneficiario, Sexo, DataNascimento) VALUES (263, 15366999, "Evelyn Butcher", "morada", 934275525, 428213285, "F", "28/06/2019 21:46:25");
INSERT INTO Paciente (PessoaID, GrupoSanguineo, SubsistemaSaude) VALUES (263, "A-", 4);
INSERT INTO Pessoa (PessoaID, NumIdentificacao, Nome, Morada, Telefone, NumeroBeneficiario, Sexo, DataNascimento) VALUES (264, 47821416, "Allen Devereux", "morada", 912767510, 501668848, "M", "06/01/1988 00:25:13");
INSERT INTO Paciente (PessoaID, GrupoSanguineo) VALUES (264, "AB-");
INSERT INTO Pessoa (PessoaID, NumIdentificacao, Nome, Morada, Telefone, NumeroBeneficiario, Sexo, DataNascimento) VALUES (265, 38287530, "Robin Searcy", "morada", 970447224, 826547309, "F", "23/08/2010 19:16:41");
INSERT INTO Paciente (PessoaID, GrupoSanguineo) VALUES (265, "AB-");
INSERT INTO Pessoa (PessoaID, NumIdentificacao, Nome, Morada, Telefone, NumeroBeneficiario, Sexo, DataNascimento) VALUES (266, 59122398, "Michelle Bliss", "morada", 934058686, 571526143, "F", "02/04/2010 12:38:38");
INSERT INTO Paciente (PessoaID, GrupoSanguineo) VALUES (266, "B+");
INSERT INTO Pessoa (PessoaID, NumIdentificacao, Nome, Morada, Telefone, NumeroBeneficiario, Sexo, DataNascimento) VALUES (267, 68830301, "Dennis Nicholson", "morada", 998327776, 854628769, "M", "22/03/1972 02:30:00");
INSERT INTO Paciente (PessoaID, GrupoSanguineo, SubsistemaSaude) VALUES (267, "AB+", 2);
INSERT INTO Pessoa (PessoaID, NumIdentificacao, Nome, Morada, Telefone, NumeroBeneficiario, Sexo, DataNascimento) VALUES (268, 28015883, "Debra Fernandez", "morada", 993843528, 368985124, "F", "14/01/2002 19:51:55");
INSERT INTO Paciente (PessoaID, GrupoSanguineo, SubsistemaSaude) VALUES (268, "A-", 1);
INSERT INTO Pessoa (PessoaID, NumIdentificacao, Nome, Morada, Telefone, NumeroBeneficiario, Sexo, DataNascimento) VALUES (269, 98085495, "William Perez", "morada", 983518690, 751388557, "M", "04/09/2016 21:41:38");
INSERT INTO Paciente (PessoaID, GrupoSanguineo) VALUES (269, "A+");
INSERT INTO Pessoa (PessoaID, NumIdentificacao, Nome, Morada, Telefone, NumeroBeneficiario, Sexo, DataNascimento) VALUES (270, 23705506, "Thomas Watkins", "morada", 959688357, 496596393, "M", "22/02/1991 06:23:00");
INSERT INTO Paciente (PessoaID, GrupoSanguineo, SubsistemaSaude) VALUES (270, "B-", 1);
INSERT INTO Pessoa (PessoaID, NumIdentificacao, Nome, Morada, Telefone, NumeroBeneficiario, Sexo, DataNascimento) VALUES (271, 59132445, "Barbara Thome", "morada", 960612940, 299628344, "F", "13/04/1980 04:11:23");
INSERT INTO Paciente (PessoaID, GrupoSanguineo, SubsistemaSaude) VALUES (271, "A+", 1);
INSERT INTO Pessoa (PessoaID, NumIdentificacao, Nome, Morada, Telefone, NumeroBeneficiario, Sexo, DataNascimento) VALUES (272, 52161603, "Robert Griffin", "morada", 935367247, 434859683, "M", "11/12/2002 02:09:08");
INSERT INTO Paciente (PessoaID, GrupoSanguineo, SubsistemaSaude) VALUES (272, "B+", 1);
INSERT INTO Pessoa (PessoaID, NumIdentificacao, Nome, Morada, Telefone, NumeroBeneficiario, Sexo, DataNascimento) VALUES (273, 85124536, "Erica Kolodziej", "morada", 913175723, 811881118, "F", "04/12/2009 11:06:42");
INSERT INTO Paciente (PessoaID, GrupoSanguineo) VALUES (273, "B-");
INSERT INTO Pessoa (PessoaID, NumIdentificacao, Nome, Morada, Telefone, NumeroBeneficiario, Sexo, DataNascimento) VALUES (274, 32665082, "Margaret Nelson", "morada", 947659054, 326323728, "F", "29/09/1971 13:12:59");
INSERT INTO Paciente (PessoaID, GrupoSanguineo, SubsistemaSaude) VALUES (274, "O-", 1);
INSERT INTO Pessoa (PessoaID, NumIdentificacao, Nome, Morada, Telefone, NumeroBeneficiario, Sexo, DataNascimento) VALUES (275, 56858796, "Louis Stanfield", "morada", 982014375, 913309290, "M", "12/03/1993 02:44:11");
INSERT INTO Paciente (PessoaID, GrupoSanguineo) VALUES (275, "O-");
INSERT INTO Pessoa (PessoaID, NumIdentificacao, Nome, Morada, Telefone, NumeroBeneficiario, Sexo, DataNascimento) VALUES (276, 91683359, "Crystal Tousom", "morada", 911663669, 210412957, "F", "07/04/1985 13:47:19");
INSERT INTO Paciente (PessoaID, GrupoSanguineo) VALUES (276, "B-");
INSERT INTO Pessoa (PessoaID, NumIdentificacao, Nome, Morada, Telefone, NumeroBeneficiario, Sexo, DataNascimento) VALUES (277, 57422976, "John Thompson", "morada", 976392842, 676326587, "M", "06/12/2009 14:00:04");
INSERT INTO Paciente (PessoaID, GrupoSanguineo, SubsistemaSaude) VALUES (277, "B+", 1);
INSERT INTO Pessoa (PessoaID, NumIdentificacao, Nome, Morada, Telefone, NumeroBeneficiario, Sexo, DataNascimento) VALUES (278, 21497180, "Cynthia Young", "morada", 989264770, 335345490, "F", "23/08/1991 13:57:49");
INSERT INTO Paciente (PessoaID, GrupoSanguineo) VALUES (278, "A+");
INSERT INTO Pessoa (PessoaID, NumIdentificacao, Nome, Morada, Telefone, NumeroBeneficiario, Sexo, DataNascimento) VALUES (279, 58219047, "Patsy Bilger", "morada", 936940498, 140765387, "F", "18/01/2008 18:21:28");
INSERT INTO Paciente (PessoaID, GrupoSanguineo) VALUES (279, "O+");
INSERT INTO Pessoa (PessoaID, NumIdentificacao, Nome, Morada, Telefone, NumeroBeneficiario, Sexo, DataNascimento) VALUES (280, 35755260, "Tara Adell", "morada", 919236491, 753424923, "F", "16/06/2009 22:41:33");
INSERT INTO Paciente (PessoaID, GrupoSanguineo, SubsistemaSaude) VALUES (280, "AB+", 1);
INSERT INTO Pessoa (PessoaID, NumIdentificacao, Nome, Morada, Telefone, NumeroBeneficiario, Sexo, DataNascimento) VALUES (281, 43061952, "Johnny Devos", "morada", 940666787, 494077745, "M", "14/05/2000 05:40:53");
INSERT INTO Paciente (PessoaID, GrupoSanguineo) VALUES (281, "A+");
INSERT INTO Pessoa (PessoaID, NumIdentificacao, Nome, Morada, Telefone, NumeroBeneficiario, Sexo, DataNascimento) VALUES (282, 56419623, "George Shea", "morada", 967886320, 174502284, "M", "21/09/1970 08:34:03");
INSERT INTO Paciente (PessoaID, GrupoSanguineo) VALUES (282, "O+");
INSERT INTO Pessoa (PessoaID, NumIdentificacao, Nome, Morada, Telefone, NumeroBeneficiario, Sexo, DataNascimento) VALUES (283, 31691712, "Rodney Williams", "morada", 971698177, 526537477, "M", "01/04/1970 16:19:56");
INSERT INTO Paciente (PessoaID, GrupoSanguineo) VALUES (283, "A+");
INSERT INTO Pessoa (PessoaID, NumIdentificacao, Nome, Morada, Telefone, NumeroBeneficiario, Sexo, DataNascimento) VALUES (284, 56186107, "Robert Gomez", "morada", 927147750, 626490995, "M", "05/02/2001 09:29:52");
INSERT INTO Paciente (PessoaID, GrupoSanguineo) VALUES (284, "A+");
INSERT INTO Pessoa (PessoaID, NumIdentificacao, Nome, Morada, Telefone, NumeroBeneficiario, Sexo, DataNascimento) VALUES (285, 23221386, "Ruth Mason", "morada", 910853720, 882303512, "F", "30/08/1980 23:33:09");
INSERT INTO Paciente (PessoaID, GrupoSanguineo) VALUES (285, "AB+");
INSERT INTO Pessoa (PessoaID, NumIdentificacao, Nome, Morada, Telefone, NumeroBeneficiario, Sexo, DataNascimento) VALUES (286, 84623161, "Ana Rodgers", "morada", 937414104, 211329809, "F", "10/03/1973 03:32:47");
INSERT INTO Paciente (PessoaID, GrupoSanguineo) VALUES (286, "AB-");
INSERT INTO Pessoa (PessoaID, NumIdentificacao, Nome, Morada, Telefone, NumeroBeneficiario, Sexo, DataNascimento) VALUES (287, 29123442, "Robert Stout", "morada", 948160179, 495479936, "M", "28/04/1991 17:19:53");
INSERT INTO Paciente (PessoaID, GrupoSanguineo, SubsistemaSaude) VALUES (287, "B+", 1);
INSERT INTO Pessoa (PessoaID, NumIdentificacao, Nome, Morada, Telefone, NumeroBeneficiario, Sexo, DataNascimento) VALUES (288, 16351477, "Christopher Parks", "morada", 995533244, 292833901, "M", "16/09/1979 23:01:55");
INSERT INTO Paciente (PessoaID, GrupoSanguineo, SubsistemaSaude) VALUES (288, "A-", 1);
INSERT INTO Pessoa (PessoaID, NumIdentificacao, Nome, Morada, Telefone, NumeroBeneficiario, Sexo, DataNascimento) VALUES (289, 86889631, "Patricia Childress", "morada", 998042120, 555365590, "F", "07/04/2003 17:36:38");
INSERT INTO Paciente (PessoaID, GrupoSanguineo) VALUES (289, "O+");
INSERT INTO Pessoa (PessoaID, NumIdentificacao, Nome, Morada, Telefone, NumeroBeneficiario, Sexo, DataNascimento) VALUES (290, 79118043, "Carrie Tuite", "morada", 922423498, 417268059, "F", "15/02/1993 09:51:36");
INSERT INTO Paciente (PessoaID, GrupoSanguineo) VALUES (290, "A+");
INSERT INTO Pessoa (PessoaID, NumIdentificacao, Nome, Morada, Telefone, NumeroBeneficiario, Sexo, DataNascimento) VALUES (291, 58196259, "James Austin", "morada", 968556654, 364233165, "M", "28/05/2007 06:48:50");
INSERT INTO Paciente (PessoaID, GrupoSanguineo) VALUES (291, "O+");
INSERT INTO Pessoa (PessoaID, NumIdentificacao, Nome, Morada, Telefone, NumeroBeneficiario, Sexo, DataNascimento) VALUES (292, 37958891, "Dolores Brown", "morada", 989303244, 631610512, "F", "21/09/2014 04:32:13");
INSERT INTO Paciente (PessoaID, GrupoSanguineo) VALUES (292, "A-");
INSERT INTO Pessoa (PessoaID, NumIdentificacao, Nome, Morada, Telefone, NumeroBeneficiario, Sexo, DataNascimento) VALUES (293, 84316536, "William Melton", "morada", 915532655, 131742619, "M", "18/10/1978 20:53:39");
INSERT INTO Paciente (PessoaID, GrupoSanguineo, SubsistemaSaude) VALUES (293, "O+", 1);
INSERT INTO Pessoa (PessoaID, NumIdentificacao, Nome, Morada, Telefone, NumeroBeneficiario, Sexo, DataNascimento) VALUES (294, 76172775, "Alfonso Harrison", "morada", 969705684, 540588112, "M", "26/11/1993 10:04:27");
INSERT INTO Paciente (PessoaID, GrupoSanguineo) VALUES (294, "O+");
INSERT INTO Pessoa (PessoaID, NumIdentificacao, Nome, Morada, Telefone, NumeroBeneficiario, Sexo, DataNascimento) VALUES (295, 68595448, "Robert Embrey", "morada", 944840471, 654872728, "M", "12/10/1970 11:39:38");
INSERT INTO Paciente (PessoaID, GrupoSanguineo, SubsistemaSaude) VALUES (295, "A+", 1);
INSERT INTO Pessoa (PessoaID, NumIdentificacao, Nome, Morada, Telefone, NumeroBeneficiario, Sexo, DataNascimento) VALUES (296, 80658641, "Pamela Cooper", "morada", 985967895, 275692481, "F", "08/07/1982 06:11:52");
INSERT INTO Paciente (PessoaID, GrupoSanguineo) VALUES (296, "AB-");
INSERT INTO Pessoa (PessoaID, NumIdentificacao, Nome, Morada, Telefone, NumeroBeneficiario, Sexo, DataNascimento) VALUES (297, 71190698, "Lesley Agee", "morada", 936579991, 541579761, "F", "08/02/1984 15:36:19");
INSERT INTO Paciente (PessoaID, GrupoSanguineo, SubsistemaSaude) VALUES (297, "B+", 1);
INSERT INTO Pessoa (PessoaID, NumIdentificacao, Nome, Morada, Telefone, NumeroBeneficiario, Sexo, DataNascimento) VALUES (298, 93095550, "Michael Havercroft", "morada", 913693570, 403817842, "M", "13/12/1983 15:19:39");
INSERT INTO Paciente (PessoaID, GrupoSanguineo) VALUES (298, "AB+");
INSERT INTO Pessoa (PessoaID, NumIdentificacao, Nome, Morada, Telefone, NumeroBeneficiario, Sexo, DataNascimento) VALUES (299, 46348876, "Lola Gilbert", "morada", 912365410, 276025532, "F", "05/05/1988 05:34:09");
INSERT INTO Paciente (PessoaID, GrupoSanguineo, SubsistemaSaude) VALUES (299, "AB-", 1);
INSERT INTO Pessoa (PessoaID, NumIdentificacao, Nome, Morada, Telefone, NumeroBeneficiario, Sexo, DataNascimento) VALUES (300, 20742489, "Lawrence Noble", "morada", 994430338, 316447406, "M", "01/03/2013 08:47:12");
INSERT INTO Paciente (PessoaID, GrupoSanguineo) VALUES (300, "A-");


-- Nurses
INSERT INTO Pessoa (PessoaID, NumIdentificacao, Nome, Morada, Telefone, NumeroBeneficiario, Sexo, DataNascimento) VALUES (301, 39013953, "Araceli Mchugh", "morada", 941995811, 273458114, "F", "26/02/1984 00:39:44");
INSERT INTO Staff (PessoaID, CodigoIdentificacao, Especializacao) VALUES (301, 4415, 8);
INSERT INTO Enfermeiro (StaffID) VALUES (4415);
INSERT INTO HorarioTrabalho (StaffID, HorarioID) VALUES (4415, 2);
INSERT INTO HorarioTrabalho (StaffID, HorarioID) VALUES (4415, 27);
INSERT INTO Pessoa (PessoaID, NumIdentificacao, Nome, Morada, Telefone, NumeroBeneficiario, Sexo, DataNascimento) VALUES (302, 30536748, "Otha Burke", "morada", 928079784, 638245102, "M", "13/07/2014 12:42:36");
INSERT INTO Staff (PessoaID, CodigoIdentificacao, Especializacao) VALUES (302, 9714, 15);
INSERT INTO Enfermeiro (StaffID) VALUES (9714);
INSERT INTO HorarioTrabalho (StaffID, HorarioID) VALUES (9714, 1);
INSERT INTO HorarioTrabalho (StaffID, HorarioID) VALUES (9714, 11);
INSERT INTO HorarioTrabalho (StaffID, HorarioID) VALUES (9714, 22);
INSERT INTO Pessoa (PessoaID, NumIdentificacao, Nome, Morada, Telefone, NumeroBeneficiario, Sexo, DataNascimento) VALUES (303, 18403197, "John Wong", "morada", 959235168, 598577797, "M", "13/05/1999 14:31:35");
INSERT INTO Staff (PessoaID, CodigoIdentificacao, Especializacao) VALUES (303, 8750, 6);
INSERT INTO Enfermeiro (StaffID) VALUES (8750);
INSERT INTO HorarioTrabalho (StaffID, HorarioID) VALUES (8750, 6);
INSERT INTO HorarioTrabalho (StaffID, HorarioID) VALUES (8750, 11);
INSERT INTO HorarioTrabalho (StaffID, HorarioID) VALUES (8750, 24);
INSERT INTO Pessoa (PessoaID, NumIdentificacao, Nome, Morada, Telefone, NumeroBeneficiario, Sexo, DataNascimento) VALUES (304, 61820835, "Lakeshia Hart", "morada", 929556194, 203825624, "F", "26/05/1975 12:22:26");
INSERT INTO Staff (PessoaID, CodigoIdentificacao, Especializacao) VALUES (304, 5876, 36);
INSERT INTO Enfermeiro (StaffID) VALUES (5876);
INSERT INTO HorarioTrabalho (StaffID, HorarioID) VALUES (5876, 3);
INSERT INTO HorarioTrabalho (StaffID, HorarioID) VALUES (5876, 7);
INSERT INTO HorarioTrabalho (StaffID, HorarioID) VALUES (5876, 12);
INSERT INTO HorarioTrabalho (StaffID, HorarioID) VALUES (5876, 16);
INSERT INTO HorarioTrabalho (StaffID, HorarioID) VALUES (5876, 24);
INSERT INTO HorarioTrabalho (StaffID, HorarioID) VALUES (5876, 28);
INSERT INTO Pessoa (PessoaID, NumIdentificacao, Nome, Morada, Telefone, NumeroBeneficiario, Sexo, DataNascimento) VALUES (305, 42003738, "Laura Remick", "morada", 974020982, 836145768, "F", "23/05/1975 01:50:00");
INSERT INTO Staff (PessoaID, CodigoIdentificacao, Especializacao) VALUES (305, 1305, 33);
INSERT INTO Enfermeiro (StaffID) VALUES (1305);
INSERT INTO HorarioTrabalho (StaffID, HorarioID) VALUES (1305, 5);
INSERT INTO HorarioTrabalho (StaffID, HorarioID) VALUES (1305, 13);
INSERT INTO HorarioTrabalho (StaffID, HorarioID) VALUES (1305, 18);
INSERT INTO HorarioTrabalho (StaffID, HorarioID) VALUES (1305, 23);
INSERT INTO HorarioTrabalho (StaffID, HorarioID) VALUES (1305, 26);
INSERT INTO Pessoa (PessoaID, NumIdentificacao, Nome, Morada, Telefone, NumeroBeneficiario, Sexo, DataNascimento) VALUES (306, 47231158, "Ali Williams", "morada", 938399557, 138135000, "M", "08/11/1984 12:00:36");
INSERT INTO Staff (PessoaID, CodigoIdentificacao, Especializacao) VALUES (306, 2902, 12);
INSERT INTO Enfermeiro (StaffID) VALUES (2902);
INSERT INTO HorarioTrabalho (StaffID, HorarioID) VALUES (2902, 8);
INSERT INTO HorarioTrabalho (StaffID, HorarioID) VALUES (2902, 15);
INSERT INTO HorarioTrabalho (StaffID, HorarioID) VALUES (2902, 20);
INSERT INTO Pessoa (PessoaID, NumIdentificacao, Nome, Morada, Telefone, NumeroBeneficiario, Sexo, DataNascimento) VALUES (307, 11628735, "John Weaver", "morada", 952466685, 678316644, "M", "02/04/1986 09:13:21");
INSERT INTO Staff (PessoaID, CodigoIdentificacao, Especializacao) VALUES (307, 4001, 36);
INSERT INTO Enfermeiro (StaffID) VALUES (4001);
INSERT INTO HorarioTrabalho (StaffID, HorarioID) VALUES (4001, 25);
INSERT INTO Pessoa (PessoaID, NumIdentificacao, Nome, Morada, Telefone, NumeroBeneficiario, Sexo, DataNascimento) VALUES (308, 78021370, "Michelle Fey", "morada", 958772176, 760342204, "F", "16/11/2003 09:36:10");
INSERT INTO Staff (PessoaID, CodigoIdentificacao, Especializacao) VALUES (308, 2281, 21);
INSERT INTO Enfermeiro (StaffID) VALUES (2281);
INSERT INTO HorarioTrabalho (StaffID, HorarioID) VALUES (2281, 20);
INSERT INTO HorarioTrabalho (StaffID, HorarioID) VALUES (2281, 23);
INSERT INTO HorarioTrabalho (StaffID, HorarioID) VALUES (2281, 26);
INSERT INTO Pessoa (PessoaID, NumIdentificacao, Nome, Morada, Telefone, NumeroBeneficiario, Sexo, DataNascimento) VALUES (309, 21788633, "Melina Bell", "morada", 963092270, 597427786, "F", "23/06/2010 13:23:02");
INSERT INTO Staff (PessoaID, CodigoIdentificacao, Especializacao) VALUES (309, 8158, 35);
INSERT INTO Enfermeiro (StaffID) VALUES (8158);
INSERT INTO HorarioTrabalho (StaffID, HorarioID) VALUES (8158, 10);
INSERT INTO HorarioTrabalho (StaffID, HorarioID) VALUES (8158, 20);
INSERT INTO HorarioTrabalho (StaffID, HorarioID) VALUES (8158, 30);
INSERT INTO Pessoa (PessoaID, NumIdentificacao, Nome, Morada, Telefone, NumeroBeneficiario, Sexo, DataNascimento) VALUES (310, 46185701, "Robert Moore", "morada", 956817853, 672585227, "M", "30/12/2002 01:56:17");
INSERT INTO Staff (PessoaID, CodigoIdentificacao, Especializacao) VALUES (310, 9744, 12);
INSERT INTO Enfermeiro (StaffID) VALUES (9744);
INSERT INTO HorarioTrabalho (StaffID, HorarioID) VALUES (9744, 3);
INSERT INTO HorarioTrabalho (StaffID, HorarioID) VALUES (9744, 8);
INSERT INTO HorarioTrabalho (StaffID, HorarioID) VALUES (9744, 16);
INSERT INTO Pessoa (PessoaID, NumIdentificacao, Nome, Morada, Telefone, NumeroBeneficiario, Sexo, DataNascimento) VALUES (311, 57344837, "Wai Schneck", "morada", 913089071, 820434166, "F", "31/01/2019 11:51:28");
INSERT INTO Staff (PessoaID, CodigoIdentificacao, Especializacao) VALUES (311, 3006, 4);
INSERT INTO Enfermeiro (StaffID) VALUES (3006);
INSERT INTO HorarioTrabalho (StaffID, HorarioID) VALUES (3006, 4);
INSERT INTO HorarioTrabalho (StaffID, HorarioID) VALUES (3006, 6);
INSERT INTO HorarioTrabalho (StaffID, HorarioID) VALUES (3006, 15);
INSERT INTO HorarioTrabalho (StaffID, HorarioID) VALUES (3006, 22);
INSERT INTO Pessoa (PessoaID, NumIdentificacao, Nome, Morada, Telefone, NumeroBeneficiario, Sexo, DataNascimento) VALUES (312, 57743359, "Martin Mcpartland", "morada", 996059581, 869407849, "M", "07/06/2006 04:51:48");
INSERT INTO Staff (PessoaID, CodigoIdentificacao, Especializacao) VALUES (312, 2754, 18);
INSERT INTO Enfermeiro (StaffID) VALUES (2754);
INSERT INTO HorarioTrabalho (StaffID, HorarioID) VALUES (2754, 9);
INSERT INTO HorarioTrabalho (StaffID, HorarioID) VALUES (2754, 13);
INSERT INTO HorarioTrabalho (StaffID, HorarioID) VALUES (2754, 14);
INSERT INTO HorarioTrabalho (StaffID, HorarioID) VALUES (2754, 24);
INSERT INTO Pessoa (PessoaID, NumIdentificacao, Nome, Morada, Telefone, NumeroBeneficiario, Sexo, DataNascimento) VALUES (313, 27880376, "Linda Wilkey", "morada", 947929228, 611534131, "F", "25/02/1973 10:19:26");
INSERT INTO Staff (PessoaID, CodigoIdentificacao, Especializacao) VALUES (313, 9267, 21);
INSERT INTO Enfermeiro (StaffID) VALUES (9267);
INSERT INTO HorarioTrabalho (StaffID, HorarioID) VALUES (9267, 4);
INSERT INTO HorarioTrabalho (StaffID, HorarioID) VALUES (9267, 9);
INSERT INTO HorarioTrabalho (StaffID, HorarioID) VALUES (9267, 12);
INSERT INTO HorarioTrabalho (StaffID, HorarioID) VALUES (9267, 20);
INSERT INTO HorarioTrabalho (StaffID, HorarioID) VALUES (9267, 22);
INSERT INTO HorarioTrabalho (StaffID, HorarioID) VALUES (9267, 27);
INSERT INTO Pessoa (PessoaID, NumIdentificacao, Nome, Morada, Telefone, NumeroBeneficiario, Sexo, DataNascimento) VALUES (314, 84604388, "Jenny Cox", "morada", 979016314, 383576367, "F", "22/05/1998 01:02:13");
INSERT INTO Staff (PessoaID, CodigoIdentificacao, Especializacao) VALUES (314, 8214, 22);
INSERT INTO Enfermeiro (StaffID) VALUES (8214);
INSERT INTO HorarioTrabalho (StaffID, HorarioID) VALUES (8214, 7);
INSERT INTO HorarioTrabalho (StaffID, HorarioID) VALUES (8214, 11);
INSERT INTO HorarioTrabalho (StaffID, HorarioID) VALUES (8214, 15);
INSERT INTO HorarioTrabalho (StaffID, HorarioID) VALUES (8214, 19);
INSERT INTO HorarioTrabalho (StaffID, HorarioID) VALUES (8214, 24);
INSERT INTO Pessoa (PessoaID, NumIdentificacao, Nome, Morada, Telefone, NumeroBeneficiario, Sexo, DataNascimento) VALUES (315, 45183843, "Jason Brown", "morada", 930661834, 894850612, "M", "05/08/1973 18:09:36");
INSERT INTO Staff (PessoaID, CodigoIdentificacao, Especializacao) VALUES (315, 8349, 15);
INSERT INTO Enfermeiro (StaffID) VALUES (8349);
INSERT INTO HorarioTrabalho (StaffID, HorarioID) VALUES (8349, 5);
INSERT INTO HorarioTrabalho (StaffID, HorarioID) VALUES (8349, 10);
INSERT INTO HorarioTrabalho (StaffID, HorarioID) VALUES (8349, 14);
INSERT INTO HorarioTrabalho (StaffID, HorarioID) VALUES (8349, 20);
INSERT INTO HorarioTrabalho (StaffID, HorarioID) VALUES (8349, 22);
INSERT INTO Pessoa (PessoaID, NumIdentificacao, Nome, Morada, Telefone, NumeroBeneficiario, Sexo, DataNascimento) VALUES (316, 33471726, "Betty Madden", "morada", 974010313, 302964067, "F", "10/07/2012 08:48:02");
INSERT INTO Staff (PessoaID, CodigoIdentificacao, Especializacao) VALUES (316, 4623, 47);
INSERT INTO Enfermeiro (StaffID) VALUES (4623);
INSERT INTO HorarioTrabalho (StaffID, HorarioID) VALUES (4623, 3);
INSERT INTO HorarioTrabalho (StaffID, HorarioID) VALUES (4623, 13);
INSERT INTO HorarioTrabalho (StaffID, HorarioID) VALUES (4623, 15);
INSERT INTO HorarioTrabalho (StaffID, HorarioID) VALUES (4623, 19);
INSERT INTO HorarioTrabalho (StaffID, HorarioID) VALUES (4623, 26);
INSERT INTO Pessoa (PessoaID, NumIdentificacao, Nome, Morada, Telefone, NumeroBeneficiario, Sexo, DataNascimento) VALUES (317, 90996522, "Michael Neill", "morada", 964978039, 386436494, "M", "15/10/1981 07:04:22");
INSERT INTO Staff (PessoaID, CodigoIdentificacao, Especializacao) VALUES (317, 7667, 1);
INSERT INTO Enfermeiro (StaffID) VALUES (7667);
INSERT INTO HorarioTrabalho (StaffID, HorarioID) VALUES (7667, 3);
INSERT INTO HorarioTrabalho (StaffID, HorarioID) VALUES (7667, 11);
INSERT INTO HorarioTrabalho (StaffID, HorarioID) VALUES (7667, 23);
INSERT INTO Pessoa (PessoaID, NumIdentificacao, Nome, Morada, Telefone, NumeroBeneficiario, Sexo, DataNascimento) VALUES (318, 76556677, "Cassie Valencia", "morada", 941223936, 506503252, "F", "27/01/1999 08:07:13");
INSERT INTO Staff (PessoaID, CodigoIdentificacao, Especializacao) VALUES (318, 8335, 26);
INSERT INTO Enfermeiro (StaffID) VALUES (8335);
INSERT INTO HorarioTrabalho (StaffID, HorarioID) VALUES (8335, 16);
INSERT INTO HorarioTrabalho (StaffID, HorarioID) VALUES (8335, 19);
INSERT INTO HorarioTrabalho (StaffID, HorarioID) VALUES (8335, 29);
INSERT INTO Pessoa (PessoaID, NumIdentificacao, Nome, Morada, Telefone, NumeroBeneficiario, Sexo, DataNascimento) VALUES (319, 65693302, "Leigh Tudor", "morada", 988712046, 857600957, "F", "16/01/1983 12:44:30");
INSERT INTO Staff (PessoaID, CodigoIdentificacao, Especializacao) VALUES (319, 2879, 3);
INSERT INTO Enfermeiro (StaffID) VALUES (2879);
INSERT INTO HorarioTrabalho (StaffID, HorarioID) VALUES (2879, 4);
INSERT INTO HorarioTrabalho (StaffID, HorarioID) VALUES (2879, 5);
INSERT INTO HorarioTrabalho (StaffID, HorarioID) VALUES (2879, 25);
INSERT INTO Pessoa (PessoaID, NumIdentificacao, Nome, Morada, Telefone, NumeroBeneficiario, Sexo, DataNascimento) VALUES (320, 41058294, "Carla Wells", "morada", 952129329, 164767461, "F", "09/09/1997 15:13:20");
INSERT INTO Staff (PessoaID, CodigoIdentificacao, Especializacao) VALUES (320, 2735, 13);
INSERT INTO Enfermeiro (StaffID) VALUES (2735);
INSERT INTO HorarioTrabalho (StaffID, HorarioID) VALUES (2735, 12);
INSERT INTO HorarioTrabalho (StaffID, HorarioID) VALUES (2735, 14);
INSERT INTO HorarioTrabalho (StaffID, HorarioID) VALUES (2735, 20);
INSERT INTO HorarioTrabalho (StaffID, HorarioID) VALUES (2735, 25);
INSERT INTO HorarioTrabalho (StaffID, HorarioID) VALUES (2735, 29);
INSERT INTO Pessoa (PessoaID, NumIdentificacao, Nome, Morada, Telefone, NumeroBeneficiario, Sexo, DataNascimento) VALUES (321, 88376891, "Kimberly Morrison", "morada", 985365229, 121713623, "F", "21/09/2012 22:53:39");
INSERT INTO Staff (PessoaID, CodigoIdentificacao, Especializacao) VALUES (321, 2392, 6);
INSERT INTO Enfermeiro (StaffID) VALUES (2392);
INSERT INTO HorarioTrabalho (StaffID, HorarioID) VALUES (2392, 4);
INSERT INTO HorarioTrabalho (StaffID, HorarioID) VALUES (2392, 9);
INSERT INTO HorarioTrabalho (StaffID, HorarioID) VALUES (2392, 13);
INSERT INTO HorarioTrabalho (StaffID, HorarioID) VALUES (2392, 17);
INSERT INTO HorarioTrabalho (StaffID, HorarioID) VALUES (2392, 19);
INSERT INTO Pessoa (PessoaID, NumIdentificacao, Nome, Morada, Telefone, NumeroBeneficiario, Sexo, DataNascimento) VALUES (322, 33849260, "Jessica Walters", "morada", 964238933, 630004132, "F", "07/06/2011 03:09:28");
INSERT INTO Staff (PessoaID, CodigoIdentificacao, Especializacao) VALUES (322, 5961, 2);
INSERT INTO Enfermeiro (StaffID) VALUES (5961);
INSERT INTO HorarioTrabalho (StaffID, HorarioID) VALUES (5961, 4);
INSERT INTO HorarioTrabalho (StaffID, HorarioID) VALUES (5961, 11);
INSERT INTO HorarioTrabalho (StaffID, HorarioID) VALUES (5961, 14);
INSERT INTO HorarioTrabalho (StaffID, HorarioID) VALUES (5961, 24);
INSERT INTO Pessoa (PessoaID, NumIdentificacao, Nome, Morada, Telefone, NumeroBeneficiario, Sexo, DataNascimento) VALUES (323, 92911647, "Nannette Dingell", "morada", 982241507, 980475291, "F", "04/01/2016 12:41:32");
INSERT INTO Staff (PessoaID, CodigoIdentificacao, Especializacao) VALUES (323, 3364, 49);
INSERT INTO Enfermeiro (StaffID) VALUES (3364);
INSERT INTO HorarioTrabalho (StaffID, HorarioID) VALUES (3364, 4);
INSERT INTO HorarioTrabalho (StaffID, HorarioID) VALUES (3364, 14);
INSERT INTO HorarioTrabalho (StaffID, HorarioID) VALUES (3364, 24);
INSERT INTO HorarioTrabalho (StaffID, HorarioID) VALUES (3364, 29);
INSERT INTO Pessoa (PessoaID, NumIdentificacao, Nome, Morada, Telefone, NumeroBeneficiario, Sexo, DataNascimento) VALUES (324, 39175585, "Mabel Lyons", "morada", 998447974, 796173735, "F", "16/09/2011 17:49:42");
INSERT INTO Staff (PessoaID, CodigoIdentificacao, Especializacao) VALUES (324, 3279, 47);
INSERT INTO Enfermeiro (StaffID) VALUES (3279);
INSERT INTO HorarioTrabalho (StaffID, HorarioID) VALUES (3279, 4);
INSERT INTO HorarioTrabalho (StaffID, HorarioID) VALUES (3279, 10);
INSERT INTO HorarioTrabalho (StaffID, HorarioID) VALUES (3279, 15);
INSERT INTO Pessoa (PessoaID, NumIdentificacao, Nome, Morada, Telefone, NumeroBeneficiario, Sexo, DataNascimento) VALUES (325, 46635915, "Catherine Gleason", "morada", 985982348, 627545330, "F", "18/02/1994 10:14:16");
INSERT INTO Staff (PessoaID, CodigoIdentificacao, Especializacao) VALUES (325, 8702, 33);
INSERT INTO Enfermeiro (StaffID) VALUES (8702);
INSERT INTO HorarioTrabalho (StaffID, HorarioID) VALUES (8702, 4);
INSERT INTO HorarioTrabalho (StaffID, HorarioID) VALUES (8702, 13);
INSERT INTO HorarioTrabalho (StaffID, HorarioID) VALUES (8702, 14);
INSERT INTO HorarioTrabalho (StaffID, HorarioID) VALUES (8702, 22);
INSERT INTO HorarioTrabalho (StaffID, HorarioID) VALUES (8702, 27);
INSERT INTO Pessoa (PessoaID, NumIdentificacao, Nome, Morada, Telefone, NumeroBeneficiario, Sexo, DataNascimento) VALUES (326, 14227199, "Pearl Wilder", "morada", 990318201, 276247904, "F", "27/10/1984 11:56:13");
INSERT INTO Staff (PessoaID, CodigoIdentificacao, Especializacao) VALUES (326, 5286, 11);
INSERT INTO Enfermeiro (StaffID) VALUES (5286);
INSERT INTO HorarioTrabalho (StaffID, HorarioID) VALUES (5286, 2);
INSERT INTO HorarioTrabalho (StaffID, HorarioID) VALUES (5286, 21);
INSERT INTO HorarioTrabalho (StaffID, HorarioID) VALUES (5286, 28);
INSERT INTO Pessoa (PessoaID, NumIdentificacao, Nome, Morada, Telefone, NumeroBeneficiario, Sexo, DataNascimento) VALUES (327, 24877863, "Sherry Taque", "morada", 948208678, 801047345, "F", "09/01/2002 03:19:51");
INSERT INTO Staff (PessoaID, CodigoIdentificacao, Especializacao) VALUES (327, 3424, 25);
INSERT INTO Enfermeiro (StaffID) VALUES (3424);
INSERT INTO HorarioTrabalho (StaffID, HorarioID) VALUES (3424, 6);
INSERT INTO HorarioTrabalho (StaffID, HorarioID) VALUES (3424, 10);
INSERT INTO HorarioTrabalho (StaffID, HorarioID) VALUES (3424, 30);
INSERT INTO Pessoa (PessoaID, NumIdentificacao, Nome, Morada, Telefone, NumeroBeneficiario, Sexo, DataNascimento) VALUES (328, 92455299, "Elizabeth Young", "morada", 928837853, 622205400, "F", "05/02/1997 08:33:00");
INSERT INTO Staff (PessoaID, CodigoIdentificacao, Especializacao) VALUES (328, 7475, 43);
INSERT INTO Enfermeiro (StaffID) VALUES (7475);
INSERT INTO HorarioTrabalho (StaffID, HorarioID) VALUES (7475, 9);
INSERT INTO HorarioTrabalho (StaffID, HorarioID) VALUES (7475, 22);
INSERT INTO HorarioTrabalho (StaffID, HorarioID) VALUES (7475, 27);
INSERT INTO Pessoa (PessoaID, NumIdentificacao, Nome, Morada, Telefone, NumeroBeneficiario, Sexo, DataNascimento) VALUES (329, 46881252, "Mario Horsley", "morada", 929871281, 918385822, "M", "17/03/2014 05:18:22");
INSERT INTO Staff (PessoaID, CodigoIdentificacao, Especializacao) VALUES (329, 6604, 5);
INSERT INTO Enfermeiro (StaffID) VALUES (6604);
INSERT INTO HorarioTrabalho (StaffID, HorarioID) VALUES (6604, 4);
INSERT INTO HorarioTrabalho (StaffID, HorarioID) VALUES (6604, 5);
INSERT INTO HorarioTrabalho (StaffID, HorarioID) VALUES (6604, 20);
INSERT INTO Pessoa (PessoaID, NumIdentificacao, Nome, Morada, Telefone, NumeroBeneficiario, Sexo, DataNascimento) VALUES (330, 10558189, "April Adams", "morada", 972680443, 382556033, "F", "26/06/1986 20:18:35");
INSERT INTO Staff (PessoaID, CodigoIdentificacao, Especializacao) VALUES (330, 1106, 13);
INSERT INTO Enfermeiro (StaffID) VALUES (1106);
INSERT INTO HorarioTrabalho (StaffID, HorarioID) VALUES (1106, 13);
INSERT INTO HorarioTrabalho (StaffID, HorarioID) VALUES (1106, 16);
INSERT INTO HorarioTrabalho (StaffID, HorarioID) VALUES (1106, 19);
INSERT INTO Pessoa (PessoaID, NumIdentificacao, Nome, Morada, Telefone, NumeroBeneficiario, Sexo, DataNascimento) VALUES (331, 61082848, "Roberta Webb", "morada", 940782555, 491000177, "F", "12/10/1993 01:31:09");
INSERT INTO Staff (PessoaID, CodigoIdentificacao, Especializacao) VALUES (331, 8255, 11);
INSERT INTO Enfermeiro (StaffID) VALUES (8255);
INSERT INTO HorarioTrabalho (StaffID, HorarioID) VALUES (8255, 3);
INSERT INTO HorarioTrabalho (StaffID, HorarioID) VALUES (8255, 10);
INSERT INTO HorarioTrabalho (StaffID, HorarioID) VALUES (8255, 15);
INSERT INTO HorarioTrabalho (StaffID, HorarioID) VALUES (8255, 19);
INSERT INTO HorarioTrabalho (StaffID, HorarioID) VALUES (8255, 24);
INSERT INTO Pessoa (PessoaID, NumIdentificacao, Nome, Morada, Telefone, NumeroBeneficiario, Sexo, DataNascimento) VALUES (332, 13084171, "Margaret Horton", "morada", 999885960, 155938914, "F", "12/04/1999 14:45:58");
INSERT INTO Staff (PessoaID, CodigoIdentificacao, Especializacao) VALUES (332, 1178, 16);
INSERT INTO Enfermeiro (StaffID) VALUES (1178);
INSERT INTO HorarioTrabalho (StaffID, HorarioID) VALUES (1178, 3);
INSERT INTO HorarioTrabalho (StaffID, HorarioID) VALUES (1178, 13);
INSERT INTO Pessoa (PessoaID, NumIdentificacao, Nome, Morada, Telefone, NumeroBeneficiario, Sexo, DataNascimento) VALUES (333, 28707716, "Thomas Leggett", "morada", 971048473, 872324856, "M", "07/12/2004 14:50:38");
INSERT INTO Staff (PessoaID, CodigoIdentificacao, Especializacao) VALUES (333, 7062, 33);
INSERT INTO Enfermeiro (StaffID) VALUES (7062);
INSERT INTO HorarioTrabalho (StaffID, HorarioID) VALUES (7062, 8);
INSERT INTO HorarioTrabalho (StaffID, HorarioID) VALUES (7062, 18);
INSERT INTO HorarioTrabalho (StaffID, HorarioID) VALUES (7062, 24);
INSERT INTO Pessoa (PessoaID, NumIdentificacao, Nome, Morada, Telefone, NumeroBeneficiario, Sexo, DataNascimento) VALUES (334, 84672363, "Angela Buckles", "morada", 975758249, 947277218, "F", "25/02/1974 13:11:46");
INSERT INTO Staff (PessoaID, CodigoIdentificacao, Especializacao) VALUES (334, 3691, 1);
INSERT INTO Enfermeiro (StaffID) VALUES (3691);
INSERT INTO HorarioTrabalho (StaffID, HorarioID) VALUES (3691, 21);
INSERT INTO HorarioTrabalho (StaffID, HorarioID) VALUES (3691, 29);
INSERT INTO Pessoa (PessoaID, NumIdentificacao, Nome, Morada, Telefone, NumeroBeneficiario, Sexo, DataNascimento) VALUES (335, 78170987, "Richard Chittenden", "morada", 994824560, 506856747, "M", "27/03/2003 21:18:13");
INSERT INTO Staff (PessoaID, CodigoIdentificacao, Especializacao) VALUES (335, 6968, 45);
INSERT INTO Enfermeiro (StaffID) VALUES (6968);
INSERT INTO HorarioTrabalho (StaffID, HorarioID) VALUES (6968, 1);
INSERT INTO HorarioTrabalho (StaffID, HorarioID) VALUES (6968, 6);
INSERT INTO HorarioTrabalho (StaffID, HorarioID) VALUES (6968, 19);
INSERT INTO HorarioTrabalho (StaffID, HorarioID) VALUES (6968, 29);
INSERT INTO Pessoa (PessoaID, NumIdentificacao, Nome, Morada, Telefone, NumeroBeneficiario, Sexo, DataNascimento) VALUES (336, 30752524, "David Kahn", "morada", 948707308, 720945027, "M", "22/05/1971 16:27:17");
INSERT INTO Staff (PessoaID, CodigoIdentificacao, Especializacao) VALUES (336, 7958, 15);
INSERT INTO Enfermeiro (StaffID) VALUES (7958);
INSERT INTO HorarioTrabalho (StaffID, HorarioID) VALUES (7958, 7);
INSERT INTO HorarioTrabalho (StaffID, HorarioID) VALUES (7958, 28);
INSERT INTO Pessoa (PessoaID, NumIdentificacao, Nome, Morada, Telefone, NumeroBeneficiario, Sexo, DataNascimento) VALUES (337, 73735704, "Joseph Strecker", "morada", 983311574, 552180370, "M", "30/09/1985 04:16:25");
INSERT INTO Staff (PessoaID, CodigoIdentificacao, Especializacao) VALUES (337, 9145, 31);
INSERT INTO Enfermeiro (StaffID) VALUES (9145);
INSERT INTO HorarioTrabalho (StaffID, HorarioID) VALUES (9145, 23);
INSERT INTO Pessoa (PessoaID, NumIdentificacao, Nome, Morada, Telefone, NumeroBeneficiario, Sexo, DataNascimento) VALUES (338, 20128524, "Amy Pharmer", "morada", 962758205, 811990436, "F", "06/10/1989 18:46:05");
INSERT INTO Staff (PessoaID, CodigoIdentificacao, Especializacao) VALUES (338, 6134, 35);
INSERT INTO Enfermeiro (StaffID) VALUES (6134);
INSERT INTO HorarioTrabalho (StaffID, HorarioID) VALUES (6134, 12);
INSERT INTO HorarioTrabalho (StaffID, HorarioID) VALUES (6134, 15);
INSERT INTO Pessoa (PessoaID, NumIdentificacao, Nome, Morada, Telefone, NumeroBeneficiario, Sexo, DataNascimento) VALUES (339, 97612940, "Eric Fries", "morada", 935574910, 830010792, "M", "08/01/2002 01:55:53");
INSERT INTO Staff (PessoaID, CodigoIdentificacao, Especializacao) VALUES (339, 6004, 21);
INSERT INTO Enfermeiro (StaffID) VALUES (6004);
INSERT INTO HorarioTrabalho (StaffID, HorarioID) VALUES (6004, 18);
INSERT INTO HorarioTrabalho (StaffID, HorarioID) VALUES (6004, 27);
INSERT INTO Pessoa (PessoaID, NumIdentificacao, Nome, Morada, Telefone, NumeroBeneficiario, Sexo, DataNascimento) VALUES (340, 28552550, "Armando Gosnell", "morada", 974803181, 978045789, "M", "01/12/1991 12:30:44");
INSERT INTO Staff (PessoaID, CodigoIdentificacao, Especializacao) VALUES (340, 1850, 34);
INSERT INTO Enfermeiro (StaffID) VALUES (1850);
INSERT INTO HorarioTrabalho (StaffID, HorarioID) VALUES (1850, 2);
INSERT INTO HorarioTrabalho (StaffID, HorarioID) VALUES (1850, 7);
INSERT INTO HorarioTrabalho (StaffID, HorarioID) VALUES (1850, 18);
INSERT INTO HorarioTrabalho (StaffID, HorarioID) VALUES (1850, 25);
INSERT INTO Pessoa (PessoaID, NumIdentificacao, Nome, Morada, Telefone, NumeroBeneficiario, Sexo, DataNascimento) VALUES (341, 51308372, "Philip Crouse", "morada", 929507826, 936487334, "M", "05/09/1995 06:36:01");
INSERT INTO Staff (PessoaID, CodigoIdentificacao, Especializacao) VALUES (341, 9031, 16);
INSERT INTO Enfermeiro (StaffID) VALUES (9031);
INSERT INTO HorarioTrabalho (StaffID, HorarioID) VALUES (9031, 1);
INSERT INTO HorarioTrabalho (StaffID, HorarioID) VALUES (9031, 9);
INSERT INTO HorarioTrabalho (StaffID, HorarioID) VALUES (9031, 16);
INSERT INTO HorarioTrabalho (StaffID, HorarioID) VALUES (9031, 20);
INSERT INTO Pessoa (PessoaID, NumIdentificacao, Nome, Morada, Telefone, NumeroBeneficiario, Sexo, DataNascimento) VALUES (342, 58785727, "Freddie Black", "morada", 913053313, 135874550, "M", "01/12/1982 17:26:46");
INSERT INTO Staff (PessoaID, CodigoIdentificacao, Especializacao) VALUES (342, 2385, 2);
INSERT INTO Enfermeiro (StaffID) VALUES (2385);
INSERT INTO HorarioTrabalho (StaffID, HorarioID) VALUES (2385, 11);
INSERT INTO HorarioTrabalho (StaffID, HorarioID) VALUES (2385, 25);
INSERT INTO HorarioTrabalho (StaffID, HorarioID) VALUES (2385, 27);
INSERT INTO Pessoa (PessoaID, NumIdentificacao, Nome, Morada, Telefone, NumeroBeneficiario, Sexo, DataNascimento) VALUES (343, 96066290, "Amber Joiner", "morada", 939879155, 488647265, "F", "07/06/1999 13:12:01");
INSERT INTO Staff (PessoaID, CodigoIdentificacao, Especializacao) VALUES (343, 4683, 30);
INSERT INTO Enfermeiro (StaffID) VALUES (4683);
INSERT INTO HorarioTrabalho (StaffID, HorarioID) VALUES (4683, 4);
INSERT INTO HorarioTrabalho (StaffID, HorarioID) VALUES (4683, 10);
INSERT INTO Pessoa (PessoaID, NumIdentificacao, Nome, Morada, Telefone, NumeroBeneficiario, Sexo, DataNascimento) VALUES (344, 72968682, "Amanda Butler", "morada", 975465410, 525861283, "F", "13/07/1990 12:50:14");
INSERT INTO Staff (PessoaID, CodigoIdentificacao, Especializacao) VALUES (344, 3126, 13);
INSERT INTO Enfermeiro (StaffID) VALUES (3126);
INSERT INTO HorarioTrabalho (StaffID, HorarioID) VALUES (3126, 12);
INSERT INTO HorarioTrabalho (StaffID, HorarioID) VALUES (3126, 16);
INSERT INTO Pessoa (PessoaID, NumIdentificacao, Nome, Morada, Telefone, NumeroBeneficiario, Sexo, DataNascimento) VALUES (345, 87446600, "Bettie Voelkel", "morada", 945247844, 866335191, "F", "05/07/1990 00:46:31");
INSERT INTO Staff (PessoaID, CodigoIdentificacao, Especializacao) VALUES (345, 5722, 33);
INSERT INTO Enfermeiro (StaffID) VALUES (5722);
INSERT INTO HorarioTrabalho (StaffID, HorarioID) VALUES (5722, 4);
INSERT INTO HorarioTrabalho (StaffID, HorarioID) VALUES (5722, 5);
INSERT INTO HorarioTrabalho (StaffID, HorarioID) VALUES (5722, 13);
INSERT INTO HorarioTrabalho (StaffID, HorarioID) VALUES (5722, 15);
INSERT INTO HorarioTrabalho (StaffID, HorarioID) VALUES (5722, 25);
INSERT INTO HorarioTrabalho (StaffID, HorarioID) VALUES (5722, 28);
INSERT INTO Pessoa (PessoaID, NumIdentificacao, Nome, Morada, Telefone, NumeroBeneficiario, Sexo, DataNascimento) VALUES (346, 53694037, "Beverly Komp", "morada", 940729674, 142288730, "F", "19/08/1976 13:53:44");
INSERT INTO Staff (PessoaID, CodigoIdentificacao, Especializacao) VALUES (346, 7508, 13);
INSERT INTO Enfermeiro (StaffID) VALUES (7508);
INSERT INTO HorarioTrabalho (StaffID, HorarioID) VALUES (7508, 4);
INSERT INTO HorarioTrabalho (StaffID, HorarioID) VALUES (7508, 12);
INSERT INTO HorarioTrabalho (StaffID, HorarioID) VALUES (7508, 17);
INSERT INTO HorarioTrabalho (StaffID, HorarioID) VALUES (7508, 26);
INSERT INTO Pessoa (PessoaID, NumIdentificacao, Nome, Morada, Telefone, NumeroBeneficiario, Sexo, DataNascimento) VALUES (347, 64465315, "James Dodson", "morada", 994472179, 774455367, "M", "04/07/2012 19:50:12");
INSERT INTO Staff (PessoaID, CodigoIdentificacao, Especializacao) VALUES (347, 6171, 33);
INSERT INTO Enfermeiro (StaffID) VALUES (6171);
INSERT INTO HorarioTrabalho (StaffID, HorarioID) VALUES (6171, 10);
INSERT INTO HorarioTrabalho (StaffID, HorarioID) VALUES (6171, 14);
INSERT INTO HorarioTrabalho (StaffID, HorarioID) VALUES (6171, 22);
INSERT INTO HorarioTrabalho (StaffID, HorarioID) VALUES (6171, 26);
INSERT INTO Pessoa (PessoaID, NumIdentificacao, Nome, Morada, Telefone, NumeroBeneficiario, Sexo, DataNascimento) VALUES (348, 71388415, "Bryce Welby", "morada", 986977362, 948704926, "M", "10/05/2012 07:02:10");
INSERT INTO Staff (PessoaID, CodigoIdentificacao, Especializacao) VALUES (348, 9909, 39);
INSERT INTO Enfermeiro (StaffID) VALUES (9909);
INSERT INTO HorarioTrabalho (StaffID, HorarioID) VALUES (9909, 3);
INSERT INTO HorarioTrabalho (StaffID, HorarioID) VALUES (9909, 6);
INSERT INTO HorarioTrabalho (StaffID, HorarioID) VALUES (9909, 13);
INSERT INTO HorarioTrabalho (StaffID, HorarioID) VALUES (9909, 19);
INSERT INTO HorarioTrabalho (StaffID, HorarioID) VALUES (9909, 29);
INSERT INTO Pessoa (PessoaID, NumIdentificacao, Nome, Morada, Telefone, NumeroBeneficiario, Sexo, DataNascimento) VALUES (349, 17754099, "Maria Barr", "morada", 963667496, 776930455, "F", "25/12/2007 15:57:57");
INSERT INTO Staff (PessoaID, CodigoIdentificacao, Especializacao) VALUES (349, 4731, 20);
INSERT INTO Enfermeiro (StaffID) VALUES (4731);
INSERT INTO HorarioTrabalho (StaffID, HorarioID) VALUES (4731, 4);
INSERT INTO HorarioTrabalho (StaffID, HorarioID) VALUES (4731, 19);
INSERT INTO HorarioTrabalho (StaffID, HorarioID) VALUES (4731, 25);
INSERT INTO Pessoa (PessoaID, NumIdentificacao, Nome, Morada, Telefone, NumeroBeneficiario, Sexo, DataNascimento) VALUES (350, 96559478, "Francis Lackey", "morada", 979669865, 378428592, "M", "13/10/1985 14:21:34");
INSERT INTO Staff (PessoaID, CodigoIdentificacao, Especializacao) VALUES (350, 6633, 18);
INSERT INTO Enfermeiro (StaffID) VALUES (6633);
INSERT INTO HorarioTrabalho (StaffID, HorarioID) VALUES (6633, 6);
INSERT INTO HorarioTrabalho (StaffID, HorarioID) VALUES (6633, 10);
INSERT INTO Pessoa (PessoaID, NumIdentificacao, Nome, Morada, Telefone, NumeroBeneficiario, Sexo, DataNascimento) VALUES (351, 38101710, "Ben Pena", "morada", 957204397, 211232037, "M", "16/01/1979 13:01:41");
INSERT INTO Staff (PessoaID, CodigoIdentificacao, Especializacao) VALUES (351, 9327, 49);
INSERT INTO Enfermeiro (StaffID) VALUES (9327);
INSERT INTO HorarioTrabalho (StaffID, HorarioID) VALUES (9327, 2);
INSERT INTO HorarioTrabalho (StaffID, HorarioID) VALUES (9327, 9);
INSERT INTO HorarioTrabalho (StaffID, HorarioID) VALUES (9327, 11);
INSERT INTO HorarioTrabalho (StaffID, HorarioID) VALUES (9327, 15);
INSERT INTO HorarioTrabalho (StaffID, HorarioID) VALUES (9327, 23);
INSERT INTO Pessoa (PessoaID, NumIdentificacao, Nome, Morada, Telefone, NumeroBeneficiario, Sexo, DataNascimento) VALUES (352, 65886086, "Sandra Feliciano", "morada", 936698035, 674371484, "F", "28/01/1986 08:49:11");
INSERT INTO Staff (PessoaID, CodigoIdentificacao, Especializacao) VALUES (352, 3297, 46);
INSERT INTO Enfermeiro (StaffID) VALUES (3297);
INSERT INTO HorarioTrabalho (StaffID, HorarioID) VALUES (3297, 4);
INSERT INTO HorarioTrabalho (StaffID, HorarioID) VALUES (3297, 5);
INSERT INTO HorarioTrabalho (StaffID, HorarioID) VALUES (3297, 15);
INSERT INTO HorarioTrabalho (StaffID, HorarioID) VALUES (3297, 22);
INSERT INTO Pessoa (PessoaID, NumIdentificacao, Nome, Morada, Telefone, NumeroBeneficiario, Sexo, DataNascimento) VALUES (353, 47164765, "Jason Maks", "morada", 989041894, 260878615, "M", "04/01/1986 12:09:27");
INSERT INTO Staff (PessoaID, CodigoIdentificacao, Especializacao) VALUES (353, 6590, 5);
INSERT INTO Enfermeiro (StaffID) VALUES (6590);
INSERT INTO HorarioTrabalho (StaffID, HorarioID) VALUES (6590, 21);
INSERT INTO HorarioTrabalho (StaffID, HorarioID) VALUES (6590, 24);
INSERT INTO HorarioTrabalho (StaffID, HorarioID) VALUES (6590, 29);
INSERT INTO Pessoa (PessoaID, NumIdentificacao, Nome, Morada, Telefone, NumeroBeneficiario, Sexo, DataNascimento) VALUES (354, 26661542, "Doris Wawrzyniak", "morada", 994607117, 520353227, "F", "09/05/1975 18:14:59");
INSERT INTO Staff (PessoaID, CodigoIdentificacao, Especializacao) VALUES (354, 3740, 44);
INSERT INTO Enfermeiro (StaffID) VALUES (3740);
INSERT INTO HorarioTrabalho (StaffID, HorarioID) VALUES (3740, 3);
INSERT INTO HorarioTrabalho (StaffID, HorarioID) VALUES (3740, 14);
INSERT INTO HorarioTrabalho (StaffID, HorarioID) VALUES (3740, 18);
INSERT INTO HorarioTrabalho (StaffID, HorarioID) VALUES (3740, 22);
INSERT INTO Pessoa (PessoaID, NumIdentificacao, Nome, Morada, Telefone, NumeroBeneficiario, Sexo, DataNascimento) VALUES (355, 26620642, "Louis Manahan", "morada", 958861299, 986650504, "M", "14/05/1974 07:22:44");
INSERT INTO Staff (PessoaID, CodigoIdentificacao, Especializacao) VALUES (355, 7959, 25);
INSERT INTO Enfermeiro (StaffID) VALUES (7959);
INSERT INTO HorarioTrabalho (StaffID, HorarioID) VALUES (7959, 6);
INSERT INTO HorarioTrabalho (StaffID, HorarioID) VALUES (7959, 13);
INSERT INTO HorarioTrabalho (StaffID, HorarioID) VALUES (7959, 16);
INSERT INTO HorarioTrabalho (StaffID, HorarioID) VALUES (7959, 30);
INSERT INTO Pessoa (PessoaID, NumIdentificacao, Nome, Morada, Telefone, NumeroBeneficiario, Sexo, DataNascimento) VALUES (356, 97671577, "Raymond Brady", "morada", 963359398, 554140505, "M", "18/01/1973 06:48:06");
INSERT INTO Staff (PessoaID, CodigoIdentificacao, Especializacao) VALUES (356, 1100, 14);
INSERT INTO Enfermeiro (StaffID) VALUES (1100);
INSERT INTO HorarioTrabalho (StaffID, HorarioID) VALUES (1100, 4);
INSERT INTO HorarioTrabalho (StaffID, HorarioID) VALUES (1100, 5);
INSERT INTO HorarioTrabalho (StaffID, HorarioID) VALUES (1100, 13);
INSERT INTO HorarioTrabalho (StaffID, HorarioID) VALUES (1100, 20);
INSERT INTO HorarioTrabalho (StaffID, HorarioID) VALUES (1100, 27);
INSERT INTO Pessoa (PessoaID, NumIdentificacao, Nome, Morada, Telefone, NumeroBeneficiario, Sexo, DataNascimento) VALUES (357, 44364492, "Ramona King", "morada", 951918579, 666633733, "F", "13/12/1974 09:03:55");
INSERT INTO Staff (PessoaID, CodigoIdentificacao, Especializacao) VALUES (357, 8207, 21);
INSERT INTO Enfermeiro (StaffID) VALUES (8207);
INSERT INTO HorarioTrabalho (StaffID, HorarioID) VALUES (8207, 7);
INSERT INTO HorarioTrabalho (StaffID, HorarioID) VALUES (8207, 30);
INSERT INTO Pessoa (PessoaID, NumIdentificacao, Nome, Morada, Telefone, NumeroBeneficiario, Sexo, DataNascimento) VALUES (358, 44617402, "Curtis Frandsen", "morada", 976703024, 202217513, "M", "10/07/1995 19:47:06");
INSERT INTO Staff (PessoaID, CodigoIdentificacao, Especializacao) VALUES (358, 4352, 13);
INSERT INTO Enfermeiro (StaffID) VALUES (4352);
INSERT INTO HorarioTrabalho (StaffID, HorarioID) VALUES (4352, 2);
INSERT INTO HorarioTrabalho (StaffID, HorarioID) VALUES (4352, 9);
INSERT INTO HorarioTrabalho (StaffID, HorarioID) VALUES (4352, 10);
INSERT INTO HorarioTrabalho (StaffID, HorarioID) VALUES (4352, 17);
INSERT INTO HorarioTrabalho (StaffID, HorarioID) VALUES (4352, 29);
INSERT INTO Pessoa (PessoaID, NumIdentificacao, Nome, Morada, Telefone, NumeroBeneficiario, Sexo, DataNascimento) VALUES (359, 39687006, "Micheline Matthews", "morada", 944772955, 288090852, "F", "26/03/2018 21:06:54");
INSERT INTO Staff (PessoaID, CodigoIdentificacao, Especializacao) VALUES (359, 7462, 16);
INSERT INTO Enfermeiro (StaffID) VALUES (7462);
INSERT INTO HorarioTrabalho (StaffID, HorarioID) VALUES (7462, 12);
INSERT INTO HorarioTrabalho (StaffID, HorarioID) VALUES (7462, 20);
INSERT INTO HorarioTrabalho (StaffID, HorarioID) VALUES (7462, 24);
INSERT INTO HorarioTrabalho (StaffID, HorarioID) VALUES (7462, 30);
INSERT INTO Pessoa (PessoaID, NumIdentificacao, Nome, Morada, Telefone, NumeroBeneficiario, Sexo, DataNascimento) VALUES (360, 72267135, "Scott Johnson", "morada", 937062653, 551738310, "M", "29/05/1970 17:20:46");
INSERT INTO Staff (PessoaID, CodigoIdentificacao, Especializacao) VALUES (360, 9911, 40);
INSERT INTO Enfermeiro (StaffID) VALUES (9911);
INSERT INTO HorarioTrabalho (StaffID, HorarioID) VALUES (9911, 14);
INSERT INTO HorarioTrabalho (StaffID, HorarioID) VALUES (9911, 20);
INSERT INTO HorarioTrabalho (StaffID, HorarioID) VALUES (9911, 24);
INSERT INTO HorarioTrabalho (StaffID, HorarioID) VALUES (9911, 29);
INSERT INTO Pessoa (PessoaID, NumIdentificacao, Nome, Morada, Telefone, NumeroBeneficiario, Sexo, DataNascimento) VALUES (361, 71852375, "Nancy Parker", "morada", 964286888, 336112364, "F", "21/12/1972 12:46:04");
INSERT INTO Staff (PessoaID, CodigoIdentificacao, Especializacao) VALUES (361, 4511, 34);
INSERT INTO Enfermeiro (StaffID) VALUES (4511);
INSERT INTO HorarioTrabalho (StaffID, HorarioID) VALUES (4511, 13);
INSERT INTO HorarioTrabalho (StaffID, HorarioID) VALUES (4511, 18);
INSERT INTO Pessoa (PessoaID, NumIdentificacao, Nome, Morada, Telefone, NumeroBeneficiario, Sexo, DataNascimento) VALUES (362, 92625113, "James Goncalves", "morada", 937611933, 468892857, "M", "08/01/2013 04:10:25");
INSERT INTO Staff (PessoaID, CodigoIdentificacao, Especializacao) VALUES (362, 5930, 25);
INSERT INTO Enfermeiro (StaffID) VALUES (5930);
INSERT INTO HorarioTrabalho (StaffID, HorarioID) VALUES (5930, 1);
INSERT INTO HorarioTrabalho (StaffID, HorarioID) VALUES (5930, 7);
INSERT INTO HorarioTrabalho (StaffID, HorarioID) VALUES (5930, 20);
INSERT INTO HorarioTrabalho (StaffID, HorarioID) VALUES (5930, 22);
INSERT INTO HorarioTrabalho (StaffID, HorarioID) VALUES (5930, 29);
INSERT INTO Pessoa (PessoaID, NumIdentificacao, Nome, Morada, Telefone, NumeroBeneficiario, Sexo, DataNascimento) VALUES (363, 62347988, "Sean Carriaga", "morada", 981982714, 417367777, "M", "23/11/1984 08:50:42");
INSERT INTO Staff (PessoaID, CodigoIdentificacao, Especializacao) VALUES (363, 4408, 36);
INSERT INTO Enfermeiro (StaffID) VALUES (4408);
INSERT INTO HorarioTrabalho (StaffID, HorarioID) VALUES (4408, 9);
INSERT INTO HorarioTrabalho (StaffID, HorarioID) VALUES (4408, 11);
INSERT INTO HorarioTrabalho (StaffID, HorarioID) VALUES (4408, 15);
INSERT INTO Pessoa (PessoaID, NumIdentificacao, Nome, Morada, Telefone, NumeroBeneficiario, Sexo, DataNascimento) VALUES (364, 44654621, "Ruth Blue", "morada", 988310585, 607538230, "F", "08/02/2006 00:20:15");
INSERT INTO Staff (PessoaID, CodigoIdentificacao, Especializacao) VALUES (364, 5585, 37);
INSERT INTO Enfermeiro (StaffID) VALUES (5585);
INSERT INTO HorarioTrabalho (StaffID, HorarioID) VALUES (5585, 8);
INSERT INTO HorarioTrabalho (StaffID, HorarioID) VALUES (5585, 20);
INSERT INTO HorarioTrabalho (StaffID, HorarioID) VALUES (5585, 22);
INSERT INTO Pessoa (PessoaID, NumIdentificacao, Nome, Morada, Telefone, NumeroBeneficiario, Sexo, DataNascimento) VALUES (365, 60183756, "Claire Cuomo", "morada", 944135451, 330803108, "F", "07/08/2004 08:59:57");
INSERT INTO Staff (PessoaID, CodigoIdentificacao, Especializacao) VALUES (365, 5193, 42);
INSERT INTO Enfermeiro (StaffID) VALUES (5193);
INSERT INTO HorarioTrabalho (StaffID, HorarioID) VALUES (5193, 3);
INSERT INTO HorarioTrabalho (StaffID, HorarioID) VALUES (5193, 10);
INSERT INTO HorarioTrabalho (StaffID, HorarioID) VALUES (5193, 25);
INSERT INTO HorarioTrabalho (StaffID, HorarioID) VALUES (5193, 26);
INSERT INTO Pessoa (PessoaID, NumIdentificacao, Nome, Morada, Telefone, NumeroBeneficiario, Sexo, DataNascimento) VALUES (366, 46219623, "Victoria Begay", "morada", 919062508, 393304398, "F", "14/07/2010 02:45:54");
INSERT INTO Staff (PessoaID, CodigoIdentificacao, Especializacao) VALUES (366, 8385, 41);
INSERT INTO Enfermeiro (StaffID) VALUES (8385);
INSERT INTO HorarioTrabalho (StaffID, HorarioID) VALUES (8385, 4);
INSERT INTO HorarioTrabalho (StaffID, HorarioID) VALUES (8385, 22);


-- Technicians
INSERT INTO Pessoa (PessoaID, NumIdentificacao, Nome, Morada, Telefone, NumeroBeneficiario, Sexo, DataNascimento) VALUES (367, 54882340, "Margaret Christy", "morada", 939260261, 193474362, "F", "13/10/2010 09:46:00");
INSERT INTO Staff (PessoaID, CodigoIdentificacao, Especializacao) VALUES (367, 4810, 19);
INSERT INTO Tecnico (StaffID) VALUES (4810);
INSERT INTO HorarioTrabalho (StaffID, HorarioID) VALUES (4810, 10);
INSERT INTO HorarioTrabalho (StaffID, HorarioID) VALUES (4810, 29);
INSERT INTO Pessoa (PessoaID, NumIdentificacao, Nome, Morada, Telefone, NumeroBeneficiario, Sexo, DataNascimento) VALUES (368, 18638038, "Irene Cunningham", "morada", 926008299, 577160035, "F", "20/02/2017 15:01:55");
INSERT INTO Staff (PessoaID, CodigoIdentificacao, Especializacao) VALUES (368, 4116, 7);
INSERT INTO Tecnico (StaffID) VALUES (4116);
INSERT INTO HorarioTrabalho (StaffID, HorarioID) VALUES (4116, 12);
INSERT INTO HorarioTrabalho (StaffID, HorarioID) VALUES (4116, 25);
INSERT INTO Pessoa (PessoaID, NumIdentificacao, Nome, Morada, Telefone, NumeroBeneficiario, Sexo, DataNascimento) VALUES (369, 49872111, "Emanuel Arnold", "morada", 945122643, 803014042, "M", "21/06/2011 04:37:11");
INSERT INTO Staff (PessoaID, CodigoIdentificacao, Especializacao) VALUES (369, 9500, 39);
INSERT INTO Tecnico (StaffID) VALUES (9500);
INSERT INTO HorarioTrabalho (StaffID, HorarioID) VALUES (9500, 10);
INSERT INTO HorarioTrabalho (StaffID, HorarioID) VALUES (9500, 16);
INSERT INTO HorarioTrabalho (StaffID, HorarioID) VALUES (9500, 28);
INSERT INTO Pessoa (PessoaID, NumIdentificacao, Nome, Morada, Telefone, NumeroBeneficiario, Sexo, DataNascimento) VALUES (370, 92683850, "William Miller", "morada", 959019036, 967869665, "M", "14/08/1982 12:17:13");
INSERT INTO Staff (PessoaID, CodigoIdentificacao, Especializacao) VALUES (370, 5706, 8);
INSERT INTO Tecnico (StaffID) VALUES (5706);
INSERT INTO HorarioTrabalho (StaffID, HorarioID) VALUES (5706, 3);
INSERT INTO HorarioTrabalho (StaffID, HorarioID) VALUES (5706, 14);
INSERT INTO HorarioTrabalho (StaffID, HorarioID) VALUES (5706, 19);
INSERT INTO HorarioTrabalho (StaffID, HorarioID) VALUES (5706, 29);
INSERT INTO Pessoa (PessoaID, NumIdentificacao, Nome, Morada, Telefone, NumeroBeneficiario, Sexo, DataNascimento) VALUES (371, 74828285, "Rebekah Gulley", "morada", 912981972, 423521687, "F", "07/06/1981 22:37:07");
INSERT INTO Staff (PessoaID, CodigoIdentificacao, Especializacao) VALUES (371, 9976, 48);
INSERT INTO Tecnico (StaffID) VALUES (9976);
INSERT INTO HorarioTrabalho (StaffID, HorarioID) VALUES (9976, 3);
INSERT INTO HorarioTrabalho (StaffID, HorarioID) VALUES (9976, 8);
INSERT INTO HorarioTrabalho (StaffID, HorarioID) VALUES (9976, 19);
INSERT INTO Pessoa (PessoaID, NumIdentificacao, Nome, Morada, Telefone, NumeroBeneficiario, Sexo, DataNascimento) VALUES (372, 47887043, "Whitney Guzman", "morada", 975709870, 552272583, "M", "18/03/2007 20:20:03");
INSERT INTO Staff (PessoaID, CodigoIdentificacao, Especializacao) VALUES (372, 2362, 49);
INSERT INTO Tecnico (StaffID) VALUES (2362);
INSERT INTO HorarioTrabalho (StaffID, HorarioID) VALUES (2362, 13);
INSERT INTO HorarioTrabalho (StaffID, HorarioID) VALUES (2362, 22);
INSERT INTO Pessoa (PessoaID, NumIdentificacao, Nome, Morada, Telefone, NumeroBeneficiario, Sexo, DataNascimento) VALUES (373, 99669793, "Minh Jackson", "morada", 973397178, 400647605, "M", "22/08/2001 17:09:04");
INSERT INTO Staff (PessoaID, CodigoIdentificacao, Especializacao) VALUES (373, 5568, 2);
INSERT INTO Tecnico (StaffID) VALUES (5568);
INSERT INTO HorarioTrabalho (StaffID, HorarioID) VALUES (5568, 2);
INSERT INTO HorarioTrabalho (StaffID, HorarioID) VALUES (5568, 17);
INSERT INTO HorarioTrabalho (StaffID, HorarioID) VALUES (5568, 22);
INSERT INTO HorarioTrabalho (StaffID, HorarioID) VALUES (5568, 30);
INSERT INTO Pessoa (PessoaID, NumIdentificacao, Nome, Morada, Telefone, NumeroBeneficiario, Sexo, DataNascimento) VALUES (374, 21380119, "David Barber", "morada", 951310610, 229234835, "M", "22/11/1994 14:56:18");
INSERT INTO Staff (PessoaID, CodigoIdentificacao, Especializacao) VALUES (374, 9943, 34);
INSERT INTO Tecnico (StaffID) VALUES (9943);
INSERT INTO Pessoa (PessoaID, NumIdentificacao, Nome, Morada, Telefone, NumeroBeneficiario, Sexo, DataNascimento) VALUES (375, 43256889, "Laura Zamora", "morada", 981674466, 878694677, "F", "21/07/1976 23:18:48");
INSERT INTO Staff (PessoaID, CodigoIdentificacao, Especializacao) VALUES (375, 6628, 18);
INSERT INTO Tecnico (StaffID) VALUES (6628);
INSERT INTO HorarioTrabalho (StaffID, HorarioID) VALUES (6628, 11);
INSERT INTO HorarioTrabalho (StaffID, HorarioID) VALUES (6628, 16);
INSERT INTO HorarioTrabalho (StaffID, HorarioID) VALUES (6628, 20);
INSERT INTO HorarioTrabalho (StaffID, HorarioID) VALUES (6628, 24);
INSERT INTO HorarioTrabalho (StaffID, HorarioID) VALUES (6628, 27);
INSERT INTO Pessoa (PessoaID, NumIdentificacao, Nome, Morada, Telefone, NumeroBeneficiario, Sexo, DataNascimento) VALUES (376, 83185862, "Raymond Tabor", "morada", 990573490, 365638426, "M", "23/10/1995 12:06:53");
INSERT INTO Staff (PessoaID, CodigoIdentificacao, Especializacao) VALUES (376, 3754, 5);
INSERT INTO Tecnico (StaffID) VALUES (3754);
INSERT INTO HorarioTrabalho (StaffID, HorarioID) VALUES (3754, 1);
INSERT INTO HorarioTrabalho (StaffID, HorarioID) VALUES (3754, 19);
INSERT INTO HorarioTrabalho (StaffID, HorarioID) VALUES (3754, 25);
INSERT INTO HorarioTrabalho (StaffID, HorarioID) VALUES (3754, 29);
INSERT INTO Pessoa (PessoaID, NumIdentificacao, Nome, Morada, Telefone, NumeroBeneficiario, Sexo, DataNascimento) VALUES (377, 45046739, "Ryan Monteith", "morada", 980100872, 613820287, "M", "25/03/2012 16:21:19");
INSERT INTO Staff (PessoaID, CodigoIdentificacao, Especializacao) VALUES (377, 9837, 50);
INSERT INTO Tecnico (StaffID) VALUES (9837);
INSERT INTO HorarioTrabalho (StaffID, HorarioID) VALUES (9837, 4);
INSERT INTO HorarioTrabalho (StaffID, HorarioID) VALUES (9837, 8);
INSERT INTO HorarioTrabalho (StaffID, HorarioID) VALUES (9837, 14);
INSERT INTO HorarioTrabalho (StaffID, HorarioID) VALUES (9837, 28);
INSERT INTO Pessoa (PessoaID, NumIdentificacao, Nome, Morada, Telefone, NumeroBeneficiario, Sexo, DataNascimento) VALUES (378, 43967125, "Deborah Shearon", "morada", 964356021, 290907046, "F", "04/05/1970 08:59:34");
INSERT INTO Staff (PessoaID, CodigoIdentificacao, Especializacao) VALUES (378, 9160, 22);
INSERT INTO Tecnico (StaffID) VALUES (9160);
INSERT INTO HorarioTrabalho (StaffID, HorarioID) VALUES (9160, 9);
INSERT INTO HorarioTrabalho (StaffID, HorarioID) VALUES (9160, 11);
INSERT INTO HorarioTrabalho (StaffID, HorarioID) VALUES (9160, 14);
INSERT INTO HorarioTrabalho (StaffID, HorarioID) VALUES (9160, 23);
INSERT INTO Pessoa (PessoaID, NumIdentificacao, Nome, Morada, Telefone, NumeroBeneficiario, Sexo, DataNascimento) VALUES (379, 32075827, "Leslie Richardson", "morada", 925186769, 685330840, "F", "22/11/2012 21:53:39");
INSERT INTO Staff (PessoaID, CodigoIdentificacao, Especializacao) VALUES (379, 7646, 42);
INSERT INTO Tecnico (StaffID) VALUES (7646);
INSERT INTO HorarioTrabalho (StaffID, HorarioID) VALUES (7646, 7);
INSERT INTO HorarioTrabalho (StaffID, HorarioID) VALUES (7646, 13);
INSERT INTO HorarioTrabalho (StaffID, HorarioID) VALUES (7646, 25);
INSERT INTO Pessoa (PessoaID, NumIdentificacao, Nome, Morada, Telefone, NumeroBeneficiario, Sexo, DataNascimento) VALUES (380, 79081156, "Lauren Love", "morada", 948238486, 384616889, "F", "11/09/2004 08:52:55");
INSERT INTO Staff (PessoaID, CodigoIdentificacao, Especializacao) VALUES (380, 5068, 14);
INSERT INTO Tecnico (StaffID) VALUES (5068);
INSERT INTO HorarioTrabalho (StaffID, HorarioID) VALUES (5068, 7);
INSERT INTO HorarioTrabalho (StaffID, HorarioID) VALUES (5068, 25);
INSERT INTO HorarioTrabalho (StaffID, HorarioID) VALUES (5068, 30);
INSERT INTO Pessoa (PessoaID, NumIdentificacao, Nome, Morada, Telefone, NumeroBeneficiario, Sexo, DataNascimento) VALUES (381, 13600290, "Frederick Williams", "morada", 942927403, 646183433, "M", "06/10/1980 21:52:54");
INSERT INTO Staff (PessoaID, CodigoIdentificacao, Especializacao) VALUES (381, 1392, 39);
INSERT INTO Tecnico (StaffID) VALUES (1392);
INSERT INTO HorarioTrabalho (StaffID, HorarioID) VALUES (1392, 10);
INSERT INTO HorarioTrabalho (StaffID, HorarioID) VALUES (1392, 18);
INSERT INTO HorarioTrabalho (StaffID, HorarioID) VALUES (1392, 23);
INSERT INTO Pessoa (PessoaID, NumIdentificacao, Nome, Morada, Telefone, NumeroBeneficiario, Sexo, DataNascimento) VALUES (382, 32234550, "Marci Vance", "morada", 937578008, 407335321, "F", "21/08/1978 22:28:45");
INSERT INTO Staff (PessoaID, CodigoIdentificacao, Especializacao) VALUES (382, 1271, 6);
INSERT INTO Tecnico (StaffID) VALUES (1271);
INSERT INTO HorarioTrabalho (StaffID, HorarioID) VALUES (1271, 2);
INSERT INTO HorarioTrabalho (StaffID, HorarioID) VALUES (1271, 7);
INSERT INTO HorarioTrabalho (StaffID, HorarioID) VALUES (1271, 15);
INSERT INTO HorarioTrabalho (StaffID, HorarioID) VALUES (1271, 28);


-- Doctors
INSERT INTO Pessoa (PessoaID, NumIdentificacao, Nome, Morada, Telefone, NumeroBeneficiario, Sexo, DataNascimento) VALUES (383, 33056592, "Robert Carvajal", "morada", 967026375, 968458553, "M", "31/08/1975 17:40:38");
INSERT INTO Staff (PessoaID, CodigoIdentificacao, Especializacao) VALUES (383, 3687, 17);
INSERT INTO Medico (StaffID, Consultorio) VALUES (3687, 237);
INSERT INTO HorarioTrabalho (StaffID, HorarioID) VALUES (3687, 17);
INSERT INTO Pessoa (PessoaID, NumIdentificacao, Nome, Morada, Telefone, NumeroBeneficiario, Sexo, DataNascimento) VALUES (384, 98110852, "Steven Alexander", "morada", 952046122, 436677420, "M", "14/07/2012 12:39:22");
INSERT INTO Staff (PessoaID, CodigoIdentificacao, Especializacao) VALUES (384, 9075, 5);
INSERT INTO Medico (StaffID, Consultorio) VALUES (9075, 244);
INSERT INTO HorarioTrabalho (StaffID, HorarioID) VALUES (9075, 13);
INSERT INTO HorarioTrabalho (StaffID, HorarioID) VALUES (9075, 16);
INSERT INTO Pessoa (PessoaID, NumIdentificacao, Nome, Morada, Telefone, NumeroBeneficiario, Sexo, DataNascimento) VALUES (385, 62802718, "Alan Vallejos", "morada", 937805822, 210971986, "M", "08/11/1999 19:43:12");
INSERT INTO Staff (PessoaID, CodigoIdentificacao, Especializacao) VALUES (385, 6342, 25);
INSERT INTO Medico (StaffID, Consultorio) VALUES (6342, 166);
INSERT INTO HorarioTrabalho (StaffID, HorarioID) VALUES (6342, 2);
INSERT INTO HorarioTrabalho (StaffID, HorarioID) VALUES (6342, 9);
INSERT INTO HorarioTrabalho (StaffID, HorarioID) VALUES (6342, 13);
INSERT INTO Pessoa (PessoaID, NumIdentificacao, Nome, Morada, Telefone, NumeroBeneficiario, Sexo, DataNascimento) VALUES (386, 95404935, "Maria Ouzts", "morada", 939993586, 462707015, "F", "15/03/2006 12:22:58");
INSERT INTO Staff (PessoaID, CodigoIdentificacao, Especializacao) VALUES (386, 8226, 30);
INSERT INTO Medico (StaffID, Consultorio) VALUES (8226, 211);
INSERT INTO HorarioTrabalho (StaffID, HorarioID) VALUES (8226, 2);
INSERT INTO HorarioTrabalho (StaffID, HorarioID) VALUES (8226, 7);
INSERT INTO HorarioTrabalho (StaffID, HorarioID) VALUES (8226, 10);
INSERT INTO HorarioTrabalho (StaffID, HorarioID) VALUES (8226, 15);
INSERT INTO HorarioTrabalho (StaffID, HorarioID) VALUES (8226, 30);
INSERT INTO Pessoa (PessoaID, NumIdentificacao, Nome, Morada, Telefone, NumeroBeneficiario, Sexo, DataNascimento) VALUES (387, 11759526, "Leland Hudgins", "morada", 993358130, 619749356, "M", "07/01/1991 11:47:28");
INSERT INTO Staff (PessoaID, CodigoIdentificacao, Especializacao) VALUES (387, 4832, 19);
INSERT INTO Medico (StaffID, Consultorio) VALUES (4832, 109);
INSERT INTO HorarioTrabalho (StaffID, HorarioID) VALUES (4832, 14);
INSERT INTO HorarioTrabalho (StaffID, HorarioID) VALUES (4832, 25);
INSERT INTO HorarioTrabalho (StaffID, HorarioID) VALUES (4832, 26);
INSERT INTO Pessoa (PessoaID, NumIdentificacao, Nome, Morada, Telefone, NumeroBeneficiario, Sexo, DataNascimento) VALUES (388, 82415558, "Marilyn Pardue", "morada", 910900495, 545135907, "F", "25/11/2003 22:10:11");
INSERT INTO Staff (PessoaID, CodigoIdentificacao, Especializacao) VALUES (388, 5894, 38);
INSERT INTO Medico (StaffID, Consultorio) VALUES (5894, 164);
INSERT INTO HorarioTrabalho (StaffID, HorarioID) VALUES (5894, 2);
INSERT INTO HorarioTrabalho (StaffID, HorarioID) VALUES (5894, 15);
INSERT INTO HorarioTrabalho (StaffID, HorarioID) VALUES (5894, 20);
INSERT INTO HorarioTrabalho (StaffID, HorarioID) VALUES (5894, 26);
INSERT INTO Pessoa (PessoaID, NumIdentificacao, Nome, Morada, Telefone, NumeroBeneficiario, Sexo, DataNascimento) VALUES (389, 17199464, "Mike Morse", "morada", 916540835, 354026504, "M", "19/03/1988 09:09:41");
INSERT INTO Staff (PessoaID, CodigoIdentificacao, Especializacao) VALUES (389, 1877, 46);
INSERT INTO Medico (StaffID, Consultorio) VALUES (1877, 222);
INSERT INTO HorarioTrabalho (StaffID, HorarioID) VALUES (1877, 1);
INSERT INTO HorarioTrabalho (StaffID, HorarioID) VALUES (1877, 11);
INSERT INTO HorarioTrabalho (StaffID, HorarioID) VALUES (1877, 21);
INSERT INTO HorarioTrabalho (StaffID, HorarioID) VALUES (1877, 25);
INSERT INTO Pessoa (PessoaID, NumIdentificacao, Nome, Morada, Telefone, NumeroBeneficiario, Sexo, DataNascimento) VALUES (390, 21949650, "Jerry Scott", "morada", 919457791, 513454760, "M", "01/05/1987 06:05:46");
INSERT INTO Staff (PessoaID, CodigoIdentificacao, Especializacao) VALUES (390, 2255, 46);
INSERT INTO Medico (StaffID, Consultorio) VALUES (2255, 245);
INSERT INTO HorarioTrabalho (StaffID, HorarioID) VALUES (2255, 1);
INSERT INTO HorarioTrabalho (StaffID, HorarioID) VALUES (2255, 7);
INSERT INTO HorarioTrabalho (StaffID, HorarioID) VALUES (2255, 18);
INSERT INTO Pessoa (PessoaID, NumIdentificacao, Nome, Morada, Telefone, NumeroBeneficiario, Sexo, DataNascimento) VALUES (391, 71981122, "Melba Norgard", "morada", 983935198, 665189244, "F", "19/05/1994 15:01:49");
INSERT INTO Staff (PessoaID, CodigoIdentificacao, Especializacao) VALUES (391, 2923, 38);
INSERT INTO Medico (StaffID, Consultorio) VALUES (2923, 103);
INSERT INTO HorarioTrabalho (StaffID, HorarioID) VALUES (2923, 6);
INSERT INTO HorarioTrabalho (StaffID, HorarioID) VALUES (2923, 12);
INSERT INTO HorarioTrabalho (StaffID, HorarioID) VALUES (2923, 15);
INSERT INTO Pessoa (PessoaID, NumIdentificacao, Nome, Morada, Telefone, NumeroBeneficiario, Sexo, DataNascimento) VALUES (392, 35016155, "Michael Pruitt", "morada", 946216743, 940925869, "M", "13/01/1998 18:39:29");
INSERT INTO Staff (PessoaID, CodigoIdentificacao, Especializacao) VALUES (392, 6281, 47);
INSERT INTO Medico (StaffID, Consultorio) VALUES (6281, 165);
INSERT INTO HorarioTrabalho (StaffID, HorarioID) VALUES (6281, 5);
INSERT INTO HorarioTrabalho (StaffID, HorarioID) VALUES (6281, 10);
INSERT INTO HorarioTrabalho (StaffID, HorarioID) VALUES (6281, 20);
INSERT INTO HorarioTrabalho (StaffID, HorarioID) VALUES (6281, 23);
INSERT INTO Pessoa (PessoaID, NumIdentificacao, Nome, Morada, Telefone, NumeroBeneficiario, Sexo, DataNascimento) VALUES (393, 63879914, "Earl Morton", "morada", 954724024, 661424940, "M", "27/02/1980 17:58:32");
INSERT INTO Staff (PessoaID, CodigoIdentificacao, Especializacao) VALUES (393, 7280, 8);
INSERT INTO Medico (StaffID, Consultorio) VALUES (7280, 161);
INSERT INTO HorarioTrabalho (StaffID, HorarioID) VALUES (7280, 11);
INSERT INTO HorarioTrabalho (StaffID, HorarioID) VALUES (7280, 16);
INSERT INTO HorarioTrabalho (StaffID, HorarioID) VALUES (7280, 18);
INSERT INTO HorarioTrabalho (StaffID, HorarioID) VALUES (7280, 25);
INSERT INTO HorarioTrabalho (StaffID, HorarioID) VALUES (7280, 30);
INSERT INTO Pessoa (PessoaID, NumIdentificacao, Nome, Morada, Telefone, NumeroBeneficiario, Sexo, DataNascimento) VALUES (394, 94066153, "Edward Daquilante", "morada", 952991834, 320405877, "M", "15/05/2006 04:00:40");
INSERT INTO Staff (PessoaID, CodigoIdentificacao, Especializacao) VALUES (394, 6675, 29);
INSERT INTO Medico (StaffID, Consultorio) VALUES (6675, 201);
INSERT INTO HorarioTrabalho (StaffID, HorarioID) VALUES (6675, 8);
INSERT INTO HorarioTrabalho (StaffID, HorarioID) VALUES (6675, 14);
INSERT INTO HorarioTrabalho (StaffID, HorarioID) VALUES (6675, 27);
INSERT INTO Pessoa (PessoaID, NumIdentificacao, Nome, Morada, Telefone, NumeroBeneficiario, Sexo, DataNascimento) VALUES (395, 23632109, "Thomas Watkins", "morada", 932541960, 613555387, "M", "27/03/1982 09:11:54");
INSERT INTO Staff (PessoaID, CodigoIdentificacao, Especializacao) VALUES (395, 8157, 25);
INSERT INTO Medico (StaffID, Consultorio) VALUES (8157, 199);
INSERT INTO HorarioTrabalho (StaffID, HorarioID) VALUES (8157, 18);
INSERT INTO HorarioTrabalho (StaffID, HorarioID) VALUES (8157, 22);
INSERT INTO HorarioTrabalho (StaffID, HorarioID) VALUES (8157, 28);
INSERT INTO Pessoa (PessoaID, NumIdentificacao, Nome, Morada, Telefone, NumeroBeneficiario, Sexo, DataNascimento) VALUES (396, 40525211, "Crystal Marschke", "morada", 965630863, 316536131, "F", "04/02/2011 01:32:14");
INSERT INTO Staff (PessoaID, CodigoIdentificacao, Especializacao) VALUES (396, 9132, 12);
INSERT INTO Medico (StaffID, Consultorio) VALUES (9132, 153);
INSERT INTO HorarioTrabalho (StaffID, HorarioID) VALUES (9132, 1);
INSERT INTO HorarioTrabalho (StaffID, HorarioID) VALUES (9132, 6);
INSERT INTO HorarioTrabalho (StaffID, HorarioID) VALUES (9132, 19);
INSERT INTO Pessoa (PessoaID, NumIdentificacao, Nome, Morada, Telefone, NumeroBeneficiario, Sexo, DataNascimento) VALUES (397, 42900922, "Elizabeth Downs", "morada", 914240649, 891791080, "F", "11/10/1978 02:31:23");
INSERT INTO Staff (PessoaID, CodigoIdentificacao, Especializacao) VALUES (397, 8015, 12);
INSERT INTO Medico (StaffID, Consultorio) VALUES (8015, 188);
INSERT INTO HorarioTrabalho (StaffID, HorarioID) VALUES (8015, 4);
INSERT INTO HorarioTrabalho (StaffID, HorarioID) VALUES (8015, 8);
INSERT INTO HorarioTrabalho (StaffID, HorarioID) VALUES (8015, 22);
INSERT INTO Pessoa (PessoaID, NumIdentificacao, Nome, Morada, Telefone, NumeroBeneficiario, Sexo, DataNascimento) VALUES (398, 15425352, "Tana Jones", "morada", 959311460, 611361428, "F", "24/12/2014 03:12:11");
INSERT INTO Staff (PessoaID, CodigoIdentificacao, Especializacao) VALUES (398, 6041, 42);
INSERT INTO Medico (StaffID, Consultorio) VALUES (6041, 102);
INSERT INTO HorarioTrabalho (StaffID, HorarioID) VALUES (6041, 5);
INSERT INTO HorarioTrabalho (StaffID, HorarioID) VALUES (6041, 14);
INSERT INTO HorarioTrabalho (StaffID, HorarioID) VALUES (6041, 18);
INSERT INTO HorarioTrabalho (StaffID, HorarioID) VALUES (6041, 29);
INSERT INTO Pessoa (PessoaID, NumIdentificacao, Nome, Morada, Telefone, NumeroBeneficiario, Sexo, DataNascimento) VALUES (399, 53214969, "Connie Smiler", "morada", 985108524, 982121147, "F", "10/01/1999 22:22:07");
INSERT INTO Staff (PessoaID, CodigoIdentificacao, Especializacao) VALUES (399, 2966, 15);
INSERT INTO Medico (StaffID, Consultorio) VALUES (2966, 217);
INSERT INTO HorarioTrabalho (StaffID, HorarioID) VALUES (2966, 7);
INSERT INTO HorarioTrabalho (StaffID, HorarioID) VALUES (2966, 13);
INSERT INTO HorarioTrabalho (StaffID, HorarioID) VALUES (2966, 16);
INSERT INTO HorarioTrabalho (StaffID, HorarioID) VALUES (2966, 18);
INSERT INTO HorarioTrabalho (StaffID, HorarioID) VALUES (2966, 24);
INSERT INTO HorarioTrabalho (StaffID, HorarioID) VALUES (2966, 28);
INSERT INTO Pessoa (PessoaID, NumIdentificacao, Nome, Morada, Telefone, NumeroBeneficiario, Sexo, DataNascimento) VALUES (400, 83292407, "Bonnie Schwenk", "morada", 995549367, 128319744, "F", "08/09/1979 04:13:48");
INSERT INTO Staff (PessoaID, CodigoIdentificacao, Especializacao) VALUES (400, 4369, 21);
INSERT INTO Medico (StaffID, Consultorio) VALUES (4369, 213);
INSERT INTO HorarioTrabalho (StaffID, HorarioID) VALUES (4369, 4);
INSERT INTO HorarioTrabalho (StaffID, HorarioID) VALUES (4369, 8);
INSERT INTO HorarioTrabalho (StaffID, HorarioID) VALUES (4369, 18);
INSERT INTO HorarioTrabalho (StaffID, HorarioID) VALUES (4369, 23);
INSERT INTO HorarioTrabalho (StaffID, HorarioID) VALUES (4369, 28);
INSERT INTO Pessoa (PessoaID, NumIdentificacao, Nome, Morada, Telefone, NumeroBeneficiario, Sexo, DataNascimento) VALUES (401, 37457068, "Colleen Little", "morada", 954381411, 797507514, "F", "05/05/2001 22:32:23");
INSERT INTO Staff (PessoaID, CodigoIdentificacao, Especializacao) VALUES (401, 8950, 9);
INSERT INTO Medico (StaffID, Consultorio) VALUES (8950, 132);
INSERT INTO HorarioTrabalho (StaffID, HorarioID) VALUES (8950, 22);
INSERT INTO HorarioTrabalho (StaffID, HorarioID) VALUES (8950, 28);
INSERT INTO Pessoa (PessoaID, NumIdentificacao, Nome, Morada, Telefone, NumeroBeneficiario, Sexo, DataNascimento) VALUES (402, 73152244, "Harriet Carls", "morada", 993854908, 902651880, "F", "14/07/1971 02:58:34");
INSERT INTO Staff (PessoaID, CodigoIdentificacao, Especializacao) VALUES (402, 7701, 12);
INSERT INTO Medico (StaffID, Consultorio) VALUES (7701, 167);
INSERT INTO HorarioTrabalho (StaffID, HorarioID) VALUES (7701, 25);
INSERT INTO Pessoa (PessoaID, NumIdentificacao, Nome, Morada, Telefone, NumeroBeneficiario, Sexo, DataNascimento) VALUES (403, 84035409, "Vicki Walsh", "morada", 990756051, 408514090, "F", "10/11/1974 06:30:02");
INSERT INTO Staff (PessoaID, CodigoIdentificacao, Especializacao) VALUES (403, 8767, 13);
INSERT INTO Medico (StaffID, Consultorio) VALUES (8767, 122);
INSERT INTO HorarioTrabalho (StaffID, HorarioID) VALUES (8767, 3);
INSERT INTO HorarioTrabalho (StaffID, HorarioID) VALUES (8767, 5);
INSERT INTO HorarioTrabalho (StaffID, HorarioID) VALUES (8767, 11);
INSERT INTO HorarioTrabalho (StaffID, HorarioID) VALUES (8767, 19);
INSERT INTO HorarioTrabalho (StaffID, HorarioID) VALUES (8767, 25);
INSERT INTO HorarioTrabalho (StaffID, HorarioID) VALUES (8767, 28);
INSERT INTO Pessoa (PessoaID, NumIdentificacao, Nome, Morada, Telefone, NumeroBeneficiario, Sexo, DataNascimento) VALUES (404, 46353708, "Johnnie Ogrodowicz", "morada", 931174357, 300910939, "M", "21/07/2004 13:34:23");
INSERT INTO Staff (PessoaID, CodigoIdentificacao, Especializacao) VALUES (404, 5324, 22);
INSERT INTO Medico (StaffID, Consultorio) VALUES (5324, 187);
INSERT INTO HorarioTrabalho (StaffID, HorarioID) VALUES (5324, 3);
INSERT INTO HorarioTrabalho (StaffID, HorarioID) VALUES (5324, 9);
INSERT INTO HorarioTrabalho (StaffID, HorarioID) VALUES (5324, 16);
INSERT INTO Pessoa (PessoaID, NumIdentificacao, Nome, Morada, Telefone, NumeroBeneficiario, Sexo, DataNascimento) VALUES (405, 25913900, "Ken Robles", "morada", 959938339, 471376256, "M", "06/09/2011 08:37:48");
INSERT INTO Staff (PessoaID, CodigoIdentificacao, Especializacao) VALUES (405, 4811, 39);
INSERT INTO Medico (StaffID, Consultorio) VALUES (4811, 135);
INSERT INTO HorarioTrabalho (StaffID, HorarioID) VALUES (4811, 1);
INSERT INTO HorarioTrabalho (StaffID, HorarioID) VALUES (4811, 9);
INSERT INTO HorarioTrabalho (StaffID, HorarioID) VALUES (4811, 10);
INSERT INTO HorarioTrabalho (StaffID, HorarioID) VALUES (4811, 14);
INSERT INTO HorarioTrabalho (StaffID, HorarioID) VALUES (4811, 27);
INSERT INTO Pessoa (PessoaID, NumIdentificacao, Nome, Morada, Telefone, NumeroBeneficiario, Sexo, DataNascimento) VALUES (406, 49048676, "Angela Das", "morada", 980934552, 915804831, "F", "27/04/1978 18:10:07");
INSERT INTO Staff (PessoaID, CodigoIdentificacao, Especializacao) VALUES (406, 4930, 27);
INSERT INTO Medico (StaffID, Consultorio) VALUES (4930, 241);
INSERT INTO HorarioTrabalho (StaffID, HorarioID) VALUES (4930, 7);
INSERT INTO HorarioTrabalho (StaffID, HorarioID) VALUES (4930, 11);
INSERT INTO HorarioTrabalho (StaffID, HorarioID) VALUES (4930, 15);
INSERT INTO Pessoa (PessoaID, NumIdentificacao, Nome, Morada, Telefone, NumeroBeneficiario, Sexo, DataNascimento) VALUES (407, 43263239, "Kathy Massey", "morada", 945196011, 357641544, "F", "23/08/1991 18:01:22");
INSERT INTO Staff (PessoaID, CodigoIdentificacao, Especializacao) VALUES (407, 2336, 45);
INSERT INTO Medico (StaffID, Consultorio) VALUES (2336, 111);
INSERT INTO HorarioTrabalho (StaffID, HorarioID) VALUES (2336, 4);
INSERT INTO HorarioTrabalho (StaffID, HorarioID) VALUES (2336, 8);
INSERT INTO HorarioTrabalho (StaffID, HorarioID) VALUES (2336, 15);
INSERT INTO HorarioTrabalho (StaffID, HorarioID) VALUES (2336, 21);
INSERT INTO HorarioTrabalho (StaffID, HorarioID) VALUES (2336, 23);
INSERT INTO Pessoa (PessoaID, NumIdentificacao, Nome, Morada, Telefone, NumeroBeneficiario, Sexo, DataNascimento) VALUES (408, 73579153, "Robert Cannata", "morada", 986238969, 468862702, "M", "03/11/1999 00:37:20");
INSERT INTO Staff (PessoaID, CodigoIdentificacao, Especializacao) VALUES (408, 5024, 24);
INSERT INTO Medico (StaffID, Consultorio) VALUES (5024, 216);
INSERT INTO HorarioTrabalho (StaffID, HorarioID) VALUES (5024, 5);
INSERT INTO HorarioTrabalho (StaffID, HorarioID) VALUES (5024, 30);
INSERT INTO Pessoa (PessoaID, NumIdentificacao, Nome, Morada, Telefone, NumeroBeneficiario, Sexo, DataNascimento) VALUES (409, 40421287, "Stephen Kerner", "morada", 933450071, 149509359, "M", "07/02/1998 21:07:43");
INSERT INTO Staff (PessoaID, CodigoIdentificacao, Especializacao) VALUES (409, 9289, 9);
INSERT INTO Medico (StaffID, Consultorio) VALUES (9289, 225);
INSERT INTO HorarioTrabalho (StaffID, HorarioID) VALUES (9289, 11);
INSERT INTO HorarioTrabalho (StaffID, HorarioID) VALUES (9289, 23);
INSERT INTO HorarioTrabalho (StaffID, HorarioID) VALUES (9289, 26);
INSERT INTO Pessoa (PessoaID, NumIdentificacao, Nome, Morada, Telefone, NumeroBeneficiario, Sexo, DataNascimento) VALUES (410, 43803234, "Shirley Walters", "morada", 957993910, 434149128, "F", "25/01/1986 20:51:46");
INSERT INTO Staff (PessoaID, CodigoIdentificacao, Especializacao) VALUES (410, 1166, 32);
INSERT INTO Medico (StaffID, Consultorio) VALUES (1166, 221);
INSERT INTO HorarioTrabalho (StaffID, HorarioID) VALUES (1166, 1);
INSERT INTO HorarioTrabalho (StaffID, HorarioID) VALUES (1166, 5);
INSERT INTO HorarioTrabalho (StaffID, HorarioID) VALUES (1166, 12);
INSERT INTO Pessoa (PessoaID, NumIdentificacao, Nome, Morada, Telefone, NumeroBeneficiario, Sexo, DataNascimento) VALUES (411, 56183094, "Lisa Pink", "morada", 989798612, 988011400, "F", "04/09/2015 08:15:13");
INSERT INTO Staff (PessoaID, CodigoIdentificacao, Especializacao) VALUES (411, 9570, 38);
INSERT INTO Medico (StaffID, Consultorio) VALUES (9570, 193);
INSERT INTO HorarioTrabalho (StaffID, HorarioID) VALUES (9570, 11);
INSERT INTO HorarioTrabalho (StaffID, HorarioID) VALUES (9570, 18);
INSERT INTO HorarioTrabalho (StaffID, HorarioID) VALUES (9570, 22);
INSERT INTO Pessoa (PessoaID, NumIdentificacao, Nome, Morada, Telefone, NumeroBeneficiario, Sexo, DataNascimento) VALUES (412, 31385850, "Edward Cline", "morada", 990445453, 193454116, "M", "23/03/1996 13:26:01");
INSERT INTO Staff (PessoaID, CodigoIdentificacao, Especializacao) VALUES (412, 6467, 44);
INSERT INTO Medico (StaffID, Consultorio) VALUES (6467, 123);
INSERT INTO HorarioTrabalho (StaffID, HorarioID) VALUES (6467, 2);
INSERT INTO HorarioTrabalho (StaffID, HorarioID) VALUES (6467, 14);
INSERT INTO HorarioTrabalho (StaffID, HorarioID) VALUES (6467, 27);
INSERT INTO Pessoa (PessoaID, NumIdentificacao, Nome, Morada, Telefone, NumeroBeneficiario, Sexo, DataNascimento) VALUES (413, 13170241, "Shirley Montero", "morada", 990077738, 690366813, "F", "26/05/1982 02:11:39");
INSERT INTO Staff (PessoaID, CodigoIdentificacao, Especializacao) VALUES (413, 1298, 22);
INSERT INTO Medico (StaffID, Consultorio) VALUES (1298, 227);
INSERT INTO HorarioTrabalho (StaffID, HorarioID) VALUES (1298, 3);
INSERT INTO HorarioTrabalho (StaffID, HorarioID) VALUES (1298, 14);
INSERT INTO HorarioTrabalho (StaffID, HorarioID) VALUES (1298, 20);
INSERT INTO Pessoa (PessoaID, NumIdentificacao, Nome, Morada, Telefone, NumeroBeneficiario, Sexo, DataNascimento) VALUES (414, 26535826, "Diane Pollard", "morada", 984303047, 988353168, "F", "31/07/1982 05:13:13");
INSERT INTO Staff (PessoaID, CodigoIdentificacao, Especializacao) VALUES (414, 2769, 40);
INSERT INTO Medico (StaffID, Consultorio) VALUES (2769, 104);
INSERT INTO HorarioTrabalho (StaffID, HorarioID) VALUES (2769, 4);
INSERT INTO HorarioTrabalho (StaffID, HorarioID) VALUES (2769, 12);
INSERT INTO HorarioTrabalho (StaffID, HorarioID) VALUES (2769, 16);
INSERT INTO HorarioTrabalho (StaffID, HorarioID) VALUES (2769, 23);
INSERT INTO HorarioTrabalho (StaffID, HorarioID) VALUES (2769, 27);
INSERT INTO Pessoa (PessoaID, NumIdentificacao, Nome, Morada, Telefone, NumeroBeneficiario, Sexo, DataNascimento) VALUES (415, 68386603, "Marian Ramos", "morada", 936816739, 401123335, "F", "10/01/1996 13:52:28");
INSERT INTO Staff (PessoaID, CodigoIdentificacao, Especializacao) VALUES (415, 3833, 9);
INSERT INTO Medico (StaffID, Consultorio) VALUES (3833, 124);
INSERT INTO HorarioTrabalho (StaffID, HorarioID) VALUES (3833, 1);
INSERT INTO HorarioTrabalho (StaffID, HorarioID) VALUES (3833, 11);
INSERT INTO HorarioTrabalho (StaffID, HorarioID) VALUES (3833, 17);
INSERT INTO HorarioTrabalho (StaffID, HorarioID) VALUES (3833, 23);
INSERT INTO Pessoa (PessoaID, NumIdentificacao, Nome, Morada, Telefone, NumeroBeneficiario, Sexo, DataNascimento) VALUES (416, 82026038, "Serita Maslow", "morada", 943389694, 663950206, "F", "26/10/1974 20:16:07");
INSERT INTO Staff (PessoaID, CodigoIdentificacao, Especializacao) VALUES (416, 4282, 30);
INSERT INTO Medico (StaffID, Consultorio) VALUES (4282, 198);
INSERT INTO HorarioTrabalho (StaffID, HorarioID) VALUES (4282, 4);
INSERT INTO HorarioTrabalho (StaffID, HorarioID) VALUES (4282, 7);
INSERT INTO HorarioTrabalho (StaffID, HorarioID) VALUES (4282, 12);
INSERT INTO HorarioTrabalho (StaffID, HorarioID) VALUES (4282, 16);
INSERT INTO HorarioTrabalho (StaffID, HorarioID) VALUES (4282, 24);
INSERT INTO Pessoa (PessoaID, NumIdentificacao, Nome, Morada, Telefone, NumeroBeneficiario, Sexo, DataNascimento) VALUES (417, 53384428, "James Taylor", "morada", 972387236, 895251262, "M", "21/02/2018 01:35:17");
INSERT INTO Staff (PessoaID, CodigoIdentificacao, Especializacao) VALUES (417, 9079, 37);
INSERT INTO Medico (StaffID, Consultorio) VALUES (9079, 105);
INSERT INTO HorarioTrabalho (StaffID, HorarioID) VALUES (9079, 4);
INSERT INTO HorarioTrabalho (StaffID, HorarioID) VALUES (9079, 15);
INSERT INTO HorarioTrabalho (StaffID, HorarioID) VALUES (9079, 18);
INSERT INTO HorarioTrabalho (StaffID, HorarioID) VALUES (9079, 23);
INSERT INTO HorarioTrabalho (StaffID, HorarioID) VALUES (9079, 28);
INSERT INTO Pessoa (PessoaID, NumIdentificacao, Nome, Morada, Telefone, NumeroBeneficiario, Sexo, DataNascimento) VALUES (418, 95625104, "Rosie Kelley", "morada", 987608956, 364298636, "F", "01/01/2004 12:49:27");
INSERT INTO Staff (PessoaID, CodigoIdentificacao, Especializacao) VALUES (418, 2198, 14);
INSERT INTO Medico (StaffID, Consultorio) VALUES (2198, 179);
INSERT INTO HorarioTrabalho (StaffID, HorarioID) VALUES (2198, 1);
INSERT INTO HorarioTrabalho (StaffID, HorarioID) VALUES (2198, 5);
INSERT INTO HorarioTrabalho (StaffID, HorarioID) VALUES (2198, 25);
INSERT INTO Pessoa (PessoaID, NumIdentificacao, Nome, Morada, Telefone, NumeroBeneficiario, Sexo, DataNascimento) VALUES (419, 43127428, "Denise Huver", "morada", 923322151, 449898178, "F", "10/08/1972 06:05:58");
INSERT INTO Staff (PessoaID, CodigoIdentificacao, Especializacao) VALUES (419, 2607, 1);
INSERT INTO Medico (StaffID, Consultorio) VALUES (2607, 207);
INSERT INTO HorarioTrabalho (StaffID, HorarioID) VALUES (2607, 4);
INSERT INTO HorarioTrabalho (StaffID, HorarioID) VALUES (2607, 16);
INSERT INTO Pessoa (PessoaID, NumIdentificacao, Nome, Morada, Telefone, NumeroBeneficiario, Sexo, DataNascimento) VALUES (420, 83567667, "Monica Hornick", "morada", 916536879, 368571319, "F", "11/08/1985 03:59:03");
INSERT INTO Staff (PessoaID, CodigoIdentificacao, Especializacao) VALUES (420, 1315, 36);
INSERT INTO Medico (StaffID, Consultorio) VALUES (1315, 194);
INSERT INTO HorarioTrabalho (StaffID, HorarioID) VALUES (1315, 1);
INSERT INTO HorarioTrabalho (StaffID, HorarioID) VALUES (1315, 11);
INSERT INTO HorarioTrabalho (StaffID, HorarioID) VALUES (1315, 24);
INSERT INTO HorarioTrabalho (StaffID, HorarioID) VALUES (1315, 30);
INSERT INTO Pessoa (PessoaID, NumIdentificacao, Nome, Morada, Telefone, NumeroBeneficiario, Sexo, DataNascimento) VALUES (421, 54673134, "Barbara Sowder", "morada", 922996789, 538840497, "F", "18/11/2012 05:54:28");
INSERT INTO Staff (PessoaID, CodigoIdentificacao, Especializacao) VALUES (421, 2970, 23);
INSERT INTO Medico (StaffID, Consultorio) VALUES (2970, 144);
INSERT INTO HorarioTrabalho (StaffID, HorarioID) VALUES (2970, 2);
INSERT INTO HorarioTrabalho (StaffID, HorarioID) VALUES (2970, 8);
INSERT INTO HorarioTrabalho (StaffID, HorarioID) VALUES (2970, 10);
INSERT INTO HorarioTrabalho (StaffID, HorarioID) VALUES (2970, 14);
INSERT INTO HorarioTrabalho (StaffID, HorarioID) VALUES (2970, 18);
INSERT INTO Pessoa (PessoaID, NumIdentificacao, Nome, Morada, Telefone, NumeroBeneficiario, Sexo, DataNascimento) VALUES (422, 53902768, "Michael Green", "morada", 951787295, 412846431, "M", "05/01/1973 08:47:23");
INSERT INTO Staff (PessoaID, CodigoIdentificacao, Especializacao) VALUES (422, 4917, 36);
INSERT INTO Medico (StaffID, Consultorio) VALUES (4917, 118);
INSERT INTO HorarioTrabalho (StaffID, HorarioID) VALUES (4917, 4);
INSERT INTO HorarioTrabalho (StaffID, HorarioID) VALUES (4917, 7);
INSERT INTO HorarioTrabalho (StaffID, HorarioID) VALUES (4917, 15);
INSERT INTO HorarioTrabalho (StaffID, HorarioID) VALUES (4917, 18);
INSERT INTO HorarioTrabalho (StaffID, HorarioID) VALUES (4917, 24);
INSERT INTO Pessoa (PessoaID, NumIdentificacao, Nome, Morada, Telefone, NumeroBeneficiario, Sexo, DataNascimento) VALUES (423, 68807095, "Javier Bodreau", "morada", 975279819, 300347641, "M", "21/08/1987 14:39:51");
INSERT INTO Staff (PessoaID, CodigoIdentificacao, Especializacao) VALUES (423, 1819, 35);
INSERT INTO Medico (StaffID, Consultorio) VALUES (1819, 143);
INSERT INTO HorarioTrabalho (StaffID, HorarioID) VALUES (1819, 1);
INSERT INTO HorarioTrabalho (StaffID, HorarioID) VALUES (1819, 6);
INSERT INTO HorarioTrabalho (StaffID, HorarioID) VALUES (1819, 19);
INSERT INTO Pessoa (PessoaID, NumIdentificacao, Nome, Morada, Telefone, NumeroBeneficiario, Sexo, DataNascimento) VALUES (424, 82260014, "Walter Coleman", "morada", 992889392, 978809358, "M", "04/10/2018 11:20:04");
INSERT INTO Staff (PessoaID, CodigoIdentificacao, Especializacao) VALUES (424, 8183, 18);
INSERT INTO Medico (StaffID, Consultorio) VALUES (8183, 183);
INSERT INTO HorarioTrabalho (StaffID, HorarioID) VALUES (8183, 4);
INSERT INTO HorarioTrabalho (StaffID, HorarioID) VALUES (8183, 6);
INSERT INTO HorarioTrabalho (StaffID, HorarioID) VALUES (8183, 30);
INSERT INTO Pessoa (PessoaID, NumIdentificacao, Nome, Morada, Telefone, NumeroBeneficiario, Sexo, DataNascimento) VALUES (425, 44014195, "Christopher Davidson", "morada", 961139782, 343723192, "M", "11/09/2002 03:18:30");
INSERT INTO Staff (PessoaID, CodigoIdentificacao, Especializacao) VALUES (425, 6757, 5);
INSERT INTO Medico (StaffID, Consultorio) VALUES (6757, 127);
INSERT INTO HorarioTrabalho (StaffID, HorarioID) VALUES (6757, 1);
INSERT INTO HorarioTrabalho (StaffID, HorarioID) VALUES (6757, 9);
INSERT INTO HorarioTrabalho (StaffID, HorarioID) VALUES (6757, 13);
INSERT INTO HorarioTrabalho (StaffID, HorarioID) VALUES (6757, 16);
INSERT INTO HorarioTrabalho (StaffID, HorarioID) VALUES (6757, 24);
INSERT INTO Pessoa (PessoaID, NumIdentificacao, Nome, Morada, Telefone, NumeroBeneficiario, Sexo, DataNascimento) VALUES (426, 75416255, "Karl Moore", "morada", 953236061, 879169778, "M", "14/07/1994 23:38:13");
INSERT INTO Staff (PessoaID, CodigoIdentificacao, Especializacao) VALUES (426, 8577, 41);
INSERT INTO Medico (StaffID, Consultorio) VALUES (8577, 215);
INSERT INTO HorarioTrabalho (StaffID, HorarioID) VALUES (8577, 4);
INSERT INTO HorarioTrabalho (StaffID, HorarioID) VALUES (8577, 6);
INSERT INTO HorarioTrabalho (StaffID, HorarioID) VALUES (8577, 23);


-- Distribution of doctors to patients
INSERT INTO MedicoAtribuido (PacienteID, MedicoID) VALUES (3, 426);
INSERT INTO MedicoAtribuido (PacienteID, MedicoID) VALUES (5, 387);
INSERT INTO MedicoAtribuido (PacienteID, MedicoID) VALUES (6, 385);
INSERT INTO MedicoAtribuido (PacienteID, MedicoID) VALUES (7, 425);
INSERT INTO MedicoAtribuido (PacienteID, MedicoID) VALUES (11, 400);
INSERT INTO MedicoAtribuido (PacienteID, MedicoID) VALUES (13, 400);
INSERT INTO MedicoAtribuido (PacienteID, MedicoID) VALUES (14, 400);
INSERT INTO MedicoAtribuido (PacienteID, MedicoID) VALUES (16, 403);
INSERT INTO MedicoAtribuido (PacienteID, MedicoID) VALUES (17, 388);
INSERT INTO MedicoAtribuido (PacienteID, MedicoID) VALUES (20, 409);
INSERT INTO MedicoAtribuido (PacienteID, MedicoID) VALUES (23, 399);
INSERT INTO MedicoAtribuido (PacienteID, MedicoID) VALUES (24, 414);
INSERT INTO MedicoAtribuido (PacienteID, MedicoID) VALUES (25, 407);
INSERT INTO MedicoAtribuido (PacienteID, MedicoID) VALUES (27, 386);
INSERT INTO MedicoAtribuido (PacienteID, MedicoID) VALUES (29, 418);
INSERT INTO MedicoAtribuido (PacienteID, MedicoID) VALUES (30, 405);
INSERT INTO MedicoAtribuido (PacienteID, MedicoID) VALUES (31, 391);
INSERT INTO MedicoAtribuido (PacienteID, MedicoID) VALUES (33, 388);
INSERT INTO MedicoAtribuido (PacienteID, MedicoID) VALUES (36, 395);
INSERT INTO MedicoAtribuido (PacienteID, MedicoID) VALUES (41, 405);
INSERT INTO MedicoAtribuido (PacienteID, MedicoID) VALUES (44, 385);
INSERT INTO MedicoAtribuido (PacienteID, MedicoID) VALUES (46, 421);
INSERT INTO MedicoAtribuido (PacienteID, MedicoID) VALUES (47, 414);
INSERT INTO MedicoAtribuido (PacienteID, MedicoID) VALUES (49, 423);
INSERT INTO MedicoAtribuido (PacienteID, MedicoID) VALUES (50, 401);
INSERT INTO MedicoAtribuido (PacienteID, MedicoID) VALUES (51, 398);
INSERT INTO MedicoAtribuido (PacienteID, MedicoID) VALUES (56, 400);
INSERT INTO MedicoAtribuido (PacienteID, MedicoID) VALUES (57, 404);
INSERT INTO MedicoAtribuido (PacienteID, MedicoID) VALUES (58, 392);
INSERT INTO MedicoAtribuido (PacienteID, MedicoID) VALUES (60, 397);
INSERT INTO MedicoAtribuido (PacienteID, MedicoID) VALUES (62, 398);
INSERT INTO MedicoAtribuido (PacienteID, MedicoID) VALUES (65, 419);
INSERT INTO MedicoAtribuido (PacienteID, MedicoID) VALUES (66, 423);
INSERT INTO MedicoAtribuido (PacienteID, MedicoID) VALUES (67, 404);
INSERT INTO MedicoAtribuido (PacienteID, MedicoID) VALUES (68, 385);
INSERT INTO MedicoAtribuido (PacienteID, MedicoID) VALUES (70, 408);
INSERT INTO MedicoAtribuido (PacienteID, MedicoID) VALUES (73, 387);
INSERT INTO MedicoAtribuido (PacienteID, MedicoID) VALUES (77, 386);
INSERT INTO MedicoAtribuido (PacienteID, MedicoID) VALUES (83, 411);
INSERT INTO MedicoAtribuido (PacienteID, MedicoID) VALUES (84, 395);
INSERT INTO MedicoAtribuido (PacienteID, MedicoID) VALUES (85, 391);
INSERT INTO MedicoAtribuido (PacienteID, MedicoID) VALUES (86, 404);
INSERT INTO MedicoAtribuido (PacienteID, MedicoID) VALUES (88, 413);
INSERT INTO MedicoAtribuido (PacienteID, MedicoID) VALUES (89, 399);
INSERT INTO MedicoAtribuido (PacienteID, MedicoID) VALUES (91, 422);
INSERT INTO MedicoAtribuido (PacienteID, MedicoID) VALUES (93, 390);
INSERT INTO MedicoAtribuido (PacienteID, MedicoID) VALUES (94, 406);
INSERT INTO MedicoAtribuido (PacienteID, MedicoID) VALUES (96, 413);
INSERT INTO MedicoAtribuido (PacienteID, MedicoID) VALUES (99, 409);
INSERT INTO MedicoAtribuido (PacienteID, MedicoID) VALUES (100, 383);
INSERT INTO MedicoAtribuido (PacienteID, MedicoID) VALUES (101, 410);
INSERT INTO MedicoAtribuido (PacienteID, MedicoID) VALUES (102, 424);
INSERT INTO MedicoAtribuido (PacienteID, MedicoID) VALUES (104, 411);
INSERT INTO MedicoAtribuido (PacienteID, MedicoID) VALUES (106, 406);
INSERT INTO MedicoAtribuido (PacienteID, MedicoID) VALUES (108, 413);
INSERT INTO MedicoAtribuido (PacienteID, MedicoID) VALUES (109, 394);
INSERT INTO MedicoAtribuido (PacienteID, MedicoID) VALUES (110, 419);
INSERT INTO MedicoAtribuido (PacienteID, MedicoID) VALUES (114, 420);
INSERT INTO MedicoAtribuido (PacienteID, MedicoID) VALUES (116, 388);
INSERT INTO MedicoAtribuido (PacienteID, MedicoID) VALUES (118, 393);
INSERT INTO MedicoAtribuido (PacienteID, MedicoID) VALUES (119, 410);
INSERT INTO MedicoAtribuido (PacienteID, MedicoID) VALUES (120, 415);
INSERT INTO MedicoAtribuido (PacienteID, MedicoID) VALUES (124, 393);
INSERT INTO MedicoAtribuido (PacienteID, MedicoID) VALUES (125, 393);
INSERT INTO MedicoAtribuido (PacienteID, MedicoID) VALUES (127, 398);
INSERT INTO MedicoAtribuido (PacienteID, MedicoID) VALUES (130, 402);
INSERT INTO MedicoAtribuido (PacienteID, MedicoID) VALUES (132, 384);
INSERT INTO MedicoAtribuido (PacienteID, MedicoID) VALUES (133, 403);
INSERT INTO MedicoAtribuido (PacienteID, MedicoID) VALUES (134, 420);
INSERT INTO MedicoAtribuido (PacienteID, MedicoID) VALUES (138, 424);
INSERT INTO MedicoAtribuido (PacienteID, MedicoID) VALUES (140, 392);
INSERT INTO MedicoAtribuido (PacienteID, MedicoID) VALUES (143, 383);
INSERT INTO MedicoAtribuido (PacienteID, MedicoID) VALUES (144, 393);
INSERT INTO MedicoAtribuido (PacienteID, MedicoID) VALUES (146, 395);
INSERT INTO MedicoAtribuido (PacienteID, MedicoID) VALUES (147, 405);
INSERT INTO MedicoAtribuido (PacienteID, MedicoID) VALUES (148, 393);
INSERT INTO MedicoAtribuido (PacienteID, MedicoID) VALUES (149, 387);
INSERT INTO MedicoAtribuido (PacienteID, MedicoID) VALUES (150, 424);
INSERT INTO MedicoAtribuido (PacienteID, MedicoID) VALUES (155, 421);
INSERT INTO MedicoAtribuido (PacienteID, MedicoID) VALUES (157, 403);
INSERT INTO MedicoAtribuido (PacienteID, MedicoID) VALUES (158, 420);
INSERT INTO MedicoAtribuido (PacienteID, MedicoID) VALUES (160, 420);
INSERT INTO MedicoAtribuido (PacienteID, MedicoID) VALUES (164, 385);
INSERT INTO MedicoAtribuido (PacienteID, MedicoID) VALUES (165, 419);
INSERT INTO MedicoAtribuido (PacienteID, MedicoID) VALUES (167, 391);
INSERT INTO MedicoAtribuido (PacienteID, MedicoID) VALUES (168, 406);
INSERT INTO MedicoAtribuido (PacienteID, MedicoID) VALUES (169, 407);
INSERT INTO MedicoAtribuido (PacienteID, MedicoID) VALUES (170, 423);
INSERT INTO MedicoAtribuido (PacienteID, MedicoID) VALUES (171, 390);
INSERT INTO MedicoAtribuido (PacienteID, MedicoID) VALUES (176, 423);
INSERT INTO MedicoAtribuido (PacienteID, MedicoID) VALUES (177, 419);
INSERT INTO MedicoAtribuido (PacienteID, MedicoID) VALUES (178, 386);
INSERT INTO MedicoAtribuido (PacienteID, MedicoID) VALUES (179, 387);
INSERT INTO MedicoAtribuido (PacienteID, MedicoID) VALUES (180, 408);
INSERT INTO MedicoAtribuido (PacienteID, MedicoID) VALUES (181, 417);
INSERT INTO MedicoAtribuido (PacienteID, MedicoID) VALUES (182, 419);
INSERT INTO MedicoAtribuido (PacienteID, MedicoID) VALUES (185, 421);
INSERT INTO MedicoAtribuido (PacienteID, MedicoID) VALUES (186, 405);
INSERT INTO MedicoAtribuido (PacienteID, MedicoID) VALUES (188, 410);
INSERT INTO MedicoAtribuido (PacienteID, MedicoID) VALUES (189, 416);
INSERT INTO MedicoAtribuido (PacienteID, MedicoID) VALUES (191, 402);
INSERT INTO MedicoAtribuido (PacienteID, MedicoID) VALUES (193, 424);
INSERT INTO MedicoAtribuido (PacienteID, MedicoID) VALUES (194, 385);
INSERT INTO MedicoAtribuido (PacienteID, MedicoID) VALUES (195, 415);
INSERT INTO MedicoAtribuido (PacienteID, MedicoID) VALUES (199, 403);
INSERT INTO MedicoAtribuido (PacienteID, MedicoID) VALUES (200, 400);
INSERT INTO MedicoAtribuido (PacienteID, MedicoID) VALUES (203, 389);
INSERT INTO MedicoAtribuido (PacienteID, MedicoID) VALUES (204, 416);
INSERT INTO MedicoAtribuido (PacienteID, MedicoID) VALUES (205, 425);
INSERT INTO MedicoAtribuido (PacienteID, MedicoID) VALUES (207, 400);
INSERT INTO MedicoAtribuido (PacienteID, MedicoID) VALUES (208, 385);
INSERT INTO MedicoAtribuido (PacienteID, MedicoID) VALUES (209, 405);
INSERT INTO MedicoAtribuido (PacienteID, MedicoID) VALUES (210, 415);
INSERT INTO MedicoAtribuido (PacienteID, MedicoID) VALUES (211, 411);
INSERT INTO MedicoAtribuido (PacienteID, MedicoID) VALUES (215, 424);
INSERT INTO MedicoAtribuido (PacienteID, MedicoID) VALUES (216, 410);
INSERT INTO MedicoAtribuido (PacienteID, MedicoID) VALUES (218, 404);
INSERT INTO MedicoAtribuido (PacienteID, MedicoID) VALUES (219, 384);
INSERT INTO MedicoAtribuido (PacienteID, MedicoID) VALUES (222, 388);
INSERT INTO MedicoAtribuido (PacienteID, MedicoID) VALUES (225, 420);
INSERT INTO MedicoAtribuido (PacienteID, MedicoID) VALUES (226, 413);
INSERT INTO MedicoAtribuido (PacienteID, MedicoID) VALUES (227, 392);
INSERT INTO MedicoAtribuido (PacienteID, MedicoID) VALUES (230, 417);
INSERT INTO MedicoAtribuido (PacienteID, MedicoID) VALUES (231, 422);
INSERT INTO MedicoAtribuido (PacienteID, MedicoID) VALUES (232, 389);
INSERT INTO MedicoAtribuido (PacienteID, MedicoID) VALUES (233, 421);
INSERT INTO MedicoAtribuido (PacienteID, MedicoID) VALUES (236, 420);
INSERT INTO MedicoAtribuido (PacienteID, MedicoID) VALUES (238, 421);
INSERT INTO MedicoAtribuido (PacienteID, MedicoID) VALUES (239, 408);
INSERT INTO MedicoAtribuido (PacienteID, MedicoID) VALUES (240, 391);
INSERT INTO MedicoAtribuido (PacienteID, MedicoID) VALUES (242, 419);
INSERT INTO MedicoAtribuido (PacienteID, MedicoID) VALUES (243, 390);
INSERT INTO MedicoAtribuido (PacienteID, MedicoID) VALUES (245, 393);
INSERT INTO MedicoAtribuido (PacienteID, MedicoID) VALUES (246, 395);
INSERT INTO MedicoAtribuido (PacienteID, MedicoID) VALUES (247, 390);
INSERT INTO MedicoAtribuido (PacienteID, MedicoID) VALUES (249, 410);
INSERT INTO MedicoAtribuido (PacienteID, MedicoID) VALUES (250, 406);
INSERT INTO MedicoAtribuido (PacienteID, MedicoID) VALUES (255, 383);
INSERT INTO MedicoAtribuido (PacienteID, MedicoID) VALUES (256, 423);
INSERT INTO MedicoAtribuido (PacienteID, MedicoID) VALUES (257, 383);
INSERT INTO MedicoAtribuido (PacienteID, MedicoID) VALUES (258, 389);
INSERT INTO MedicoAtribuido (PacienteID, MedicoID) VALUES (259, 423);
INSERT INTO MedicoAtribuido (PacienteID, MedicoID) VALUES (262, 402);
INSERT INTO MedicoAtribuido (PacienteID, MedicoID) VALUES (265, 396);
INSERT INTO MedicoAtribuido (PacienteID, MedicoID) VALUES (266, 404);
INSERT INTO MedicoAtribuido (PacienteID, MedicoID) VALUES (267, 388);
INSERT INTO MedicoAtribuido (PacienteID, MedicoID) VALUES (268, 409);
INSERT INTO MedicoAtribuido (PacienteID, MedicoID) VALUES (269, 412);
INSERT INTO MedicoAtribuido (PacienteID, MedicoID) VALUES (270, 401);
INSERT INTO MedicoAtribuido (PacienteID, MedicoID) VALUES (274, 426);
INSERT INTO MedicoAtribuido (PacienteID, MedicoID) VALUES (275, 411);
INSERT INTO MedicoAtribuido (PacienteID, MedicoID) VALUES (276, 403);
INSERT INTO MedicoAtribuido (PacienteID, MedicoID) VALUES (278, 418);
INSERT INTO MedicoAtribuido (PacienteID, MedicoID) VALUES (279, 422);
INSERT INTO MedicoAtribuido (PacienteID, MedicoID) VALUES (280, 414);
INSERT INTO MedicoAtribuido (PacienteID, MedicoID) VALUES (281, 426);
INSERT INTO MedicoAtribuido (PacienteID, MedicoID) VALUES (282, 401);
INSERT INTO MedicoAtribuido (PacienteID, MedicoID) VALUES (283, 421);
INSERT INTO MedicoAtribuido (PacienteID, MedicoID) VALUES (284, 411);
INSERT INTO MedicoAtribuido (PacienteID, MedicoID) VALUES (285, 386);
INSERT INTO MedicoAtribuido (PacienteID, MedicoID) VALUES (287, 424);
INSERT INTO MedicoAtribuido (PacienteID, MedicoID) VALUES (289, 384);
INSERT INTO MedicoAtribuido (PacienteID, MedicoID) VALUES (295, 417);
INSERT INTO MedicoAtribuido (PacienteID, MedicoID) VALUES (300, 421);

-- Departments
INSERT INTO Departamento (NumIdentificador,Nome,Responsavel) VALUES (1,"Cardiologia",311);
INSERT INTO Departamento (NumIdentificador,Nome,Responsavel) VALUES (2,"Triagem de mama",352);
INSERT INTO Departamento (NumIdentificador,Nome,Responsavel) VALUES (3,"Diagnóstico por imagem",389);
INSERT INTO Departamento (NumIdentificador,Nome,Responsavel) VALUES (4,"Otorrinolaringologia",360);
INSERT INTO Departamento (NumIdentificador,Nome,Responsavel) VALUES (5,"Geriatria",406);
INSERT INTO Departamento (NumIdentificador,Nome,Responsavel) VALUES (6,"Gastroenterologia",383);
INSERT INTO Departamento (NumIdentificador,Nome,Responsavel) VALUES (7,"Cirurgia geral",301);
INSERT INTO Departamento (NumIdentificador,Nome,Responsavel) VALUES (8,"Ginecologia",367);
INSERT INTO Departamento (NumIdentificador,Nome,Responsavel) VALUES (9,"Maternidade",323);
INSERT INTO Departamento (NumIdentificador,Nome,Responsavel) VALUES (10,"Microbiologia",314);
INSERT INTO Departamento (NumIdentificador,Nome,Responsavel) VALUES (11,"Neurologia",309);
INSERT INTO Departamento (NumIdentificador,Nome,Responsavel) VALUES (12,"Nutrição",302);
INSERT INTO Departamento (NumIdentificador,Nome,Responsavel) VALUES (13,"Obstetrícia",367);
INSERT INTO Departamento (NumIdentificador,Nome,Responsavel) VALUES (14,"Terapia Ocupacional",323);
INSERT INTO Departamento (NumIdentificador,Nome,Responsavel) VALUES (15,"Oncologia",387);
INSERT INTO Departamento (NumIdentificador,Nome,Responsavel) VALUES (16,"Oftalmologia",364);
INSERT INTO Departamento (NumIdentificador,Nome,Responsavel) VALUES (17,"Ortopedia",348);
INSERT INTO Departamento (NumIdentificador,Nome,Responsavel) VALUES (18,"Farmacologia",314);
INSERT INTO Departamento (NumIdentificador,Nome,Responsavel) VALUES (19,"Fisioterapia",318);
INSERT INTO Departamento (NumIdentificador,Nome,Responsavel) VALUES (20,"Radioterapia",390);
INSERT INTO Departamento (NumIdentificador,Nome,Responsavel) VALUES (21,"Unidade Renal",370);
INSERT INTO Departamento (NumIdentificador,Nome,Responsavel) VALUES (22,"Reumatologia",371);
INSERT INTO Departamento (NumIdentificador,Nome,Responsavel) VALUES (23,"Saude Sexual",372);
INSERT INTO Departamento (NumIdentificador,Nome,Responsavel) VALUES (24,"Urologia",377);

-- Admission
INSERT INTO Admissao (AdmissaoID, Data, Urgencia, Prioridade, Paciente) VALUES (1, "10/11/1986 20:46:41", 3, 3, 121);
INSERT INTO Admissao (AdmissaoID, Data, Urgencia, Prioridade, Paciente) VALUES (2, "21/7/1998 7:14:17", 2, 0, 198);
INSERT INTO Admissao (AdmissaoID, Data, Urgencia, Prioridade, Paciente) VALUES (3, "19/2/1973 16:22:28", 3, 3, 279);
INSERT INTO Admissao (AdmissaoID, Data, Urgencia, Prioridade, Paciente) VALUES (4, "19/2/2007 19:35:21", 1, 1, 133);
INSERT INTO Admissao (AdmissaoID, Data, Urgencia, Prioridade, Paciente) VALUES (5, "27/8/2005 12:52:49", 3, 1, 25);
INSERT INTO Admissao (AdmissaoID, Data, Urgencia, Prioridade, Paciente) VALUES (6, "13/9/1987 11:52:47", 1, 2, 77);
INSERT INTO Admissao (AdmissaoID, Data, Urgencia, Prioridade, Paciente) VALUES (7, "14/8/2014 19:54:31", 1, 3, 290);
INSERT INTO Admissao (AdmissaoID, Data, Urgencia, Prioridade, Paciente) VALUES (8, "13/4/1965 14:43:38", 3, 2, 189);
INSERT INTO Admissao (AdmissaoID, Data, Urgencia, Prioridade, Paciente) VALUES (9, "7/1/2002 4:3:14", 0, 3, 107);
INSERT INTO Admissao (AdmissaoID, Data, Urgencia, Prioridade, Paciente) VALUES (10, "27/3/1967 6:14:50", 1, 1, 100);
INSERT INTO Admissao (AdmissaoID, Data, Urgencia, Prioridade, Paciente) VALUES (11, "7/8/1999 15:16:39", 1, 3, 134);
INSERT INTO Admissao (AdmissaoID, Data, Urgencia, Prioridade, Paciente) VALUES (12, "11/1/1962 14:21:35", 3, 0, 74);
INSERT INTO Admissao (AdmissaoID, Data, Urgencia, Prioridade, Paciente) VALUES (13, "28/5/1991 9:43:29", 1, 2, 70);
INSERT INTO Admissao (AdmissaoID, Data, Urgencia, Prioridade, Paciente) VALUES (14, "7/2/1995 5:55:50", 1, 0, 87);
INSERT INTO Admissao (AdmissaoID, Data, Urgencia, Prioridade, Paciente) VALUES (15, "11/12/1969 20:35:58", 3, 1, 239);
INSERT INTO Admissao (AdmissaoID, Data, Urgencia, Prioridade, Paciente) VALUES (16, "17/4/2011 10:9:20", 3, 2, 297);
INSERT INTO Admissao (AdmissaoID, Data, Urgencia, Prioridade, Paciente) VALUES (17, "21/3/2012 7:31:34", 1, 3, 17);
INSERT INTO Admissao (AdmissaoID, Data, Urgencia, Prioridade, Paciente) VALUES (18, "5/3/1967 2:23:57", 3, 3, 116);
INSERT INTO Admissao (AdmissaoID, Data, Urgencia, Prioridade, Paciente) VALUES (19, "1/1/1987 21:48:27", 1, 2, 116);
INSERT INTO Admissao (AdmissaoID, Data, Urgencia, Prioridade, Paciente) VALUES (20, "14/12/1995 9:54:19", 1, 1, 12);
INSERT INTO Admissao (AdmissaoID, Data, Urgencia, Prioridade, Paciente) VALUES (21, "20/9/1979 23:19:15", 1, 1, 250);
INSERT INTO Admissao (AdmissaoID, Data, Urgencia, Prioridade, Paciente) VALUES (22, "5/12/1999 0:9:23", 0, 2, 211);
INSERT INTO Admissao (AdmissaoID, Data, Urgencia, Prioridade, Paciente) VALUES (23, "2/7/2014 11:10:59", 0, 1, 273);
INSERT INTO Admissao (AdmissaoID, Data, Urgencia, Prioridade, Paciente) VALUES (24, "21/4/2004 11:16:32", 2, 2, 6);
INSERT INTO Admissao (AdmissaoID, Data, Urgencia, Prioridade, Paciente) VALUES (25, "11/9/2001 4:8:30", 0, 1, 89);
INSERT INTO Admissao (AdmissaoID, Data, Urgencia, Prioridade, Paciente) VALUES (26, "4/7/2015 12:47:0", 3, 1, 65);
INSERT INTO Admissao (AdmissaoID, Data, Urgencia, Prioridade, Paciente) VALUES (27, "28/8/2003 14:15:8", 2, 1, 2);
INSERT INTO Admissao (AdmissaoID, Data, Urgencia, Prioridade, Paciente) VALUES (28, "6/8/1993 3:10:7", 3, 3, 2);
INSERT INTO Admissao (AdmissaoID, Data, Urgencia, Prioridade, Paciente) VALUES (29, "25/3/2012 22:7:21", 3, 2, 282);
INSERT INTO Admissao (AdmissaoID, Data, Urgencia, Prioridade, Paciente) VALUES (30, "25/2/2009 6:38:50", 1, 3, 141);
INSERT INTO Admissao (AdmissaoID, Data, Urgencia, Prioridade, Paciente) VALUES (31, "13/8/2000 21:52:38", 0, 1, 153);
INSERT INTO Admissao (AdmissaoID, Data, Urgencia, Prioridade, Paciente) VALUES (32, "19/7/1985 9:17:21", 3, 2, 180);
INSERT INTO Admissao (AdmissaoID, Data, Urgencia, Prioridade, Paciente) VALUES (33, "25/7/1963 10:42:59", 0, 2, 288);
INSERT INTO Admissao (AdmissaoID, Data, Urgencia, Prioridade, Paciente) VALUES (34, "14/8/1962 10:55:15", 0, 2, 172);
INSERT INTO Admissao (AdmissaoID, Data, Urgencia, Prioridade, Paciente) VALUES (35, "18/9/2003 5:51:30", 0, 2, 175);
INSERT INTO Admissao (AdmissaoID, Data, Urgencia, Prioridade, Paciente) VALUES (36, "23/8/2016 1:39:32", 3, 0, 250);
INSERT INTO Admissao (AdmissaoID, Data, Urgencia, Prioridade, Paciente) VALUES (37, "23/11/2014 3:50:31", 2, 1, 239);
INSERT INTO Admissao (AdmissaoID, Data, Urgencia, Prioridade, Paciente) VALUES (38, "3/9/1972 0:41:19", 3, 1, 135);
INSERT INTO Admissao (AdmissaoID, Data, Urgencia, Prioridade, Paciente) VALUES (39, "5/1/1962 17:14:19", 3, 3, 114);
INSERT INTO Admissao (AdmissaoID, Data, Urgencia, Prioridade, Paciente) VALUES (40, "20/6/2012 13:35:19", 1, 1, 217);
INSERT INTO Admissao (AdmissaoID, Data, Urgencia, Prioridade, Paciente) VALUES (41, "14/8/1988 11:13:56", 3, 0, 70);
INSERT INTO Admissao (AdmissaoID, Data, Urgencia, Prioridade, Paciente) VALUES (42, "3/9/1987 4:53:49", 2, 0, 169);
INSERT INTO Admissao (AdmissaoID, Data, Urgencia, Prioridade, Paciente) VALUES (43, "22/7/1978 7:23:46", 1, 3, 17);
INSERT INTO Admissao (AdmissaoID, Data, Urgencia, Prioridade, Paciente) VALUES (44, "11/8/2003 7:6:6", 2, 3, 47);
INSERT INTO Admissao (AdmissaoID, Data, Urgencia, Prioridade, Paciente) VALUES (45, "13/4/1994 5:50:29", 2, 0, 30);
INSERT INTO Admissao (AdmissaoID, Data, Urgencia, Prioridade, Paciente) VALUES (46, "16/12/1983 16:8:38", 0, 3, 200);
INSERT INTO Admissao (AdmissaoID, Data, Urgencia, Prioridade, Paciente) VALUES (47, "23/11/2006 20:24:56", 0, 0, 67);
INSERT INTO Admissao (AdmissaoID, Data, Urgencia, Prioridade, Paciente) VALUES (48, "18/3/2009 12:32:2", 2, 3, 71);
INSERT INTO Admissao (AdmissaoID, Data, Urgencia, Prioridade, Paciente) VALUES (49, "5/10/1983 18:12:23", 1, 2, 141);
INSERT INTO Admissao (AdmissaoID, Data, Urgencia, Prioridade, Paciente) VALUES (50, "6/9/1983 13:53:50", 1, 0, 270);
INSERT INTO Admissao (AdmissaoID, Data, Urgencia, Prioridade, Paciente) VALUES (51, "3/1/1987 7:42:58", 2, 2, 72);
INSERT INTO Admissao (AdmissaoID, Data, Urgencia, Prioridade, Paciente) VALUES (52, "11/2/1969 6:32:33", 0, 2, 154);
INSERT INTO Admissao (AdmissaoID, Data, Urgencia, Prioridade, Paciente) VALUES (53, "28/6/2014 14:20:22", 3, 3, 7);
INSERT INTO Admissao (AdmissaoID, Data, Urgencia, Prioridade, Paciente) VALUES (54, "12/6/1998 15:43:19", 1, 0, 175);
INSERT INTO Admissao (AdmissaoID, Data, Urgencia, Prioridade, Paciente) VALUES (55, "13/7/1976 12:12:5", 2, 1, 208);
INSERT INTO Admissao (AdmissaoID, Data, Urgencia, Prioridade, Paciente) VALUES (56, "13/2/1995 7:34:24", 3, 0, 123);
INSERT INTO Admissao (AdmissaoID, Data, Urgencia, Prioridade, Paciente) VALUES (57, "17/3/1985 21:18:8", 1, 1, 84);
INSERT INTO Admissao (AdmissaoID, Data, Urgencia, Prioridade, Paciente) VALUES (58, "25/10/1992 17:39:39", 3, 0, 245);
INSERT INTO Admissao (AdmissaoID, Data, Urgencia, Prioridade, Paciente) VALUES (59, "20/7/1968 1:53:45", 3, 0, 260);
INSERT INTO Admissao (AdmissaoID, Data, Urgencia, Prioridade, Paciente) VALUES (60, "18/3/1971 19:8:16", 0, 1, 89);
INSERT INTO Admissao (AdmissaoID, Data, Urgencia, Prioridade, Paciente) VALUES (61, "9/9/1972 2:55:18", 1, 2, 206);
INSERT INTO Admissao (AdmissaoID, Data, Urgencia, Prioridade, Paciente) VALUES (62, "1/8/2014 20:55:6", 1, 0, 21);
INSERT INTO Admissao (AdmissaoID, Data, Urgencia, Prioridade, Paciente) VALUES (63, "23/12/1971 15:11:37", 0, 3, 272);
INSERT INTO Admissao (AdmissaoID, Data, Urgencia, Prioridade, Paciente) VALUES (64, "2/6/2004 18:6:26", 3, 0, 34);
INSERT INTO Admissao (AdmissaoID, Data, Urgencia, Prioridade, Paciente) VALUES (65, "15/11/1973 18:9:51", 3, 3, 226);
INSERT INTO Admissao (AdmissaoID, Data, Urgencia, Prioridade, Paciente) VALUES (66, "27/5/1985 7:11:17", 2, 1, 167);
INSERT INTO Admissao (AdmissaoID, Data, Urgencia, Prioridade, Paciente) VALUES (67, "7/3/1991 21:8:15", 1, 2, 165);
INSERT INTO Admissao (AdmissaoID, Data, Urgencia, Prioridade, Paciente) VALUES (68, "19/11/1967 20:26:44", 3, 1, 197);
INSERT INTO Admissao (AdmissaoID, Data, Urgencia, Prioridade, Paciente) VALUES (69, "10/5/1978 5:2:43", 0, 0, 198);
INSERT INTO Admissao (AdmissaoID, Data, Urgencia, Prioridade, Paciente) VALUES (70, "25/2/1974 11:51:12", 1, 2, 154);
INSERT INTO Admissao (AdmissaoID, Data, Urgencia, Prioridade, Paciente) VALUES (71, "8/1/1972 5:37:25", 3, 1, 76);
INSERT INTO Admissao (AdmissaoID, Data, Urgencia, Prioridade, Paciente) VALUES (72, "23/3/1979 7:39:29", 1, 0, 144);
INSERT INTO Admissao (AdmissaoID, Data, Urgencia, Prioridade, Paciente) VALUES (73, "6/5/1973 23:29:21", 3, 0, 32);
INSERT INTO Admissao (AdmissaoID, Data, Urgencia, Prioridade, Paciente) VALUES (74, "27/10/1960 22:38:3", 2, 2, 11);
INSERT INTO Admissao (AdmissaoID, Data, Urgencia, Prioridade, Paciente) VALUES (75, "6/6/2004 22:46:25", 1, 2, 50);
INSERT INTO Admissao (AdmissaoID, Data, Urgencia, Prioridade, Paciente) VALUES (76, "20/5/1979 1:28:34", 0, 0, 20);
INSERT INTO Admissao (AdmissaoID, Data, Urgencia, Prioridade, Paciente) VALUES (77, "23/6/1978 20:1:3", 1, 3, 7);
INSERT INTO Admissao (AdmissaoID, Data, Urgencia, Prioridade, Paciente) VALUES (78, "27/12/1991 14:8:42", 1, 0, 146);
INSERT INTO Admissao (AdmissaoID, Data, Urgencia, Prioridade, Paciente) VALUES (79, "10/2/1975 22:40:20", 2, 1, 82);
INSERT INTO Admissao (AdmissaoID, Data, Urgencia, Prioridade, Paciente) VALUES (80, "18/2/1995 11:27:45", 1, 3, 1);
INSERT INTO Admissao (AdmissaoID, Data, Urgencia, Prioridade, Paciente) VALUES (81, "7/5/1994 5:20:49", 1, 3, 111);
INSERT INTO Admissao (AdmissaoID, Data, Urgencia, Prioridade, Paciente) VALUES (82, "14/8/1965 6:28:43", 1, 3, 278);
INSERT INTO Admissao (AdmissaoID, Data, Urgencia, Prioridade, Paciente) VALUES (83, "20/8/1992 14:49:57", 2, 0, 36);
INSERT INTO Admissao (AdmissaoID, Data, Urgencia, Prioridade, Paciente) VALUES (84, "5/2/2014 5:22:46", 2, 0, 230);
INSERT INTO Admissao (AdmissaoID, Data, Urgencia, Prioridade, Paciente) VALUES (85, "26/8/2006 22:25:38", 2, 1, 148);
INSERT INTO Admissao (AdmissaoID, Data, Urgencia, Prioridade, Paciente) VALUES (86, "14/3/1981 19:45:1", 2, 3, 192);
INSERT INTO Admissao (AdmissaoID, Data, Urgencia, Prioridade, Paciente) VALUES (87, "13/10/1998 15:37:21", 0, 3, 1);
INSERT INTO Admissao (AdmissaoID, Data, Urgencia, Prioridade, Paciente) VALUES (88, "2/5/1963 14:10:30", 3, 3, 28);
INSERT INTO Admissao (AdmissaoID, Data, Urgencia, Prioridade, Paciente) VALUES (89, "28/2/2006 19:15:56", 3, 0, 137);
INSERT INTO Admissao (AdmissaoID, Data, Urgencia, Prioridade, Paciente) VALUES (90, "24/6/1988 23:33:44", 3, 2, 124);
INSERT INTO Admissao (AdmissaoID, Data, Urgencia, Prioridade, Paciente) VALUES (91, "5/7/1995 15:17:8", 0, 1, 162);
INSERT INTO Admissao (AdmissaoID, Data, Urgencia, Prioridade, Paciente) VALUES (92, "13/1/1970 13:8:9", 2, 1, 250);
INSERT INTO Admissao (AdmissaoID, Data, Urgencia, Prioridade, Paciente) VALUES (93, "26/7/1984 16:35:46", 2, 0, 262);
INSERT INTO Admissao (AdmissaoID, Data, Urgencia, Prioridade, Paciente) VALUES (94, "24/5/1993 22:53:39", 0, 3, 292);
INSERT INTO Admissao (AdmissaoID, Data, Urgencia, Prioridade, Paciente) VALUES (95, "12/6/1994 1:52:22", 0, 3, 222);
INSERT INTO Admissao (AdmissaoID, Data, Urgencia, Prioridade, Paciente) VALUES (96, "17/4/1992 22:33:10", 1, 3, 137);
INSERT INTO Admissao (AdmissaoID, Data, Urgencia, Prioridade, Paciente) VALUES (97, "10/7/2016 18:34:10", 2, 3, 40);
INSERT INTO Admissao (AdmissaoID, Data, Urgencia, Prioridade, Paciente) VALUES (98, "20/10/2009 15:2:57", 1, 0, 160);
INSERT INTO Admissao (AdmissaoID, Data, Urgencia, Prioridade, Paciente) VALUES (99, "12/12/1990 15:59:8", 1, 0, 73);
INSERT INTO Admissao (AdmissaoID, Data, Urgencia, Prioridade, Paciente) VALUES (100, "22/9/1986 12:25:22", 0, 1, 240);
INSERT INTO Admissao (AdmissaoID, Data, Urgencia, Prioridade, Paciente) VALUES (101, "11/2/1962 19:37:33", 3, 0, 184);
INSERT INTO Admissao (AdmissaoID, Data, Urgencia, Prioridade, Paciente) VALUES (102, "15/2/2002 16:34:52", 0, 1, 225);
INSERT INTO Admissao (AdmissaoID, Data, Urgencia, Prioridade, Paciente) VALUES (103, "5/5/2015 20:48:12", 2, 0, 130);
INSERT INTO Admissao (AdmissaoID, Data, Urgencia, Prioridade, Paciente) VALUES (104, "14/5/2001 15:57:44", 2, 0, 106);
INSERT INTO Admissao (AdmissaoID, Data, Urgencia, Prioridade, Paciente) VALUES (105, "28/6/2008 21:3:15", 0, 1, 178);
INSERT INTO Admissao (AdmissaoID, Data, Urgencia, Prioridade, Paciente) VALUES (106, "4/5/1984 15:45:14", 3, 2, 282);
INSERT INTO Admissao (AdmissaoID, Data, Urgencia, Prioridade, Paciente) VALUES (107, "6/5/1965 4:15:25", 3, 3, 50);
INSERT INTO Admissao (AdmissaoID, Data, Urgencia, Prioridade, Paciente) VALUES (108, "7/9/2001 4:16:53", 3, 2, 113);
INSERT INTO Admissao (AdmissaoID, Data, Urgencia, Prioridade, Paciente) VALUES (109, "7/2/2015 15:37:28", 0, 0, 116);
INSERT INTO Admissao (AdmissaoID, Data, Urgencia, Prioridade, Paciente) VALUES (110, "21/10/2007 23:47:55", 3, 0, 249);
INSERT INTO Admissao (AdmissaoID, Data, Urgencia, Prioridade, Paciente) VALUES (111, "18/5/1969 20:56:13", 0, 3, 23);
INSERT INTO Admissao (AdmissaoID, Data, Urgencia, Prioridade, Paciente) VALUES (112, "28/12/2016 20:56:58", 1, 2, 141);
INSERT INTO Admissao (AdmissaoID, Data, Urgencia, Prioridade, Paciente) VALUES (113, "23/3/1973 15:9:44", 0, 1, 72);
INSERT INTO Admissao (AdmissaoID, Data, Urgencia, Prioridade, Paciente) VALUES (114, "20/5/1965 17:51:27", 3, 1, 183);
INSERT INTO Admissao (AdmissaoID, Data, Urgencia, Prioridade, Paciente) VALUES (115, "21/12/1968 15:20:50", 0, 1, 36);
INSERT INTO Admissao (AdmissaoID, Data, Urgencia, Prioridade, Paciente) VALUES (116, "20/6/1976 16:41:54", 3, 0, 136);
INSERT INTO Admissao (AdmissaoID, Data, Urgencia, Prioridade, Paciente) VALUES (117, "13/11/1994 17:37:21", 0, 0, 45);
INSERT INTO Admissao (AdmissaoID, Data, Urgencia, Prioridade, Paciente) VALUES (118, "7/3/2014 8:56:8", 3, 0, 295);
INSERT INTO Admissao (AdmissaoID, Data, Urgencia, Prioridade, Paciente) VALUES (119, "16/5/2016 15:27:30", 3, 2, 287);
INSERT INTO Admissao (AdmissaoID, Data, Urgencia, Prioridade, Paciente) VALUES (120, "22/4/2006 13:4:51", 3, 1, 249);
INSERT INTO Admissao (AdmissaoID, Data, Urgencia, Prioridade, Paciente) VALUES (121, "16/12/2007 5:53:42", 3, 2, 169);
INSERT INTO Admissao (AdmissaoID, Data, Urgencia, Prioridade, Paciente) VALUES (122, "14/9/1981 15:28:24", 1, 1, 192);
INSERT INTO Admissao (AdmissaoID, Data, Urgencia, Prioridade, Paciente) VALUES (123, "21/11/1991 14:42:6", 1, 1, 63);
INSERT INTO Admissao (AdmissaoID, Data, Urgencia, Prioridade, Paciente) VALUES (124, "7/3/1993 6:52:38", 2, 3, 240);
INSERT INTO Admissao (AdmissaoID, Data, Urgencia, Prioridade, Paciente) VALUES (125, "17/4/2008 9:51:50", 2, 3, 266);
INSERT INTO Admissao (AdmissaoID, Data, Urgencia, Prioridade, Paciente) VALUES (126, "11/2/1980 5:22:4", 2, 2, 113);
INSERT INTO Admissao (AdmissaoID, Data, Urgencia, Prioridade, Paciente) VALUES (127, "19/7/2007 7:10:6", 0, 2, 95);
INSERT INTO Admissao (AdmissaoID, Data, Urgencia, Prioridade, Paciente) VALUES (128, "6/12/2008 12:8:41", 2, 2, 111);
INSERT INTO Admissao (AdmissaoID, Data, Urgencia, Prioridade, Paciente) VALUES (129, "26/3/1980 10:1:15", 3, 1, 229);
INSERT INTO Admissao (AdmissaoID, Data, Urgencia, Prioridade, Paciente) VALUES (130, "6/1/2019 22:43:16", 3, 1, 231);
INSERT INTO Admissao (AdmissaoID, Data, Urgencia, Prioridade, Paciente) VALUES (131, "21/11/2013 19:18:35", 1, 0, 213);
INSERT INTO Admissao (AdmissaoID, Data, Urgencia, Prioridade, Paciente) VALUES (132, "4/4/1964 1:23:25", 3, 2, 169);
INSERT INTO Admissao (AdmissaoID, Data, Urgencia, Prioridade, Paciente) VALUES (133, "8/1/1995 12:15:4", 0, 3, 275);
INSERT INTO Admissao (AdmissaoID, Data, Urgencia, Prioridade, Paciente) VALUES (134, "27/1/1968 9:28:49", 0, 1, 206);
INSERT INTO Admissao (AdmissaoID, Data, Urgencia, Prioridade, Paciente) VALUES (135, "18/11/1992 0:44:49", 2, 2, 67);
INSERT INTO Admissao (AdmissaoID, Data, Urgencia, Prioridade, Paciente) VALUES (136, "14/5/1991 11:21:56", 0, 1, 203);
INSERT INTO Admissao (AdmissaoID, Data, Urgencia, Prioridade, Paciente) VALUES (137, "9/10/1963 16:55:38", 0, 1, 59);
INSERT INTO Admissao (AdmissaoID, Data, Urgencia, Prioridade, Paciente) VALUES (138, "7/12/1992 6:51:38", 2, 3, 266);
INSERT INTO Admissao (AdmissaoID, Data, Urgencia, Prioridade, Paciente) VALUES (139, "17/12/1992 8:53:45", 0, 3, 220);
INSERT INTO Admissao (AdmissaoID, Data, Urgencia, Prioridade, Paciente) VALUES (140, "18/10/2005 10:27:59", 1, 0, 73);
INSERT INTO Admissao (AdmissaoID, Data, Urgencia, Prioridade, Paciente) VALUES (141, "10/10/2018 1:10:54", 0, 0, 222);
INSERT INTO Admissao (AdmissaoID, Data, Urgencia, Prioridade, Paciente) VALUES (142, "4/2/1968 2:49:23", 3, 3, 32);
INSERT INTO Admissao (AdmissaoID, Data, Urgencia, Prioridade, Paciente) VALUES (143, "21/8/1988 0:37:37", 1, 1, 248);
INSERT INTO Admissao (AdmissaoID, Data, Urgencia, Prioridade, Paciente) VALUES (144, "26/4/1967 18:20:44", 2, 0, 269);
INSERT INTO Admissao (AdmissaoID, Data, Urgencia, Prioridade, Paciente) VALUES (145, "22/10/1978 8:12:3", 3, 3, 268);
INSERT INTO Admissao (AdmissaoID, Data, Urgencia, Prioridade, Paciente) VALUES (146, "7/7/1995 0:9:27", 3, 1, 101);
INSERT INTO Admissao (AdmissaoID, Data, Urgencia, Prioridade, Paciente) VALUES (147, "21/9/1994 10:18:15", 3, 3, 282);
INSERT INTO Admissao (AdmissaoID, Data, Urgencia, Prioridade, Paciente) VALUES (148, "11/4/2013 2:42:16", 3, 3, 2);
INSERT INTO Admissao (AdmissaoID, Data, Urgencia, Prioridade, Paciente) VALUES (149, "4/5/1960 9:44:9", 2, 3, 167);
INSERT INTO Admissao (AdmissaoID, Data, Urgencia, Prioridade, Paciente) VALUES (150, "4/7/1965 8:53:33", 1, 0, 17);
INSERT INTO Admissao (AdmissaoID, Data, Urgencia, Prioridade, Paciente) VALUES (151, "21/6/2001 4:0:40", 3, 1, 240);
INSERT INTO Admissao (AdmissaoID, Data, Urgencia, Prioridade, Paciente) VALUES (152, "27/5/2007 20:46:55", 0, 3, 286);
INSERT INTO Admissao (AdmissaoID, Data, Urgencia, Prioridade, Paciente) VALUES (153, "15/9/1963 5:18:36", 2, 0, 292);
INSERT INTO Admissao (AdmissaoID, Data, Urgencia, Prioridade, Paciente) VALUES (154, "10/4/1969 18:54:8", 2, 1, 74);
INSERT INTO Admissao (AdmissaoID, Data, Urgencia, Prioridade, Paciente) VALUES (155, "15/2/1969 6:53:37", 2, 2, 89);
INSERT INTO Admissao (AdmissaoID, Data, Urgencia, Prioridade, Paciente) VALUES (156, "4/9/2009 15:18:45", 3, 1, 211);
INSERT INTO Admissao (AdmissaoID, Data, Urgencia, Prioridade, Paciente) VALUES (157, "11/9/1982 12:41:4", 0, 0, 9);
INSERT INTO Admissao (AdmissaoID, Data, Urgencia, Prioridade, Paciente) VALUES (158, "28/9/1979 12:59:11", 1, 0, 261);
INSERT INTO Admissao (AdmissaoID, Data, Urgencia, Prioridade, Paciente) VALUES (159, "22/6/1978 22:15:54", 0, 2, 169);
INSERT INTO Admissao (AdmissaoID, Data, Urgencia, Prioridade, Paciente) VALUES (160, "2/7/1971 5:51:20", 0, 2, 106);
INSERT INTO Admissao (AdmissaoID, Data, Urgencia, Prioridade, Paciente) VALUES (161, "8/5/1990 0:31:49", 0, 3, 87);
INSERT INTO Admissao (AdmissaoID, Data, Urgencia, Prioridade, Paciente) VALUES (162, "10/8/2016 9:16:13", 0, 2, 41);
INSERT INTO Admissao (AdmissaoID, Data, Urgencia, Prioridade, Paciente) VALUES (163, "14/12/2018 23:18:28", 1, 3, 2);
INSERT INTO Admissao (AdmissaoID, Data, Urgencia, Prioridade, Paciente) VALUES (164, "6/9/2018 9:42:26", 1, 1, 200);
INSERT INTO Admissao (AdmissaoID, Data, Urgencia, Prioridade, Paciente) VALUES (165, "5/9/2014 18:11:49", 0, 0, 59);
INSERT INTO Admissao (AdmissaoID, Data, Urgencia, Prioridade, Paciente) VALUES (166, "12/3/2016 9:59:38", 3, 2, 146);
INSERT INTO Admissao (AdmissaoID, Data, Urgencia, Prioridade, Paciente) VALUES (167, "16/5/2016 2:6:31", 2, 0, 138);
INSERT INTO Admissao (AdmissaoID, Data, Urgencia, Prioridade, Paciente) VALUES (168, "25/9/2005 2:23:58", 3, 1, 37);
INSERT INTO Admissao (AdmissaoID, Data, Urgencia, Prioridade, Paciente) VALUES (169, "1/5/1963 9:0:29", 2, 1, 216);
INSERT INTO Admissao (AdmissaoID, Data, Urgencia, Prioridade, Paciente) VALUES (170, "17/12/1985 12:54:47", 2, 3, 52);
INSERT INTO Admissao (AdmissaoID, Data, Urgencia, Prioridade, Paciente) VALUES (171, "21/5/1969 6:11:24", 2, 1, 51);
INSERT INTO Admissao (AdmissaoID, Data, Urgencia, Prioridade, Paciente) VALUES (172, "20/9/1971 1:39:51", 2, 1, 54);
INSERT INTO Admissao (AdmissaoID, Data, Urgencia, Prioridade, Paciente) VALUES (173, "17/8/2012 23:47:44", 0, 3, 98);
INSERT INTO Admissao (AdmissaoID, Data, Urgencia, Prioridade, Paciente) VALUES (174, "4/2/1993 15:17:42", 0, 1, 186);
INSERT INTO Admissao (AdmissaoID, Data, Urgencia, Prioridade, Paciente) VALUES (175, "13/1/1980 14:38:50", 3, 2, 239);
INSERT INTO Admissao (AdmissaoID, Data, Urgencia, Prioridade, Paciente) VALUES (176, "28/3/2010 18:42:35", 2, 3, 109);
INSERT INTO Admissao (AdmissaoID, Data, Urgencia, Prioridade, Paciente) VALUES (177, "12/8/2017 5:31:37", 0, 0, 59);
INSERT INTO Admissao (AdmissaoID, Data, Urgencia, Prioridade, Paciente) VALUES (178, "10/1/2015 13:7:55", 1, 3, 141);
INSERT INTO Admissao (AdmissaoID, Data, Urgencia, Prioridade, Paciente) VALUES (179, "21/9/2016 19:21:52", 0, 0, 225);
INSERT INTO Admissao (AdmissaoID, Data, Urgencia, Prioridade, Paciente) VALUES (180, "24/1/1965 8:6:14", 3, 0, 188);
INSERT INTO Admissao (AdmissaoID, Data, Urgencia, Prioridade, Paciente) VALUES (181, "21/9/2011 15:34:2", 3, 1, 120);
INSERT INTO Admissao (AdmissaoID, Data, Urgencia, Prioridade, Paciente) VALUES (182, "13/8/1980 6:44:52", 1, 3, 94);
INSERT INTO Admissao (AdmissaoID, Data, Urgencia, Prioridade, Paciente) VALUES (183, "24/3/1968 5:44:45", 1, 0, 187);
INSERT INTO Admissao (AdmissaoID, Data, Urgencia, Prioridade, Paciente) VALUES (184, "12/3/1987 14:1:34", 1, 2, 45);
INSERT INTO Admissao (AdmissaoID, Data, Urgencia, Prioridade, Paciente) VALUES (185, "4/10/1980 6:58:50", 0, 3, 111);
INSERT INTO Admissao (AdmissaoID, Data, Urgencia, Prioridade, Paciente) VALUES (186, "27/12/1970 0:8:9", 0, 2, 293);
INSERT INTO Admissao (AdmissaoID, Data, Urgencia, Prioridade, Paciente) VALUES (187, "15/8/2002 1:43:1", 1, 2, 40);
INSERT INTO Admissao (AdmissaoID, Data, Urgencia, Prioridade, Paciente) VALUES (188, "23/4/1972 4:45:40", 0, 0, 163);
INSERT INTO Admissao (AdmissaoID, Data, Urgencia, Prioridade, Paciente) VALUES (189, "14/3/1989 15:15:8", 1, 2, 225);
INSERT INTO Admissao (AdmissaoID, Data, Urgencia, Prioridade, Paciente) VALUES (190, "2/1/1966 17:19:47", 0, 0, 86);
INSERT INTO Admissao (AdmissaoID, Data, Urgencia, Prioridade, Paciente) VALUES (191, "5/8/1969 8:16:34", 1, 0, 203);
INSERT INTO Admissao (AdmissaoID, Data, Urgencia, Prioridade, Paciente) VALUES (192, "8/11/1989 11:15:22", 2, 1, 293);
INSERT INTO Admissao (AdmissaoID, Data, Urgencia, Prioridade, Paciente) VALUES (193, "24/1/1987 7:16:25", 2, 1, 82);
INSERT INTO Admissao (AdmissaoID, Data, Urgencia, Prioridade, Paciente) VALUES (194, "3/5/1977 2:51:15", 0, 3, 95);
INSERT INTO Admissao (AdmissaoID, Data, Urgencia, Prioridade, Paciente) VALUES (195, "28/12/1976 0:58:24", 2, 1, 28);
INSERT INTO Admissao (AdmissaoID, Data, Urgencia, Prioridade, Paciente) VALUES (196, "17/11/1970 20:30:58", 3, 2, 90);
INSERT INTO Admissao (AdmissaoID, Data, Urgencia, Prioridade, Paciente) VALUES (197, "11/4/1986 23:8:12", 2, 0, 198);
INSERT INTO Admissao (AdmissaoID, Data, Urgencia, Prioridade, Paciente) VALUES (198, "23/5/1972 2:21:8", 0, 3, 141);
INSERT INTO Admissao (AdmissaoID, Data, Urgencia, Prioridade, Paciente) VALUES (199, "15/3/1985 15:41:19", 0, 2, 183);
INSERT INTO Admissao (AdmissaoID, Data, Urgencia, Prioridade, Paciente) VALUES (200, "10/8/1962 9:2:44", 0, 0, 135);
INSERT INTO Admissao (AdmissaoID, Data, Urgencia, Prioridade, Paciente) VALUES (201, "12/6/1979 22:17:26", 1, 3, 226);
INSERT INTO Admissao (AdmissaoID, Data, Urgencia, Prioridade, Paciente) VALUES (202, "1/2/2004 1:28:22", 3, 3, 112);
INSERT INTO Admissao (AdmissaoID, Data, Urgencia, Prioridade, Paciente) VALUES (203, "28/10/2008 3:54:19", 2, 3, 123);
INSERT INTO Admissao (AdmissaoID, Data, Urgencia, Prioridade, Paciente) VALUES (204, "4/3/1976 6:26:10", 1, 0, 42);
INSERT INTO Admissao (AdmissaoID, Data, Urgencia, Prioridade, Paciente) VALUES (205, "27/4/2012 12:4:49", 0, 0, 90);
INSERT INTO Admissao (AdmissaoID, Data, Urgencia, Prioridade, Paciente) VALUES (206, "23/10/1969 18:1:9", 2, 1, 107);
INSERT INTO Admissao (AdmissaoID, Data, Urgencia, Prioridade, Paciente) VALUES (207, "22/5/1962 2:16:43", 1, 1, 165);
INSERT INTO Admissao (AdmissaoID, Data, Urgencia, Prioridade, Paciente) VALUES (208, "6/12/1972 1:37:2", 1, 0, 163);
INSERT INTO Admissao (AdmissaoID, Data, Urgencia, Prioridade, Paciente) VALUES (209, "19/12/1972 13:51:2", 0, 2, 300);
INSERT INTO Admissao (AdmissaoID, Data, Urgencia, Prioridade, Paciente) VALUES (210, "28/8/1972 23:23:52", 2, 0, 127);
INSERT INTO Admissao (AdmissaoID, Data, Urgencia, Prioridade, Paciente) VALUES (211, "5/8/1965 20:56:21", 2, 0, 113);
INSERT INTO Admissao (AdmissaoID, Data, Urgencia, Prioridade, Paciente) VALUES (212, "18/9/2010 1:41:9", 3, 2, 253);
INSERT INTO Admissao (AdmissaoID, Data, Urgencia, Prioridade, Paciente) VALUES (213, "2/7/1967 16:28:39", 2, 1, 141);
INSERT INTO Admissao (AdmissaoID, Data, Urgencia, Prioridade, Paciente) VALUES (214, "15/8/1968 15:21:19", 2, 2, 68);
INSERT INTO Admissao (AdmissaoID, Data, Urgencia, Prioridade, Paciente) VALUES (215, "23/5/1998 7:39:55", 2, 3, 123);
INSERT INTO Admissao (AdmissaoID, Data, Urgencia, Prioridade, Paciente) VALUES (216, "1/1/1979 9:36:0", 1, 2, 260);
INSERT INTO Admissao (AdmissaoID, Data, Urgencia, Prioridade, Paciente) VALUES (217, "19/6/2009 8:34:21", 1, 1, 100);
INSERT INTO Admissao (AdmissaoID, Data, Urgencia, Prioridade, Paciente) VALUES (218, "17/2/1983 21:27:41", 3, 0, 78);
INSERT INTO Admissao (AdmissaoID, Data, Urgencia, Prioridade, Paciente) VALUES (219, "7/8/1963 10:55:53", 1, 2, 25);
INSERT INTO Admissao (AdmissaoID, Data, Urgencia, Prioridade, Paciente) VALUES (220, "13/9/1970 11:4:17", 1, 2, 48);
INSERT INTO Admissao (AdmissaoID, Data, Urgencia, Prioridade, Paciente) VALUES (221, "10/9/1993 0:41:29", 1, 1, 167);
INSERT INTO Admissao (AdmissaoID, Data, Urgencia, Prioridade, Paciente) VALUES (222, "7/12/1994 13:48:22", 1, 3, 294);
INSERT INTO Admissao (AdmissaoID, Data, Urgencia, Prioridade, Paciente) VALUES (223, "5/3/1963 19:3:22", 3, 0, 68);
INSERT INTO Admissao (AdmissaoID, Data, Urgencia, Prioridade, Paciente) VALUES (224, "5/1/2015 17:9:37", 1, 0, 243);
INSERT INTO Admissao (AdmissaoID, Data, Urgencia, Prioridade, Paciente) VALUES (225, "25/5/1987 13:11:12", 1, 0, 210);
INSERT INTO Admissao (AdmissaoID, Data, Urgencia, Prioridade, Paciente) VALUES (226, "14/8/2004 0:9:10", 1, 1, 58);
INSERT INTO Admissao (AdmissaoID, Data, Urgencia, Prioridade, Paciente) VALUES (227, "5/8/1977 3:1:16", 0, 2, 11);
INSERT INTO Admissao (AdmissaoID, Data, Urgencia, Prioridade, Paciente) VALUES (228, "20/10/2001 1:6:51", 3, 1, 275);
INSERT INTO Admissao (AdmissaoID, Data, Urgencia, Prioridade, Paciente) VALUES (229, "22/8/1994 9:45:55", 2, 2, 36);
INSERT INTO Admissao (AdmissaoID, Data, Urgencia, Prioridade, Paciente) VALUES (230, "17/11/2001 3:33:55", 1, 2, 89);
INSERT INTO Admissao (AdmissaoID, Data, Urgencia, Prioridade, Paciente) VALUES (231, "10/5/1997 9:48:48", 0, 1, 120);
INSERT INTO Admissao (AdmissaoID, Data, Urgencia, Prioridade, Paciente) VALUES (232, "7/10/1975 5:37:32", 1, 3, 211);
INSERT INTO Admissao (AdmissaoID, Data, Urgencia, Prioridade, Paciente) VALUES (233, "1/10/2005 9:45:32", 3, 1, 79);
INSERT INTO Admissao (AdmissaoID, Data, Urgencia, Prioridade, Paciente) VALUES (234, "22/3/1960 14:46:26", 1, 3, 19);
INSERT INTO Admissao (AdmissaoID, Data, Urgencia, Prioridade, Paciente) VALUES (235, "13/12/1978 23:33:25", 2, 1, 195);
INSERT INTO Admissao (AdmissaoID, Data, Urgencia, Prioridade, Paciente) VALUES (236, "27/4/1980 5:2:23", 0, 3, 115);
INSERT INTO Admissao (AdmissaoID, Data, Urgencia, Prioridade, Paciente) VALUES (237, "10/6/1962 14:25:17", 3, 3, 172);
INSERT INTO Admissao (AdmissaoID, Data, Urgencia, Prioridade, Paciente) VALUES (238, "24/10/1992 10:25:34", 0, 2, 20);
INSERT INTO Admissao (AdmissaoID, Data, Urgencia, Prioridade, Paciente) VALUES (239, "19/5/2005 14:6:30", 1, 2, 52);
INSERT INTO Admissao (AdmissaoID, Data, Urgencia, Prioridade, Paciente) VALUES (240, "23/8/2005 1:32:42", 0, 3, 214);
INSERT INTO Admissao (AdmissaoID, Data, Urgencia, Prioridade, Paciente) VALUES (241, "12/2/2003 15:27:48", 0, 0, 174);
INSERT INTO Admissao (AdmissaoID, Data, Urgencia, Prioridade, Paciente) VALUES (242, "18/11/1968 10:20:9", 0, 3, 246);
INSERT INTO Admissao (AdmissaoID, Data, Urgencia, Prioridade, Paciente) VALUES (243, "20/12/1966 9:6:52", 3, 0, 207);
INSERT INTO Admissao (AdmissaoID, Data, Urgencia, Prioridade, Paciente) VALUES (244, "21/10/1976 13:26:18", 1, 3, 153);
INSERT INTO Admissao (AdmissaoID, Data, Urgencia, Prioridade, Paciente) VALUES (245, "5/1/2006 9:24:11", 0, 2, 95);
INSERT INTO Admissao (AdmissaoID, Data, Urgencia, Prioridade, Paciente) VALUES (246, "19/7/1965 3:6:14", 0, 0, 103);
INSERT INTO Admissao (AdmissaoID, Data, Urgencia, Prioridade, Paciente) VALUES (247, "27/4/2011 0:4:17", 2, 0, 18);
INSERT INTO Admissao (AdmissaoID, Data, Urgencia, Prioridade, Paciente) VALUES (248, "23/10/1986 20:21:56", 3, 2, 42);
INSERT INTO Admissao (AdmissaoID, Data, Urgencia, Prioridade, Paciente) VALUES (249, "23/4/2009 10:32:15", 3, 0, 127);
INSERT INTO Admissao (AdmissaoID, Data, Urgencia, Prioridade, Paciente) VALUES (250, "12/11/1972 19:36:26", 0, 2, 283);
INSERT INTO Admissao (AdmissaoID, Data, Urgencia, Prioridade, Paciente) VALUES (251, "1/10/2018 23:53:23", 1, 2, 164);
INSERT INTO Admissao (AdmissaoID, Data, Urgencia, Prioridade, Paciente) VALUES (252, "9/12/1963 7:18:34", 2, 3, 200);
INSERT INTO Admissao (AdmissaoID, Data, Urgencia, Prioridade, Paciente) VALUES (253, "21/11/1984 9:24:29", 3, 0, 86);
INSERT INTO Admissao (AdmissaoID, Data, Urgencia, Prioridade, Paciente) VALUES (254, "12/10/1995 18:48:49", 2, 0, 186);
INSERT INTO Admissao (AdmissaoID, Data, Urgencia, Prioridade, Paciente) VALUES (255, "24/11/1966 6:57:9", 3, 1, 170);
INSERT INTO Admissao (AdmissaoID, Data, Urgencia, Prioridade, Paciente) VALUES (256, "28/11/1989 3:44:12", 3, 2, 144);
INSERT INTO Admissao (AdmissaoID, Data, Urgencia, Prioridade, Paciente) VALUES (257, "3/12/1986 12:30:58", 0, 1, 196);
INSERT INTO Admissao (AdmissaoID, Data, Urgencia, Prioridade, Paciente) VALUES (258, "7/2/1987 3:36:44", 1, 1, 274);
INSERT INTO Admissao (AdmissaoID, Data, Urgencia, Prioridade, Paciente) VALUES (259, "13/2/2003 9:49:59", 1, 2, 137);
INSERT INTO Admissao (AdmissaoID, Data, Urgencia, Prioridade, Paciente) VALUES (260, "14/10/1985 6:15:37", 3, 2, 177);
INSERT INTO Admissao (AdmissaoID, Data, Urgencia, Prioridade, Paciente) VALUES (261, "12/5/1995 7:15:10", 3, 2, 137);
INSERT INTO Admissao (AdmissaoID, Data, Urgencia, Prioridade, Paciente) VALUES (262, "8/2/1970 8:22:40", 1, 1, 142);
INSERT INTO Admissao (AdmissaoID, Data, Urgencia, Prioridade, Paciente) VALUES (263, "19/2/2012 17:14:30", 0, 2, 129);
INSERT INTO Admissao (AdmissaoID, Data, Urgencia, Prioridade, Paciente) VALUES (264, "27/8/2008 0:4:25", 2, 3, 7);
INSERT INTO Admissao (AdmissaoID, Data, Urgencia, Prioridade, Paciente) VALUES (265, "7/5/1973 21:47:47", 1, 3, 273);
INSERT INTO Admissao (AdmissaoID, Data, Urgencia, Prioridade, Paciente) VALUES (266, "7/2/2000 22:32:52", 2, 3, 256);
INSERT INTO Admissao (AdmissaoID, Data, Urgencia, Prioridade, Paciente) VALUES (267, "26/3/1989 2:8:13", 3, 1, 246);
INSERT INTO Admissao (AdmissaoID, Data, Urgencia, Prioridade, Paciente) VALUES (268, "26/7/1963 21:25:5", 3, 2, 267);
INSERT INTO Admissao (AdmissaoID, Data, Urgencia, Prioridade, Paciente) VALUES (269, "9/10/1985 19:27:54", 3, 0, 243);
INSERT INTO Admissao (AdmissaoID, Data, Urgencia, Prioridade, Paciente) VALUES (270, "12/8/1989 9:9:6", 0, 3, 124);
INSERT INTO Admissao (AdmissaoID, Data, Urgencia, Prioridade, Paciente) VALUES (271, "20/5/1996 4:46:47", 0, 2, 170);
INSERT INTO Admissao (AdmissaoID, Data, Urgencia, Prioridade, Paciente) VALUES (272, "22/10/2016 6:56:25", 0, 3, 117);
INSERT INTO Admissao (AdmissaoID, Data, Urgencia, Prioridade, Paciente) VALUES (273, "21/9/1982 9:9:10", 0, 3, 122);
INSERT INTO Admissao (AdmissaoID, Data, Urgencia, Prioridade, Paciente) VALUES (274, "27/9/2008 15:7:40", 1, 3, 270);
INSERT INTO Admissao (AdmissaoID, Data, Urgencia, Prioridade, Paciente) VALUES (275, "5/2/2016 6:26:10", 2, 2, 12);
INSERT INTO Admissao (AdmissaoID, Data, Urgencia, Prioridade, Paciente) VALUES (276, "21/5/1969 2:5:9", 2, 3, 251);
INSERT INTO Admissao (AdmissaoID, Data, Urgencia, Prioridade, Paciente) VALUES (277, "16/11/1988 14:11:44", 1, 1, 222);
INSERT INTO Admissao (AdmissaoID, Data, Urgencia, Prioridade, Paciente) VALUES (278, "13/4/2007 16:52:56", 1, 0, 178);
INSERT INTO Admissao (AdmissaoID, Data, Urgencia, Prioridade, Paciente) VALUES (279, "15/1/1986 21:33:47", 2, 0, 61);
INSERT INTO Admissao (AdmissaoID, Data, Urgencia, Prioridade, Paciente) VALUES (280, "5/10/1992 21:15:45", 3, 3, 220);
INSERT INTO Admissao (AdmissaoID, Data, Urgencia, Prioridade, Paciente) VALUES (281, "9/4/2016 13:48:33", 2, 0, 102);
INSERT INTO Admissao (AdmissaoID, Data, Urgencia, Prioridade, Paciente) VALUES (282, "28/7/1999 10:13:25", 1, 1, 191);
INSERT INTO Admissao (AdmissaoID, Data, Urgencia, Prioridade, Paciente) VALUES (283, "3/6/1990 22:16:50", 2, 2, 217);
INSERT INTO Admissao (AdmissaoID, Data, Urgencia, Prioridade, Paciente) VALUES (284, "18/1/2015 23:0:32", 3, 1, 300);
INSERT INTO Admissao (AdmissaoID, Data, Urgencia, Prioridade, Paciente) VALUES (285, "2/11/1961 9:17:43", 0, 0, 135);
INSERT INTO Admissao (AdmissaoID, Data, Urgencia, Prioridade, Paciente) VALUES (286, "5/11/1969 15:27:20", 0, 0, 192);
INSERT INTO Admissao (AdmissaoID, Data, Urgencia, Prioridade, Paciente) VALUES (287, "25/3/1986 14:0:34", 3, 3, 173);
INSERT INTO Admissao (AdmissaoID, Data, Urgencia, Prioridade, Paciente) VALUES (288, "27/5/1972 2:20:56", 2, 1, 158);
INSERT INTO Admissao (AdmissaoID, Data, Urgencia, Prioridade, Paciente) VALUES (289, "22/11/1965 9:31:29", 1, 2, 121);
INSERT INTO Admissao (AdmissaoID, Data, Urgencia, Prioridade, Paciente) VALUES (290, "15/3/1994 20:49:42", 0, 2, 81);
INSERT INTO Admissao (AdmissaoID, Data, Urgencia, Prioridade, Paciente) VALUES (291, "27/7/1986 0:34:3", 0, 3, 248);
INSERT INTO Admissao (AdmissaoID, Data, Urgencia, Prioridade, Paciente) VALUES (292, "28/5/1977 13:25:21", 2, 2, 264);
INSERT INTO Admissao (AdmissaoID, Data, Urgencia, Prioridade, Paciente) VALUES (293, "27/8/1964 6:45:10", 0, 3, 295);
INSERT INTO Admissao (AdmissaoID, Data, Urgencia, Prioridade, Paciente) VALUES (294, "21/2/2010 7:3:4", 0, 0, 60);
INSERT INTO Admissao (AdmissaoID, Data, Urgencia, Prioridade, Paciente) VALUES (295, "4/4/2012 13:24:35", 0, 0, 131);
INSERT INTO Admissao (AdmissaoID, Data, Urgencia, Prioridade, Paciente) VALUES (296, "11/7/1967 21:39:16", 1, 3, 38);
INSERT INTO Admissao (AdmissaoID, Data, Urgencia, Prioridade, Paciente) VALUES (297, "26/4/1997 1:35:13", 0, 3, 212);
INSERT INTO Admissao (AdmissaoID, Data, Urgencia, Prioridade, Paciente) VALUES (298, "11/2/1966 15:28:40", 2, 0, 166);
INSERT INTO Admissao (AdmissaoID, Data, Urgencia, Prioridade, Paciente) VALUES (299, "13/2/1978 11:59:5", 2, 1, 300);
INSERT INTO Admissao (AdmissaoID, Data, Urgencia, Prioridade, Paciente) VALUES (300, "17/10/1970 17:27:43", 0, 3, 283);
INSERT INTO Admissao (AdmissaoID, Data, Urgencia, Prioridade, Paciente) VALUES (301, "10/7/1991 2:19:31", 3, 3, 148);
INSERT INTO Admissao (AdmissaoID, Data, Urgencia, Prioridade, Paciente) VALUES (302, "1/1/1997 16:28:50", 2, 2, 298);
INSERT INTO Admissao (AdmissaoID, Data, Urgencia, Prioridade, Paciente) VALUES (303, "27/3/2014 7:7:22", 3, 1, 9);
INSERT INTO Admissao (AdmissaoID, Data, Urgencia, Prioridade, Paciente) VALUES (304, "18/5/2003 20:17:32", 1, 1, 290);
INSERT INTO Admissao (AdmissaoID, Data, Urgencia, Prioridade, Paciente) VALUES (305, "15/8/1980 17:24:26", 2, 3, 166);
INSERT INTO Admissao (AdmissaoID, Data, Urgencia, Prioridade, Paciente) VALUES (306, "17/8/1986 6:58:55", 1, 3, 64);
INSERT INTO Admissao (AdmissaoID, Data, Urgencia, Prioridade, Paciente) VALUES (307, "20/7/2010 17:20:27", 3, 2, 55);
INSERT INTO Admissao (AdmissaoID, Data, Urgencia, Prioridade, Paciente) VALUES (308, "2/12/1981 19:22:7", 0, 0, 108);
INSERT INTO Admissao (AdmissaoID, Data, Urgencia, Prioridade, Paciente) VALUES (309, "26/3/2019 3:39:39", 2, 0, 38);
INSERT INTO Admissao (AdmissaoID, Data, Urgencia, Prioridade, Paciente) VALUES (310, "19/6/1997 5:52:59", 2, 2, 256);
INSERT INTO Admissao (AdmissaoID, Data, Urgencia, Prioridade, Paciente) VALUES (311, "1/10/1982 23:29:59", 3, 2, 210);
INSERT INTO Admissao (AdmissaoID, Data, Urgencia, Prioridade, Paciente) VALUES (312, "6/12/1999 18:7:26", 1, 2, 218);
INSERT INTO Admissao (AdmissaoID, Data, Urgencia, Prioridade, Paciente) VALUES (313, "22/1/1967 22:34:1", 1, 2, 228);
INSERT INTO Admissao (AdmissaoID, Data, Urgencia, Prioridade, Paciente) VALUES (314, "8/5/1967 11:25:3", 0, 3, 276);
INSERT INTO Admissao (AdmissaoID, Data, Urgencia, Prioridade, Paciente) VALUES (315, "1/9/1998 12:33:12", 2, 2, 15);
INSERT INTO Admissao (AdmissaoID, Data, Urgencia, Prioridade, Paciente) VALUES (316, "5/4/1972 7:52:40", 3, 3, 55);
INSERT INTO Admissao (AdmissaoID, Data, Urgencia, Prioridade, Paciente) VALUES (317, "5/12/1979 9:22:23", 2, 1, 213);
INSERT INTO Admissao (AdmissaoID, Data, Urgencia, Prioridade, Paciente) VALUES (318, "27/1/1981 3:28:5", 3, 2, 46);
INSERT INTO Admissao (AdmissaoID, Data, Urgencia, Prioridade, Paciente) VALUES (319, "22/12/2017 18:37:16", 0, 2, 52);
INSERT INTO Admissao (AdmissaoID, Data, Urgencia, Prioridade, Paciente) VALUES (320, "24/5/1968 11:9:9", 1, 1, 230);
INSERT INTO Admissao (AdmissaoID, Data, Urgencia, Prioridade, Paciente) VALUES (321, "28/3/1969 1:46:12", 0, 1, 84);
INSERT INTO Admissao (AdmissaoID, Data, Urgencia, Prioridade, Paciente) VALUES (322, "28/8/1997 11:51:41", 1, 1, 14);
INSERT INTO Admissao (AdmissaoID, Data, Urgencia, Prioridade, Paciente) VALUES (323, "2/11/1963 21:2:40", 0, 2, 45);
INSERT INTO Admissao (AdmissaoID, Data, Urgencia, Prioridade, Paciente) VALUES (324, "7/3/1975 23:37:7", 3, 3, 203);
INSERT INTO Admissao (AdmissaoID, Data, Urgencia, Prioridade, Paciente) VALUES (325, "9/6/2016 1:2:35", 2, 1, 143);
INSERT INTO Admissao (AdmissaoID, Data, Urgencia, Prioridade, Paciente) VALUES (326, "6/7/1971 11:21:47", 3, 3, 238);
INSERT INTO Admissao (AdmissaoID, Data, Urgencia, Prioridade, Paciente) VALUES (327, "22/9/1967 10:33:27", 1, 0, 192);
INSERT INTO Admissao (AdmissaoID, Data, Urgencia, Prioridade, Paciente) VALUES (328, "15/5/1979 10:3:2", 2, 0, 138);
INSERT INTO Admissao (AdmissaoID, Data, Urgencia, Prioridade, Paciente) VALUES (329, "17/3/1987 2:56:55", 0, 3, 7);
INSERT INTO Admissao (AdmissaoID, Data, Urgencia, Prioridade, Paciente) VALUES (330, "7/6/1989 23:51:28", 0, 0, 179);
INSERT INTO Admissao (AdmissaoID, Data, Urgencia, Prioridade, Paciente) VALUES (331, "23/10/1988 22:34:40", 2, 2, 14);
INSERT INTO Admissao (AdmissaoID, Data, Urgencia, Prioridade, Paciente) VALUES (332, "8/3/1993 6:53:16", 0, 2, 21);
INSERT INTO Admissao (AdmissaoID, Data, Urgencia, Prioridade, Paciente) VALUES (333, "19/10/1975 19:47:39", 3, 3, 9);
INSERT INTO Admissao (AdmissaoID, Data, Urgencia, Prioridade, Paciente) VALUES (334, "3/10/1966 6:34:59", 3, 2, 257);
INSERT INTO Admissao (AdmissaoID, Data, Urgencia, Prioridade, Paciente) VALUES (335, "12/2/1990 23:48:45", 3, 3, 193);
INSERT INTO Admissao (AdmissaoID, Data, Urgencia, Prioridade, Paciente) VALUES (336, "10/9/1999 12:53:4", 1, 0, 240);
INSERT INTO Admissao (AdmissaoID, Data, Urgencia, Prioridade, Paciente) VALUES (337, "12/2/2010 14:26:6", 2, 3, 193);
INSERT INTO Admissao (AdmissaoID, Data, Urgencia, Prioridade, Paciente) VALUES (338, "11/12/1973 0:14:14", 0, 0, 50);
INSERT INTO Admissao (AdmissaoID, Data, Urgencia, Prioridade, Paciente) VALUES (339, "26/5/2015 3:32:40", 1, 1, 259);
INSERT INTO Admissao (AdmissaoID, Data, Urgencia, Prioridade, Paciente) VALUES (340, "19/4/1988 7:40:26", 3, 1, 225);
INSERT INTO Admissao (AdmissaoID, Data, Urgencia, Prioridade, Paciente) VALUES (341, "26/1/2000 5:35:20", 3, 2, 55);
INSERT INTO Admissao (AdmissaoID, Data, Urgencia, Prioridade, Paciente) VALUES (342, "7/4/2013 4:7:46", 1, 3, 120);
INSERT INTO Admissao (AdmissaoID, Data, Urgencia, Prioridade, Paciente) VALUES (343, "24/3/1981 10:40:10", 0, 2, 179);
INSERT INTO Admissao (AdmissaoID, Data, Urgencia, Prioridade, Paciente) VALUES (344, "26/10/1987 9:28:54", 0, 1, 100);
INSERT INTO Admissao (AdmissaoID, Data, Urgencia, Prioridade, Paciente) VALUES (345, "21/10/2000 23:54:7", 3, 3, 147);
INSERT INTO Admissao (AdmissaoID, Data, Urgencia, Prioridade, Paciente) VALUES (346, "17/6/2019 15:56:14", 1, 3, 231);
INSERT INTO Admissao (AdmissaoID, Data, Urgencia, Prioridade, Paciente) VALUES (347, "24/6/2009 19:32:28", 3, 1, 218);
INSERT INTO Admissao (AdmissaoID, Data, Urgencia, Prioridade, Paciente) VALUES (348, "22/9/2003 7:54:11", 3, 1, 208);
INSERT INTO Admissao (AdmissaoID, Data, Urgencia, Prioridade, Paciente) VALUES (349, "5/7/1982 13:1:28", 3, 0, 96);
INSERT INTO Admissao (AdmissaoID, Data, Urgencia, Prioridade, Paciente) VALUES (350, "17/6/2008 18:49:54", 3, 1, 28);
INSERT INTO Admissao (AdmissaoID, Data, Urgencia, Prioridade, Paciente) VALUES (351, "8/8/2004 8:18:25", 0, 1, 34);
INSERT INTO Admissao (AdmissaoID, Data, Urgencia, Prioridade, Paciente) VALUES (352, "3/2/1980 7:46:2", 2, 0, 145);
INSERT INTO Admissao (AdmissaoID, Data, Urgencia, Prioridade, Paciente) VALUES (353, "22/4/1968 6:8:25", 1, 2, 46);
INSERT INTO Admissao (AdmissaoID, Data, Urgencia, Prioridade, Paciente) VALUES (354, "11/3/1961 14:6:14", 3, 1, 15);
INSERT INTO Admissao (AdmissaoID, Data, Urgencia, Prioridade, Paciente) VALUES (355, "24/6/1967 18:18:31", 0, 2, 132);
INSERT INTO Admissao (AdmissaoID, Data, Urgencia, Prioridade, Paciente) VALUES (356, "16/5/1962 9:49:53", 1, 2, 81);
INSERT INTO Admissao (AdmissaoID, Data, Urgencia, Prioridade, Paciente) VALUES (357, "11/12/1998 5:45:36", 1, 3, 39);
INSERT INTO Admissao (AdmissaoID, Data, Urgencia, Prioridade, Paciente) VALUES (358, "3/5/1978 3:32:50", 2, 2, 231);
INSERT INTO Admissao (AdmissaoID, Data, Urgencia, Prioridade, Paciente) VALUES (359, "15/11/1994 8:49:35", 2, 2, 192);
INSERT INTO Admissao (AdmissaoID, Data, Urgencia, Prioridade, Paciente) VALUES (360, "27/11/1963 18:17:0", 2, 3, 117);
INSERT INTO Admissao (AdmissaoID, Data, Urgencia, Prioridade, Paciente) VALUES (361, "7/9/1961 13:40:30", 1, 1, 29);
INSERT INTO Admissao (AdmissaoID, Data, Urgencia, Prioridade, Paciente) VALUES (362, "10/10/1966 22:42:15", 0, 3, 40);
INSERT INTO Admissao (AdmissaoID, Data, Urgencia, Prioridade, Paciente) VALUES (363, "9/5/1961 20:8:36", 3, 1, 181);
INSERT INTO Admissao (AdmissaoID, Data, Urgencia, Prioridade, Paciente) VALUES (364, "4/7/1965 4:18:56", 0, 3, 215);
INSERT INTO Admissao (AdmissaoID, Data, Urgencia, Prioridade, Paciente) VALUES (365, "13/6/2004 8:53:12", 1, 2, 120);
INSERT INTO Admissao (AdmissaoID, Data, Urgencia, Prioridade, Paciente) VALUES (366, "26/6/1966 4:18:53", 2, 1, 231);
INSERT INTO Admissao (AdmissaoID, Data, Urgencia, Prioridade, Paciente) VALUES (367, "12/6/2016 22:21:7", 1, 1, 24);
INSERT INTO Admissao (AdmissaoID, Data, Urgencia, Prioridade, Paciente) VALUES (368, "9/4/2015 22:37:4", 1, 0, 193);
INSERT INTO Admissao (AdmissaoID, Data, Urgencia, Prioridade, Paciente) VALUES (369, "3/5/1971 2:27:28", 2, 1, 126);
INSERT INTO Admissao (AdmissaoID, Data, Urgencia, Prioridade, Paciente) VALUES (370, "7/6/2012 23:57:46", 2, 3, 247);
INSERT INTO Admissao (AdmissaoID, Data, Urgencia, Prioridade, Paciente) VALUES (371, "7/11/1962 23:37:30", 3, 2, 36);
INSERT INTO Admissao (AdmissaoID, Data, Urgencia, Prioridade, Paciente) VALUES (372, "15/10/2010 5:3:9", 2, 1, 137);
INSERT INTO Admissao (AdmissaoID, Data, Urgencia, Prioridade, Paciente) VALUES (373, "1/4/1970 11:39:12", 0, 0, 19);
INSERT INTO Admissao (AdmissaoID, Data, Urgencia, Prioridade, Paciente) VALUES (374, "4/9/2005 12:40:36", 2, 3, 250);
INSERT INTO Admissao (AdmissaoID, Data, Urgencia, Prioridade, Paciente) VALUES (375, "22/6/1968 19:55:5", 3, 2, 211);
INSERT INTO Admissao (AdmissaoID, Data, Urgencia, Prioridade, Paciente) VALUES (376, "9/12/1965 1:15:31", 0, 0, 219);
INSERT INTO Admissao (AdmissaoID, Data, Urgencia, Prioridade, Paciente) VALUES (377, "28/4/1998 11:14:9", 3, 3, 190);
INSERT INTO Admissao (AdmissaoID, Data, Urgencia, Prioridade, Paciente) VALUES (378, "26/7/1996 6:11:25", 0, 3, 120);
INSERT INTO Admissao (AdmissaoID, Data, Urgencia, Prioridade, Paciente) VALUES (379, "19/10/1979 11:35:18", 0, 2, 141);
INSERT INTO Admissao (AdmissaoID, Data, Urgencia, Prioridade, Paciente) VALUES (380, "19/5/2013 16:4:4", 2, 2, 100);
INSERT INTO Admissao (AdmissaoID, Data, Urgencia, Prioridade, Paciente) VALUES (381, "5/10/1998 15:56:23", 3, 0, 29);
INSERT INTO Admissao (AdmissaoID, Data, Urgencia, Prioridade, Paciente) VALUES (382, "22/7/1968 10:21:46", 3, 3, 136);
INSERT INTO Admissao (AdmissaoID, Data, Urgencia, Prioridade, Paciente) VALUES (383, "12/1/1964 7:39:32", 3, 3, 254);
INSERT INTO Admissao (AdmissaoID, Data, Urgencia, Prioridade, Paciente) VALUES (384, "8/12/2010 19:13:41", 0, 0, 67);
INSERT INTO Admissao (AdmissaoID, Data, Urgencia, Prioridade, Paciente) VALUES (385, "10/12/2007 2:23:51", 0, 3, 73);
INSERT INTO Admissao (AdmissaoID, Data, Urgencia, Prioridade, Paciente) VALUES (386, "12/8/1983 0:45:32", 0, 2, 60);
INSERT INTO Admissao (AdmissaoID, Data, Urgencia, Prioridade, Paciente) VALUES (387, "14/10/2019 22:15:52", 2, 0, 196);
INSERT INTO Admissao (AdmissaoID, Data, Urgencia, Prioridade, Paciente) VALUES (388, "16/3/2015 23:35:45", 3, 1, 174);
INSERT INTO Admissao (AdmissaoID, Data, Urgencia, Prioridade, Paciente) VALUES (389, "19/1/2019 3:52:18", 0, 2, 21);
INSERT INTO Admissao (AdmissaoID, Data, Urgencia, Prioridade, Paciente) VALUES (390, "12/9/2011 22:38:42", 1, 0, 229);
INSERT INTO Admissao (AdmissaoID, Data, Urgencia, Prioridade, Paciente) VALUES (391, "4/9/1976 19:52:33", 1, 2, 296);
INSERT INTO Admissao (AdmissaoID, Data, Urgencia, Prioridade, Paciente) VALUES (392, "19/8/1993 19:31:14", 1, 0, 252);
INSERT INTO Admissao (AdmissaoID, Data, Urgencia, Prioridade, Paciente) VALUES (393, "2/9/1969 14:49:0", 3, 3, 209);
INSERT INTO Admissao (AdmissaoID, Data, Urgencia, Prioridade, Paciente) VALUES (394, "5/6/2011 2:59:1", 2, 3, 42);
INSERT INTO Admissao (AdmissaoID, Data, Urgencia, Prioridade, Paciente) VALUES (395, "5/3/1971 19:57:46", 0, 3, 167);
INSERT INTO Admissao (AdmissaoID, Data, Urgencia, Prioridade, Paciente) VALUES (396, "24/11/2012 14:24:36", 2, 3, 187);
INSERT INTO Admissao (AdmissaoID, Data, Urgencia, Prioridade, Paciente) VALUES (397, "11/3/1970 17:20:21", 0, 1, 66);
INSERT INTO Admissao (AdmissaoID, Data, Urgencia, Prioridade, Paciente) VALUES (398, "26/12/1972 19:14:55", 3, 1, 200);
INSERT INTO Admissao (AdmissaoID, Data, Urgencia, Prioridade, Paciente) VALUES (399, "3/7/2015 23:37:46", 3, 0, 293);
INSERT INTO Admissao (AdmissaoID, Data, Urgencia, Prioridade, Paciente) VALUES (400, "22/7/1978 13:44:59", 3, 1, 107);
INSERT INTO Admissao (AdmissaoID, Data, Urgencia, Prioridade, Paciente) VALUES (401, "22/3/1967 3:3:13", 3, 3, 162);
INSERT INTO Admissao (AdmissaoID, Data, Urgencia, Prioridade, Paciente) VALUES (402, "19/5/1992 10:40:53", 0, 2, 146);
INSERT INTO Admissao (AdmissaoID, Data, Urgencia, Prioridade, Paciente) VALUES (403, "2/10/2001 11:34:0", 1, 1, 163);
INSERT INTO Admissao (AdmissaoID, Data, Urgencia, Prioridade, Paciente) VALUES (404, "25/7/1988 3:8:46", 3, 1, 102);
INSERT INTO Admissao (AdmissaoID, Data, Urgencia, Prioridade, Paciente) VALUES (405, "17/7/1983 8:48:51", 3, 1, 248);
INSERT INTO Admissao (AdmissaoID, Data, Urgencia, Prioridade, Paciente) VALUES (406, "12/12/1968 20:51:19", 1, 2, 143);
INSERT INTO Admissao (AdmissaoID, Data, Urgencia, Prioridade, Paciente) VALUES (407, "6/4/1995 14:45:6", 2, 3, 48);
INSERT INTO Admissao (AdmissaoID, Data, Urgencia, Prioridade, Paciente) VALUES (408, "28/9/1969 22:22:8", 3, 1, 107);
INSERT INTO Admissao (AdmissaoID, Data, Urgencia, Prioridade, Paciente) VALUES (409, "26/6/2016 10:36:38", 2, 3, 256);
INSERT INTO Admissao (AdmissaoID, Data, Urgencia, Prioridade, Paciente) VALUES (410, "23/10/1993 20:18:31", 3, 3, 142);
INSERT INTO Admissao (AdmissaoID, Data, Urgencia, Prioridade, Paciente) VALUES (411, "14/6/1993 20:19:23", 0, 1, 54);
INSERT INTO Admissao (AdmissaoID, Data, Urgencia, Prioridade, Paciente) VALUES (412, "21/6/2009 17:20:59", 2, 3, 175);
INSERT INTO Admissao (AdmissaoID, Data, Urgencia, Prioridade, Paciente) VALUES (413, "18/11/1984 14:23:38", 1, 3, 109);
INSERT INTO Admissao (AdmissaoID, Data, Urgencia, Prioridade, Paciente) VALUES (414, "26/5/1995 13:42:57", 2, 3, 275);
INSERT INTO Admissao (AdmissaoID, Data, Urgencia, Prioridade, Paciente) VALUES (415, "20/4/2010 20:5:23", 3, 2, 216);
INSERT INTO Admissao (AdmissaoID, Data, Urgencia, Prioridade, Paciente) VALUES (416, "14/7/1960 7:33:39", 1, 1, 70);
INSERT INTO Admissao (AdmissaoID, Data, Urgencia, Prioridade, Paciente) VALUES (417, "24/8/2014 16:20:1", 3, 1, 89);
INSERT INTO Admissao (AdmissaoID, Data, Urgencia, Prioridade, Paciente) VALUES (418, "11/8/1961 12:12:56", 2, 1, 7);
INSERT INTO Admissao (AdmissaoID, Data, Urgencia, Prioridade, Paciente) VALUES (419, "20/1/1995 4:37:33", 1, 0, 96);
INSERT INTO Admissao (AdmissaoID, Data, Urgencia, Prioridade, Paciente) VALUES (420, "2/9/2005 1:9:43", 2, 3, 122);
INSERT INTO Admissao (AdmissaoID, Data, Urgencia, Prioridade, Paciente) VALUES (421, "12/2/1977 19:18:42", 3, 0, 203);
INSERT INTO Admissao (AdmissaoID, Data, Urgencia, Prioridade, Paciente) VALUES (422, "7/6/1989 6:39:37", 1, 2, 281);
INSERT INTO Admissao (AdmissaoID, Data, Urgencia, Prioridade, Paciente) VALUES (423, "8/11/1988 2:31:37", 0, 1, 46);
INSERT INTO Admissao (AdmissaoID, Data, Urgencia, Prioridade, Paciente) VALUES (424, "15/2/2012 3:19:37", 2, 2, 19);
INSERT INTO Admissao (AdmissaoID, Data, Urgencia, Prioridade, Paciente) VALUES (425, "4/10/1989 22:20:34", 3, 1, 203);
INSERT INTO Admissao (AdmissaoID, Data, Urgencia, Prioridade, Paciente) VALUES (426, "20/1/1983 4:39:41", 0, 1, 65);
INSERT INTO Admissao (AdmissaoID, Data, Urgencia, Prioridade, Paciente) VALUES (427, "15/7/1973 6:7:28", 2, 3, 205);
INSERT INTO Admissao (AdmissaoID, Data, Urgencia, Prioridade, Paciente) VALUES (428, "23/2/1974 18:0:18", 0, 3, 32);
INSERT INTO Admissao (AdmissaoID, Data, Urgencia, Prioridade, Paciente) VALUES (429, "20/12/1992 10:30:11", 1, 1, 68);
INSERT INTO Admissao (AdmissaoID, Data, Urgencia, Prioridade, Paciente) VALUES (430, "12/9/1971 8:22:40", 0, 3, 224);
INSERT INTO Admissao (AdmissaoID, Data, Urgencia, Prioridade, Paciente) VALUES (431, "1/10/1965 6:4:37", 1, 0, 36);
INSERT INTO Admissao (AdmissaoID, Data, Urgencia, Prioridade, Paciente) VALUES (432, "28/3/2016 16:25:21", 2, 0, 69);
INSERT INTO Admissao (AdmissaoID, Data, Urgencia, Prioridade, Paciente) VALUES (433, "14/3/2001 8:24:25", 3, 2, 33);
INSERT INTO Admissao (AdmissaoID, Data, Urgencia, Prioridade, Paciente) VALUES (434, "4/6/1983 7:47:50", 2, 3, 101);
INSERT INTO Admissao (AdmissaoID, Data, Urgencia, Prioridade, Paciente) VALUES (435, "20/5/1975 14:57:41", 2, 3, 287);
INSERT INTO Admissao (AdmissaoID, Data, Urgencia, Prioridade, Paciente) VALUES (436, "12/10/2016 14:7:36", 2, 2, 66);
INSERT INTO Admissao (AdmissaoID, Data, Urgencia, Prioridade, Paciente) VALUES (437, "5/9/1984 9:17:41", 2, 2, 27);
INSERT INTO Admissao (AdmissaoID, Data, Urgencia, Prioridade, Paciente) VALUES (438, "25/12/1979 23:18:32", 1, 0, 23);
INSERT INTO Admissao (AdmissaoID, Data, Urgencia, Prioridade, Paciente) VALUES (439, "11/12/1978 12:43:30", 3, 3, 148);
INSERT INTO Admissao (AdmissaoID, Data, Urgencia, Prioridade, Paciente) VALUES (440, "22/5/1983 20:47:35", 1, 1, 248);
INSERT INTO Admissao (AdmissaoID, Data, Urgencia, Prioridade, Paciente) VALUES (441, "20/3/2009 13:48:32", 0, 3, 132);
INSERT INTO Admissao (AdmissaoID, Data, Urgencia, Prioridade, Paciente) VALUES (442, "13/6/1991 13:14:51", 0, 0, 247);
INSERT INTO Admissao (AdmissaoID, Data, Urgencia, Prioridade, Paciente) VALUES (443, "11/8/2012 19:38:32", 0, 1, 55);
INSERT INTO Admissao (AdmissaoID, Data, Urgencia, Prioridade, Paciente) VALUES (444, "6/7/2019 7:28:40", 3, 2, 121);
INSERT INTO Admissao (AdmissaoID, Data, Urgencia, Prioridade, Paciente) VALUES (445, "15/11/1998 11:7:3", 3, 0, 169);
INSERT INTO Admissao (AdmissaoID, Data, Urgencia, Prioridade, Paciente) VALUES (446, "21/2/1967 22:22:44", 3, 0, 177);
INSERT INTO Admissao (AdmissaoID, Data, Urgencia, Prioridade, Paciente) VALUES (447, "7/5/1988 4:22:40", 3, 1, 265);
INSERT INTO Admissao (AdmissaoID, Data, Urgencia, Prioridade, Paciente) VALUES (448, "21/3/1980 14:19:30", 0, 3, 293);
INSERT INTO Admissao (AdmissaoID, Data, Urgencia, Prioridade, Paciente) VALUES (449, "4/6/2005 18:20:27", 0, 0, 173);
INSERT INTO Admissao (AdmissaoID, Data, Urgencia, Prioridade, Paciente) VALUES (450, "10/6/2018 23:3:52", 3, 1, 86);
INSERT INTO Admissao (AdmissaoID, Data, Urgencia, Prioridade, Paciente) VALUES (451, "5/4/1989 19:55:19", 0, 3, 22);
INSERT INTO Admissao (AdmissaoID, Data, Urgencia, Prioridade, Paciente) VALUES (452, "25/11/1980 17:10:23", 2, 1, 7);
INSERT INTO Admissao (AdmissaoID, Data, Urgencia, Prioridade, Paciente) VALUES (453, "7/1/2006 17:45:1", 1, 0, 216);
INSERT INTO Admissao (AdmissaoID, Data, Urgencia, Prioridade, Paciente) VALUES (454, "21/10/2015 13:1:28", 1, 1, 51);
INSERT INTO Admissao (AdmissaoID, Data, Urgencia, Prioridade, Paciente) VALUES (455, "21/8/2013 13:24:28", 2, 3, 131);
INSERT INTO Admissao (AdmissaoID, Data, Urgencia, Prioridade, Paciente) VALUES (456, "14/5/2000 5:52:19", 1, 2, 192);
INSERT INTO Admissao (AdmissaoID, Data, Urgencia, Prioridade, Paciente) VALUES (457, "25/4/1964 23:51:59", 1, 3, 278);
INSERT INTO Admissao (AdmissaoID, Data, Urgencia, Prioridade, Paciente) VALUES (458, "20/2/2019 18:4:15", 0, 3, 210);
INSERT INTO Admissao (AdmissaoID, Data, Urgencia, Prioridade, Paciente) VALUES (459, "27/1/1997 2:23:10", 0, 1, 33);
INSERT INTO Admissao (AdmissaoID, Data, Urgencia, Prioridade, Paciente) VALUES (460, "9/2/1994 11:0:50", 3, 1, 146);
INSERT INTO Admissao (AdmissaoID, Data, Urgencia, Prioridade, Paciente) VALUES (461, "1/6/1999 21:44:34", 2, 0, 241);
INSERT INTO Admissao (AdmissaoID, Data, Urgencia, Prioridade, Paciente) VALUES (462, "3/9/1989 10:33:52", 0, 3, 197);
INSERT INTO Admissao (AdmissaoID, Data, Urgencia, Prioridade, Paciente) VALUES (463, "2/6/1987 17:14:52", 1, 2, 37);
INSERT INTO Admissao (AdmissaoID, Data, Urgencia, Prioridade, Paciente) VALUES (464, "16/7/1970 12:9:59", 0, 1, 280);
INSERT INTO Admissao (AdmissaoID, Data, Urgencia, Prioridade, Paciente) VALUES (465, "20/12/2009 22:6:46", 0, 1, 258);
INSERT INTO Admissao (AdmissaoID, Data, Urgencia, Prioridade, Paciente) VALUES (466, "18/5/1971 14:29:18", 1, 0, 38);
INSERT INTO Admissao (AdmissaoID, Data, Urgencia, Prioridade, Paciente) VALUES (467, "11/4/2002 1:32:59", 0, 3, 300);
INSERT INTO Admissao (AdmissaoID, Data, Urgencia, Prioridade, Paciente) VALUES (468, "15/4/2011 10:52:51", 2, 1, 54);
INSERT INTO Admissao (AdmissaoID, Data, Urgencia, Prioridade, Paciente) VALUES (469, "16/1/1968 19:38:54", 1, 1, 105);
INSERT INTO Admissao (AdmissaoID, Data, Urgencia, Prioridade, Paciente) VALUES (470, "26/8/1968 21:54:21", 0, 0, 18);
INSERT INTO Admissao (AdmissaoID, Data, Urgencia, Prioridade, Paciente) VALUES (471, "17/6/1976 12:57:17", 1, 2, 1);
INSERT INTO Admissao (AdmissaoID, Data, Urgencia, Prioridade, Paciente) VALUES (472, "28/12/1967 9:25:58", 0, 2, 43);
INSERT INTO Admissao (AdmissaoID, Data, Urgencia, Prioridade, Paciente) VALUES (473, "24/6/1984 21:6:52", 0, 0, 103);
INSERT INTO Admissao (AdmissaoID, Data, Urgencia, Prioridade, Paciente) VALUES (474, "11/10/2003 19:15:39", 2, 0, 171);
INSERT INTO Admissao (AdmissaoID, Data, Urgencia, Prioridade, Paciente) VALUES (475, "20/11/1974 8:27:27", 1, 1, 222);
INSERT INTO Admissao (AdmissaoID, Data, Urgencia, Prioridade, Paciente) VALUES (476, "25/7/1965 3:28:9", 0, 3, 98);
INSERT INTO Admissao (AdmissaoID, Data, Urgencia, Prioridade, Paciente) VALUES (477, "9/11/2000 8:16:34", 1, 1, 62);
INSERT INTO Admissao (AdmissaoID, Data, Urgencia, Prioridade, Paciente) VALUES (478, "5/4/1973 13:53:16", 2, 3, 49);
INSERT INTO Admissao (AdmissaoID, Data, Urgencia, Prioridade, Paciente) VALUES (479, "11/8/1965 21:27:17", 0, 0, 273);
INSERT INTO Admissao (AdmissaoID, Data, Urgencia, Prioridade, Paciente) VALUES (480, "8/2/2001 11:21:55", 1, 2, 260);
INSERT INTO Admissao (AdmissaoID, Data, Urgencia, Prioridade, Paciente) VALUES (481, "20/9/1977 22:31:10", 2, 2, 99);
INSERT INTO Admissao (AdmissaoID, Data, Urgencia, Prioridade, Paciente) VALUES (482, "26/5/1977 5:3:54", 3, 0, 266);
INSERT INTO Admissao (AdmissaoID, Data, Urgencia, Prioridade, Paciente) VALUES (483, "10/6/2009 7:26:11", 1, 1, 203);
INSERT INTO Admissao (AdmissaoID, Data, Urgencia, Prioridade, Paciente) VALUES (484, "11/1/1962 6:36:27", 3, 0, 72);
INSERT INTO Admissao (AdmissaoID, Data, Urgencia, Prioridade, Paciente) VALUES (485, "7/5/1995 0:33:49", 0, 1, 139);
INSERT INTO Admissao (AdmissaoID, Data, Urgencia, Prioridade, Paciente) VALUES (486, "19/9/1968 7:44:25", 2, 1, 24);
INSERT INTO Admissao (AdmissaoID, Data, Urgencia, Prioridade, Paciente) VALUES (487, "17/6/1976 18:31:2", 1, 1, 133);
INSERT INTO Admissao (AdmissaoID, Data, Urgencia, Prioridade, Paciente) VALUES (488, "9/10/2001 23:23:2", 3, 1, 143);
INSERT INTO Admissao (AdmissaoID, Data, Urgencia, Prioridade, Paciente) VALUES (489, "15/2/2011 21:19:24", 3, 2, 142);
INSERT INTO Admissao (AdmissaoID, Data, Urgencia, Prioridade, Paciente) VALUES (490, "12/3/1985 2:36:15", 2, 3, 40);
INSERT INTO Admissao (AdmissaoID, Data, Urgencia, Prioridade, Paciente) VALUES (491, "9/3/1990 0:53:48", 2, 1, 196);
INSERT INTO Admissao (AdmissaoID, Data, Urgencia, Prioridade, Paciente) VALUES (492, "27/9/2017 17:49:32", 1, 2, 206);
INSERT INTO Admissao (AdmissaoID, Data, Urgencia, Prioridade, Paciente) VALUES (493, "15/1/1961 6:56:33", 2, 1, 140);
INSERT INTO Admissao (AdmissaoID, Data, Urgencia, Prioridade, Paciente) VALUES (494, "11/6/1989 0:14:47", 1, 1, 123);
INSERT INTO Admissao (AdmissaoID, Data, Urgencia, Prioridade, Paciente) VALUES (495, "4/3/1986 18:6:40", 3, 3, 37);
INSERT INTO Admissao (AdmissaoID, Data, Urgencia, Prioridade, Paciente) VALUES (496, "25/11/1963 18:8:1", 1, 3, 212);
INSERT INTO Admissao (AdmissaoID, Data, Urgencia, Prioridade, Paciente) VALUES (497, "3/7/1967 3:0:31", 1, 1, 61);
INSERT INTO Admissao (AdmissaoID, Data, Urgencia, Prioridade, Paciente) VALUES (498, "24/11/2015 8:6:50", 3, 1, 116);
INSERT INTO Admissao (AdmissaoID, Data, Urgencia, Prioridade, Paciente) VALUES (499, "14/5/2008 2:37:57", 3, 1, 102);
INSERT INTO Admissao (AdmissaoID, Data, Urgencia, Prioridade, Paciente) VALUES (500, "10/12/1973 14:33:49", 3, 0, 124);

-- Occurrence
INSERT INTO Ocorrencia(OcorrenciaID, DataInicio, DataFim, Paciente, Doenca) VALUES (1, "3/7/1967 11:2:20", "6/9/1970 13:5:42", 56, 147);
INSERT INTO Ocorrencia(OcorrenciaID, DataInicio, DataFim, Paciente, Doenca) VALUES (2, "18/9/1993 3:29:8", "19/9/1993 4:47:16", 280, 125);
INSERT INTO Ocorrencia(OcorrenciaID, DataInicio, DataFim, Paciente, Doenca) VALUES (3, "6/5/1983 13:7:23", "9/5/1984 14:23:42", 289, 136);
INSERT INTO Ocorrencia(OcorrenciaID, DataInicio, DataFim, Paciente, Doenca) VALUES (4, "23/9/1998 7:14:6", "26/10/2001 9:30:18", 283, 23);
INSERT INTO Ocorrencia(OcorrenciaID, DataInicio, DataFim, Paciente, Doenca) VALUES (5, "24/9/1979 9:18:20", "24/10/1981 10:19:45", 185, 164);
INSERT INTO Ocorrencia(OcorrenciaID, DataInicio, DataFim, Paciente, Doenca) VALUES (6, "25/3/2003 13:17:15", "28/3/2004 15:23:18", 81, 28);
INSERT INTO Ocorrencia(OcorrenciaID, DataInicio, DataFim, Paciente, Doenca) VALUES (7, "22/9/1970 5:26:13", "22/10/1972 7:36:26", 44, 131);
INSERT INTO Ocorrencia(OcorrenciaID, DataInicio, DataFim, Paciente, Doenca) VALUES (8, "17/8/1995 21:2:16", "17/9/1997 22:13:16", 226, 43);
INSERT INTO Ocorrencia(OcorrenciaID, DataInicio, DataFim, Paciente, Doenca) VALUES (9, "13/4/2013 6:3:22", "14/4/2016 7:28:24", 145, 67);
INSERT INTO Ocorrencia(OcorrenciaID, DataInicio, DataFim, Paciente, Doenca) VALUES (10, "25/3/1962 15:23:22", "25/3/1965 17:53:39", 282, 226);
INSERT INTO Ocorrencia(OcorrenciaID, DataInicio, DataFim, Paciente, Doenca) VALUES (11, "23/5/1986 18:1:12", "25/5/1989 19:1:22", 64, 68);
INSERT INTO Ocorrencia(OcorrenciaID, DataInicio, DataFim, Paciente, Doenca) VALUES (12, "4/8/1968 16:12:0", "5/9/1968 18:19:7", 273, 182);
INSERT INTO Ocorrencia(OcorrenciaID, DataInicio, DataFim, Paciente, Doenca) VALUES (13, "19/5/2011 21:7:23", "22/6/2012 22:21:32", 195, 128);
INSERT INTO Ocorrencia(OcorrenciaID, DataInicio, DataFim, Paciente, Doenca) VALUES (14, "10/3/1998 20:24:24", "11/5/1998 22:37:34", 84, 103);
INSERT INTO Ocorrencia(OcorrenciaID, DataInicio, DataFim, Paciente, Doenca) VALUES (15, "20/4/1997 1:7:0", "20/4/1998 3:36:21", 205, 160);
INSERT INTO Ocorrencia(OcorrenciaID, DataInicio, DataFim, Paciente, Doenca) VALUES (16, "5/6/1971 4:10:25", "7/7/1973 5:26:39", 107, 6);
INSERT INTO Ocorrencia(OcorrenciaID, DataInicio, DataFim, Paciente, Doenca) VALUES (17, "5/2/1980 18:26:29", "8/2/1983 19:40:44", 16, 36);
INSERT INTO Ocorrencia(OcorrenciaID, DataInicio, DataFim, Paciente, Doenca) VALUES (18, "21/3/1982 6:9:29", "21/3/1982 7:27:43", 139, 10);
INSERT INTO Ocorrencia(OcorrenciaID, DataInicio, DataFim, Paciente, Doenca) VALUES (19, "1/5/1996 1:0:26", "3/7/1996 3:16:39", 152, 202);
INSERT INTO Ocorrencia(OcorrenciaID, DataInicio, DataFim, Paciente, Doenca) VALUES (20, "13/5/1997 0:0:20", "13/6/2000 1:16:22", 161, 100);
INSERT INTO Ocorrencia(OcorrenciaID, DataInicio, DataFim, Paciente, Doenca) VALUES (21, "21/1/2009 3:7:7", "22/1/2012 5:29:19", 28, 108);
INSERT INTO Ocorrencia(OcorrenciaID, DataInicio, DataFim, Paciente, Doenca) VALUES (22, "18/9/2005 15:2:2", "20/9/2006 17:18:22", 22, 151);
INSERT INTO Ocorrencia(OcorrenciaID, DataInicio, DataFim, Paciente, Doenca) VALUES (23, "9/6/2004 2:13:13", "11/7/2004 4:41:31", 288, 11);
INSERT INTO Ocorrencia(OcorrenciaID, DataInicio, DataFim, Paciente, Doenca) VALUES (24, "3/1/1970 17:16:3", "5/3/1970 18:27:33", 272, 209);
INSERT INTO Ocorrencia(OcorrenciaID, DataInicio, DataFim, Paciente, Doenca) VALUES (25, "15/7/1993 13:29:27", "17/7/1996 15:43:48", 252, 12);
INSERT INTO Ocorrencia(OcorrenciaID, DataInicio, DataFim, Paciente, Doenca) VALUES (26, "14/10/1976 8:12:3", "14/10/1977 10:33:16", 135, 121);
INSERT INTO Ocorrencia(OcorrenciaID, DataInicio, DataFim, Paciente, Doenca) VALUES (27, "4/4/1964 13:17:2", "4/5/1967 15:43:10", 203, 158);
INSERT INTO Ocorrencia(OcorrenciaID, DataInicio, DataFim, Paciente, Doenca) VALUES (28, "5/4/1978 1:18:1", "7/6/1981 2:35:2", 246, 34);
INSERT INTO Ocorrencia(OcorrenciaID, DataInicio, DataFim, Paciente, Doenca) VALUES (29, "15/4/1982 3:19:3", "16/6/1985 5:22:6", 46, 166);
INSERT INTO Ocorrencia(OcorrenciaID, DataInicio, DataFim, Paciente, Doenca) VALUES (30, "1/7/1998 14:14:25", "2/7/1998 15:44:30", 224, 123);
INSERT INTO Ocorrencia(OcorrenciaID, DataInicio, DataFim, Paciente, Doenca) VALUES (31, "18/6/1988 10:27:12", "19/8/1990 12:41:41", 290, 18);
INSERT INTO Ocorrencia(OcorrenciaID, DataInicio, DataFim, Paciente, Doenca) VALUES (32, "6/1/1994 12:16:12", "8/1/1997 13:29:42", 15, 228);
INSERT INTO Ocorrencia(OcorrenciaID, DataInicio, DataFim, Paciente, Doenca) VALUES (33, "16/1/1980 16:29:5", "19/3/1982 18:35:12", 152, 224);
INSERT INTO Ocorrencia(OcorrenciaID, DataInicio, DataFim, Paciente, Doenca) VALUES (34, "1/1/1966 11:4:3", "3/1/1968 12:23:28", 166, 112);
INSERT INTO Ocorrencia(OcorrenciaID, DataInicio, DataFim, Paciente, Doenca) VALUES (35, "8/7/2015 9:1:22", "9/7/2015 10:6:27", 161, 53);
INSERT INTO Ocorrencia(OcorrenciaID, DataInicio, DataFim, Paciente, Doenca) VALUES (36, "15/1/1984 9:2:24", "18/2/1984 10:10:34", 174, 45);
INSERT INTO Ocorrencia(OcorrenciaID, DataInicio, DataFim, Paciente, Doenca) VALUES (37, "21/3/2003 12:18:21", "24/5/2004 13:42:33", 119, 70);
INSERT INTO Ocorrencia(OcorrenciaID, DataInicio, DataFim, Paciente, Doenca) VALUES (38, "11/9/1981 7:23:7", "13/11/1982 9:37:25", 6, 100);
INSERT INTO Ocorrencia(OcorrenciaID, DataInicio, DataFim, Paciente, Doenca) VALUES (39, "19/6/1993 4:6:14", "21/7/1995 6:14:15", 72, 177);
INSERT INTO Ocorrencia(OcorrenciaID, DataInicio, DataFim, Paciente, Doenca) VALUES (40, "5/5/1968 1:6:5", "8/6/1969 2:30:34", 259, 126);
INSERT INTO Ocorrencia(OcorrenciaID, DataInicio, DataFim, Paciente, Doenca) VALUES (41, "13/10/1987 1:5:27", "15/10/1988 3:7:41", 11, 150);
INSERT INTO Ocorrencia(OcorrenciaID, DataInicio, DataFim, Paciente, Doenca) VALUES (42, "21/1/1995 14:21:23", "23/3/1996 16:24:27", 69, 210);
INSERT INTO Ocorrencia(OcorrenciaID, DataInicio, DataFim, Paciente, Doenca) VALUES (43, "9/3/1985 16:0:13", "10/5/1986 17:19:35", 134, 218);
INSERT INTO Ocorrencia(OcorrenciaID, DataInicio, DataFim, Paciente, Doenca) VALUES (44, "17/3/1979 18:29:24", "19/5/1982 19:56:45", 232, 20);
INSERT INTO Ocorrencia(OcorrenciaID, DataInicio, DataFim, Paciente, Doenca) VALUES (45, "1/3/1980 11:0:7", "4/4/1983 13:4:15", 278, 88);
INSERT INTO Ocorrencia(OcorrenciaID, DataInicio, DataFim, Paciente, Doenca) VALUES (46, "3/1/1974 8:10:3", "4/2/1976 10:40:27", 105, 29);
INSERT INTO Ocorrencia(OcorrenciaID, DataInicio, DataFim, Paciente, Doenca) VALUES (47, "3/1/1967 6:5:25", "5/1/1970 8:10:38", 220, 108);
INSERT INTO Ocorrencia(OcorrenciaID, DataInicio, DataFim, Paciente, Doenca) VALUES (48, "3/5/1998 10:6:26", "6/6/2000 12:26:45", 108, 7);
INSERT INTO Ocorrencia(OcorrenciaID, DataInicio, DataFim, Paciente, Doenca) VALUES (49, "20/9/1993 15:2:24", "23/11/1993 16:30:34", 101, 7);
INSERT INTO Ocorrencia(OcorrenciaID, DataInicio, DataFim, Paciente, Doenca) VALUES (50, "12/7/1996 19:17:0", "14/9/1997 20:46:7", 46, 6);
INSERT INTO Ocorrencia(OcorrenciaID, DataInicio, DataFim, Paciente, Doenca) VALUES (51, "13/1/1970 4:20:13", "16/2/1971 6:31:29", 284, 54);
INSERT INTO Ocorrencia(OcorrenciaID, DataInicio, DataFim, Paciente, Doenca) VALUES (52, "6/4/1974 12:7:10", "8/5/1976 14:36:37", 89, 173);
INSERT INTO Ocorrencia(OcorrenciaID, DataInicio, DataFim, Paciente, Doenca) VALUES (53, "1/8/1977 12:29:20", "3/10/1977 14:30:34", 53, 5);
INSERT INTO Ocorrencia(OcorrenciaID, DataInicio, DataFim, Paciente, Doenca) VALUES (54, "10/4/1988 18:24:15", "10/5/1988 19:37:33", 297, 100);
INSERT INTO Ocorrencia(OcorrenciaID, DataInicio, DataFim, Paciente, Doenca) VALUES (55, "16/5/1980 17:28:21", "17/6/1980 18:37:43", 68, 167);
INSERT INTO Ocorrencia(OcorrenciaID, DataInicio, DataFim, Paciente, Doenca) VALUES (56, "3/4/1974 21:7:28", "3/6/1976 22:24:33", 198, 19);
INSERT INTO Ocorrencia(OcorrenciaID, DataInicio, DataFim, Paciente, Doenca) VALUES (57, "22/6/1976 9:15:29", "23/8/1977 10:34:49", 54, 137);
INSERT INTO Ocorrencia(OcorrenciaID, DataInicio, DataFim, Paciente, Doenca) VALUES (58, "7/8/1973 15:5:14", "7/10/1973 17:18:36", 40, 150);
INSERT INTO Ocorrencia(OcorrenciaID, DataInicio, DataFim, Paciente, Doenca) VALUES (59, "25/9/1981 5:11:24", "28/11/1983 7:40:47", 256, 40);
INSERT INTO Ocorrencia(OcorrenciaID, DataInicio, DataFim, Paciente, Doenca) VALUES (60, "3/1/2009 2:8:10", "4/3/2011 4:11:38", 112, 160);
INSERT INTO Ocorrencia(OcorrenciaID, DataInicio, DataFim, Paciente, Doenca) VALUES (61, "22/2/1971 21:6:1", "23/3/1971 22:16:28", 272, 191);
INSERT INTO Ocorrencia(OcorrenciaID, DataInicio, DataFim, Paciente, Doenca) VALUES (62, "16/7/1987 4:10:19", "19/9/1989 6:23:42", 61, 124);
INSERT INTO Ocorrencia(OcorrenciaID, DataInicio, DataFim, Paciente, Doenca) VALUES (63, "17/4/1975 16:13:6", "19/4/1977 18:31:23", 180, 212);
INSERT INTO Ocorrencia(OcorrenciaID, DataInicio, DataFim, Paciente, Doenca) VALUES (64, "11/2/1960 10:23:23", "13/4/1961 11:47:36", 113, 147);
INSERT INTO Ocorrencia(OcorrenciaID, DataInicio, DataFim, Paciente, Doenca) VALUES (65, "20/5/1994 14:6:26", "21/5/1995 16:6:41", 244, 182);
INSERT INTO Ocorrencia(OcorrenciaID, DataInicio, DataFim, Paciente, Doenca) VALUES (66, "12/10/2006 17:8:27", "14/11/2006 19:30:55", 190, 201);
INSERT INTO Ocorrencia(OcorrenciaID, DataInicio, DataFim, Paciente, Doenca) VALUES (67, "4/6/1979 11:7:26", "7/8/1979 12:32:48", 38, 199);
INSERT INTO Ocorrencia(OcorrenciaID, DataInicio, DataFim, Paciente, Doenca) VALUES (68, "7/10/2006 21:18:26", "8/12/2007 22:39:54", 265, 79);
INSERT INTO Ocorrencia(OcorrenciaID, DataInicio, DataFim, Paciente, Doenca) VALUES (69, "7/5/1975 18:15:2", "9/7/1978 20:42:19", 246, 8);
INSERT INTO Ocorrencia(OcorrenciaID, DataInicio, DataFim, Paciente, Doenca) VALUES (70, "20/6/1970 17:26:25", "23/6/1971 18:37:47", 178, 180);
INSERT INTO Ocorrencia(OcorrenciaID, DataInicio, DataFim, Paciente, Doenca) VALUES (71, "17/8/1960 17:17:0", "19/8/1963 19:23:18", 113, 20);
INSERT INTO Ocorrencia(OcorrenciaID, DataInicio, DataFim, Paciente, Doenca) VALUES (72, "9/2/1990 15:14:18", "12/4/1992 17:20:26", 84, 230);
INSERT INTO Ocorrencia(OcorrenciaID, DataInicio, DataFim, Paciente, Doenca) VALUES (73, "21/7/2008 9:12:26", "21/9/2008 11:20:28", 99, 204);
INSERT INTO Ocorrencia(OcorrenciaID, DataInicio, DataFim, Paciente, Doenca) VALUES (74, "12/3/2018 10:11:4", "14/5/2020 12:31:33", 18, 222);
INSERT INTO Ocorrencia(OcorrenciaID, DataInicio, DataFim, Paciente, Doenca) VALUES (75, "19/1/2003 17:3:2", "19/2/2005 18:23:10", 140, 5);
INSERT INTO Ocorrencia(OcorrenciaID, DataInicio, DataFim, Paciente, Doenca) VALUES (76, "15/9/1964 2:8:23", "15/9/1964 4:28:35", 281, 136);
INSERT INTO Ocorrencia(OcorrenciaID, DataInicio, DataFim, Paciente, Doenca) VALUES (77, "24/2/1964 5:29:15", "24/2/1966 7:37:18", 142, 153);
INSERT INTO Ocorrencia(OcorrenciaID, DataInicio, DataFim, Paciente, Doenca) VALUES (78, "20/2/1985 18:23:0", "23/2/1986 20:45:19", 85, 189);
INSERT INTO Ocorrencia(OcorrenciaID, DataInicio, DataFim, Paciente, Doenca) VALUES (79, "4/8/1968 2:20:4", "5/8/1969 3:40:23", 184, 125);
INSERT INTO Ocorrencia(OcorrenciaID, DataInicio, DataFim, Paciente, Doenca) VALUES (80, "13/3/1960 13:0:4", "14/5/1960 15:12:27", 89, 215);
INSERT INTO Ocorrencia(OcorrenciaID, DataInicio, DataFim, Paciente, Doenca) VALUES (81, "22/4/2002 14:17:19", "22/6/2004 16:18:22", 185, 184);
INSERT INTO Ocorrencia(OcorrenciaID, DataInicio, DataFim, Paciente, Doenca) VALUES (82, "2/5/2008 19:8:10", "5/6/2009 20:32:13", 276, 21);
INSERT INTO Ocorrencia(OcorrenciaID, DataInicio, DataFim, Paciente, Doenca) VALUES (83, "11/7/2007 4:8:9", "13/9/2007 6:35:36", 55, 100);
INSERT INTO Ocorrencia(OcorrenciaID, DataInicio, DataFim, Paciente, Doenca) VALUES (84, "13/10/1977 21:12:4", "15/10/1978 23:38:15", 263, 74);
INSERT INTO Ocorrencia(OcorrenciaID, DataInicio, DataFim, Paciente, Doenca) VALUES (85, "13/9/2016 6:22:3", "13/10/2018 8:40:33", 112, 33);
INSERT INTO Ocorrencia(OcorrenciaID, DataInicio, DataFim, Paciente, Doenca) VALUES (86, "4/2/2014 14:20:13", "6/2/2017 16:21:24", 237, 161);
INSERT INTO Ocorrencia(OcorrenciaID, DataInicio, DataFim, Paciente, Doenca) VALUES (87, "25/10/1978 15:6:4", "25/10/1980 17:26:25", 130, 53);
INSERT INTO Ocorrencia(OcorrenciaID, DataInicio, DataFim, Paciente, Doenca) VALUES (88, "15/9/1982 16:17:18", "16/9/1983 17:32:29", 213, 24);
INSERT INTO Ocorrencia(OcorrenciaID, DataInicio, DataFim, Paciente, Doenca) VALUES (89, "19/6/1998 10:3:20", "20/7/1998 12:16:33", 85, 132);
INSERT INTO Ocorrencia(OcorrenciaID, DataInicio, DataFim, Paciente, Doenca) VALUES (90, "24/9/1972 5:25:22", "24/11/1975 7:46:24", 268, 22);
INSERT INTO Ocorrencia(OcorrenciaID, DataInicio, DataFim, Paciente, Doenca) VALUES (91, "11/4/1973 1:0:23", "12/6/1975 2:15:41", 80, 144);
INSERT INTO Ocorrencia(OcorrenciaID, DataInicio, DataFim, Paciente, Doenca) VALUES (92, "12/10/2015 17:26:2", "14/10/2016 18:37:3", 46, 202);
INSERT INTO Ocorrencia(OcorrenciaID, DataInicio, DataFim, Paciente, Doenca) VALUES (93, "12/10/1969 4:0:26", "12/10/1972 5:10:56", 299, 13);
INSERT INTO Ocorrencia(OcorrenciaID, DataInicio, DataFim, Paciente, Doenca) VALUES (94, "21/8/1965 5:7:14", "22/9/1965 6:35:14", 18, 85);
INSERT INTO Ocorrencia(OcorrenciaID, DataInicio, DataFim, Paciente, Doenca) VALUES (95, "12/3/1961 17:25:24", "15/3/1962 18:45:25", 37, 228);
INSERT INTO Ocorrencia(OcorrenciaID, DataInicio, DataFim, Paciente, Doenca) VALUES (96, "14/9/1971 9:3:23", "15/10/1974 11:11:45", 142, 185);
INSERT INTO Ocorrencia(OcorrenciaID, DataInicio, DataFim, Paciente, Doenca) VALUES (97, "1/10/2013 0:29:22", "1/12/2013 2:51:26", 150, 9);
INSERT INTO Ocorrencia(OcorrenciaID, DataInicio, DataFim, Paciente, Doenca) VALUES (98, "1/1/1976 8:23:11", "4/1/1979 10:45:34", 36, 96);
INSERT INTO Ocorrencia(OcorrenciaID, DataInicio, DataFim, Paciente, Doenca) VALUES (99, "11/10/1976 20:12:14", "13/10/1979 21:28:25", 93, 63);
INSERT INTO Ocorrencia(OcorrenciaID, DataInicio, DataFim, Paciente, Doenca) VALUES (100, "19/1/2010 19:18:25", "19/1/2010 21:34:33", 139, 15);
INSERT INTO Ocorrencia(OcorrenciaID, DataInicio, DataFim, Paciente, Doenca) VALUES (101, "12/8/2003 16:2:12", "14/8/2006 17:30:36", 31, 16);
INSERT INTO Ocorrencia(OcorrenciaID, DataInicio, DataFim, Paciente, Doenca) VALUES (102, "1/4/2000 19:27:7", "2/4/2001 21:54:36", 108, 86);
INSERT INTO Ocorrencia(OcorrenciaID, DataInicio, DataFim, Paciente, Doenca) VALUES (103, "4/10/2015 13:4:11", "7/11/2016 15:12:35", 29, 58);
INSERT INTO Ocorrencia(OcorrenciaID, DataInicio, DataFim, Paciente, Doenca) VALUES (104, "12/7/2011 9:23:23", "12/7/2012 11:27:39", 73, 80);
INSERT INTO Ocorrencia(OcorrenciaID, DataInicio, DataFim, Paciente, Doenca) VALUES (105, "11/6/1960 10:5:11", "12/7/1962 12:34:24", 16, 183);
INSERT INTO Ocorrencia(OcorrenciaID, DataInicio, DataFim, Paciente, Doenca) VALUES (106, "5/6/1976 6:28:22", "6/7/1977 8:28:25", 125, 185);
INSERT INTO Ocorrencia(OcorrenciaID, DataInicio, DataFim, Paciente, Doenca) VALUES (107, "8/10/1983 9:7:11", "9/12/1985 10:28:26", 2, 195);
INSERT INTO Ocorrencia(OcorrenciaID, DataInicio, DataFim, Paciente, Doenca) VALUES (108, "21/9/2007 15:4:0", "21/11/2007 16:32:21", 264, 223);
INSERT INTO Ocorrencia(OcorrenciaID, DataInicio, DataFim, Paciente, Doenca) VALUES (109, "22/8/1997 12:10:27", "22/9/2000 13:28:48", 28, 22);
INSERT INTO Ocorrencia(OcorrenciaID, DataInicio, DataFim, Paciente, Doenca) VALUES (110, "4/7/1995 16:28:11", "6/9/1996 18:48:11", 57, 148);
INSERT INTO Ocorrencia(OcorrenciaID, DataInicio, DataFim, Paciente, Doenca) VALUES (111, "21/10/1987 19:29:16", "21/12/1988 21:52:29", 181, 83);
INSERT INTO Ocorrencia(OcorrenciaID, DataInicio, DataFim, Paciente, Doenca) VALUES (112, "18/5/1961 18:22:23", "18/6/1962 19:27:29", 2, 50);
INSERT INTO Ocorrencia(OcorrenciaID, DataInicio, DataFim, Paciente, Doenca) VALUES (113, "23/5/1982 16:7:12", "24/6/1982 18:32:13", 280, 227);
INSERT INTO Ocorrencia(OcorrenciaID, DataInicio, DataFim, Paciente, Doenca) VALUES (114, "24/3/1978 1:18:29", "27/4/1979 3:26:59", 279, 188);
INSERT INTO Ocorrencia(OcorrenciaID, DataInicio, DataFim, Paciente, Doenca) VALUES (115, "17/8/1994 14:15:4", "20/9/1996 15:26:20", 218, 21);
INSERT INTO Ocorrencia(OcorrenciaID, DataInicio, DataFim, Paciente, Doenca) VALUES (116, "1/3/2008 20:0:11", "4/3/2010 21:28:30", 153, 179);
INSERT INTO Ocorrencia(OcorrenciaID, DataInicio, DataFim, Paciente, Doenca) VALUES (117, "14/6/2010 16:2:19", "15/6/2011 17:22:26", 226, 14);
INSERT INTO Ocorrencia(OcorrenciaID, DataInicio, DataFim, Paciente, Doenca) VALUES (118, "25/9/1985 17:4:15", "26/10/1985 18:29:33", 4, 164);
INSERT INTO Ocorrencia(OcorrenciaID, DataInicio, DataFim, Paciente, Doenca) VALUES (119, "14/5/2001 14:15:22", "17/7/2001 15:34:47", 277, 124);
INSERT INTO Ocorrencia(OcorrenciaID, DataInicio, DataFim, Paciente, Doenca) VALUES (120, "11/6/2014 1:22:14", "13/7/2015 3:35:16", 285, 56);
INSERT INTO Ocorrencia(OcorrenciaID, DataInicio, DataFim, Paciente, Doenca) VALUES (121, "3/2/1971 17:29:1", "3/4/1971 19:42:12", 75, 189);
INSERT INTO Ocorrencia(OcorrenciaID, DataInicio, DataFim, Paciente, Doenca) VALUES (122, "11/10/1992 1:10:22", "11/10/1994 2:11:30", 50, 207);
INSERT INTO Ocorrencia(OcorrenciaID, DataInicio, DataFim, Paciente, Doenca) VALUES (123, "8/9/1981 21:9:8", "10/10/1981 23:33:31", 10, 126);
INSERT INTO Ocorrencia(OcorrenciaID, DataInicio, DataFim, Paciente, Doenca) VALUES (124, "17/6/1988 19:19:0", "20/7/1990 21:34:28", 289, 2);
INSERT INTO Ocorrencia(OcorrenciaID, DataInicio, DataFim, Paciente, Doenca) VALUES (125, "3/7/1972 15:4:4", "4/8/1975 17:10:23", 122, 195);
INSERT INTO Ocorrencia(OcorrenciaID, DataInicio, DataFim, Paciente, Doenca) VALUES (126, "14/5/1963 16:7:14", "16/6/1965 18:21:22", 222, 30);
INSERT INTO Ocorrencia(OcorrenciaID, DataInicio, DataFim, Paciente, Doenca) VALUES (127, "6/8/1997 7:12:10", "9/10/1997 9:28:18", 291, 127);
INSERT INTO Ocorrencia(OcorrenciaID, DataInicio, DataFim, Paciente, Doenca) VALUES (128, "23/7/2013 15:4:25", "26/9/2015 17:26:54", 276, 161);
INSERT INTO Ocorrencia(OcorrenciaID, DataInicio, DataFim, Paciente, Doenca) VALUES (129, "14/3/1983 5:1:8", "17/5/1984 7:5:17", 151, 220);
INSERT INTO Ocorrencia(OcorrenciaID, DataInicio, DataFim, Paciente, Doenca) VALUES (130, "7/2/1988 5:22:15", "10/2/1988 6:47:34", 263, 178);
INSERT INTO Ocorrencia(OcorrenciaID, DataInicio, DataFim, Paciente, Doenca) VALUES (131, "9/8/1991 5:29:4", "10/9/1993 7:49:13", 299, 34);
INSERT INTO Ocorrencia(OcorrenciaID, DataInicio, DataFim, Paciente, Doenca) VALUES (132, "16/5/2010 18:11:20", "16/7/2010 19:28:49", 133, 130);
INSERT INTO Ocorrencia(OcorrenciaID, DataInicio, DataFim, Paciente, Doenca) VALUES (133, "1/7/2010 17:13:12", "1/7/2011 19:25:35", 118, 68);
INSERT INTO Ocorrencia(OcorrenciaID, DataInicio, DataFim, Paciente, Doenca) VALUES (134, "4/10/1977 20:0:8", "4/11/1980 21:12:32", 6, 159);
INSERT INTO Ocorrencia(OcorrenciaID, DataInicio, DataFim, Paciente, Doenca) VALUES (135, "17/8/2001 11:2:19", "19/9/2003 13:25:38", 88, 172);
INSERT INTO Ocorrencia(OcorrenciaID, DataInicio, DataFim, Paciente, Doenca) VALUES (136, "20/10/1990 20:28:13", "20/12/1990 22:57:29", 243, 123);
INSERT INTO Ocorrencia(OcorrenciaID, DataInicio, DataFim, Paciente, Doenca) VALUES (137, "17/9/1968 3:0:17", "20/9/1970 4:24:31", 241, 17);
INSERT INTO Ocorrencia(OcorrenciaID, DataInicio, DataFim, Paciente, Doenca) VALUES (138, "13/3/2012 10:20:27", "14/3/2014 12:42:34", 95, 131);
INSERT INTO Ocorrencia(OcorrenciaID, DataInicio, DataFim, Paciente, Doenca) VALUES (139, "6/7/1978 15:11:9", "9/8/1978 16:21:17", 196, 19);
INSERT INTO Ocorrencia(OcorrenciaID, DataInicio, DataFim, Paciente, Doenca) VALUES (140, "10/6/1977 4:22:23", "11/6/1977 6:30:33", 171, 16);
INSERT INTO Ocorrencia(OcorrenciaID, DataInicio, DataFim, Paciente, Doenca) VALUES (141, "13/6/1991 4:12:23", "13/7/1992 6:39:40", 120, 60);
INSERT INTO Ocorrencia(OcorrenciaID, DataInicio, DataFim, Paciente, Doenca) VALUES (142, "12/6/2015 13:11:23", "15/8/2017 14:11:43", 269, 221);
INSERT INTO Ocorrencia(OcorrenciaID, DataInicio, DataFim, Paciente, Doenca) VALUES (143, "6/4/2009 9:16:18", "8/5/2011 10:22:22", 174, 4);
INSERT INTO Ocorrencia(OcorrenciaID, DataInicio, DataFim, Paciente, Doenca) VALUES (144, "7/1/2006 19:14:27", "9/2/2007 20:32:35", 259, 5);
INSERT INTO Ocorrencia(OcorrenciaID, DataInicio, DataFim, Paciente, Doenca) VALUES (145, "12/5/2000 7:3:19", "15/5/2001 8:20:24", 109, 45);
INSERT INTO Ocorrencia(OcorrenciaID, DataInicio, DataFim, Paciente, Doenca) VALUES (146, "17/7/2006 0:27:16", "20/8/2007 2:49:21", 281, 29);
INSERT INTO Ocorrencia(OcorrenciaID, DataInicio, DataFim, Paciente, Doenca) VALUES (147, "9/8/1996 21:24:10", "11/9/1997 23:36:24", 148, 230);
INSERT INTO Ocorrencia(OcorrenciaID, DataInicio, DataFim, Paciente, Doenca) VALUES (148, "14/6/1974 5:3:7", "14/8/1975 7:16:12", 174, 177);
INSERT INTO Ocorrencia(OcorrenciaID, DataInicio, DataFim, Paciente, Doenca) VALUES (149, "1/5/2012 17:21:17", "2/6/2015 18:32:42", 232, 173);
INSERT INTO Ocorrencia(OcorrenciaID, DataInicio, DataFim, Paciente, Doenca) VALUES (150, "13/9/1963 14:20:27", "16/10/1963 15:38:34", 287, 138);
INSERT INTO Ocorrencia(OcorrenciaID, DataInicio, DataFim, Paciente, Doenca) VALUES (151, "11/6/1986 19:4:9", "13/6/1986 20:23:32", 198, 31);
INSERT INTO Ocorrencia(OcorrenciaID, DataInicio, DataFim, Paciente, Doenca) VALUES (152, "17/4/1971 20:16:20", "18/6/1974 21:41:47", 242, 195);
INSERT INTO Ocorrencia(OcorrenciaID, DataInicio, DataFim, Paciente, Doenca) VALUES (153, "18/6/2002 17:22:7", "18/8/2003 18:45:22", 264, 177);
INSERT INTO Ocorrencia(OcorrenciaID, DataInicio, DataFim, Paciente, Doenca) VALUES (154, "16/1/1993 5:19:24", "17/3/1993 7:21:34", 202, 177);
INSERT INTO Ocorrencia(OcorrenciaID, DataInicio, DataFim, Paciente, Doenca) VALUES (155, "1/2/2009 5:22:22", "3/2/2012 6:48:27", 22, 71);
INSERT INTO Ocorrencia(OcorrenciaID, DataInicio, DataFim, Paciente, Doenca) VALUES (156, "22/1/1993 12:4:6", "22/3/1996 14:21:6", 49, 135);
INSERT INTO Ocorrencia(OcorrenciaID, DataInicio, DataFim, Paciente, Doenca) VALUES (157, "2/7/2004 13:7:6", "2/8/2007 14:27:24", 183, 5);
INSERT INTO Ocorrencia(OcorrenciaID, DataInicio, DataFim, Paciente, Doenca) VALUES (158, "18/2/2002 5:25:3", "18/2/2005 6:36:16", 66, 198);
INSERT INTO Ocorrencia(OcorrenciaID, DataInicio, DataFim, Paciente, Doenca) VALUES (159, "8/2/1974 8:9:25", "11/2/1975 9:12:28", 211, 86);
INSERT INTO Ocorrencia(OcorrenciaID, DataInicio, DataFim, Paciente, Doenca) VALUES (160, "6/6/2016 1:5:24", "8/7/2016 3:10:40", 177, 3);
INSERT INTO Ocorrencia(OcorrenciaID, DataInicio, DataFim, Paciente, Doenca) VALUES (161, "11/4/1969 6:5:14", "12/6/1972 8:30:18", 108, 211);
INSERT INTO Ocorrencia(OcorrenciaID, DataInicio, DataFim, Paciente, Doenca) VALUES (162, "6/5/2010 0:16:2", "6/5/2011 1:34:14", 195, 12);
INSERT INTO Ocorrencia(OcorrenciaID, DataInicio, DataFim, Paciente, Doenca) VALUES (163, "16/4/1965 8:25:5", "16/4/1967 9:40:10", 28, 103);
INSERT INTO Ocorrencia(OcorrenciaID, DataInicio, DataFim, Paciente, Doenca) VALUES (164, "23/3/1971 21:26:17", "23/4/1974 22:32:33", 148, 72);
INSERT INTO Ocorrencia(OcorrenciaID, DataInicio, DataFim, Paciente, Doenca) VALUES (165, "24/5/1993 12:22:16", "27/6/1996 14:24:38", 69, 71);
INSERT INTO Ocorrencia(OcorrenciaID, DataInicio, DataFim, Paciente, Doenca) VALUES (166, "1/10/1978 14:6:18", "3/11/1979 15:10:38", 118, 198);
INSERT INTO Ocorrencia(OcorrenciaID, DataInicio, DataFim, Paciente, Doenca) VALUES (167, "1/6/1974 19:22:12", "1/8/1976 21:48:32", 26, 200);
INSERT INTO Ocorrencia(OcorrenciaID, DataInicio, DataFim, Paciente, Doenca) VALUES (168, "9/9/2007 14:12:14", "9/11/2009 15:20:44", 196, 1);
INSERT INTO Ocorrencia(OcorrenciaID, DataInicio, DataFim, Paciente, Doenca) VALUES (169, "23/7/1984 0:23:25", "25/9/1987 2:39:26", 159, 118);
INSERT INTO Ocorrencia(OcorrenciaID, DataInicio, DataFim, Paciente, Doenca) VALUES (170, "24/9/2006 0:9:0", "27/9/2006 1:39:0", 71, 121);
INSERT INTO Ocorrencia(OcorrenciaID, DataInicio, DataFim, Paciente, Doenca) VALUES (171, "8/1/1977 19:29:17", "10/1/1977 20:40:19", 201, 159);
INSERT INTO Ocorrencia(OcorrenciaID, DataInicio, DataFim, Paciente, Doenca) VALUES (172, "5/1/1995 2:8:3", "5/2/1995 3:15:24", 204, 78);
INSERT INTO Ocorrencia(OcorrenciaID, DataInicio, DataFim, Paciente, Doenca) VALUES (173, "20/4/1961 2:4:17", "20/4/1962 3:16:42", 137, 181);
INSERT INTO Ocorrencia(OcorrenciaID, DataInicio, DataFim, Paciente, Doenca) VALUES (174, "22/4/1989 5:19:21", "23/6/1990 7:37:32", 76, 14);
INSERT INTO Ocorrencia(OcorrenciaID, DataInicio, DataFim, Paciente, Doenca) VALUES (175, "19/8/2007 2:9:17", "20/8/2008 3:11:43", 186, 196);
INSERT INTO Ocorrencia(OcorrenciaID, DataInicio, DataFim, Paciente, Doenca) VALUES (176, "23/10/2009 10:9:8", "25/12/2011 12:31:38", 251, 25);
INSERT INTO Ocorrencia(OcorrenciaID, DataInicio, DataFim, Paciente, Doenca) VALUES (177, "3/5/1983 12:26:20", "4/5/1984 14:27:26", 2, 31);
INSERT INTO Ocorrencia(OcorrenciaID, DataInicio, DataFim, Paciente, Doenca) VALUES (178, "16/10/1972 9:13:6", "16/11/1972 10:16:7", 224, 177);
INSERT INTO Ocorrencia(OcorrenciaID, DataInicio, DataFim, Paciente, Doenca) VALUES (179, "12/4/1985 2:24:8", "14/5/1987 3:52:29", 155, 137);
INSERT INTO Ocorrencia(OcorrenciaID, DataInicio, DataFim, Paciente, Doenca) VALUES (180, "10/1/2009 5:5:28", "11/1/2010 6:6:39", 155, 19);
INSERT INTO Ocorrencia(OcorrenciaID, DataInicio, DataFim, Paciente, Doenca) VALUES (181, "20/5/2018 18:8:28", "22/6/2019 20:29:42", 216, 210);
INSERT INTO Ocorrencia(OcorrenciaID, DataInicio, DataFim, Paciente, Doenca) VALUES (182, "11/1/1983 16:12:24", "11/1/1984 18:39:34", 71, 178);
INSERT INTO Ocorrencia(OcorrenciaID, DataInicio, DataFim, Paciente, Doenca) VALUES (183, "19/1/1974 6:23:8", "21/3/1975 7:30:11", 130, 95);
INSERT INTO Ocorrencia(OcorrenciaID, DataInicio, DataFim, Paciente, Doenca) VALUES (184, "20/10/1978 20:20:24", "23/12/1981 21:30:48", 161, 216);
INSERT INTO Ocorrencia(OcorrenciaID, DataInicio, DataFim, Paciente, Doenca) VALUES (185, "17/9/1975 0:23:23", "17/9/1976 1:23:43", 121, 220);
INSERT INTO Ocorrencia(OcorrenciaID, DataInicio, DataFim, Paciente, Doenca) VALUES (186, "3/5/1966 13:20:24", "5/6/1967 14:20:28", 271, 36);
INSERT INTO Ocorrencia(OcorrenciaID, DataInicio, DataFim, Paciente, Doenca) VALUES (187, "23/4/1975 10:14:19", "25/4/1978 12:38:24", 294, 62);
INSERT INTO Ocorrencia(OcorrenciaID, DataInicio, DataFim, Paciente, Doenca) VALUES (188, "8/3/2007 15:27:10", "9/3/2008 17:56:14", 22, 166);
INSERT INTO Ocorrencia(OcorrenciaID, DataInicio, DataFim, Paciente, Doenca) VALUES (189, "25/6/1962 11:9:0", "26/7/1964 13:17:6", 290, 47);
INSERT INTO Ocorrencia(OcorrenciaID, DataInicio, DataFim, Paciente, Doenca) VALUES (190, "3/8/1986 17:2:20", "3/10/1986 19:22:42", 253, 95);
INSERT INTO Ocorrencia(OcorrenciaID, DataInicio, DataFim, Paciente, Doenca) VALUES (191, "21/6/2005 10:1:28", "22/6/2006 11:22:33", 247, 208);
INSERT INTO Ocorrencia(OcorrenciaID, DataInicio, DataFim, Paciente, Doenca) VALUES (192, "6/6/1970 7:0:23", "7/8/1970 9:26:25", 93, 4);
INSERT INTO Ocorrencia(OcorrenciaID, DataInicio, DataFim, Paciente, Doenca) VALUES (193, "16/3/1974 3:18:25", "18/3/1974 5:38:49", 267, 75);
INSERT INTO Ocorrencia(OcorrenciaID, DataInicio, DataFim, Paciente, Doenca) VALUES (194, "12/6/2004 6:11:23", "15/8/2006 7:35:36", 232, 7);
INSERT INTO Ocorrencia(OcorrenciaID, DataInicio, DataFim, Paciente, Doenca) VALUES (195, "7/7/1994 5:13:28", "8/8/1997 7:33:55", 124, 67);
INSERT INTO Ocorrencia(OcorrenciaID, DataInicio, DataFim, Paciente, Doenca) VALUES (196, "11/8/1992 19:10:3", "11/10/1994 20:19:32", 7, 93);
INSERT INTO Ocorrencia(OcorrenciaID, DataInicio, DataFim, Paciente, Doenca) VALUES (197, "22/4/2016 2:9:4", "23/4/2017 3:25:11", 249, 65);
INSERT INTO Ocorrencia(OcorrenciaID, DataInicio, DataFim, Paciente, Doenca) VALUES (198, "17/2/1977 12:15:7", "19/2/1978 13:28:24", 171, 89);
INSERT INTO Ocorrencia(OcorrenciaID, DataInicio, DataFim, Paciente, Doenca) VALUES (199, "4/8/1992 10:0:24", "5/8/1992 12:23:44", 140, 49);
INSERT INTO Ocorrencia(OcorrenciaID, DataInicio, DataFim, Paciente, Doenca) VALUES (200, "5/2/2014 14:0:5", "5/4/2017 16:21:26", 284, 67);
INSERT INTO Ocorrencia(OcorrenciaID, DataInicio, DataFim, Paciente, Doenca) VALUES (201, "1/1/1986 18:10:10", "3/2/1989 19:16:27", 278, 204);
INSERT INTO Ocorrencia(OcorrenciaID, DataInicio, DataFim, Paciente, Doenca) VALUES (202, "16/2/1994 21:25:14", "18/4/1996 22:52:39", 202, 149);
INSERT INTO Ocorrencia(OcorrenciaID, DataInicio, DataFim, Paciente, Doenca) VALUES (203, "7/10/1978 1:4:17", "7/11/1978 2:6:29", 23, 50);
INSERT INTO Ocorrencia(OcorrenciaID, DataInicio, DataFim, Paciente, Doenca) VALUES (204, "21/5/1984 3:12:8", "23/5/1986 4:14:36", 87, 24);
INSERT INTO Ocorrencia(OcorrenciaID, DataInicio, DataFim, Paciente, Doenca) VALUES (205, "3/5/2004 16:28:10", "6/7/2005 18:40:14", 91, 57);
INSERT INTO Ocorrencia(OcorrenciaID, DataInicio, DataFim, Paciente, Doenca) VALUES (206, "9/1/1971 17:20:15", "10/1/1971 18:36:29", 7, 64);
INSERT INTO Ocorrencia(OcorrenciaID, DataInicio, DataFim, Paciente, Doenca) VALUES (207, "21/2/2003 13:9:22", "21/4/2006 15:26:29", 232, 79);
INSERT INTO Ocorrencia(OcorrenciaID, DataInicio, DataFim, Paciente, Doenca) VALUES (208, "23/8/1971 12:3:3", "23/10/1974 14:9:3", 96, 105);
INSERT INTO Ocorrencia(OcorrenciaID, DataInicio, DataFim, Paciente, Doenca) VALUES (209, "4/3/2004 21:24:4", "5/4/2006 23:33:29", 13, 130);
INSERT INTO Ocorrencia(OcorrenciaID, DataInicio, DataFim, Paciente, Doenca) VALUES (210, "16/2/2012 3:4:12", "17/3/2013 5:5:31", 108, 225);
INSERT INTO Ocorrencia(OcorrenciaID, DataInicio, DataFim, Paciente, Doenca) VALUES (211, "17/9/1986 5:19:9", "20/11/1987 6:24:29", 87, 148);
INSERT INTO Ocorrencia(OcorrenciaID, DataInicio, DataFim, Paciente, Doenca) VALUES (212, "22/6/2007 11:19:24", "23/8/2007 13:28:43", 246, 7);
INSERT INTO Ocorrencia(OcorrenciaID, DataInicio, DataFim, Paciente, Doenca) VALUES (213, "4/7/2016 20:13:9", "6/7/2019 22:25:9", 17, 194);
INSERT INTO Ocorrencia(OcorrenciaID, DataInicio, DataFim, Paciente, Doenca) VALUES (214, "15/3/1970 19:6:16", "16/5/1972 21:7:24", 171, 43);
INSERT INTO Ocorrencia(OcorrenciaID, DataInicio, DataFim, Paciente, Doenca) VALUES (215, "15/3/1969 0:2:22", "15/4/1972 1:16:33", 255, 131);
INSERT INTO Ocorrencia(OcorrenciaID, DataInicio, DataFim, Paciente, Doenca) VALUES (216, "9/5/1964 5:15:28", "10/5/1964 7:45:55", 184, 92);
INSERT INTO Ocorrencia(OcorrenciaID, DataInicio, DataFim, Paciente, Doenca) VALUES (217, "5/7/1968 11:24:19", "5/8/1969 12:42:47", 242, 207);
INSERT INTO Ocorrencia(OcorrenciaID, DataInicio, DataFim, Paciente, Doenca) VALUES (218, "21/7/2018 13:14:5", "23/9/2018 15:23:32", 59, 3);
INSERT INTO Ocorrencia(OcorrenciaID, DataInicio, DataFim, Paciente, Doenca) VALUES (219, "5/2/2011 4:14:26", "6/3/2014 5:21:35", 182, 136);
INSERT INTO Ocorrencia(OcorrenciaID, DataInicio, DataFim, Paciente, Doenca) VALUES (220, "8/8/2018 14:22:14", "8/10/2020 15:52:25", 74, 141);
INSERT INTO Ocorrencia(OcorrenciaID, DataInicio, DataFim, Paciente, Doenca) VALUES (221, "21/8/1993 16:4:28", "22/10/1996 18:25:54", 33, 89);
INSERT INTO Ocorrencia(OcorrenciaID, DataInicio, DataFim, Paciente, Doenca) VALUES (222, "14/1/1997 8:15:23", "14/1/1998 10:18:44", 146, 151);
INSERT INTO Ocorrencia(OcorrenciaID, DataInicio, DataFim, Paciente, Doenca) VALUES (223, "14/9/1985 6:8:3", "14/11/1986 8:25:18", 279, 213);
INSERT INTO Ocorrencia(OcorrenciaID, DataInicio, DataFim, Paciente, Doenca) VALUES (224, "24/5/1987 11:10:0", "24/5/1987 12:30:5", 131, 152);
INSERT INTO Ocorrencia(OcorrenciaID, DataInicio, DataFim, Paciente, Doenca) VALUES (225, "20/8/1978 21:25:8", "22/10/1980 22:37:13", 140, 219);
INSERT INTO Ocorrencia(OcorrenciaID, DataInicio, DataFim, Paciente, Doenca) VALUES (226, "25/9/1961 19:3:15", "25/9/1961 20:21:26", 139, 128);
INSERT INTO Ocorrencia(OcorrenciaID, DataInicio, DataFim, Paciente, Doenca) VALUES (227, "16/9/2007 18:1:15", "16/10/2008 20:26:42", 185, 63);
INSERT INTO Ocorrencia(OcorrenciaID, DataInicio, DataFim, Paciente, Doenca) VALUES (228, "24/5/1999 8:23:9", "27/7/2001 9:31:28", 56, 161);
INSERT INTO Ocorrencia(OcorrenciaID, DataInicio, DataFim, Paciente, Doenca) VALUES (229, "13/8/1962 3:8:22", "15/8/1962 5:35:51", 156, 86);
INSERT INTO Ocorrencia(OcorrenciaID, DataInicio, DataFim, Paciente, Doenca) VALUES (230, "15/5/1976 9:9:25", "18/7/1978 10:34:51", 230, 195);
INSERT INTO Ocorrencia(OcorrenciaID, DataInicio, DataFim, Paciente, Doenca) VALUES (231, "10/6/1999 6:10:1", "10/6/2002 8:28:7", 102, 125);
INSERT INTO Ocorrencia(OcorrenciaID, DataInicio, DataFim, Paciente, Doenca) VALUES (232, "4/10/1981 5:4:5", "4/11/1981 6:24:35", 125, 84);
INSERT INTO Ocorrencia(OcorrenciaID, DataInicio, DataFim, Paciente, Doenca) VALUES (233, "1/6/1961 21:8:7", "3/6/1964 22:21:32", 154, 163);
INSERT INTO Ocorrencia(OcorrenciaID, DataInicio, DataFim, Paciente, Doenca) VALUES (234, "16/10/1998 20:17:12", "17/12/1998 22:42:18", 245, 110);
INSERT INTO Ocorrencia(OcorrenciaID, DataInicio, DataFim, Paciente, Doenca) VALUES (235, "21/9/2012 1:2:12", "22/11/2012 2:22:21", 299, 27);
INSERT INTO Ocorrencia(OcorrenciaID, DataInicio, DataFim, Paciente, Doenca) VALUES (236, "13/8/2006 21:25:12", "15/10/2008 22:46:21", 231, 120);
INSERT INTO Ocorrencia(OcorrenciaID, DataInicio, DataFim, Paciente, Doenca) VALUES (237, "25/5/1984 11:22:25", "28/7/1987 12:28:38", 87, 138);
INSERT INTO Ocorrencia(OcorrenciaID, DataInicio, DataFim, Paciente, Doenca) VALUES (238, "11/4/2000 8:9:11", "14/5/2003 9:20:35", 119, 22);
INSERT INTO Ocorrencia(OcorrenciaID, DataInicio, DataFim, Paciente, Doenca) VALUES (239, "7/3/1998 21:17:29", "7/3/1999 22:35:45", 288, 29);
INSERT INTO Ocorrencia(OcorrenciaID, DataInicio, DataFim, Paciente, Doenca) VALUES (240, "14/8/1993 13:4:17", "17/8/1993 14:13:39", 258, 20);
INSERT INTO Ocorrencia(OcorrenciaID, DataInicio, DataFim, Paciente, Doenca) VALUES (241, "8/10/1996 11:2:2", "11/10/1997 13:6:28", 136, 108);
INSERT INTO Ocorrencia(OcorrenciaID, DataInicio, DataFim, Paciente, Doenca) VALUES (242, "15/1/2006 7:22:3", "15/2/2007 8:34:17", 245, 81);
INSERT INTO Ocorrencia(OcorrenciaID, DataInicio, DataFim, Paciente, Doenca) VALUES (243, "8/6/1975 8:7:21", "10/7/1976 9:27:23", 21, 32);
INSERT INTO Ocorrencia(OcorrenciaID, DataInicio, DataFim, Paciente, Doenca) VALUES (244, "4/5/1984 2:27:18", "7/5/1984 3:27:18", 261, 106);
INSERT INTO Ocorrencia(OcorrenciaID, DataInicio, DataFim, Paciente, Doenca) VALUES (245, "1/1/2017 13:13:29", "2/2/2018 15:38:58", 195, 7);
INSERT INTO Ocorrencia(OcorrenciaID, DataInicio, DataFim, Paciente, Doenca) VALUES (246, "8/10/2010 19:6:24", "8/11/2012 20:25:26", 64, 187);
INSERT INTO Ocorrencia(OcorrenciaID, DataInicio, DataFim, Paciente, Doenca) VALUES (247, "24/1/1960 2:0:15", "24/2/1961 3:5:31", 139, 152);
INSERT INTO Ocorrencia(OcorrenciaID, DataInicio, DataFim, Paciente, Doenca) VALUES (248, "6/8/2001 14:11:14", "8/9/2003 16:18:24", 26, 93);
INSERT INTO Ocorrencia(OcorrenciaID, DataInicio, DataFim, Paciente, Doenca) VALUES (249, "16/4/1975 19:28:0", "16/5/1976 20:31:8", 16, 6);
INSERT INTO Ocorrencia(OcorrenciaID, DataInicio, DataFim, Paciente, Doenca) VALUES (250, "2/8/2000 19:21:4", "5/10/2003 21:38:32", 259, 38);
INSERT INTO Ocorrencia(OcorrenciaID, DataInicio, DataFim, Paciente, Doenca) VALUES (251, "22/8/1963 5:16:25", "22/8/1966 6:40:42", 127, 192);
INSERT INTO Ocorrencia(OcorrenciaID, DataInicio, DataFim, Paciente, Doenca) VALUES (252, "14/8/1980 8:20:9", "16/10/1982 10:50:36", 106, 183);
INSERT INTO Ocorrencia(OcorrenciaID, DataInicio, DataFim, Paciente, Doenca) VALUES (253, "7/8/1963 19:11:29", "9/9/1963 21:39:29", 194, 2);
INSERT INTO Ocorrencia(OcorrenciaID, DataInicio, DataFim, Paciente, Doenca) VALUES (254, "14/4/1989 9:2:22", "15/6/1991 11:6:34", 147, 84);
INSERT INTO Ocorrencia(OcorrenciaID, DataInicio, DataFim, Paciente, Doenca) VALUES (255, "12/3/2016 8:24:22", "13/4/2016 10:35:25", 198, 63);
INSERT INTO Ocorrencia(OcorrenciaID, DataInicio, DataFim, Paciente, Doenca) VALUES (256, "15/9/1985 10:3:20", "16/9/1987 11:9:41", 22, 196);
INSERT INTO Ocorrencia(OcorrenciaID, DataInicio, DataFim, Paciente, Doenca) VALUES (257, "10/5/1993 4:24:21", "10/6/1996 5:40:25", 281, 79);
INSERT INTO Ocorrencia(OcorrenciaID, DataInicio, DataFim, Paciente, Doenca) VALUES (258, "7/6/1981 11:9:20", "8/6/1982 13:35:36", 281, 220);
INSERT INTO Ocorrencia(OcorrenciaID, DataInicio, DataFim, Paciente, Doenca) VALUES (259, "5/5/1999 16:21:26", "6/7/2000 18:31:39", 178, 164);
INSERT INTO Ocorrencia(OcorrenciaID, DataInicio, DataFim, Paciente, Doenca) VALUES (260, "4/10/2007 12:11:28", "5/11/2010 13:31:45", 17, 210);
INSERT INTO Ocorrencia(OcorrenciaID, DataInicio, DataFim, Paciente, Doenca) VALUES (261, "8/4/1987 1:28:1", "8/4/1989 3:50:3", 114, 42);
INSERT INTO Ocorrencia(OcorrenciaID, DataInicio, DataFim, Paciente, Doenca) VALUES (262, "18/9/2009 19:28:28", "18/9/2010 21:33:54", 98, 211);
INSERT INTO Ocorrencia(OcorrenciaID, DataInicio, DataFim, Paciente, Doenca) VALUES (263, "23/2/1979 8:14:1", "25/4/1981 10:30:20", 71, 122);
INSERT INTO Ocorrencia(OcorrenciaID, DataInicio, DataFim, Paciente, Doenca) VALUES (264, "13/1/1971 15:22:19", "16/2/1973 16:36:21", 89, 71);
INSERT INTO Ocorrencia(OcorrenciaID, DataInicio, DataFim, Paciente, Doenca) VALUES (265, "21/8/2017 19:17:3", "22/9/2018 20:23:9", 136, 101);
INSERT INTO Ocorrencia(OcorrenciaID, DataInicio, DataFim, Paciente, Doenca) VALUES (266, "8/5/1982 9:10:5", "9/6/1984 10:30:23", 5, 121);
INSERT INTO Ocorrencia(OcorrenciaID, DataInicio, DataFim, Paciente, Doenca) VALUES (267, "21/5/1993 10:26:3", "22/6/1993 11:49:3", 137, 45);
INSERT INTO Ocorrencia(OcorrenciaID, DataInicio, DataFim, Paciente, Doenca) VALUES (268, "7/9/2004 8:1:29", "7/11/2005 9:26:50", 152, 59);
INSERT INTO Ocorrencia(OcorrenciaID, DataInicio, DataFim, Paciente, Doenca) VALUES (269, "19/1/1980 6:24:23", "22/1/1982 7:43:40", 207, 154);
INSERT INTO Ocorrencia(OcorrenciaID, DataInicio, DataFim, Paciente, Doenca) VALUES (270, "8/3/2003 7:14:2", "9/4/2004 8:39:16", 240, 227);
INSERT INTO Ocorrencia(OcorrenciaID, DataInicio, DataFim, Paciente, Doenca) VALUES (271, "9/2/2017 0:20:28", "12/3/2019 1:49:57", 297, 222);
INSERT INTO Ocorrencia(OcorrenciaID, DataInicio, DataFim, Paciente, Doenca) VALUES (272, "12/7/1994 20:20:19", "12/7/1994 22:34:20", 32, 201);
INSERT INTO Ocorrencia(OcorrenciaID, DataInicio, DataFim, Paciente, Doenca) VALUES (273, "7/10/2018 10:16:18", "7/11/2021 11:45:33", 29, 70);
INSERT INTO Ocorrencia(OcorrenciaID, DataInicio, DataFim, Paciente, Doenca) VALUES (274, "22/2/1978 16:24:11", "22/2/1981 18:54:41", 33, 57);
INSERT INTO Ocorrencia(OcorrenciaID, DataInicio, DataFim, Paciente, Doenca) VALUES (275, "3/8/1991 17:21:1", "4/8/1991 19:21:16", 90, 69);
INSERT INTO Ocorrencia(OcorrenciaID, DataInicio, DataFim, Paciente, Doenca) VALUES (276, "16/4/1975 11:19:3", "18/5/1978 12:40:24", 119, 177);
INSERT INTO Ocorrencia(OcorrenciaID, DataInicio, DataFim, Paciente, Doenca) VALUES (277, "5/6/1997 14:8:15", "6/6/1998 15:8:20", 218, 46);
INSERT INTO Ocorrencia(OcorrenciaID, DataInicio, DataFim, Paciente, Doenca) VALUES (278, "2/2/2007 21:18:4", "4/3/2009 22:19:33", 264, 158);
INSERT INTO Ocorrencia(OcorrenciaID, DataInicio, DataFim, Paciente, Doenca) VALUES (279, "16/7/1999 16:28:20", "17/9/2001 17:54:45", 114, 221);
INSERT INTO Ocorrencia(OcorrenciaID, DataInicio, DataFim, Paciente, Doenca) VALUES (280, "2/3/2008 14:23:14", "3/3/2009 16:26:29", 133, 188);
INSERT INTO Ocorrencia(OcorrenciaID, DataInicio, DataFim, Paciente, Doenca) VALUES (281, "11/7/1991 8:8:25", "12/9/1994 10:32:42", 293, 17);
INSERT INTO Ocorrencia(OcorrenciaID, DataInicio, DataFim, Paciente, Doenca) VALUES (282, "21/1/1968 12:27:13", "22/3/1969 14:39:34", 85, 161);
INSERT INTO Ocorrencia(OcorrenciaID, DataInicio, DataFim, Paciente, Doenca) VALUES (283, "22/3/1986 19:4:18", "24/5/1986 21:19:35", 77, 85);
INSERT INTO Ocorrencia(OcorrenciaID, DataInicio, DataFim, Paciente, Doenca) VALUES (284, "22/7/1999 7:28:14", "23/7/2000 8:56:20", 219, 170);
INSERT INTO Ocorrencia(OcorrenciaID, DataInicio, DataFim, Paciente, Doenca) VALUES (285, "12/1/1987 4:7:24", "12/3/1989 5:16:31", 127, 189);
INSERT INTO Ocorrencia(OcorrenciaID, DataInicio, DataFim, Paciente, Doenca) VALUES (286, "4/9/1986 1:22:19", "7/9/1986 2:36:24", 90, 88);
INSERT INTO Ocorrencia(OcorrenciaID, DataInicio, DataFim, Paciente, Doenca) VALUES (287, "25/3/1990 4:25:12", "26/3/1991 6:31:21", 42, 55);
INSERT INTO Ocorrencia(OcorrenciaID, DataInicio, DataFim, Paciente, Doenca) VALUES (288, "25/6/1981 18:20:21", "26/7/1982 19:32:24", 192, 19);
INSERT INTO Ocorrencia(OcorrenciaID, DataInicio, DataFim, Paciente, Doenca) VALUES (289, "2/4/1996 14:20:26", "3/4/1998 15:25:26", 75, 119);
INSERT INTO Ocorrencia(OcorrenciaID, DataInicio, DataFim, Paciente, Doenca) VALUES (290, "21/9/1996 11:27:17", "23/9/1999 12:46:34", 118, 96);
INSERT INTO Ocorrencia(OcorrenciaID, DataInicio, DataFim, Paciente, Doenca) VALUES (291, "10/6/2003 16:17:10", "11/7/2006 17:47:33", 135, 120);
INSERT INTO Ocorrencia(OcorrenciaID, DataInicio, DataFim, Paciente, Doenca) VALUES (292, "20/10/2003 8:25:4", "22/11/2004 9:29:16", 223, 18);
INSERT INTO Ocorrencia(OcorrenciaID, DataInicio, DataFim, Paciente, Doenca) VALUES (293, "7/3/1965 11:0:10", "7/4/1965 13:16:32", 147, 204);
INSERT INTO Ocorrencia(OcorrenciaID, DataInicio, DataFim, Paciente, Doenca) VALUES (294, "6/7/2012 5:15:3", "9/9/2014 7:23:29", 19, 111);
INSERT INTO Ocorrencia(OcorrenciaID, DataInicio, DataFim, Paciente, Doenca) VALUES (295, "21/8/1993 19:24:6", "22/9/1995 21:53:25", 159, 89);
INSERT INTO Ocorrencia(OcorrenciaID, DataInicio, DataFim, Paciente, Doenca) VALUES (296, "23/6/1983 10:0:9", "24/7/1984 12:1:37", 104, 31);
INSERT INTO Ocorrencia(OcorrenciaID, DataInicio, DataFim, Paciente, Doenca) VALUES (297, "11/2/1976 1:10:22", "14/2/1979 2:31:40", 144, 5);
INSERT INTO Ocorrencia(OcorrenciaID, DataInicio, DataFim, Paciente, Doenca) VALUES (298, "7/7/1970 12:21:26", "7/7/1971 13:22:40", 286, 57);
INSERT INTO Ocorrencia(OcorrenciaID, DataInicio, DataFim, Paciente, Doenca) VALUES (299, "10/4/1968 5:1:22", "11/6/1968 6:17:51", 262, 183);
INSERT INTO Ocorrencia(OcorrenciaID, DataInicio, DataFim, Paciente, Doenca) VALUES (300, "4/7/1969 11:3:8", "4/7/1969 13:4:22", 265, 190);
INSERT INTO Ocorrencia(OcorrenciaID, DataInicio, DataFim, Paciente, Doenca) VALUES (301, "16/5/1989 14:25:21", "18/5/1989 15:51:30", 258, 128);
INSERT INTO Ocorrencia(OcorrenciaID, DataInicio, DataFim, Paciente, Doenca) VALUES (302, "22/2/1973 18:16:24", "25/3/1976 20:28:51", 153, 30);
INSERT INTO Ocorrencia(OcorrenciaID, DataInicio, DataFim, Paciente, Doenca) VALUES (303, "8/1/1985 2:1:6", "9/1/1988 3:9:24", 256, 186);
INSERT INTO Ocorrencia(OcorrenciaID, DataInicio, DataFim, Paciente, Doenca) VALUES (304, "6/8/1960 9:22:4", "9/10/1960 10:43:30", 151, 41);
INSERT INTO Ocorrencia(OcorrenciaID, DataInicio, DataFim, Paciente, Doenca) VALUES (305, "18/7/1981 20:9:0", "21/7/1981 22:11:16", 188, 26);
INSERT INTO Ocorrencia(OcorrenciaID, DataInicio, DataFim, Paciente, Doenca) VALUES (306, "25/9/1976 21:18:8", "25/11/1977 22:27:25", 34, 53);
INSERT INTO Ocorrencia(OcorrenciaID, DataInicio, DataFim, Paciente, Doenca) VALUES (307, "8/2/1981 7:20:8", "10/3/1981 8:23:22", 66, 226);
INSERT INTO Ocorrencia(OcorrenciaID, DataInicio, DataFim, Paciente, Doenca) VALUES (308, "8/6/1974 19:16:18", "8/8/1974 21:45:24", 45, 22);
INSERT INTO Ocorrencia(OcorrenciaID, DataInicio, DataFim, Paciente, Doenca) VALUES (309, "4/6/1986 11:0:17", "6/7/1988 12:0:28", 145, 186);
INSERT INTO Ocorrencia(OcorrenciaID, DataInicio, DataFim, Paciente, Doenca) VALUES (310, "19/9/2016 17:22:14", "22/10/2016 19:48:36", 173, 176);
INSERT INTO Ocorrencia(OcorrenciaID, DataInicio, DataFim, Paciente, Doenca) VALUES (311, "14/8/1984 0:24:16", "17/9/1986 1:34:38", 244, 168);
INSERT INTO Ocorrencia(OcorrenciaID, DataInicio, DataFim, Paciente, Doenca) VALUES (312, "7/7/1994 20:11:6", "10/9/1995 21:40:12", 37, 198);
INSERT INTO Ocorrencia(OcorrenciaID, DataInicio, DataFim, Paciente, Doenca) VALUES (313, "22/6/1971 20:11:18", "25/6/1972 21:25:22", 294, 81);
INSERT INTO Ocorrencia(OcorrenciaID, DataInicio, DataFim, Paciente, Doenca) VALUES (314, "17/5/1962 5:18:13", "20/5/1964 7:25:14", 174, 169);
INSERT INTO Ocorrencia(OcorrenciaID, DataInicio, DataFim, Paciente, Doenca) VALUES (315, "16/4/1993 8:26:10", "17/6/1993 9:49:19", 193, 145);
INSERT INTO Ocorrencia(OcorrenciaID, DataInicio, DataFim, Paciente, Doenca) VALUES (316, "17/5/1984 19:16:12", "18/5/1986 20:32:27", 111, 161);
INSERT INTO Ocorrencia(OcorrenciaID, DataInicio, DataFim, Paciente, Doenca) VALUES (317, "2/3/2003 20:28:14", "5/3/2006 22:49:44", 178, 169);
INSERT INTO Ocorrencia(OcorrenciaID, DataInicio, DataFim, Paciente, Doenca) VALUES (318, "13/5/1962 0:28:12", "15/6/1962 2:44:35", 112, 223);
INSERT INTO Ocorrencia(OcorrenciaID, DataInicio, DataFim, Paciente, Doenca) VALUES (319, "3/1/1969 12:4:2", "4/3/1969 13:7:12", 48, 207);
INSERT INTO Ocorrencia(OcorrenciaID, DataInicio, DataFim, Paciente, Doenca) VALUES (320, "14/4/1975 7:28:7", "16/6/1976 9:32:11", 40, 55);
INSERT INTO Ocorrencia(OcorrenciaID, DataInicio, DataFim, Paciente, Doenca) VALUES (321, "9/2/2008 8:20:8", "10/4/2011 10:28:28", 178, 50);
INSERT INTO Ocorrencia(OcorrenciaID, DataInicio, DataFim, Paciente, Doenca) VALUES (322, "6/10/1974 15:11:5", "9/11/1976 17:29:5", 53, 81);
INSERT INTO Ocorrencia(OcorrenciaID, DataInicio, DataFim, Paciente, Doenca) VALUES (323, "13/6/1981 6:26:4", "15/8/1983 8:54:4", 278, 179);
INSERT INTO Ocorrencia(OcorrenciaID, DataInicio, DataFim, Paciente, Doenca) VALUES (324, "24/4/1977 18:9:4", "25/5/1980 20:26:19", 21, 92);
INSERT INTO Ocorrencia(OcorrenciaID, DataInicio, DataFim, Paciente, Doenca) VALUES (325, "12/4/2000 8:26:8", "13/5/2000 10:45:20", 170, 13);
INSERT INTO Ocorrencia(OcorrenciaID, DataInicio, DataFim, Paciente, Doenca) VALUES (326, "8/5/1988 16:4:0", "11/6/1991 18:4:17", 167, 108);
INSERT INTO Ocorrencia(OcorrenciaID, DataInicio, DataFim, Paciente, Doenca) VALUES (327, "20/7/1991 4:23:24", "23/7/1992 6:33:31", 296, 178);
INSERT INTO Ocorrencia(OcorrenciaID, DataInicio, DataFim, Paciente, Doenca) VALUES (328, "5/10/1967 5:9:15", "8/12/1970 6:28:33", 109, 213);
INSERT INTO Ocorrencia(OcorrenciaID, DataInicio, DataFim, Paciente, Doenca) VALUES (329, "17/9/1980 16:9:16", "19/10/1980 17:13:34", 45, 68);
INSERT INTO Ocorrencia(OcorrenciaID, DataInicio, DataFim, Paciente, Doenca) VALUES (330, "7/6/1991 1:17:23", "8/6/1993 3:28:46", 8, 39);
INSERT INTO Ocorrencia(OcorrenciaID, DataInicio, DataFim, Paciente, Doenca) VALUES (331, "3/5/1997 21:4:23", "6/5/1999 23:17:40", 184, 155);
INSERT INTO Ocorrencia(OcorrenciaID, DataInicio, DataFim, Paciente, Doenca) VALUES (332, "6/3/1976 13:14:28", "8/3/1978 14:42:42", 96, 38);
INSERT INTO Ocorrencia(OcorrenciaID, DataInicio, DataFim, Paciente, Doenca) VALUES (333, "17/6/1990 2:28:10", "18/8/1992 4:41:37", 148, 137);
INSERT INTO Ocorrencia(OcorrenciaID, DataInicio, DataFim, Paciente, Doenca) VALUES (334, "2/10/1999 3:19:8", "3/12/2001 5:28:16", 191, 169);
INSERT INTO Ocorrencia(OcorrenciaID, DataInicio, DataFim, Paciente, Doenca) VALUES (335, "22/2/1973 5:14:3", "22/2/1974 6:44:18", 244, 225);
INSERT INTO Ocorrencia(OcorrenciaID, DataInicio, DataFim, Paciente, Doenca) VALUES (336, "5/2/1976 6:9:20", "8/4/1978 7:16:50", 76, 182);
INSERT INTO Ocorrencia(OcorrenciaID, DataInicio, DataFim, Paciente, Doenca) VALUES (337, "14/1/2002 8:1:26", "14/2/2004 10:23:29", 87, 59);
INSERT INTO Ocorrencia(OcorrenciaID, DataInicio, DataFim, Paciente, Doenca) VALUES (338, "9/5/1985 17:9:8", "11/5/1988 18:32:17", 113, 122);
INSERT INTO Ocorrencia(OcorrenciaID, DataInicio, DataFim, Paciente, Doenca) VALUES (339, "23/1/1993 6:29:24", "23/1/1994 8:43:52", 34, 12);
INSERT INTO Ocorrencia(OcorrenciaID, DataInicio, DataFim, Paciente, Doenca) VALUES (340, "18/4/1970 6:11:18", "20/4/1972 7:25:36", 206, 31);
INSERT INTO Ocorrencia(OcorrenciaID, DataInicio, DataFim, Paciente, Doenca) VALUES (341, "2/1/1978 9:27:2", "2/2/1980 10:29:29", 224, 88);
INSERT INTO Ocorrencia(OcorrenciaID, DataInicio, DataFim, Paciente, Doenca) VALUES (342, "17/9/1986 15:21:9", "18/9/1987 17:29:11", 244, 200);
INSERT INTO Ocorrencia(OcorrenciaID, DataInicio, DataFim, Paciente, Doenca) VALUES (343, "9/2/1962 16:2:28", "12/4/1964 17:24:57", 215, 71);
INSERT INTO Ocorrencia(OcorrenciaID, DataInicio, DataFim, Paciente, Doenca) VALUES (344, "13/7/1995 6:3:6", "15/7/1996 8:23:29", 163, 75);
INSERT INTO Ocorrencia(OcorrenciaID, DataInicio, DataFim, Paciente, Doenca) VALUES (345, "11/1/1998 5:29:11", "12/2/2000 6:57:26", 9, 217);
INSERT INTO Ocorrencia(OcorrenciaID, DataInicio, DataFim, Paciente, Doenca) VALUES (346, "24/5/2006 1:2:25", "25/5/2006 2:26:34", 237, 128);
INSERT INTO Ocorrencia(OcorrenciaID, DataInicio, DataFim, Paciente, Doenca) VALUES (347, "6/10/1986 16:20:5", "6/10/1989 18:36:34", 42, 138);
INSERT INTO Ocorrencia(OcorrenciaID, DataInicio, DataFim, Paciente, Doenca) VALUES (348, "22/1/2000 18:2:10", "24/3/2003 19:20:10", 181, 59);
INSERT INTO Ocorrencia(OcorrenciaID, DataInicio, DataFim, Paciente, Doenca) VALUES (349, "4/3/1970 16:0:28", "6/5/1970 18:5:43", 88, 81);
INSERT INTO Ocorrencia(OcorrenciaID, DataInicio, DataFim, Paciente, Doenca) VALUES (350, "20/9/2017 3:25:20", "21/9/2018 4:44:32", 47, 60);
INSERT INTO Ocorrencia(OcorrenciaID, DataInicio, DataFim, Paciente, Doenca) VALUES (351, "7/6/1990 0:3:19", "10/8/1993 1:16:23", 197, 13);
INSERT INTO Ocorrencia(OcorrenciaID, DataInicio, DataFim, Paciente, Doenca) VALUES (352, "12/9/2007 17:9:14", "13/10/2010 19:29:44", 121, 77);
INSERT INTO Ocorrencia(OcorrenciaID, DataInicio, DataFim, Paciente, Doenca) VALUES (353, "4/3/2003 1:6:18", "6/5/2003 2:21:27", 267, 126);
INSERT INTO Ocorrencia(OcorrenciaID, DataInicio, DataFim, Paciente, Doenca) VALUES (354, "1/8/1962 3:22:5", "4/9/1963 5:45:31", 164, 154);
INSERT INTO Ocorrencia(OcorrenciaID, DataInicio, DataFim, Paciente, Doenca) VALUES (355, "25/5/1970 19:10:5", "25/7/1972 20:21:6", 14, 190);
INSERT INTO Ocorrencia(OcorrenciaID, DataInicio, DataFim, Paciente, Doenca) VALUES (356, "5/9/1991 15:15:5", "7/11/1993 17:37:28", 167, 19);
INSERT INTO Ocorrencia(OcorrenciaID, DataInicio, DataFim, Paciente, Doenca) VALUES (357, "6/6/2004 18:20:20", "8/7/2005 19:48:47", 53, 26);
INSERT INTO Ocorrencia(OcorrenciaID, DataInicio, DataFim, Paciente, Doenca) VALUES (358, "7/9/1984 8:3:6", "10/9/1987 9:31:28", 17, 165);
INSERT INTO Ocorrencia(OcorrenciaID, DataInicio, DataFim, Paciente, Doenca) VALUES (359, "24/4/2011 14:27:24", "25/6/2014 15:50:34", 139, 157);
INSERT INTO Ocorrencia(OcorrenciaID, DataInicio, DataFim, Paciente, Doenca) VALUES (360, "17/7/2008 8:22:19", "18/7/2011 9:27:38", 284, 74);
INSERT INTO Ocorrencia(OcorrenciaID, DataInicio, DataFim, Paciente, Doenca) VALUES (361, "12/4/1970 9:13:15", "14/4/1970 11:36:19", 167, 141);
INSERT INTO Ocorrencia(OcorrenciaID, DataInicio, DataFim, Paciente, Doenca) VALUES (362, "20/8/1964 15:4:18", "21/9/1964 17:18:28", 78, 155);
INSERT INTO Ocorrencia(OcorrenciaID, DataInicio, DataFim, Paciente, Doenca) VALUES (363, "7/2/1990 1:19:22", "7/2/1993 3:26:36", 1, 98);
INSERT INTO Ocorrencia(OcorrenciaID, DataInicio, DataFim, Paciente, Doenca) VALUES (364, "17/4/1971 14:16:29", "18/4/1973 15:43:40", 251, 147);
INSERT INTO Ocorrencia(OcorrenciaID, DataInicio, DataFim, Paciente, Doenca) VALUES (365, "3/4/2014 18:19:28", "6/4/2017 20:42:51", 7, 187);
INSERT INTO Ocorrencia(OcorrenciaID, DataInicio, DataFim, Paciente, Doenca) VALUES (366, "13/9/1983 9:18:15", "16/9/1986 10:33:32", 116, 97);
INSERT INTO Ocorrencia(OcorrenciaID, DataInicio, DataFim, Paciente, Doenca) VALUES (367, "18/4/2002 9:17:16", "20/5/2002 11:46:38", 22, 29);
INSERT INTO Ocorrencia(OcorrenciaID, DataInicio, DataFim, Paciente, Doenca) VALUES (368, "18/3/1967 7:27:10", "21/4/1968 9:45:12", 275, 138);
INSERT INTO Ocorrencia(OcorrenciaID, DataInicio, DataFim, Paciente, Doenca) VALUES (369, "22/8/1976 11:9:13", "22/9/1978 13:22:20", 34, 153);
INSERT INTO Ocorrencia(OcorrenciaID, DataInicio, DataFim, Paciente, Doenca) VALUES (370, "14/2/1988 5:18:19", "14/4/1990 7:19:27", 220, 36);
INSERT INTO Ocorrencia(OcorrenciaID, DataInicio, DataFim, Paciente, Doenca) VALUES (371, "22/6/2008 4:0:8", "22/8/2009 5:9:18", 152, 106);
INSERT INTO Ocorrencia(OcorrenciaID, DataInicio, DataFim, Paciente, Doenca) VALUES (372, "24/1/1977 7:0:23", "26/2/1979 9:22:35", 51, 144);
INSERT INTO Ocorrencia(OcorrenciaID, DataInicio, DataFim, Paciente, Doenca) VALUES (373, "24/2/2014 17:23:15", "25/2/2016 18:25:26", 94, 61);
INSERT INTO Ocorrencia(OcorrenciaID, DataInicio, DataFim, Paciente, Doenca) VALUES (374, "18/3/1984 4:14:24", "21/4/1985 6:40:41", 40, 97);
INSERT INTO Ocorrencia(OcorrenciaID, DataInicio, DataFim, Paciente, Doenca) VALUES (375, "19/2/1964 19:22:9", "20/3/1964 20:37:28", 257, 213);
INSERT INTO Ocorrencia(OcorrenciaID, DataInicio, DataFim, Paciente, Doenca) VALUES (376, "1/5/2003 3:28:8", "3/5/2006 4:44:29", 109, 187);
INSERT INTO Ocorrencia(OcorrenciaID, DataInicio, DataFim, Paciente, Doenca) VALUES (377, "9/9/2006 4:2:21", "12/10/2006 6:7:41", 90, 37);
INSERT INTO Ocorrencia(OcorrenciaID, DataInicio, DataFim, Paciente, Doenca) VALUES (378, "13/9/1993 14:4:9", "16/11/1996 15:16:30", 259, 186);
INSERT INTO Ocorrencia(OcorrenciaID, DataInicio, DataFim, Paciente, Doenca) VALUES (379, "3/2/1960 21:6:29", "4/4/1963 22:30:49", 152, 67);
INSERT INTO Ocorrencia(OcorrenciaID, DataInicio, DataFim, Paciente, Doenca) VALUES (380, "15/5/1987 20:10:5", "15/5/1988 22:23:26", 269, 128);
INSERT INTO Ocorrencia(OcorrenciaID, DataInicio, DataFim, Paciente, Doenca) VALUES (381, "15/10/1965 17:7:6", "16/10/1968 18:34:35", 274, 154);
INSERT INTO Ocorrencia(OcorrenciaID, DataInicio, DataFim, Paciente, Doenca) VALUES (382, "2/3/1965 21:28:4", "4/5/1967 22:39:21", 255, 143);
INSERT INTO Ocorrencia(OcorrenciaID, DataInicio, DataFim, Paciente, Doenca) VALUES (383, "7/3/1974 16:17:6", "10/4/1976 17:17:31", 184, 47);
INSERT INTO Ocorrencia(OcorrenciaID, DataInicio, DataFim, Paciente, Doenca) VALUES (384, "15/9/1972 19:17:18", "17/9/1973 20:24:46", 284, 58);
INSERT INTO Ocorrencia(OcorrenciaID, DataInicio, DataFim, Paciente, Doenca) VALUES (385, "19/10/2001 20:9:10", "20/10/2001 22:38:36", 51, 10);
INSERT INTO Ocorrencia(OcorrenciaID, DataInicio, DataFim, Paciente, Doenca) VALUES (386, "17/10/1993 20:6:9", "17/11/1996 21:9:12", 208, 20);
INSERT INTO Ocorrencia(OcorrenciaID, DataInicio, DataFim, Paciente, Doenca) VALUES (387, "21/9/1961 5:27:10", "23/9/1962 6:44:22", 217, 159);
INSERT INTO Ocorrencia(OcorrenciaID, DataInicio, DataFim, Paciente, Doenca) VALUES (388, "9/6/1980 2:8:20", "12/7/1982 4:34:34", 198, 80);
INSERT INTO Ocorrencia(OcorrenciaID, DataInicio, DataFim, Paciente, Doenca) VALUES (389, "16/1/1972 12:15:5", "18/1/1975 13:35:9", 124, 22);
INSERT INTO Ocorrencia(OcorrenciaID, DataInicio, DataFim, Paciente, Doenca) VALUES (390, "24/8/1973 18:8:19", "26/10/1976 20:19:19", 62, 157);
INSERT INTO Ocorrencia(OcorrenciaID, DataInicio, DataFim, Paciente, Doenca) VALUES (391, "1/7/1987 1:29:22", "4/7/1987 3:48:33", 4, 151);
INSERT INTO Ocorrencia(OcorrenciaID, DataInicio, DataFim, Paciente, Doenca) VALUES (392, "10/5/1981 10:9:20", "11/6/1983 11:18:24", 12, 107);
INSERT INTO Ocorrencia(OcorrenciaID, DataInicio, DataFim, Paciente, Doenca) VALUES (393, "14/5/1964 5:20:3", "16/5/1967 6:31:11", 153, 22);
INSERT INTO Ocorrencia(OcorrenciaID, DataInicio, DataFim, Paciente, Doenca) VALUES (394, "22/1/1971 12:9:26", "24/3/1972 13:24:32", 265, 193);
INSERT INTO Ocorrencia(OcorrenciaID, DataInicio, DataFim, Paciente, Doenca) VALUES (395, "8/8/1968 9:3:19", "9/9/1970 11:7:29", 134, 185);
INSERT INTO Ocorrencia(OcorrenciaID, DataInicio, DataFim, Paciente, Doenca) VALUES (396, "23/2/1960 10:15:5", "26/3/1960 12:15:10", 251, 204);
INSERT INTO Ocorrencia(OcorrenciaID, DataInicio, DataFim, Paciente, Doenca) VALUES (397, "3/2/1973 17:14:11", "3/4/1976 18:43:34", 110, 82);
INSERT INTO Ocorrencia(OcorrenciaID, DataInicio, DataFim, Paciente, Doenca) VALUES (398, "11/5/2013 20:1:3", "13/6/2013 21:9:7", 205, 118);
INSERT INTO Ocorrencia(OcorrenciaID, DataInicio, DataFim, Paciente, Doenca) VALUES (399, "1/8/2003 1:12:4", "4/10/2004 3:24:4", 35, 177);
INSERT INTO Ocorrencia(OcorrenciaID, DataInicio, DataFim, Paciente, Doenca) VALUES (400, "4/10/1988 2:27:14", "4/10/1989 3:30:36", 251, 165);
INSERT INTO Ocorrencia(OcorrenciaID, DataInicio, DataFim, Paciente, Doenca) VALUES (401, "15/10/2000 0:21:22", "16/10/2001 2:29:52", 263, 167);
INSERT INTO Ocorrencia(OcorrenciaID, DataInicio, DataFim, Paciente, Doenca) VALUES (402, "10/8/1966 16:29:19", "11/9/1967 17:58:30", 295, 58);
INSERT INTO Ocorrencia(OcorrenciaID, DataInicio, DataFim, Paciente, Doenca) VALUES (403, "22/7/2009 12:24:15", "23/7/2009 13:47:15", 27, 7);
INSERT INTO Ocorrencia(OcorrenciaID, DataInicio, DataFim, Paciente, Doenca) VALUES (404, "21/5/2004 8:29:23", "22/7/2007 10:44:37", 294, 199);
INSERT INTO Ocorrencia(OcorrenciaID, DataInicio, DataFim, Paciente, Doenca) VALUES (405, "5/6/1989 21:25:27", "7/6/1991 22:38:35", 44, 121);
INSERT INTO Ocorrencia(OcorrenciaID, DataInicio, DataFim, Paciente, Doenca) VALUES (406, "14/2/1991 19:26:16", "16/2/1992 20:54:37", 142, 13);
INSERT INTO Ocorrencia(OcorrenciaID, DataInicio, DataFim, Paciente, Doenca) VALUES (407, "24/9/1988 13:3:27", "24/11/1989 15:9:48", 97, 38);
INSERT INTO Ocorrencia(OcorrenciaID, DataInicio, DataFim, Paciente, Doenca) VALUES (408, "25/10/2016 10:22:17", "28/10/2018 12:22:26", 241, 41);
INSERT INTO Ocorrencia(OcorrenciaID, DataInicio, DataFim, Paciente, Doenca) VALUES (409, "3/4/1972 4:17:5", "4/5/1972 5:46:11", 123, 117);
INSERT INTO Ocorrencia(OcorrenciaID, DataInicio, DataFim, Paciente, Doenca) VALUES (410, "14/10/1974 14:8:0", "15/10/1975 15:35:26", 299, 109);
INSERT INTO Ocorrencia(OcorrenciaID, DataInicio, DataFim, Paciente, Doenca) VALUES (411, "15/2/1966 0:19:23", "17/4/1968 2:46:25", 52, 26);
INSERT INTO Ocorrencia(OcorrenciaID, DataInicio, DataFim, Paciente, Doenca) VALUES (412, "6/5/1995 21:13:23", "9/7/1995 23:39:49", 297, 17);
INSERT INTO Ocorrencia(OcorrenciaID, DataInicio, DataFim, Paciente, Doenca) VALUES (413, "14/4/1963 8:6:9", "14/6/1965 10:35:36", 255, 84);
INSERT INTO Ocorrencia(OcorrenciaID, DataInicio, DataFim, Paciente, Doenca) VALUES (414, "6/3/2012 20:7:8", "6/3/2014 22:30:16", 72, 158);
INSERT INTO Ocorrencia(OcorrenciaID, DataInicio, DataFim, Paciente, Doenca) VALUES (415, "25/9/2018 6:13:2", "26/11/2019 7:37:6", 78, 37);
INSERT INTO Ocorrencia(OcorrenciaID, DataInicio, DataFim, Paciente, Doenca) VALUES (416, "13/4/1967 16:18:19", "15/5/1968 18:30:46", 35, 186);
INSERT INTO Ocorrencia(OcorrenciaID, DataInicio, DataFim, Paciente, Doenca) VALUES (417, "3/7/1969 6:16:24", "3/9/1970 8:20:30", 225, 27);
INSERT INTO Ocorrencia(OcorrenciaID, DataInicio, DataFim, Paciente, Doenca) VALUES (418, "24/3/2008 5:8:8", "25/4/2009 6:11:23", 16, 104);
INSERT INTO Ocorrencia(OcorrenciaID, DataInicio, DataFim, Paciente, Doenca) VALUES (419, "23/8/1983 8:28:24", "24/8/1986 9:28:51", 8, 92);
INSERT INTO Ocorrencia(OcorrenciaID, DataInicio, DataFim, Paciente, Doenca) VALUES (420, "5/1/2015 1:23:5", "5/2/2017 2:46:24", 6, 185);
INSERT INTO Ocorrencia(OcorrenciaID, DataInicio, DataFim, Paciente, Doenca) VALUES (421, "21/5/2015 2:10:8", "21/6/2018 4:27:27", 142, 177);
INSERT INTO Ocorrencia(OcorrenciaID, DataInicio, DataFim, Paciente, Doenca) VALUES (422, "9/2/1978 12:0:18", "12/3/1978 13:9:19", 18, 11);
INSERT INTO Ocorrencia(OcorrenciaID, DataInicio, DataFim, Paciente, Doenca) VALUES (423, "21/8/2000 14:3:22", "21/9/2003 15:24:41", 67, 90);
INSERT INTO Ocorrencia(OcorrenciaID, DataInicio, DataFim, Paciente, Doenca) VALUES (424, "22/10/1974 4:12:28", "25/12/1974 6:42:46", 245, 132);
INSERT INTO Ocorrencia(OcorrenciaID, DataInicio, DataFim, Paciente, Doenca) VALUES (425, "25/10/1983 10:18:2", "27/11/1986 12:26:18", 213, 223);
INSERT INTO Ocorrencia(OcorrenciaID, DataInicio, DataFim, Paciente, Doenca) VALUES (426, "15/1/1979 14:5:14", "16/2/1979 16:11:31", 200, 10);
INSERT INTO Ocorrencia(OcorrenciaID, DataInicio, DataFim, Paciente, Doenca) VALUES (427, "24/1/1970 3:10:20", "27/2/1973 5:20:22", 186, 230);
INSERT INTO Ocorrencia(OcorrenciaID, DataInicio, DataFim, Paciente, Doenca) VALUES (428, "1/10/1980 19:0:4", "3/10/1981 20:29:15", 228, 191);
INSERT INTO Ocorrencia(OcorrenciaID, DataInicio, DataFim, Paciente, Doenca) VALUES (429, "14/5/1991 8:18:2", "14/5/1994 9:19:14", 157, 19);
INSERT INTO Ocorrencia(OcorrenciaID, DataInicio, DataFim, Paciente, Doenca) VALUES (430, "6/6/1977 16:5:17", "8/7/1979 18:11:39", 246, 190);
INSERT INTO Ocorrencia(OcorrenciaID, DataInicio, DataFim, Paciente, Doenca) VALUES (431, "2/1/1985 9:7:25", "3/1/1987 11:35:38", 125, 2);
INSERT INTO Ocorrencia(OcorrenciaID, DataInicio, DataFim, Paciente, Doenca) VALUES (432, "8/7/2014 4:12:18", "11/9/2017 5:32:47", 264, 51);
INSERT INTO Ocorrencia(OcorrenciaID, DataInicio, DataFim, Paciente, Doenca) VALUES (433, "4/1/1964 19:11:11", "6/1/1966 20:25:37", 293, 132);
INSERT INTO Ocorrencia(OcorrenciaID, DataInicio, DataFim, Paciente, Doenca) VALUES (434, "11/5/1972 5:6:1", "14/6/1975 7:34:2", 171, 208);
INSERT INTO Ocorrencia(OcorrenciaID, DataInicio, DataFim, Paciente, Doenca) VALUES (435, "7/7/1968 2:3:21", "8/9/1968 4:4:35", 116, 176);
INSERT INTO Ocorrencia(OcorrenciaID, DataInicio, DataFim, Paciente, Doenca) VALUES (436, "21/5/2001 7:26:22", "22/6/2001 8:53:29", 105, 117);
INSERT INTO Ocorrencia(OcorrenciaID, DataInicio, DataFim, Paciente, Doenca) VALUES (437, "11/5/1978 2:25:7", "14/6/1979 4:31:12", 103, 85);
INSERT INTO Ocorrencia(OcorrenciaID, DataInicio, DataFim, Paciente, Doenca) VALUES (438, "15/3/1984 1:8:18", "18/3/1986 2:17:30", 195, 105);
INSERT INTO Ocorrencia(OcorrenciaID, DataInicio, DataFim, Paciente, Doenca) VALUES (439, "11/9/2015 3:3:28", "14/10/2016 5:21:53", 126, 188);
INSERT INTO Ocorrencia(OcorrenciaID, DataInicio, DataFim, Paciente, Doenca) VALUES (440, "2/8/1997 1:16:19", "2/10/1999 2:34:23", 132, 18);
INSERT INTO Ocorrencia(OcorrenciaID, DataInicio, DataFim, Paciente, Doenca) VALUES (441, "13/10/1963 10:6:8", "13/11/1963 12:19:18", 196, 10);
INSERT INTO Ocorrencia(OcorrenciaID, DataInicio, DataFim, Paciente, Doenca) VALUES (442, "17/5/2013 20:12:11", "17/6/2015 21:36:20", 48, 180);
INSERT INTO Ocorrencia(OcorrenciaID, DataInicio, DataFim, Paciente, Doenca) VALUES (443, "9/6/1968 2:16:20", "12/8/1968 3:20:21", 292, 182);
INSERT INTO Ocorrencia(OcorrenciaID, DataInicio, DataFim, Paciente, Doenca) VALUES (444, "22/8/1967 10:9:15", "25/8/1968 12:24:37", 59, 36);
INSERT INTO Ocorrencia(OcorrenciaID, DataInicio, DataFim, Paciente, Doenca) VALUES (445, "19/8/2012 17:21:21", "20/8/2015 18:31:45", 298, 105);
INSERT INTO Ocorrencia(OcorrenciaID, DataInicio, DataFim, Paciente, Doenca) VALUES (446, "6/7/1991 13:11:7", "8/8/1993 15:13:12", 39, 7);
INSERT INTO Ocorrencia(OcorrenciaID, DataInicio, DataFim, Paciente, Doenca) VALUES (447, "8/6/2006 1:11:18", "8/7/2009 3:18:33", 51, 175);
INSERT INTO Ocorrencia(OcorrenciaID, DataInicio, DataFim, Paciente, Doenca) VALUES (448, "6/5/2014 20:27:12", "9/5/2014 22:56:22", 2, 213);
INSERT INTO Ocorrencia(OcorrenciaID, DataInicio, DataFim, Paciente, Doenca) VALUES (449, "7/3/1962 6:26:24", "8/5/1964 8:33:45", 107, 107);
INSERT INTO Ocorrencia(OcorrenciaID, DataInicio, DataFim, Paciente, Doenca) VALUES (450, "9/3/2007 6:29:12", "11/5/2009 8:37:37", 243, 232);
INSERT INTO Ocorrencia(OcorrenciaID, DataInicio, DataFim, Paciente, Doenca) VALUES (451, "20/10/1963 19:3:14", "21/12/1963 20:4:39", 216, 33);
INSERT INTO Ocorrencia(OcorrenciaID, DataInicio, DataFim, Paciente, Doenca) VALUES (452, "8/10/1994 3:20:7", "11/11/1994 4:26:36", 140, 112);
INSERT INTO Ocorrencia(OcorrenciaID, DataInicio, DataFim, Paciente, Doenca) VALUES (453, "16/4/2015 7:19:7", "18/5/2018 9:34:35", 198, 210);
INSERT INTO Ocorrencia(OcorrenciaID, DataInicio, DataFim, Paciente, Doenca) VALUES (454, "17/9/1981 17:28:22", "20/11/1983 18:34:30", 291, 142);
INSERT INTO Ocorrencia(OcorrenciaID, DataInicio, DataFim, Paciente, Doenca) VALUES (455, "13/5/2013 10:26:0", "16/5/2013 12:33:12", 55, 151);
INSERT INTO Ocorrencia(OcorrenciaID, DataInicio, DataFim, Paciente, Doenca) VALUES (456, "9/3/2015 7:28:19", "10/3/2017 8:42:33", 28, 34);
INSERT INTO Ocorrencia(OcorrenciaID, DataInicio, DataFim, Paciente, Doenca) VALUES (457, "13/4/1975 19:2:2", "14/4/1978 21:18:23", 3, 156);
INSERT INTO Ocorrencia(OcorrenciaID, DataInicio, DataFim, Paciente, Doenca) VALUES (458, "7/4/2017 15:5:27", "7/4/2020 17:9:48", 289, 54);
INSERT INTO Ocorrencia(OcorrenciaID, DataInicio, DataFim, Paciente, Doenca) VALUES (459, "9/4/1990 1:8:9", "10/5/1992 3:27:35", 171, 42);
INSERT INTO Ocorrencia(OcorrenciaID, DataInicio, DataFim, Paciente, Doenca) VALUES (460, "15/10/1984 11:15:19", "17/10/1987 13:44:32", 3, 209);
INSERT INTO Ocorrencia(OcorrenciaID, DataInicio, DataFim, Paciente, Doenca) VALUES (461, "15/6/2002 12:24:26", "18/7/2003 14:41:31", 86, 59);
INSERT INTO Ocorrencia(OcorrenciaID, DataInicio, DataFim, Paciente, Doenca) VALUES (462, "19/10/2001 17:17:19", "19/12/2003 19:39:36", 127, 112);
INSERT INTO Ocorrencia(OcorrenciaID, DataInicio, DataFim, Paciente, Doenca) VALUES (463, "22/3/1964 0:3:26", "23/3/1965 1:26:34", 134, 86);
INSERT INTO Ocorrencia(OcorrenciaID, DataInicio, DataFim, Paciente, Doenca) VALUES (464, "16/2/1989 8:23:9", "16/4/1991 9:36:28", 231, 47);
INSERT INTO Ocorrencia(OcorrenciaID, DataInicio, DataFim, Paciente, Doenca) VALUES (465, "2/7/2013 2:24:22", "5/9/2014 3:40:27", 200, 222);
INSERT INTO Ocorrencia(OcorrenciaID, DataInicio, DataFim, Paciente, Doenca) VALUES (466, "2/3/1993 3:11:19", "4/4/1995 5:25:41", 180, 89);
INSERT INTO Ocorrencia(OcorrenciaID, DataInicio, DataFim, Paciente, Doenca) VALUES (467, "3/7/2018 6:20:20", "4/8/2020 7:42:26", 110, 35);
INSERT INTO Ocorrencia(OcorrenciaID, DataInicio, DataFim, Paciente, Doenca) VALUES (468, "25/7/2006 20:9:13", "27/8/2006 21:11:29", 67, 13);
INSERT INTO Ocorrencia(OcorrenciaID, DataInicio, DataFim, Paciente, Doenca) VALUES (469, "16/6/1995 7:16:15", "17/7/1997 8:18:18", 122, 198);
INSERT INTO Ocorrencia(OcorrenciaID, DataInicio, DataFim, Paciente, Doenca) VALUES (470, "23/10/1994 16:2:29", "23/10/1995 18:31:34", 232, 227);
INSERT INTO Ocorrencia(OcorrenciaID, DataInicio, DataFim, Paciente, Doenca) VALUES (471, "15/9/1988 17:16:11", "15/10/1988 19:24:23", 49, 49);
INSERT INTO Ocorrencia(OcorrenciaID, DataInicio, DataFim, Paciente, Doenca) VALUES (472, "18/3/2004 12:1:0", "21/5/2005 14:24:12", 276, 58);
INSERT INTO Ocorrencia(OcorrenciaID, DataInicio, DataFim, Paciente, Doenca) VALUES (473, "10/8/1971 0:13:25", "10/10/1971 1:41:39", 192, 24);
INSERT INTO Ocorrencia(OcorrenciaID, DataInicio, DataFim, Paciente, Doenca) VALUES (474, "19/8/2001 4:3:9", "22/9/2003 5:23:38", 232, 125);
INSERT INTO Ocorrencia(OcorrenciaID, DataInicio, DataFim, Paciente, Doenca) VALUES (475, "15/8/2013 12:21:25", "16/8/2013 14:34:54", 268, 184);
INSERT INTO Ocorrencia(OcorrenciaID, DataInicio, DataFim, Paciente, Doenca) VALUES (476, "5/6/1981 12:16:12", "6/7/1982 14:40:14", 188, 25);
INSERT INTO Ocorrencia(OcorrenciaID, DataInicio, DataFim, Paciente, Doenca) VALUES (477, "15/6/1962 8:23:23", "17/6/1964 9:32:52", 297, 188);
INSERT INTO Ocorrencia(OcorrenciaID, DataInicio, DataFim, Paciente, Doenca) VALUES (478, "5/4/1999 18:12:8", "8/4/1999 20:12:28", 211, 162);
INSERT INTO Ocorrencia(OcorrenciaID, DataInicio, DataFim, Paciente, Doenca) VALUES (479, "5/2/1984 18:9:25", "7/2/1985 19:21:32", 157, 57);
INSERT INTO Ocorrencia(OcorrenciaID, DataInicio, DataFim, Paciente, Doenca) VALUES (480, "8/5/1961 11:17:0", "8/7/1964 13:38:24", 132, 35);
INSERT INTO Ocorrencia(OcorrenciaID, DataInicio, DataFim, Paciente, Doenca) VALUES (481, "12/7/1961 1:26:1", "12/9/1964 3:38:8", 35, 47);
INSERT INTO Ocorrencia(OcorrenciaID, DataInicio, DataFim, Paciente, Doenca) VALUES (482, "20/2/1960 16:25:15", "20/2/1963 18:34:43", 229, 57);
INSERT INTO Ocorrencia(OcorrenciaID, DataInicio, DataFim, Paciente, Doenca) VALUES (483, "20/1/1992 13:10:15", "20/3/1993 15:39:18", 94, 151);
INSERT INTO Ocorrencia(OcorrenciaID, DataInicio, DataFim, Paciente, Doenca) VALUES (484, "15/3/1986 21:1:29", "16/4/1987 22:3:39", 129, 178);
INSERT INTO Ocorrencia(OcorrenciaID, DataInicio, DataFim, Paciente, Doenca) VALUES (485, "24/9/1999 11:11:18", "27/11/1999 13:18:47", 129, 186);
INSERT INTO Ocorrencia(OcorrenciaID, DataInicio, DataFim, Paciente, Doenca) VALUES (486, "15/4/2008 19:7:22", "15/4/2011 20:15:26", 31, 69);
INSERT INTO Ocorrencia(OcorrenciaID, DataInicio, DataFim, Paciente, Doenca) VALUES (487, "2/10/1982 19:21:14", "4/12/1985 21:44:17", 124, 226);
INSERT INTO Ocorrencia(OcorrenciaID, DataInicio, DataFim, Paciente, Doenca) VALUES (488, "12/9/1985 11:0:19", "14/10/1988 12:20:22", 167, 142);
INSERT INTO Ocorrencia(OcorrenciaID, DataInicio, DataFim, Paciente, Doenca) VALUES (489, "18/3/1997 8:25:7", "19/5/1998 9:32:36", 229, 175);
INSERT INTO Ocorrencia(OcorrenciaID, DataInicio, DataFim, Paciente, Doenca) VALUES (490, "1/3/2018 10:28:24", "3/3/2018 12:40:26", 287, 100);
INSERT INTO Ocorrencia(OcorrenciaID, DataInicio, DataFim, Paciente, Doenca) VALUES (491, "23/8/2014 5:29:20", "24/8/2014 7:49:20", 86, 220);
INSERT INTO Ocorrencia(OcorrenciaID, DataInicio, DataFim, Paciente, Doenca) VALUES (492, "24/4/1972 1:9:11", "26/4/1973 3:29:24", 161, 2);
INSERT INTO Ocorrencia(OcorrenciaID, DataInicio, DataFim, Paciente, Doenca) VALUES (493, "15/7/1993 3:11:19", "15/7/1994 5:25:48", 126, 139);
INSERT INTO Ocorrencia(OcorrenciaID, DataInicio, DataFim, Paciente, Doenca) VALUES (494, "15/7/2018 20:9:12", "18/8/2021 22:17:31", 109, 71);
INSERT INTO Ocorrencia(OcorrenciaID, DataInicio, DataFim, Paciente, Doenca) VALUES (495, "15/7/1975 9:18:5", "16/7/1978 11:30:15", 104, 3);
INSERT INTO Ocorrencia(OcorrenciaID, DataInicio, DataFim, Paciente, Doenca) VALUES (496, "12/10/2006 20:3:23", "12/10/2006 21:19:36", 116, 169);
INSERT INTO Ocorrencia(OcorrenciaID, DataInicio, DataFim, Paciente, Doenca) VALUES (497, "12/7/1976 15:21:1", "14/7/1977 17:47:23", 34, 220);
INSERT INTO Ocorrencia(OcorrenciaID, DataInicio, DataFim, Paciente, Doenca) VALUES (498, "19/9/1976 5:1:3", "22/9/1976 6:10:32", 5, 181);
INSERT INTO Ocorrencia(OcorrenciaID, DataInicio, DataFim, Paciente, Doenca) VALUES (499, "7/6/1963 11:14:26", "7/7/1965 13:36:44", 267, 77);
INSERT INTO Ocorrencia(OcorrenciaID, DataInicio, DataFim, Paciente, Doenca) VALUES (500, "23/5/1999 12:24:0", "23/7/1999 13:41:19", 125, 138);

-- Evento
INSERT INTO Evento(EventoID,Descricao, Data, Admissao, Quarto) VALUES (1, "Decription","9/5/1978 8:52:49" ,99, 138);
INSERT INTO Evento(EventoID,Descricao, Data, Admissao, Quarto) VALUES (2, "Decription","8/4/1973 8:38:23" ,225, 221);
INSERT INTO Evento(EventoID,Descricao, Data, Admissao, Quarto) VALUES (3, "Decription","17/10/2002 0:19:2" ,457, 148);
INSERT INTO Evento(EventoID,Descricao, Data, Admissao, Quarto) VALUES (4, "Decription","6/2/2010 22:13:51" ,250, 225);
INSERT INTO Evento(EventoID,Descricao, Data, Admissao, Quarto) VALUES (5, "Decription","6/5/1967 6:31:29" ,419, 196);
INSERT INTO Evento(EventoID,Descricao, Data, Admissao, Quarto) VALUES (6, "Decription","16/2/1998 8:18:34" ,327, 172);
INSERT INTO Evento(EventoID,Descricao, Data, Admissao, Quarto) VALUES (7, "Decription","23/4/1999 4:2:34" ,286, 151);
INSERT INTO Evento(EventoID,Descricao, Data, Admissao, Quarto) VALUES (8, "Decription","17/5/1967 16:55:41" ,216, 182);
INSERT INTO Evento(EventoID,Descricao, Data, Admissao, Quarto) VALUES (9, "Decription","7/11/1965 5:51:3" ,487, 231);
INSERT INTO Evento(EventoID,Descricao, Data, Admissao, Quarto) VALUES (10, "Decription","3/11/1969 21:23:35" ,289, 147);
INSERT INTO Evento(EventoID,Descricao, Data, Admissao, Quarto) VALUES (11, "Decription","18/5/1962 12:47:2" ,454, 110);
INSERT INTO Evento(EventoID,Descricao, Data, Admissao, Quarto) VALUES (12, "Decription","2/8/1962 9:33:36" ,75, 120);
INSERT INTO Evento(EventoID,Descricao, Data, Admissao, Quarto) VALUES (13, "Decription","17/3/2004 22:21:48" ,444, 109);
INSERT INTO Evento(EventoID,Descricao, Data, Admissao, Quarto) VALUES (14, "Decription","13/2/2008 13:56:8" ,352, 224);
INSERT INTO Evento(EventoID,Descricao, Data, Admissao, Quarto) VALUES (15, "Decription","15/4/2012 16:5:45" ,12, 171);
INSERT INTO Evento(EventoID,Descricao, Data, Admissao, Quarto) VALUES (16, "Decription","14/1/1992 9:55:13" ,58, 147);
INSERT INTO Evento(EventoID,Descricao, Data, Admissao, Quarto) VALUES (17, "Decription","26/10/1980 22:3:27" ,363, 102);
INSERT INTO Evento(EventoID,Descricao, Data, Admissao, Quarto) VALUES (18, "Decription","3/9/1969 17:19:22" ,119, 118);
INSERT INTO Evento(EventoID,Descricao, Data, Admissao, Quarto) VALUES (19, "Decription","3/3/1998 22:20:28" ,46, 162);
INSERT INTO Evento(EventoID,Descricao, Data, Admissao, Quarto) VALUES (20, "Decription","13/12/1977 21:41:10" ,267, 214);
INSERT INTO Evento(EventoID,Descricao, Data, Admissao, Quarto) VALUES (21, "Decription","24/4/2010 16:39:22" ,51, 136);
INSERT INTO Evento(EventoID,Descricao, Data, Admissao, Quarto) VALUES (22, "Decription","15/5/1980 22:6:18" ,317, 161);
INSERT INTO Evento(EventoID,Descricao, Data, Admissao, Quarto) VALUES (23, "Decription","5/2/1982 2:55:40" ,386, 124);
INSERT INTO Evento(EventoID,Descricao, Data, Admissao, Quarto) VALUES (24, "Decription","12/1/2000 2:3:13" ,473, 200);
INSERT INTO Evento(EventoID,Descricao, Data, Admissao, Quarto) VALUES (25, "Decription","19/2/1993 13:15:0" ,287, 191);
INSERT INTO Evento(EventoID,Descricao, Data, Admissao, Quarto) VALUES (26, "Decription","12/3/1990 8:4:25" ,359, 145);
INSERT INTO Evento(EventoID,Descricao, Data, Admissao, Quarto) VALUES (27, "Decription","4/12/1972 15:45:49" ,78, 249);
INSERT INTO Evento(EventoID,Descricao, Data, Admissao, Quarto) VALUES (28, "Decription","20/4/1998 10:15:28" ,267, 150);
INSERT INTO Evento(EventoID,Descricao, Data, Admissao, Quarto) VALUES (29, "Decription","20/7/1984 17:47:31" ,294, 172);
INSERT INTO Evento(EventoID,Descricao, Data, Admissao, Quarto) VALUES (30, "Decription","1/7/1979 0:40:47" ,296, 159);
INSERT INTO Evento(EventoID,Descricao, Data, Admissao, Quarto) VALUES (31, "Decription","11/7/1965 2:27:26" ,255, 128);
INSERT INTO Evento(EventoID,Descricao, Data, Admissao, Quarto) VALUES (32, "Decription","28/6/1966 13:5:54" ,267, 109);
INSERT INTO Evento(EventoID,Descricao, Data, Admissao, Quarto) VALUES (33, "Decription","3/11/1990 0:1:16" ,463, 240);
INSERT INTO Evento(EventoID,Descricao, Data, Admissao, Quarto) VALUES (34, "Decription","1/9/1997 16:54:19" ,411, 143);
INSERT INTO Evento(EventoID,Descricao, Data, Admissao, Quarto) VALUES (35, "Decription","7/8/2007 4:57:53" ,430, 166);
INSERT INTO Evento(EventoID,Descricao, Data, Admissao, Quarto) VALUES (36, "Decription","20/11/2005 15:28:50" ,192, 199);
INSERT INTO Evento(EventoID,Descricao, Data, Admissao, Quarto) VALUES (37, "Decription","13/8/1968 15:18:53" ,69, 221);
INSERT INTO Evento(EventoID,Descricao, Data, Admissao, Quarto) VALUES (38, "Decription","7/3/2001 19:24:28" ,444, 205);
INSERT INTO Evento(EventoID,Descricao, Data, Admissao, Quarto) VALUES (39, "Decription","10/2/1968 15:34:27" ,402, 241);
INSERT INTO Evento(EventoID,Descricao, Data, Admissao, Quarto) VALUES (40, "Decription","10/5/1983 8:56:16" ,349, 112);
INSERT INTO Evento(EventoID,Descricao, Data, Admissao, Quarto) VALUES (41, "Decription","25/4/1996 9:56:7" ,183, 226);
INSERT INTO Evento(EventoID,Descricao, Data, Admissao, Quarto) VALUES (42, "Decription","10/9/1975 22:58:34" ,317, 198);
INSERT INTO Evento(EventoID,Descricao, Data, Admissao, Quarto) VALUES (43, "Decription","10/9/1971 17:16:37" ,240, 132);
INSERT INTO Evento(EventoID,Descricao, Data, Admissao, Quarto) VALUES (44, "Decription","21/11/1996 14:40:56" ,187, 233);
INSERT INTO Evento(EventoID,Descricao, Data, Admissao, Quarto) VALUES (45, "Decription","26/5/1988 8:24:41" ,165, 216);
INSERT INTO Evento(EventoID,Descricao, Data, Admissao, Quarto) VALUES (46, "Decription","18/12/1966 0:6:29" ,306, 124);
INSERT INTO Evento(EventoID,Descricao, Data, Admissao, Quarto) VALUES (47, "Decription","27/4/1988 21:49:8" ,473, 137);
INSERT INTO Evento(EventoID,Descricao, Data, Admissao, Quarto) VALUES (48, "Decription","7/6/1989 15:54:19" ,168, 150);
INSERT INTO Evento(EventoID,Descricao, Data, Admissao, Quarto) VALUES (49, "Decription","22/6/1964 4:38:47" ,152, 226);
INSERT INTO Evento(EventoID,Descricao, Data, Admissao, Quarto) VALUES (50, "Decription","23/12/2007 17:8:55" ,158, 115);
INSERT INTO Evento(EventoID,Descricao, Data, Admissao, Quarto) VALUES (51, "Decription","25/12/1977 12:54:37" ,416, 152);
INSERT INTO Evento(EventoID,Descricao, Data, Admissao, Quarto) VALUES (52, "Decription","4/4/1996 8:5:58" ,8, 191);
INSERT INTO Evento(EventoID,Descricao, Data, Admissao, Quarto) VALUES (53, "Decription","9/4/1962 18:50:4" ,368, 203);
INSERT INTO Evento(EventoID,Descricao, Data, Admissao, Quarto) VALUES (54, "Decription","1/10/1998 14:4:12" ,280, 249);
INSERT INTO Evento(EventoID,Descricao, Data, Admissao, Quarto) VALUES (55, "Decription","28/11/1960 15:58:8" ,231, 128);
INSERT INTO Evento(EventoID,Descricao, Data, Admissao, Quarto) VALUES (56, "Decription","28/2/1988 2:15:57" ,385, 239);
INSERT INTO Evento(EventoID,Descricao, Data, Admissao, Quarto) VALUES (57, "Decription","8/7/1994 6:14:5" ,471, 162);
INSERT INTO Evento(EventoID,Descricao, Data, Admissao, Quarto) VALUES (58, "Decription","16/11/1988 3:10:28" ,446, 179);
INSERT INTO Evento(EventoID,Descricao, Data, Admissao, Quarto) VALUES (59, "Decription","19/12/2018 9:35:36" ,304, 109);
INSERT INTO Evento(EventoID,Descricao, Data, Admissao, Quarto) VALUES (60, "Decription","1/1/1960 22:9:41" ,289, 209);
INSERT INTO Evento(EventoID,Descricao, Data, Admissao, Quarto) VALUES (61, "Decription","6/10/1980 9:19:56" ,453, 111);
INSERT INTO Evento(EventoID,Descricao, Data, Admissao, Quarto) VALUES (62, "Decription","23/7/1977 5:23:12" ,400, 219);
INSERT INTO Evento(EventoID,Descricao, Data, Admissao, Quarto) VALUES (63, "Decription","26/11/1993 4:16:0" ,482, 244);
INSERT INTO Evento(EventoID,Descricao, Data, Admissao, Quarto) VALUES (64, "Decription","8/2/2006 9:28:29" ,254, 162);
INSERT INTO Evento(EventoID,Descricao, Data, Admissao, Quarto) VALUES (65, "Decription","2/11/2019 20:26:56" ,429, 134);
INSERT INTO Evento(EventoID,Descricao, Data, Admissao, Quarto) VALUES (66, "Decription","8/12/1965 6:59:27" ,443, 221);
INSERT INTO Evento(EventoID,Descricao, Data, Admissao, Quarto) VALUES (67, "Decription","7/12/2012 11:54:0" ,483, 159);
INSERT INTO Evento(EventoID,Descricao, Data, Admissao, Quarto) VALUES (68, "Decription","20/2/2019 1:20:0" ,296, 210);
INSERT INTO Evento(EventoID,Descricao, Data, Admissao, Quarto) VALUES (69, "Decription","24/6/1964 23:8:58" ,287, 208);
INSERT INTO Evento(EventoID,Descricao, Data, Admissao, Quarto) VALUES (70, "Decription","22/9/1993 20:47:50" ,93, 139);
INSERT INTO Evento(EventoID,Descricao, Data, Admissao, Quarto) VALUES (71, "Decription","21/1/2013 9:13:5" ,413, 234);
INSERT INTO Evento(EventoID,Descricao, Data, Admissao, Quarto) VALUES (72, "Decription","13/2/1997 3:24:43" ,399, 212);
INSERT INTO Evento(EventoID,Descricao, Data, Admissao, Quarto) VALUES (73, "Decription","8/1/1966 1:34:54" ,173, 123);
INSERT INTO Evento(EventoID,Descricao, Data, Admissao, Quarto) VALUES (74, "Decription","12/10/1995 19:11:23" ,52, 213);
INSERT INTO Evento(EventoID,Descricao, Data, Admissao, Quarto) VALUES (75, "Decription","8/4/1996 23:5:55" ,253, 210);
INSERT INTO Evento(EventoID,Descricao, Data, Admissao, Quarto) VALUES (76, "Decription","17/4/1983 11:54:49" ,382, 164);
INSERT INTO Evento(EventoID,Descricao, Data, Admissao, Quarto) VALUES (77, "Decription","5/11/2017 10:53:27" ,212, 177);
INSERT INTO Evento(EventoID,Descricao, Data, Admissao, Quarto) VALUES (78, "Decription","26/11/2019 10:33:17" ,109, 127);
INSERT INTO Evento(EventoID,Descricao, Data, Admissao, Quarto) VALUES (79, "Decription","12/2/1983 4:9:27" ,171, 192);
INSERT INTO Evento(EventoID,Descricao, Data, Admissao, Quarto) VALUES (80, "Decription","4/3/1993 21:4:15" ,452, 148);
INSERT INTO Evento(EventoID,Descricao, Data, Admissao, Quarto) VALUES (81, "Decription","23/11/1976 5:30:7" ,414, 157);
INSERT INTO Evento(EventoID,Descricao, Data, Admissao, Quarto) VALUES (82, "Decription","9/8/1993 1:36:4" ,466, 212);
INSERT INTO Evento(EventoID,Descricao, Data, Admissao, Quarto) VALUES (83, "Decription","26/1/1992 6:3:15" ,198, 106);
INSERT INTO Evento(EventoID,Descricao, Data, Admissao, Quarto) VALUES (84, "Decription","22/11/2005 9:34:54" ,251, 167);
INSERT INTO Evento(EventoID,Descricao, Data, Admissao, Quarto) VALUES (85, "Decription","11/11/1987 4:9:21" ,355, 212);
INSERT INTO Evento(EventoID,Descricao, Data, Admissao, Quarto) VALUES (86, "Decription","12/4/1986 15:20:40" ,310, 118);
INSERT INTO Evento(EventoID,Descricao, Data, Admissao, Quarto) VALUES (87, "Decription","17/12/1997 18:14:9" ,116, 248);
INSERT INTO Evento(EventoID,Descricao, Data, Admissao, Quarto) VALUES (88, "Decription","12/10/1990 15:19:57" ,15, 153);
INSERT INTO Evento(EventoID,Descricao, Data, Admissao, Quarto) VALUES (89, "Decription","19/1/1982 14:47:31" ,194, 217);
INSERT INTO Evento(EventoID,Descricao, Data, Admissao, Quarto) VALUES (90, "Decription","8/6/1962 12:24:25" ,432, 229);
INSERT INTO Evento(EventoID,Descricao, Data, Admissao, Quarto) VALUES (91, "Decription","10/10/2010 2:30:20" ,465, 131);
INSERT INTO Evento(EventoID,Descricao, Data, Admissao, Quarto) VALUES (92, "Decription","4/3/1968 0:34:26" ,370, 143);
INSERT INTO Evento(EventoID,Descricao, Data, Admissao, Quarto) VALUES (93, "Decription","7/10/2006 4:50:57" ,408, 224);
INSERT INTO Evento(EventoID,Descricao, Data, Admissao, Quarto) VALUES (94, "Decription","22/4/2010 9:15:13" ,456, 182);
INSERT INTO Evento(EventoID,Descricao, Data, Admissao, Quarto) VALUES (95, "Decription","8/9/2011 22:1:40" ,155, 175);
INSERT INTO Evento(EventoID,Descricao, Data, Admissao, Quarto) VALUES (96, "Decription","11/12/1975 14:8:37" ,7, 210);
INSERT INTO Evento(EventoID,Descricao, Data, Admissao, Quarto) VALUES (97, "Decription","2/1/2015 12:10:17" ,30, 139);
INSERT INTO Evento(EventoID,Descricao, Data, Admissao, Quarto) VALUES (98, "Decription","11/11/1994 5:40:29" ,272, 206);
INSERT INTO Evento(EventoID,Descricao, Data, Admissao, Quarto) VALUES (99, "Decription","22/2/1975 18:1:57" ,63, 189);
INSERT INTO Evento(EventoID,Descricao, Data, Admissao, Quarto) VALUES (100, "Decription","8/6/1976 21:11:11" ,245, 236);
INSERT INTO Evento(EventoID,Descricao, Data, Admissao, Quarto) VALUES (101, "Decription","19/6/1987 8:1:10" ,146, 102);
INSERT INTO Evento(EventoID,Descricao, Data, Admissao, Quarto) VALUES (102, "Decription","13/9/1994 2:44:24" ,459, 186);
INSERT INTO Evento(EventoID,Descricao, Data, Admissao, Quarto) VALUES (103, "Decription","18/9/2019 5:42:28" ,20, 231);
INSERT INTO Evento(EventoID,Descricao, Data, Admissao, Quarto) VALUES (104, "Decription","15/3/1965 11:46:16" ,359, 231);
INSERT INTO Evento(EventoID,Descricao, Data, Admissao, Quarto) VALUES (105, "Decription","25/6/1976 8:12:22" ,166, 248);
INSERT INTO Evento(EventoID,Descricao, Data, Admissao, Quarto) VALUES (106, "Decription","3/3/2015 16:32:9" ,16, 175);
INSERT INTO Evento(EventoID,Descricao, Data, Admissao, Quarto) VALUES (107, "Decription","24/9/2015 1:58:16" ,308, 116);
INSERT INTO Evento(EventoID,Descricao, Data, Admissao, Quarto) VALUES (108, "Decription","2/11/2013 20:37:21" ,163, 105);
INSERT INTO Evento(EventoID,Descricao, Data, Admissao, Quarto) VALUES (109, "Decription","12/7/2003 13:24:50" ,38, 215);
INSERT INTO Evento(EventoID,Descricao, Data, Admissao, Quarto) VALUES (110, "Decription","12/3/2004 8:33:0" ,247, 136);
INSERT INTO Evento(EventoID,Descricao, Data, Admissao, Quarto) VALUES (111, "Decription","4/4/2007 18:50:41" ,36, 136);
INSERT INTO Evento(EventoID,Descricao, Data, Admissao, Quarto) VALUES (112, "Decription","1/5/1997 17:7:16" ,308, 221);
INSERT INTO Evento(EventoID,Descricao, Data, Admissao, Quarto) VALUES (113, "Decription","27/12/1990 1:46:55" ,495, 165);
INSERT INTO Evento(EventoID,Descricao, Data, Admissao, Quarto) VALUES (114, "Decription","4/7/2007 3:5:31" ,337, 131);
INSERT INTO Evento(EventoID,Descricao, Data, Admissao, Quarto) VALUES (115, "Decription","4/10/1964 15:6:7" ,41, 214);
INSERT INTO Evento(EventoID,Descricao, Data, Admissao, Quarto) VALUES (116, "Decription","18/3/2019 20:23:30" ,2, 116);
INSERT INTO Evento(EventoID,Descricao, Data, Admissao, Quarto) VALUES (117, "Decription","3/5/1983 2:25:27" ,418, 120);
INSERT INTO Evento(EventoID,Descricao, Data, Admissao, Quarto) VALUES (118, "Decription","22/2/2012 14:0:43" ,181, 127);
INSERT INTO Evento(EventoID,Descricao, Data, Admissao, Quarto) VALUES (119, "Decription","10/11/2007 4:52:15" ,123, 136);
INSERT INTO Evento(EventoID,Descricao, Data, Admissao, Quarto) VALUES (120, "Decription","12/6/1982 13:11:12" ,146, 239);
INSERT INTO Evento(EventoID,Descricao, Data, Admissao, Quarto) VALUES (121, "Decription","23/8/1962 6:45:50" ,91, 102);
INSERT INTO Evento(EventoID,Descricao, Data, Admissao, Quarto) VALUES (122, "Decription","15/8/1993 2:54:49" ,494, 153);
INSERT INTO Evento(EventoID,Descricao, Data, Admissao, Quarto) VALUES (123, "Decription","4/10/1963 15:31:49" ,412, 173);
INSERT INTO Evento(EventoID,Descricao, Data, Admissao, Quarto) VALUES (124, "Decription","13/1/2006 20:57:50" ,389, 114);
INSERT INTO Evento(EventoID,Descricao, Data, Admissao, Quarto) VALUES (125, "Decription","20/11/1988 6:48:15" ,312, 123);
INSERT INTO Evento(EventoID,Descricao, Data, Admissao, Quarto) VALUES (126, "Decription","16/10/1969 12:31:44" ,42, 183);
INSERT INTO Evento(EventoID,Descricao, Data, Admissao, Quarto) VALUES (127, "Decription","12/11/1983 4:10:26" ,482, 104);
INSERT INTO Evento(EventoID,Descricao, Data, Admissao, Quarto) VALUES (128, "Decription","18/11/1980 15:45:6" ,175, 226);
INSERT INTO Evento(EventoID,Descricao, Data, Admissao, Quarto) VALUES (129, "Decription","18/4/1961 21:12:55" ,215, 150);
INSERT INTO Evento(EventoID,Descricao, Data, Admissao, Quarto) VALUES (130, "Decription","20/12/2010 17:27:51" ,466, 135);
INSERT INTO Evento(EventoID,Descricao, Data, Admissao, Quarto) VALUES (131, "Decription","4/9/1982 16:49:41" ,251, 187);
INSERT INTO Evento(EventoID,Descricao, Data, Admissao, Quarto) VALUES (132, "Decription","5/6/1995 14:25:58" ,16, 217);
INSERT INTO Evento(EventoID,Descricao, Data, Admissao, Quarto) VALUES (133, "Decription","10/1/1970 4:27:8" ,351, 228);
INSERT INTO Evento(EventoID,Descricao, Data, Admissao, Quarto) VALUES (134, "Decription","14/10/1965 14:58:33" ,22, 135);
INSERT INTO Evento(EventoID,Descricao, Data, Admissao, Quarto) VALUES (135, "Decription","2/3/1960 2:43:40" ,163, 103);
INSERT INTO Evento(EventoID,Descricao, Data, Admissao, Quarto) VALUES (136, "Decription","24/10/2013 1:46:29" ,156, 120);
INSERT INTO Evento(EventoID,Descricao, Data, Admissao, Quarto) VALUES (137, "Decription","5/5/2019 3:30:15" ,272, 118);
INSERT INTO Evento(EventoID,Descricao, Data, Admissao, Quarto) VALUES (138, "Decription","2/5/2001 4:5:12" ,231, 210);
INSERT INTO Evento(EventoID,Descricao, Data, Admissao, Quarto) VALUES (139, "Decription","7/7/1989 23:11:33" ,107, 169);
INSERT INTO Evento(EventoID,Descricao, Data, Admissao, Quarto) VALUES (140, "Decription","19/10/1985 15:25:20" ,45, 174);
INSERT INTO Evento(EventoID,Descricao, Data, Admissao, Quarto) VALUES (141, "Decription","15/4/2000 14:26:49" ,239, 190);
INSERT INTO Evento(EventoID,Descricao, Data, Admissao, Quarto) VALUES (142, "Decription","24/2/1997 7:56:44" ,443, 142);
INSERT INTO Evento(EventoID,Descricao, Data, Admissao, Quarto) VALUES (143, "Decription","11/12/2003 20:49:12" ,27, 215);
INSERT INTO Evento(EventoID,Descricao, Data, Admissao, Quarto) VALUES (144, "Decription","6/6/1995 22:2:6" ,267, 131);
INSERT INTO Evento(EventoID,Descricao, Data, Admissao, Quarto) VALUES (145, "Decription","21/11/2006 0:23:48" ,159, 222);
INSERT INTO Evento(EventoID,Descricao, Data, Admissao, Quarto) VALUES (146, "Decription","21/2/2010 23:42:13" ,110, 145);
INSERT INTO Evento(EventoID,Descricao, Data, Admissao, Quarto) VALUES (147, "Decription","15/4/1967 0:31:5" ,428, 155);
INSERT INTO Evento(EventoID,Descricao, Data, Admissao, Quarto) VALUES (148, "Decription","8/9/1970 7:30:1" ,261, 119);
INSERT INTO Evento(EventoID,Descricao, Data, Admissao, Quarto) VALUES (149, "Decription","25/7/1971 0:25:33" ,295, 163);
INSERT INTO Evento(EventoID,Descricao, Data, Admissao, Quarto) VALUES (150, "Decription","26/7/2018 18:53:10" ,397, 235);
INSERT INTO Evento(EventoID,Descricao, Data, Admissao, Quarto) VALUES (151, "Decription","9/3/1987 18:7:17" ,212, 218);
INSERT INTO Evento(EventoID,Descricao, Data, Admissao, Quarto) VALUES (152, "Decription","15/5/1971 1:13:38" ,382, 192);
INSERT INTO Evento(EventoID,Descricao, Data, Admissao, Quarto) VALUES (153, "Decription","24/5/1993 19:10:33" ,30, 211);
INSERT INTO Evento(EventoID,Descricao, Data, Admissao, Quarto) VALUES (154, "Decription","9/5/2015 0:40:8" ,449, 235);
INSERT INTO Evento(EventoID,Descricao, Data, Admissao, Quarto) VALUES (155, "Decription","9/2/2014 4:9:16" ,287, 118);
INSERT INTO Evento(EventoID,Descricao, Data, Admissao, Quarto) VALUES (156, "Decription","13/4/2014 22:30:41" ,222, 103);
INSERT INTO Evento(EventoID,Descricao, Data, Admissao, Quarto) VALUES (157, "Decription","16/5/2004 9:58:23" ,270, 211);
INSERT INTO Evento(EventoID,Descricao, Data, Admissao, Quarto) VALUES (158, "Decription","18/7/1986 14:8:16" ,250, 190);
INSERT INTO Evento(EventoID,Descricao, Data, Admissao, Quarto) VALUES (159, "Decription","1/3/1988 13:57:30" ,116, 174);
INSERT INTO Evento(EventoID,Descricao, Data, Admissao, Quarto) VALUES (160, "Decription","4/5/1995 0:15:57" ,87, 218);
INSERT INTO Evento(EventoID,Descricao, Data, Admissao, Quarto) VALUES (161, "Decription","2/7/1970 1:12:11" ,499, 195);
INSERT INTO Evento(EventoID,Descricao, Data, Admissao, Quarto) VALUES (162, "Decription","17/2/1962 0:2:31" ,43, 137);
INSERT INTO Evento(EventoID,Descricao, Data, Admissao, Quarto) VALUES (163, "Decription","24/8/1995 13:43:39" ,78, 206);
INSERT INTO Evento(EventoID,Descricao, Data, Admissao, Quarto) VALUES (164, "Decription","2/11/1998 0:52:58" ,292, 245);
INSERT INTO Evento(EventoID,Descricao, Data, Admissao, Quarto) VALUES (165, "Decription","13/7/1962 19:30:16" ,142, 157);
INSERT INTO Evento(EventoID,Descricao, Data, Admissao, Quarto) VALUES (166, "Decription","16/11/1964 1:16:47" ,98, 102);
INSERT INTO Evento(EventoID,Descricao, Data, Admissao, Quarto) VALUES (167, "Decription","23/3/1990 11:12:54" ,176, 166);
INSERT INTO Evento(EventoID,Descricao, Data, Admissao, Quarto) VALUES (168, "Decription","3/8/2012 9:34:55" ,161, 233);
INSERT INTO Evento(EventoID,Descricao, Data, Admissao, Quarto) VALUES (169, "Decription","5/6/1969 8:10:48" ,285, 196);
INSERT INTO Evento(EventoID,Descricao, Data, Admissao, Quarto) VALUES (170, "Decription","1/5/2017 22:45:49" ,253, 248);
INSERT INTO Evento(EventoID,Descricao, Data, Admissao, Quarto) VALUES (171, "Decription","21/8/1988 9:22:53" ,358, 229);
INSERT INTO Evento(EventoID,Descricao, Data, Admissao, Quarto) VALUES (172, "Decription","1/1/1973 23:47:0" ,260, 176);
INSERT INTO Evento(EventoID,Descricao, Data, Admissao, Quarto) VALUES (173, "Decription","11/6/1992 2:10:29" ,218, 201);
INSERT INTO Evento(EventoID,Descricao, Data, Admissao, Quarto) VALUES (174, "Decription","18/7/2018 1:27:6" ,85, 236);
INSERT INTO Evento(EventoID,Descricao, Data, Admissao, Quarto) VALUES (175, "Decription","22/1/1992 5:47:20" ,455, 178);
INSERT INTO Evento(EventoID,Descricao, Data, Admissao, Quarto) VALUES (176, "Decription","2/1/2018 3:28:25" ,197, 219);
INSERT INTO Evento(EventoID,Descricao, Data, Admissao, Quarto) VALUES (177, "Decription","16/6/2002 18:1:10" ,44, 105);
INSERT INTO Evento(EventoID,Descricao, Data, Admissao, Quarto) VALUES (178, "Decription","8/5/2000 14:11:20" ,40, 144);
INSERT INTO Evento(EventoID,Descricao, Data, Admissao, Quarto) VALUES (179, "Decription","16/11/1970 5:16:29" ,12, 109);
INSERT INTO Evento(EventoID,Descricao, Data, Admissao, Quarto) VALUES (180, "Decription","4/2/1991 16:8:10" ,85, 109);
INSERT INTO Evento(EventoID,Descricao, Data, Admissao, Quarto) VALUES (181, "Decription","25/11/1983 20:45:38" ,124, 173);
INSERT INTO Evento(EventoID,Descricao, Data, Admissao, Quarto) VALUES (182, "Decription","25/7/1986 5:19:18" ,113, 221);
INSERT INTO Evento(EventoID,Descricao, Data, Admissao, Quarto) VALUES (183, "Decription","8/8/2001 21:35:55" ,119, 144);
INSERT INTO Evento(EventoID,Descricao, Data, Admissao, Quarto) VALUES (184, "Decription","10/4/1960 12:25:51" ,399, 228);
INSERT INTO Evento(EventoID,Descricao, Data, Admissao, Quarto) VALUES (185, "Decription","7/3/1991 8:7:33" ,265, 113);
INSERT INTO Evento(EventoID,Descricao, Data, Admissao, Quarto) VALUES (186, "Decription","3/12/1976 0:42:12" ,7, 180);
INSERT INTO Evento(EventoID,Descricao, Data, Admissao, Quarto) VALUES (187, "Decription","27/1/1986 18:34:6" ,129, 106);
INSERT INTO Evento(EventoID,Descricao, Data, Admissao, Quarto) VALUES (188, "Decription","2/11/1997 18:25:38" ,499, 245);
INSERT INTO Evento(EventoID,Descricao, Data, Admissao, Quarto) VALUES (189, "Decription","2/10/1988 5:8:32" ,191, 249);
INSERT INTO Evento(EventoID,Descricao, Data, Admissao, Quarto) VALUES (190, "Decription","16/4/2016 6:12:1" ,243, 108);
INSERT INTO Evento(EventoID,Descricao, Data, Admissao, Quarto) VALUES (191, "Decription","12/7/2001 20:15:6" ,439, 129);
INSERT INTO Evento(EventoID,Descricao, Data, Admissao, Quarto) VALUES (192, "Decription","5/3/1977 22:54:48" ,491, 139);
INSERT INTO Evento(EventoID,Descricao, Data, Admissao, Quarto) VALUES (193, "Decription","5/7/1961 12:28:22" ,453, 213);
INSERT INTO Evento(EventoID,Descricao, Data, Admissao, Quarto) VALUES (194, "Decription","19/11/1999 1:49:15" ,112, 188);
INSERT INTO Evento(EventoID,Descricao, Data, Admissao, Quarto) VALUES (195, "Decription","7/1/1980 16:50:10" ,80, 220);
INSERT INTO Evento(EventoID,Descricao, Data, Admissao, Quarto) VALUES (196, "Decription","24/9/2007 16:36:57" ,151, 213);
INSERT INTO Evento(EventoID,Descricao, Data, Admissao, Quarto) VALUES (197, "Decription","8/5/1984 18:0:43" ,121, 126);
INSERT INTO Evento(EventoID,Descricao, Data, Admissao, Quarto) VALUES (198, "Decription","13/10/1976 10:13:46" ,210, 164);
INSERT INTO Evento(EventoID,Descricao, Data, Admissao, Quarto) VALUES (199, "Decription","18/6/1991 21:10:2" ,116, 225);
INSERT INTO Evento(EventoID,Descricao, Data, Admissao, Quarto) VALUES (200, "Decription","23/3/1969 2:27:29" ,204, 186);
INSERT INTO Evento(EventoID,Descricao, Data, Admissao, Quarto) VALUES (201, "Decription","28/3/1966 11:21:27" ,494, 146);
INSERT INTO Evento(EventoID,Descricao, Data, Admissao, Quarto) VALUES (202, "Decription","11/4/1976 15:0:35" ,262, 136);
INSERT INTO Evento(EventoID,Descricao, Data, Admissao, Quarto) VALUES (203, "Decription","27/2/1992 13:8:31" ,182, 244);
INSERT INTO Evento(EventoID,Descricao, Data, Admissao, Quarto) VALUES (204, "Decription","13/3/1982 17:10:51" ,374, 221);
INSERT INTO Evento(EventoID,Descricao, Data, Admissao, Quarto) VALUES (205, "Decription","16/3/1974 7:19:43" ,7, 218);
INSERT INTO Evento(EventoID,Descricao, Data, Admissao, Quarto) VALUES (206, "Decription","12/10/1979 23:43:35" ,24, 213);
INSERT INTO Evento(EventoID,Descricao, Data, Admissao, Quarto) VALUES (207, "Decription","2/6/1995 12:32:28" ,304, 223);
INSERT INTO Evento(EventoID,Descricao, Data, Admissao, Quarto) VALUES (208, "Decription","26/1/1967 20:18:0" ,498, 197);
INSERT INTO Evento(EventoID,Descricao, Data, Admissao, Quarto) VALUES (209, "Decription","26/11/1972 12:16:48" ,340, 208);
INSERT INTO Evento(EventoID,Descricao, Data, Admissao, Quarto) VALUES (210, "Decription","23/6/1980 0:18:8" ,190, 135);
INSERT INTO Evento(EventoID,Descricao, Data, Admissao, Quarto) VALUES (211, "Decription","25/12/1971 22:4:17" ,306, 106);
INSERT INTO Evento(EventoID,Descricao, Data, Admissao, Quarto) VALUES (212, "Decription","7/12/2006 6:6:57" ,324, 105);
INSERT INTO Evento(EventoID,Descricao, Data, Admissao, Quarto) VALUES (213, "Decription","23/1/1981 10:11:44" ,395, 140);
INSERT INTO Evento(EventoID,Descricao, Data, Admissao, Quarto) VALUES (214, "Decription","21/6/1972 20:8:58" ,94, 149);
INSERT INTO Evento(EventoID,Descricao, Data, Admissao, Quarto) VALUES (215, "Decription","22/3/2011 11:51:11" ,216, 228);
INSERT INTO Evento(EventoID,Descricao, Data, Admissao, Quarto) VALUES (216, "Decription","22/8/2001 18:5:22" ,385, 183);
INSERT INTO Evento(EventoID,Descricao, Data, Admissao, Quarto) VALUES (217, "Decription","26/12/2016 1:14:54" ,81, 127);
INSERT INTO Evento(EventoID,Descricao, Data, Admissao, Quarto) VALUES (218, "Decription","25/8/1983 17:37:25" ,461, 231);
INSERT INTO Evento(EventoID,Descricao, Data, Admissao, Quarto) VALUES (219, "Decription","22/7/2010 3:12:47" ,210, 147);
INSERT INTO Evento(EventoID,Descricao, Data, Admissao, Quarto) VALUES (220, "Decription","21/4/1977 7:21:31" ,371, 154);
INSERT INTO Evento(EventoID,Descricao, Data, Admissao, Quarto) VALUES (221, "Decription","13/9/1974 8:45:15" ,425, 191);
INSERT INTO Evento(EventoID,Descricao, Data, Admissao, Quarto) VALUES (222, "Decription","12/2/1994 4:50:33" ,54, 192);
INSERT INTO Evento(EventoID,Descricao, Data, Admissao, Quarto) VALUES (223, "Decription","5/10/1983 15:22:33" ,317, 170);
INSERT INTO Evento(EventoID,Descricao, Data, Admissao, Quarto) VALUES (224, "Decription","18/12/1976 23:54:16" ,31, 152);
INSERT INTO Evento(EventoID,Descricao, Data, Admissao, Quarto) VALUES (225, "Decription","10/10/1993 22:34:29" ,289, 134);
INSERT INTO Evento(EventoID,Descricao, Data, Admissao, Quarto) VALUES (226, "Decription","12/6/2006 15:50:49" ,8, 108);
INSERT INTO Evento(EventoID,Descricao, Data, Admissao, Quarto) VALUES (227, "Decription","22/5/1969 8:12:34" ,216, 130);
INSERT INTO Evento(EventoID,Descricao, Data, Admissao, Quarto) VALUES (228, "Decription","23/12/1977 6:39:31" ,409, 159);
INSERT INTO Evento(EventoID,Descricao, Data, Admissao, Quarto) VALUES (229, "Decription","18/3/1994 14:22:18" ,361, 177);
INSERT INTO Evento(EventoID,Descricao, Data, Admissao, Quarto) VALUES (230, "Decription","11/1/1976 4:12:43" ,101, 214);
INSERT INTO Evento(EventoID,Descricao, Data, Admissao, Quarto) VALUES (231, "Decription","7/10/1993 23:30:58" ,182, 218);
INSERT INTO Evento(EventoID,Descricao, Data, Admissao, Quarto) VALUES (232, "Decription","19/4/1992 12:45:22" ,167, 168);
INSERT INTO Evento(EventoID,Descricao, Data, Admissao, Quarto) VALUES (233, "Decription","28/1/2011 15:41:58" ,404, 215);
INSERT INTO Evento(EventoID,Descricao, Data, Admissao, Quarto) VALUES (234, "Decription","1/3/2012 13:14:51" ,129, 104);
INSERT INTO Evento(EventoID,Descricao, Data, Admissao, Quarto) VALUES (235, "Decription","12/7/1998 22:56:44" ,471, 196);
INSERT INTO Evento(EventoID,Descricao, Data, Admissao, Quarto) VALUES (236, "Decription","18/7/1987 3:49:55" ,435, 187);
INSERT INTO Evento(EventoID,Descricao, Data, Admissao, Quarto) VALUES (237, "Decription","3/4/1999 3:35:46" ,16, 158);
INSERT INTO Evento(EventoID,Descricao, Data, Admissao, Quarto) VALUES (238, "Decription","17/9/1967 10:27:20" ,291, 184);
INSERT INTO Evento(EventoID,Descricao, Data, Admissao, Quarto) VALUES (239, "Decription","4/3/2006 12:37:36" ,129, 124);
INSERT INTO Evento(EventoID,Descricao, Data, Admissao, Quarto) VALUES (240, "Decription","9/9/1971 7:5:15" ,365, 114);
INSERT INTO Evento(EventoID,Descricao, Data, Admissao, Quarto) VALUES (241, "Decription","25/6/1968 19:26:31" ,246, 133);
INSERT INTO Evento(EventoID,Descricao, Data, Admissao, Quarto) VALUES (242, "Decription","14/12/2015 12:28:32" ,282, 141);
INSERT INTO Evento(EventoID,Descricao, Data, Admissao, Quarto) VALUES (243, "Decription","12/10/2003 8:23:55" ,294, 219);
INSERT INTO Evento(EventoID,Descricao, Data, Admissao, Quarto) VALUES (244, "Decription","4/3/1974 6:12:32" ,252, 133);
INSERT INTO Evento(EventoID,Descricao, Data, Admissao, Quarto) VALUES (245, "Decription","19/7/1965 8:7:0" ,124, 228);
INSERT INTO Evento(EventoID,Descricao, Data, Admissao, Quarto) VALUES (246, "Decription","15/2/2009 8:23:38" ,108, 153);
INSERT INTO Evento(EventoID,Descricao, Data, Admissao, Quarto) VALUES (247, "Decription","10/6/2010 16:54:7" ,475, 216);
INSERT INTO Evento(EventoID,Descricao, Data, Admissao, Quarto) VALUES (248, "Decription","14/8/2006 6:32:39" ,86, 179);
INSERT INTO Evento(EventoID,Descricao, Data, Admissao, Quarto) VALUES (249, "Decription","22/6/1962 9:2:26" ,182, 153);
INSERT INTO Evento(EventoID,Descricao, Data, Admissao, Quarto) VALUES (250, "Decription","15/5/2014 23:11:57" ,342, 144);
INSERT INTO Evento(EventoID,Descricao, Data, Admissao, Quarto) VALUES (251, "Decription","5/2/1996 21:5:29" ,338, 206);
INSERT INTO Evento(EventoID,Descricao, Data, Admissao, Quarto) VALUES (252, "Decription","16/9/2000 4:26:56" ,432, 188);
INSERT INTO Evento(EventoID,Descricao, Data, Admissao, Quarto) VALUES (253, "Decription","27/4/1982 19:20:52" ,339, 170);
INSERT INTO Evento(EventoID,Descricao, Data, Admissao, Quarto) VALUES (254, "Decription","9/4/1969 18:54:29" ,63, 206);
INSERT INTO Evento(EventoID,Descricao, Data, Admissao, Quarto) VALUES (255, "Decription","15/12/1973 14:48:40" ,79, 179);
INSERT INTO Evento(EventoID,Descricao, Data, Admissao, Quarto) VALUES (256, "Decription","28/11/2000 0:32:1" ,476, 207);
INSERT INTO Evento(EventoID,Descricao, Data, Admissao, Quarto) VALUES (257, "Decription","19/2/1987 13:3:2" ,497, 173);
INSERT INTO Evento(EventoID,Descricao, Data, Admissao, Quarto) VALUES (258, "Decription","20/10/1996 21:50:4" ,463, 153);
INSERT INTO Evento(EventoID,Descricao, Data, Admissao, Quarto) VALUES (259, "Decription","6/2/2003 16:26:29" ,144, 131);
INSERT INTO Evento(EventoID,Descricao, Data, Admissao, Quarto) VALUES (260, "Decription","4/7/1996 3:44:45" ,34, 217);
INSERT INTO Evento(EventoID,Descricao, Data, Admissao, Quarto) VALUES (261, "Decription","2/4/1981 5:0:54" ,457, 183);
INSERT INTO Evento(EventoID,Descricao, Data, Admissao, Quarto) VALUES (262, "Decription","7/2/1979 10:28:39" ,494, 161);
INSERT INTO Evento(EventoID,Descricao, Data, Admissao, Quarto) VALUES (263, "Decription","24/8/1992 18:38:42" ,371, 174);
INSERT INTO Evento(EventoID,Descricao, Data, Admissao, Quarto) VALUES (264, "Decription","4/10/1968 16:14:40" ,368, 159);
INSERT INTO Evento(EventoID,Descricao, Data, Admissao, Quarto) VALUES (265, "Decription","4/1/1969 6:3:14" ,216, 163);
INSERT INTO Evento(EventoID,Descricao, Data, Admissao, Quarto) VALUES (266, "Decription","27/10/1998 17:42:47" ,447, 106);
INSERT INTO Evento(EventoID,Descricao, Data, Admissao, Quarto) VALUES (267, "Decription","19/1/1992 12:25:40" ,107, 159);
INSERT INTO Evento(EventoID,Descricao, Data, Admissao, Quarto) VALUES (268, "Decription","16/2/2003 10:38:42" ,243, 173);
INSERT INTO Evento(EventoID,Descricao, Data, Admissao, Quarto) VALUES (269, "Decription","22/1/1992 23:34:49" ,377, 111);
INSERT INTO Evento(EventoID,Descricao, Data, Admissao, Quarto) VALUES (270, "Decription","14/10/1978 19:17:29" ,122, 180);
INSERT INTO Evento(EventoID,Descricao, Data, Admissao, Quarto) VALUES (271, "Decription","11/4/2002 9:23:37" ,437, 191);
INSERT INTO Evento(EventoID,Descricao, Data, Admissao, Quarto) VALUES (272, "Decription","12/10/1970 8:41:37" ,400, 244);
INSERT INTO Evento(EventoID,Descricao, Data, Admissao, Quarto) VALUES (273, "Decription","8/10/2005 15:36:2" ,191, 205);
INSERT INTO Evento(EventoID,Descricao, Data, Admissao, Quarto) VALUES (274, "Decription","18/3/1978 5:12:10" ,284, 214);
INSERT INTO Evento(EventoID,Descricao, Data, Admissao, Quarto) VALUES (275, "Decription","23/9/2007 13:30:30" ,164, 156);
INSERT INTO Evento(EventoID,Descricao, Data, Admissao, Quarto) VALUES (276, "Decription","7/6/1969 12:16:11" ,348, 199);
INSERT INTO Evento(EventoID,Descricao, Data, Admissao, Quarto) VALUES (277, "Decription","10/5/1984 17:43:17" ,184, 142);
INSERT INTO Evento(EventoID,Descricao, Data, Admissao, Quarto) VALUES (278, "Decription","11/4/1960 4:58:22" ,112, 236);
INSERT INTO Evento(EventoID,Descricao, Data, Admissao, Quarto) VALUES (279, "Decription","23/5/1997 11:28:25" ,381, 237);
INSERT INTO Evento(EventoID,Descricao, Data, Admissao, Quarto) VALUES (280, "Decription","8/11/2000 9:6:34" ,305, 179);
INSERT INTO Evento(EventoID,Descricao, Data, Admissao, Quarto) VALUES (281, "Decription","28/12/1994 23:39:27" ,12, 106);
INSERT INTO Evento(EventoID,Descricao, Data, Admissao, Quarto) VALUES (282, "Decription","18/9/2013 22:4:0" ,24, 207);
INSERT INTO Evento(EventoID,Descricao, Data, Admissao, Quarto) VALUES (283, "Decription","14/6/1981 8:24:43" ,365, 178);
INSERT INTO Evento(EventoID,Descricao, Data, Admissao, Quarto) VALUES (284, "Decription","13/12/1984 19:1:39" ,61, 225);
INSERT INTO Evento(EventoID,Descricao, Data, Admissao, Quarto) VALUES (285, "Decription","20/12/2009 16:32:53" ,377, 204);
INSERT INTO Evento(EventoID,Descricao, Data, Admissao, Quarto) VALUES (286, "Decription","7/9/1994 13:34:39" ,315, 190);
INSERT INTO Evento(EventoID,Descricao, Data, Admissao, Quarto) VALUES (287, "Decription","5/11/1965 18:48:29" ,439, 118);
INSERT INTO Evento(EventoID,Descricao, Data, Admissao, Quarto) VALUES (288, "Decription","21/1/1996 18:36:50" ,409, 201);
INSERT INTO Evento(EventoID,Descricao, Data, Admissao, Quarto) VALUES (289, "Decription","3/6/1989 21:58:12" ,63, 223);
INSERT INTO Evento(EventoID,Descricao, Data, Admissao, Quarto) VALUES (290, "Decription","9/3/1974 15:27:46" ,427, 199);
INSERT INTO Evento(EventoID,Descricao, Data, Admissao, Quarto) VALUES (291, "Decription","2/7/1986 12:26:34" ,269, 191);
INSERT INTO Evento(EventoID,Descricao, Data, Admissao, Quarto) VALUES (292, "Decription","24/9/2017 7:58:32" ,326, 162);
INSERT INTO Evento(EventoID,Descricao, Data, Admissao, Quarto) VALUES (293, "Decription","26/11/1961 20:24:3" ,320, 193);
INSERT INTO Evento(EventoID,Descricao, Data, Admissao, Quarto) VALUES (294, "Decription","5/4/1989 11:28:58" ,487, 176);
INSERT INTO Evento(EventoID,Descricao, Data, Admissao, Quarto) VALUES (295, "Decription","5/9/1987 8:4:27" ,496, 145);
INSERT INTO Evento(EventoID,Descricao, Data, Admissao, Quarto) VALUES (296, "Decription","2/1/1963 15:42:39" ,348, 152);
INSERT INTO Evento(EventoID,Descricao, Data, Admissao, Quarto) VALUES (297, "Decription","15/1/1960 9:34:48" ,143, 232);
INSERT INTO Evento(EventoID,Descricao, Data, Admissao, Quarto) VALUES (298, "Decription","21/4/2006 7:20:48" ,343, 109);
INSERT INTO Evento(EventoID,Descricao, Data, Admissao, Quarto) VALUES (299, "Decription","24/11/2007 13:47:53" ,107, 158);
INSERT INTO Evento(EventoID,Descricao, Data, Admissao, Quarto) VALUES (300, "Decription","23/10/1964 23:23:5" ,44, 218);
INSERT INTO Evento(EventoID,Descricao, Data, Admissao, Quarto) VALUES (301, "Decription","19/11/1986 17:15:12" ,363, 110);
INSERT INTO Evento(EventoID,Descricao, Data, Admissao, Quarto) VALUES (302, "Decription","16/6/1965 3:24:53" ,164, 129);
INSERT INTO Evento(EventoID,Descricao, Data, Admissao, Quarto) VALUES (303, "Decription","26/1/1967 10:58:48" ,487, 205);
INSERT INTO Evento(EventoID,Descricao, Data, Admissao, Quarto) VALUES (304, "Decription","19/5/1968 7:44:24" ,118, 247);
INSERT INTO Evento(EventoID,Descricao, Data, Admissao, Quarto) VALUES (305, "Decription","8/4/1986 6:51:34" ,299, 136);
INSERT INTO Evento(EventoID,Descricao, Data, Admissao, Quarto) VALUES (306, "Decription","20/4/1988 0:42:59" ,302, 134);
INSERT INTO Evento(EventoID,Descricao, Data, Admissao, Quarto) VALUES (307, "Decription","11/8/2004 21:53:50" ,190, 140);
INSERT INTO Evento(EventoID,Descricao, Data, Admissao, Quarto) VALUES (308, "Decription","15/8/1990 8:49:55" ,333, 146);
INSERT INTO Evento(EventoID,Descricao, Data, Admissao, Quarto) VALUES (309, "Decription","15/9/1965 21:59:12" ,450, 216);
INSERT INTO Evento(EventoID,Descricao, Data, Admissao, Quarto) VALUES (310, "Decription","3/12/1990 21:55:18" ,460, 231);
INSERT INTO Evento(EventoID,Descricao, Data, Admissao, Quarto) VALUES (311, "Decription","22/1/1964 14:17:59" ,59, 176);
INSERT INTO Evento(EventoID,Descricao, Data, Admissao, Quarto) VALUES (312, "Decription","28/4/2003 23:42:38" ,123, 156);
INSERT INTO Evento(EventoID,Descricao, Data, Admissao, Quarto) VALUES (313, "Decription","7/4/1991 1:40:21" ,319, 224);
INSERT INTO Evento(EventoID,Descricao, Data, Admissao, Quarto) VALUES (314, "Decription","23/11/1986 2:36:58" ,373, 188);
INSERT INTO Evento(EventoID,Descricao, Data, Admissao, Quarto) VALUES (315, "Decription","9/9/1962 8:29:50" ,196, 140);
INSERT INTO Evento(EventoID,Descricao, Data, Admissao, Quarto) VALUES (316, "Decription","12/3/1996 15:15:20" ,349, 208);
INSERT INTO Evento(EventoID,Descricao, Data, Admissao, Quarto) VALUES (317, "Decription","19/3/1977 18:34:30" ,273, 150);
INSERT INTO Evento(EventoID,Descricao, Data, Admissao, Quarto) VALUES (318, "Decription","24/3/2016 20:59:56" ,461, 190);
INSERT INTO Evento(EventoID,Descricao, Data, Admissao, Quarto) VALUES (319, "Decription","26/11/1996 6:16:24" ,272, 135);
INSERT INTO Evento(EventoID,Descricao, Data, Admissao, Quarto) VALUES (320, "Decription","20/6/1966 4:7:21" ,286, 113);
INSERT INTO Evento(EventoID,Descricao, Data, Admissao, Quarto) VALUES (321, "Decription","28/11/1975 5:57:32" ,267, 191);
INSERT INTO Evento(EventoID,Descricao, Data, Admissao, Quarto) VALUES (322, "Decription","11/11/1994 9:50:17" ,384, 244);
INSERT INTO Evento(EventoID,Descricao, Data, Admissao, Quarto) VALUES (323, "Decription","13/12/1990 12:9:0" ,223, 236);
INSERT INTO Evento(EventoID,Descricao, Data, Admissao, Quarto) VALUES (324, "Decription","25/11/1981 3:53:14" ,36, 161);
INSERT INTO Evento(EventoID,Descricao, Data, Admissao, Quarto) VALUES (325, "Decription","18/9/1991 2:32:43" ,439, 183);
INSERT INTO Evento(EventoID,Descricao, Data, Admissao, Quarto) VALUES (326, "Decription","20/5/1966 2:13:50" ,111, 146);
INSERT INTO Evento(EventoID,Descricao, Data, Admissao, Quarto) VALUES (327, "Decription","20/10/1971 13:17:9" ,12, 140);
INSERT INTO Evento(EventoID,Descricao, Data, Admissao, Quarto) VALUES (328, "Decription","7/11/1991 21:24:1" ,326, 197);
INSERT INTO Evento(EventoID,Descricao, Data, Admissao, Quarto) VALUES (329, "Decription","12/3/2001 16:5:44" ,355, 249);
INSERT INTO Evento(EventoID,Descricao, Data, Admissao, Quarto) VALUES (330, "Decription","26/10/2010 12:28:21" ,467, 205);
INSERT INTO Evento(EventoID,Descricao, Data, Admissao, Quarto) VALUES (331, "Decription","17/9/1995 18:43:16" ,102, 159);
INSERT INTO Evento(EventoID,Descricao, Data, Admissao, Quarto) VALUES (332, "Decription","13/1/1985 18:54:28" ,62, 111);
INSERT INTO Evento(EventoID,Descricao, Data, Admissao, Quarto) VALUES (333, "Decription","9/3/1996 20:39:42" ,372, 166);
INSERT INTO Evento(EventoID,Descricao, Data, Admissao, Quarto) VALUES (334, "Decription","16/12/1994 15:43:9" ,56, 164);
INSERT INTO Evento(EventoID,Descricao, Data, Admissao, Quarto) VALUES (335, "Decription","10/3/2013 15:10:22" ,342, 181);
INSERT INTO Evento(EventoID,Descricao, Data, Admissao, Quarto) VALUES (336, "Decription","18/4/2010 1:20:27" ,92, 211);
INSERT INTO Evento(EventoID,Descricao, Data, Admissao, Quarto) VALUES (337, "Decription","4/12/1998 14:25:3" ,160, 122);
INSERT INTO Evento(EventoID,Descricao, Data, Admissao, Quarto) VALUES (338, "Decription","18/8/1976 4:30:20" ,268, 220);
INSERT INTO Evento(EventoID,Descricao, Data, Admissao, Quarto) VALUES (339, "Decription","9/4/1988 16:16:5" ,414, 158);
INSERT INTO Evento(EventoID,Descricao, Data, Admissao, Quarto) VALUES (340, "Decription","4/2/1985 3:24:51" ,173, 221);
INSERT INTO Evento(EventoID,Descricao, Data, Admissao, Quarto) VALUES (341, "Decription","12/11/1989 5:19:28" ,325, 127);
INSERT INTO Evento(EventoID,Descricao, Data, Admissao, Quarto) VALUES (342, "Decription","19/3/1960 2:9:53" ,74, 157);
INSERT INTO Evento(EventoID,Descricao, Data, Admissao, Quarto) VALUES (343, "Decription","10/3/1995 17:39:34" ,103, 162);
INSERT INTO Evento(EventoID,Descricao, Data, Admissao, Quarto) VALUES (344, "Decription","11/1/1995 7:51:13" ,149, 235);
INSERT INTO Evento(EventoID,Descricao, Data, Admissao, Quarto) VALUES (345, "Decription","28/6/1962 7:15:2" ,259, 156);
INSERT INTO Evento(EventoID,Descricao, Data, Admissao, Quarto) VALUES (346, "Decription","2/7/2014 4:35:39" ,153, 133);
INSERT INTO Evento(EventoID,Descricao, Data, Admissao, Quarto) VALUES (347, "Decription","23/11/1991 14:50:52" ,424, 106);
INSERT INTO Evento(EventoID,Descricao, Data, Admissao, Quarto) VALUES (348, "Decription","17/12/1964 18:22:53" ,317, 190);
INSERT INTO Evento(EventoID,Descricao, Data, Admissao, Quarto) VALUES (349, "Decription","10/10/2015 5:7:44" ,478, 166);
INSERT INTO Evento(EventoID,Descricao, Data, Admissao, Quarto) VALUES (350, "Decription","5/4/2005 21:50:45" ,346, 231);
INSERT INTO Evento(EventoID,Descricao, Data, Admissao, Quarto) VALUES (351, "Decription","9/5/2002 3:6:51" ,52, 231);
INSERT INTO Evento(EventoID,Descricao, Data, Admissao, Quarto) VALUES (352, "Decription","19/5/1984 7:4:40" ,121, 160);
INSERT INTO Evento(EventoID,Descricao, Data, Admissao, Quarto) VALUES (353, "Decription","26/7/1961 22:40:2" ,336, 226);
INSERT INTO Evento(EventoID,Descricao, Data, Admissao, Quarto) VALUES (354, "Decription","8/5/1980 11:27:54" ,106, 169);
INSERT INTO Evento(EventoID,Descricao, Data, Admissao, Quarto) VALUES (355, "Decription","20/10/2004 4:29:48" ,118, 224);
INSERT INTO Evento(EventoID,Descricao, Data, Admissao, Quarto) VALUES (356, "Decription","12/8/2007 0:43:41" ,190, 220);
INSERT INTO Evento(EventoID,Descricao, Data, Admissao, Quarto) VALUES (357, "Decription","4/11/1985 3:3:15" ,357, 138);
INSERT INTO Evento(EventoID,Descricao, Data, Admissao, Quarto) VALUES (358, "Decription","16/6/1969 20:52:32" ,39, 128);
INSERT INTO Evento(EventoID,Descricao, Data, Admissao, Quarto) VALUES (359, "Decription","18/12/2017 13:13:9" ,8, 140);
INSERT INTO Evento(EventoID,Descricao, Data, Admissao, Quarto) VALUES (360, "Decription","16/9/2002 8:28:36" ,474, 177);
INSERT INTO Evento(EventoID,Descricao, Data, Admissao, Quarto) VALUES (361, "Decription","4/11/1979 0:34:30" ,499, 116);
INSERT INTO Evento(EventoID,Descricao, Data, Admissao, Quarto) VALUES (362, "Decription","23/1/2015 23:18:29" ,75, 145);
INSERT INTO Evento(EventoID,Descricao, Data, Admissao, Quarto) VALUES (363, "Decription","28/6/2004 11:6:14" ,445, 211);
INSERT INTO Evento(EventoID,Descricao, Data, Admissao, Quarto) VALUES (364, "Decription","17/3/2002 18:20:53" ,378, 118);
INSERT INTO Evento(EventoID,Descricao, Data, Admissao, Quarto) VALUES (365, "Decription","27/9/1989 16:12:25" ,233, 114);
INSERT INTO Evento(EventoID,Descricao, Data, Admissao, Quarto) VALUES (366, "Decription","26/9/1996 7:34:13" ,168, 197);
INSERT INTO Evento(EventoID,Descricao, Data, Admissao, Quarto) VALUES (367, "Decription","19/10/1980 1:51:8" ,475, 127);
INSERT INTO Evento(EventoID,Descricao, Data, Admissao, Quarto) VALUES (368, "Decription","22/12/1964 6:38:28" ,228, 177);
INSERT INTO Evento(EventoID,Descricao, Data, Admissao, Quarto) VALUES (369, "Decription","28/2/1963 22:33:57" ,72, 173);
INSERT INTO Evento(EventoID,Descricao, Data, Admissao, Quarto) VALUES (370, "Decription","17/1/1970 4:9:18" ,184, 222);
INSERT INTO Evento(EventoID,Descricao, Data, Admissao, Quarto) VALUES (371, "Decription","17/4/1976 10:51:4" ,88, 199);
INSERT INTO Evento(EventoID,Descricao, Data, Admissao, Quarto) VALUES (372, "Decription","10/1/1968 22:47:38" ,318, 231);
INSERT INTO Evento(EventoID,Descricao, Data, Admissao, Quarto) VALUES (373, "Decription","12/9/2010 18:35:23" ,373, 123);
INSERT INTO Evento(EventoID,Descricao, Data, Admissao, Quarto) VALUES (374, "Decription","24/10/2016 15:44:4" ,400, 174);
INSERT INTO Evento(EventoID,Descricao, Data, Admissao, Quarto) VALUES (375, "Decription","26/11/1968 12:5:12" ,292, 144);
INSERT INTO Evento(EventoID,Descricao, Data, Admissao, Quarto) VALUES (376, "Decription","1/1/2018 10:8:30" ,115, 193);
INSERT INTO Evento(EventoID,Descricao, Data, Admissao, Quarto) VALUES (377, "Decription","20/8/1971 18:16:16" ,11, 174);
INSERT INTO Evento(EventoID,Descricao, Data, Admissao, Quarto) VALUES (378, "Decription","1/6/1988 6:18:25" ,301, 127);
INSERT INTO Evento(EventoID,Descricao, Data, Admissao, Quarto) VALUES (379, "Decription","15/9/1977 12:14:34" ,417, 202);
INSERT INTO Evento(EventoID,Descricao, Data, Admissao, Quarto) VALUES (380, "Decription","3/2/1999 21:21:8" ,490, 208);
INSERT INTO Evento(EventoID,Descricao, Data, Admissao, Quarto) VALUES (381, "Decription","21/6/1979 11:52:35" ,4, 125);
INSERT INTO Evento(EventoID,Descricao, Data, Admissao, Quarto) VALUES (382, "Decription","19/12/1997 3:9:30" ,397, 139);
INSERT INTO Evento(EventoID,Descricao, Data, Admissao, Quarto) VALUES (383, "Decription","25/9/1965 11:37:2" ,269, 119);
INSERT INTO Evento(EventoID,Descricao, Data, Admissao, Quarto) VALUES (384, "Decription","10/11/1960 1:50:59" ,407, 115);
INSERT INTO Evento(EventoID,Descricao, Data, Admissao, Quarto) VALUES (385, "Decription","20/10/2016 11:49:6" ,44, 158);
INSERT INTO Evento(EventoID,Descricao, Data, Admissao, Quarto) VALUES (386, "Decription","18/9/2019 2:46:41" ,299, 128);
INSERT INTO Evento(EventoID,Descricao, Data, Admissao, Quarto) VALUES (387, "Decription","2/6/1990 9:34:21" ,332, 151);
INSERT INTO Evento(EventoID,Descricao, Data, Admissao, Quarto) VALUES (388, "Decription","15/7/1981 14:27:41" ,48, 181);
INSERT INTO Evento(EventoID,Descricao, Data, Admissao, Quarto) VALUES (389, "Decription","12/9/1961 14:44:52" ,32, 178);
INSERT INTO Evento(EventoID,Descricao, Data, Admissao, Quarto) VALUES (390, "Decription","14/7/2005 20:3:2" ,478, 165);
INSERT INTO Evento(EventoID,Descricao, Data, Admissao, Quarto) VALUES (391, "Decription","12/10/2017 22:52:17" ,411, 137);
INSERT INTO Evento(EventoID,Descricao, Data, Admissao, Quarto) VALUES (392, "Decription","2/12/1991 4:32:5" ,264, 152);
INSERT INTO Evento(EventoID,Descricao, Data, Admissao, Quarto) VALUES (393, "Decription","17/7/1978 14:12:55" ,189, 232);
INSERT INTO Evento(EventoID,Descricao, Data, Admissao, Quarto) VALUES (394, "Decription","14/2/1986 16:54:28" ,1, 211);
INSERT INTO Evento(EventoID,Descricao, Data, Admissao, Quarto) VALUES (395, "Decription","12/12/2005 11:55:24" ,452, 246);
INSERT INTO Evento(EventoID,Descricao, Data, Admissao, Quarto) VALUES (396, "Decription","3/7/1997 10:11:34" ,165, 211);
INSERT INTO Evento(EventoID,Descricao, Data, Admissao, Quarto) VALUES (397, "Decription","26/1/1977 1:55:17" ,1, 143);
INSERT INTO Evento(EventoID,Descricao, Data, Admissao, Quarto) VALUES (398, "Decription","2/10/2009 7:34:41" ,415, 156);
INSERT INTO Evento(EventoID,Descricao, Data, Admissao, Quarto) VALUES (399, "Decription","6/9/1971 1:30:38" ,69, 130);
INSERT INTO Evento(EventoID,Descricao, Data, Admissao, Quarto) VALUES (400, "Decription","22/3/1986 9:32:29" ,95, 189);
INSERT INTO Evento(EventoID,Descricao, Data, Admissao, Quarto) VALUES (401, "Decription","6/10/1989 15:51:46" ,371, 164);
INSERT INTO Evento(EventoID,Descricao, Data, Admissao, Quarto) VALUES (402, "Decription","6/2/1987 5:9:49" ,391, 154);
INSERT INTO Evento(EventoID,Descricao, Data, Admissao, Quarto) VALUES (403, "Decription","3/8/2011 21:31:7" ,202, 245);
INSERT INTO Evento(EventoID,Descricao, Data, Admissao, Quarto) VALUES (404, "Decription","4/11/2005 13:34:7" ,64, 220);
INSERT INTO Evento(EventoID,Descricao, Data, Admissao, Quarto) VALUES (405, "Decription","5/6/2019 13:4:57" ,77, 141);
INSERT INTO Evento(EventoID,Descricao, Data, Admissao, Quarto) VALUES (406, "Decription","8/8/2008 0:46:12" ,92, 155);
INSERT INTO Evento(EventoID,Descricao, Data, Admissao, Quarto) VALUES (407, "Decription","8/8/2019 2:31:21" ,345, 186);
INSERT INTO Evento(EventoID,Descricao, Data, Admissao, Quarto) VALUES (408, "Decription","28/1/1989 19:31:46" ,379, 225);
INSERT INTO Evento(EventoID,Descricao, Data, Admissao, Quarto) VALUES (409, "Decription","26/1/1997 3:29:0" ,372, 119);
INSERT INTO Evento(EventoID,Descricao, Data, Admissao, Quarto) VALUES (410, "Decription","20/12/1995 5:14:5" ,374, 157);
INSERT INTO Evento(EventoID,Descricao, Data, Admissao, Quarto) VALUES (411, "Decription","1/10/1982 12:49:42" ,33, 106);
INSERT INTO Evento(EventoID,Descricao, Data, Admissao, Quarto) VALUES (412, "Decription","9/10/1993 2:18:21" ,42, 228);
INSERT INTO Evento(EventoID,Descricao, Data, Admissao, Quarto) VALUES (413, "Decription","8/12/1975 10:15:6" ,17, 193);
INSERT INTO Evento(EventoID,Descricao, Data, Admissao, Quarto) VALUES (414, "Decription","7/5/1997 11:19:25" ,180, 225);
INSERT INTO Evento(EventoID,Descricao, Data, Admissao, Quarto) VALUES (415, "Decription","7/2/1985 18:31:9" ,98, 230);
INSERT INTO Evento(EventoID,Descricao, Data, Admissao, Quarto) VALUES (416, "Decription","27/11/1978 15:6:11" ,472, 211);
INSERT INTO Evento(EventoID,Descricao, Data, Admissao, Quarto) VALUES (417, "Decription","7/10/1975 18:37:37" ,43, 120);
INSERT INTO Evento(EventoID,Descricao, Data, Admissao, Quarto) VALUES (418, "Decription","14/5/1967 7:28:0" ,206, 204);
INSERT INTO Evento(EventoID,Descricao, Data, Admissao, Quarto) VALUES (419, "Decription","18/3/2019 15:5:3" ,371, 197);
INSERT INTO Evento(EventoID,Descricao, Data, Admissao, Quarto) VALUES (420, "Decription","13/4/2005 6:45:28" ,409, 112);
INSERT INTO Evento(EventoID,Descricao, Data, Admissao, Quarto) VALUES (421, "Decription","11/9/1984 15:38:18" ,397, 212);
INSERT INTO Evento(EventoID,Descricao, Data, Admissao, Quarto) VALUES (422, "Decription","16/6/2014 10:36:57" ,249, 206);
INSERT INTO Evento(EventoID,Descricao, Data, Admissao, Quarto) VALUES (423, "Decription","25/9/2017 8:24:31" ,444, 169);
INSERT INTO Evento(EventoID,Descricao, Data, Admissao, Quarto) VALUES (424, "Decription","4/12/1980 20:59:36" ,90, 157);
INSERT INTO Evento(EventoID,Descricao, Data, Admissao, Quarto) VALUES (425, "Decription","5/2/1997 19:36:50" ,185, 154);
INSERT INTO Evento(EventoID,Descricao, Data, Admissao, Quarto) VALUES (426, "Decription","21/1/1984 14:10:6" ,48, 244);
INSERT INTO Evento(EventoID,Descricao, Data, Admissao, Quarto) VALUES (427, "Decription","24/6/2017 20:11:44" ,66, 234);
INSERT INTO Evento(EventoID,Descricao, Data, Admissao, Quarto) VALUES (428, "Decription","17/9/1971 16:27:22" ,432, 177);
INSERT INTO Evento(EventoID,Descricao, Data, Admissao, Quarto) VALUES (429, "Decription","22/3/1988 22:17:25" ,76, 213);
INSERT INTO Evento(EventoID,Descricao, Data, Admissao, Quarto) VALUES (430, "Decription","16/1/1990 13:48:28" ,8, 217);
INSERT INTO Evento(EventoID,Descricao, Data, Admissao, Quarto) VALUES (431, "Decription","26/7/2007 21:27:38" ,315, 147);
INSERT INTO Evento(EventoID,Descricao, Data, Admissao, Quarto) VALUES (432, "Decription","12/5/2007 2:47:23" ,9, 123);
INSERT INTO Evento(EventoID,Descricao, Data, Admissao, Quarto) VALUES (433, "Decription","10/4/1968 12:15:25" ,154, 114);
INSERT INTO Evento(EventoID,Descricao, Data, Admissao, Quarto) VALUES (434, "Decription","6/1/2005 11:55:48" ,109, 108);
INSERT INTO Evento(EventoID,Descricao, Data, Admissao, Quarto) VALUES (435, "Decription","20/1/1972 8:7:12" ,42, 212);
INSERT INTO Evento(EventoID,Descricao, Data, Admissao, Quarto) VALUES (436, "Decription","11/8/1965 14:51:39" ,216, 224);
INSERT INTO Evento(EventoID,Descricao, Data, Admissao, Quarto) VALUES (437, "Decription","13/7/1987 2:34:16" ,24, 234);
INSERT INTO Evento(EventoID,Descricao, Data, Admissao, Quarto) VALUES (438, "Decription","16/3/1986 5:29:48" ,369, 197);
INSERT INTO Evento(EventoID,Descricao, Data, Admissao, Quarto) VALUES (439, "Decription","3/5/1987 7:54:49" ,276, 214);
INSERT INTO Evento(EventoID,Descricao, Data, Admissao, Quarto) VALUES (440, "Decription","26/3/1986 2:37:34" ,73, 240);
INSERT INTO Evento(EventoID,Descricao, Data, Admissao, Quarto) VALUES (441, "Decription","23/3/1992 11:25:48" ,349, 238);
INSERT INTO Evento(EventoID,Descricao, Data, Admissao, Quarto) VALUES (442, "Decription","27/2/1978 3:0:33" ,87, 132);
INSERT INTO Evento(EventoID,Descricao, Data, Admissao, Quarto) VALUES (443, "Decription","6/12/2009 17:28:3" ,146, 169);
INSERT INTO Evento(EventoID,Descricao, Data, Admissao, Quarto) VALUES (444, "Decription","20/12/1966 12:22:36" ,280, 231);
INSERT INTO Evento(EventoID,Descricao, Data, Admissao, Quarto) VALUES (445, "Decription","10/5/2009 10:34:42" ,200, 194);
INSERT INTO Evento(EventoID,Descricao, Data, Admissao, Quarto) VALUES (446, "Decription","28/7/1999 2:28:57" ,154, 194);
INSERT INTO Evento(EventoID,Descricao, Data, Admissao, Quarto) VALUES (447, "Decription","20/12/1988 22:24:18" ,158, 125);
INSERT INTO Evento(EventoID,Descricao, Data, Admissao, Quarto) VALUES (448, "Decription","26/6/2007 23:31:50" ,217, 172);
INSERT INTO Evento(EventoID,Descricao, Data, Admissao, Quarto) VALUES (449, "Decription","4/11/1960 9:47:37" ,434, 246);
INSERT INTO Evento(EventoID,Descricao, Data, Admissao, Quarto) VALUES (450, "Decription","1/8/1971 14:58:55" ,211, 231);
INSERT INTO Evento(EventoID,Descricao, Data, Admissao, Quarto) VALUES (451, "Decription","28/6/2000 10:51:26" ,319, 221);
INSERT INTO Evento(EventoID,Descricao, Data, Admissao, Quarto) VALUES (452, "Decription","15/8/1996 22:59:43" ,226, 145);
INSERT INTO Evento(EventoID,Descricao, Data, Admissao, Quarto) VALUES (453, "Decription","23/7/2006 19:31:15" ,122, 160);
INSERT INTO Evento(EventoID,Descricao, Data, Admissao, Quarto) VALUES (454, "Decription","16/6/1973 8:6:9" ,424, 190);
INSERT INTO Evento(EventoID,Descricao, Data, Admissao, Quarto) VALUES (455, "Decription","28/1/1990 17:50:37" ,266, 231);
INSERT INTO Evento(EventoID,Descricao, Data, Admissao, Quarto) VALUES (456, "Decription","3/9/2005 1:29:41" ,144, 158);
INSERT INTO Evento(EventoID,Descricao, Data, Admissao, Quarto) VALUES (457, "Decription","27/4/1983 20:41:41" ,437, 218);
INSERT INTO Evento(EventoID,Descricao, Data, Admissao, Quarto) VALUES (458, "Decription","12/5/1997 6:19:28" ,305, 216);
INSERT INTO Evento(EventoID,Descricao, Data, Admissao, Quarto) VALUES (459, "Decription","16/7/1995 8:48:44" ,222, 227);
INSERT INTO Evento(EventoID,Descricao, Data, Admissao, Quarto) VALUES (460, "Decription","22/3/1973 17:58:42" ,445, 152);
INSERT INTO Evento(EventoID,Descricao, Data, Admissao, Quarto) VALUES (461, "Decription","20/11/2005 20:48:4" ,422, 229);
INSERT INTO Evento(EventoID,Descricao, Data, Admissao, Quarto) VALUES (462, "Decription","10/3/1993 6:29:7" ,438, 109);
INSERT INTO Evento(EventoID,Descricao, Data, Admissao, Quarto) VALUES (463, "Decription","7/4/1982 17:4:31" ,58, 191);
INSERT INTO Evento(EventoID,Descricao, Data, Admissao, Quarto) VALUES (464, "Decription","10/7/1990 8:47:18" ,225, 116);
INSERT INTO Evento(EventoID,Descricao, Data, Admissao, Quarto) VALUES (465, "Decription","20/9/2013 0:5:11" ,134, 231);
INSERT INTO Evento(EventoID,Descricao, Data, Admissao, Quarto) VALUES (466, "Decription","7/2/1974 22:35:17" ,294, 167);
INSERT INTO Evento(EventoID,Descricao, Data, Admissao, Quarto) VALUES (467, "Decription","4/12/1984 19:44:8" ,324, 249);
INSERT INTO Evento(EventoID,Descricao, Data, Admissao, Quarto) VALUES (468, "Decription","15/1/1969 4:45:6" ,367, 189);
INSERT INTO Evento(EventoID,Descricao, Data, Admissao, Quarto) VALUES (469, "Decription","8/10/1992 22:5:49" ,112, 229);
INSERT INTO Evento(EventoID,Descricao, Data, Admissao, Quarto) VALUES (470, "Decription","24/6/1974 4:26:27" ,448, 219);
INSERT INTO Evento(EventoID,Descricao, Data, Admissao, Quarto) VALUES (471, "Decription","24/10/2016 2:10:59" ,124, 174);
INSERT INTO Evento(EventoID,Descricao, Data, Admissao, Quarto) VALUES (472, "Decription","4/5/2013 2:48:4" ,57, 231);
INSERT INTO Evento(EventoID,Descricao, Data, Admissao, Quarto) VALUES (473, "Decription","14/7/2014 18:36:22" ,374, 248);
INSERT INTO Evento(EventoID,Descricao, Data, Admissao, Quarto) VALUES (474, "Decription","12/11/1987 10:0:40" ,141, 211);
INSERT INTO Evento(EventoID,Descricao, Data, Admissao, Quarto) VALUES (475, "Decription","4/10/1972 22:17:35" ,440, 226);
INSERT INTO Evento(EventoID,Descricao, Data, Admissao, Quarto) VALUES (476, "Decription","27/11/2011 16:36:19" ,404, 153);
INSERT INTO Evento(EventoID,Descricao, Data, Admissao, Quarto) VALUES (477, "Decription","1/4/2013 6:30:38" ,304, 217);
INSERT INTO Evento(EventoID,Descricao, Data, Admissao, Quarto) VALUES (478, "Decription","25/1/1993 16:31:42" ,268, 172);
INSERT INTO Evento(EventoID,Descricao, Data, Admissao, Quarto) VALUES (479, "Decription","5/10/2006 15:26:35" ,432, 136);
INSERT INTO Evento(EventoID,Descricao, Data, Admissao, Quarto) VALUES (480, "Decription","12/10/1972 23:16:22" ,258, 105);
INSERT INTO Evento(EventoID,Descricao, Data, Admissao, Quarto) VALUES (481, "Decription","8/1/1970 21:43:21" ,227, 231);
INSERT INTO Evento(EventoID,Descricao, Data, Admissao, Quarto) VALUES (482, "Decription","27/6/1978 17:15:51" ,218, 223);
INSERT INTO Evento(EventoID,Descricao, Data, Admissao, Quarto) VALUES (483, "Decription","10/10/1971 14:42:4" ,299, 137);
INSERT INTO Evento(EventoID,Descricao, Data, Admissao, Quarto) VALUES (484, "Decription","21/7/2000 4:55:39" ,43, 213);
INSERT INTO Evento(EventoID,Descricao, Data, Admissao, Quarto) VALUES (485, "Decription","15/10/1983 1:42:43" ,395, 127);
INSERT INTO Evento(EventoID,Descricao, Data, Admissao, Quarto) VALUES (486, "Decription","15/7/1994 22:46:11" ,1, 166);
INSERT INTO Evento(EventoID,Descricao, Data, Admissao, Quarto) VALUES (487, "Decription","27/9/1981 11:15:19" ,437, 225);
INSERT INTO Evento(EventoID,Descricao, Data, Admissao, Quarto) VALUES (488, "Decription","27/2/1960 23:45:5" ,156, 222);
INSERT INTO Evento(EventoID,Descricao, Data, Admissao, Quarto) VALUES (489, "Decription","11/9/2012 0:56:23" ,426, 184);
INSERT INTO Evento(EventoID,Descricao, Data, Admissao, Quarto) VALUES (490, "Decription","22/9/1989 13:56:23" ,425, 128);
INSERT INTO Evento(EventoID,Descricao, Data, Admissao, Quarto) VALUES (491, "Decription","2/12/2016 13:52:40" ,202, 210);
INSERT INTO Evento(EventoID,Descricao, Data, Admissao, Quarto) VALUES (492, "Decription","14/2/1996 17:31:56" ,32, 172);
INSERT INTO Evento(EventoID,Descricao, Data, Admissao, Quarto) VALUES (493, "Decription","18/2/1990 18:40:14" ,360, 114);
INSERT INTO Evento(EventoID,Descricao, Data, Admissao, Quarto) VALUES (494, "Decription","23/2/1971 19:16:42" ,135, 169);
INSERT INTO Evento(EventoID,Descricao, Data, Admissao, Quarto) VALUES (495, "Decription","18/10/1970 17:51:0" ,287, 229);
INSERT INTO Evento(EventoID,Descricao, Data, Admissao, Quarto) VALUES (496, "Decription","20/6/1972 19:54:52" ,11, 142);
INSERT INTO Evento(EventoID,Descricao, Data, Admissao, Quarto) VALUES (497, "Decription","15/1/1976 13:34:32" ,442, 178);
INSERT INTO Evento(EventoID,Descricao, Data, Admissao, Quarto) VALUES (498, "Decription","6/2/2010 15:5:59" ,193, 221);
INSERT INTO Evento(EventoID,Descricao, Data, Admissao, Quarto) VALUES (499, "Decription","27/11/2000 7:24:22" ,159, 171);
INSERT INTO Evento(EventoID,Descricao, Data, Admissao, Quarto) VALUES (500, "Decription","6/6/1976 17:25:39" ,174, 150);

-- Intervention